headword,sense_id,word_type,meaning,visible_meanings_for_word,meaning_linked_sentence_candidates,unassigned_word_level_sentences,possible_sentences_before_accuracy_review,minimum_shortfall_if_all_candidates_pass,accurate_sentences_confirmed
I,i-s1,Pronoun,I / Me (1st Person Singular),1,0,415,415,0,
Ilin,ilin-s1,Pronoun,We / Us [Inclusive] (1st Person Plural),2,0,33,0,2,
Ilin,ilin-s2,Pronoun,"Inclusive We: I + You (+ others). This is the communal, default ""we.""",2,0,33,0,2,
Ya,ya-s1,Pronoun,You (2nd Person Singular),2,0,69,0,2,
Ya,ya-s2,Possessive,Your (direct personal suffix -ya),2,0,69,0,2,
Yalin,yalin-s1,Pronoun,You all / You / Y’all (2nd Person Plural),1,0,2,2,0,
La,la-s1,Pronoun,He / She / They (3rd Person Singular),1,0,64,64,0,
Lalin,lalin-s1,Pronoun,They / Them (3rd Person Plural),1,0,3,3,0,
Kadron,kadron-s1,Noun,Man (masculine person),1,0,6,6,0,
Azron,azron-s1,Noun,Woman (feminine person),1,0,6,6,0,
Theon,theon-s1,Noun,Neutral person (non-binary),1,0,2,2,0,
Kadfel,kadfel-s1,Noun,Boy (young masculine person),1,2,0,2,0,
Azfel,azfel-s1,Noun,Girl (young feminine person),1,2,0,2,0,
Theefel,theefel-s1,Noun,Neutral child (non-binary child),1,2,0,2,0,
Azon,azon-s1,Noun,Feminine man,1,0,2,2,0,
Kadon,kadon-s1,Noun,Masculine woman,1,2,0,2,0,
Var,var-s1,Verb,Go / Move,2,0,189,0,2,
Var,var-s2,Preposition,To / Towards,2,0,189,0,2,
Ser,ser-s1,Noun,Friend / Ally,3,0,270,0,2,
Ser,ser-s2,Preposition,With,3,0,270,0,2,
Ser,ser-s3,Conjunction,And,3,0,270,0,2,
Thal,thal-s1,Noun,Balance / Harmony,2,0,78,0,2,
Thal,thal-s2,Preposition,From / Out of,2,1,78,1,1,
Ka,ka-s1,Preposition,Without,2,0,27,0,2,
Ka,ka-s2,Interjection,No,2,0,27,0,2,
An,an-s1,Preposition,"At, in (place)",2,0,871,0,2,
An,an-s2,Preposition,Spatial contexts (“at/in” location),2,0,871,0,2,
Nor,nor-s1,Noun,Time / Flow of Time,2,0,79,0,2,
Nor,nor-s2,Preposition,At / In (time),2,0,79,0,2,
Esh,esh-s1,Noun,Sky / Air,3,0,37,0,2,
Esh,esh-s2,Preposition,Above / Over,3,0,37,0,2,
Esh,esh-s3,Suffix,-esh (relational),3,0,37,0,2,
Morl,morl-s1,Noun,Mountain,2,0,45,0,2,
Morl,morl-s3,Preposition,"Under, beneath",2,0,45,0,2,
Terra,terra-s1,Noun,Earth / Physical ground,2,0,14,0,2,
Terra,terra-s2,Noun,The Heart of Terra / Mystical force,2,0,14,0,2,
Dren,dren-s1,Noun,Water,3,0,217,0,2,
Dren,dren-s2,Noun,Water - symbolic,3,0,217,0,2,
Dren,dren-s3,Noun,Water / River,3,0,217,0,2,
Shal,shal-s1,Noun,Light / New Beginnings / Fate,2,0,20,0,2,
Shal,shal-s2,Verb,Hope,2,0,20,0,2,
Krez,krez-s1,Noun,Fire,2,0,8,0,2,
Krez,krez-s2,Interjection,Blast! / Damn!,2,0,8,0,2,
Thar,thar-s1,Noun,Heart,2,0,14,0,2,
Thar,thar-s2,Modal,Want to,2,0,14,0,2,
Vethor,vethor-s1,Noun,Shadow / Mystery,2,0,3,0,2,
Vethor,vethor-s2,Verb,Sleep,2,0,3,0,2,
Shara,shara-s1,Noun,Path / Journey,2,0,29,0,2,
Shara,shara-s2,Verb,To follow a path / To navigate / To track,2,0,29,0,2,
Zhilva,zhilva-s1,Interjection,"General ""Hello""",1,0,1,1,1,
Amthaen,amthaen-s1,Interjection,"Friendly ""Hi""",1,0,1,1,1,
Nekvar,nekvar-s1,Interjection,"""Good morning""",1,0,1,1,1,
Kelithor,kelithor-s1,Interjection,"""Good afternoon""",1,0,1,1,1,
Tlosen,tlosen-s1,Interjection,"""Good evening""",1,0,1,1,1,
Jexhaer,jexhaer-s1,Interjection,"""Good night""",1,0,1,1,1,
Revalen,revalen-s1,Interjection,"""Farewell""",1,0,1,1,1,
Zharinor,zharinor-s1,Interjection,"""See you soon""",1,0,1,1,1,
Vrekthael,vrekthael-s1,Interjection,"Ceremonial ""Greetings""",1,0,1,1,1,
Varash,varash-s1,Noun,Future / Prophecy,1,0,2,2,0,
Rathor,rathor-s1,Noun,Old City / Ancient Place,2,0,4,0,2,
Rathor,rathor-s2,Noun,Past / History,2,0,4,0,2,
Shalor,shalor-s1,Noun,"Light (discovery, vision, hope)",3,0,20,0,2,
Shalor,shalor-s2,Noun,Light / New Beginnings / Fate,3,0,20,0,2,
Shalor,shalor-s3,Noun,Sanctuary (light-filled place),3,0,20,0,2,
Thaal,thaal-s1,Noun,The Unknown / Wonder,2,0,3,0,2,
Thaal,thaal-s2,Particle,Superlative marker: most,2,0,3,0,2,
Lian,lian-s1,Noun,Truth / Honesty,3,0,13,0,2,
Lian,lian-s2,Verb,Pray,3,0,13,0,2,
Lian,lian-s3,Modal,Can / Able to,3,0,13,0,2,
Lumor,lumor-s1,Noun,Light (enlightenment or insight),2,1,0,1,1,
Lumor,lumor-s2,Noun,Talisman,2,1,0,1,1,
Aen,aen-s1,Verb,Speak / Tell / Breathe,4,0,66,0,2,
Aen,aen-s2,Conjunction,That,4,0,66,0,2,
Aen,aen-s3,Suffix,-aen (verb-forming),4,0,66,0,2,
Aen,aen-s4,Noun,Breath of Life,4,0,66,0,2,
Varok,varok-s1,Verb,Command / Direct,1,0,1,1,1,
Arth,arth-s2,Verb,Protect / Defend,1,0,35,35,0,
Kal,kal-s1,Noun,Strength / Power,3,0,47,0,2,
Kal,kal-s2,Adjective,Strong,3,0,47,0,2,
Kal,kal-s3,Verb,To strengthen,3,0,47,0,2,
Kalor,kalor-s1,Noun,Courage / Strength of Spirit,2,0,2,0,2,
Kalor,kalor-s2,Noun,Strength (of the mind or spirit),2,0,2,0,2,
Seren,seren-s1,Noun,Guardian / Protector,2,0,47,0,2,
Seren,seren-s2,Noun,Guardian/Protector,2,0,47,0,2,
Arthen,arthen-s1,Noun,Destiny / Purpose,1,1,0,1,1,
Vaar,vaar-s1,Noun,Peace / Unity,3,0,10,0,2,
Vaar,vaar-s2,Adjective,Good,3,0,10,0,2,
Vaar,vaar-s3,Interjection,Relief / Phew,3,0,10,0,2,
Ilan,ilan-s1,Noun,Student / Follower,1,0,2,2,0,
Lorin,lorin-s1,Noun,Guide,3,0,41,0,2,
Lorin,lorin-s2,Noun,Guide / Teacher,3,0,41,0,2,
Lorin,lorin-s3,Verb,To guide,3,0,41,0,2,
Rath,rath-s1,Noun,Enemy / Foe,3,0,11,0,2,
Rath,rath-s2,Particle,Conditional “If”,3,0,11,0,2,
Rath,rath-s3,Particle,Conditional marker: if,3,0,11,0,2,
Fah,fah-s1,Noun,Darkness / Fear / Night,2,0,3,0,2,
Fah,fah-s2,Interjection,Ugh! / Bah!,2,0,3,0,2,
Thera,thera-s1,Noun,Longing / Yearning,1,0,2,2,0,
Reth,reth-s1,Noun,Confusion / Uncertainty,2,0,6,0,2,
Reth,reth-s2,Conjunction,Or,2,0,6,0,2,
Vial,vial-s1,Noun,Joy / Happiness,1,0,1,1,1,
Lorinor,lorinor-s1,Noun,Head,1,0,1,1,1,
Lorinshal,lorinshal-s1,Noun,Eye,1,0,1,1,1,
Aenor,aenor-s1,Noun,Ear,2,0,2,0,2,
Aenor,aenor-s2,Noun,Moment / Instant,2,0,2,0,2,
Aenvor,aenvor-s1,Noun,Nose,1,2,0,2,0,
Kelvor,kelvor-s1,Noun,Mouth,1,0,5,5,0,
Sorl,sorl-s1,Noun,Neck,1,2,0,2,0,
Kalvar,kalvar-s1,Noun,Arm,1,2,0,2,0,
Korin,korin-s1,Noun,Hand,1,0,14,14,0,
Sharvar,sharvar-s1,Noun,Leg,1,2,0,2,0,
Morlka,morlka-s1,Noun,Foot,1,2,0,2,0,
Dral,dral-s1,Noun,Sky / Wonder / Heavens,2,0,2,0,2,
Dral,dral-s2,Interjection,Wow! / Heavens!,2,0,2,0,2,
Tal,tal-s1,Verb,Give / Offer,2,0,56,0,2,
Tal,tal-s2,Verb,Take / Receive,2,0,56,0,2,
Morldren,morldren-s1,Noun,Waterfall (mountain + water),2,0,1,0,2,
Morldren,morldren-s2,Noun,waterfall/mountain stream,2,0,1,0,2,
Verdor,verdor-s1,Noun,forest place/realm,1,0,13,13,0,
Mahr,mahr-s1,Noun,ocean,1,0,18,18,0,
Lun,lun-s1,Noun,Lake,2,0,9,0,2,
Lun,lun-s3,Noun,Moon; Ohnosha's natural satellite or lunar body,2,0,9,0,2,
Velk,velk-s1,Noun,Ice/Frozen water,1,0,4,4,0,
Awek,awek-s2,Noun,Spring,1,0,1,1,1,
Terlin,terlin-s1,Noun,Island/beach,1,0,4,4,0,
Kaleth,kaleth-s1,Noun,Fortress / Stronghold,2,0,25,0,2,
Kaleth,kaleth-s2,Adjective,Strong / Powerful / Intense / High in magnitude or reading,2,0,25,0,2,
Varthas,varthas-s1,Noun,City / Town,1,0,24,24,0,
Lorash,lorash-s1,Noun,Temple / Shrine,1,0,17,17,0,
Krezor,krezor-s1,Noun,forge,3,0,12,0,2,
Krezor,krezor-s2,Noun,Forge / Place of Fire,3,0,12,0,2,
Krezor,krezor-s3,Noun,"Hearth, Fireplace, Forge",3,0,12,0,2,
Norvaar,norvaar-s1,Noun,Gateway (time-related portal),1,0,1,1,1,
Kinnshal,kinnshal-s1,Noun,Dawn (Light Awakens),1,0,2,2,0,
Kinnmor,kinnmor-s1,Noun,Morning (Earth Illuminated),1,0,4,4,0,
Kinnlin,kinnlin-s1,Noun,Noon (Full Light),1,0,1,1,1,
Kilvthal,kilvthal-s1,Noun,Afternoon (Balancing Light and Shadow),1,0,1,1,1,
Kilveth,kilveth-s1,Noun,Evening (Shadow's Embrace),1,0,5,5,0,
Kilvfah,kilvfah-s1,Noun,Nightfall (Full Darkness),1,0,1,1,1,
Kilvlum,kilvlum-s1,Noun,Midnight (Shadowed Reflection),1,0,1,1,1,
Belrin,belrin-s1,Noun,Woven fabric,1,0,12,12,0,
Belar,belar-s1,Noun,"A blending spice; a seasoning used primarily to unite, balance, or mellow several flavors in a dish",1,0,2,2,0,
Brosrin,brosrin-s1,Noun,Layered food,1,0,1,1,1,
Balrin,balrin-s1,Noun,Growing food,1,0,1,1,1,
Brenmor,brenmor-s1,Noun,Harvested roots,1,0,1,1,1,
Phelvin,phelvin-s1,Noun,Comforting drink,2,0,10,0,2,
Phelvin,phelvin-s2,Noun,Comfort Drink,2,0,10,0,2,
Prakorin,prakorin-s1,Noun,Tender bread,1,0,1,1,1,
Pelvar,pelvar-s1,Noun,Sharp grain,1,0,2,2,0,
Peldren,peldren-s1,Noun,Piercing water,1,0,1,1,1,
Pralmor,pralmor-s1,Noun,Detailed carving,1,0,1,1,1,
Jorlin,jorlin-s1,Noun,Bursting water,1,0,1,1,1,
Jorvak,jorvak-s1,Noun,Bursting Stew,2,0,3,0,2,
Jorvak,jorvak-s2,Noun,Bursting warmth,2,0,3,0,2,
Jekvor,jekvor-s1,Noun,"A spiraling spice; a seasoning recognizable by a curled, coiled, or twisted physical form",1,0,1,1,1,
Jelvor,jelvor-s1,Noun,"A zesty spice; a seasoning distinguished by a bright, sharp, lively flavor",1,0,1,1,1,
Jindral,jindral-s1,Noun,Rare fruit,1,0,1,1,1,
Welrim,welrim-s1,Noun,Continuous Feast,2,0,4,0,2,
Welrim,welrim-s2,Noun,Shared feast,2,0,4,0,2,
Welmor,welmor-s1,Noun,Flowing earth,1,0,1,1,1,
Weknor,weknor-s1,Noun,Cyclical time,1,0,1,1,1,
Worvenak,worvenak-s1,Noun,Abundant stew,1,0,5,5,0,
Xilvar,xilvar-s1,Noun,A hidden spice; a seasoning or blend whose composition or preparation is deliberately concealed,2,0,2,0,2,
Xilvar,xilvar-s2,Noun,Fragmented Salt,2,0,2,0,2,
Xarvel,xarvel-s1,Noun,Covered meal,2,0,1,0,2,
Xarvel,xarvel-s2,Noun,Veiled Meal,2,0,1,0,2,
Ohmbaen,ohmbaen-s1,Noun,Beloved or soulmate,1,0,2,2,0,
Tlakorin,tlakorin-s1,Noun,Confidant or trusted companion,1,0,1,1,1,
Khumlor,khumlor-s1,Noun,"Chosen family, circle of belonging",1,0,4,4,0,
Nkuvath,nkuvath-s1,Noun,Promise or bond of trust,1,0,1,1,1,
Mbalan,mbalan-s1,Noun,"Pillar of the community, a relied-upon figure",1,0,1,1,1,
Nkural,nkural-s1,Noun,Mentor or guide who nurtures growth,1,0,1,1,1,
Tlankor,tlankor-s1,Noun,Ally or supporter during challenges,1,0,1,1,1,
Tlakhura,tlakhura-s1,Noun,"A bond shared between two people, unspoken yet strong",1,0,1,1,1,
Jorkal,jorkal-s1,Noun,Charge / Attack / Assault. A command or description of a forceful offensive push.,1,0,1,1,1,
Arthlor,arthlor-s1,Noun,Defensive Formation / Shield Wall / Fortified Position. Refers to holding a defensive position or a specific coordinated defensive setup.,1,0,1,1,1,
Serenkal,serenkal-s1,Noun,"Elite Warrior / Vanguard / Shock Trooper. Refers specifically to experienced, strong front-line fighters or protectors.",1,0,1,1,1,
Belshara,belshara-s1,Noun,"Coordinated Maneuver / Formation Movement / Tactical Path. Refers to moving troops in a specific, planned way.",4,0,5,0,2,
Belshara,belshara-s2,Noun,Duty (Bound Path),4,0,5,0,2,
Belshara,belshara-s3,Modal,Necessity (Must/Have to),4,0,5,0,2,
Belshara,belshara-s4,Noun,Necessity / Obligation,4,0,5,0,2,
Rathvethor,rathvethor-s1,Noun,Hidden Enemy / Ambush / Unseen Threat. Used when scouting or warning about potential ambushes or concealed enemies.,1,0,3,3,0,
Lianaen,lianaen-s1,Verb,To Pray / Prayer / Speaking Truth (to the divine/Heart/Balance). The act of spiritual communion or supplication.,1,0,2,2,0,
Khumeth,khumeth-s1,Noun,Sacred Ritual / Ceremony / Circle Rite. Refers to a formal spiritual practice or ceremony.,1,1,1,2,0,
Talrin,talrin-s1,Noun,Offering / Spiritual Sacrifice (of self/intent/item). The act of giving something (physical or metaphorical) as part of a ritual.,1,0,1,1,1,
Rinvarash,rinvarash-s1,Noun,Prophetic Vision / Spiritual Insight / Glimpse of Essence. Refers to receiving divine guidance or seeing future possibilities through spiritual connection.,1,0,1,1,1,
Belshen,belshen-s1,Noun,Price / Binding Value / Agreed Cost. The established or negotiated value that binds a trade.,1,0,1,1,1,
Vaneshem,vaneshem-s1,Noun,Goods / Wares / Trade Items. The physical products being exchanged.,1,0,1,1,1,
Thalaneshen,thalaneshen-s1,Noun,Bargaining / Haggling / Balanced Trade Talk. The process of negotiating a fair price or exchange.,1,0,1,1,1,
Ka-Shen,ka-shen-s1,Noun,Barter / Tradegoods (non-monetary) / Without Coin. Refers to trade done through exchange of goods rather than currency.,1,0,1,1,1,
Vellian,vellian-s1,Noun,"Quality Goods / Honest Value / True Sustenance. Refers to goods considered high quality, fairly priced, or genuinely valuable.",1,0,1,1,1,
Terradren,terradren-s1,Noun,fertile soil/well-irrigated land,1,0,1,1,1,
Drenshal,drenshal-s1,Noun,reflective pool/crystal-clear spring,1,0,1,1,1,
Terraesh,terraesh-s1,Noun,horizon/place where earth meets sky,1,0,1,1,1,
Morlak,morlak-s1,Noun,Bread/Grain,1,0,16,16,0,
Velrin,velrin-s1,Noun,Meal/Food,1,0,2,2,0,
Teravin,teravin-s1,Noun,Root Vegetable,1,0,7,7,0,
Broslak,broslak-s1,Noun,Layered Bread,1,0,1,1,1,
Lorlivok,lorlivok-s1,Noun,Earthbake,1,0,2,2,0,
Phelkarin,phelkarin-s1,Noun,Comforting Porridge,1,0,1,1,1,
Felorin,felorin-s1,Noun,Berry from Coral Reefs,2,0,3,0,2,
Felorin,felorin-s2,Noun,Berry/Small Fruit,2,0,3,0,2,
Jekvin,jekvin-s1,Noun,Spiral Herb,1,0,1,1,1,
Belmor,belmor-s1,Noun,A root spice; a seasoning made from the root or rhizome of a plant,1,0,1,1,1,
Vethhar,vethhar-s1,Noun,Shadowspice,1,0,1,1,1,
Velithor,velithor-s1,Noun,Strong Ale,1,0,2,2,0,
Tenarorin,tenarorin-s1,Noun,Glow Wine,1,0,2,2,0,
Lianfel,lianfel-s1,Noun,Truth Tea,1,0,1,1,1,
Jorvilor,jorvilor-s1,Noun,Bursting Berry Drink,1,0,1,1,1,
Zhelvek,zhelvek-s1,Noun,Energy Bar,2,0,4,0,2,
Zhelvek,zhelvek-s2,Noun,Energy carrier,2,0,4,0,2,
Velmek,velmek-s1,Noun,Synthetic Protein,1,0,1,1,1,
Phelrin,phelrin-s1,Noun,Comfort Food,1,0,1,1,1,
Jorvalin,jorvalin-s1,Noun,Effervescent Beverage,1,0,1,1,1,
Drenlivar,drenlivar-s1,Noun,Salted Fish,1,0,1,1,1,
Eshtenor,eshtenor-s1,Noun,Seaweed Snack,1,0,1,1,1,
Jekvarin,jekvarin-s1,Noun,Spiral Shellfish,1,0,1,1,1,
Tharmor,tharmor-s1,Noun,Rootbread,1,0,1,1,1,
Terafennil,terafennil-s1,Noun,Herb Stew,1,0,1,1,1,
Brenvor,brenvor-s1,Noun,Harvested Nuts,1,0,1,1,1,
Welvinor,welvinor-s1,Noun,Flowing Mead,1,0,1,1,1,
Krezfel,krezfel-s1,Noun,Spiced Grain,1,0,1,1,1,
Morthas,morthas-s1,Noun,Sand-Roasted Nuts,1,0,1,1,1,
Voktarin,voktarin-s1,Noun,Preserved Dates,1,0,1,1,1,
Phelmorin,phelmorin-s1,Noun,Warm Desert Tea,1,0,1,1,1,
Velthamor,velthamor-s1,Noun,Frozen Root Mash,1,0,1,1,1,
Eshvilor,eshvilor-s1,Noun,Snowberry Wine,1,0,1,1,1,
Thalshorin,thalshorin-s1,Noun,Ice Stew,1,0,1,1,1,
Xarlorin,xarlorin-s1,Noun,Hidden Spice Tea,1,0,1,1,1,
Morvenak,morvenak-s1,Noun,Hearty Grain Porridge,1,0,1,1,1,
Kreztorin,kreztorin-s1,Noun,Smoked and Dried Meat,1,0,1,1,1,
Velkorin,velkorin-s1,Noun,Military Ration,1,0,1,1,1,
Xilbren,xilbren-s1,Noun,Fragmented Grain Cake,1,0,1,1,1,
Drenkor,drenkor-s1,Noun,Oasis Bread,1,0,1,1,1,
Vethsoril,vethsoril-s1,Noun,Shadowspice Stew,1,0,1,1,1,
Shalorin,shalorin-s1,Noun,Sweet Fig-Like Fruit,1,0,1,1,1,
Welkarin,welkarin-s1,Noun,Flowing Desert Drink,1,0,1,1,1,
Morlathor,morlathor-s1,Noun,Stone-Root Bread,1,0,1,1,1,
Velkrin,velkrin-s1,Noun,Fermented Drink,1,0,1,1,1,
Krezlorin,krezlorin-s1,Noun,Fire-Grilled Meat,1,0,1,1,1,
Pralvinor,pralvinor-s1,Noun,Delicate Mead,1,0,1,1,1,
Zhaelor,zhaelor-s1,Noun,Spring,1,0,5,5,0,
Fenrek,fenrek-s1,Noun,Summer,1,0,3,3,0,
Tharvin,tharvin-s1,Noun,Autumn,1,0,1,1,1,
Velthaen,velthaen-s1,Noun,Winter,1,0,2,2,0,
Eshthael,eshthael-s1,Noun,Breeze,1,0,2,2,0,
Shalithor,shalithor-s1,Noun,Sunlight,1,0,1,1,1,
Dralorim,dralorim-s1,Noun,Storm,1,0,6,6,0,
Velarshor,velarshor-s1,Noun,Fog,1,0,2,2,0,
Drenalor,drenalor-s1,Noun,Rain,1,0,1,1,1,
Eshvelor,eshvelor-s1,Noun,Snowfall,1,0,1,1,1,
Thalorim,thalorim-s1,Noun,Lightning,1,0,2,2,0,
Krezrek,krezrek-s1,Noun,Heatwave,1,0,4,4,0,
Drenvelesh,drenvelesh-s1,Noun,Morning Dew,1,0,1,1,1,
Eshvelaneth,eshvelaneth-s1,Noun,Hailstorm,2,0,2,0,2,
Eshvelaneth,eshvelaneth-s2,Noun,Snowstorm Guidance Ritual,2,0,2,0,2,
Ilinor,ilinor-s1,Quantifier,All / Entire / Whole,1,0,2,2,0,
Som,som-s1,Quantifier,Some / A few / Part of,1,0,2,2,0,
Melen,melen-s1,Quantifier,Many / Much / Numerous,1,0,2,2,0,
Felin,felin-s1,Quantifier,Few / Little / Small amount,1,0,3,3,0,
Ekor,ekor-s1,Quantifier,Each / Every,1,0,2,2,0,
Liana,liana-s1,Noun,Lady,1,0,1,1,1,
Lianor,lianor-s1,Noun,"Idea, Thought (Place of truth)",2,0,5,0,2,
Lianor,lianor-s2,Noun,Sir,2,0,5,0,2,
Liorin,liorin-s1,Noun,Teacher/Elder,1,0,26,26,0,
Liorinen,liorinen-s1,Noun,Honored Elder/Teacher,1,0,1,1,1,
Lorinen,lorinen-s1,Noun,Honored Guide,1,0,5,5,0,
Li-Seren,li-seren-s1,Noun,Respected Guardian,1,0,2,2,0,
Kel,kel-s1,Verb,Say / Talk (informal),4,0,19,0,2,
Kel,kel-s2,Noun,Name,4,0,19,0,2,
Kel,kel-s3,Noun,Word,4,0,19,0,2,
Kel,kel-s4,Noun,A text; a connected body of written or encoded words rather than information or data generally,4,0,19,0,2,
Min,min-s1,Verb,To go/walk/head over - casual,1,0,3,3,0,
Dro,dro-s2,Noun,Water - basic,1,0,8,8,0,
Ar,ar-s1,Particle,"Intensifier - very, intensely",1,0,1,1,1,
Fel,fel-s1,Particle,"Diminisher - slightly, a bit",1,0,4,4,0,
Lia,lia-s1,Interjection,Yes,1,0,4,4,0,
Rethlian,rethlian-s1,Modal,Possibility (May/Might),3,0,3,0,2,
Rethlian,rethlian-s2,Interjection,Maybe,3,0,3,0,2,
Rethlian,rethlian-s3,Particle,Possibility (May/Might),3,0,3,0,2,
Mmm,mmm-s1,Interjection,Considering or listening thoughtfully.,1,0,1,1,1,
Lialor,lialor-s1,Particle,“Indeed” or “Certainly.”,1,0,2,2,0,
Varthen,varthen-s1,Particle,“So” or “Thus.”,1,0,1,1,1,
Shalra,shalra-s1,Particle,“Well?” or “So then?”,1,0,2,2,0,
Lianlor,lianlor-s1,Particle,“Honestly” or “To be truthful…”,1,0,1,1,1,
Vara,vara-s1,Particle,"Then, Next, So (sequencer).",1,0,1,1,1,
Thalka,thalka-s1,Particle,"But, However, Yet, Still (contrast).",1,0,1,1,1,
Sera,sera-s1,Particle,"Also, Too, Even, As well (additive).",1,0,1,1,1,
Tek,tek-s1,Particle,"Just, Only, Merely (limiter).",1,0,1,1,1,
Elan,elan-s1,Particle,"Well... (conversational starter/filler, declarative).",1,0,2,2,0,
Rathka,rathka-s1,Particle,"As if, Supposing, Like (hypothetical).",1,0,1,1,1,
Lialor'ka,lialor'ka-s1,Particle,Really?! Truly?! Actually?! (surprise/emphasis).,1,0,1,1,1,
Reth‘thal,reth'thal-s1,Particle,"Perhaps, Possibly (stronger doubt than Rethlian).",1,0,1,1,1,
Lia‘ser,lia'ser-s1,Particle,"Right, Okay, I see, Understood (acknowledgement).",1,0,1,1,1,
Lian'lia,lian'lia-s1,Particle,Exactly! Precisely! Just so! (strong agreement).,1,0,1,1,1,
Verka,verka-s1,Particle,Not at all! Absolutely not! (emphatic negation).,1,0,1,1,1,
Thaal'ra,thaal'ra-s1,Particle,I wonder if... (speculation).,1,0,2,2,0,
Wek'aen,wek'aen-s1,Particle,"Again, As said before, To repeat (repetition).",1,0,1,1,1,
Kora,kora-s1,Particle,"Because, Since, For the reason that... (causation).",1,0,2,2,0,
Tavan,tavan-s1,Noun,Parent,1,0,5,5,0,
Felka,felka-s1,Noun,Child,1,0,47,47,0,
Zhiren,zhiren-s1,Noun,Sibling,1,0,1,1,1,
Velar,velar-s1,Noun,Elder/Grandparent,1,0,5,5,0,
Pralin,pralin-s1,Noun,Cousin,1,0,1,1,1,
Velkavor,velkavor-s1,Noun,Ancestor / Great-grandparent,1,0,1,1,1,
Belvok,belvok-s1,Noun,Family / Clan,1,0,15,15,0,
Xarvethral,xarvethral-s1,Noun,Adoptive Parent,1,0,2,2,0,
Tavojorin,tavojorin-s1,Noun,Parent-in-law,1,0,1,1,1,
Zhivorin,zhivorin-s1,Noun,Sibling-in-law,1,0,1,1,1,
Kalvok,kalvok-s1,Noun,Partner / Spouse,1,0,2,2,0,
Velpralor,velpralor-s1,Noun,Elder Partner,1,0,1,1,1,
Tavrel,tavrel-s1,Noun,Aunt/Uncle,1,0,1,1,1,
Felvin,felvin-s1,Noun,Niece/Nephew,1,0,1,1,1,
Zharin,zharin-s1,Noun,Distant Relative,1,0,1,1,1,
Velxorin,velxorin-s1,Noun,Elder Ancestor,1,0,1,1,1,
Kalvokesh,kalvokesh-s1,Noun,Spouse's Family,1,0,1,1,1,
Zhirkalor,zhirkalor-s1,Noun,Partner by Lineage,1,0,1,1,1,
Xarfelvin,xarfelvin-s1,Noun,Adoptive Niece/Nephew,1,0,1,1,1,
Belvethral,belvethral-s1,Noun,Chosen Family,1,0,1,1,1,
Velmarin,velmarin-s1,Noun,Ancient Tree (species),2,0,3,0,2,
Velmarin,velmarin-s2,Noun,Honorary Elder,2,0,3,0,2,
Pralvokesh,pralvokesh-s1,Noun,Trusted Ally or Friend,1,0,1,1,1,
Ian,ian-s1,Possessive,My / Direct Possession marker,1,0,0,0,2,
Anen,anen-s1,Possessive,Your / Direct Possession marker,1,0,0,0,2,
Eshen,eshen-s1,Possessive,His/Her/Their / Direct Possession marker,1,0,0,0,2,
Velian,velian-s1,Possessive,Our / Direct Possession marker,1,0,0,0,2,
Rathorim,rathorim-s1,Noun,Remembrance (the act).,1,0,1,1,1,
Fah'thar,fah'thar-s1,Noun,Grief (heart-darkness).,1,0,1,1,1,
Vel'rathor,vel'rathor-s1,Noun,Enduring Memory / Still Past.,1,0,1,1,1,
Rathorimaen,rathorimaen-s1,Verb,To Remember / Memorialize.,1,0,1,1,1,
Fah'tharaen,fah'tharaen-s1,Verb,To Mourn / Grieve Deeply.,1,0,1,1,1,
Ohm'rin,ohm'rin-s1,Noun,Attunement / Essence-Connection.,1,0,1,1,1,
Thal'vok,thal'vok-s1,Noun,Balanced Unity / Harmony Bond.,1,0,1,1,1,
Ohm'aen,ohm'aen-s1,Verb,To Connect With / Attune To (revisited).,1,0,1,1,1,
Thal'vokaen,thal'vokaen-s1,Verb,To Harmonize / Achieve Balanced Unity.,1,0,2,2,0,
Shal'taleth,shal'taleth-s1,Noun,Light-Offering Ritual.,1,0,2,2,0,
Bel'Rathorimeth,bel'rathorimeth-s1,Noun,Memory-Weaving Ritual.,1,0,1,1,1,
Aen'Moreth,aen'moreth-s1,Noun,Breath-into-Stone Ritual.,1,0,1,1,1,
Lorin'Ohmeth,lorin'ohmeth-s1,Noun,Guidance-Seeking Ritual.,1,0,1,1,1,
Thal'talaen,thal'talaen-s1,Verb,To sacrifice/relinquish (general verb).,1,0,1,1,1,
Thal'taleth,thal'taleth-s1,Noun,Act/Ritual of Sacrifice (general noun).,1,0,1,1,1,
Thar'taleth,thar'taleth-s1,Noun,Life/Heart Sacrifice Ritual (noun).,1,0,1,1,1,
Arthen'taleth,arthen'taleth-s1,Noun,Sacrifice for Destiny Ritual (noun).,1,0,1,1,1,
Kor'taleth,kor'taleth-s1,Noun,Offering to Power Source Ritual (noun).,1,0,1,1,1,
Talaen,talaen-s1,Verb,To give/offer (used for simpler offerings).,2,1,4,1,1,
Talaen,talaen-s2,Verb,"To Take (contextual), To Receive",2,1,4,1,1,
Fahaen,fahaen-s1,Verb,To Fear.,1,0,5,5,0,
Theraen,theraen-s1,Verb,To Long For / Yearn For.,1,0,3,3,0,
Vialaen,vialaen-s1,Verb,To Be Joyful / Rejoice.,1,0,3,3,0,
Ohmaen,ohmaen-s1,Verb,To Love / Cherish / Feel Connection / Attune To (can have spiritual nuance).,1,0,4,4,0,
Ravokhaen,ravokhaen-s1,Verb,To Desire / Want Intensely.,1,0,2,2,0,
Shalaen,shalaen-s1,Verb,To Hope / See Light Ahead.,2,0,12,0,2,
Shalaen,shalaen-s2,Verb,"To See, To perceive with light",2,0,12,0,2,
Seraen,seraen-s1,Verb,To Trust / Ally With.,1,0,2,2,0,
Nkathalaen,nkathalaen-s1,Verb,To Grieve / Be Sad.,1,0,1,1,1,
Rathaen,rathaen-s1,Verb,To Hate / Oppose Strongly / Treat as Foe.,1,0,1,1,1,
Krezaen,krezaen-s1,Verb,To Rage / Burn with Anger.,1,0,1,1,1,
Rethaen,rethaen-s1,Verb,To Worry / Be Uncertain.,1,0,1,1,1,
Vershalaen,vershalaen-s1,Verb,To Despair / Lose Hope.,1,0,1,1,1,
Thaalaen,thaalaen-s1,Verb,To Feel Awe / Wonder.,1,0,1,1,1,
Vaaranoraen,vaaranoraen-s1,Verb,To Feel Contentment / Inner Peace.,1,0,1,1,1,
Vokaen,vokaen-s1,Verb,To Betray / Break Bond.,1,0,1,1,1,
Veth'tharaen,veth'tharaen-s1,Verb,To Feel Shame / Guilt.,1,0,1,1,1,
Zhaeaen,zhaeaen-s1,Verb,To Feel Empathy / Sympathize.,1,0,2,2,0,
Vaar'kelaen,vaar'kelaen-s1,Verb,To Feel Relief.,1,0,1,1,1,
Drenvokesh,drenvokesh-s1,Noun,Water Unity Ceremony,1,0,1,1,1,
Eshlorien,eshlorien-s1,Noun,Wave Naming Ritual,1,0,1,1,1,
Terrashaneth,terrashaneth-s1,Noun,Earth Blessing Ceremony,1,0,1,1,1,
Velpralim,velpralim-s1,Noun,Wisdom Transfer Ritual,1,0,1,1,1,
Kreztharim,kreztharim-s1,Noun,Fire Heart Ritual,1,0,1,1,1,
Zhivokesh,zhivokesh-s1,Noun,Bond Renewal Ceremony,1,0,1,1,1,
Dralshaneth,dralshaneth-s1,Noun,Heaven's Blessing,1,0,1,1,1,
Zhirelorim,zhirelorim-s1,Noun,Cosmic Coming-of-Age,1,0,3,3,0,
Morlatharim,morlatharim-s1,Noun,Stone Heart Ceremony,1,0,1,1,1,
Velmarineth,velmarineth-s1,Noun,Elder's Blessing,1,0,1,1,1,
Velthaelvok,velthaelvok-s1,Noun,Winter Unity Ceremony,1,0,1,1,1,
Drenkorath,drenkorath-s1,Noun,Oasis Blessing Ceremony,2,0,2,0,2,
Drenkorath,drenkorath-s2,Noun,Sacred spring,2,0,2,0,2,
Shalorveth,shalorveth-s1,Noun,Shadowlight Ritual,1,0,1,1,1,
Velterim,velterim-s1,Noun,Desert Passage Ceremony,1,0,1,1,1,
Krezmorath,krezmorath-s1,Noun,Fire Bond Ritual,1,0,1,1,1,
Tharvelim,tharvelim-s1,Noun,Mountain Ancestor Ritual,1,0,1,1,1,
Kalorinath,kalorinath-s1,Noun,Fortress Bonding Ceremony,1,0,1,1,1,
Varkareth,varkareth-s1,Noun,"""Metal-mover"" or ""gear-grinder""; implies reliance on machines and lack of natural warmth.",1,0,1,1,1,
Drenkaesh,drenkaesh-s1,Noun,"""Water-waster""; suggests carelessness or indulgence in water abundance.",1,0,1,1,1,
Tharfah,tharfah-s1,Noun,"""Weak-hearted"" or ""soft-rooted""; dismisses their gentle, nature-centric approach as sentimental.",1,0,1,1,1,
Krez-verin,krez-verin-s1,Noun,"""Fire-nothing"" or ""ash-breather""; criticizes their environment and resource scarcity.",1,0,1,1,1,
Eshreth,eshreth-s1,Noun,"""Sky-confused""; implies a dreamy or detached nature under the icy skies.",1,0,1,1,1,
Rathorkinash,rathorkinash-s1,Noun,"""Ancient-prattler""; suggests being stuck in outdated traditions and unyielding.",1,0,1,1,1,
Vethordrenka,vethordrenka-s1,Noun,"""Shadow-water leech""; insults their reliance on hidden water resources or mysterious magic.",1,0,1,1,1,
Morl-karash,morl-karash-s1,Noun,"""Stone-brained""; criticizes rigidity and stubbornness, reflective of their mountain nature.",1,0,1,1,1,
Verin,verin-s1,Noun,Zero,1,0,1,1,1,
Unar,unar-s1,Noun,One,1,0,6,6,0,
Del,del-s1,Noun,Two,1,0,2,2,0,
Tren,tren-s1,Noun,Three,1,0,3,3,0,
Quen,quen-s1,Noun,Four,1,0,2,2,0,
Peth,peth-s1,Noun,Five,1,0,3,3,0,
Senar,senar-s1,Noun,Six,1,0,1,1,1,
Sethe,sethe-s1,Noun,Seven,1,0,1,1,1,
Oven,oven-s1,Noun,Eight,1,0,1,1,1,
Nevar,nevar-s1,Noun,Nine,1,0,1,1,1,
Tenar,tenar-s1,Number,Ten,2,0,5,0,2,
Tenar,tenar-s2,Noun,Radiance / Steady glow / Visible light,2,0,5,0,2,
Lianeth,lianeth-s1,Modal,Ability (Can/Able to),3,0,3,0,2,
Lianeth,lianeth-s2,Verb,Ability (Can/Able to),3,0,3,0,2,
Lianeth,lianeth-s3,Adjective,Reliable / Sound / Dependable / Accurate / True to function,3,0,3,0,2,
Thar-ka,thar-ka-s1,Modal,Desire (Want to),2,0,1,0,2,
Thar-ka,thar-ka-s2,Noun,Desire,2,0,1,0,2,
Inko,inko-s1,Pronoun,We two / Us two [Dual],1,0,1,1,1,
Yako,yako-s1,Pronoun,You two [Dual],1,0,1,1,1,
Lako,lako-s1,Pronoun,They two [Dual],1,0,3,3,0,
Imen,imen-s1,Pronoun,We / Us [Exclusive],1,0,1,1,1,
Nethor,nethor-s1,Noun,"Chair, Seat",1,0,8,8,0,
Zhirin,zhirin-s1,Noun,"Rope, Cord",1,0,8,8,0,
Vorkor,vorkor-s1,Noun,"Door, Gateway (mundane)",1,0,29,29,0,
Kareth,kareth-s1,Noun,"Hammer, Striking Tool",1,0,12,12,0,
Pralor,pralor-s1,Noun,"Table, Flat Surface",1,0,24,24,0,
Peleth,peleth-s1,Noun,"Knife, Blade",1,0,6,6,0,
Drenvor,drenvor-s1,Noun,"Bowl, Cup, Water-holder",1,0,20,20,0,
Nethlor,nethlor-s1,Noun,"Bed, Pallet, Resting-place",1,0,4,4,0,
Shalkor,shalkor-s1,Noun,"Lamp, Torch, Light Source",1,0,5,5,0,
Lianbelrin,lianbelrin-s1,Noun,"Book, Scroll, Woven Truth",1,0,2,2,0,
Gormeth,gormeth-s1,Adjective,"Dirty, Soiled",1,0,1,1,1,
Selineth,selineth-s1,Adjective,"Clean, Pure",1,0,2,2,0,
Maganeth,maganeth-s1,Adjective,"Heavy, Big, Imposing",1,0,6,6,0,
Feleth,feleth-s1,Adjective,"Light (weight), Small, New",1,0,1,1,1,
Woreth,woreth-s1,Adjective,"Full, Abundant",1,0,2,2,0,
Zun,zun-s1,Adjective,Empty,1,0,2,2,0,
Kaveth,kaveth-s1,Adjective,"Old, Ancient",1,0,4,4,0,
Vaareth,vaareth-s1,Adjective,"Good, Peaceful, Harmonious",1,0,6,6,0,
Joreth,joreth-s1,Adjective,"Fast, Quick, Surging",1,0,2,2,0,
Feneth,feneth-s1,Adjective,"Hot, Warm",1,0,4,4,0,
Veleth,veleth-s1,Adjective,"Cold, Cool, Slow",1,0,3,3,0,
Praketh,praketh-s1,Adjective,"Soft, Tender",1,0,2,2,0,
Moreth,moreth-s1,Adjective,"Hard, Firm, Earth-like",1,0,5,5,0,
Dreneth,dreneth-s1,Adjective,"Wet, Damp, Watery",1,0,2,2,0,
Kadreneth,kadreneth-s1,Adjective,"Dry, Waterless",1,0,7,7,0,
Belkor,belkor-s1,Noun,"Tunic, Shirt",1,0,7,7,0,
Sharbel,sharbel-s1,Noun,"Pants, Leggings",1,0,1,1,1,
Xaresh,xaresh-s1,Noun,"Cloak, Mantle",1,0,7,7,0,
Trakor,trakor-s1,Noun,"Shoes, Boots",1,0,4,4,0,
Zhirvok,zhirvok-s1,Noun,Belt,1,0,4,4,0,
Krelek,krelek-s1,Adjective,Red,1,0,2,2,0,
Lunor,lunor-s1,Adjective,Blue,1,0,1,1,1,
Verdeth,verdeth-s1,Adjective,Green,1,0,3,3,0,
Shaleth,shaleth-s1,Adjective,"Yellow, Gold, Bright",1,0,6,6,0,
Faheth,faheth-s1,Adjective,"Black, Dark",1,0,2,2,0,
Velek,velek-s1,Adjective,White,1,0,1,1,1,
Aenaen,aenaen-s1,Verb,"To Hear, To perceive sound",1,0,5,5,0,
Pralaen,pralaen-s1,Verb,"To Make, To create with care",1,0,44,44,0,
Karethaen,karethaen-s1,Verb,"To Use, To wield a tool",1,0,13,13,0,
Velaen,velaen-s1,Verb,"To Eat, To take sustenance",1,0,4,4,0,
Drenaen,drenaen-s1,Verb,"To Drink, To take liquid",1,0,5,5,0,
Nethaen,nethaen-s1,Verb,"To Sit, To be at rest",1,0,32,32,0,
Moraen,moraen-s1,Verb,"To Stand, To be grounded",1,0,5,5,0,
Vethoraen,vethoraen-s1,Verb,"To Sleep, To enter shadow",1,0,4,4,0,
Morthera,morthera-s1,Noun,Beast of Burden,1,0,5,5,0,
Vethral,vethral-s1,Noun,Pack Hunter,1,0,3,3,0,
Vershara,vershara-s1,Noun,Prey Animal (deer-like),1,0,1,1,1,
Kalrath,kalrath-s1,Noun,Apex Predator (solitary),1,0,1,1,1,
Eshlin,eshlin-s1,Noun,Common Bird,1,0,4,4,0,
Zhaelin,zhaelin-s1,Noun,Common Flower,1,0,4,4,0,
Thallian,thallian-s1,Noun,Justice (True Balance),1,0,1,1,1,
Sharaka,sharaka-s1,Noun,Freedom (Path without binding),1,0,1,1,1,
Velrathor,velrathor-s1,Noun,Memory,1,0,2,2,0,
Vethrin,vethrin-s1,Noun,Dream (Essence of shadow),1,0,1,1,1,
Kelrin,kelrin-s1,Noun,Name (Essence of what is spoken),1,0,1,1,1,
Kelka,kelka-s1,Noun,Word (Particle of speech),1,0,3,3,0,
Rathlor,rathlor-s1,Noun,Danger (A place of foes),1,0,3,3,0,
Vaarlor,vaarlor-s1,Noun,Safety (A place of peace),1,0,1,1,1,
Belthal,belthal-s1,Noun,Order (Woven Balance),1,0,2,2,0,
Rethvok,rethvok-s1,Noun,Chaos (A bond of confusion),1,0,3,3,0,
Korineth,korineth-s1,Noun,Handspan,1,0,1,1,1,
Shar,shar-s1,Noun,"Stride, Pace",1,0,1,1,1,
Kinnshara,kinnshara-s1,Noun,Day's Journey,1,0,1,1,1,
Kinn,kinn-s1,Noun,Day,1,0,1,1,1,
Lunwek,lunwek-s1,Noun,Month,1,0,1,1,1,
Tharvin-Wek,tharvin-wek-s1,Noun,Year,1,0,1,1,1,
Shen,shen-s1,Noun,Coinage / Currency,3,0,21,0,2,
Shen,shen-s2,Measure,Unit of weight / measure,3,0,21,0,2,
Shen,shen-s3,Verb,To measure / To count,3,0,21,0,2,
Morkal,morkal-s1,Noun,Stone-weight,1,0,2,2,0,
Kor,kor-s1,Noun,Source / Strength,3,0,2,0,2,
Kor,kor-s2,Measure,Unit of length / handspan measure,3,0,2,0,2,
Kor,kor-s3,Noun,Center or middle; the central position or region within a bounded whole,3,0,2,0,2,
Pral,pral-s1,Noun,Table,3,0,3,0,2,
Pral,pral-s2,Verb,Make,3,0,3,0,2,
Pral,pral-s3,Noun,Intricacy / Detail,3,0,3,0,2,
Vok,vok-s1,Noun,Unity / Bond,2,0,2,0,2,
Vok,vok-s2,Verb,Betray,2,0,2,0,2,
Eth,eth-s3,Noun,Essence / inherent quality,1,1,0,1,1,
Droshen,droshen-s1,Noun,Water ration,1,0,5,5,0,
Drokav,drokav-s1,Noun,Cistern; protected water reserve,1,0,2,2,0,
Droral,droral-s1,Noun,Water keeper; water steward,1,0,4,4,0,
Drobel,drobel-s1,Noun,Water-distribution system,1,0,5,5,0,
Awekshara,awekshara-s1,Noun,Spring-fed canal,1,0,6,6,0,
Mahrowek,mahrowek-s1,Noun,Tide,1,0,4,4,0,
Mahrkal,mahrkal-s1,Noun,Deep-water pressure,1,0,2,2,0,
Drosel,drosel-s1,Noun,Clean drinking water,1,0,4,4,0,
Mahrvek,mahrvek-s1,Noun,Boat; ship; sea vessel,1,0,17,17,0,
Lormahr,lormahr-s1,Noun,Seamanship; ocean navigation,1,0,2,2,0,
Zhelbel,zhelbel-s1,Noun,Connected energy-distribution system,1,0,6,6,0,
Belzhir,belzhir-s1,Noun,Communications network,1,0,5,5,0,
Shenlian,shenlian-s1,Noun,Standard; reference measure,1,0,2,2,0,
Belwek,belwek-s1,Noun,Ordered recurring process,1,0,5,5,0,
Mekral,mekral-s1,Noun,Keeper or repairer of constructed mechanisms,1,0,90,90,0,
Verdvin,verdvin-s1,Noun,Sap; plant extract,1,0,3,3,0,
Fennilphel,fennilphel-s1,Noun,Herbal remedy,1,0,7,7,0,
Belverd,belverd-s1,Noun,Joined or grafted living growth,1,0,2,2,0,
Arthverd,arthverd-s1,Noun,Protective living vegetation,1,0,2,2,0,
Zhaelral,zhaelral-s1,Noun,Restorative healer,1,0,88,88,0,
Velmor,velmor-s1,Noun,Frozen ground; permafrost,1,0,3,3,0,
Xarphelor,xarphelor-s1,Noun,Warmth-retaining shelter,1,0,8,8,0,
Welkrez,welkrez-s1,Noun,Shared fire; communal heat source,1,0,2,2,0,
Velalivar,velalivar-s1,Noun,Preservation through cold or dormancy,1,0,2,2,0,
Veljor,veljor-s1,Noun,Sudden freeze; cold snap,1,0,5,5,0,
Thalorimor,thalorimor-s1,Noun,Lightning-management structure,1,0,2,2,0,
Mormek,mormek-s1,Noun,Worked stone; masonry stone,1,0,9,9,0,
Dralbelaen,dralbelaen-s1,Verb,To harness storm energy,1,0,2,2,0,
Kalwek,kalwek-s1,Noun,Repeated strengthening or training cycle,1,0,3,3,0,
Arthaxar,arthaxar-s1,Noun,Armor; purpose-built protective covering,1,0,5,5,0,
Thalbel,thalbel-s1,Noun,Codified law; legal code,1,0,2,2,0,
Liankavor,liankavor-s1,Noun,Archive; records repository,1,0,9,9,0,
Kavral,kavral-s1,Noun,Keeper of preserved records or objects,1,0,17,17,0,
Kalshen,kalshen-s1,Noun,"Measured level of ability, standing, or authority",1,0,2,2,0,
Rinshen,rinshen-s1,Noun,Official identifying record,1,0,11,11,0,
Dralshara,dralshara-s1,Noun,Star route; celestial path,1,0,9,9,0,
Eshlor,eshlor-s1,Noun,Wind bearing; direction read from the air,1,0,3,3,0,
Karvek,karvek-s1,Noun,Portable toolkit,1,0,29,29,0,
Sharavok,sharavok-s1,Noun,Traveling company; caravan,1,0,35,35,0,
Vethdren,vethdren-s1,Noun,Concealed or subterranean water,1,0,2,2,0,
Dor,dor-s2,Verb,To put or place something at a location,1,0,56,56,0,
Vekaen,vekaen-s1,Verb,To carry or transport while retaining responsibility for what is moved,1,0,29,29,0,
Korinaen,korinaen-s1,Verb,To hold or maintain a grip on,1,0,12,12,0,
Aloraen,aloraen-s1,Verb,To drop release downward or let fall,1,0,3,3,0,
Kaxaraen,kaxaraen-s1,Verb,To open uncover or remove a closure so access becomes possible,1,0,7,7,0,
Xaraen,xaraen-s1,Verb,To close cover or move an opening into a shut state,1,0,8,8,0,
Jekaen,jekaen-s1,Verb,To turn rotate or change facing,1,0,7,7,0,
Sharaen,sharaen-s1,Verb,To follow a person route sequence or instruction,1,0,10,10,0,
Dar,dar-s2,Verb,To wait or pause while an event remains pending; hold on,1,0,26,26,0,
Siv,siv-s2,Verb,To try or attempt without presupposing the outcome,1,0,4,4,0,
Sivathaen,sivathaen-s1,Verb,To succeed or reach the intended outcome of an attempt,1,0,2,2,0,
Sivrethaen,sivrethaen-s1,Verb,To fail or end an attempt without its intended outcome,1,0,3,3,0,
Tharsharaen,tharsharaen-s1,Verb,To decide or choose a course by an act of will,1,0,6,6,0,
Tharshara,tharshara-s1,Noun,A choice; the course selected among alternatives,1,0,2,2,0,
Drenvaraen,drenvaraen-s1,Verb,To change alter or become meaningfully different,1,0,6,6,0,
Kes,kes-s2,Verb,To notice or register something in awareness,1,0,131,131,0,
Velzhiraen,velzhiraen-s1,Verb,To remember or retain a fact person event or intention in memory,1,0,7,7,0,
Kavelzhiraen,kavelzhiraen-s1,Verb,To forget or lose access to something previously known or intended,1,0,2,2,0,
Athnor,athnor-s1,Particle,Already; completed by the reference time,1,0,2,2,0,
Nethnor,nethnor-s1,Particle,Still; continuing to be true at the reference time,1,0,22,22,0,
Felath,felath-s1,Particle,Almost; near realization but not complete,1,0,2,2,0,
Worlian,worlian-s1,Quantifier,Enough; sufficient for the relevant need or purpose,1,0,2,2,0,
Rethshara,rethshara-s1,Particle,Instead; by a substituted course or option,1,0,2,2,0,
Servok,servok-s1,Particle,Together; in one company or coordinated action,1,0,3,3,0,
Kavok,kavok-s1,Particle,Apart; separate in place company or coordinated action,1,0,4,4,0,
Zhirkor,zhirkor-s1,Noun,A cause; the initiating condition or event that produces an effect,1,0,2,2,0,
Zhirath,zhirath-s1,Noun,A result or consequence realized by prior conditions,1,0,5,5,0,
Lianzhir,lianzhir-s1,Noun,A reason; an explanatory or justificatory connection,1,0,2,2,0,
Rethpral,rethpral-s1,Noun,A mistake; an incorrect act judgment or construction,1,0,5,5,0,
Belreth,belreth-s1,Noun,A problem; a bounded difficulty that obstructs an intended course,1,0,3,3,0,
Lianbel,lianbel-s1,Noun,A solution; an arrangement answer or action that resolves a problem,1,0,2,2,0,
Rakel,rakel-s1,Interjection,Pardon? What did you say?,1,0,2,2,0,
Serdel,serdel-s1,Preposition,Between; in the interval or relation bounded by two anchors,1,0,5,5,0,
Shalvar,shalvar-s1,Preposition,Ahead of or in front of relative to facing or motion,1,0,6,6,0,
Vethvar,vethvar-s1,Preposition,Behind or at the back of relative to facing or motion,1,0,4,4,0,
Shan,shan-s1,Verb,Passing; transfer; handoff between states,2,0,45,0,2,
Shan,shan-s2,Preposition,Through or across from one side or boundary to another,2,0,45,0,2,
Shalnor,shalnor-s1,Preposition,Before or earlier than a reference event or time,1,0,12,12,0,
Vethnor,vethnor-s1,Preposition,After or later than a reference event or time,1,0,2,2,0,
Sernor,sernor-s1,Conjunction,While; during the time that another event occurs,1,0,2,2,0,
Varnor,varnor-s1,Preposition,Until or up to a specified time or event,1,0,2,2,0,
Shem,shem-s1,Noun,"A handled scoop used to stir, lift, or serve food or liquid; spoon or ladle",1,0,3,3,0,
Krezvek,krezvek-s1,Noun,A deep heat-safe vessel used for cooking over or beside fire; cooking pot,1,0,4,4,0,
Krezpral,krezpral-s1,Noun,A shallow or flat cooking surface heated by fire; pan or griddle,1,0,3,3,0,
Emilpral,emilpral-s1,Noun,A flat object on which food is served or eaten; plate or serving tray,1,0,4,4,0,
Kavvek,kavvek-s1,Noun,"A closable vessel used to store and preserve food, liquid, or small materials; jar",1,0,15,15,0,
Eshpral,eshpral-s1,Noun,A raised flat support surface used to hold household objects; shelf,1,0,2,2,0,
Xarvek,xarvek-s1,Noun,"An enclosed household storage container; chest, cupboard, or cabinet",1,0,14,14,0,
Rask,rask-s1,Noun,Animal skin or removed raw hide before preparation as leather,1,0,5,5,0,
Mekrask,mekrask-s1,Noun,"Prepared hide made durable for clothing, straps, containers, or coverings; leather",1,0,3,3,0,
Lem,lem-s1,Noun,Fine mineral earth that becomes plastic and shapeable when wet; clay,1,0,3,3,0,
Lemath,lemath-s1,Noun,Clay transformed into a hard durable material by firing; fired clay or ceramic,1,0,2,2,0,
Selmek,selmek-s1,Noun,A hard clear manufactured material that transmits light; glass,1,0,3,3,0,
Tir,tir-s2,Noun,Copper; the reddish workable elemental metal,1,0,2,2,0,
Tirkal,tirkal-s1,Noun,Bronze; the hardened copper-based alloy used for tools vessels fittings or ornament,1,0,4,4,0,
Aiv,aiv-s1,Noun,Bodily pain or physical hurting without specifying its cause or intensity,1,0,39,39,0,
Aivaen,aivaen-s1,Verb,To ache or hurt with a dull continuing bodily pain,1,0,5,5,0,
Pelaivaen,pelaivaen-s1,Verb,"To sting; to produce or experience sudden, sharp, localized pain",1,0,2,2,0,
Rekaivaen,rekaivaen-s1,Verb,"To burn bodily; to produce or experience hot, searing, or irritating pain",1,0,2,2,0,
Teshaen,teshaen-s1,Verb,To itch; to produce or experience surface irritation that urges rubbing or scratching,1,0,2,2,0,
Rivaen,rivaen-s1,Verb,"To shiver or tremble in small involuntary motions from cold, fear, illness, or strain",1,0,2,2,0,
Jelaen,jelaen-s1,Verb,To taste; to perceive or examine flavor through the mouth,1,0,3,3,0,
Kelvorthamaen,kelvorthamaen-s1,Verb,To chew; to crush food repeatedly in the mouth before swallowing,1,0,3,3,0,
Feldrenaen,feldrenaen-s1,Verb,To drip; for liquid to fall or emerge in small separated drops,1,0,2,2,0,
Pelvokaen,pelvokaen-s1,Verb,To snap; to break suddenly with a sharp crack,1,0,4,4,0,
Selpralaen,selpralaen-s1,Verb,To polish; to rub or work a surface until it becomes smooth clean or reflective,1,0,8,8,0,
Pelvaraen,pelvaraen-s1,Verb,To scrape; to drag a hard or sharp edge across a surface to abrade it or remove material,1,0,2,2,0,
Zem,zem-s1,Noun,Wood or timber as a workable material separated conceptually from a living tree,1,0,6,6,0,
Kren,kren-s1,Noun,Metal as a general class of hard workable material without specifying a particular metal,1,0,6,6,0,
Drentalaen,drentalaen-s1,Verb,To pour; to transfer liquid deliberately in a directed stream,1,0,3,3,0,
Jekthamaen,jekthamaen-s1,Verb,To stir or mix a soft or liquid substance by repeated circular movement,1,0,3,3,0,
Drenselaen,drenselaen-s1,Verb,To wash or rinse something with liquid so grime or residue is removed,1,0,18,18,0,
Numaen,numaen-s1,Verb,"To swallow; to move food, liquid, medicine, or saliva from the mouth through the throat",1,0,4,4,0,
Nolaen,nolaen-s1,Verb,To smell; to perceive or examine a scent through the nose,1,0,2,2,0,
Tovaen,tovaen-s1,Verb,To touch or perceive through bodily contact without implying that the object is held,1,0,3,3,0,
Emilrav,emilrav-s1,Noun,Hunger; the bodily pull or need for food,1,0,2,2,0,
Drorav,drorav-s1,Noun,Thirst; the bodily pull or need for drinking water or other liquid,1,0,2,2,0,
Felkal,felkal-s1,Noun,Bodily fatigue or tiredness; a temporary state of diminished strength and need for rest,1,0,2,2,0,
Maveth,maveth-s1,Adjective,Sick or ill; affected by a disturbance of bodily health rather than a single injury,1,0,3,3,0,
Aivkor,aivkor-s1,Noun,A bounded bodily wound or injured place; localized physical damage rather than pain itself,1,0,24,24,0,
Tesh,tesh-s1,Noun,An itch or localized surface irritation that creates an urge to rub or scratch,1,0,2,2,0,
Riv,riv-s1,Noun,A shiver or small involuntary tremor of the body,1,0,3,3,0,
Num,num-s1,Noun,A swallow; one act of moving something from the mouth through the throat,1,0,2,2,0,
Nol,nol-s1,Noun,The sense or perception of smell; the capacity to perceive scent,1,0,2,2,0,
Tov,tov-s1,Noun,A touch or instance of physical contact without continued holding,1,0,2,2,0,
Mav,mav-s1,Noun,Sickness or illness as a disturbance of bodily health,1,0,6,6,0,
Norzhir,norzhir-s1,Noun,A timeline; one continuous thread of causally connected events,1,0,6,6,0,
Thalnor,thalnor-s1,Noun,Temporal stability; time proceeding in a coherent internally consistent flow,1,0,2,2,0,
Norreth,norreth-s1,Noun,Temporal instability in which the order or continuity of events is unreliable,1,0,2,2,0,
Normav,normav-s1,Noun,Timeline sickness; illness caused by damaged or conflicting temporal continuity,1,0,2,2,0,
Normaveth,normaveth-s1,Adjective,Afflicted by timeline sickness or showing its characteristic temporal symptoms,1,0,2,2,0,
Xilnor,xilnor-s1,Noun,A temporal fracture; a break in the continuity of a timeline,1,0,2,2,0,
Felnor,felnor-s1,Noun,A time skip; a missing interval that is not experienced although events continue beyond it,1,0,2,2,0,
Delnor,delnor-s1,Noun,Temporal overlap; two distinct time states occupying the same place or experience,1,0,2,2,0,
Rethweknor,rethweknor-s1,Noun,An involuntary time loop in which an interval recursively repeats without completing normally,1,0,2,2,0,
Jornor,jornor-s1,Noun,A temporal surge in which time passes abnormally fast relative to its surroundings,1,0,2,2,0,
Velnor,velnor-s1,Noun,Temporal drag in which time passes abnormally slowly relative to its surroundings,1,0,2,2,0,
Norshan,norshan-s1,Noun,Temporal displacement; movement of a person object or place away from its proper time or timeline,1,0,2,2,0,
Norshanaen,norshanaen-s1,Verb,To become temporally displaced or be shifted into another time position or timeline,1,0,2,2,0,
Thalnoraen,thalnoraen-s1,Verb,To stabilize temporal flow and restore coherent event order,1,0,2,2,0,
Vethvelrathor,vethvelrathor-s1,Noun,An Echo; a residual memory-pattern of a soul or entity that repeats without thought intention or agency,1,0,2,2,0,
Shanvelrathor,shanvelrathor-s1,Noun,An authentic memory that crossed from another timeline into the present rememberer,1,0,2,2,0,
Shanvelzhiraen,shanvelzhiraen-s1,Verb,To experience or recall an authentic memory originating in another timeline,1,0,2,2,0,
Delvelrathor,delvelrathor-s1,Noun,The simultaneous possession of two incompatible memories of the same personal event,1,0,2,2,0,
Belvelrathor,belvelrathor-s1,Noun,Memory entanglement in which memories from distinct lives or timelines become joined and difficult to separate,1,0,2,2,0,
Rathorjor,rathorjor-s1,Noun,A sudden involuntary memory intrusion or vivid burst of remembered experience,1,0,2,2,0,
Kavelrathor,kavelrathor-s1,Noun,A memory gap; a bounded part of personal experience from which memory is absent,1,0,2,2,0,
Lianreth,lianreth-s1,Noun,A reality anomaly; a condition in which ordinarily reliable physical or temporal laws become incoherent,1,0,2,2,0,
Lianrethor,lianrethor-s1,Noun,A localized anomaly zone within which reality behaves incoherently,1,0,10,10,0,
Lianrethaen,lianrethaen-s1,Verb,For reality or physical law to warp and become locally incoherent,1,0,2,2,0,
Lianthal,lianthal-s1,Noun,Reality coherence; the stable agreement of physical spatial and temporal law,1,0,2,2,0,
Lianthalaen,lianthalaen-s1,Verb,To stabilize an anomaly by restoring coherent physical spatial and temporal law,1,0,2,2,0,
Rethmor,rethmor-s1,Noun,Anomalously rearranged terrain whose shape or material relations no longer follow ordinary geography,1,0,2,2,0,
Lianrethxar,lianrethxar-s1,Noun,The perceptible boundary or enclosing edge of a localized reality anomaly,1,0,2,2,0,
Kalrav,kalrav-s1,Noun,Gravity; the physical force by which bodies and matter draw or press toward a mass or direction,1,0,3,3,0,
Kalravor,kalravor-s1,Noun,A localized gravitational pocket with a pull distinct from the surrounding area,1,0,5,5,0,
Workalrav,workalrav-s1,Noun,High gravity; gravitational pull substantially stronger than the surrounding norm,1,0,2,2,0,
Felkalrav,felkalrav-s1,Noun,Low gravity; gravitational pull substantially weaker than the surrounding norm,1,0,2,2,0,
Kakalrav,kakalrav-s1,Noun,Weightlessness caused by the local absence or cancellation of gravitational pull,1,0,2,2,0,
Jekkalrav,jekkalrav-s1,Noun,Gravitational sway; repeated or unstable changes in the direction of local gravity,1,0,2,2,0,
Kalravaen,kalravaen-s1,Verb,To exert gravitational pull or draw matter through a physical gravitational field,1,0,2,2,0,
Lianrethshen,lianrethshen-s1,Measure,An anomaly reading; a measured value describing the intensity or instability of a reality anomaly,2,0,2,0,2,
Lianrethshen,lianrethshen-s2,Noun,An anomaly reading; a measured value describing the intensity or instability of a reality anomaly,2,0,2,0,2,
Vaarshen,vaarshen-s1,Measure,A safe clearance distance established between a hazard and an unprotected person or place,2,0,2,0,2,
Vaarshen,vaarshen-s2,Noun,A safe clearance distance established between a hazard and an unprotected person or place,2,0,2,0,2,
Keldoraen,keldoraen-s1,Verb,To mark a location by deliberately placing a sign name or warning indicator there,2,0,10,0,2,
Keldoraen,keldoraen-s2,Verb,To write or inscribe visible language on a surface,2,0,10,0,2,
Kasharaen,kasharaen-s1,Verb,To avoid or route around a known person object place or hazard so it does not enter one's path,1,0,3,3,0,
Belkoraen,belkoraen-s1,Verb,To anchor a person object or place to a stable reference so displacement is resisted,1,0,2,2,0,
Balpral,balpral-s1,Noun,Agriculture or farming as the skilled practice of deliberately raising useful living growth,1,0,2,2,0,
Balral,balral-s1,Noun,Farmer or cultivator; a person responsible for raising crops,1,0,21,21,0,
Pralbal,pralbal-s1,Noun,A crop; living growth deliberately cultivated for later harvest,1,0,4,4,0,
Balpralaen,balpralaen-s1,Verb,To cultivate; to tend living growth deliberately toward a useful harvest,1,0,3,3,0,
Drobalaen,drobalaen-s1,Verb,To irrigate; to supply cultivated growth or land with deliberately directed physical water,1,0,2,2,0,
Sov,sov-s1,Noun,A bounded cultivated field or working plot of land,1,0,15,15,0,
Brossov,brossov-s1,Noun,An agricultural terrace; a cultivated plot formed as one level in a stepped slope,1,0,2,2,0,
Verdsov,verdsov-s1,Noun,"A garden; a cultivated plot primarily containing herbs, vegetables, flowers, or mixed plants",1,0,4,4,0,
Vilorsov,vilorsov-s1,Noun,An orchard or fruit grove; a cultivated plot of fruit-bearing perennial plants,1,0,2,2,0,
Kesbrenaen,kesbrenaen-s1,Verb,To forage; to search attentively for and gather naturally occurring food or useful plants,1,0,3,3,0,
Gavaen,gavaen-s1,Verb,To hunt; to track and pursue living quarry for capture or killing,1,0,2,2,0,
Gavral,gavral-s1,Noun,A hunter; a person practiced in tracking and pursuing living quarry,1,0,10,10,0,
Nesh,nesh-s1,Noun,"An aquatic creature; in ordinary unmarked use, especially a fish",1,0,13,13,0,
Neshbrenaen,neshbrenaen-s1,Verb,To fish or harvest aquatic creatures from water,1,0,2,2,0,
Neshbrenral,neshbrenral-s1,Noun,A fisher or aquatic harvester; a person whose regular work is catching aquatic creatures,1,0,6,6,0,
Xarnesh,xarnesh-s1,Noun,Shellfish; an aquatic creature distinguished by a hard protective outer covering,1,0,2,2,0,
Mahrfennil,mahrfennil-s1,Noun,Seaweed; edible or useful marine plantlike growth,1,0,2,2,0,
Zor,zor-s1,Noun,An animal or beast; the ordinary general category of animal life,1,0,8,8,0,
Belzor,belzor-s1,Noun,"Livestock; domesticated animals held under continuing human care for food, materials, labor, or transport",1,0,9,9,0,
Belzoraen,belzoraen-s1,Verb,To herd; to keep domesticated animals together and direct their movement or care,1,0,2,2,0,
Belzorral,belzorral-s1,Noun,A herder or shepherd; a person responsible for livestock,1,0,6,6,0,
Zordren,zordren-s1,Noun,Milk; nourishing liquid naturally produced by an animal,1,0,2,2,0,
Zordrenvinaen,zordrenvinaen-s1,Verb,To milk; to draw milk from an animal,1,0,2,2,0,
Felverd,felverd-s1,Noun,Moss; dense low-growing mats of very small plant growth,1,0,3,3,0,
Morlverd,morlverd-s1,Noun,"Lichen; slow surface growth characteristically attached to stone, bark, or similarly hard material",1,0,2,2,0,
Nelar,nelar-s2,Noun,"Nectar; a sweet liquid naturally produced by a plant, especially in flowers, that may be gathered as food",1,0,2,2,0,
Zornelar,zornelar-s1,Noun,Honey; nectar gathered and transformed by an animal into a dense stored sweet food,1,0,3,3,0,
Jelkor,jelkor-s1,Noun,Spice or seasoning; a concentrated source of flavor added in a relatively small amount,1,0,5,5,0,
Fennildren,fennildren-s1,Noun,Tea or herbal infusion; a drink made by steeping plant material in water,1,0,4,4,0,
Emildren,emildren-s1,Noun,A beverage; prepared liquid intended for drinking,1,0,4,4,0,
Saren,saren-s2,Noun,"Wheat; the cultivated cereal whose kernels are commonly ground into flour for bread, porridge, and other foods",1,0,5,5,0,
Fellak,fellak-s1,Noun,Flour or grain meal; grain reduced to a fine dry powder for cooking,1,0,2,2,0,
Drenfellak,drenfellak-s1,Noun,Dough; a workable mixture whose main structure comes from flour combined with water or another liquid,1,0,5,5,0,
Olan,olan-s2,Noun,"Oil; a viscous water-resistant liquid or softened fatty substance derived from plants, animals, minerals, or manufacture",1,0,2,2,0,
Emilolan,emilolan-s1,Noun,Cooking or edible oil; oil prepared and considered safe for use in food,1,0,2,2,0,
Morolan,morolan-s1,Noun,Fat; an energy-rich bodily or food substance that is normally solid or semi-solid rather than freely flowing like oil,1,0,2,2,0,
Pralfel,pralfel-s1,Noun,"An ingredient; one selected component combined with others in preparing food, drink, medicine, or another mixture",1,0,2,2,0,
Emilshara,emilshara-s1,Noun,"A recipe; repeatable instructions, sequence, and proportions for preparing food or drink",1,0,2,2,0,
Emilpralaen,emilpralaen-s1,Verb,"To cook; to deliberately transform food into an edible or desired prepared state, especially through heat",1,0,2,2,0,
Xarkrezaen,xarkrezaen-s1,Verb,To bake; to cook food through sustained dry heat retained around it in an oven or comparable enclosure,1,0,2,2,0,
Krezdrenaen,krezdrenaen-s1,Verb,"To boil; to heat a liquid until it bubbles vigorously, or to cook something in that liquid",1,0,2,2,0,
Eshkrezaen,eshkrezaen-s1,Verb,To roast; to cook an exposed solid food through sustained dry heat surrounding or radiating toward it,1,0,2,2,0,
Pelkrezaen,pelkrezaen-s1,Verb,"To grill or sear; to cook food against direct concentrated heat so its surface browns, chars, or forms a crust",1,0,2,2,0,
Olankrezaen,olankrezaen-s1,Verb,To fry; to cook food through direct contact with heated oil or fat,1,0,2,2,0,
Eshdrenaen,eshdrenaen-s1,Verb,To steam food; to cook food through contact with heated water vapor without immersing it in liquid,1,0,2,2,0,
Felthamaen,felthamaen-s1,Verb,To grind; to reduce a dry material to small particles or powder through repeated crushing or abrasion,1,0,3,3,0,
Pelaen,pelaen-s1,Verb,"To cut or slice with a sharp edge, without specifying the particular tool or shape of the resulting pieces",1,0,6,6,0,
Drenpralaen,drenpralaen-s1,Verb,"To brew; to prepare a drink by steeping, heating, fermenting, or a deliberate combination of those processes",1,0,3,3,0,
Seldrenvinaen,seldrenvinaen-s1,Verb,To distill; to purify or concentrate a liquid by vaporizing it and collecting the condensed result,1,0,2,2,0,
Balemilaen,balemilaen-s1,Verb,To ferment; to transform food or drink through controlled activity of living cultures,1,0,2,2,0,
Mura,mura-s2,Noun,Smoke; airborne gases and fine particles produced by combustion,1,0,5,5,0,
Muraen,muraen-s1,Verb,"To smoke or smoke-treat something; especially to expose food deliberately to smoke for flavor, drying, or preservation",1,0,2,2,0,
Vindrenaen,vindrenaen-s1,Verb,To dehydrate or deliberately dry something by extracting enough moisture to slow spoilage or change its use,1,0,2,2,0,
Livaraen,livaraen-s1,Verb,"To cure or preserve food through salt, drying, smoke, fermentation, or another controlled anti-decay treatment",1,0,2,2,0,
Vellivaraen,vellivaraen-s1,Verb,To preserve food or another perishable substance through freezing or sustained cold storage,1,0,2,2,0,
Zhaeleth,zhaeleth-s1,Adjective,"Fresh; recently gathered, produced, or prepared and still retaining its expected original quality",1,0,2,2,0,
Ruvan,ruvan-s1,Noun,Moral institutional or social corruption understood as living rot spreading through a community or organized system,2,0,4,0,2,
Ruvan,ruvan-s2,Noun,"Rot or organic spoilage; uncontrolled biological decay that degrades food, tissue, or other once-living material",2,0,4,0,2,
Ruvanaen,ruvanaen-s1,Verb,"To rot or spoil through uncontrolled organic decay until quality, structure, or safety is lost",1,0,2,2,0,
Ruvaneth,ruvaneth-s1,Adjective,Rotten or spoiled; substantially degraded by organic decay and no longer sound for its expected use,1,0,3,3,0,
Emilpraleth,emilpraleth-s1,Adjective,Cooked; deliberately transformed into a prepared food state by heat or an equivalent culinary process,1,0,3,3,0,
Kaemilpraleth,kaemilpraleth-s1,Adjective,"Raw or uncooked; not yet transformed by cooking, without implying that the food is unsafe or unfinished",1,0,2,2,0,
Talemilaen,talemilaen-s1,Verb,"To feed; to give or provide food to another person, animal, or living being",1,0,2,2,0,
Gav,gav-s1,Noun,A hunt; the purposeful pursuit of living quarry,1,0,2,2,0,
Belxar,belxar-s1,Noun,"Clothing or a garment; an object deliberately worn on the body for coverage, protection, work, identity, or custom",1,0,6,6,0,
Belxaraen,belxaraen-s1,Verb,To wear clothing or another garment as an ongoing bodily covering,1,0,12,12,0,
Velbelxar,velbelxar-s1,Noun,A heavy coat; a substantial sleeved outer garment made to retain warmth and resist severe weather,1,0,5,5,0,
Eshtrakor,eshtrakor-s1,Noun,A sandal; open or highly ventilated footwear that protects the sole while leaving much of the foot exposed,1,0,2,2,0,
Velpraltrakor,velpraltrakor-s1,Noun,A snowshoe; broad foot-worn frame or platform that spreads weight and limits sinking into snow,1,0,2,2,0,
Pelveltrakor,pelveltrakor-s1,Noun,An ice skate; foot-worn runner or blade made for controlled gliding across ice,1,0,2,2,0,
Lorinorxar,lorinorxar-s1,Noun,"A head covering, including a wrapped cloth, cap, hat, or other covering whose primary function is worn coverage of the head",1,0,2,2,0,
Rema,rema-s1,Noun,The face; the visible front of the head containing the principal social and sensory features,1,0,4,4,0,
Remaxar,remaxar-s1,Noun,"A face covering or mask worn over the mouth, nose, or broader face for protection, concealment, custom, or work",1,0,3,3,0,
Zhirbel,zhirbel-s1,Noun,A strap; a flexible narrow band used to secure carry suspend or fasten something,1,0,3,3,0,
Welzhirbel,welzhirbel-s1,Noun,A harness; a coordinated set of worn straps used to carry restrain secure or transmit pulling force,1,0,4,4,0,
Belmek,belmek-s1,Noun,"A reusable mechanical fastener, including a buckle or clasp, that joins or adjusts straps or garment parts",1,0,4,4,0,
Belmekaen,belmekaen-s1,Verb,To fasten or secure something with a clasp buckle or comparable reusable mechanism,1,0,2,2,0,
Kabelmekaen,kabelmekaen-s1,Verb,To unfasten or release a clasp buckle or comparable reusable mechanism,1,0,2,2,0,
Korinxar,korinxar-s1,Noun,"A glove or mitten; a hand covering worn for warmth, safety, cleanliness, or work",1,0,2,2,0,
Lorinshalxar,lorinshalxar-s1,Noun,"Goggles; close-fitting eye protection against glare, dust, wind, water, cold, or debris",1,0,2,2,0,
Remashalxar,remashalxar-s1,Noun,A visor; a worn eye or face shield that filters light blocks hazards or carries visible information,1,0,2,2,0,
Rinbelxar,rinbelxar-s1,Noun,"A uniform; standardized clothing that visibly marks an occupation, rank, institution, team, or assigned duty",1,0,2,2,0,
Felzhir,felzhir-s1,Noun,"A fiber; a fine natural or manufactured strand used alone or combined in textiles, cordage, padding, or composites",1,0,3,3,0,
Sura,sura-s2,Noun,Fur; dense animal hair as a natural body covering or as a material used for warmth padding trim or craft,1,0,2,2,0,
Belsura,belsura-s1,Noun,Wool; spinnable insulating animal fiber prepared for thread felt padding or woven cloth,1,0,2,2,0,
Verdselzhir,verdselzhir-s1,Noun,"Linen; lightweight, smooth plant-fiber thread or cloth made for cool, breathable garments and household textiles",1,0,2,2,0,
Selzhir,selzhir-s1,Noun,"Silk; fine, smooth, strong natural filament, and by extension the cloth woven from that filament",1,0,2,2,0,
Kalbelrin,kalbelrin-s1,Noun,"Canvas; heavy, tightly woven, durable cloth used for tents, sails, bags, coverings, and workwear",1,0,2,2,0,
Olanbelrin,olanbelrin-s1,Noun,Oilskin; woven fabric deliberately treated with oil to resist water and weather,1,0,3,3,0,
Drenartheth,drenartheth-s1,Adjective,Waterproof; made to resist penetration by water under the conditions for which the object was designed,1,0,2,2,0,
Shanartheth,shanartheth-s1,Adjective,"Insulated; made to resist unwanted transfer of heat, cold, sound, electricity, or magical energy",1,0,2,2,0,
Zhelshaneth,zhelshaneth-s1,Adjective,Electrically or energetically conductive; able to carry electrical or magical charge through a material,1,0,3,3,0,
Kalmorl,kalmorl-s1,Noun,"Granite; hard, visibly crystalline building stone valued for strength, weight, and durability",1,0,2,2,0,
Krezmorl,krezmorl-s1,Noun,Basalt; dense dark volcanic stone formed from cooled molten rock,1,0,2,2,0,
Brosmorl,brosmorl-s1,Noun,Slate; fine-layered stone that naturally splits into durable flat sheets,1,0,4,4,0,
Sadar,sadar-s2,Noun,Sand; loose mineral grains produced by weathering and moved by wind or water,1,0,3,3,0,
Sadarmorl,sadarmorl-s1,Noun,"Sandstone; consolidated sand-grained stone used in buildings, carving, and paving",1,0,2,2,0,
Eran,eran-s2,Noun,"Iron; the strong workable elemental metal used widely in tools, structures, weapons, and machinery",1,0,3,3,0,
Osar,osar-s2,Noun,"Bone; rigid skeletal tissue and the material taken from it for tools, fasteners, ornament, or craft",1,0,2,2,0,
Dresh,dresh-s2,Noun,"Crystal; an ordered mineral solid, often faceted or translucent, used naturally, magically, structurally, or technologically",1,0,5,5,0,
Neshmorl,neshmorl-s1,Noun,A reef-forming colonial aquatic organism together with the hard mineral structure or craft material it produces; coral,1,0,3,3,0,
Zorxar,zorxar-s1,Noun,"A shell; the hard protective outer covering made by an animal, and the material taken from that covering",1,0,2,2,0,
Kavolan,kavolan-s1,Noun,"Wax; a moldable, water-resistant organic or manufactured substance used for seals, coatings, polish, preservation, and wick-fed light",1,0,2,2,0,
Verdbel,verdbel-s1,Noun,"Resin; sticky plant-derived material that can harden and is used as adhesive, sealant, incense, coating, or finish",1,0,3,3,0,
Hir,hir-s1,Noun,"Color or hue; the visible chromatic quality of a surface, light, or substance",1,0,2,2,0,
Hirmor,hirmor-s1,Noun,Pigment or dye material; a substance used to impart color to another material,1,0,2,2,0,
Hiraen,hiraen-s1,Verb,"To dye or color; to impart a color to cloth, leather, hair, a surface, or another material",1,0,3,3,0,
Belkren,belkren-s1,Noun,An alloy; a deliberately combined metallic material whose properties differ from those of its component metals,1,0,3,3,0,
Karmek,karmek-s1,Noun,A tool; a portable implement deliberately used to perform practical work,1,0,2,2,0,
Kalmek,kalmek-s1,Noun,A machine; a constructed system whose connected parts transmit or transform force energy motion or information,1,0,13,13,0,
Felmek,felmek-s1,Noun,A component; one constructed part intended to function within a larger machine device or assembly,1,0,3,3,0,
Zhaelpralaen,zhaelpralaen-s1,Verb,To repair; to restore a damaged object or system to usable working condition,1,0,24,24,0,
Thamvek,thamvek-s1,Noun,A mortar; a strong bowl-shaped working vessel in which substances are crushed or ground,1,0,3,3,0,
Thamkar,thamkar-s1,Noun,A pestle; a handheld striking or pressing tool used to crush or grind material in a mortar,1,0,2,2,0,
Zhirpel,zhirpel-s1,Noun,A needle; a thin pointed implement used for sewing piercing or comparable fine work,1,0,2,2,0,
Pelkorin,pelkorin-s1,Noun,An awl; a handheld pointed tool for piercing holes in hide cloth wood or another workable material,1,0,2,2,0,
Delpel,delpel-s1,Noun,Shears or scissors; a paired-blade hand tool whose edges close across material to cut it,1,0,2,2,0,
Delkorin,delkorin-s1,Noun,Tongs; a paired gripping tool used to hold lift or turn hot dangerous or difficult objects,1,0,2,2,0,
Pelkar,pelkar-s1,Noun,A chisel; a hard-edged tool driven or pressed to cut groove or shape stone wood ice or metal,1,0,2,2,0,
Drenkavvek,drenkavvek-s1,Noun,A bottle or flask; a portable narrow-opening liquid vessel that can be closed for carrying or storage,1,0,2,2,0,
Krezdrenvek,krezdrenvek-s1,Noun,A kettle; a closable or covered vessel designed to heat and pour water or another drink,1,0,2,2,0,
Rinpel,rinpel-s1,Noun,A seal or stamp; an identifying or authorizing impression or the handheld implement that produces it,1,0,2,2,0,
Kelpel,kelpel-s1,Noun,A stylus; a narrow handheld instrument used to write mark draw or operate a responsive surface,1,0,2,2,0,
Kelpral,kelpral-s1,Noun,A writing slate or tablet; a reusable flat object used to hold written calculated drawn or displayed information,1,0,5,5,0,
Shenzhir,shenzhir-s1,Noun,A ruler or measuring rod; a straight calibrated tool used to measure length or test alignment,1,0,2,2,0,
Lormek,lormek-s1,Noun,A compass; an instrument that indicates direction independently of a visible destination,1,0,3,3,0,
Sharashen,sharashen-s1,Noun,A map; a deliberate spatial representation of places boundaries paths and their relations,1,0,3,3,0,
Normek,normek-s1,Noun,A clock or timepiece; an instrument that measures and displays a current time or passing duration,1,0,2,2,0,
Belpralmek,belpralmek-s1,Noun,A loom; a frame or machine that holds and interlaces threads to produce woven material,1,0,3,3,0,
Jekzhirvek,jekzhirvek-s1,Noun,A spool or reel; a holder around which thread wire cord or another flexible line is wound,1,0,2,2,0,
Shenmek,shenmek-s1,Noun,A gauge or meter; an instrument that measures and displays the state or quantity of a system,1,0,8,8,0,
Kesmek,kesmek-s1,Noun,A sensor; a device that detects a physical environmental energetic or magical condition,1,0,7,7,0,
Shenlianaen,shenlianaen-s1,Verb,To calibrate; to adjust an instrument against a trusted standard so its readings are reliable,1,0,2,2,0,
Kormek,kormek-s1,Noun,An engine or motor; the core machine that converts supplied or stored energy into sustained mechanical motion,1,0,3,3,0,
Zhelkor,zhelkor-s1,Noun,A generator; a machine or system whose primary function is producing usable energy or charge,1,0,2,2,0,
Zhelkav,zhelkav-s1,Noun,A battery or power cell; a bounded device that stores energy for later release,1,0,4,4,0,
Shanmek,shanmek-s1,Noun,A pipe or conduit; an enclosed constructed channel that carries liquid gas energy or protected lines,1,0,4,4,0,
Krenzhir,krenzhir-s1,Noun,Wire or conductive cable; a flexible metallic line alone or bundled used to carry force charge or signal,1,0,3,3,0,
Selshan,selshan-s1,Noun,A filter; a material or device that permits selected passage while removing or blocking unwanted matter,1,0,2,2,0,
Selshanaen,selshanaen-s1,Verb,To filter; to pass matter through a selective barrier so unwanted material is removed,1,0,2,2,0,
Ravshan,ravshan-s1,Noun,A pump; a device that draws drives or pressurizes liquid or gas through a controlled passage,1,0,2,2,0,
Belshan,belshan-s1,Noun,A valve; an adjustable closure that controls passage through a pipe channel or vessel,1,0,2,2,0,
Wekmek,wekmek-s1,Noun,A wheel; a circular rotating component used to support movement or transmit mechanical force,1,0,3,3,0,
Korwek,korwek-s1,Noun,An axle; a central shaft on or with which a wheel or rotating part turns,1,0,2,2,0,
Jekmek,jekmek-s1,Noun,A gear or cog; a shaped rotating component that transfers motion or force by engaging another part,1,0,2,2,0,
Ravkar,ravkar-s1,Noun,A lever; a rigid bar used around a support point to redirect or multiply applied force,1,0,2,2,0,
Wekrav,wekrav-s1,Noun,A pulley; a grooved rotating component that guides a flexible line to redirect pulling force,1,0,2,2,0,
Jekkal,jekkal-s1,Noun,A mechanical spring; a resilient component that stores force through bending compression extension or coiling and releases it by returning toward its prior form,1,0,2,2,0,
Varvek,varvek-s1,Noun,A vehicle; a constructed carrier used to transport people or goods from place to place,1,0,7,7,0,
Felvek,felvek-s1,Noun,A cart; a small wheeled carrier moved by a person animal or light machine,1,0,3,3,0,
Morvek,morvek-s1,Noun,A wagon; a substantial wheeled land vehicle primarily used to carry cargo,1,0,7,7,0,
Pralvek,pralvek-s1,Noun,A sled; a runner-supported vehicle drawn or pushed across snow ice sand or another yielding surface,1,0,2,2,0,
Kormekvek,kormekvek-s1,Noun,A motor vehicle; an engine-driven land vehicle including an ordinary car field car or jeep,1,0,12,12,0,
Delkormek,delkormek-s1,Noun,A motorcycle or motorbike; a two-wheeled powered vehicle ridden astride,1,0,4,4,0,
Delwek,delwek-s1,Noun,A bicycle; a two-wheeled vehicle propelled primarily by its rider,1,0,3,3,0,
Zhirvek,zhirvek-s1,Noun,A railcar; one vehicle constructed to travel on a fixed rail,1,0,2,2,0,
Belzhirvek,belzhirvek-s1,Noun,A train; an ordered set of one or more linked rail vehicles operating as a unit,1,0,6,6,0,
Zhirshara,zhirshara-s1,Noun,A railway or rail track; a fixed guided-line route made for rail vehicles,1,0,5,5,0,
Shalilvek,shalilvek-s1,Noun,A glider; a vehicle or board that travels through sustained low-resistance movement in air water sand or a guided energy current,1,0,4,4,0,
Eshvek,eshvek-s1,Noun,An aircraft; any constructed vehicle whose defining travel occurs through the air,1,0,4,4,0,
Mahrxarvek,mahrxarvek-s1,Noun,A submersible; an enclosed vehicle made to travel beneath the surface of a large body of water,1,0,2,2,0,
Krenzhirvek,krenzhirvek-s1,Noun,A cable car or aerial tram; a passenger or cargo vehicle pulled along or suspended from a fixed cable,1,0,2,2,0,
Mahrpral,mahrpral-s1,Noun,A raft; a flat buoyant watercraft without an enclosed hull,1,0,2,2,0,
Vekvaraen,vekvaraen-s1,Verb,To ride; to travel supported and carried by an animal or vehicle without supplying its primary motive force,1,0,5,5,0,
Kormekaen,kormekaen-s1,Verb,To drive or operate a powered vehicle or machine through control of its engine or motor,1,0,3,3,0,
Lorvekaen,lorvekaen-s1,Verb,To steer; to control the direction of a vehicle vessel or mount,1,0,4,4,0,
Mahrvaraen,mahrvaraen-s1,Verb,To sail; to travel over water in a vessel by wind current or controlled propulsion,1,0,2,2,0,
Eshvaraen,eshvaraen-s1,Verb,To fly; to move or travel through the air under lift power or natural ability,1,0,3,3,0,
Anvekaen,anvekaen-s1,Verb,To board; to enter or mount a vehicle vessel or transport animal for travel,2,0,9,0,2,
Anvekaen,anvekaen-s2,Verb,To load cargo; to put goods or material aboard or into transport in preparation for travel,2,0,9,0,2,
Thalvekaen,thalvekaen-s1,Verb,To disembark; to leave or come out of a vehicle vessel or transport animal after travel,2,0,5,0,2,
Thalvekaen,thalvekaen-s2,Verb,To unload cargo; to remove goods or material from transport after travel,2,0,5,0,2,
Weksharaen,weksharaen-s1,Verb,To commute; to travel repeatedly along a regular route between recurring destinations,1,0,3,3,0,
Dorvekaen,dorvekaen-s1,Verb,To park or berth; to place and leave a vehicle or vessel in an intended stopping position,1,0,4,4,0,
Jorvar,jorvar-s1,Measure,Speed; the rate at which a person creature object or vehicle moves through distance,2,0,2,0,2,
Jorvar,jorvar-s2,Noun,Speed; the rate at which a person creature object or vehicle moves through distance,2,0,2,0,2,
Jorvaraen,jorvaraen-s1,Verb,To accelerate; to increase the speed of movement or travel,1,0,2,2,0,
Velvaraen,velvaraen-s1,Verb,To slow or decelerate; to reduce the speed of movement or travel,1,0,3,3,0,
Belvekaen,belvekaen-s1,Verb,To brake; to apply controlled resistance that slows or stops a vehicle or moving mechanism,1,0,2,2,0,
Ravvekaen,ravvekaen-s1,Verb,To tow; to pull a vehicle vessel or transport load behind another source of movement,1,0,4,4,0,
Felshara,felshara-s1,Noun,A lane; one narrow designated path within a larger route or movement system,1,0,3,3,0,
Vekmor,vekmor-s1,Noun,Cargo; goods or material carried as a transport load,1,0,10,10,0,
Vekin,vekin-s1,Noun,A passenger or rider; a person being transported who is not operating the conveyance,1,0,7,7,0,
Lorvekral,lorvekral-s1,Noun,A driver or transport operator; a person responsible for controlling and directing a vehicle or conveyance,1,0,19,19,0,
Eshlorral,eshlorral-s1,Noun,A pilot; a person trained to control an aircraft or another specialized vehicle navigated through three-dimensional space,1,0,2,2,0,
Welvek,welvek-s1,Noun,Traffic; the collective movement and interaction of vehicles and transported travelers through shared routes,1,0,3,3,0,
Mekor,mekor-s1,Noun,Building; a deliberately constructed structure intended for use or occupancy,1,0,13,13,0,
Ndara,ndara-s1,Noun,Wall; an upright structural surface that encloses divides or supports built space,1,0,5,5,0,
Eshxar,eshxar-s1,Noun,Roof; the exterior upper covering of a building,1,0,3,3,0,
Morlpral,morlpral-s1,Noun,Floor; the lower surface upon which people or objects stand inside a structure,1,0,2,2,0,
Aneshxar,aneshxar-s1,Noun,Ceiling; the interior upper surface of a room,1,0,2,2,0,
Shalshan,shalshan-s1,Noun,Window; an opening that admits light or permits sight through a wall,1,0,3,3,0,
Xarzhir,xarzhir-s1,Noun,Screen or lattice; a patterned covering that filters light sight air or passage,1,0,2,2,0,
Kormor,kormor-s1,Noun,Foundation; the load-bearing base upon which a structure rests,1,0,2,2,0,
Mbalanmor,mbalanmor-s1,Noun,Structural pillar or column; an upright physical support that bears architectural weight,1,0,2,2,0,
Ndavior,ndavior-s1,Noun,Storey or building level; one horizontally usable tier at a particular height,1,0,2,2,0,
Xaror,xaror-s1,Noun,Room or chamber; a bounded interior space within a structure,1,0,8,8,0,
Worxaror,worxaror-s1,Noun,Hall; a large interior room intended for gathering passage or shared activity,1,0,4,4,0,
Xarwelor,xarwelor-s1,Noun,Courtyard; an open shared space enclosed by buildings or walls,1,0,2,2,0,
Welpralor,welpralor-s1,Noun,Plaza or public square; a prepared open civic surface for gathering exchange or ceremony,1,0,15,15,0,
Mekeshpral,mekeshpral-s1,Noun,Balcony; a constructed raised platform projecting from or attached to a building,1,0,3,3,0,
Velkelor,velkelor-s1,Noun,Library; a place organized for keeping consulting and sharing books or other readable works,1,0,8,8,0,
Shenpralor,shenpralor-s1,Noun,Laboratory; a controlled place for measured testing preparation and investigation,1,0,4,4,0,
Shenkesor,shenkesor-s1,Noun,Observatory; a place equipped for systematic observation and measurement at distance,1,0,2,2,0,
Belzhirkavor,belzhirkavor-s1,Noun,Data center; a secured facility that connects stores and maintains large bodies of machine-readable information,1,0,2,2,0,
Lormekor,lormekor-s1,Noun,Control room; a dedicated room from which machines infrastructure or operations are monitored and directed,1,0,3,3,0,
Mekpralor,mekpralor-s1,Noun,Workshop; a place arranged for making repairing or skilled manual work,1,0,2,2,0,
Njor,njor-s1,Noun,A bridge between separated people groups systems or ideas; a connection that crosses a meaningful division,2,0,8,0,2,
Njor,njor-s3,Noun,Bridge or structural span that carries passage across a gap waterway or obstruction,2,0,8,0,2,
Mekshara,mekshara-s1,Noun,Road; a deliberately built and maintained land route,1,0,2,2,0,
Brosshara,brosshara-s1,Noun,Stair or stairway; a stepped route between different heights,1,0,2,2,0,
Morlshan,morlshan-s1,Noun,Tunnel; an enclosed passage through or beneath earth stone or another obstruction,1,0,3,3,0,
Varshanmek,varshanmek-s1,Noun,Transit tube; an enclosed engineered conduit made for moving people or vehicles,1,0,2,2,0,
Varbelor,varbelor-s1,Noun,Station or terminal; an organized place where a scheduled transport journey begins ends or transfers,1,0,2,2,0,
Eshpralor,eshpralor-s1,Noun,Platform; a prepared raised surface used for boarding loading speaking working or observation,1,0,3,3,0,
Ndavivek,ndavivek-s1,Noun,Elevator or mechanical lift; a carrier that moves people or goods vertically between fixed levels,1,0,4,4,0,
Mahrpralor,mahrpralor-s1,Noun,Dock; a built waterside platform used to board load unload or secure vessels,1,0,4,4,0,
Mahrxaror,mahrxaror-s1,Noun,Harbor; a sheltered water area where vessels can anchor arrive or depart,1,0,3,3,0,
Vekxaror,vekxaror-s1,Noun,Garage or vehicle shelter; an enclosed place for keeping protecting or servicing vehicles,1,0,2,2,0,
Vekpralor,vekpralor-s1,Noun,Parking area; a prepared place where vehicles are left temporarily when not operating,1,0,2,2,0,
Droshara,droshara-s1,Noun,Canal; a deliberately made channel that carries water along a set route,1,0,4,4,0,
Dronjor,dronjor-s1,Noun,Aqueduct; a bridge-like or elevated structure that carries water across a gap,1,0,2,2,0,
Eshmekor,eshmekor-s1,Noun,Tower; a tall structure whose usable space rises substantially above its surrounding buildings or land,1,0,3,3,0,
Wekxar,wekxar-s1,Noun,Dome; a rounded or circular roof or overhead enclosure,1,0,2,2,0,
Drojormek,drojormek-s1,Noun,Fountain; a constructed feature that directs water upward or outward before it falls or gathers,1,0,3,3,0,
Nethmek,nethmek-s1,Noun,Furniture; movable constructed objects that support sitting resting storing eating or ordinary indoor work,1,0,2,2,0,
Ndavi,ndavi-s2,Noun,Vertical level or height position used to distinguish one fixed elevation from another,1,0,2,2,0,
Belor,belor-s1,Noun,Institution; an enduring organized body or system established to perform a recognized social civic educational religious or economic function,1,0,3,3,0,
Lorbel,lorbel-s1,Noun,Government; the organized system through which a community or state directs public affairs and administers authority,1,0,20,20,0,
Lorbelaen,lorbelaen-s1,Verb,To govern; to exercise recognized authority over public decisions law and administration,1,0,3,3,0,
Khumkel,khumkel-s1,Noun,Council; a deliberative governing or advisory body whose members listen speak and decide together,1,0,11,11,0,
Khumkelral,khumkelral-s1,Noun,Council member or representative; a person authorized to speak and decide for others within a governing body,1,0,4,4,0,
Kalrin,kalrin-s1,Noun,Ruler or sovereign; a person holding supreme governing authority without specifying gender or hereditary title,1,0,5,5,0,
Belvoklor,belvoklor-s1,Noun,Chieftain or clan leader; the recognized leader and guide of a clan mobile community or local people,1,0,3,3,0,
Lorbelral,lorbelral-s1,Noun,Public official; a person entrusted with an authorized civic or administrative office,1,0,7,7,0,
Welkelthar,welkelthar-s1,Noun,Election; a formal collective process through which members express their will to choose an officeholder or decide a public question,1,0,4,4,0,
Keltharaen,keltharaen-s1,Verb,To vote; to formally express one's choice or will in a collective decision,1,0,4,4,0,
Lorshara,lorshara-s1,Noun,Policy; an adopted principle plan or course that guides recurring institutional decisions,1,0,3,3,0,
Kalkel,kalkel-s1,Noun,Decree or official order; an authoritative public instruction issued by a ruler office or governing body,1,0,6,6,0,
Belrinpel,belrinpel-s1,Noun,Permit or formal authorization; an official record or instrument granting permission for a restricted action or access,1,0,4,4,0,
Shental,shental-s1,Noun,Allocation; a measured assignment of limited resources among recipients or purposes,1,0,5,5,0,
Shentalaen,shentalaen-s1,Verb,To allocate; to assign measured portions of a limited resource to particular recipients or purposes,1,0,2,2,0,
Weltal,weltal-s1,Noun,Distribution; the organized delivery or division of resources among multiple recipients or places,1,0,2,2,0,
Weltalaen,weltalaen-s1,Verb,To distribute; to deliver or divide resources among multiple recipients or destinations,1,0,2,2,0,
Kelreth,kelreth-s1,Noun,Dispute; an active disagreement involving competing claims rights accounts or interests,1,0,8,8,0,
Thalkelreth,thalkelreth-s1,Noun,Arbitration; a structured hearing and balancing of competing claims intended to produce a binding resolution,1,0,2,2,0,
Thalkelrethaen,thalkelrethaen-s1,Verb,To arbitrate; to hear competing claims and make or guide a binding resolution,1,0,3,3,0,
Welrin,welrin-s1,Noun,Citizen; a recognized member of a state or civic community with associated rights and duties,1,0,19,19,0,
Welrinath,welrinath-s1,Noun,Citizenship; the enduring recognized civic status rights and duties of a citizen,1,0,2,2,0,
Felbelor,felbelor-s1,Noun,District; an administrative or functional subdivision of a settlement or territory,1,0,10,10,0,
Lorzhir,lorzhir-s1,Noun,Border; the recognized line or narrow dividing zone between territories or jurisdictions,1,0,5,5,0,
Kelvok,kelvok-s1,Noun,Contract; a deliberate binding agreement that states obligations permissions or exchange,1,0,5,5,0,
Verkalkelaen,verkalkelaen-s1,Verb,To veto; to formally prevent a proposed public decision or order from taking effect through recognized authority,1,0,2,2,0,
Weleth,weleth-s1,Adjective,Public; open to concerning or belonging to the community as a whole,1,0,2,2,0,
Kaweleth,kaweleth-s1,Adjective,Private; restricted to an individual or defined group rather than the community as a whole,1,0,3,3,0,
Ral,ral-s1,Noun,Steward or caretaker; a person entrusted with managing and caring for a shared resource place household institution or continuing responsibility,1,0,2,2,0,
Pralilan,pralilan-s1,Noun,Apprentice; a learner formally training in a craft or occupation through supervised practical work,1,0,2,2,0,
Pralral,pralral-s1,Noun,Artisan or craftsperson; a skilled maker of useful or artistic objects through practiced handwork,1,0,4,4,0,
Krenral,krenral-s1,Noun,Smith or metalworker; a craftsperson whose defining work is shaping joining treating or repairing metal,1,0,3,3,0,
Mormekral,mormekral-s1,Noun,Mason; a craftsperson who builds or repairs using prepared stone brick or comparable structural units,1,0,3,3,0,
Lormekral,lormekral-s1,Noun,Engineer; a person who designs analyzes directs or maintains complex constructed systems,1,0,3,3,0,
Shenral,shenral-s1,Noun,Scholar or researcher; a person engaged in systematic study measurement interpretation and production of knowledge,1,0,42,42,0,
Kelvekral,kelvekral-s1,Noun,Courier or messenger; a person responsible for carrying messages records or small entrusted goods between people or places,1,0,2,2,0,
Sharalorin,sharalorin-s1,Noun,Navigator; a person who determines and guides a safe route through terrain sea air underground space or outer space,1,0,2,2,0,
Anvanesh,anvanesh-s1,Verb,To buy; to acquire goods access or services into one's possession through payment,1,0,2,2,0,
Thalvanesh,thalvanesh-s1,Verb,To sell; to transfer goods access or services out of one's possession in return for payment,1,0,3,3,0,
Lorzhiranshan,lorzhiranshan-s1,Verb,To import; to bring goods or services through a jurisdictional border into the jurisdiction through trade,1,0,2,2,0,
Lorzhirthalshan,lorzhirthalshan-s1,Verb,To export; to send goods or services through a jurisdictional border out of the jurisdiction through trade,1,0,2,2,0,
Ianath,ianath-s1,Noun,Ownership; an established state or recognized right of direct possession control use exclusion or transfer,1,0,2,2,0,
Ngar,ngar-s2,Noun,Weapon; an object or device designed or deliberately used to injure disable threaten or destroy,1,0,2,2,0,
Ngarpel,ngarpel-s1,Noun,Sword; a long handheld bladed weapon used for cutting or thrusting,1,0,4,4,0,
Ngarzhir,ngarzhir-s1,Noun,Spear; a long shafted pointed weapon used for thrusting or throwing,1,0,2,2,0,
Ravjor,ravjor-s1,Noun,Bow; a tension weapon that stores force through bending and releases it to launch an arrow,1,0,2,2,0,
Ravjorvek,ravjorvek-s1,Noun,Arrow; a slender pointed projectile launched from a bow,1,0,4,4,0,
Arthkal,arthkal-s1,Noun,Shield; a handheld worn generated or projected defensive barrier that intercepts or deflects attack,1,0,4,4,0,
Ngarjor,ngarjor-s1,Noun,Gun or firearm; a controlled mechanical weapon that launches a material projectile through explosive pressure or comparable discharge,1,0,3,3,0,
Ngarzhel,ngarzhel-s1,Noun,Energy weapon; a weapon that directs electrical magical kinetic radiant or comparable non-material energy,1,0,2,2,0,
Ngarvek,ngarvek-s1,Noun,Ammunition or firing charge; a consumable projectile cartridge charge or stored firing unit loaded or supplied to a weapon,1,0,2,2,0,
Welarth,welarth-s1,Noun,Militia; a locally organized body of community members or citizens trained and available for collective defense commonly alongside ordinary civilian work,1,0,5,5,0,
Ngarwel,ngarwel-s1,Noun,Army or armed force; a formally organized body trained equipped and commanded for sustained armed operations,1,0,4,4,0,
Kesvar,kesvar-s1,Noun,Patrol; an organized watch journey repeatedly made through an area to observe warn deter danger or maintain security; also the group making that journey,1,0,13,13,0,
Xarkaleth,xarkaleth-s1,Noun,Siege; a sustained operation that encloses isolates or denies passage and supplies to a fortified place in order to compel surrender,1,0,3,3,0,
Vethbel,vethbel-s1,Noun,Trap; a concealed or prepared device placement or situation intended to capture restrain injure or disable,1,0,2,2,0,
Lorpel,lorpel-s1,Noun,Target; a person place object or point deliberately selected as the focus of observation pursuit action or attack,1,0,2,2,0,
Lorpelaen,lorpelaen-s1,Verb,To aim; to align one's attention body tool weapon or projected action toward an intended target,1,0,2,2,0,
Ngarjoraen,ngarjoraen-s1,Verb,To shoot or fire; to launch a projectile or directed discharge from a weapon,1,0,2,2,0,
Arthkaraen,arthkaraen-s1,Verb,To block or parry; to intercept stop or turn aside an incoming strike projectile or directed attack,1,0,2,2,0,
Vethvaraen,vethvaraen-s1,Verb,To retreat or withdraw from danger or combat while preserving purposeful movement cohesion or the possibility of continued action,1,0,2,2,0,
Kaarthaen,kaarthaen-s1,Verb,To surrender; to cease resistance and submit oneself or one's force to an opposing authority or power,1,0,2,2,0,
Mavmor,mavmor-s1,Noun,Poison or toxin; a substance that disrupts bodily function or causes illness injury or death through ingestion contact inhalation or injection,1,0,3,3,0,
Rathnor,rathnor-s1,Noun,War; sustained organized armed conflict between political communities states peoples or major factions,1,0,3,3,0,
Rathjor,rathjor-s1,Noun,Battle; a bounded armed encounter or major clash usually occurring within a larger war or campaign,1,0,3,3,0,
Tlamor,tlamor-s1,Noun,Sex; sexual activity or intercourse involving bodily intimacy without specifying participants relationship purpose or gender,1,0,5,5,0,
Tlamoraen,tlamoraen-s1,Verb,To have sex or engage in sexual activity,1,0,2,2,0,
Tlamoreth,tlamoreth-s1,Adjective,Sexual; pertaining to sexual activity or its bodily functions,1,0,2,2,0,
Shalbal,shalbal-s1,Noun,Birth; the emergence of a living being from pregnancy an egg a pod or comparable development into independent life,1,0,3,3,0,
Shalbalaen,shalbalaen-s1,Verb,To give birth or bring a developing living being into independent life; the passive form means to be born,1,0,2,2,0,
Shalbaleth,shalbaleth-s1,Adjective,Newborn or newly born; having very recently emerged into independent life,1,0,2,2,0,
Duma,duma-s2,Noun,Death; the irreversible end of a living being's bodily life without by itself determining what happens to soul identity or memory,1,0,2,2,0,
Dumaen,dumaen-s1,Verb,To die; to undergo the irreversible end of bodily life,1,0,2,2,0,
Dumeth,dumeth-s1,Adjective,Dead or deceased; no longer bodily alive,1,0,2,2,0,
Sel,sel-s1,Noun,Mental clarity; an unobscured and internally ordered state of thought without implying truth evidence or correctness,2,0,4,0,2,
Sel,sel-s2,Noun,Physical clarity; purity; absence of grime,2,0,4,0,2,
Dov,dov-s1,Noun,Play or recreation undertaken primarily for enjoyment,1,0,2,2,0,
Dovaen,dovaen-s1,Verb,To play or engage in recreation,1,0,4,4,0,
Dovath,dovath-s1,Noun,A game; a bounded form of play with recognized rules or goals,1,0,8,8,0,
Dovin,dovin-s1,Noun,A player participating in play or a game,1,0,6,6,0,
Kaldov,kaldov-s1,Noun,A sport; physically demanding or trained skill-based play,1,0,2,2,0,
Nak,nak-s1,Noun,Competition; organized striving whose outcomes are compared,1,0,2,2,0,
Nakaen,nakaen-s1,Verb,To compete,1,0,7,7,0,
Nakin,nakin-s1,Noun,Competitor or contestant,1,0,4,4,0,
Sivvok,sivvok-s1,Noun,A team; people joined around one shared effort or goal,1,0,10,10,0,
Thalnakin,thalnakin-s1,Noun,An opponent; the competitor serving as one's balancing counterpart,1,0,2,2,0,
Nakshara,nakshara-s1,Noun,A rule or agreed course governing a game or competition,1,0,3,3,0,
Naklorral,naklorral-s1,Noun,Referee or competition judge entrusted to guide and assess fair play,1,0,6,6,0,
Naktal,naktal-s1,Noun,Prize or reward awarded through competition,1,0,2,2,0,
Shalnak,shalnak-s1,Noun,Victory or a competitive win,1,0,3,3,0,
Shalnakaen,shalnakaen-s1,Verb,To win a competition,1,0,3,3,0,
Vethnak,vethnak-s1,Noun,Defeat or competitive loss,1,0,2,2,0,
Vethnakaen,vethnakaen-s1,Verb,To lose a competition,1,0,2,2,0,
Thalnak,thalnak-s1,Noun,A tie or draw; a competitively balanced result,1,0,2,2,0,
Jornak,jornak-s1,Noun,A race; competition determined primarily by speed,1,0,6,6,0,
Jornakaen,jornakaen-s1,Verb,To race or compete for speed,1,0,2,2,0,
Trakshalilaen,trakshalilaen-s1,Verb,To skate; to glide using foot-worn runners wheels or comparable low-friction equipment,1,0,2,2,0,
Mahrshalilaen,mahrshalilaen-s1,Verb,To surf or current-glide across moving water using a board glider or body control,1,0,2,2,0,
Aennor,aennor-s1,Noun,Music; intentionally organized sound unfolding through time,1,0,5,5,0,
Aennoraen,aennoraen-s1,Verb,To make play or perform music,1,0,5,5,0,
Aennorral,aennorral-s1,Noun,Musician; a person with a practiced role making or performing music,1,0,8,8,0,
Thael,thael-s1,Noun,Rhythm or beat; a recurring pattern of pulse sound or movement,2,0,4,0,2,
Thael,thael-s2,Adjective,Gentle motion; breeze-like rhythm,2,0,4,0,2,
Aenthael,aenthael-s1,Noun,A song; a bounded vocal or musical composition organized by rhythm,1,0,4,4,0,
Aenthaelaen,aenthaelaen-s1,Verb,To sing,1,0,4,4,0,
Aenthaelral,aenthaelral-s1,Noun,Singer; a person with a practiced singing role,1,0,4,4,0,
Welaenthael,welaenthael-s1,Noun,Chorus; coordinated group singing or the group singing together,1,0,4,4,0,
Karthael,karthael-s1,Noun,Drum or percussion instrument sounded through rhythmic striking,1,0,4,4,0,
Karthaelaen,karthaelaen-s1,Verb,To drum or produce rhythm through repeated striking,1,0,4,4,0,
Karthaelral,karthaelral-s1,Noun,Drummer or practiced percussionist,1,0,4,4,0,
Thaelaen,thaelaen-s1,Verb,To dance; to move the body in deliberate rhythm,1,0,2,2,0,
Thaelral,thaelral-s1,Noun,Dancer; a person with a practiced dancing role,1,0,5,5,0,
Aenzhir,aenzhir-s1,Noun,Melody or musical line; a connected path of sound through time,1,0,2,2,0,
Zhirkel,zhirkel-s1,Noun,Story tale or narrative; connected words carrying events through sequence,1,0,6,6,0,
Zhirkelral,zhirkelral-s1,Noun,Storyteller; a practiced teller or keeper of narratives,1,0,5,5,0,
Rinpral,rinpral-s1,Noun,Art or an artwork; deliberate expressive making that gives perceptible form to inner essence,1,0,3,3,0,
Rinpralral,rinpralral-s1,Noun,Artist; a practiced maker of expressive art,1,0,2,2,0,
Norpral,norpral-s1,Noun,Live performance; expressive skilled work presented as it unfolds through time,1,0,3,3,0,
Norpralaen,norpralaen-s1,Verb,To perform or present an artistic work live,1,0,4,4,0,
Norpralral,norpralral-s1,Noun,Performer; a person with a practiced live-performance role,1,0,3,3,0,
Khumkes,khumkes-s1,Noun,Audience; a gathered body joined by attention to a performance speaker or event,1,0,6,6,0,
Norpralor,norpralor-s1,Noun,Stage or designated performance area,1,0,9,9,0,
Rim,rim-s1,Noun,Celebration; a festive observance expressing shared joy recognition or remembrance,1,0,2,2,0,
Rimaen,rimaen-s1,Verb,To celebrate or observe festively,1,0,2,2,0,
Rimor,rimor-s1,Noun,Festival; a time-bounded or place-bounded public celebration,1,0,7,7,0,
Ndem,ndem-s2,Noun,Blood; the circulating bodily fluid associated with life injury and internal transport,1,0,3,3,0,
Ndemaen,ndemaen-s1,Verb,To bleed; for blood to leave its vessels or the body through injury or another bodily cause,1,0,3,3,0,
Mavkes,mavkes-s1,Noun,Symptom or clinical sign; an experienced or observable indication of illness injury or bodily disturbance,1,0,2,2,0,
Keshen,keshen-s1,Noun,Clinical examination or assessment through structured observation and measurement,1,0,2,2,0,
Keshenaen,keshenaen-s1,Verb,To examine or assess clinically through directed observation questions touch measurement or testing,1,0,33,33,0,
Keshenath,keshenath-s1,Noun,Diagnosis; the concluded identification of a bodily condition based on clinical signs and assessment,1,0,2,2,0,
Sava,sava-s1,Noun,Care or treatment for sickness or injury in ordinary speech without specifying a formal method or clinical plan,1,0,2,2,0,
Savaen,savaen-s1,Verb,To care for or treat someone who is sick or injured in an ordinary nontechnical sense,1,0,5,5,0,
Savin,savin-s1,Noun,Patient; a person or living being presently receiving or awaiting health care,1,0,24,24,0,
Savor,savor-s1,Noun,Clinic infirmary or ordinary place organized to provide health care,1,0,8,8,0,
Talzhael,talzhael-s1,Noun,Defined medical treatment therapeutic intervention or planned course selected for a particular condition,1,0,5,5,0,
Talzhaelaen,talzhaelaen-s1,Verb,To administer or carry out a defined medical treatment or therapeutic intervention,1,0,2,2,0,
Zhaelphel,zhaelphel-s1,Noun,Medicine; a prepared substance formulation or directed therapeutic agent used to prevent relieve or treat illness or injury,1,0,3,3,0,
Zhaelshen,zhaelshen-s1,Noun,Medicinal dose; one measured amount of medicine administered at one time,1,0,2,2,0,
Morzhael,morzhael-s1,Noun,Physical healing or recovery; the bodily process of returning toward health or usable function,1,0,3,3,0,
Mavkrez,mavkrez-s1,Noun,Fever; illness-associated elevation of bodily heat,1,0,3,3,0,
Mavbal,mavbal-s1,Noun,Infection; harmful biological invasion or growth within living tissue or a bodily system,1,0,6,6,0,
Mavbaleth,mavbaleth-s1,Adjective,Infected; affected by harmful biological presence or growth,1,0,2,2,0,
Mavbalshaneth,mavbalshaneth-s1,Adjective,Infectious or contagious; capable of transmitting an infection between hosts,1,0,2,2,0,
Zhaelolan,zhaelolan-s1,Noun,Medicinal salve or ointment; a spreadable topical preparation used to soothe protect or treat tissue,1,0,2,2,0,
Aivkorxar,aivkorxar-s1,Noun,Bandage or wound dressing; a covering placed over an injured bodily site to protect it or support healing,1,0,6,6,0,
Jorzhael,jorzhael-s1,Noun,First aid; immediate limited care intended to preserve life prevent worsening or stabilize someone before fuller treatment,1,0,3,3,0,
Mavmorzhael,mavmorzhael-s1,Noun,Antidote; medicine or treatment specifically intended to counteract a poison or toxin,1,0,2,2,0,
Rekrathlor,rekrathlor-s1,Noun,Emergency; an immediate serious danger requiring prompt coordinated action,1,0,5,5,0,
Rathlorkel,rathlorkel-s1,Noun,Warning or alert communicating a present or approaching danger,1,0,3,3,0,
Velmav,velmav-s1,Noun,Hypothermia or dangerous systemic cold exposure; bodily illness caused by excessive loss of heat,1,0,3,3,0,
Rekmav,rekmav-s1,Noun,Severe systemic heat illness including heatstroke; bodily failure caused by excessive environmental heat,1,0,3,3,0,
Velaivkor,velaivkor-s1,Noun,Frostbite; localized bodily tissue injury caused by severe cold or freezing,1,0,2,2,0,
Kadromav,kadromav-s1,Noun,Bodily dehydration; an unsafe physiological deficit of water,1,0,2,2,0,
Kesrin,kesrin-s1,Noun,Wakeful consciousness; a living being's present capacity for awareness and responsive engagement,1,0,2,2,0,
Kakesrin,kakesrin-s1,Noun,Unconsciousness; involuntary absence of wakeful awareness and responsive engagement while bodily life continues,1,0,2,2,0,
Kakesrineth,kakesrineth-s1,Adjective,Unconscious; alive but not wakefully aware or responsively engaged,1,0,3,3,0,
Kesrinaen,kesrinaen-s1,Verb,To regain consciousness or return to wakeful responsiveness after unconsciousness,1,0,3,3,0,
Vaarshan,vaarshan-s1,Noun,Rescue; the successful transfer of an endangered or trapped being into relative safety,1,0,3,3,0,
Vaarshanaen,vaarshanaen-s1,Verb,To rescue; to bring an endangered or trapped being out of immediate danger or confinement into relative safety,1,0,2,2,0,
Thalwelvar,thalwelvar-s1,Noun,Evacuation; organized outward movement of people or living beings from a dangerous place,1,0,2,2,0,
Thalwelvaraen,thalwelvaraen-s1,Verb,To evacuate; to organize or carry out removal of people or living beings from a dangerous place,1,0,2,2,0,
Mavbalshanaen,mavbalshanaen-s1,Verb,To transmit an infection between hosts or populations,1,0,2,2,0,
Mavbalxar,mavbalxar-s1,Noun,Quarantine; health-directed separation used to prevent possible transmission of infection,1,0,3,3,0,
Shalkav,shalkav-s1,Noun,Survival; continued bodily life or essential function despite danger deprivation injury or destructive conditions,1,0,2,2,0,
Kavaen,kavaen-s1,Verb,To endure last or survive through damaging conditions without ceasing to live or function,1,0,3,3,0,
Vaarbelwek,vaarbelwek-s1,Noun,Safety or emergency protocol; an established ordered procedure for preventing harm or responding to danger,1,0,3,3,0,
Nethvek,nethvek-s1,Noun,Stretcher or supported casualty carrier designed to move someone who cannot move safely,1,0,2,2,0,
Shentalzhael,shentalzhael-s1,Noun,Medical triage; measured assignment of treatment priority and limited care resources according to urgency,2,0,2,0,2,
Shentalzhael,shentalzhael-s2,Verb,To triage / To prioritize treatment,2,0,2,0,2,
Felmorl,felmorl-s1,Noun,Hill; a natural raised landform smaller and generally lower than a mountain,1,0,3,3,0,
Delmorl,delmorl-s1,Noun,Valley; low land held between opposing slopes or heights,1,0,2,2,0,
Pelmorl,pelmorl-s1,Noun,Cliff; a steep exposed face of rock or earth,1,0,2,2,0,
Morlshara,morlshara-s1,Noun,Mountain pass; a traversable route through or between mountain heights,1,0,2,2,0,
Xarmorl,xarmorl-s1,Noun,Cave or cavern; a naturally sheltered hollow within earth or stone,1,0,2,2,0,
Shanmorl,shanmorl-s1,Noun,Canyon or gorge; a deep open passage cut through rock or land,1,0,2,2,0,
Selmor,selmor-s1,Noun,Plain; broad relatively level open ground,1,0,4,4,0,
Ndavimor,ndavimor-s1,Noun,Plateau; a broad area of high relatively level ground,1,0,2,2,0,
Kadromor,kadromor-s1,Noun,Desert or arid land; a broad region defined by persistent lack of available water,1,0,2,2,0,
Brossadar,brossadar-s1,Noun,Dune; a banked or ridged body of wind-shaped sand,1,0,2,2,0,
Velkmorl,velkmorl-s1,Noun,Glacier; a large enduring mass of landbound ice that moves slowly under its own weight,1,0,2,2,0,
Terramahr,terramahr-s1,Noun,Coast or coastline; the meeting boundary of land and sea,1,0,3,3,0,
Drenfel,drenfel-s1,Noun,Stream or brook; a small natural flowing watercourse,1,0,4,4,0,
Fellun,fellun-s1,Noun,Pond; a small inland body of relatively still water,1,0,2,2,0,
Drenverd,drenverd-s1,Noun,Wetland; water-saturated habitat such as a marsh swamp or bog,1,0,3,3,0,
Mahrmorl,mahrmorl-s1,Noun,Reef; a shallow submerged ridge or structure of rock coral or accumulated biological material,1,0,2,2,0,
Drenjor,drenjor-s1,Noun,Wave; a traveling rise fall or surge across a body of water,1,0,2,2,0,
Mahrwel,mahrwel-s1,Noun,Current; sustained directional movement within a body of water,1,0,2,2,0,
Eshnor,eshnor-s1,Noun,Weather; the present or near-term condition of the air and sky,1,0,2,2,0,
Eshweknor,eshweknor-s1,Noun,Climate; the recurring long-duration pattern of weather in a region,1,0,2,2,0,
Drenesh,drenesh-s1,Noun,Cloud; a visible gathered body of water droplets ice dust or vapor in the sky,1,0,2,2,0,
Eshkar,eshkar-s1,Noun,Thunder; the abrupt sound produced through a storm-charged sky,1,0,2,2,0,
Eshjor,eshjor-s1,Noun,Gale; a sustained dangerously strong wind,1,0,3,3,0,
Eshdren,eshdren-s1,Noun,Humidity; the amount or felt presence of water vapor in the air,1,0,2,2,0,
Kadro,kadro-s1,Noun,Drought; a sustained period of dangerously insufficient available water,1,0,2,2,0,
Drenrek,drenrek-s1,Noun,Flood; an event in which water rises or spreads beyond its ordinary bounds,1,0,2,2,0,
Morkar,morkar-s1,Noun,Earthquake or ground tremor; a sudden shaking of the ground,1,0,2,2,0,
Morljor,morljor-s1,Noun,Landslide or rockslide; rapid downslope movement of earth stone or debris,1,0,2,2,0,
Sadarjor,sadarjor-s1,Noun,Sandstorm; wind-driven sand dense or forceful enough to impair travel sight or safety,1,0,2,2,0,
Velxar,velxar-s1,Noun,Frost; a thin deposited or frozen coating of ice on a surface,1,0,2,2,0,
Felsadar,felsadar-s1,Noun,Silt; fine mineral sediment carried or deposited by water,1,0,2,2,0,
Krezshen,krezshen-s1,Noun,Temperature; the measured thermal condition of something along a hot-to-cold scale,1,0,3,3,0,
Verdin,verdin-s1,Noun,Plant; an individual organism belonging to botanical life,1,0,7,7,0,
Verdmarin,verdmarin-s1,Noun,Tree; a woody plant organized around a persistent trunk and branching growth,1,0,4,4,0,
Morlzhir,morlzhir-s1,Noun,Plant root; the usually hidden anchoring and absorbing structure extending through soil or another medium,1,0,2,2,0,
Verdxar,verdxar-s1,Noun,Bark; the protective outer covering of a woody plant,1,0,2,2,0,
Zhirverd,zhirverd-s1,Noun,Vine; a climbing or trailing plant with a long flexible growth form,1,0,2,2,0,
Verdpel,verdpel-s1,Noun,Grass; narrow-bladed ground-covering plant growth,1,0,3,3,0,
Balvek,balvek-s1,Noun,Seed; a compact growth-bearing body capable of beginning a new plant,1,0,2,2,0,
Balshan,balshan-s1,Noun,Pollination; transfer of reproductive plant material enabling seed or fruit formation,1,0,2,2,0,
Mbu,mbu-s2,Noun,Fungus or fungal life; an organism in the fungal kingdom distinct from plants and animals,1,0,2,2,0,
Shalrin,shalrin-s1,Noun,Organism; an individual living being considered as one functioning life,1,0,2,2,0,
Nali,nali-s2,Noun,Species; a recognized kind or lineage of living organisms whose members share an enduring biological identity,1,0,3,3,0,
Nalior,nalior-s1,Noun,Habitat; the ordinary environment in which an organism or species lives and meets its life needs,1,0,5,5,0,
Ohmshal,ohmshal-s1,Noun,Ecosystem; the connected living community and physical environment functioning together,1,0,3,3,0,
Welnali,welnali-s1,Noun,Population; the members of one species living in a defined place or study area,1,0,2,2,0,
Kornali,kornali-s1,Noun,Native species; a species established within a place through its ordinary ecological history,1,0,2,2,0,
Shannali,shannali-s1,Noun,Introduced species; a species carried beyond its prior range by people trade or another unusual transfer,1,0,2,2,0,
Rathshannali,rathshannali-s1,Noun,Invasive species; an introduced species that spreads in ways causing ecological harm,1,0,1,1,1,
Dumanali,dumanali-s1,Noun,Extinction; the complete end of a species or distinct living lineage,1,0,1,1,1,
Rathnali,rathnali-s1,Noun,Endangered or threatened species; a species facing a serious risk of extinction,1,0,2,2,0,
Gavin,gavin-s1,Noun,Prey or quarry; an animal pursued by a predator or hunter,1,0,3,3,0,
Rathzor,rathzor-s1,Noun,Predator; an animal that hunts and consumes other animals,1,0,2,2,0,
Welzor,welzor-s1,Noun,Animal group; a socially or spatially gathered body of animals including a herd flock pack school or swarm,1,0,3,3,0,
Zornethor,zornethor-s1,Noun,Nest den or lair; a place used by an animal for shelter rest birth or raising young,1,0,2,2,0,
Wekvaraen,wekvaraen-s1,Verb,To migrate; to move cyclically or seasonally between habitats or regions,1,0,2,2,0,
Emilzhir,emilzhir-s1,Noun,Food chain; a directional sequence of feeding relations through which nourishment and energy pass,1,0,2,2,0,
Emilbel,emilbel-s1,Noun,Food web; the interconnected network of feeding relationships within an ecosystem,1,0,1,1,1,
Terramav,terramav-s1,Noun,Environmental or ecological degradation; sustained damage that weakens the health or functioning of land water air or living systems,1,0,2,2,0,
Mavverd,mavverd-s1,Noun,Plant blight; a spreading disease or destructive condition affecting plants,1,0,2,2,0,
Gorm,gorm-s2,Noun,Dirt grime or unwanted soiling matter on a body object or surface,1,0,3,3,0,
Welgorm,welgorm-s1,Noun,Pollution; harmful or unwanted matter or energy dispersed through shared air water soil or surroundings,1,0,2,2,0,
Pelnor,pelnor-s1,Noun,Erosion; gradual wearing cutting or removal of soil rock or surface material over time,1,0,2,2,0,
Xilnalior,xilnalior-s1,Noun,Habitat fragmentation; division of a habitat into disconnected or poorly connected pieces,1,0,2,2,0,
Terrakav,terrakav-s1,Noun,Environmental conservation; deliberate long-term protection of lands waters species or ecological processes,1,0,2,2,0,
Terrazhael,terrazhael-s1,Noun,Ecological restoration; deliberate assistance that returns a damaged environment toward health and function,1,0,2,2,0,
Sul,sul-s1,Noun,Resource; a usable supply substance energy source or environmental provision available to meet a need,1,0,2,2,0,
Worsul,worsul-s1,Noun,Resource abundance or surplus; a condition in which usable supply substantially exceeds present need,1,0,2,2,0,
Kasul,kasul-s1,Noun,Resource scarcity or shortage; a condition in which usable supply is insufficient or difficult to obtain,1,0,2,2,0,
Kavsul,kavsul-s1,Noun,Reserve or stockpile; a supply deliberately preserved for later need or emergency use,1,0,2,2,0,
Weksul,weksul-s1,Noun,Renewable resource; a resource replenished through a recurring natural or managed cycle at a usable rate,1,0,2,2,0,
Versul,versul-s1,Noun,Waste or refuse; material discarded or left over because it is no longer treated as a usable resource,1,0,2,2,0,
Dava,dava-s1,Noun,Information; meaningful content capable of being known communicated represented or stored,1,0,2,2,0,
Shendava,shendava-s1,Noun,Data; observations measurements states or symbols arranged so they can be examined or processed,1,0,5,5,0,
Kavdava,kavdava-s1,Noun,Record; information deliberately preserved as an account of an event state decision person or transaction,1,0,5,5,0,
Davaxar,davaxar-s1,Noun,File; one bounded body of information treated as a movable storable retrievable unit,1,0,6,6,0,
Beldava,beldava-s1,Noun,Database; an organized body of related information or records structured for reliable retrieval,1,0,5,5,0,
Davapral,davapral-s1,Noun,Display or screen; a prepared surface on which changing information is made visible,1,0,2,2,0,
Zheldava,zheldava-s1,Noun,Signal; a detectable variation of energy sound light pressure motion or magic that carries information,1,0,4,4,0,
Ohmshan,ohmshan-s1,Noun,Interface; the shared boundary through which two people devices or systems exchange information or control,1,0,2,2,0,
Anmek,anmek-s1,Noun,Input; information energy material or instruction supplied into a system for operation or processing,1,0,2,2,0,
Thalmek,thalmek-s1,Noun,Output; information energy material or result produced outward from a system,1,0,2,2,0,
Raku,raku-s1,Noun,Computation; rule-governed transformation or evaluation of numbers symbols states or information,1,0,2,2,0,
Rakuaen,rakuaen-s1,Verb,To compute or process; to transform or evaluate numbers symbols states or information through defined operations,1,0,3,3,0,
Rakumek,rakumek-s1,Noun,Computer or computing device; a machine whose central function is computation and information processing,1,0,5,5,0,
Rakufelmek,rakufelmek-s1,Noun,Processor; the component within a larger system that performs its central computational operations,1,0,2,2,0,
Rakushara,rakushara-s1,Noun,Algorithm; a defined sequence of operations that produces or seeks a result from given input,1,0,2,2,0,
Rakukel,rakukel-s1,Noun,Code; symbolic instructions or expressions written so a computing system can interpret or execute them,1,0,2,2,0,
Belraku,belraku-s1,Noun,Program; an organized body of executable instructions and related computational structure,1,0,2,2,0,
Varokraku,varokraku-s1,Noun,Automation; transfer of an operation's moment-to-moment execution to an instruction-governed system,1,0,2,2,0,
Varokrakuaen,varokrakuaen-s1,Verb,To automate; to place an operation under instruction-governed system execution,1,0,2,2,0,
Varokrakueth,varokrakueth-s1,Adjective,Automated; operating through prior instructions without continuous moment-to-moment human direction,1,0,2,2,0,
Davashanaen,davashanaen-s1,Verb,To transmit information or a signal from one person device or place toward another,1,0,2,2,0,
Deldavaen,deldavaen-s1,Verb,To copy; to create a second information instance preserving the represented content,1,0,2,2,0,
Andavaen,andavaen-s1,Verb,To upload; to transfer information into a remote shared or receiving system,1,0,2,2,0,
Thaldavaen,thaldavaen-s1,Verb,To download; to transfer information out of a remote or shared system into a local receiving system,1,0,2,2,0,
Kavdavaen,kavdavaen-s1,Verb,To record or save; to preserve information in a form intended for later retrieval,1,0,3,3,0,
Kavdeldava,kavdeldava-s1,Noun,Backup; a deliberately preserved additional copy used to restore information after loss or damage,1,0,2,2,0,
Kesdavaen,kesdavaen-s1,Verb,To search or query; to examine an information body systematically for a requested item relation or result,1,0,2,2,0,
Belnoraen,belnoraen-s1,Verb,To synchronize; to bring connected participants or systems into the same relevant timing sequence or information state,1,0,2,2,0,
Mekreth,mekreth-s1,Noun,System malfunction; a condition in which a constructed system no longer performs its intended operation reliably,1,0,2,2,0,
Felmekreth,felmekreth-s1,Noun,Defect or bug; one bounded flaw in a component design instruction set or program that can produce incorrect behavior,1,0,2,2,0,
Rekmekreth,rekmekreth-s1,Noun,Crash; sudden severe system failure involving abrupt loss of operation or control,1,0,2,2,0,
Rethdava,rethdava-s1,Noun,Data corruption; information made internally incoherent damaged or unreliable through unintended alteration,1,0,2,2,0,
Xardava,xardava-s1,Noun,Encrypted or deliberately protected information whose usable content is concealed without authorized recovery,1,0,2,2,0,
Xardavaen,xardavaen-s1,Verb,To encrypt; to transform information into a protected form that conceals its usable content,1,0,2,2,0,
Kaxardavaen,kaxardavaen-s1,Verb,To decrypt; to restore protected information to usable form through authorized means,1,0,2,2,0,
Zhelwel,zhelwel-s1,Noun,Electrical or energetic current; sustained directional movement of charge through a medium or system,1,0,2,2,0,
Zhelshara,zhelshara-s1,Noun,Circuit; an organized conductive path through which charge can travel and return or complete an intended route,1,0,4,4,0,
Ravzhel,ravzhel-s1,Noun,Electrical potential or voltage; the difference that exerts a driving pull on charge between points,1,0,2,2,0,
Zhelshan,zhelshan-s1,Noun,Conductor; a material component or path whose intended function is carrying electrical or magical charge,1,0,2,2,0,
Zhelxar,zhelxar-s1,Noun,Insulator; a material component or barrier used to prevent unwanted passage of charge,1,0,2,2,0,
Jorzhelkav,jorzhelkav-s1,Noun,Capacitor; a component that stores charge for rapid controlled release rather than sustained reserve use,1,0,3,3,0,
Zhelvorkor,zhelvorkor-s1,Noun,Electrical switch or gate; a device that opens closes or redirects a path of charge or control,1,0,2,2,0,
Zhelpel,zhelpel-s1,Noun,Electrical contact or terminal; a defined point at which charge signal or a conductive connection enters leaves or joins a component,1,0,2,2,0,
Jorzhel,jorzhel-s1,Noun,Power surge; a brief sudden rise or burst of electrical or energetic force,1,0,2,2,0,
Worzhel,worzhel-s1,Noun,Overload; a condition in which supplied power current or demand exceeds the safe capacity of a system,1,0,3,3,0,
Kazhel,kazhel-s1,Noun,Power outage or blackout; loss of usable supplied energy within a place device or connected system,1,0,2,2,0,
Zhelreth,zhelreth-s1,Noun,Electrical fault; an abnormal electrical condition that disrupts safe or intended operation,1,0,2,2,0,
Rethzhelshara,rethzhelshara-s1,Noun,Short circuit; an unintended low-control path that allows charge to bypass its intended circuit route,1,0,2,2,0,
Zhelaen,zhelaen-s1,Verb,To energize or power; to supply usable energy so a device system or effect can operate,1,0,2,2,0,
Kavzhelaen,kavzhelaen-s1,Verb,To charge or recharge; to place energy into a storage device for later release,1,0,2,2,0,
Thalzhelaen,thalzhelaen-s1,Verb,To discharge; to release stored electrical or energetic charge outward from a component or system,1,0,2,2,0,
Arthzhelshara,arthzhelshara-s1,Noun,Circuit protector; a fuse breaker or comparable component that interrupts dangerous electrical conditions,1,0,2,2,0,
Morzhelshan,morzhelshan-s1,Noun,Electrical ground or grounding path; a controlled conductive connection to earth a common reference or a safe charge sink,1,0,2,2,0,
Mekkes,mekkes-s1,Noun,Technical diagnostic examination; a systematic test used to locate or characterize a fault in a constructed system,1,0,2,2,0,
Mekkesaen,mekkesaen-s1,Verb,To diagnose or troubleshoot a constructed system by systematic testing and interpretation,1,0,2,2,0,
Varokmek,varokmek-s1,Noun,Controller or control unit; a device or subsystem that directs another system according to commands input or prior instructions,1,0,4,4,0,
Rethzheldava,rethzheldava-s1,Noun,Signal interference or noise; unwanted disturbance that obscures alters or competes with an information-bearing signal,1,0,2,2,0,
Songa,songa-s1,Noun,"Universe or cosmos; the total physical expanse and all matter, energy, places, and events within it",1,0,2,2,0,
Songaeth,songaeth-s1,Adjective,"Cosmic; relating to the universe's scale, structure, forces, or wider order",1,0,2,2,0,
Songazun,songazun-s1,Noun,Outer space; the predominantly empty region beyond a world's substantial atmosphere,1,0,3,3,0,
Zunesh,zunesh-s1,Noun,Vacuum; a region with no air or extremely little matter or pressure,1,0,2,2,0,
Nyel,nyel-s1,Noun,Star; an individual self-luminous celestial body,1,0,5,5,0,
Nyeleth,nyeleth-s1,Adjective,Stellar; relating to or produced by a star,1,0,2,2,0,
Kreznyel,kreznyel-s1,Noun,Sun; a star understood in relation to an orbiting world as a principal source of daylight and heat,1,0,3,3,0,
Vora,vora-s1,Noun,Planet; a large rounded celestial body that orbits a star and does not itself shine as a star,1,0,8,8,0,
Voraeth,voraeth-s1,Adjective,Planetary; relating to a planet as a whole or operating at planetary scale,1,0,2,2,0,
Luneth,luneth-s1,Adjective,"Lunar; relating to a moon or its cycles, surface, light, or motion",1,0,2,2,0,
Nyelbel,nyelbel-s1,Noun,Star system or planetary system; a star or stars and the bodies gravitationally associated with them,1,0,2,2,0,
Wornyelbel,wornyelbel-s1,Noun,"Galaxy; a vast gravitationally associated gathering of stars, star systems, matter, and related structures",1,0,2,2,0,
Nyelzhir,nyelzhir-s1,Noun,Constellation; a culturally or practically recognized pattern of stars linked into an image or navigational figure as seen from an observing place,1,0,2,2,0,
Ravwek,ravwek-s1,Noun,Orbit; the recurring curved path of one body around another under sustained attraction,1,0,4,4,0,
Ravwekaen,ravwekaen-s1,Verb,To orbit; to travel repeatedly around another body in an orbit,1,0,3,3,0,
Ravwekin,ravwekin-s1,Noun,Satellite; a natural or constructed body maintained in orbit around a larger body,1,0,2,2,0,
Dralxar,dralxar-s1,Noun,Eclipse; a celestial obscuration produced when one body blocks another body or its light from an observer,1,0,3,3,0,
Dralxaraen,dralxaraen-s1,Verb,To eclipse or celestially obscure; for one body to block another body or its light from an observer,1,0,2,2,0,
Felvora,felvora-s1,Noun,Asteroid or minor planet; a comparatively small natural celestial body orbiting a star,1,0,2,2,0,
Zhirnyel,zhirnyel-s1,Noun,Comet; an orbiting celestial body historically recognized as a “thread-star” because it develops a visible trailing stream or tail when active,1,0,2,2,0,
Dralfel,dralfel-s1,Noun,"Meteoroid; a small natural fragment of rock, metal, ice, or comparable matter traveling through space",1,0,2,2,0,
Krezdralfel,krezdralfel-s1,Noun,Meteor; the visible luminous passage produced when a celestial fragment enters an atmosphere,1,0,2,2,0,
Mordralfel,mordralfel-s1,Noun,Meteorite; material from a celestial fragment that survives atmospheric passage and reaches the ground,1,0,2,2,0,
Felmor,felmor-s1,Noun,"Dust; very fine dry particles of matter capable of settling, drifting, or remaining suspended",1,0,3,3,0,
Morshen,morshen-s1,Noun,"Mass; the measured quantity of matter in a body, distinct from the gravitational force acting on it",1,0,2,2,0,
Dralshen,dralshen-s1,Noun,"Astronomy; systematic observation and study of the observable heavens, celestial bodies, motions, radiation, and physical relations",1,0,2,2,0,
Songashen,songashen-s1,Noun,"Cosmology; disciplined study and modeling of the universe as a whole, including its large-scale structure, history, and possible origins",1,0,2,2,0,
Shenbel,shenbel-s1,Noun,"Science; organized, revisable inquiry that builds explanations through systematic observation, measurement, testing, and comparison",1,0,2,2,0,
Shenbeleth,shenbeleth-s1,Adjective,"Scientific; relating to the methods, evidence, explanations, or organized practice of science",1,0,2,2,0,
Shenkes,shenkes-s1,Noun,Formal observation; a deliberately bounded and documented act of noticing under stated conditions,1,0,2,2,0,
Shenkesaen,shenkesaen-s1,Verb,To observe scientifically or systematically under stated conditions,1,0,2,2,0,
Kesdava,kesdava-s1,Noun,"Evidence; observed or reliably recorded information relevant to evaluating a claim, explanation, cause, or event",1,0,4,4,0,
Sivshen,sivshen-s1,Noun,"Experiment; a controlled test or intervention designed to examine a question, relation, or prediction under uncertainty",1,0,5,5,0,
Sivshenaen,sivshenaen-s1,Verb,To experiment; to conduct a controlled test intended to produce interpretable evidence,1,0,2,2,0,
Sivkel,sivkel-s1,Noun,"Hypothesis; a provisional, testable statement offered to explain or predict an observable relation",1,0,2,2,0,
Belkes,belkes-s1,Noun,Scientific theory; an organized explanatory framework supported by converging evidence and repeated successful testing,1,0,2,2,0,
Rinmek,rinmek-s1,Noun,"Model; a deliberately constructed representation preserving selected structure, relations, or behavior of something studied",1,0,3,3,0,
Rinmekaen,rinmekaen-s1,Verb,"To model; to represent selected structure, relations, or behavior for explanation, testing, or prediction",1,0,2,2,0,
Varrinmek,varrinmek-s1,Noun,Simulation; a model made to operate or change through a sequence so possible behavior can be examined,1,0,2,2,0,
Varrinmekaen,varrinmekaen-s1,Verb,To simulate; to operate a model through changing states in order to examine possible behavior,1,0,2,2,0,
Felshen,felshen-s1,Noun,"Sample; a bounded portion, selection, or subset taken for examination or used to represent a larger whole",1,0,4,4,0,
Felshenaen,felshenaen-s1,Verb,"To sample; to select, collect, or measure a bounded portion intended to represent or reveal a larger whole",1,0,2,2,0,
Drenvar,drenvar-s1,Noun,"Variable; a condition, property, value, or factor capable of changing within an observation, experiment, model, or calculation",1,0,2,2,0,
Sivshenlian,sivshenlian-s1,Noun,Experimental control or reference condition; the comparison condition used to interpret what an experiment changed,1,0,2,2,0,
Rethshen,rethshen-s1,Noun,Probability; a measured or formally estimated degree of likelihood under uncertainty,1,0,2,2,0,
Shenreth,shenreth-s1,Noun,Measurement uncertainty; the stated range or limit within which a measured value remains uncertain,1,0,2,2,0,
Shenlianeth,shenlianeth-s1,Adjective,"Accurate; close to a trusted reference, accepted value, or well-supported account",1,0,2,2,0,
Pelsheneth,pelsheneth-s1,Adjective,Precise; narrowly resolved or consistently specified in measurement or expression,1,0,2,2,0,
Shenvarash,shenvarash-s1,Noun,"Scientific prediction or forecast; a stated future outcome derived from evidence, a model, calculation, or theory",1,0,2,2,0,
Shenvarashaen,shenvarashaen-s1,Verb,"To predict or forecast scientifically from evidence, a model, calculation, or theory",1,0,2,2,0,
Weksivshen,weksivshen-s1,Noun,Replication; an independently repeated experiment or test intended to determine whether a result recurs,1,0,2,2,0,
Weksivshenaen,weksivshenaen-s1,Verb,To replicate an experiment or test; to repeat its relevant method in order to test whether the result recurs,1,0,2,2,0,
Shalpel,shalpel-s1,Noun,"Lens; a shaped transparent, reflective, crystalline, magical, or hybrid component that redirects or focuses light",1,0,2,2,0,
Drallor,drallor-s1,Noun,Telescope; an instrument that gathers or directs signals to observe distant celestial objects,1,0,2,2,0,
Fellor,fellor-s1,Noun,Microscope; an instrument that magnifies or otherwise resolves structures too small for unaided sight,1,0,2,2,0,
Aru,aru-s2,Noun,Magic; intentional relationship or practice through which extraordinary forces beings places artifacts conditions or systems produce effects beyond ordinary causation,1,0,2,2,0,
Arueth,arueth-s1,Adjective,Magical; relating to magic or produced through magical practice,1,0,2,2,0,
Kaarueth,kaarueth-s1,Adjective,Nonmagical; not involving or produced through magic,1,0,2,2,0,
Aruaen,aruaen-s1,Verb,To use or practice magic generally,1,0,4,4,0,
Arural,arural-s1,Noun,Magical practitioner; a person who intentionally practices or works with magic,1,0,38,38,0,
Rinaru,rinaru-s1,Noun,Spiritual magic; magic acting through essence spirits attunement spiritual bonds or metaphysical identity,1,0,2,2,0,
Kalaru,kalaru-s1,Noun,Physical magic; magic acting upon matter bodies elements energy force motion or physically manifested change,1,0,2,2,0,
Esharu,esharu-s1,Noun,Mental magic; magic acting upon thought awareness perception memory emotion dream or will,1,0,2,2,0,
Arukel,arukel-s1,Noun,Spell; a bounded repeatable magical formulation encoded through words movement marks calculation music tools or another defined expression,1,0,3,3,0,
Arukelaen,arukelaen-s1,Verb,To cast or activate a spell,1,0,2,2,0,
Shankalaen,shankalaen-s1,Verb,To channel power through oneself a tool a bond or another medium,1,0,2,2,0,
Rinbel,rinbel-s1,Noun,Enchantment; a sustained extraordinary property or directive bound into the operative identity of a person object or place,1,0,2,2,0,
Rinbelaen,rinbelaen-s1,Verb,To enchant or imbue by binding a sustained extraordinary property or directive into operative identity,1,0,2,2,0,
Rinbeleth,rinbeleth-s1,Adjective,Enchanted; bearing a sustained extraordinary property or directive bound into operative identity,1,0,2,2,0,
Arthrin,arthrin-s1,Noun,Ward; a maintained protective condition held through essence bond intention or magic,1,0,2,2,0,
Xarrin,xarrin-s1,Noun,Metaphysical seal or containment; a maintained condition that closes confines or prevents passage across a metaphysical boundary,1,0,2,2,0,
Kaaruaen,kaaruaen-s1,Verb,To dispel or suppress an active magical effect,1,0,2,2,0,
Vaarrin,vaarrin-s1,Noun,Blessing; an intended beneficial condition conferred upon a person object place relationship or undertaking,1,0,2,2,0,
Rathrin,rathrin-s1,Noun,Curse; a sustained hostile condition imposed upon a person object place relationship or undertaking,1,0,4,4,0,
Rinvek,rinvek-s1,Noun,Magical artifact or implement; an object made carried or used as an independently meaningful magical instrument,1,0,7,7,0,
Ohmpel,ohmpel-s1,Noun,Magical focus; an object mark bodily point or prepared location through which attention and magical connection are concentrated or aligned,1,0,6,6,0,
Mekaru,mekaru-s1,Noun,Technomancy; magical practice whose operation depends upon active integration with machines computation constructed systems or engineered interfaces,1,0,2,2,0,
Thaenin,thaenin-s1,Noun,Spirit-being; a nonbodily or partly embodied presence understood to possess awareness will or agency,1,0,8,8,0,
Thaenohm,thaenohm-s1,Noun,Spirit contact or communion; a reciprocal or attempted connection between a person and an agentive spirit-being,1,0,3,3,0,
Thaenohmaen,thaenohmaen-s1,Verb,To contact or commune with a spirit-being,1,0,3,3,0,
Rinarshor,rinarshor-s1,Noun,Aura; a perceivable or inferable field or presence surrounding a being object or place and associated with its present essence or condition,1,0,2,2,0,
Thaenbel,thaenbel-s1,Noun,Spirit-binding; a maintained bond that attaches confines obligates or anchors a spirit-being to a person object place agreement or task,1,0,2,2,0,
Thaenbelaen,thaenbelaen-s1,Verb,To bind a spirit-being to a person object place agreement or task,1,0,2,2,0,
Kathaenbelaen,kathaenbelaen-s1,Verb,To release a spirit-being from an imposed or maintained binding,1,0,2,2,0,
Krezpralaen,krezpralaen-s1,Verb,To shape or control fire or heat through extraordinary trained practice,1,0,2,2,0,
Dropralaen,dropralaen-s1,Verb,To shape or control physical water its pressure motion or form through extraordinary trained practice,1,0,2,2,0,
Eshpralaen,eshpralaen-s1,Verb,To shape or control air wind or atmospheric motion through extraordinary trained practice,1,0,2,2,0,
Morpralaen,morpralaen-s1,Verb,To shape or control soil stone metal mineral or other nonliving matter through extraordinary trained practice,1,0,2,2,0,
Velpralaen,velpralaen-s1,Verb,To shape or control cold frost snow or ice through extraordinary trained practice,1,0,2,2,0,
Zhelpralaen,zhelpralaen-s1,Verb,To shape or control electricity lightning energetic charge or comparable active power through extraordinary trained practice,1,0,2,2,0,
Tenarpralaen,tenarpralaen-s1,Verb,To shape direct or sustain visible light or radiance through extraordinary trained practice,1,0,2,2,0,
Vethpralaen,vethpralaen-s1,Verb,To shape deepen move or sustain shadow and concealment through extraordinary trained practice,1,0,2,2,0,
Shalrinaen,shalrinaen-s1,Verb,To alter a living organism's growth tissue bodily process or biological development through extraordinary practice; to perform biomancy,1,0,2,2,0,
Vethshal,vethshal-s1,Noun,Illusion; a deliberately formed sensory appearance that obscures substitutes for or misdirects perception of what is present,1,0,2,2,0,
Vethshalaen,vethshalaen-s1,Verb,To create project or maintain an illusion,1,0,2,2,0,
Vethshaleth,vethshaleth-s1,Adjective,Illusory; presenting an intentionally constructed appearance rather than the underlying thing or condition,1,0,2,2,0,
Tharbel,tharbel-s1,Noun,Compulsion; an imposed binding upon choice or will that pressures or forces a person toward an action decision or restraint,1,0,2,2,0,
Tharbelaen,tharbelaen-s1,Verb,To compel; to bind or override another person's choice or will toward an action decision or restraint,1,0,2,2,0,
Katharbelaen,katharbelaen-s1,Verb,To release a person from compulsion or restore choice after imposed will-binding,1,0,2,2,0,
Kesxar,kesxar-s1,Noun,Perceptual veil; a condition that blocks narrows redirects or suppresses what reaches conscious awareness,1,0,2,2,0,
Kesxaraen,kesxaraen-s1,Verb,To veil perception; to prevent or redirect conscious notice of a person object event sensation or feature,1,0,2,2,0,
Worshankal,worshankal-s1,Noun,Overchanneling; passage of more force energy or magical influence than a body tool bond environment or system can safely mediate,1,0,2,2,0,
Worshankalaen,worshankalaen-s1,Verb,To overchannel power or magical influence,1,0,2,2,0,
Rethkal,rethkal-s1,Noun,Power instability; a condition in which force energy or magical influence behaves incoherently unpredictably or outside intended control,1,0,2,2,0,
Rethkaleth,rethkaleth-s1,Adjective,Unstable in power or magical operation; behaving through uncontrolled or incoherent energetic change,1,0,2,2,0,
Shantham,shantham-s1,Noun,Backlash; an unintended harmful return spill or breakdown traveling through the path of a forceful energetic or magical working,1,0,2,2,0,
Ohmreth,ohmreth-s1,Noun,Attunement disruption; interference contradiction or instability within a previously coherent connection or resonance,1,0,2,2,0,
Kaohmaen,kaohmaen-s1,Verb,To sever or deliberately end an attunement resonance or metaphysical connection,1,0,2,2,0,
Naku,naku-s2,Preposition,On at or toward the left side relative to an established facing or direction of travel,1,0,2,2,0,
Sora,sora-s2,Preposition,On at or toward the right side relative to an established facing or direction of travel,1,0,2,2,0,
Deni,deni-s1,Particle,Demonstrative marking a referent within the speaker's immediate sphere; this,1,0,3,3,0,
Denya,denya-s1,Particle,Demonstrative marking a referent within the listener's immediate sphere; that by you,1,0,4,4,0,
Denla,denla-s1,Particle,Demonstrative marking a referent away from both speaker and listener; that yonder,1,0,2,2,0,
Anor,anor-s1,Noun,Interior or inside area of a bounded place object or region,1,0,2,2,0,
Kaan,kaan-s1,Preposition,Outside or beyond; not within a stated or understood boundary,1,0,2,2,0,
Anshanaen,anshanaen-s1,Verb,To enter; to cross a boundary from outside to inside a place,1,0,2,2,0,
Thalshanaen,thalshanaen-s1,Verb,To exit; to cross a boundary from inside to outside a place,1,0,3,3,0,
Hav,hav-s1,Noun,Laughter; a bodily vocal or breath-driven expression arising from amusement relief tension embarrassment disbelief or social response,1,0,3,3,0,
Havaen,havaen-s1,Verb,To laugh; to express laughter through voice breath face or bodily movement,1,0,3,3,0,
Haveth,haveth-s1,Adjective,Funny or amusing in a particular context; tending to provoke amused recognition or laughter,1,0,2,2,0,
Dovhav,dovhav-s1,Noun,Humor; playful framing incongruity or expression offered or received as amusing,1,0,2,2,0,
Dovkel,dovkel-s1,Noun,A joke; a bounded utterance story beat gesture or act framed for amusement rather than ordinary literal uptake,1,0,7,7,0,
Dovkelaen,dovkelaen-s1,Verb,To joke; with a person as direct object to tease them playfully rather than assert the words literally,1,0,2,2,0,
Keljek,keljek-s1,Noun,Wordplay or a pun; humor made through a turn in sound wording segmentation or multiple meaning,1,0,2,2,0,
Pralhav,pralhav-s1,Noun,Wit; skill in producing apt economical or artfully timed humor,1,0,3,3,0,
Dovhavral,dovhavral-s1,Noun,A comedian or comic performer; a person with a practiced role creating humor for others,1,0,2,2,0,
Havrath,havrath-s1,Noun,Mockery or ridicule; laughter or comic treatment used to diminish expose or socially lower a target,1,0,3,3,0,
Havrathaen,havrathaen-s1,Verb,To mock or ridicule someone; to use laughter or comic treatment against a target,1,0,2,2,0,
Jekkel,jekkel-s1,Noun,Irony; an understood contrast in which surface wording or apparent circumstances turn away from intended evaluation or actual outcome,1,0,2,2,0,
Peljekkel,peljekkel-s1,Noun,Sarcasm; pointed irony used to criticize sting challenge or teasingly rebuke,1,0,2,2,0,
Nem,nem-s1,Noun,Understanding or comprehension; a coherent mental grasp of what something means how it works or how its parts relate,1,0,2,2,0,
Nemaen,nemaen-s1,Verb,To understand or comprehend,1,0,2,2,0,
Rethnem,rethnem-s1,Noun,A misunderstanding; a coherent but incorrect interpretation or grasp,1,0,2,2,0,
Rethnemaen,rethnemaen-s1,Verb,To misunderstand or form or hold an incorrect interpretation,1,0,2,2,0,
Kelnemaen,kelnemaen-s1,Verb,To explain or communicate something so another person can understand it,1,0,2,2,0,
Selnemaen,selnemaen-s1,Verb,To clarify; to make an existing statement idea instruction or understanding less obscure or ambiguous,1,0,2,2,0,
Mbaen,mbaen-s1,Verb,To help or assist; to contribute effort ability care or resources toward another's need or undertaking without necessarily taking it over,1,0,6,6,0,
Zev,zev-s1,Noun,Envy; painful comparative desire for an advantage possession quality opportunity or position understood to belong to another,1,0,3,3,0,
Zevaen,zevaen-s1,Verb,To envy or feel comparative desire for what another has or is understood to have,1,0,2,2,0,
Fahohm,fahohm-s1,Noun,Jealousy; fear that another may displace oneself within a valued bond attention or relational place,1,0,2,2,0,
Fahohmaen,fahohmaen-s1,Verb,To feel jealousy concerning a valued relationship attention or relational place,1,0,2,2,0,
Mira,mira-s2,Noun,Embarrassment; immediate self-conscious social discomfort caused by awkwardness exposure error or unwanted attention,1,0,2,2,0,
Miraen,miraen-s1,Verb,To feel embarrassed,1,0,2,2,0,
Daku,daku-s1,Noun,Boredom; an unpleasant or restless absence of engagement meaningful occupation novelty or attention,1,0,2,2,0,
Dakuaen,dakuaen-s1,Verb,To be or become bored,1,0,2,2,0,
Ravohm,ravohm-s1,Noun,Loneliness; painful longing for connection that feels absent insufficient or unreachable,1,0,2,2,0,
Ravohmaen,ravohmaen-s1,Verb,To feel lonely,1,0,2,2,0,
Kavkrez,kavkrez-s1,Noun,Resentment; anger or grievance retained across time because a harm insult exclusion or unfairness feels unanswered,1,0,2,2,0,
Kavkrezaen,kavkrezaen-s1,Verb,To resent or retain anger or grievance toward a person act or condition,1,0,2,2,0,
Fahreth,fahreth-s1,Noun,Anxiety; sustained or recurring apprehensive activation shaped by uncertain or anticipated threat whether or not a specific danger is identifiable,1,0,2,2,0,
Fahrethaen,fahrethaen-s1,Verb,To feel anxious,1,0,2,2,0,
Doran,doran-s2,Noun,Torso or trunk; the main bodily region excluding the head and limbs,1,0,2,2,0,
Breka,breka-s2,Noun,Chest; the front upper torso over the ribs and heart-lung region,1,0,2,2,0,
Vesh,vesh-s2,Noun,Back; the rear surface of the torso from the shoulders toward the pelvis,1,0,2,2,0,
Davel,davel-s2,Noun,Belly or abdomen; the front lower torso between the chest and pelvis,1,0,2,2,0,
Korkalvar,korkalvar-s1,Noun,Shoulder; the source or upper joining region of the arm,1,0,2,2,0,
Kalvargora,kalvargora-s1,Noun,Elbow; the principal bending joint in the middle of the arm,1,0,2,2,0,
Gora,gora-s1,Noun,A bodily joint where bones meet and movement is allowed or limited,1,0,2,2,0,
Koringora,koringora-s1,Noun,Wrist; the joint region joining the hand to the arm,1,0,2,2,0,
Pir,pir-s2,Noun,Finger or articulated digit of the hand; includes the thumb unless a contrast is needed,1,0,2,2,0,
Korsharvar,korsharvar-s1,Noun,Hip; the source or upper joining region of the leg at the torso,1,0,2,2,0,
Sharvargora,sharvargora-s1,Noun,Knee; the principal bending joint in the middle of the leg,1,0,2,2,0,
Morlkagora,morlkagora-s1,Noun,Ankle; the joint region joining the foot to the leg,1,0,2,2,0,
Morlkapir,morlkapir-s1,Noun,Toe; an articulated digit of the foot,1,0,2,2,0,
Xarmetha,xarmetha-s1,Noun,Living skin; the body's outer protective tissue,1,0,2,2,0,
Metha,metha-s1,Noun,Flesh or soft bodily tissue beneath the skin and around the skeleton,1,0,2,2,0,
Kalmetha,kalmetha-s1,Noun,Muscle; strength-producing contractile bodily tissue,1,0,2,2,0,
Zek,zek-s2,Noun,Tooth; a hard structure in the mouth used for biting and chewing,1,0,2,2,0,
Lera,lera-s2,Noun,Tongue; the mouth organ used for taste speech and moving food,1,0,2,2,0,
Numor,numor-s1,Noun,Throat; the internal passage behind the mouth used in swallowing,1,0,2,2,0,
Tash,tash-s1,Noun,An organ; a differentiated internal bodily structure with a characteristic function,1,0,2,2,0,
Khelu,khelu-s1,Noun,Brain,1,0,2,2,0,
Aentash,aentash-s1,Noun,Lung; a breathing or gas-exchange organ,1,0,2,2,0,
Lumar,lumar-s1,Noun,Liver,1,0,2,2,0,
Kedir,kedir-s1,Noun,Kidney,1,0,2,2,0,
Emiltash,emiltash-s1,Noun,Stomach; the first food-receiving digestive organ,1,0,2,2,0,
Emilshan,emilshan-s1,Noun,Intestine or bowel; the digestive passage beyond the stomach,1,0,2,2,0,
Urenvek,urenvek-s1,Noun,Urinary bladder; the organ that holds urine,1,0,3,3,0,
Lesh,lesh-s2,Noun,Nerve; a bodily strand or pathway carrying sensation or movement signals,1,0,2,2,0,
Ndemshan,ndemshan-s1,Noun,Blood vessel; a bodily passage carrying blood,1,0,2,2,0,
Khos,khos-s1,Noun,A cough; one abrupt forceful expulsion of air,1,0,2,2,0,
Khosaen,khosaen-s1,Verb,To cough,1,0,3,3,0,
Zer,zer-s1,Noun,A sneeze; one abrupt involuntary expulsion through the nose and mouth,1,0,2,2,0,
Zeraen,zeraen-s1,Verb,To sneeze,1,0,2,2,0,
Suv,suv-s1,Noun,Sweat or perspiration,1,0,2,2,0,
Suvaen,suvaen-s1,Verb,To sweat or perspire,1,0,2,2,0,
Nar,nar-s2,Noun,Nausea; a sick sensation or urge that one may vomit,1,0,2,2,0,
Naraen,naraen-s1,Verb,To vomit,1,0,3,3,0,
Uren,uren-s1,Noun,Urine,1,0,3,3,0,
Urenaen,urenaen-s1,Verb,To urinate,1,0,3,3,0,
Fek,fek-s2,Noun,Feces or stool,1,0,2,2,0,
Fekaen,fekaen-s1,Verb,To defecate,1,0,3,3,0,
Ndemwek,ndemwek-s1,Noun,Menstruation or a menstrual period; recurring reproductive bleeding,1,0,2,2,0,
Ndemwekaen,ndemwekaen-s1,Verb,To menstruate,1,0,2,2,0,
Kakesrinaen,kakesrinaen-s1,Verb,To faint or lose consciousness suddenly and temporarily,1,0,2,2,0,
Noka,noka-s2,Noun,Vulva; the external genital structures surrounding the vaginal and urethral openings,1,0,2,2,0,
Nokashan,nokashan-s1,Noun,Vagina; the elastic internal muscular canal extending from the vulva to the cervix,1,0,2,2,0,
Kiri,kiri-s2,Noun,Clitoris; the erectile sensory organ of vulval anatomy,1,0,2,2,0,
Mara,mara-s2,Noun,Uterus; the muscular reproductive organ in which pregnancy may develop,1,0,2,2,0,
Marasorl,marasorl-s1,Noun,Cervix; the lower narrow part of the uterus opening into the vagina,1,0,2,2,0,
Seki,seki-s2,Noun,Ovary; a gonad that produces ova and reproductive hormones,1,0,2,2,0,
Tava,tava-s2,Noun,Penis; the external genital organ containing the urethra and involved in urination and sexual function,1,0,2,2,0,
Nderu,nderu-s2,Noun,Testicle; a gonad that produces sperm and reproductive hormones,1,0,2,2,0,
Nderuxar,nderuxar-s1,Noun,Scrotum; the external sac of skin and tissue containing the testicles,1,0,2,2,0,
Urenshan,urenshan-s1,Noun,Urethra; the duct carrying urine from the bladder to the exterior and in some bodies also carrying semen,1,0,2,2,0,
Fena,fena-s2,Noun,Anus; the external opening at the end of the digestive tract through which feces leave the body,1,0,2,2,0,
Leya,leya-s1,Noun,Sexual arousal; bodily sexual activation whether or not accompanied by desire consent or intended action,1,0,2,2,0,
Leyaen,leyaen-s1,Verb,To become or be sexually aroused,1,0,2,2,0,
Leyajor,leyajor-s1,Noun,Orgasm; a brief peak reflex of sexual stimulation and release,1,0,2,2,0,
Leyajoraen,leyajoraen-s1,Verb,To have an orgasm,1,0,2,2,0,
Kelvordren,kelvordren-s1,Noun,Saliva; bodily fluid produced in the mouth that moistens food and assists taste and swallowing,1,0,2,2,0,
Lorinshaldren,lorinshaldren-s1,Noun,Tears; fluid produced by the eyes for protection irritation or emotional response,1,0,2,2,0,
Korpir,korpir-s1,Noun,Thumb; the hand digit set apart from the other fingers and central to grip,1,0,2,2,0,
Morlkavesh,morlkavesh-s1,Noun,Heel; the rear weight-bearing part of the foot,1,0,2,2,0,
Ruma,ruma-s1,Noun,Human hair; individual or collective hair growing from a person's scalp or body,1,0,2,2,0,
Mu,mu-s1,Particle,What; optional content-question particle requesting an unidentified thing event content or matter,1,0,2,2,0,
Nu,nu-s1,Particle,When; optional content-question particle requesting a time occasion or temporal point,1,0,2,2,0,
Zhe,zhe-s1,Particle,Why; optional content-question particle requesting a cause reason or motivation,1,0,2,2,0,
Sha,sha-s1,Particle,How; optional content-question particle requesting a manner method or means,1,0,2,2,0,
Lo,lo-s1,Particle,Where; optional content-question particle requesting a place location source or destination,1,0,2,2,0,
Ri,ri-s1,Particle,Who; optional content-question particle requesting the identity of a person being or agentive participant,1,0,2,2,0,
Tera,tera-s1,Noun,Home / Dwelling / Homestead (informal form of Teremil),1,0,3,3,0,
Velkrel,velkrel-s1,Noun,Breeze / Cool breeze / Light wind,1,0,1,1,1,
Varan,varan-s1,Verb,To reside / To stay / To be located at a physical place,1,0,2,2,0,
Shalil,shalil-s1,Verb,To flow lightly / To move smoothly / To glide / To drift,1,0,12,12,0,
Serathrin,serathrin-s1,Noun,Confidant / Trusted inner friend / Sworn ally,1,0,3,3,0,
Zhivor,zhivor-s1,Noun,Family line / Ancestral household / Kin group,1,0,3,3,0,
Tharvok,tharvok-s1,Noun,Family / Heart-bonded family / Clan,1,0,7,7,0,
Evan,evan-s1,Noun,Market / Marketplace / Trading plaza,1,0,8,8,0,
Shenakar,shenakar-s1,Noun,Coinage / Currency system / Official trade money,1,0,4,4,0,
Em,em-s1,Interjection,Um / Uh (hesitation or thinking particle),2,0,2,0,2,
Em,em-s2,Particle,Conversational hesitation / Thinking particle,2,0,2,0,2,
Varin,varin-s1,Verb,To know / To be aware of,1,0,2,2,0,
Shena,shena-s1,Noun,Coin / Coins / Physical money,1,0,4,4,0,
Nkathal,nkathal-s1,Noun,Sadness / Grief / Sorrow / Enduring emotional pain,1,0,2,2,0,
Vrak,vrak-s1,Adjective,Gone / Missing / Depleted / Dry (Trerran dialect),2,0,1,0,2,
Vrak,vrak-s2,Particle,Gone / Missing / Depleted (Trerran dialect),2,0,1,0,2,
Theren,theren-s1,Noun,Village / Settlement / Local community,1,0,3,3,0,
Serilin,serilin-s1,Noun,Sister / Female sibling,1,0,2,2,0,
Aelin,aelin-s1,Noun,Youth / Young person / Student / Pupil,1,0,1,1,1,
Im,im-s1,Noun,Device / Instrument / Implement / Internal mechanism,1,1,0,1,1,
Dreshal,dreshal-s1,Noun,Crystal device / Crystal implement,1,0,1,1,1,
Varshel,varshel-s1,Noun,Road / Travel path / Highway,1,0,2,2,0,
Eshvan,eshvan-s1,Noun,Shop / Store / Market stall,1,0,2,2,0,
Noraen,noraen-s1,Verb,To guide / To lead through time or experience / To instruct,1,0,1,1,1,
Thalesh,thalesh-s1,Noun,Ritual / Sacred balance ceremony,2,0,1,0,2,
Thalesh,thalesh-s2,Verb,To perform a balance rite,2,0,1,0,2,
Thalor,thalor-s1,Noun,Outside / Exterior / Outer place,2,0,2,0,2,
Thalor,thalor-s2,Adverb,Outside,2,0,2,0,2,
Daraen,daraen-s1,Verb,To wait / To pause / To remain pending,1,0,2,2,0,
Varral,varral-s1,Noun,Traveler / Wanderer / Person on a journey,1,0,8,8,0,
Karjor,karjor-s1,Noun,Impact / Mechanical surge / Strike force / Burst of energy,1,0,2,2,0,
Kavel,kavel-s1,Noun,Forgetfulness / Memory gap / Loss of awareness,1,0,1,1,1,
Vorkaral,vorkaral-s1,Noun,Worker / Mechanic / Laborer / Tool-operator,1,0,5,5,0,
Noral,noral-s1,Noun,Night / Nighttime / Nocturnal hours,1,0,3,3,0,
Khumrel,khumrel-s1,Noun,Compassion / Empathetic listening / Circle of care,1,0,2,2,0,
Terrarav,terrarav-s1,Noun,Pull of one's homeland / Yearning for home,1,0,1,1,1,
Zhirrathor,zhirrathor-s1,Noun,Thread to the past / Historical continuity / Lineage link,1,0,2,2,0,
Rin,rin-s1,Noun,Essence; inner spirit; true self,1,0,2,2,0,
Bel,bel-s1,Verb,"To bind or weave (symbolizing interconnection, fabric, or networks).",1,0,3,3,0,
Ohm,ohm-s1,Noun,Connection; empathy; spiritual unity,1,0,4,4,0,
Mor,mor-s1,Noun,Matter; soil; earthy substance; physical grounding,1,0,10,10,0,
Veth,veth-s1,Noun,Shade; mystery; hidden or sleeping things,1,0,5,5,0,
Neth,neth-s1,Noun,Rest; physical stillness; support,1,0,2,2,0,
Vanesh,vanesh-s1,Noun,Commerce; formal trade; merchant work,2,0,15,0,2,
Vanesh,vanesh-s2,Verb,To trade / To conduct commerce,2,0,15,0,2,
Kar,kar-s1,Noun,Strike; mechanical force; tool-work,2,0,2,0,2,
Kar,kar-s2,Verb,To strike / To apply force,2,0,2,0,2,
Verd,verd-s1,Noun,Foliage; forest growth; botanical life,1,0,2,2,0,
Trak,trak-s1,Noun,Tread; step; foot-borne movement,1,0,0,0,2,
Kav,kav-s1,Noun,Age; preservation; ancient duration,1,0,0,0,2,
Vel,vel-s1,Noun,Wisdom; stillness; cold endurance,1,0,3,3,0,
Zhir,zhir-s1,Noun,Lineage; thread; connection through time,1,0,2,2,0,
Khum,khum-s1,Noun,Circle; listening; reconciliation,1,0,2,2,0,
Tla,tla-s1,Noun,Intimacy; closeness; unspoken connection,1,0,0,0,2,
Jor,jor-s1,Noun,Surge or burst (symbolizing sudden movements or energetic flows).,2,3,13,3,0,
Jor,jor-s2,Verb,To surge / To burst forth,2,0,13,0,2,
Jek,jek-s1,Noun,Spiral or twist (symbolizing swirling patterns or dynamic shapes).,1,0,2,2,0,
Wek,wek-s1,Noun,Circularity or cycles (symbolizing completeness or renewal).,1,0,5,5,0,
Lor,lor-s1,Noun,Guidance; sight; focus of leadership,1,0,0,0,2,
Wor,wor-s1,Noun,Abundance or plenty (symbolizing generosity or surplus).,1,0,3,3,0,
Vin,vin-s1,Noun,Pull; extraction; drawing out essence,1,0,0,0,2,
Zhael,zhael-s1,Noun,Bloom; renewal; soft opening; empathy,1,0,1,1,1,
Nk,nk-s1,Noun,Endurance; hidden strength,1,0,0,0,2,
Nku,nku-s1,Adjective,Hidden nurturing; held calm,1,0,0,0,2,
Phel,phel-s1,Noun,Warmth or comfort (symbolizing physical or emotional ease).,1,0,2,2,0,
Prak,prak-s1,Noun,"Softness or tenderness (e.g., soft food or texture).",1,0,2,2,0,
Bros,bros-s1,Verb,Layering or stratification (symbolizing levels or textures).,1,0,2,2,0,
Bal,bal-s1,Noun,"Growth or sprouting (e.g., plants, development).",1,0,3,3,0,
Bren,bren-s1,Noun,"Harvest (e.g., the act or result of gathering food).",2,0,8,0,2,
Bren,bren-s2,Verb,To harvest / To gather,2,0,8,0,2,
Jel,jel-s1,Noun,Flavor or zest (bright taste or sensory experience).,1,0,2,2,0,
Wel,wel-s1,Verb,"Sharing or unity (emphasizing communal aspects, symbolizing seamless connections or unbroken lines).",1,0,6,6,0,
Xar,xar-s1,Noun,Shadow or cover (tied to concealed or protective qualities).,2,0,5,0,2,
Xar,xar-s2,Verb,To cover / To shelter / To close off,2,0,5,0,2,
Xil,xil-s1,Adjective,Hidden or secret (used for foods with a mysterious origin or preparation).,1,0,2,2,0,
Mb,mb-s1,Noun,Support; pillar; foundational weight,1,0,0,0,2,
Rek,rek-s1,Noun,Peak intensity; burning or heated state,1,0,0,0,2,
Rav,rav-s1,Noun,Pull; yearning; destiny attraction,1,0,2,2,0,
Thaen,thaen-s1,Noun,Spirit-breath; still internal seasonality,1,0,0,0,2,
Elor,elor-s1,Noun,Growth; upward alignment; unfolding maturity,1,1,0,1,1,
Zhel,zhel-s1,Noun,Spark; energy; quick power-flash,1,0,4,4,0,
Mek,mek-s1,Verb,Forging; construction; artificial making,1,0,3,3,0,
Vek,vek-s1,Noun,Carrier; vessel; transported charge or substance,1,0,1,1,1,
Livar,livar-s1,Noun,Preservation; salt-fixing; anti-decay,1,0,0,0,2,
Marin,marin-s1,Noun,Branch; extension; outward-growing limb,1,1,0,1,1,
Fennil,fennil-s1,Noun,Leaf; herb; soft medicinal greens,1,0,5,5,0,
Vilor,vilor-s1,Noun,Berry essence; small sweet fruit,1,0,7,7,0,
Alor,alor-s1,Verb,Falling; descent; downward motion,1,0,1,1,1,
Arshor,arshor-s1,Noun,Enveloping presence; atmospheric blanket,1,0,1,1,1,
Torin,torin-s1,Noun,Protein; meat; concentrated animal sustenance,1,0,9,9,0,
Tarin,tarin-s1,Noun,Dried sweetness; sun-preserved fruit,1,0,0,0,2,
Soril,soril-s1,Noun,Depth of flavor; complex taste-body,1,0,0,0,2,
Tham,tham-s1,Verb,Mashing; softening; breaking structure down,1,0,0,0,2,
Venak,venak-s1,Noun,Warmth-vessel; held heat; stew-state,1,0,3,3,0,
Lak,lak-s1,Noun,Grain; earthy food-substance; bread material,1,0,0,0,2,
Van,van-s1,Noun,Commercial site; market-space; shop-place,1,0,3,3,0,
Kadren,kadren-s1,Noun,"Masculine essence (strength, groundedness).",1,0,0,0,2,
Azan,azan-s1,Noun,"Feminine essence (nurturing, fluidity).",1,0,0,0,2,
Thee,thee-s1,Noun,"Neutral essence (balance, unity).",1,0,0,0,2,
Tha-,tha--s1,Prefix,Past Tense,1,0,0,0,2,
Nor-,nor--s2,Prefix,Future Tense,1,0,0,0,2,
-al,-al-s1,Suffix,Continuous,1,0,0,0,2,
-ath,-ath-s1,Suffix,Perfective,1,0,0,0,2,
-as,-as-s1,Suffix,Habitual,1,0,0,0,2,
Ver,ver-s1,Particle,Negation before the verb or noun,1,0,27,27,0,
Ra,ra-s1,Particle,Questions start with Ra,1,0,32,32,0,
Va,va-s1,Particle,Imperatives (Commands) start with Va,1,0,22,22,0,
-ka,-ka-s1,Particle,Possessive/linking marker,1,0,0,0,2,
Kilv,kilv-s1,Noun,shadow/time,1,0,0,0,2,
Pel,pel-s1,Noun,"Sharpness or clarity (symbolizing clean cuts, flavors, or piercing qualities).",1,0,3,3,0,
Jin,jin-s1,Adjective,"Unique or rare (e.g., exotic or specialty foods).",1,0,2,2,0,
Nk-,nk--s1,Noun,"Endurance, hidden strength",1,0,0,0,2,
Rav-,rav--s1,Noun,"Pull, yearning",1,0,0,0,2,
Mb-,mb--s1,Noun,"Layered, supportive",1,0,0,0,2,
Tla-,tla--s1,Noun,"Close, intimate connection",1,0,0,0,2,
Ohm-,ohm--s1,Noun,"Connection, unity",1,0,0,0,2,
Khum-,khum--s1,Noun,"Circle, reconciliation",1,0,0,0,2,
Zhae-,zhae--s1,Noun,"Light, empathy",1,0,0,0,2,
Nku-,nku--s1,Adjective,"Hidden, nurturing",1,0,0,0,2,
-in,-in-s1,Suffix,Plural marker added to nouns ending in consonants,2,0,0,0,2,
-in,-in-s2,Suffix,"Person or participant connected to a bond, place, or category",2,0,0,0,2,
-n,-n-s1,Suffix,Plural marker added to nouns ending in vowels,1,0,0,0,2,
-or,-or-s1,Suffix,Place/Location,1,0,0,0,2,
-en,-en-s1,Suffix,Honorific/Formal-High Respect,3,0,0,0,2,
-en,-en-s2,Suffix,Honorific/Respected form,3,0,0,0,2,
-en,-en-s3,Suffix,Partner bonded to you,3,0,0,0,2,
-lin,-lin-s1,Suffix,Collective/Diminutive,1,0,0,0,2,
-aen,-aen-s1,Suffix,Verb-forming,1,0,0,0,2,
Ver-,ver--s1,Prefix,Negation,1,0,0,0,2,
Li-,li--s1,Prefix,Respect/Honorific,2,0,0,0,2,
Li-,li--s2,Prefix,show respect,2,0,0,0,2,
Lior,lior-s1,Pronoun,Relative Pronoun,1,0,2,2,0,
Ther,ther-s1,Particle,Comparative marker: more than,1,0,1,1,1,
-esh,-esh-s1,Suffix,deep relational ties,1,0,0,0,2,
-el,-el-s1,Suffix,Affectionate suffix marking a beloved bond or endearment,1,0,0,0,2,
Ten-,ten--s1,Prefix,Tens prefix,1,0,0,0,2,
Hek-,hek--s1,Prefix,Hundreds prefix,1,0,0,0,2,
Mel-,mel--s1,Prefix,Thousands prefix,1,0,0,0,2,
Fen-,fen--s1,Prefix,Tens of thousands prefix,1,0,0,0,2,
Hek-Mel-,hek-mel--s1,Prefix,Hundreds of thousands construction,1,0,0,0,2,
Ven,ven-s1,Particle,Subtraction marker meaning minus/subtract,1,0,2,2,0,
-eth,-eth-s1,Suffix,"Adjectival quality suffix: -like, -ful; marks a root's inherent quality or essential manifestation",2,0,0,0,2,
-eth,-eth-s2,Suffix,Elevated or ritual noun suffix: sacred act or ritual of a root,2,0,0,0,2,
vael,vael-s1,Particle,Subjunctive mood: wishes/hypotheticals,1,0,3,3,0,
nor-ka,nor-ka-s1,Particle,passive voice echo particle,2,0,9,0,2,
nor-ka,nor-ka-s2,Particle,Now / In this moment / At present,2,0,9,0,2,
Shal-,shal--s1,Noun,"Light, glow, brightness; hope, truth, creation, clarity, revelation, wisdom, life, beginnings.",1,0,0,0,2,
Krez-,krez--s1,Noun,"Fire, heat, energy; passion, creation, strength, life-force, warmth, resilience, purification.",1,0,0,0,2,
Dren-,dren--s1,Noun,"Water, liquid, fluid; life, flow, change, healing, emotion, intuition, cleansing, adaptation.",1,0,0,0,2,
Morl-,morl--s1,Noun,"Stone, rock, mountain; endurance, history, stubbornness, strength, foundation, stability, defense.",1,0,0,0,2,
Esh-,esh--s1,Noun,"Sky, air, wind; freedom, thought, divine, intellect, perspective, beginnings.",1,0,0,0,2,
terra- / Terra-,terra- / terra--s1,Noun,"Earth, ground, soil, land; lowercase terra is mundane physical ground; capitalized Terra is the world as living spiritual entity.",1,0,0,0,2,
Lian-,lian--s1,Noun,"Truth, honesty; reality, natural law, essence, logic, clarity, correctness.",1,0,0,0,2,
Thal-,thal--s1,Noun,"Balance, harmony, equilibrium; also preposition meaning From / Out of.",1,0,0,0,2,
Reth- / Rethvok-,reth- / rethvok--s1,Noun,"Reth: uncertainty, confusion, doubt, a question, or. Rethvok: chaos, disorder, un-ordered state.",1,0,0,0,2,
Rin-,rin--s1,Noun,"Essence, core nature, spirit, intrinsic quality.",1,0,0,0,2,
Bel-,bel--s1,Verb,"To bind, weave, connect, fasten; civilization, bonds, restrictions, systems.",1,0,0,0,2,
Kal-,kal--s1,Noun,"Strength, power, force; neutral force whose virtue depends on use.",1,0,0,0,2,
Shara-,shara--s1,Noun,"A path, a road, a journey; life path, strategy, decision path.",1,0,0,0,2,
Thar-,thar--s1,Noun,"The physical heart; source of emotion, will, and true inner self.",1,0,0,0,2,
Var-,var--s1,Verb,"To go, move, travel; also preposition to/towards; action and existence.",1,0,0,0,2,
Aen-,aen--s1,Verb,"To speak, breathe, make a sound; also complementizer that.",1,0,0,0,2,
Pralaen-,pralaen--s1,Verb,"To make, craft, shape with care; skill, purpose, imposing order.",1,0,0,0,2,
Vok-,vok--s1,Noun,Duality of breaking a bond and forming a unity; noun Vok means unity; verb vokaen breaks unity.,1,0,0,0,2,
Ser-,ser--s1,Noun,"Friend, ally; also with and and.",1,0,0,0,2,
Rath-,rath--s1,Noun,"Enemy, foe, adversary; also conditional particle if.",1,0,0,0,2,
Zhir-,zhir--s1,Noun,"Thread, line, cord; connection through time, lineage, history, cause-effect, fate.",1,0,0,0,2,
Kel-,kel--s1,Verb,"To say, speak, name; definition and ordering through language.",1,0,0,0,2,
Rinaen,rinaen-s1,Verb,To be; to exist in essence; is-in-essence,1,0,623,623,0,
Emil,emil-s1,Noun,Food; meal,1,0,27,27,0,
Teremil,teremil-s1,Noun,Home,1,0,29,29,0,
Serin,serin-s1,Noun,Friends,1,0,14,14,0,
Varadan,varadan-s1,Noun,Merchant,1,0,12,12,0,
Harven,harven-s1,Noun,Pack Beast,1,0,1,1,1,
Zharrel,zharrel-s1,Noun,Forest Predator,1,0,0,0,2,
Tharnspinners,tharnspinners-s1,Noun,Arachnid,1,0,0,0,2,
Veilgliders,veilgliders-s1,Noun,Gliding Insectivore,1,0,0,0,2,
Tharokh,tharokh-s1,Noun,Endurance Mount,1,0,1,1,1,
Velshen,velshen-s1,Noun,Burrowing Creature,1,0,0,0,2,
Shavrek,shavrek-s1,Noun,Cliff Forager,1,0,0,0,2,
Mossquill,mossquill-s1,Noun,Pollinator,1,0,0,0,2,
Rynarth,rynarth-s1,Noun,Fox-like Predator,1,0,0,0,2,
Vroshan,vroshan-s1,Noun,Scavenger,1,0,0,0,2,
Brinnek,brinnek-s1,Noun,Migratory Grazer,1,0,0,0,2,
Thravic,thravic-s1,Noun,Ambush Predator,1,0,0,0,2,
Fennlur,fennlur-s1,Noun,Pack Runner,1,0,0,0,2,
Vexflit,vexflit-s1,Noun,Pollinator Bird,1,0,0,0,2,
Grivol,grivol-s1,Noun,Burrowing Rodent,1,0,0,0,2,
Rethal,rethal-s1,Noun,River Predator,1,0,0,0,2,
Lumora,lumora-s1,Noun,Schooling Fish,1,0,0,0,2,
Thryssal,thryssal-s1,Noun,Swamp Scavenger,1,0,0,0,2,
Braskal,braskal-s1,Noun,Coastal Herbivore,1,0,0,0,2,
Selkari,selkari-s1,Noun,Ocean Guardian,1,0,0,0,2,
Zhenlor,zhenlor-s1,Noun,Legendary Figure,1,0,0,0,2,
Zharak,zharak-s1,Noun,Legendary Figure,1,0,0,0,2,
Lorynth,lorynth-s1,Noun,Legendary Figure,1,0,0,0,2,
