headword_id,entry_id,celan_text,translation,sense_id,display_kind
ilin,PE-S4A-0005,rinaen ohm ser Ilin.,Connection is with us.,,sentence
ilin,PE-ER2-0012,lorin belshara Ilin shan vethor.,Duty guides us through the shadow.,,sentence
ilin,PE-V2-0044,tal Ilin talrin ser vaar.,We give an offering with peace.,,sentence
ilin,PE-V4-0058,velaen Ilin morlak.,We eat the bread.,ilin-s1,sentence
ilin,PE-V4-0062,nor-vethoraen Ilin an nethlor.,We will sleep on the beds.,,sentence
ilin,PE-V4-0080,lorin belthal Ilin.,Order guides us.,,sentence
ilin,PE-ER2-0011,arth Ilin vok ser vaar.,We protect the bond with peace.,,sentence
ilin,PE-ER2-0013,tal theon thal an Ilin.,The neutral person gives balance to us.,,sentence
ilin,PE-ER2-0042,sharaen Ilin wek an lun.,We follow the cycle of the moon.,,sentence
ilin,PE-ER2-0044,tal Terra wor an Ilin.,The Earth gives plenty to us.,,sentence
ilin,PE-ER2-0045,tal krezor phel an Ilin.,The hearth gives warmth to us.,,sentence
ilin,PE-ER2-0068,var Ilin an khum.,We go to the listening circle.,,sentence
ilin,PE-ER2-0070,aen Li-Seren-en an Ilin.,The Respected Guardian speaks to us.,,sentence
ilin,PE-ER2-0075,tal Terra kal an Ilin.,The Earth gives strength to us.,,sentence
ilin,PE-V1-0005,Ilin-ka emil,“Our meal”,,sentence
ilin,PE-V2-0050,Vanesh Ilin ka-shen lialor.,We trade via barter indeed.,,sentence
ilin,PE-V3-0054,Vialaen Ilin ser vaar.,We rejoice in peace.,,sentence
ilin,PE-V3-0057,Shalaen Ilin an Kinnshal.,We hope in the dawn.,,sentence
ilin,PE-V3-0064,Thaalaen Ilin an Dral.,We wonder at the heavens.,,sentence
ilin,PE-V4-0014,Velaen Ilin an morlak.,We [you and I] are eating the bread.,,sentence
ilin,PE-V4-0025,Arth shalkor Ilin thal fah.,The lamp protects us from the darkness.,,sentence
ilin,PE-V4-0070,Ravokhaen Ilin thallian.,We desire justice.,,sentence
ilin,PE-V4-0072,Rinaen belshara an Ilin.,Duty is with us.,,sentence
ilin,PE-V4-0079,Var Ilin an vaarlor.,We go into safety.,,sentence
ilin,PE-NE1-0001,tal droral droshen an Ilin.,The water keeper gives the water ration to us.,,sentence
ilin,PE-NE1-0046,rinaen Ilin ser welkrez.,We are together by the communal fire.,,sentence
ilin,PE-NE1-0049,arth xarphelor Ilin thal veljor.,The insulated shelter protects us from the cold snap.,,sentence
ilin,PE-NE1-0061,lorin thalbel Ilin.,The law guides us.,,sentence
ilin,PE-CNE1-0047,pralaen Ilin krezor servok.,We make the hearth together.,,sentence
ilin,PE-PSAC1-0048,vialaen Ilin nor rim.,We rejoice during the celebration.,,sentence
ilin,PE-PSAC1-0049,rimaen Ilin shalbal.,We celebrate the birth.,,sentence
ilin,PE-HTS1-0070,vaarshanaen Ilin felka thal krezor.,We rescue the child from the fire.,,sentence
ilin,PE-UHEI1-0006,rinaen rethnem ser Ilin.,There is a misunderstanding between us.,,sentence
ya,PE-V3-0028,"rath var Ya an dren, nor-vekaen I shena var Ya.","If you go to the water, I will bring coinage.",,sentence
ya,PE-V3-0055,ohmaen Ya kalvok-en.,You love your bonded partner.,,sentence
ya,PE-V3-0118,nor-vaneshaen Varadan ser Ya.,The merchant will trade with you.,,sentence
ya,PE-V3-0125,"va min Ya varshel an dren, Serilin!","Sister, walk the road to the water.",,sentence
ya,PE-SP2-0003,nor-var varadan var Ya ser shenakar.,The merchant will come to you with coinage.,,sentence
ya,PE-DR2-0006,varin I aen var Ya an teremil.,I know that you go to the home.,,sentence
ya,PE-SP2-0001,vanesh varadan ser Ya.,The merchant trades with you.,,sentence
ya,PE-SP2C-0028,var I an evan. var Ya sera an evan.,I go to the market. You also go to the market.,,sentence
ya,PE-SP2C-0046,ohm'aen I Ya.,I attune to you.,,sentence
ya,PE-V1-0004,Ya-ka tera,Your home (singular).,,sentence
ya,PE-V2-0047,Ra aen Ya belshen velrin?,Do you speak the price of the food?,,sentence
ya,PE-V3-0003,Li-Ya var dren.,You (respected one) go to the water.,,sentence
ya,PE-V3-0004,"Li-Ya, nor aen lian?","Respected you, may we now speak truth?",,sentence
ya,PE-V3-0007,"Li-Ya, va var dren.","Respected one, please go to the water.",,sentence
ya,PE-V3-0015,"Varthen, Ya var dren?","So, you go to the water?",,sentence
ya,PE-V3-0016,"Shalra, Ya var emil?","Well, do you get food?",,sentence
ya,PE-V3-0018,Ra var Ya dren?,Do you go to the water?,,sentence
ya,PE-V3-0019,Nor-var Ya dren an Varthas?,Will you go to the water in the city?,,sentence
ya,PE-V3-0021,"Shalra, Ya ser emil?","Well, do you bring food?",,sentence
ya,PE-V3-0022,varin I aen var Ya dren.,I know that you go to the water.,,sentence
ya,PE-V3-0029,"rath tha-var Ya an dren, tha-talaen I emil.","If you had gone to the water, I would have gotten food.",,sentence
ya,PE-V3-0062,Ra rethaen Ya nor Varash?,Do you worry about the future?,,sentence
ya,PE-V4-0007,Vael aen Ya.,May you speak / Please speak.,,sentence
ya,PE-V4-0015,Arth Imen an kaleth. Var Ya.,"We [the guards, not you] protect the fortress. You must go.",,sentence
ya,PE-V4-0059,Drenaen Ya phelvin.,You drink the comforting drink.,ya-s1,sentence
ya,PE-V4-0074,aen Ya lianor-ya.,You speak your thought.,ya-s2,sentence
ya,PE-V4-0076,ra aen Ya kelrin-ya?,Do you speak your name?,,sentence
ya,PE-V4-0083,Ra drenaen Ya dren reth phelvin?,Do you drink water or the comfort-drink?,,sentence
ya,PE-V4-0093,"Ra min Ya, Ser?","Where are you headed, Friend?",,sentence
ya,PE-V4-0095,"Lorin shara Ya an Kinnmor, Li-Ser?","Where does your path guide you this morning, Respected-Friend?",,sentence
ya,PE-V4-0097,"Aen Ya varash, Ser.","State your destination, Friend.",,sentence
ya,PE-V4-0099,"Ra shalil Ya, Ser?","Where do you flow, Friend?",,sentence
ya,PE-V4-0103,"An eshreth, ra var Ya, Ser?","In this hazy sky, where are you going, Friend?",,sentence
ya,PE-S4A-0003,Ohmaen I Ya.,I love you.,,sentence
ya,PE-CNE1-0064,rakel. va aen Ya wek'aen.,Pardon? Say it again.,,sentence
ya,PE-CNE1-0077,aen I sernor var Ya.,I speak while you walk.,,sentence
ya,PE-CNE1-0078,pralaen I sernor aen Ya.,I work while you speak.,,sentence
ya,PE-TVO1-0052,Va ver jorvaraen Ya an felshara.,Do not accelerate in the lane.,,sentence
ya,PE-ICAES1-0048,Va ver zhelaen Ya zhelshara ser rethzhelshara.,Do not energize the circuit with a short circuit.,,sentence
ya,PE-SRD1-0001,va jekaen Ya naku.,Turn left.,,sentence
ya,PE-SRD1-0003,va jekaen Ya sora.,Turn right.,,sentence
ya,PE-SRD1-0007,dor Ya karvek deni an pralor.,Put this toolkit on the table.,,sentence
ya,PE-SRD1-0008,va var Ya an deni.,Come here.,,sentence
ya,PE-SRD1-0009,talaen Ya drenvor denya var I.,Give me that bowl beside you.,,sentence
ya,PE-SRD1-0012,va sharaen Ya sharavok denla.,Follow that caravan over there.,,sentence
ya,PE-SRD1-0013,va dar Ya an anor nor eshjor.,Wait inside during the gale.,,sentence
ya,PE-SRD1-0015,dor Ya karvek kaan vorkor.,Put the toolkit outside the door.,,sentence
ya,PE-SRD1-0017,va anshanaen Ya xaror.,Come inside the room.,,sentence
ya,PE-HLPS1-0011,dovkelaen I ser Ya.,I joke with you.,,sentence
ya,PE-HLPS1-0012,dovkelaen I Ya.,I tease you playfully.,,sentence
ya,PE-HLPS1-0022,va ver havrathaen Ya ser.,Do not mock the friend.,,sentence
ya,PE-UHEI1-0003,ra nemaen Ya?,Do you understand?,,sentence
ya,PE-UHEI1-0007,rethnemaen Ya I.,You misunderstand me.,,sentence
ya,PE-UHEI1-0009,va kelnemaen Ya La wek.,Explain it again.,,sentence
ya,PE-UHEI1-0011,va selnemaen Ya kel.,Clarify what was said.,,sentence
ya,PE-UHEI1-0013,ra mbaen I Ya?,May I help you?,,sentence
ya,PE-UHEI1-0014,va mbaen Ya I.,Help me.,,sentence
ya,PE-UHEI1-0016,lia. va mbaen Ya I.,Yes. Help me.,,sentence
ya,PE-UHEI1-0017,ka. ver mbaen Ya I.,No. Do not help me.,,sentence
ya,PE-BIAOBF1-0077,ra rinaen aiv nor urenaen Ya?,Is there pain when you urinate?,,sentence
ya,PE-BIAOBF1-0081,ra rinaen aiv nor fekaen Ya?,Is there pain when you defecate?,,sentence
ya,PE-SIP1-0001,ra kes Ya mu?,What do you notice?,,sentence
ya,PE-SIP1-0002,ra tal Ya mu?,What do you give?,,sentence
ya,PE-SIP1-0003,ra var Ya nu?,When do you go?,,sentence
ya,PE-SIP1-0004,ra tal Ya dren nu?,When do you give the water?,,sentence
ya,PE-SIP1-0005,ra var Ya zhe?,Why do you go?,,sentence
ya,PE-SIP1-0006,ra mbaen Ya ser zhe?,Why do you help the friend?,,sentence
ya,PE-SIP1-0007,ra pralaen Ya belkor sha?,How do you make the tunic?,,sentence
ya,PE-SIP1-0008,ra var Ya an Varthas sha?,How do you go to Varthas?,,sentence
var,PE-SP2-0002,nor-var I an Eshvan.,I will go to the shop.,var-s1,sentence
var,PE-S3-0014,var I an vaar.,I go in peace.,,sentence
var,PE-EGE1-0018,var Jor an dren.,A surge moves in the water.,,sentence
var,PE-V1-0001,var I an dren.,I go to the water.,,sentence
var,PE-V1-0002,ra var ser?,Where does the friend go?,,sentence
var,PE-V1-0027,va var an dren!,Go to the water!,,sentence
var,PE-V1-0034,var I ka shal.,I go without light.,,sentence
var,PE-V1-0037,var I esh dren.,I go above the water.,,sentence
var,PE-V1-0038,var I morl dren.,I go under the water.,,sentence
var,PE-V2-0042,var Liorinen lianaen an shalor.,The Honored Elder goes to pray in the sanctuary.,,sentence
var,PE-V3-0028,"rath var Ya an dren, nor-vekaen I shena var Ya.","If you go to the water, I will bring coinage.",,sentence
var,PE-V3-0128,emil ka shena? nor-var I an Eshvan nor aenor.,No food coins? I will go to the shop soon.,,sentence
var,PE-SP2-0003,nor-var varadan var Ya ser shenakar.,The merchant will come to you with coinage.,,sentence
var,PE-V4-0003,var I rethlian.,I might go.,,sentence
var,PE-V4-0035,var vethral joreth.,The pack hunter goes fast.,,sentence
var,PE-V4-0045,ver var I ka trakor.,I do not go without shoes.,,sentence
var,PE-ER2-0005,var tren serin an dren.,Three friends go to the water.,,sentence
var,PE-S4A-0001,var kadron an morl.,The man goes to the mountain.,,sentence
var,PE-FAP1-0023,var gavral an morl.,The hunter goes to the mountain.,,sentence
var,PE-BSPI1-0020,var ndavivek an ndavior.,The elevator moves to the building level.,,sentence
var,PE-EGE1-0011,wel dren thal velkmorl var terramahr.,Water flows continuously from the glacier toward the coast.,var-s2,sentence
var,PE-EGE1-0012,wel drenfel var terramahr.,The stream flows continuously toward the coast.,,sentence
var,PE-EGE1-0062,var welgorm shan drenfel; jor pelnor an terramahr.,Pollution moves through the stream; erosion surges along the coast.,,sentence
var,PE-DR1-0001,"elan, var I an dren.","Well, I am going to the water.",,sentence
var,PE-DR1-0003,thaal'ra var ser an Varthas.,I wonder if the friend is going to the city.,,sentence
var,PE-DR1-0005,var I an dren kora rinaen krezor feneth.,I go to the water because the hearth is hot.,,sentence
var,PE-DR2-0006,varin I aen var Ya an teremil.,I know that you go to the home.,,sentence
var,PE-DR2-0009,var I shan varshel.,I go across the road.,,sentence
var,PE-ER2-0014,ver var I an dren.,I do not go to the water.,,sentence
var,PE-ER2-0018,var I an shara.,I go on the path.,,sentence
var,PE-ER2-0030,var Li-Seren an Varthas.,The Respected Guardian goes to the city.,,sentence
var,PE-ER2-0060,nor-var I an dren.,I will go to the water.,,sentence
var,PE-ER2-0068,var Ilin an khum.,We go to the listening circle.,,sentence
var,PE-ER2-0078,var ser an dren.,The friend goes to the water.,,sentence
var,PE-SP2C-0001,var kadon an teremil.,The masculine woman goes home.,,sentence
var,PE-SP2C-0018,var I an lorash.,I go to the shrine.,,sentence
var,PE-SP2C-0023,aen liana var I.,The lady speaks to me.,,sentence
var,PE-SP2C-0024,aen lorinen var I an lorash.,The honored guide speaks to me at the shrine.,,sentence
var,PE-SP2C-0026,var I an evan. vara vanesh I emil.,I go to the market. Then I trade food.,,sentence
var,PE-SP2C-0027,var I an evan. thalka ver vanesh I emil.,"I go to the market, but I do not trade food.",,sentence
var,PE-SP2C-0028,var I an evan. var Ya sera an evan.,I go to the market. You also go to the market.,,sentence
var,PE-SP2C-0032,reth‘thal nor-var I an evan.,Perhaps I will go to the market.,,sentence
var,PE-SP2C-0057,"aen ser ""varkareth"" var mekral.",The friend says “metal-mover” to the mechanic.,,sentence
var,PE-SP2C-0058,"aen ser ""drenkaesh"" var varadan.",The friend says “water-waster” to the merchant.,,sentence
var,PE-SP2C-0059,"aen ser ""tharfah"" var lorinen.",The friend says “weak-hearted” to the honored guide.,,sentence
var,PE-SP2C-0060,"aen ser ""krez-verin"" var varadan.",The friend says “ash-breather” to the merchant.,,sentence
var,PE-SP2C-0061,"aen ser ""rathorkinash"" var lorinen.",The friend says “ancient-prattler” to the honored guide.,,sentence
var,PE-SP2C-0062,"aen ser ""vethordrenka"" var varadan.",The friend says “shadow-water leech” to the merchant.,,sentence
var,PE-SP2C-0063,"aen ser ""morl-karash"" var mekral.",The friend says “stone-brained” to the mechanic.,,sentence
var,PE-SP2C-0065,var senar serin an evan.,Six friends go to the market.,,sentence
var,PE-SP2C-0067,var nevar serin an terlin.,Nine friends go to the beach.,,sentence
var,PE-SP2C-0068,var I an evan nor kinn.,I go to the market during the day.,,sentence
var,PE-V1-0016,Kadron var thal nor,The man stands in balance with time.,,sentence
var,PE-V1-0018,Tha-var I dren.,“I went to the water.”,,sentence
var,PE-V1-0019,Nor-var I dren.,“I will go to the water.”,,sentence
var,PE-V1-0023,Ver var I dren.,“I do not go to the water.”,,sentence
var,PE-V1-0026,Ra ver var ser?,“Does the friend not go?”,,sentence
var,PE-V1-0028,"Rath var ser, I dren.","“If the friend goes, I will go to the water.”",,sentence
var,PE-V1-0029,"Rath Nor-var ser, Nor-var I dren.","“If the friend will go, I will go to the water.”",,sentence
var,PE-V1-0030,"Rath Tha-var ser, Tha-var I dren.","“If the friend had gone, I would have gone to the water.”",,sentence
var,PE-V1-0031,Var dren,to the water,,sentence
var,PE-V1-0032,Var I ser ser,with a friend,,sentence
var,PE-V1-0033,Tha-var La thal Terra.,They went from the living world.,,sentence
var,PE-V1-0036,Nor-var I an Varthas.,I will go to the city.,,sentence
var,PE-V1-0039,Var I var dren.,“I go to the water.”,,sentence
var,PE-V1-0040,Nor-var I an Tera.,“I will go at the home.”,,sentence
var,PE-V1-0041,Tha-var La thal Shalor.,“They went from the sanctuary of light.”,,sentence
var,PE-V1-0042,Var I ser Yalin.,“I go with you all.”,,sentence
var,PE-V1-0043,Ka var I emil?,“Do I go without food?”,,sentence
var,PE-V2-0001,Var I dren an Kinnshal.,I go to the water at dawn.,,sentence
var,PE-V2-0004,Nor-var I dren thal Kilvthal.,I will go to the water in the afternoon.,,sentence
var,PE-V2-0006,Var I dren an Kilvfah.,I go to the water at nightfall.,,sentence
var,PE-V2-0011,Balrin var dren.,The sprouting food grows by the water.,,sentence
var,PE-V2-0031,Khumlor var dren.,The family gathers by the water.,,sentence
var,PE-V2-0032,Shalilaen nkuvath var serathrin.,The bond flows to the confidant.,,sentence
var,PE-V2-0038,Var Seren arthlor an Kaleth.,The Guardians go to the defensive formation at the Fortress.,,sentence
var,PE-V2-0039,Nor-var Serenkal thal morl.,The Elite Warriors will advance from the mountain.,,sentence
var,PE-V2-0041,Ra var rathvethor an Verdor?,Is there a hidden enemy in the forest?,,sentence
var,PE-V2-0043,Nor-var Tharvok khumeth an Zhaelor.,The Family will perform the ritual in the Spring (season).,,sentence
var,PE-V2-0046,Var Rinvarash thal liorin.,Prophetic vision comes from the elder.,,sentence
var,PE-V2-0048,Var Varadan vaneshem an Varthas.,The Merchant brings goods into the City.,,sentence
var,PE-V2-0049,Var thalaneshen ser varadan.,Bargaining goes with the merchant.,,sentence
var,PE-V2-0054,Teravin var dren.,The root vegetable grows by the water.,,sentence
var,PE-V2-0123,Ilinor Serin var.,All the Friends go.,,sentence
var,PE-V2-0125,Var som Serin.,Some Friends go.,,sentence
var,PE-V2-0127,Var melen Lalin.,Go many They. / Many of them go.,,sentence
var,PE-V2-0129,Var felin Serin.,Go few Friends.,,sentence
var,PE-V2-0132,Var Ekor Zhaelor.,Goes Every Spring.,,sentence
var,PE-V3-0001,"Var I dren, Ser.","I go to the water, friend.",,sentence
var,PE-V3-0002,"Var I dren, Li-Ser.","I go to the water, respected friend.",,sentence
var,PE-V3-0003,Li-Ya var dren.,You (respected one) go to the water.,,sentence
var,PE-V3-0005,"Li-Seren-en, var nor Varthas shenakar?","Honored guardian, do we proceed to the city's exchange now?",,sentence
var,PE-V3-0007,"Li-Ya, va var dren.","Respected one, please go to the water.",,sentence
var,PE-V3-0008,"Ver var I dren, Li-Ser.","I cannot go to the water, respected friend.",,sentence
var,PE-V3-0011,"Lia, I var dren.","Yes, I go to the water.",,sentence
var,PE-V3-0013,"Rethlian, I nor var dren.","Maybe, I will go to the water.",,sentence
var,PE-V3-0015,"Varthen, Ya var dren?","So, you go to the water?",,sentence
var,PE-V3-0016,"Shalra, Ya var emil?","Well, do you get food?",,sentence
var,PE-V3-0017,"Lianlor, Ver var I dren.","Honestly, I do not go to the water.",,sentence
var,PE-V3-0018,Ra var Ya dren?,Do you go to the water?,,sentence
var,PE-V3-0019,Nor-var Ya dren an Varthas?,Will you go to the water in the city?,,sentence
var,PE-V3-0020,"Em… Rethlian, Var I dren.",Um… maybe I will go to the water.,,sentence
var,PE-V3-0022,varin I aen var Ya dren.,I know that you go to the water.,,sentence
var,PE-V3-0023,Ser Lior var an dren.,The friend who goes to the water.,,sentence
var,PE-V3-0024,var I an terra ser Ser Lior var an dren.,I go home with the friend who goes to the water.,,sentence
var,PE-V3-0029,"rath tha-var Ya an dren, tha-talaen I emil.","If you had gone to the water, I would have gotten food.",,sentence
var,PE-V3-0035,aen velkavor var Terra.,The ancestor speaks to the Earth.,,sentence
var,PE-V3-0045,aen velxorin var Terra.,The elder ancestor speaks to the Earth.,,sentence
var,PE-V3-0108,tha-var ser dren.,The friend went to the water.,,sentence
var,PE-V3-0109,Nor-var I thal Terra.,I will go in the balance of the Earth.,,sentence
var,PE-V3-0110,Va var kalor thal!,Go in strength and balance! (command),,sentence
var,PE-V3-0111,"Rath Nor-var ser, Nor-var kal Terra.","If the friend will go, I will find strength in the Earth.",,sentence
var,PE-V4-0002,Var I belshara.,I must go.,,sentence
var,PE-V4-0004,Var I thar-ka.,I want to go.,,sentence
var,PE-V4-0012,Var Inko an Varthas.,We two are going to the city.,,sentence
var,PE-V4-0015,Arth Imen an kaleth. Var Ya.,"We [the guards, not you] protect the fortress. You must go.",,sentence
var,PE-V4-0018,Var I thal vorkor.,I go from/through the door.,,sentence
var,PE-V4-0075,Var I an vethrin.,I go into a dream.,,sentence
var,PE-V4-0079,Var Ilin an vaarlor.,We go into safety.,,sentence
var,PE-V4-0087,Nor-var I an aenor.,I will go in a moment.,,sentence
var,PE-V4-0089,Nor-var Fenrek an unar lunwek.,Summer will arrive in one month.,,sentence
var,PE-V4-0098,Var I an phelvin. Rinaen kelvor-ian kadreneth. Rinaen belshara.,Proceeding to acquire a beverage. My mouth is dry. Hydration is a necessity.,,sentence
var,PE-V4-0102,"Var I an velithor. Rinaen thar-ian moreth, ser vaar ka.",I'm going for strong ale. My spirit is hard/unsettled and lacks comfort.,,sentence
var,PE-V4-0103,"An eshreth, ra var Ya, Ser?","In this hazy sky, where are you going, Friend?",,sentence
var,PE-V4-0104,Var I an phelvin. Arth vel vaar.,I am going for a warm drink. Calm endurance preserves peace.,,sentence
var,PE-V4-0106,"Lia, var I an Drenkorath. Rinaen vethor an thar-ian.","Yes, I go to the sacred Spring. There is a shadow in my heart.",,sentence
var,PE-V4-0108,Lia. Var I an phelvin. Lorin belthal kel-ian.,Yes. I am going for a comforting drink. My actions are guided by order.,,sentence
var,PE-NE1-0009,var I an awekshara.,I go to the spring-fed canal.,,sentence
var,PE-NE1-0017,var mahrvek an mahr.,The ship travels on the ocean.,,sentence
var,PE-NE1-0042,var I esh velmor.,I travel over the frozen ground.,,sentence
var,PE-NE1-0044,var I an xarphelor.,I go into the warmth-retaining shelter.,,sentence
var,PE-NE1-0057,var seren an kalwek.,The guardians go to the training drill.,,sentence
var,PE-NE1-0064,var kavral an liankavor.,The archivist goes to the records repository.,,sentence
var,PE-NE1-0072,var sharavok an dralshara.,The traveling company follows the celestial path.,,sentence
var,PE-NE1-0077,var sharavok an shara.,The caravan travels along the path.,,sentence
var,PE-NE1-0079,var sharavok an vethdren.,The caravan goes to the hidden water source.,,sentence
var,PE-CNE1-0041,var sharavok an mahr felath.,The caravan almost reaches the sea.,,sentence
var,PE-CNE1-0045,var I an mahr rethshara.,I go to the sea instead.,,sentence
var,PE-CNE1-0048,var sharavok an mahr servok.,The caravan travels to the sea together.,,sentence
var,PE-CNE1-0049,var I thal sharavok kavok.,I travel apart from the caravan.,,sentence
var,PE-CNE1-0067,var ser shalvar I.,The friend goes ahead of me.,,sentence
var,PE-CNE1-0069,var ser vethvar I.,The friend goes behind me.,,sentence
var,PE-CNE1-0071,var I shan vorkor.,I go through the door.,,sentence
var,PE-CNE1-0072,var sharavok shan verdor.,The caravan travels through the forest.,,sentence
var,PE-CNE1-0073,var I shalnor kilveth.,I go before evening.,,sentence
var,PE-CNE1-0075,var I vethnor kilveth.,I go after evening.,,sentence
var,PE-CNE1-0077,aen I sernor var Ya.,I speak while you walk.,,sentence
var,PE-FAP1-0029,var neshbrenral an mahr.,The fisher goes to the ocean.,,sentence
var,PE-TVO1-0003,var felvek an shara.,The cart moves along the path.,,sentence
var,PE-TVO1-0007,var pralvek an velk.,The sled travels on the ice.,,sentence
var,PE-TVO1-0018,var belzhirvek an zhirshara.,The train travels on the railway.,,sentence
var,PE-TVO1-0021,var shalilvek shan esh.,The glider travels through the air.,,sentence
var,PE-TVO1-0027,var krenzhirvek esh morl.,The cable car travels above the mountain.,,sentence
var,PE-TVO1-0029,var mahrpral an mahr.,The raft travels on the sea.,,sentence
var,PE-BSPI1-0032,var I an velkelor.,I go to the library.,,sentence
var,PE-BSPI1-0043,var I shan njor.,I go across the bridge.,,sentence
var,PE-BSPI1-0045,var kormekvek an mekshara.,The motor vehicle travels on the road.,,sentence
var,PE-BSPI1-0047,var I esh brosshara.,I go up the stairway.,,sentence
var,PE-BSPI1-0049,var I shan morlshan.,I go through the tunnel.,,sentence
var,PE-BSPI1-0051,var varvek shan varshanmek.,The vehicle travels through the transit tube.,,sentence
var,PE-BSPI1-0062,var mahrvek thal mahrxaror.,The ship leaves the harbor.,,sentence
var,PE-BSPI1-0067,var dro an droshara.,Water moves along the canal.,,sentence
var,PE-BSPI1-0069,var dro shan dronjor.,Water passes through the aqueduct.,,sentence
var,PE-BSPI1-0075,var dro thal drojormek.,Water moves from the fountain.,,sentence
var,PE-BSPI1-0080,var ndavivek thal ndavi.,The elevator moves from the level.,,sentence
var,PE-WRT1-0016,var kelvekral shan lorzhir.,The messenger travels across the border.,,sentence
var,PE-OC1-0002,var welarth an sov nor rathnor.,The militia goes to the field during the war.,,sentence
var,PE-OC1-0003,var ngarwel shan lorzhir.,The army crosses the border.,,sentence
var,PE-OC1-0006,var kesvar shan felbelor.,The patrol passes through the district.,,sentence
var,PE-HTS1-0019,var I an savor.,I go to the clinic.,,sentence
var,PE-HTS1-0029,var savin an morzhael.,The patient moves toward recovery.,,sentence
var,PE-EGE1-0004,var sharavok shan morlshara var xarmorl.,The caravan travels through the mountain pass toward the cave.,,sentence
var,PE-EGE1-0009,var sharavok shan kadromor esh brossadar.,The caravan crosses the desert over the dunes.,,sentence
var,PE-EGE1-0015,wel dren thal drenverd var mahrmorl.,Water moves from the wetland toward the reef.,,sentence
var,PE-EGE1-0017,vekaen mahrwel drenjor var mahr.,The current carries the wave out to sea.,,sentence
var,PE-EGE1-0047,rinaen kornali an nalior; shan welrin shannali var la.,The native species lives in the habitat; people introduce another species there.,,sentence
var,PE-EGE1-0051,arth kesvar rathnali thal gavral; var gavin shan drenverd.,The patrol protects the endangered species from hunters; its prey moves through the wetland.,,sentence
var,PE-EGE1-0054,var welzor thal zornethor.,The animal group moves away from the nesting place.,,sentence
var,PE-EGE1-0066,dor terrazhael ohmshal var shal; dor ohmshal sul an welrin.,Restoration returns the ecosystem toward health; the ecosystem provides resources to the people.,,sentence
var,PE-SAC1-0020,var zhirnyel shan songazun; kes kesmek dralfel.,The comet travels through outer space; the sensor detects a meteoroid.,,sentence
var,PE-SAC1-0021,var dralfel an Arshor; shal krezdralfel.,The meteoroid enters the atmosphere; the meteor shines.,,sentence
var,PE-GMMP1-0042,rinaen tharbel an vorkaral; tharbelaen rath la var vorkor.,The guard is under compulsion; the enemy compels them toward the gate.,,sentence
var,PE-SRD1-0008,va var Ya an deni.,Come here.,,sentence
var,PE-SRD1-0009,talaen Ya drenvor denya var I.,Give me that bowl beside you.,,sentence
var,PE-SIP1-0003,ra var Ya nu?,When do you go?,,sentence
var,PE-SIP1-0005,ra var Ya zhe?,Why do you go?,,sentence
var,PE-SIP1-0008,ra var Ya an Varthas sha?,How do you go to Varthas?,,sentence
var,PE-SIP1-0009,ra var ser lo?,Where does the friend go?,,sentence
var,PE-SIP1-0011,ra var an Varthas ri?,Who goes to Varthas?,,sentence
ser,PE-V1-0002,ra var ser?,Where does the friend go?,ser-s1,sentence
ser,PE-V1-0006,rinaen ser-ian Kadron kaleth.,My friend is a strong man.,,sentence
ser,PE-V1-0011,shalil Theon-ian ser dren.,My neutral companion flows with the water.,ser-s2,sentence
ser,PE-V2-0002,kal kinnmor ser dren ser shal.,The morning strengthens with water and light.,,sentence
ser,PE-V2-0044,tal Ilin talrin ser vaar.,We give an offering with peace.,,sentence
ser,PE-V2-0085,kal tharmor an dren ser morl.,The rootbread strengthens at the water with the mountain.,,sentence
ser,PE-V2-0093,rinaen velthamor an dren ser morl.,The frozen root mash is at the water with the mountain.,,sentence
ser,PE-V2-0098,kal kreztorin an dren ser morl.,The smoked meat strengthens at the water with the mountain.,,sentence
ser,PE-V2-0111,thal'vokaen Tharvin dren ser morl.,Autumn balances the water with the mountain.,,sentence
ser,PE-V2-0118,alor eshvelor an dren ser morl.,The snow falls at the water with the mountain.,,sentence
ser,PE-V3-0041,kalaen Velpralor ser Velar an dren.,The elder partner strengthens with the elder by the water.,,sentence
ser,PE-V3-0094,shalilaen Zhirelorim ser Dralorim.,The coming-of-age flows with the celestial storm.,,sentence
ser,PE-V3-0118,nor-vaneshaen Varadan ser Ya.,The merchant will trade with you.,,sentence
ser,PE-SP2-0003,nor-var varadan var Ya ser shenakar.,The merchant will come to you with coinage.,,sentence
ser,PE-DR2-0015,aen serathrin ser khumrel.,The confidant speaks with compassion.,,sentence
ser,PE-S4A-0005,rinaen ohm ser Ilin.,Connection is with us.,,sentence
ser,PE-NE1-0034,tal zhaelral fennilphel an ser.,The healer gives an herbal remedy to the friend.,,sentence
ser,PE-TM1-0041,pralaen mekral belrin ser belpralmek.,The craftworker makes fabric with the loom.,,sentence
ser,PE-ICAES1-0042,bel mekral zhelvorkor ser zhelpel.,The technician connects the switch to the terminal.,,sentence
ser,PE-ICAES1-0052,bel mekral arthzhelshara ser morzhelshan.,The technician connects the circuit protector to the electrical ground.,,sentence
ser,PE-DR1-0003,thaal'ra var ser an Varthas.,I wonder if the friend is going to the city.,,sentence
ser,PE-ER2-0011,arth Ilin vok ser vaar.,We protect the bond with peace.,,sentence
ser,PE-ER2-0015,fahaen ser rethvok.,The friend fears chaos.,,sentence
ser,PE-ER2-0016,shalaen I rin an ser.,I see the essence in the friend.,,sentence
ser,PE-ER2-0025,"aen ser: ""ka.""",The friend says: 'No.',,sentence
ser,PE-ER2-0028,fahaen ser thaal.,The friend fears the unknown.,,sentence
ser,PE-ER2-0077,aen I kelka an ser.,I speak a word to the friend.,,sentence
ser,PE-ER2-0078,var ser an dren.,The friend goes to the water.,,sentence
ser,PE-SP2-0001,vanesh varadan ser Ya.,The merchant trades with you.,,sentence
ser,PE-SP2C-0029,shalaen I tek unar ser.,I see only one friend.,,sentence
ser,PE-SP2C-0042,rathorimaen I ser.,I remember the friend.,,sentence
ser,PE-SP2C-0043,fah'tharaen I ser.,I mourn the friend.,,sentence
ser,PE-SP2C-0057,"aen ser ""varkareth"" var mekral.",The friend says “metal-mover” to the mechanic.,,sentence
ser,PE-SP2C-0058,"aen ser ""drenkaesh"" var varadan.",The friend says “water-waster” to the merchant.,,sentence
ser,PE-SP2C-0059,"aen ser ""tharfah"" var lorinen.",The friend says “weak-hearted” to the honored guide.,,sentence
ser,PE-SP2C-0060,"aen ser ""krez-verin"" var varadan.",The friend says “ash-breather” to the merchant.,,sentence
ser,PE-SP2C-0061,"aen ser ""rathorkinash"" var lorinen.",The friend says “ancient-prattler” to the honored guide.,,sentence
ser,PE-SP2C-0062,"aen ser ""vethordrenka"" var varadan.",The friend says “shadow-water leech” to the merchant.,,sentence
ser,PE-SP2C-0063,"aen ser ""morl-karash"" var mekral.",The friend says “stone-brained” to the mechanic.,,sentence
ser,PE-V4-0082,Rinaen morlak ser dren.,There is bread and water.,ser-s3,sentence
ser,PE-V1-0007,Shalilaen azron ser shal.,The woman flows with the light.,,sentence
ser,PE-V1-0026,Ra ver var ser?,“Does the friend not go?”,,sentence
ser,PE-V1-0028,"Rath var ser, I dren.","“If the friend goes, I will go to the water.”",,sentence
ser,PE-V1-0029,"Rath Nor-var ser, Nor-var I dren.","“If the friend will go, I will go to the water.”",,sentence
ser,PE-V1-0030,"Rath Tha-var ser, Tha-var I dren.","“If the friend had gone, I would have gone to the water.”",,sentence
ser,PE-V1-0032,Var I ser ser,with a friend,,sentence
ser,PE-V1-0042,Var I ser Yalin.,“I go with you all.”,,sentence
ser,PE-V2-0023,Welaen welrim ser dren ser Serin.,The feast is shared with friends and water.,,sentence
ser,PE-V2-0034,Nethaen nkural an dren ser Ilan.,The mentor rests by the water with the student.,,sentence
ser,PE-V2-0035,Tlankor kal dren ser Serin.,The ally strengthens by the water with friends.,,sentence
ser,PE-V2-0036,shalilaen tlakhura ser zhivor.,An unspoken bond flows with the family.,,sentence
ser,PE-V2-0049,Var thalaneshen ser varadan.,Bargaining goes with the merchant.,,sentence
ser,PE-V2-0072,Welaen morlak ser jorvak an dren.,The bread and stew are shared by the water.,,sentence
ser,PE-V2-0079,Welaen phelrin ser dren.,The comforting food is shared with water.,,sentence
ser,PE-V2-0086,Welaen terafennil ser dren an teremil.,The herb stew is shared with water at home.,,sentence
ser,PE-V2-0094,Shalilaen eshvilor ser dren.,The snowberry wine flows lightly with the water.,,sentence
ser,PE-V2-0102,Welaen vethsoril ser dren.,The stew is shared with water.,,sentence
ser,PE-V2-0115,Shalilaen dralorim ser dren morl shal.,The storm flows with the water under the light.,,sentence
ser,PE-V3-0001,"Var I dren, Ser.","I go to the water, friend.",,sentence
ser,PE-V3-0002,"Var I dren, Li-Ser.","I go to the water, respected friend.",,sentence
ser,PE-V3-0008,"Ver var I dren, Li-Ser.","I cannot go to the water, respected friend.",,sentence
ser,PE-V3-0021,"Shalra, Ya ser emil?","Well, do you bring food?",,sentence
ser,PE-V3-0023,Ser Lior var an dren.,The friend who goes to the water.,,sentence
ser,PE-V3-0024,var I an terra ser Ser Lior var an dren.,I go home with the friend who goes to the water.,,sentence
ser,PE-V3-0030,shalil tavan ser felka.,The parent moves lightly with the child.,,sentence
ser,PE-V3-0031,Felka ser dren an Tavan.,The child is with the parent by the water.,,sentence
ser,PE-V3-0034,Pralin ser dren morl morl.,The cousin is by the water under the mountain.,,sentence
ser,PE-V3-0036,Belvok ser dren an Teremil.,The family is together at home by the water.,,sentence
ser,PE-V3-0037,Xarvethral ser Felka thal dren.,The adoptive parent is with the child by the water.,,sentence
ser,PE-V3-0038,Nethaen tavojorin an dren ser Belvok.,The parent-in-law rests with the family by the water.,,sentence
ser,PE-V3-0039,rinaen zhivorin ser tavan an dren.,The sibling-in-law is with the parent by the water.,,sentence
ser,PE-V3-0040,Kalvok ser Belvok an Teremil.,The partner is with the family at home.,,sentence
ser,PE-V3-0042,Tavrel ser dren thal Felka.,The uncle/aunt is by the water with the child.,,sentence
ser,PE-V3-0043,Nethaen felvin an dren ser Tavan.,The niece/nephew rests with the parent by the water.,,sentence
ser,PE-V3-0044,Zharin ser dren morl Tharvok.,The distant relative is by the water under the family.,,sentence
ser,PE-V3-0046,Kalvokesh ser dren an Belvok.,The spouse's family is by the water with the unified family.,,sentence
ser,PE-V3-0047,Zhirkalor ser dren.,The partner by lineage is with the water.,,sentence
ser,PE-V3-0048,Xarfelvin ser dren an Xarvethral.,The adoptive niece/nephew is with the adoptive parent by the water.,,sentence
ser,PE-V3-0049,Belvethral ser dren thal Teremil.,The chosen family is by the water at home.,,sentence
ser,PE-V3-0051,Pralvokesh ser dren an Belvok.,The trusted ally is with the family by the water.,,sentence
ser,PE-V3-0054,Vialaen Ilin ser vaar.,We rejoice in peace.,,sentence
ser,PE-V3-0065,Vaaranoraen Velar ser emil.,The elder feels content with the meal.,,sentence
ser,PE-V3-0066,Vokaen Ser rath.,The friend betrays the enemy.,,sentence
ser,PE-V3-0068,zhaeaen azron ser nkathal.,The woman empathizes with the sadness.,,sentence
ser,PE-V3-0097,Velthaelvok ser dren thal Velthaen.,The winter unity flows with the cold season.,,sentence
ser,PE-V3-0100,kal Shalorveth ser Tharvok an thal.,The shadowlight ritual strengthens with the family under balance.,,sentence
ser,PE-V3-0104,rinaen Kalorinath ser Tharvok an thal.,The fortress bonding ceremony is with the family under balance.,,sentence
ser,PE-V3-0108,tha-var ser dren.,The friend went to the water.,,sentence
ser,PE-V3-0111,"Rath Nor-var ser, Nor-var kal Terra.","If the friend will go, I will find strength in the Earth.",,sentence
ser,PE-V4-0093,"Ra min Ya, Ser?","Where are you headed, Friend?",,sentence
ser,PE-V4-0094,Min I an dren. Rinaen kelvor-ian kadreneth ser Krez.,Headed to water. My mouth is dry with the heat.,,sentence
ser,PE-V4-0095,"Lorin shara Ya an Kinnmor, Li-Ser?","Where does your path guide you this morning, Respected-Friend?",,sentence
ser,PE-V4-0097,"Aen Ya varash, Ser.","State your destination, Friend.",,sentence
ser,PE-V4-0099,"Ra shalil Ya, Ser?","Where do you flow, Friend?",,sentence
ser,PE-V4-0100,Shalil I an dren. Rinaen thar-ian ser mahr kadreneth.,I flow to the water. My heart feels like a dry sea.,,sentence
ser,PE-V4-0101,"Aen shara-ya, Ser!","State your path, Friend!",,sentence
ser,PE-V4-0102,"Var I an velithor. Rinaen thar-ian moreth, ser vaar ka.",I'm going for strong ale. My spirit is hard/unsettled and lacks comfort.,,sentence
ser,PE-V4-0103,"An eshreth, ra var Ya, Ser?","In this hazy sky, where are you going, Friend?",,sentence
ser,PE-V4-0105,"Shal lorin shara-ya an nor-ka, Ser?","Does the light guide your path in this moment, Friend?",,sentence
ser,PE-V4-0107,"Ra rinaen shara-ya lian, Li-Ser?","Is your path a proper one, Respected-Friend?",,sentence
ser,PE-NE1-0010,rinaen awekshara ser drobel.,The spring-fed canal is connected to the waterworks.,,sentence
ser,PE-NE1-0023,aen I ser belzhir.,I speak through the communications network.,,sentence
ser,PE-NE1-0039,zhaeaen zhaelral ser.,The restorative healer empathically heals the friend.,,sentence
ser,PE-NE1-0046,rinaen Ilin ser welkrez.,We are together by the communal fire.,,sentence
ser,PE-CNE1-0008,aloraen ser mor an mahr.,The friend drops the stone into the sea.,,sentence
ser,PE-CNE1-0010,kaxaraen ser xarphelor.,The friend opens the shelter.,,sentence
ser,PE-CNE1-0012,xaraen ser xarphelor.,The friend closes the shelter.,,sentence
ser,PE-CNE1-0015,sharaen I ser.,I follow the friend.,,sentence
ser,PE-CNE1-0017,dar I ser.,I wait for the friend.,,sentence
ser,PE-CNE1-0036,kavelzhiraen ser rinshen.,The friend forgets the identity record.,,sentence
ser,PE-CNE1-0065,rinaen krezor serdel nethlor ser pralor.,The hearth is between the bed and the table.,,sentence
ser,PE-CNE1-0066,dor I karvek serdel nethor ser pralor.,I put the toolkit between the chair and the table.,,sentence
ser,PE-CNE1-0067,var ser shalvar I.,The friend goes ahead of me.,,sentence
ser,PE-CNE1-0069,var ser vethvar I.,The friend goes behind me.,,sentence
ser,PE-DSL1-0040,rivaen ser an xarphelor.,The friend shivers in the shelter.,,sentence
ser,PE-DSL1-0058,drentalaen ser phelvin an drenvor.,The friend pours the drink into the cup.,,sentence
ser,PE-DSL1-0059,jekthamaen I worvenak ser shem.,I stir the stew with the spoon.,,sentence
ser,PE-DSL1-0062,drenselaen I korin-ian ser drosel.,I wash my hands with clean water.,,sentence
ser,PE-DSL1-0066,nolaen ser krez.,The friend smells the fire.,,sentence
ser,PE-DSL1-0076,rinaen ser maveth nethnor.,The friend is still ill.,,sentence
ser,PE-PFM1-0009,rinaen ser normaveth.,The friend is afflicted by timeline sickness.,,sentence
ser,PE-PFM1-0026,norshanaen ser.,The friend shifts out of temporal position.,,sentence
ser,PE-PFM1-0034,shanvelzhiraen ser felka.,The friend remembers a child from another timeline.,,sentence
ser,PE-PFM1-0037,rinaen belvelrathor an ser.,The friend has entangled memories.,,sentence
ser,PE-FAP1-0011,rinaen sov ser awekshara.,The field is connected to the spring-fed canal.,,sentence
ser,PE-FAP1-0037,rinaen belzor ser belzorral.,The livestock are with the herder.,,sentence
ser,PE-FAP1-0058,tal ser fennildren an I.,The friend gives tea to me.,,sentence
ser,PE-FAP1-0059,tal I emildren an ser.,I give a beverage to the friend.,,sentence
ser,PE-FAP2-0007,rinaen olan ser dren an xarvek.,The oil is stored with the water in the cupboard.,,sentence
ser,PE-FAP2-0018,emilpralaen ser torin.,The friend cooks the meat.,,sentence
ser,PE-FAP2-0024,eshkrezaen ser torin.,The friend roasts the meat.,,sentence
ser,PE-FAP2-0028,olankrezaen ser nesh.,The friend fries the fish.,,sentence
ser,PE-FAP2-0030,eshdrenaen ser nesh.,The friend steams the fish.,,sentence
ser,PE-FAP2-0034,pelaen ser teravin.,The friend cuts the root vegetables.,,sentence
ser,PE-FAP2-0036,drenpralaen ser emildren.,The friend brews a beverage.,,sentence
ser,PE-FAP2-0040,balemilaen ser emildren.,The friend ferments the beverage.,,sentence
ser,PE-FAP2-0044,muraen ser torin.,The friend smoke-treats the meat.,,sentence
ser,PE-FAP2-0047,livaraen I nesh ser jelkor.,I cure the fish with seasoning.,,sentence
ser,PE-CWM1-0013,belxaraen ser lorinorxar.,The friend wears a head covering.,,sentence
ser,PE-CWM1-0015,kes I rema ser.,I notice the friend's face.,,sentence
ser,PE-CWM2-0021,xaraen I kavvek ser kavolan.,I seal the jar with wax.,,sentence
ser,PE-CWM2-0022,selpralaen I zem ser kavolan.,I polish the wood with wax.,,sentence
ser,PE-CWM2-0027,jekthamaen I hirmor ser dren.,I mix the pigment with water.,,sentence
ser,PE-TM1-0013,zhaelpralaen I belxar ser zhirpel.,I repair the garment with a needle.,,sentence
ser,PE-TM1-0017,pelaen I belrin ser delpel.,I cut the fabric with the shears.,,sentence
ser,PE-TM1-0019,korinaen mekral kren ser delkorin.,The craftworker holds the metal with tongs.,,sentence
ser,PE-TVO1-0012,dorvekaen ser delkormek an kaleth.,The friend parks the motorcycle at the fortress.,,sentence
ser,PE-TVO1-0013,weksharaen I ser delwek.,I commute by bicycle.,,sentence
ser,PE-TVO1-0022,vekvaraen ser shalilvek an mahr.,The friend rides the glider on the sea.,,sentence
ser,PE-TVO1-0032,vekvaraen ser kormekvek.,The friend rides in the motor vehicle.,,sentence
ser,PE-TVO1-0064,dar vekin ser lorvekral.,The passenger waits with the driver.,,sentence
ser,PE-BSPI1-0030,rinaen ser an mekeshpral.,The friend is on the balcony.,,sentence
ser,PE-GCI1-0025,tal lorbelral belrinpel an ser.,The official gives the permit to the friend.,,sentence
ser,PE-GCI1-0043,tal lorbel welrinath an ser.,The government grants citizenship to the friend.,,sentence
ser,PE-WRT1-0003,pralaen pralilan ser krenral.,The apprentice works with the smith.,,sentence
ser,PE-WRT1-0004,zhaelpralaen pralilan ndara ser mormekral.,The apprentice repairs the wall with the mason.,,sentence
ser,PE-WRT1-0028,shan ianath varvek an ser.,Ownership of the vehicle passes to the friend.,,sentence
ser,PE-OC1-0017,arthkaraen seren ravjorvek ser arthkal.,The guardian blocks the arrow with a shield.,,sentence
ser,PE-OC1-0018,arthkaraen seren ngarpel ser ngarpel.,The guardian parries a sword with a sword.,,sentence
ser,PE-OC1-0024,arth remaxar ser thal mavmor.,The mask protects the friend from poison.,,sentence
ser,PE-SBD1-0016,dumaen liorin ser vaar.,The elder dies in peace.,,sentence
ser,PE-SCP1-0009,rinaen khumkel njor serdel belvok ser lorbel.,The council is a bridge between the clan and the government.,,sentence
ser,PE-SCP1-0010,rinaen kel njor serdel velrathor ser nor.,The text is a bridge between memory and time.,,sentence
ser,PE-SCP1-0012,tharsharaen I ser sel.,I decide with mental clarity.,,sentence
ser,PE-RC1-0003,dovaen felka ser ser.,The child plays with a friend.,,sentence
ser,PE-RC1-0012,rinaen nak serdel sivvok ser sivvok.,The competition is between the teams.,,sentence
ser,PE-RC1-0019,nakaen I ser thalnakin.,I compete with my opponent.,,sentence
ser,PE-RC1-0027,vialaen sivvok ser shalnak.,The team rejoices at the victory.,,sentence
ser,PE-RC1-0030,shalnakaen ser jornak.,They win the race.,,sentence
ser,PE-RC1-0034,vethnakaen ser jornak.,They lose the race.,,sentence
ser,PE-RC1-0040,jornakaen dovin ser shalilvek an mahr.,The player races the glider on the sea.,,sentence
ser,PE-RC1-0043,mahrshalilaen ser an mahr.,They surf on the sea.,,sentence
ser,PE-RC1-0044,mahrshalilaen dovin ser shalilvek.,The player surfs with a glider.,,sentence
ser,PE-PSAC1-0004,aennoraen I ser karthael.,I make music with a drum.,,sentence
ser,PE-PSAC1-0020,karthaelaen I ser thael.,I drum with rhythm.,,sentence
ser,PE-PSAC1-0021,karthaelaen karthaelral ser thael.,The drummer drums with rhythm.,,sentence
ser,PE-PSAC1-0022,dar karthaelral ser aennorral.,The drummer waits with the musician.,,sentence
ser,PE-PSAC1-0023,thaelaen felka ser aennor.,The child dances with music.,,sentence
ser,PE-PSAC1-0028,aennoraen aennorral aenzhir ser karthael.,The musician performs the melody with a drum.,,sentence
ser,PE-PSAC1-0032,dar zhirkelral ser aennorral an krezor.,The storyteller waits with the musician by the hearth.,,sentence
ser,PE-HTS1-0004,nethnor ndemaen ser.,The friend is still bleeding.,,sentence
ser,PE-HTS1-0010,keshenaen zhaelral ser kakesrineth.,The healer examines the unconscious friend.,,sentence
ser,PE-HTS1-0016,savaen ser felka maveth.,The friend cares for the sick child.,,sentence
ser,PE-HTS1-0023,talzhaelaen zhaelral mavbal ser zhaelphel.,The healer treats the infection with medicine.,,sentence
ser,PE-HTS1-0040,arth zhaelolan rema ser.,The salve protects the friend's face.,,sentence
ser,PE-HTS1-0043,savaen kesvar ser ser jorzhael.,The patrol gives the friend first aid.,,sentence
ser,PE-HTS1-0052,keshenaen zhaelral velmav ser riv.,The healer examines hypothermia with shivering.,,sentence
ser,PE-HTS1-0054,drenpralaen zhaelral savin ser rekmav.,The restorative healer brews a liquid for the patient with heatstroke.,,sentence
ser,PE-HTS1-0055,rinaen velaivkor an korin ser.,The friend has frostbite on the hand.,,sentence
ser,PE-HTS1-0058,tal zhaelral dren an savin ser kadromav.,The healer gives water to the dehydrated patient.,,sentence
ser,PE-HTS1-0062,kes kesvar kakesrin an ser.,The patrol notices the friend's unconsciousness.,,sentence
ser,PE-HTS1-0063,rinaen ser kakesrineth.,The friend is unconscious.,,sentence
ser,PE-HTS1-0066,kesrinaen ser nethnor.,The friend is still regaining consciousness.,,sentence
ser,PE-HTS1-0068,tal kesvar vaarshan an ser.,The patrol brings rescue to the friend.,,sentence
ser,PE-EGE1-0014,rinaen fellun ser drenverd.,The pond is connected to the wetland.,,sentence
ser,PE-EGE1-0020,shen lorin eshweknor ser drenesh.,The scholar measures climate through cloud patterns.,,sentence
ser,PE-EGE1-0026,dor lorbel rathlorkel ser drenrek ser morkar.,The government issues warnings for flood and earthquake.,,sentence
ser,PE-EGE1-0028,xar kesvar shara thal morljor ser sadarjor.,The patrol closes the route because of landslide and sandstorm.,,sentence
ser,PE-EGE1-0031,shen lorin felsadar ser krezshen.,The scholar measures the silt and temperature.,,sentence
ser,PE-EGE1-0034,rinaen verdmarin ser morlzhir an mor.,The tree holds to the soil through its roots.,,sentence
ser,PE-EGE1-0038,rinaen verdpel ser balvek.,The grass bears seed.,,sentence
ser,PE-EGE1-0040,rinaen balshan ser zor an verdin; bal mbu morl la.,Pollination occurs through an animal at the plant; fungus grows beneath it.,,sentence
ser,PE-EGE1-0044,arth welrin nalior ser ohmshal.,The people protect the habitat as part of the ecosystem.,,sentence
ser,PE-EGE1-0046,shen lorin welnali ser kornali.,The scholar measures the population of the native species.,,sentence
ser,PE-EGE1-0050,kes lorin dumanali an rathor ser rathnali an nor.,The scholar records past extinction and a presently endangered species.,,sentence
ser,PE-EGE1-0053,kes lorin rathzor ser welzor an selmor.,The scholar observes a predator and an animal group on the plain.,,sentence
ser,PE-EGE1-0056,wekvaraen welzor an shara ser emilzhir.,The animal group migrates along a route shaped by the food chain.,,sentence
ser,PE-EGE1-0057,rinaen gavin an emilzhir ser emilbel.,The prey belongs to both the food chain and the wider food web.,,sentence
ser,PE-EGE1-0060,kes balral mavverd an verdin ser gorm esh korin.,The farmer notices blight on the plant and dirt on the hands.,,sentence
ser,PE-ICAES1-0001,aen ser dava; shen shenral shendava.,The friend shares information; the researcher measures the data.,,sentence
ser,PE-ICAES1-0005,kes mekral beldava ser davapral.,The technician examines the database with the display.,,sentence
ser,PE-ICAES1-0018,varokrakuaen mekral drobel ser varokraku.,The technician automates the waterworks through automation.,,sentence
ser,PE-ICAES1-0021,davashanaen kavral davaxar; deldavaen ser la.,The archivist transmits the file; the friend copies it.,,sentence
ser,PE-ICAES1-0023,andavaen I shendava; thaldavaen ser la.,I upload the data; the friend downloads it.,,sentence
ser,PE-ICAES1-0034,xardavaen I davaxar; kaxardavaen ser la.,I encrypt the file; the friend decrypts it.,,sentence
ser,PE-ICAES1-0039,rinaen zhelshan ser zhelxar an karvek.,The conductor and insulator are in the toolkit.,,sentence
ser,PE-ICAES1-0041,rinaen jorzhelkav ser zhelvorkor an kalmek.,The capacitor and switch are in the machine.,,sentence
ser,PE-ICAES1-0048,Va ver zhelaen Ya zhelshara ser rethzhelshara.,Do not energize the circuit with a short circuit.,,sentence
ser,PE-SAC1-0008,kes shenral Vora ser zhel voraeth.,The researcher observes the planet and its planetary energy.,,sentence
ser,PE-SAC1-0009,shen shenral kalrav voraeth ser wek luneth.,The researcher measures planetary gravity and the lunar cycle.,,sentence
ser,PE-SAC1-0010,rinaen Lun an nyelbel ser wek luneth.,The moon is within the star system and follows a lunar cycle.,,sentence
ser,PE-SAC1-0012,keldoraen shenral wornyelbel an sharashen ser nyelzhir.,The researcher marks the galaxy on the map using a constellation.,,sentence
ser,PE-SAC1-0019,shen shenral felvora ser zhirnyel.,The researcher measures the asteroid and the comet.,,sentence
ser,PE-SAC1-0026,pralaen shenral kel an dralshen ser songashen.,The researcher creates a text about astronomy and cosmology.,,sentence
ser,PE-SAC1-0028,aen shenral an shenbel ser kel shenbeleth.,The researcher discusses science using a scientific text.,,sentence
ser,PE-SAC1-0038,rinmekaen shenral an Vora ser varrinmek.,The researcher models the planet through a simulation.,,sentence
ser,PE-SAC1-0044,shen shenral sivshenlian ser rethshen.,The researcher measures the control condition and the probability.,,sentence
ser,PE-SAC1-0045,rakuaen shenral rethshen ser shenreth.,The researcher computes the probability and the measurement uncertainty.,,sentence
ser,PE-SAC1-0047,rinaen shenmek shenlianeth ser pelsheneth.,The meter is accurate and precise.,,sentence
ser,PE-SAC1-0054,kes shenral Lun shan Drallor ser felshen shan Fellor.,The researcher observes the moon through the telescope and the sample through the microscope.,,sentence
ser,PE-SAC1-0055,kes shenral felmor shan Fellor ser nyel an songa.,The researcher observes dust through the microscope and a star within the universe.,,sentence
ser,PE-GMMP1-0002,rinaen rinvek arueth ser kareth kaarueth.,The artifact is magical and the hammer is nonmagical.,,sentence
ser,PE-GMMP1-0006,rinaen rinaru ser kalaru an arural.,The practitioner works with spiritual and physical magic.,,sentence
ser,PE-GMMP1-0007,aruaen ser kalaru ser esharu.,The friend practices physical and mental magic.,,sentence
ser,PE-GMMP1-0010,arukelaen arural arukel ser shankalaen kal shan ohmpel.,The practitioner casts the spell and channels power through the focus.,,sentence
ser,PE-GMMP1-0014,rinaen vorkor rinbeleth ser arthrin shalvar la.,The gate is enchanted and a ward stands before it.,,sentence
ser,PE-GMMP1-0015,rinaen arthrin shalvar vorkor ser xarrin an lianrethor.,A ward is before the gate and a metaphysical seal is at the anomaly zone.,,sentence
ser,PE-GMMP1-0016,kes arural xarrin; kaaruaen ser rathrin.,The practitioner examines the metaphysical seal; the friend dispels the curse.,,sentence
ser,PE-GMMP1-0017,kaaruaen arural rathrin ser tal vaarrin an seren.,The practitioner dispels the curse and gives the guardian a blessing.,,sentence
ser,PE-GMMP1-0018,rinaen vaarrin an teremil ser rathrin an rethvok.,A blessing rests on the home and a curse on chaos.,,sentence
ser,PE-GMMP1-0020,vekaen I rinvek ser dor I ohmpel an pralor.,I carry the magical artifact and put the focus on the table.,,sentence
ser,PE-GMMP1-0025,thaenohmaen arural thaenin ser kes rinarshor thal la.,The practitioner contacts the spirit-being and perceives its aura.,,sentence
ser,PE-GMMP1-0029,kathaenbelaen arural thaenin ser krezpralaen seren krez.,The practitioner releases the spirit-being and the guardian shapes the fire.,,sentence
ser,PE-GMMP1-0030,krezpralaen arural krez ser dropralaen seren dro.,The practitioner shapes fire and the guardian shapes physical water.,,sentence
ser,PE-GMMP1-0031,dropralaen arural dro ser eshpralaen seren esh.,The practitioner shapes water and the guardian shapes wind.,,sentence
ser,PE-GMMP1-0032,eshpralaen arural esh ser morpralaen seren mor.,The practitioner shapes wind and the guardian shapes matter.,,sentence
ser,PE-GMMP1-0033,morpralaen arural mor ser velpralaen seren vel.,The practitioner shapes stone and the guardian shapes ice.,,sentence
ser,PE-GMMP1-0034,velpralaen arural vel ser zhelpralaen seren zhel.,The practitioner shapes ice and the guardian shapes electricity.,,sentence
ser,PE-GMMP1-0035,zhelpralaen arural zhel ser tenarpralaen seren tenar.,The practitioner shapes electricity and the guardian shapes radiance.,,sentence
ser,PE-GMMP1-0036,tenarpralaen arural tenar ser vethpralaen seren veth.,The practitioner shapes radiance and the guardian shapes shadow.,,sentence
ser,PE-GMMP1-0037,vethpralaen arural veth ser shalrinaen zhaelral verdin.,The practitioner shapes shadow and the healer uses biomancy on the plant.,,sentence
ser,PE-GMMP1-0041,rinaen vorkor vethshaleth ser tharbel an vorkaral.,The gate is illusory and the guard is under compulsion.,,sentence
ser,PE-HLPS1-0002,rinaen hav ser reth.,The laughter carries uncertainty.,,sentence
ser,PE-HLPS1-0003,havaen felka ser ser.,The child laughs with a friend.,,sentence
ser,PE-HLPS1-0004,havaen I ser reth.,I laugh in uncertainty.,,sentence
ser,PE-HLPS1-0011,dovkelaen I ser Ya.,I joke with you.,,sentence
ser,PE-HLPS1-0015,aen zhirkelral ser pralhav.,The storyteller speaks with wit.,,sentence
ser,PE-HLPS1-0022,va ver havrathaen Ya ser.,Do not mock the friend.,,sentence
ser,PE-UHEI1-0006,rinaen rethnem ser Ilin.,There is a misunderstanding between us.,,sentence
ser,PE-UHEI1-0025,fahohmaen ser nor ohmbaen.,The friend feels jealous concerning the beloved.,,sentence
ser,PE-UHEI1-0041,kavkrezaen ser kalkel.,The friend resents the official order.,,sentence
ser,PE-BIAOBF1-0004,khosaen I ser aiv an breka-ian.,I cough with pain in my chest.,,sentence
ser,PE-BIAOBF1-0034,kelvorthamaen I emil ser zekin-ian.,I chew food with my teeth.,,sentence
ser,PE-BIAOBF1-0035,jelaen I emil ser lera-ian.,I taste food with my tongue.,,sentence
ser,PE-BIAOBF1-0084,rinaen aiv ser ndemwek.,There is pain with menstruation.,,sentence
ser,PE-RABFE2-0034,rinaen lorinshaldren ser hav.,There are tears with the laughter.,,sentence
ser,PE-RABFE2-0036,karethaen I mek ser korpir-ian.,I use the tool with my thumb.,,sentence
ser,PE-RABFE2-0040,pelaen ser ruma.,The friend cuts the hair.,,sentence
ser,PE-SIP1-0006,ra mbaen Ya ser zhe?,Why do you help the friend?,,sentence
ser,PE-SIP1-0009,ra var ser lo?,Where does the friend go?,,sentence
thal,PE-ER2-0013,tal theon thal an Ilin.,The neutral person gives balance to us.,thal-s1,sentence
thal,PE-V1-0013,moraen kadron-azon thal nor.,The man of balanced masculine and feminine qualities stands in harmony with time.,,sentence
thal,PE-S3-0005,talaen I drenvor thal pralor.,I take the bowl from the table.,thal-s2,sentence
thal,PE-S3-0004,ver ohmaen Mechuma lian Thal Terra.,Mechuma does not honor the truth of the Balance of Terra.,,sentence
thal,PE-DW1-0010,arth arthkal seren thal ravjorvek.,The shield protects the guardian from the arrow.,,sentence
thal,PE-DW1-0012,arth arthkal varvek thal ngarzhel.,The shield protects the vehicle from the energy weapon.,,sentence
thal,PE-EGE1-0011,wel dren thal velkmorl var terramahr.,Water flows continuously from the glacier toward the coast.,,sentence
thal,PE-SP2C-0022,shalaen I terraesh thal terlin.,I see the horizon from the beach.,,sentence
thal,PE-V1-0016,Kadron var thal nor,The man stands in balance with time.,,sentence
thal,PE-V1-0033,Tha-var La thal Terra.,They went from the living world.,,sentence
thal,PE-V1-0041,Tha-var La thal Shalor.,“They went from the sanctuary of light.”,,sentence
thal,PE-V2-0004,Nor-var I dren thal Kilvthal.,I will go to the water in the afternoon.,,sentence
thal,PE-V2-0039,Nor-var Serenkal thal morl.,The Elite Warriors will advance from the mountain.,,sentence
thal,PE-V2-0046,Var Rinvarash thal liorin.,Prophetic vision comes from the elder.,,sentence
thal,PE-V2-0081,Drenlivar vanesh dren thal morl.,The salted fish trades by the water and the mountain.,,sentence
thal,PE-V2-0116,Velarshor dren thal morl.,The mist rests over the mountain.,,sentence
thal,PE-V2-0121,Drenvelesh dren thal morl.,The morning dew rests on the water by the mountain.,,sentence
thal,PE-V3-0037,Xarvethral ser Felka thal dren.,The adoptive parent is with the child by the water.,,sentence
thal,PE-V3-0042,Tavrel ser dren thal Felka.,The uncle/aunt is by the water with the child.,,sentence
thal,PE-V3-0049,Belvethral ser dren thal Teremil.,The chosen family is by the water at home.,,sentence
thal,PE-V3-0097,Velthaelvok ser dren thal Velthaen.,The winter unity flows with the cold season.,,sentence
thal,PE-V3-0100,kal Shalorveth ser Tharvok an thal.,The shadowlight ritual strengthens with the family under balance.,,sentence
thal,PE-V3-0104,rinaen Kalorinath ser Tharvok an thal.,The fortress bonding ceremony is with the family under balance.,,sentence
thal,PE-V3-0109,Nor-var I thal Terra.,I will go in the balance of the Earth.,,sentence
thal,PE-V3-0110,Va var kalor thal!,Go in strength and balance! (command),,sentence
thal,PE-V4-0018,Var I thal vorkor.,I go from/through the door.,,sentence
thal,PE-V4-0025,Arth shalkor Ilin thal fah.,The lamp protects us from the darkness.,,sentence
thal,PE-V4-0044,Arth xaresh I thal velk.,The cloak protects me from the ice.,,sentence
thal,PE-NE1-0014,arth arthaxar I thal mahrkal.,The armor protects me from deep-water pressure.,,sentence
thal,PE-NE1-0049,arth xarphelor Ilin thal veljor.,The insulated shelter protects us from the cold snap.,,sentence
thal,PE-CNE1-0049,var I thal sharavok kavok.,I travel apart from the caravan.,,sentence
thal,PE-DSL1-0012,tal I kavvek thal eshpral.,I take the jar from the shelf.,,sentence
thal,PE-DSL1-0018,pralaen I mekrask thal rask.,I make leather from raw hide.,,sentence
thal,PE-DSL1-0022,pralaen I emilpral thal lemath.,I make a plate from ceramic.,,sentence
thal,PE-DSL1-0045,feldrenaen dren thal drenvor.,Water drips from the bowl.,,sentence
thal,PE-DSL1-0046,feldrenaen dren thal xaresh.,Water drips from the cloak.,,sentence
thal,PE-FAP1-0040,belzoraen I belzor thal krez.,I herd the livestock away from the fire.,,sentence
thal,PE-CWM1-0041,pralaen mekral belrin thal belsura.,The craftworker makes fabric from wool.,,sentence
thal,PE-CWM2-0001,rinaen kaleth thal kalmorl.,The fortress is made from granite.,,sentence
thal,PE-CWM2-0003,rinaen shara thal krezmorl.,The road is made from basalt.,,sentence
thal,PE-CWM2-0005,pralaen mekral pralor thal brosmorl.,The craftworker makes a table from slate.,,sentence
thal,PE-CWM2-0009,rinaen kaleth thal sadarmorl.,The fortress is made from sandstone.,,sentence
thal,PE-CWM2-0014,pralaen mekral belmek thal osar.,The craftworker makes a clasp from bone.,,sentence
thal,PE-CWM2-0018,pralaen mekral belmek thal neshmorl.,The craftworker makes a clasp from coral.,,sentence
thal,PE-CWM2-0020,pralaen I drenvor thal zorxar.,I make a bowl from shell.,,sentence
thal,PE-CWM2-0031,rinaen arthaxar thal belkren.,The armor is made from an alloy.,,sentence
thal,PE-BSPI1-0062,var mahrvek thal mahrxaror.,The ship leaves the harbor.,,sentence
thal,PE-BSPI1-0075,var dro thal drojormek.,Water moves from the fountain.,,sentence
thal,PE-BSPI1-0080,var ndavivek thal ndavi.,The elevator moves from the level.,,sentence
thal,PE-OC1-0020,vethvaraen welarth thal njor.,The militia withdraws from the bridge.,,sentence
thal,PE-OC1-0024,arth remaxar ser thal mavmor.,The mask protects the friend from poison.,,sentence
thal,PE-SCP1-0005,thalvekaen lorvekral vekmor thal morvek.,The operator unloads cargo from the wagon.,,sentence
thal,PE-SCP1-0006,thalvekaen lorvekral vekmor thal mahrvek an mahrpralor.,The operator unloads cargo from the ship at the dock.,,sentence
thal,PE-HTS1-0061,rinaen kakesrin thal karjor.,Unconsciousness follows the impact.,,sentence
thal,PE-HTS1-0070,vaarshanaen Ilin felka thal krezor.,We rescue the child from the fire.,,sentence
thal,PE-HTS1-0079,rinaen shalkav thal mahrvek.,There is survival from the ship.,,sentence
thal,PE-EGE1-0007,kes I selmor thal ndavimor.,I see the plain from the plateau.,,sentence
thal,PE-EGE1-0015,wel dren thal drenverd var mahrmorl.,Water moves from the wetland toward the reef.,,sentence
thal,PE-EGE1-0023,vekaen eshjor eshdren thal mahr.,The gale carries humid air from the sea.,,sentence
thal,PE-EGE1-0028,xar kesvar shara thal morljor ser sadarjor.,The patrol closes the route because of landslide and sandstorm.,,sentence
thal,PE-EGE1-0051,arth kesvar rathnali thal gavral; var gavin shan drenverd.,The patrol protects the endangered species from hunters; its prey moves through the wetland.,,sentence
thal,PE-EGE1-0054,var welzor thal zornethor.,The animal group moves away from the nesting place.,,sentence
thal,PE-EGE1-0061,drenselaen balral gorm thal drenvor; kes la welgorm an dren.,The farmer washes grime from the vessel and notices pollution in the water.,,sentence
thal,PE-EGE1-0072,vekaen welrin versul thal felmorl.,The people carry waste away from the hill.,,sentence
thal,PE-ICAES1-0009,tal kalmek thalmek thal anmek.,The machine produces output from the input.,,sentence
thal,PE-ICAES1-0040,arth zhelxar mekral thal jorzhelkav.,The insulator protects the technician from the capacitor.,,sentence
thal,PE-SAC1-0005,shen shenral shal nyeleth thal nyel.,The researcher measures stellar light from a star.,,sentence
thal,PE-SAC1-0032,rinaen kesdava thal sivshen.,The evidence comes from the experiment.,,sentence
thal,PE-GMMP1-0025,thaenohmaen arural thaenin ser kes rinarshor thal la.,The practitioner contacts the spirit-being and perceives its aura.,,sentence
thal,PE-GMMP1-0045,rinaen kesxar an vorkor; kesxaraen arural la thal vorkaral.,A perceptual veil covers the gate; the practitioner veils it from the guard's notice.,,sentence
thal,PE-BIAOBF1-0041,keshenaen zhaelral khelu thal aivkor an lorinor.,The healer examines the brain because of a head wound.,,sentence
thal,PE-BIAOBF1-0043,aivaen aentash thal mura.,The lung hurts from smoke.,,sentence
thal,PE-BIAOBF1-0046,aivaen lumar thal mavmor.,The liver hurts from poison.,,sentence
thal,PE-BIAOBF1-0053,ver thalshanaen uren thal urenvek.,Urine does not leave the bladder.,,sentence
thal,PE-BIAOBF1-0061,khosaen felka thal mura.,The child coughs from smoke.,,sentence
thal,PE-BIAOBF1-0065,zeraen I thal gorm.,I sneeze from dust.,,sentence
thal,PE-BIAOBF1-0073,naraen I thal ruvaneth emil.,I vomit from rotten food.,,sentence
thal,PE-BIAOBF1-0087,kakesrinaen balral thal rekmav.,The worker faints from heat illness.,,sentence
thal,PE-RABFE2-0033,rinaen lorinshaldren thal mura.,Tears are present from the smoke.,,sentence
ka,PE-V1-0034,var I ka shal.,I go without light.,ka-s1,sentence
ka,PE-V4-0045,ver var I ka trakor.,I do not go without shoes.,,sentence
ka,PE-ER2-0025,"aen ser: ""ka.""",The friend says: 'No.',ka-s2,sentence
ka,PE-V2-0078,vanesh velmek an van nor-ka.,The synthetic protein is traded at the market.,,sentence
ka,PE-V3-0128,emil ka shena? nor-var I an Eshvan nor aenor.,No food coins? I will go to the shop soon.,,sentence
ka,PE-DW1-0013,rinaen ngarjor ka ngarvek.,The firearm is without ammunition.,,sentence
ka,PE-ER2-0071,pralaen belkor an Azron nor-ka.,The tunic was made by the woman.,,sentence
ka,PE-ER2-0072,drenaen dren an felka nor-ka.,The water was drunk by the child.,,sentence
ka,PE-V1-0043,Ka var I emil?,“Do I go without food?”,,sentence
ka,PE-V3-0012,Ka.,No.,,sentence
ka,PE-V4-0009,Pralaen an belkor nor-ka.,The tunic is made / A tunic was made.,,sentence
ka,PE-V4-0010,Pralaen an kaleth nor-ka.,The fortress was built.,,sentence
ka,PE-V4-0011,Talaen an shenakar nor-ka.,The coinage was taken.,,sentence
ka,PE-V4-0102,"Var I an velithor. Rinaen thar-ian moreth, ser vaar ka.",I'm going for strong ale. My spirit is hard/unsettled and lacks comfort.,,sentence
ka,PE-V4-0105,"Shal lorin shara-ya an nor-ka, Ser?","Does the light guide your path in this moment, Friend?",,sentence
ka,PE-FAP2-0013,kes I pralfel ka.,I notice that an ingredient is missing.,,sentence
ka,PE-TM1-0005,rinaen felmek ka.,A component is missing.,,sentence
ka,PE-SBD1-0002,rinaen tlamor ka ohm.,Sex can exist without love.,,sentence
ka,PE-SBD1-0010,shalbalaen felka nor-ka an teremil.,The child is born in the home.,,sentence
ka,PE-EGE1-0041,rinaen mbu shalrin; ka rinaen la verdin.,The fungus is an organism; it is not a plant.,,sentence
ka,PE-EGE1-0048,ka rinaen shannali rathshannali nor ka tal la terramav.,An introduced species is not invasive when it causes no ecological harm.,,sentence
ka,PE-UHEI1-0015,mbaen an I nor-ka belshara.,I need help; I must be helped.,,sentence
ka,PE-UHEI1-0017,ka. ver mbaen Ya I.,No. Do not help me.,,sentence
ka,PE-UHEI1-0037,ravohmaen varral ka khumlor.,The traveler feels lonely without the family circle.,,sentence
ka,PE-UHEI1-0042,rinaen fahreth ka rathlor.,Anxiety is present without immediate danger.,,sentence
ka,PE-RABFE2-0023,rinaen leya ka thera.,Sexual arousal is present without desire.,,sentence
ka,PE-RABFE2-0026,leyaen I ka thera.,I become sexually aroused without desire.,,sentence
an,PE-V1-0001,var I an dren.,I go to the water.,,sentence
an,PE-V1-0010,rinaen Azon an eshthael.,The feminine man is near the breeze.,,sentence
an,PE-V1-0027,va var an dren!,Go to the water!,,sentence
an,PE-V2-0007,tal I dren nor kilvlum an veth.,I receive water at midnight in shadow.,an-s2,sentence
an,PE-V2-0028,nethaen xarvel an dren.,The covered meal rests by the water.,,sentence
an,PE-V2-0042,var Liorinen lianaen an shalor.,The Honored Elder goes to pray in the sanctuary.,,sentence
an,PE-V2-0078,vanesh velmek an van nor-ka.,The synthetic protein is traded at the market.,,sentence
an,PE-V2-0085,kal tharmor an dren ser morl.,The rootbread strengthens at the water with the mountain.,,sentence
an,PE-V2-0093,rinaen velthamor an dren ser morl.,The frozen root mash is at the water with the mountain.,,sentence
an,PE-V2-0098,kal kreztorin an dren ser morl.,The smoked meat strengthens at the water with the mountain.,,sentence
an,PE-V2-0109,shalil Zhaelor an dren.,Spring flows lightly at the water.,,sentence
an,PE-V2-0110,kal Fenrek an dren.,Summer strengthens at the water.,,sentence
an,PE-V2-0112,shalil Velthaen an morl.,Winter flows lightly at the mountain.,,sentence
an,PE-V2-0118,alor eshvelor an dren ser morl.,The snow falls at the water with the mountain.,,sentence
an,PE-V3-0028,"rath var Ya an dren, nor-vekaen I shena var Ya.","If you go to the water, I will bring coinage.",,sentence
an,PE-V3-0041,kalaen Velpralor ser Velar an dren.,The elder partner strengthens with the elder by the water.,,sentence
an,PE-V3-0061,krezaen kadron an varok.,The man rages at the command.,,sentence
an,PE-V3-0078,kal Kalor an Reth.,True strength is shown when facing uncertainty.,,sentence
an,PE-V3-0087,kalaen Drenvokesh an Belvok an dren.,The water unity strengthens the family by the water.,,sentence
an,PE-V3-0088,shalilaen Eshlorien an dren an Zhaelor.,The wave naming flows by the water in spring.,,sentence
an,PE-V3-0091,kalaen Kreztharim an dren.,The fire heart strengthens by the water.,,sentence
an,PE-V3-0095,shalilaen Morlatharim an dren.,The stone heart flows by the water.,,sentence
an,PE-V3-0099,lianaen Drenkorath an dren.,The oasis blessing speaks to the water.,,sentence
an,PE-V3-0125,"va min Ya varshel an dren, Serilin!","Sister, walk the road to the water.",,sentence
an,PE-V3-0128,emil ka shena? nor-var I an Eshvan nor aenor.,No food coins? I will go to the shop soon.,,sentence
an,PE-V3-0141,moraen Theren an Kaleth Rathor.,The village stands at the ancient fortress-home.,,sentence
an,PE-V3-0145,ra ver rinaen emil emilpraleth an teremil?,Is the meal at home not ready?,,sentence
an,PE-V4-0016,nethaen azron an nethor.,The woman sits on the chair.,,sentence
an,PE-V4-0053,shalaen I vethral an verdor.,I see the pack hunter in the forest.,,sentence
an,PE-V4-0061,moraen I an terra.,I stand on the ground.,,sentence
an,PE-V4-0062,nor-vethoraen Ilin an nethlor.,We will sleep on the beds.,,sentence
an,PE-V4-0066,vethoraen kalrath an morl.,The apex predator sleeps in the mountains.,,sentence
an,PE-ER2-0005,var tren serin an dren.,Three friends go to the water.,,sentence
an,PE-S3-0011,talaen I morlak an felka.,I offer bread to the child.,,sentence
an,PE-S3-0014,var I an vaar.,I go in peace.,,sentence
an,PE-S4A-0001,var kadron an morl.,The man goes to the mountain.,,sentence
an,PE-NE1-0034,tal zhaelral fennilphel an ser.,The healer gives an herbal remedy to the friend.,,sentence
an,PE-NE1-0043,rinaen phel an xarphelor.,Warmth is in the insulated shelter.,,sentence
an,PE-NE1-0063,rinaen rathor an liankavor.,History is preserved in the archive.,,sentence
an,PE-DSL1-0004,drentalaen I dren an krezvek.,I pour water into the cooking pot.,,sentence
an,PE-FAP1-0023,var gavral an morl.,The hunter goes to the mountain.,,sentence
an,PE-BSPI1-0020,var ndavivek an ndavior.,The elevator moves to the building level.,,sentence
an,PE-SCP1-0001,rinaen kel an kelpral.,The text is on the writing tablet.,,sentence
an,PE-EGE1-0006,wel dren shan shanmorl an selmor.,Water flows continuously through the canyon into the plain.,,sentence
an,PE-EGE1-0013,wel drenfel an fellun.,The stream flows continuously into the pond.,,sentence
an,PE-EGE1-0018,var Jor an dren.,A surge moves in the water.,,sentence
an,PE-EGE1-0058,rinaen jor an esh.,There is a surge in the sky,,sentence
an,PE-EGE1-0059,rinaen terramav an verd; jor mavverd an sov.,Environmental degradation affects plant life; plant blight surges through the field.,,sentence
an,PE-EGE1-0062,var welgorm shan drenfel; jor pelnor an terramahr.,Pollution moves through the stream; erosion surges along the coast.,,sentence
an,PE-DR1-0001,"elan, var I an dren.","Well, I am going to the water.",,sentence
an,PE-DR1-0003,thaal'ra var ser an Varthas.,I wonder if the friend is going to the city.,,sentence
an,PE-DR1-0004,thaal'ra rinaen dren an krezor.,I wonder if there is water at the hearth.,,sentence
an,PE-DR1-0005,var I an dren kora rinaen krezor feneth.,I go to the water because the hearth is hot.,,sentence
an,PE-DR2-0001,rinaen velkrel an verdor.,There is a breeze in the forest.,,sentence
an,PE-DR2-0002,varan serilin an teremil.,The sister resides at home.,,sentence
an,PE-DR2-0004,rinaen zhivor an Varthas.,The ancestral household is in the city.,,sentence
an,PE-DR2-0006,varin I aen var Ya an teremil.,I know that you go to the home.,,sentence
an,PE-DR2-0007,rinaen nkathal an thar-ian.,There is grief in my heart.,,sentence
an,PE-DR2-0011,rinaen thalesh an shalor.,The sacred balance ceremony is at the sanctuary.,,sentence
an,PE-DR2-0014,rinaen kavel an lianor-ian.,There is a memory gap in my thought.,,sentence
an,PE-DR2-0016,rinaen terrarav an thar-ian.,There is yearning for home in my heart.,,sentence
an,PE-DR2-0017,rinaen zhirrathor an zhivor.,There is historical continuity in the family line.,,sentence
an,PE-ER2-0006,rinaen quen serin an teremil.,There are four friends at home.,,sentence
an,PE-ER2-0007,rinaen quen trakorin an xaror.,There are four boots in the room.,,sentence
an,PE-ER2-0008,rinaen unar shalkor an xaror.,There is one lamp in the room.,,sentence
an,PE-ER2-0009,dar unar morthera an vorkor.,One pack beast waits at the gate.,,sentence
an,PE-ER2-0010,rinaen vok an belvok.,There is a bond in the family.,,sentence
an,PE-ER2-0013,tal theon thal an Ilin.,The neutral person gives balance to us.,,sentence
an,PE-ER2-0014,ver var I an dren.,I do not go to the water.,,sentence
an,PE-ER2-0016,shalaen I rin an ser.,I see the essence in the friend.,,sentence
an,PE-ER2-0018,var I an shara.,I go on the path.,,sentence
an,PE-ER2-0021,pralaen I khumrel an teremil.,I practice compassionate listening at home.,,sentence
an,PE-ER2-0022,shalaen I zhirrathor an liankavor.,I see the thread to the past in the archive.,,sentence
an,PE-ER2-0024,nethaen azon an nethor.,The feminine man sits on the chair.,,sentence
an,PE-ER2-0030,var Li-Seren an Varthas.,The Respected Guardian goes to the city.,,sentence
an,PE-ER2-0031,rinaen oven morthera an shara.,There are eight pack beasts on the path.,,sentence
an,PE-ER2-0032,tal I shen an varadan.,I give currency to the merchant.,,sentence
an,PE-ER2-0033,rinaen pral an arthaxar.,There is detail in the armor.,,sentence
an,PE-ER2-0034,kes I pral an kareth.,I notice detail on the hammer.,,sentence
an,PE-ER2-0037,rinaen jor an mahrwel.,There is a surge in the current.,,sentence
an,PE-ER2-0038,kes I jor an dralorim.,I notice a burst in the storm.,,sentence
an,PE-ER2-0039,rinaen jek an neshmorl.,There is a spiral in the coral.,,sentence
an,PE-ER2-0040,kes I jek an zhirin.,I notice a twist in the cord.,,sentence
an,PE-ER2-0041,rinaen wek an eshnor.,There is a cycle in the weather.,,sentence
an,PE-ER2-0042,sharaen Ilin wek an lun.,We follow the cycle of the moon.,,sentence
an,PE-ER2-0043,rinaen wor an sov.,There is abundance in the field.,,sentence
an,PE-ER2-0044,tal Terra wor an Ilin.,The Earth gives plenty to us.,,sentence
an,PE-ER2-0045,tal krezor phel an Ilin.,The hearth gives warmth to us.,,sentence
an,PE-ER2-0046,rinaen prak an belrin.,There is softness in the fabric.,,sentence
an,PE-ER2-0047,kes I prak an rask.,I notice softness in the hide.,,sentence
an,PE-ER2-0048,rinaen bros an brosmorl.,There is a layer in the slate.,,sentence
an,PE-ER2-0049,kes I bros an sadar.,I notice a stratum in the sand.,,sentence
an,PE-ER2-0050,rinaen bal an verdsov.,There is growth in the garden.,,sentence
an,PE-ER2-0051,kes balral bal an sov.,The farmer notices growth in the field.,,sentence
an,PE-ER2-0052,rinaen bren an sov.,The harvest is in the field.,,sentence
an,PE-ER2-0053,vekaen morvek bren an varthas.,The wagon carries the harvest to the city.,,sentence
an,PE-ER2-0054,rinaen jel an vilor.,There is flavor in the fruit.,,sentence
an,PE-ER2-0055,dor I jel an venak.,I put zest in the stew.,,sentence
an,PE-ER2-0057,dor seren xar an savin.,The guardian places a cover on the patient.,,sentence
an,PE-ER2-0058,rinaen xil an dresh.,There is a shard in the crystal.,,sentence
an,PE-ER2-0059,kes I xil an morl.,I notice a shard in the stone.,,sentence
an,PE-ER2-0060,nor-var I an dren.,I will go to the water.,,sentence
an,PE-ER2-0061,rinaen pel an peleth.,There is sharpness in the blade.,,sentence
an,PE-ER2-0062,kes I pel an kareth.,I notice the cutting edge on the tool.,,sentence
an,PE-ER2-0063,rinaen dresh jin an morl.,The crystal is rare in the mountain.,,sentence
an,PE-ER2-0064,kes I emil jin an van.,I notice rare food in the market.,,sentence
an,PE-ER2-0065,rinaen rav kaleth an kalravor.,There is a strong pull in the gravity pocket.,,sentence
an,PE-ER2-0066,kes I rav an thar-ian.,I feel the pull in my heart.,,sentence
an,PE-ER2-0067,shalaen I ohm an belvok.,I see the connection in the family.,,sentence
an,PE-ER2-0068,var Ilin an khum.,We go to the listening circle.,,sentence
an,PE-ER2-0069,rinaen khum an teremil.,There is reconciliation at home.,,sentence
an,PE-ER2-0070,aen Li-Seren-en an Ilin.,The Respected Guardian speaks to us.,,sentence
an,PE-ER2-0071,pralaen belkor an Azron nor-ka.,The tunic was made by the woman.,,sentence
an,PE-ER2-0072,drenaen dren an felka nor-ka.,The water was drunk by the child.,,sentence
an,PE-ER2-0074,rinaen kal an kareth.,There is strength in the hammer.,,sentence
an,PE-ER2-0075,tal Terra kal an Ilin.,The Earth gives strength to us.,,sentence
an,PE-ER2-0077,aen I kelka an ser.,I speak a word to the friend.,,sentence
an,PE-ER2-0078,var ser an dren.,The friend goes to the water.,,sentence
an,PE-ER2-0079,shalaen I zhir an belvok.,I see the thread [lineage] in the family.,,sentence
an,PE-ER2-0080,rinaen zhir an norzhir.,There is a thread in the timeline.,,sentence
an,PE-SP2-0002,nor-var I an Eshvan.,I will go to the shop.,,sentence
an,PE-SP2-0004,rinaen theren an kaleth kaveth.,The village is at the old fortress.,,sentence
an,PE-SP2-0005,ra rinaen emil an tera?,Is the meal at home?,,sentence
an,PE-SP2C-0001,var kadon an teremil.,The masculine woman goes home.,,sentence
an,PE-SP2C-0011,rinaen vial an thar-ian.,There is joy in my heart.,,sentence
an,PE-SP2C-0013,rinaen aiv an sorl-ian.,There is pain in my neck.,,sentence
an,PE-SP2C-0017,nethaen I an terlin.,I rest on the beach.,,sentence
an,PE-SP2C-0018,var I an lorash.,I go to the shrine.,,sentence
an,PE-SP2C-0019,moraen I an norvaar.,I stand at the time gateway.,,sentence
an,PE-SP2C-0020,rinaen terradren an theren.,There is fertile soil in the village.,,sentence
an,PE-SP2C-0021,shalaen I drenshal an terlin.,I see a reflective pool on the beach.,,sentence
an,PE-SP2C-0024,aen lorinen var I an lorash.,The honored guide speaks to me at the shrine.,,sentence
an,PE-SP2C-0026,var I an evan. vara vanesh I emil.,I go to the market. Then I trade food.,,sentence
an,PE-SP2C-0027,var I an evan. thalka ver vanesh I emil.,"I go to the market, but I do not trade food.",,sentence
an,PE-SP2C-0028,var I an evan. var Ya sera an evan.,I go to the market. You also go to the market.,,sentence
an,PE-SP2C-0032,reth‘thal nor-var I an evan.,Perhaps I will go to the market.,,sentence
an,PE-SP2C-0039,rinaen rathorim an lorash.,There is an act of remembrance at the shrine.,,sentence
an,PE-SP2C-0040,rinaen fah'thar an thar-ian.,There is grief in my heart.,,sentence
an,PE-SP2C-0041,rinaen vel'rathor an thar-ian.,There is an enduring memory in my heart.,,sentence
an,PE-SP2C-0044,rinaen ohm'rin an lorash.,There is attunement at the shrine.,,sentence
an,PE-SP2C-0045,rinaen thal'vok an lorash.,There is harmonious unity at the shrine.,,sentence
an,PE-SP2C-0048,rinaen shal'taleth an lorash.,There is a light-offering ritual at the shrine.,,sentence
an,PE-SP2C-0049,rinaen bel'rathorimeth an lorash.,There is a memory-weaving ritual at the shrine.,,sentence
an,PE-SP2C-0050,rinaen aen'moreth an lorash.,There is a breath-into-stone ritual at the shrine.,,sentence
an,PE-SP2C-0051,rinaen lorin'ohmeth an lorash.,There is a guidance-seeking ritual at the shrine.,,sentence
an,PE-SP2C-0052,thal'talaen I emil an lorash.,I relinquish food at the shrine.,,sentence
an,PE-SP2C-0053,rinaen thal'taleth an lorash.,There is a sacrifice ritual at the shrine.,,sentence
an,PE-SP2C-0054,rinaen thar'taleth an lorash.,There is a heart-sacrifice ritual at the shrine.,,sentence
an,PE-SP2C-0055,rinaen arthen'taleth an lorash.,There is a sacrifice-for-destiny ritual at the shrine.,,sentence
an,PE-SP2C-0056,rinaen kor'taleth an lorash.,There is an offering-to-a-power-source ritual at the shrine.,,sentence
an,PE-SP2C-0064,rinaen verin serin an lorash.,There are zero friends at the shrine.,,sentence
an,PE-SP2C-0065,var senar serin an evan.,Six friends go to the market.,,sentence
an,PE-SP2C-0066,nethaen sethe serin an lorash.,Seven friends rest at the shrine.,,sentence
an,PE-SP2C-0067,var nevar serin an terlin.,Nine friends go to the beach.,,sentence
an,PE-SP2C-0068,var I an evan nor kinn.,I go to the market during the day.,,sentence
an,PE-SP2C-0070,shalaen I shal'taleth an lorash.,I see a light-offering ritual at the shrine.,,sentence
an,PE-V1-0035,Varan I an Varthas.,I am residing in the city.,,sentence
an,PE-V1-0036,Nor-var I an Varthas.,I will go to the city.,,sentence
an,PE-V1-0040,Nor-var I an Tera.,“I will go at the home.”,,sentence
an,PE-V2-0001,Var I dren an Kinnshal.,I go to the water at dawn.,,sentence
an,PE-V2-0003,Tal I dren an Kinnlin.,I receive the water at noon.,,sentence
an,PE-V2-0006,Var I dren an Kilvfah.,I go to the water at nightfall.,,sentence
an,PE-V2-0009,Nethaen belar an dren.,The binding spice rests by the water.,,sentence
an,PE-V2-0013,Nethaen phelvin an dren.,The comforting drink rests by the water.,,sentence
an,PE-V2-0014,Prakorin shalil an dren.,The tender bread flows lightly by the water.,,sentence
an,PE-V2-0015,Nethaen pelvar an dren.,The sharp grain rests by the water.,,sentence
an,PE-V2-0018,Shalilaen jorlin an shal.,The bursting water flows by the light.,,sentence
an,PE-V2-0020,Nethaen jekvor an dren.,The spiraling spice rests by the water.,,sentence
an,PE-V2-0022,Nethaen jindral an dren.,The rare fruit rests by the water.,,sentence
an,PE-V2-0025,Nethaen weknor an dren.,The cyclical time rests by the water.,,sentence
an,PE-V2-0027,Nethaen xilvar an dren.,The hidden spice rests by the water.,,sentence
an,PE-V2-0029,Nethaen ohmbaen an dren.,The beloved rests near the water.,,sentence
an,PE-V2-0030,Tlakorin kal dren an Varthas.,The confidant strengthens the city.,,sentence
an,PE-V2-0033,moraen mbalan an dren an Varthas.,A pillar of the community stands at the water in the city.,,sentence
an,PE-V2-0034,Nethaen nkural an dren ser Ilan.,The mentor rests by the water with the student.,,sentence
an,PE-V2-0037,Va jorkal an rath!,Command: Charge the enemy!,,sentence
an,PE-V2-0038,Var Seren arthlor an Kaleth.,The Guardians go to the defensive formation at the Fortress.,,sentence
an,PE-V2-0041,Ra var rathvethor an Verdor?,Is there a hidden enemy in the forest?,,sentence
an,PE-V2-0043,Nor-var Tharvok khumeth an Zhaelor.,The Family will perform the ritual in the Spring (season).,,sentence
an,PE-V2-0048,Var Varadan vaneshem an Varthas.,The Merchant brings goods into the City.,,sentence
an,PE-V2-0051,Tal Varadan vellian an Ilan.,The Merchant offers quality goods to the Student.,,sentence
an,PE-V2-0052,Nethaen morlak an dren.,The bread rests by the water.,,sentence
an,PE-V2-0053,Velrin kal dren an Serin.,The food strengthens with friends by the water.,,sentence
an,PE-V2-0056,Nethaen pelvar an dren morl shal.,The sharp grain rests by the water under the light.,,sentence
an,PE-V2-0057,Welaen jorvak an dren.,The bursting stew is shared by the water.,,sentence
an,PE-V2-0059,Shalilaen lorlivok an dren.,The earthbake flows by the water.,,sentence
an,PE-V2-0063,Nethaen jekvin an dren.,The spiral herb rests by the water.,,sentence
an,PE-V2-0065,Shalilaen xilvar an dren.,The salt flows lightly by the water.,,sentence
an,PE-V2-0066,Nethaen vethhar an dren.,The shadowspice rests by the water.,,sentence
an,PE-V2-0067,Shalilaen phelvin an dren.,The comforting drink flows by the water.,,sentence
an,PE-V2-0068,Nethaen velithor an dren.,The ale rests by the water.,,sentence
an,PE-V2-0069,Shalilaen tenarorin an dren.,The glowing wine flows by the water.,,sentence
an,PE-V2-0071,Nethaen jorvilor an dren.,The drink rests by the water.,,sentence
an,PE-V2-0072,Welaen morlak ser jorvak an dren.,The bread and stew are shared by the water.,,sentence
an,PE-V2-0073,Felorin vanesh dren an Evan.,The berries trade at the market.,,sentence
an,PE-V2-0074,Lorlivok kal dren an Teremil.,The earthbake strengthens at home by the water.,,sentence
an,PE-V2-0075,Shalilaen tenarorin an dren morl shal.,The glowing wine flows under the light by the water.,,sentence
an,PE-V2-0080,Nethaen jorvalin an dren.,The effervescent beverage rests by the water.,,sentence
an,PE-V2-0082,Nethaen eshtenor an dren.,The glowing seaweed rests by the water.,,sentence
an,PE-V2-0083,Welaen jekvarin an dren.,The shellfish is shared by the water.,,sentence
an,PE-V2-0084,Nethaen felorin an dren.,The berries rest by the water.,,sentence
an,PE-V2-0086,Welaen terafennil ser dren an teremil.,The herb stew is shared with water at home.,,sentence
an,PE-V2-0088,Nethaen welvinor an dren.,The flowing mead rests by the water.,,sentence
an,PE-V2-0090,Morthas vanesh an dren.,The roasted nuts trade by the water.,,sentence
an,PE-V2-0091,Nethaen voktarin an dren.,The preserved dates rest by the water.,,sentence
an,PE-V2-0096,Nethaen xarlorin an dren.,The tea rests by the water.,,sentence
an,PE-V2-0099,Shalilaen velkorin an dren.,The ration flows lightly by the water.,,sentence
an,PE-V2-0100,Nethaen xilbren an dren.,The grain cake rests by the water.,,sentence
an,PE-V2-0101,Nethaen drenkor an dren.,The oasis bread rests by the water.,,sentence
an,PE-V2-0103,Nethaen shalorin an dren.,The sweet fruit rests by the water.,,sentence
an,PE-V2-0106,Nethaen velkrin an dren.,The fermented drink rests by the water.,,sentence
an,PE-V2-0108,Shalilaen pralvinor an dren.,The mead flows lightly by the water.,,sentence
an,PE-V2-0113,shalil eshthael an dren.,The breeze drifts by the water.,,sentence
an,PE-V2-0114,Shalithor kal dren an Evan.,The sunlight strengthens at the market.,,sentence
an,PE-V3-0019,Nor-var Ya dren an Varthas?,Will you go to the water in the city?,,sentence
an,PE-V3-0023,Ser Lior var an dren.,The friend who goes to the water.,,sentence
an,PE-V3-0024,var I an terra ser Ser Lior var an dren.,I go home with the friend who goes to the water.,,sentence
an,PE-V3-0029,"rath tha-var Ya an dren, tha-talaen I emil.","If you had gone to the water, I would have gotten food.",,sentence
an,PE-V3-0031,Felka ser dren an Tavan.,The child is with the parent by the water.,,sentence
an,PE-V3-0033,shalil velar an dren.,The elder moves lightly by the water.,,sentence
an,PE-V3-0036,Belvok ser dren an Teremil.,The family is together at home by the water.,,sentence
an,PE-V3-0038,Nethaen tavojorin an dren ser Belvok.,The parent-in-law rests with the family by the water.,,sentence
an,PE-V3-0039,rinaen zhivorin ser tavan an dren.,The sibling-in-law is with the parent by the water.,,sentence
an,PE-V3-0040,Kalvok ser Belvok an Teremil.,The partner is with the family at home.,,sentence
an,PE-V3-0043,Nethaen felvin an dren ser Tavan.,The niece/nephew rests with the parent by the water.,,sentence
an,PE-V3-0046,Kalvokesh ser dren an Belvok.,The spouse's family is by the water with the unified family.,,sentence
an,PE-V3-0048,Xarfelvin ser dren an Xarvethral.,The adoptive niece/nephew is with the adoptive parent by the water.,,sentence
an,PE-V3-0050,shalil velmarin an dren.,The honorary elder moves lightly by the water.,,sentence
an,PE-V3-0051,Pralvokesh ser dren an Belvok.,The trusted ally is with the family by the water.,,sentence
an,PE-V3-0057,Shalaen Ilin an Kinnshal.,We hope in the dawn.,,sentence
an,PE-V3-0064,Thaalaen Ilin an Dral.,We wonder at the heavens.,,sentence
an,PE-V3-0069,Vaar'kelaen I an shal.,I feel relief in the light.,,sentence
an,PE-V3-0090,Velpralim shan dren an Zhirelorim.,The wisdom transfer passes to the coming-of-age ritual.,,sentence
an,PE-V3-0093,Dralshaneth kal dren an Belvok.,The heaven's blessing strengthens the family.,,sentence
an,PE-V3-0098,Eshvelaneth shan dren an Tharvok.,The snowstorm guidance passes to the family.,,sentence
an,PE-V3-0100,kal Shalorveth ser Tharvok an thal.,The shadowlight ritual strengthens with the family under balance.,,sentence
an,PE-V3-0102,Krezmorath kal dren an Belvok.,The fire bond strengthens with the family.,,sentence
an,PE-V3-0103,Tharvelim lian dren an Terra.,The mountain ancestor ritual speaks to the Earth.,,sentence
an,PE-V3-0104,rinaen Kalorinath ser Tharvok an thal.,The fortress bonding ceremony is with the family under balance.,,sentence
an,PE-V4-0005,Vael vaar an shara-ya.,May peace be on your path.,,sentence
an,PE-V4-0006,"Vael rinaen I an eshlin, varal I an esh.","If I were a bird, I would be going to the sky.",,sentence
an,PE-V4-0008,Pralaen an Azron an belkor.,The woman makes the tunic.,,sentence
an,PE-V4-0009,Pralaen an belkor nor-ka.,The tunic is made / A tunic was made.,,sentence
an,PE-V4-0010,Pralaen an kaleth nor-ka.,The fortress was built.,,sentence
an,PE-V4-0011,Talaen an shenakar nor-ka.,The coinage was taken.,,sentence
an,PE-V4-0012,Var Inko an Varthas.,We two are going to the city.,,sentence
an,PE-V4-0013,Ra aen Yako an I?,Are you two speaking to me?,,sentence
an,PE-V4-0014,Velaen Ilin an morlak.,We [you and I] are eating the bread.,,sentence
an,PE-V4-0015,Arth Imen an kaleth. Var Ya.,"We [the guards, not you] protect the fortress. You must go.",,sentence
an,PE-V4-0017,Rinaen zhirin an pralor.,The rope is on the table.,,sentence
an,PE-V4-0024,Vethoraen Felka an nethlor.,The child sleeps on the bed.,,sentence
an,PE-V4-0046,Rinaen peleth an zhirvok.,The knife is on the belt.,,sentence
an,PE-V4-0054,Aenaen I eshlin an zhaelin.,I hear the bird in the flower.,,sentence
an,PE-V4-0067,Aenaen I eshlin an velmarin.,I hear a bird in the ancient tree.,,sentence
an,PE-V4-0069,Rinaen zhaelin krelek an verdor.,The red flower is in the forest.,,sentence
an,PE-V4-0072,Rinaen belshara an Ilin.,Duty is with us.,,sentence
an,PE-V4-0075,Var I an vethrin.,I go into a dream.,,sentence
an,PE-V4-0078,Rinaen rathlor an shara.,There is danger on the path.,,sentence
an,PE-V4-0079,Var Ilin an vaarlor.,We go into safety.,,sentence
an,PE-V4-0087,Nor-var I an aenor.,I will go in a moment.,,sentence
an,PE-V4-0089,Nor-var Fenrek an unar lunwek.,Summer will arrive in one month.,,sentence
an,PE-V4-0092,Rinaen morthera maganeth an Hek-unar morkal.,The beast of burden is heavy by 100 stone-weights.,,sentence
an,PE-V4-0094,Min I an dren. Rinaen kelvor-ian kadreneth ser Krez.,Headed to water. My mouth is dry with the heat.,,sentence
an,PE-V4-0095,"Lorin shara Ya an Kinnmor, Li-Ser?","Where does your path guide you this morning, Respected-Friend?",,sentence
an,PE-V4-0096,Theraen thar-ian an awek. Rinaen an-rin lian morlak kadreneth.,My heart longs for the spring. It feels like the truth of dry bread.,,sentence
an,PE-V4-0098,Var I an phelvin. Rinaen kelvor-ian kadreneth. Rinaen belshara.,Proceeding to acquire a beverage. My mouth is dry. Hydration is a necessity.,,sentence
an,PE-V4-0100,Shalil I an dren. Rinaen thar-ian ser mahr kadreneth.,I flow to the water. My heart feels like a dry sea.,,sentence
an,PE-V4-0102,"Var I an velithor. Rinaen thar-ian moreth, ser vaar ka.",I'm going for strong ale. My spirit is hard/unsettled and lacks comfort.,,sentence
an,PE-V4-0103,"An eshreth, ra var Ya, Ser?","In this hazy sky, where are you going, Friend?",,sentence
an,PE-V4-0104,Var I an phelvin. Arth vel vaar.,I am going for a warm drink. Calm endurance preserves peace.,,sentence
an,PE-V4-0105,"Shal lorin shara-ya an nor-ka, Ser?","Does the light guide your path in this moment, Friend?",,sentence
an,PE-V4-0106,"Lia, var I an Drenkorath. Rinaen vethor an thar-ian.","Yes, I go to the sacred Spring. There is a shadow in my heart.",,sentence
an,PE-V4-0108,Lia. Var I an phelvin. Lorin belthal kel-ian.,Yes. I am going for a comforting drink. My actions are guided by order.,,sentence
an,PE-S4A-0004,Seraen I an Nys'aleth.,I believe in balance.,,sentence
an,PE-NE1-0001,tal droral droshen an Ilin.,The water keeper gives the water ration to us.,,sentence
an,PE-NE1-0002,rinaen droshen an teremil.,The water ration is in the home.,,sentence
an,PE-NE1-0003,rinaen drosel an drokav.,Clean drinking water is in the cistern.,,sentence
an,PE-NE1-0006,tal droral droshen an serin.,The water keeper gives water rations to the friends.,,sentence
an,PE-NE1-0007,rinaen drobel an Jasara.,The water-distribution system is in Jasara.,,sentence
an,PE-NE1-0009,var I an awekshara.,I go to the spring-fed canal.,,sentence
an,PE-NE1-0016,rinaen drosel an mahrvek.,Clean drinking water is on the ship.,,sentence
an,PE-NE1-0017,var mahrvek an mahr.,The ship travels on the ocean.,,sentence
an,PE-NE1-0018,rinaen karvek an mahrvek.,The toolkit is on the ship.,,sentence
an,PE-NE1-0020,rinaen lormahr an Pelagae.,Ocean navigation is practiced in Pelagae.,,sentence
an,PE-NE1-0021,rinaen zhelbel an Mechuma.,The energy-distribution system is in Mechuma.,,sentence
an,PE-NE1-0028,rinaen belewek an verdor.,The managed cycle is present in the forest growth.,,sentence
an,PE-NE1-0031,rinaen verdvin an verd.,The sap is in the foliage.,,sentence
an,PE-NE1-0036,rinaen belverd an verdor.,The grafted growth is in the forest.,,sentence
an,PE-NE1-0044,var I an xarphelor.,I go into the warmth-retaining shelter.,,sentence
an,PE-NE1-0045,rinaen welkrez an teremil.,The shared hearth is in the home.,,sentence
an,PE-NE1-0047,rinaen emil an velalivar.,The food is in cold storage.,,sentence
an,PE-NE1-0048,rinaen fennil an velalivar.,The herbs are preserved through cold dormancy.,,sentence
an,PE-NE1-0051,rinaen thalorimor an morl.,The lightning tower is in the mountains.,,sentence
an,PE-NE1-0054,rinaen mormek an awekshara.,Worked stone is in the spring-fed canal.,,sentence
an,PE-NE1-0057,var seren an kalwek.,The guardians go to the training drill.,,sentence
an,PE-NE1-0058,rinaen kalewek an Mechuma.,The repeated training cycle is used in Mechuma.,,sentence
an,PE-NE1-0062,rinaen thalbel an Marakor.,The legal code is established in Marakor.,,sentence
an,PE-NE1-0064,var kavral an liankavor.,The archivist goes to the records repository.,,sentence
an,PE-NE1-0067,rinaen kalshen an seren.,The guardian holds an official rank.,,sentence
an,PE-NE1-0069,rinaen rinshen an liankavor.,The identity record is in the archive.,,sentence
an,PE-NE1-0072,var sharavok an dralshara.,The traveling company follows the celestial path.,,sentence
an,PE-NE1-0075,rinaen kareth an karvek.,The hammer is in the toolkit.,,sentence
an,PE-NE1-0077,var sharavok an shara.,The caravan travels along the path.,,sentence
an,PE-NE1-0078,rinaen karvek an sharavok.,The toolkit is with the traveling company.,,sentence
an,PE-NE1-0079,var sharavok an vethdren.,The caravan goes to the hidden water source.,,sentence
an,PE-CNE1-0001,dor I drenvor an pralor.,I put the bowl on the table.,,sentence
an,PE-CNE1-0002,dor kavral rinshen an liankavor.,The record keeper places the identity record in the archive.,,sentence
an,PE-CNE1-0008,aloraen ser mor an mahr.,The friend drops the stone into the sea.,,sentence
an,PE-CNE1-0030,drenvaraen verdor an Zhaelor.,The forest changes in spring.,,sentence
an,PE-CNE1-0038,rinaen karvek an sharavok athnor.,The toolkit is already with the caravan.,,sentence
an,PE-CNE1-0041,var sharavok an mahr felath.,The caravan almost reaches the sea.,,sentence
an,PE-CNE1-0045,var I an mahr rethshara.,I go to the sea instead.,,sentence
an,PE-CNE1-0048,var sharavok an mahr servok.,The caravan travels to the sea together.,,sentence
an,PE-DSL1-0001,karethaen I shem an krezvek.,I use the spoon in the cooking pot.,,sentence
an,PE-DSL1-0002,dor I shem an pralor.,I put the spoon on the table.,,sentence
an,PE-DSL1-0003,rinaen worvenak an krezvek.,The stew is in the cooking pot.,,sentence
an,PE-DSL1-0007,dor I emil an emilpral.,I put the food on the plate.,,sentence
an,PE-DSL1-0009,rinaen belar an kavvek.,The spice is in the jar.,,sentence
an,PE-DSL1-0011,rinaen kavvek an eshpral.,The jar is on the shelf.,,sentence
an,PE-DSL1-0013,rinaen belrin an xarvek.,The fabric is in the cupboard.,,sentence
an,PE-DSL1-0015,rinaen rask an pralor.,The raw hide is on the table.,,sentence
an,PE-DSL1-0019,pralaen I lem an pralor.,I shape the clay on the table.,,sentence
an,PE-DSL1-0029,rinaen aiv an korin-ian.,There is pain in my hand.,,sentence
an,PE-DSL1-0039,rivaen felka an veljor.,The child shivers in the cold snap.,,sentence
an,PE-DSL1-0040,rivaen ser an xarphelor.,The friend shivers in the shelter.,,sentence
an,PE-DSL1-0058,drentalaen ser phelvin an drenvor.,The friend pours the drink into the cup.,,sentence
an,PE-DSL1-0077,rinaen aivkor an korin-ian.,The wound is on my hand.,,sentence
an,PE-DSL1-0079,rinaen tesh an korin-ian.,There is an itch on my hand.,,sentence
an,PE-DSL1-0081,rinaen riv an korin-ian.,There is a tremor in my hand.,,sentence
an,PE-DSL1-0088,rinaen tov an korin-ian.,There is a touch on my hand.,,sentence
an,PE-DSL1-0089,rinaen mav an felka.,There is illness in the child.,,sentence
an,PE-PFM1-0003,rinaen thalnor an shalor.,There is temporal stability in the sanctuary.,,sentence
an,PE-PFM1-0008,rinaen normav an felka.,There is timeline sickness in the child.,,sentence
an,PE-PFM1-0012,rinaen xilnor an norzhir.,The temporal fracture lies within the timeline.,,sentence
an,PE-PFM1-0014,rinaen felnor an norzhir.,The time skip is within the timeline.,,sentence
an,PE-PFM1-0015,rinaen delnor an lianrethor.,There is temporal overlap in the anomaly zone.,,sentence
an,PE-PFM1-0017,rinaen rethweknor an shalor.,There is a time loop in the sanctuary.,,sentence
an,PE-PFM1-0019,rinaen jornor an lianrethor.,There is a temporal surge in the anomaly zone.,,sentence
an,PE-PFM1-0021,rinaen velnor an lianrethor.,There is temporal drag in the anomaly zone.,,sentence
an,PE-PFM1-0024,rinaen norshan an shalor.,There is temporal displacement in the sanctuary.,,sentence
an,PE-PFM1-0031,rinaen shanvelrathor an liorin.,The elder has a cross-timeline memory.,,sentence
an,PE-PFM1-0035,rinaen delvelrathor an I.,I hold two incompatible memories.,,sentence
an,PE-PFM1-0037,rinaen belvelrathor an ser.,The friend has entangled memories.,,sentence
an,PE-PFM1-0041,rinaen kavelrathor an I.,I have a memory gap.,,sentence
an,PE-PFM1-0044,rinaen lianreth an shalor.,There is a reality anomaly in the sanctuary.,,sentence
an,PE-PFM1-0049,rinaen lianthal an shalor.,There is reality coherence in the sanctuary.,,sentence
an,PE-PFM1-0054,rinaen rethmor an verdor.,There is anomalous terrain in the forest.,,sentence
an,PE-PFM1-0056,dar sharavok an lianrethxar.,The caravan waits at the anomaly boundary.,,sentence
an,PE-PFM1-0060,rinaen kalravor an shalor.,There is a gravity pocket in the sanctuary.,,sentence
an,PE-PFM1-0061,rinaen workalrav an lianrethor.,There is high gravity in the anomaly zone.,,sentence
an,PE-PFM1-0063,rinaen felkalrav an varthas.,There is low gravity in the city.,,sentence
an,PE-PFM1-0065,rinaen kakalrav an shalor.,There is weightlessness in the sanctuary.,,sentence
an,PE-PFM1-0066,aloraen I karvek an kakalrav.,I release the toolkit in weightlessness.,,sentence
an,PE-PFM1-0067,rinaen jekkalrav an lianrethor.,There is gravitational sway in the anomaly zone.,,sentence
an,PE-PFM1-0073,dar sharavok an vaarshen.,The caravan waits at the safe distance.,,sentence
an,PE-FAP1-0004,dar balral an awekshara.,The farmer waits by the spring-fed canal.,,sentence
an,PE-FAP1-0005,rinaen pralbal an sov.,The crop is in the field.,,sentence
an,PE-FAP1-0012,dor balral pralbal an sov.,The farmer places the crop in the field.,,sentence
an,PE-FAP1-0013,rinaen brossov an morl.,The agricultural terrace is on the mountain.,,sentence
an,PE-FAP1-0015,rinaen fennil an verdsov.,The herbs are in the garden.,,sentence
an,PE-FAP1-0017,rinaen zornelar an vilorsov.,The honey is in the orchard.,,sentence
an,PE-FAP1-0019,kesbrenaen I fennil an verdor.,I forage for herbs in the forest.,,sentence
an,PE-FAP1-0021,gavaen gavral zor an morl.,The hunter hunts an animal in the mountains.,,sentence
an,PE-FAP1-0025,rinaen nesh an lun.,The aquatic creature is in the lake.,,sentence
an,PE-FAP1-0026,kes I nesh an dren.,I notice a fish in the water.,,sentence
an,PE-FAP1-0027,neshbrenaen I an lun.,I fish at the lake.,,sentence
an,PE-FAP1-0028,neshbrenaen neshbrenral an mahr.,The fisher harvests aquatic creatures from the ocean.,,sentence
an,PE-FAP1-0029,var neshbrenral an mahr.,The fisher goes to the ocean.,,sentence
an,PE-FAP1-0031,rinaen xarnesh an emilpral.,The shellfish is on the plate.,,sentence
an,PE-FAP1-0034,rinaen mahrfennil an kavvek.,The seaweed is in the storage jar.,,sentence
an,PE-FAP1-0035,kes I zor an shara.,I notice an animal on the path.,,sentence
an,PE-FAP1-0042,dar belzorral an teremil.,The herder waits at the home camp.,,sentence
an,PE-FAP1-0043,tal I zordren an felka.,I give milk to the child.,,sentence
an,PE-FAP1-0044,rinaen zordren an drenvor.,The milk is in the bowl.,,sentence
an,PE-FAP1-0047,rinaen felverd an verdor.,Moss is in the forest.,,sentence
an,PE-FAP1-0051,rinaen nelar an zhaelin.,The nectar is in the flower.,,sentence
an,PE-FAP1-0053,dor I zornelar an fennildren.,I put honey in the tea.,,sentence
an,PE-FAP1-0054,rinaen zornelar an kavvek.,The honey is in the jar.,,sentence
an,PE-FAP1-0055,dor I jelkor an venak.,I put seasoning in the stew.,,sentence
an,PE-FAP1-0056,rinaen jelkor an van.,The spice is in the market.,,sentence
an,PE-FAP1-0058,tal ser fennildren an I.,The friend gives tea to me.,,sentence
an,PE-FAP1-0059,tal I emildren an ser.,I give a beverage to the friend.,,sentence
an,PE-FAP1-0060,rinaen emildren an drenvor.,The beverage is in the cup.,,sentence
an,PE-FAP2-0001,rinaen saren an sov.,The wheat is in the field.,,sentence
an,PE-FAP2-0003,rinaen fellak an kavvek.,The flour is in the jar.,,sentence
an,PE-FAP2-0004,dor I fellak an drenvor.,I put flour in the bowl.,,sentence
an,PE-FAP2-0007,rinaen olan ser dren an xarvek.,The oil is stored with the water in the cupboard.,,sentence
an,PE-FAP2-0008,dor mekral olan an karvek.,The mechanic puts oil on the toolkit.,,sentence
an,PE-FAP2-0009,dor I emilolan an krezpral.,I put cooking oil in the pan.,,sentence
an,PE-FAP2-0010,rinaen emilolan an kavvek.,The edible oil is in the jar.,,sentence
an,PE-FAP2-0011,rinaen morolan an torin.,The fat is on the meat.,,sentence
an,PE-FAP2-0012,dor I morolan an drenfellak.,I put fat in the dough.,,sentence
an,PE-FAP2-0014,dor zhaelral pralfel an fennilphel.,The healer puts an ingredient in the remedy.,,sentence
an,PE-FAP2-0022,krezdrenaen I fennil an krezvek.,I boil the herbs in the cooking pot.,,sentence
an,PE-FAP2-0042,kes seren mura an teremil.,The guardian notices smoke at the home.,,sentence
an,PE-FAP2-0053,rinaen ruvan an kavvek.,There is rot in the storage jar.,,sentence
an,PE-FAP2-0054,kes balral ruvan an saren.,The farmer notices rot in the wheat.,,sentence
an,PE-FAP2-0055,ruvanaen torin an krezrek.,The meat spoils in the heatwave.,,sentence
an,PE-FAP2-0056,ruvanaen vilor an dren.,The fruit rots in the water.,,sentence
an,PE-FAP2-0060,tal I nesh emilpraleth an felka.,I give cooked fish to the child.,,sentence
an,PE-FAP1-0061,rinaen gav an morl.,The hunt is in the mountains.,,sentence
an,PE-CWM1-0001,rinaen belxar an xarvek.,The clothing is in the cupboard.,,sentence
an,PE-CWM1-0006,rinaen velbelxar an xarvek.,The heavy coat is in the cupboard.,,sentence
an,PE-CWM1-0008,dor I eshtrakor an vorkor.,I put the sandals by the door.,,sentence
an,PE-CWM1-0010,vekaen I velpraltrakor an morl.,I carry the snowshoes in the mountains.,,sentence
an,PE-CWM1-0012,dor I pelveltrakor an pralor.,I put the ice skates on the table.,,sentence
an,PE-CWM1-0014,dor I lorinorxar an xarvek.,I put the head covering in the cupboard.,,sentence
an,PE-CWM1-0016,rinaen aiv an rema-ian.,There is pain in my face.,,sentence
an,PE-CWM1-0018,dor I remaxar an xarvek.,I put the mask in the cupboard.,,sentence
an,PE-CWM1-0020,dor I zhirbel an pralor.,I put the strap on the table.,,sentence
an,PE-CWM1-0021,rinaen welzhirbel an morthera.,The harness is on the pack beast.,,sentence
an,PE-CWM1-0023,rinaen belmek an zhirvok.,The buckle is on the belt.,,sentence
an,PE-CWM1-0030,dor I korinxar an pralor.,I put the gloves on the table.,,sentence
an,PE-CWM1-0036,rinaen rinbelxar an xarvek.,The uniform is in the cupboard.,,sentence
an,PE-CWM1-0037,rinaen felzhir an belrin.,The fiber is in the fabric.,,sentence
an,PE-CWM1-0039,rinaen sura an velbelxar.,The fur is in the heavy coat.,,sentence
an,PE-CWM2-0006,rinaen brosmorl an kaleth.,The slate is in the fortress.,,sentence
an,PE-CWM2-0007,rinaen sadar an trakor-ian.,There is sand in my shoe.,,sentence
an,PE-CWM2-0013,rinaen aiv an osar-ian.,There is pain in my bone.,,sentence
an,PE-CWM2-0015,rinaen dresh an dreshal.,The crystal is in the crystal device.,,sentence
an,PE-CWM2-0017,rinaen neshmorl an mahr.,Coral is in the ocean.,,sentence
an,PE-CWM2-0019,rinaen zorxar an mahr.,The shell is in the ocean.,,sentence
an,PE-CWM2-0023,rinaen verdbel an zem.,The resin is on the wood.,,sentence
an,PE-CWM2-0024,kesbrenaen I verdbel an verdor.,I forage for resin in the forest.,,sentence
an,PE-CWM2-0025,rinaen hir an belxar.,The garment has color.,,sentence
an,PE-CWM2-0026,kes I hir an belrin.,I notice the color in the fabric.,,sentence
an,PE-CWM2-0028,dor I hirmor an kavvek.,I put the dye in the jar.,,sentence
an,PE-TM1-0001,rinaen karmek an karvek.,The tool is in the toolkit.,,sentence
an,PE-TM1-0002,tal I karmek an mekral.,I give the tool to the mechanic.,,sentence
an,PE-TM1-0006,dor mekral felmek an kalmek.,The mechanic puts the component in the machine.,,sentence
an,PE-TM1-0009,dor I jelkor an thamvek.,I put the spice in the mortar.,,sentence
an,PE-TM1-0011,karethaen I thamkar an thamvek.,I use the pestle in the mortar.,,sentence
an,PE-TM1-0012,rinaen thamkar an karvek.,The pestle is in the toolkit.,,sentence
an,PE-TM1-0014,rinaen zhirpel an karvek.,The needle is in the toolkit.,,sentence
an,PE-TM1-0015,karethaen mekral pelkorin an rask.,The craftworker uses the awl on the hide.,,sentence
an,PE-TM1-0016,rinaen pelkorin an karvek.,The awl is in the toolkit.,,sentence
an,PE-TM1-0018,dor I delpel an pralor.,I put the shears on the table.,,sentence
an,PE-TM1-0020,rinaen delkorin an krezor.,The tongs are at the forge.,,sentence
an,PE-TM1-0021,karethaen mekral pelkar an mormek.,The craftworker uses the chisel on the worked stone.,,sentence
an,PE-TM1-0023,rinaen dren an drenkavvek.,The water is in the flask.,,sentence
an,PE-TM1-0025,drentalaen I dren an krezdrenvek.,I pour water into the kettle.,,sentence
an,PE-TM1-0027,dor liorin rinpel an lianbelrin.,The elder puts the seal on the document.,,sentence
an,PE-TM1-0029,karethaen kavral kelpel an kelpral.,The archivist uses the stylus on the tablet.,,sentence
an,PE-TM1-0030,dor kavral kelpel an pralor.,The archivist puts the stylus on the table.,,sentence
an,PE-TM1-0031,dor kavral rinshen an kelpral.,The archivist puts the identity record on the tablet.,,sentence
an,PE-TM1-0032,rinaen kelpral an karvek.,The writing tablet is in the toolkit.,,sentence
an,PE-TM1-0033,karethaen mekral shenzhir an zem.,The craftworker uses the ruler on the timber.,,sentence
an,PE-TM1-0034,rinaen shenzhir an karvek.,The measuring rod is in the toolkit.,,sentence
an,PE-TM1-0038,keldoraen I rathlor an sharashen.,I mark the danger on the map.,,sentence
an,PE-TM1-0040,rinaen normek an pralor.,The clock is on the table.,,sentence
an,PE-TM1-0043,rinaen felzhir an jekzhirvek.,The fiber is on the spool.,,sentence
an,PE-TM1-0044,dor mekral jekzhirvek an belpralmek.,The craftworker puts the spool on the loom.,,sentence
an,PE-TM1-0046,rinaen shenmek an kalmek.,The gauge is on the machine.,,sentence
an,PE-TM1-0048,rinaen kesmek an shanmek.,The sensor is on the pipe.,,sentence
an,PE-TM1-0051,rinaen kormek an kalmek.,The engine is in the machine.,,sentence
an,PE-TM1-0053,rinaen zhelkor an zhelbel.,The generator is connected to the power grid.,,sentence
an,PE-TM1-0056,dor mekral zhelkav an kalmek.,The mechanic puts the battery in the machine.,,sentence
an,PE-TM1-0057,rinaen dren an shanmek.,Water is in the pipe.,,sentence
an,PE-TM1-0061,rinaen selshan an shanmek.,The filter is in the pipe.,,sentence
an,PE-TM1-0065,rinaen ravshan an awekshara.,The pump is at the spring-fed canal.,,sentence
an,PE-TM1-0070,rinaen wekmek an kalmek.,The wheel is on the machine.,,sentence
an,PE-TM1-0071,rinaen korwek an wekmek.,The axle is in the wheel.,,sentence
an,PE-TM1-0073,jekaen jekmek an kalmek.,The gear turns in the machine.,,sentence
an,PE-TM1-0075,karethaen I ravkar an mormek.,I use the lever on the worked stone.,,sentence
an,PE-TM1-0076,rinaen ravkar an karvek.,The lever is in the toolkit.,,sentence
an,PE-TM1-0078,rinaen zhirin an wekrav.,The rope is on the pulley.,,sentence
an,PE-TM1-0079,rinaen jekkal an kalmek.,The mechanical spring is in the machine.,,sentence
an,PE-TVO1-0001,rinaen varvek an shara.,The vehicle is on the route.,,sentence
an,PE-TVO1-0003,var felvek an shara.,The cart moves along the path.,,sentence
an,PE-TVO1-0007,var pralvek an velk.,The sled travels on the ice.,,sentence
an,PE-TVO1-0012,dorvekaen ser delkormek an kaleth.,The friend parks the motorcycle at the fortress.,,sentence
an,PE-TVO1-0016,rinaen zhirvek an zhirshara.,The railcar is on the railway.,,sentence
an,PE-TVO1-0018,var belzhirvek an zhirshara.,The train travels on the railway.,,sentence
an,PE-TVO1-0019,rinaen kren an zhirshara.,There is metal in the railway.,,sentence
an,PE-TVO1-0022,vekvaraen ser shalilvek an mahr.,The friend rides the glider on the sea.,,sentence
an,PE-TVO1-0025,rinaen mahrxarvek an mahr.,The submersible is in the sea.,,sentence
an,PE-TVO1-0029,var mahrpral an mahr.,The raft travels on the sea.,,sentence
an,PE-TVO1-0038,mahrvaraen mahrvek an mahr.,The ship sails on the sea.,,sentence
an,PE-TVO1-0045,weksharaen I an kinnmor.,I commute in the morning.,,sentence
an,PE-TVO1-0046,weksharaen mekral an zhirshara.,The mechanic commutes by rail.,,sentence
an,PE-TVO1-0047,dorvekaen lorvekral kormekvek an kaleth.,The driver parks the motor vehicle at the fortress.,,sentence
an,PE-TVO1-0048,dorvekaen I delkormek an teremil.,I park the motorbike at home.,,sentence
an,PE-TVO1-0050,rinaen jorvar an shenmek.,The speed is displayed on the gauge.,,sentence
an,PE-TVO1-0052,Va ver jorvaraen Ya an felshara.,Do not accelerate in the lane.,,sentence
an,PE-TVO1-0054,velvaraen belzhirvek an kaleth.,The train slows at the fortress.,,sentence
an,PE-TVO1-0056,belvekaen lorvekral varvek an vorkor.,The driver brakes the vehicle at the gate.,,sentence
an,PE-TVO1-0059,rinaen kormekvek an felshara.,The motor vehicle is in the lane.,,sentence
an,PE-TVO1-0060,jekaen lorvekral an felshara.,The driver turns within the lane.,,sentence
an,PE-TVO1-0062,korinaen I vekmor an varvek.,I hold the cargo in the vehicle.,,sentence
an,PE-TVO1-0066,kes lorvekral belreth an kormek.,The driver notices a problem in the engine.,,sentence
an,PE-TVO1-0069,rinaen welvek an shara.,There is traffic on the route.,,sentence
an,PE-TVO1-0070,velvaraen welvek an varthas.,Traffic slows in the city.,,sentence
an,PE-BSPI1-0001,rinaen mekor an varthas.,The building is in the city.,,sentence
an,PE-BSPI1-0007,rinaen vekmor an morlpral.,The cargo is on the floor.,,sentence
an,PE-BSPI1-0009,rinaen shalkor an aneshxar.,The lamp is on the ceiling.,,sentence
an,PE-BSPI1-0013,rinaen xarzhir an shalshan.,The screen is at the window.,,sentence
an,PE-BSPI1-0018,rinaen mbalanmor an welpralor.,The pillar is in the plaza.,,sentence
an,PE-BSPI1-0019,rinaen velkelor an ndavior.,The library is on a building storey.,,sentence
an,PE-BSPI1-0021,rinaen nethor an xaror.,The chair is in the room.,,sentence
an,PE-BSPI1-0022,dar I an xaror.,I wait in the room.,,sentence
an,PE-BSPI1-0023,rinaen welrim an worxaror.,The feast is in the hall.,,sentence
an,PE-BSPI1-0024,rinaen worxaror an mekor.,The hall is inside the building.,,sentence
an,PE-BSPI1-0025,rinaen drojormek an xarwelor.,The fountain is in the courtyard.,,sentence
an,PE-BSPI1-0026,rinaen xarwelor an mekor.,The courtyard is within the building.,,sentence
an,PE-BSPI1-0027,rinaen welrim an welpralor.,The feast is in the public square.,,sentence
an,PE-BSPI1-0028,rinaen welvek an welpralor.,Traffic is in the plaza.,,sentence
an,PE-BSPI1-0030,rinaen ser an mekeshpral.,The friend is on the balcony.,,sentence
an,PE-BSPI1-0031,rinaen kel an velkelor.,The text is in the library.,,sentence
an,PE-BSPI1-0032,var I an velkelor.,I go to the library.,,sentence
an,PE-BSPI1-0033,rinaen shenmek an shenpralor.,The measuring device is in the laboratory.,,sentence
an,PE-BSPI1-0034,pralaen shenral an shenpralor.,The scholar works in the laboratory.,,sentence
an,PE-BSPI1-0035,kes shenral dral an shenkesor.,The scholar observes a star at the observatory.,,sentence
an,PE-BSPI1-0036,rinaen shenkesor an morl.,The observatory is on the mountain.,,sentence
an,PE-BSPI1-0037,rinaen belzhir an belzhirkavor.,The network is in the data center.,,sentence
an,PE-BSPI1-0038,dor mekral kel an belzhirkavor.,The technician puts an encoded text in the data center.,,sentence
an,PE-BSPI1-0039,rinaen lorvekral an lormekor.,The operator is in the control room.,,sentence
an,PE-BSPI1-0040,lorin lorvekral kalmek an lormekor.,The operator directs the machine from the control room.,,sentence
an,PE-BSPI1-0041,zhaelpralaen mekral karvek an mekpralor.,The craftsperson repairs the toolkit in the workshop.,,sentence
an,PE-BSPI1-0042,rinaen kareth an mekpralor.,The hammer is in the workshop.,,sentence
an,PE-BSPI1-0045,var kormekvek an mekshara.,The motor vehicle travels on the road.,,sentence
an,PE-BSPI1-0048,rinaen brosshara an mekor.,The stairs are in the building.,,sentence
an,PE-BSPI1-0050,rinaen shalkor an morlshan.,The lamp is in the tunnel.,,sentence
an,PE-BSPI1-0053,dar I an varbelor.,I wait at the station.,,sentence
an,PE-BSPI1-0054,thalvekaen vekin an varbelor.,The passengers disembark at the terminal.,,sentence
an,PE-BSPI1-0055,rinaen vekin an eshpralor.,The passengers are on the platform.,,sentence
an,PE-BSPI1-0056,rinaen shenral an eshpralor.,The scholar is on the raised platform.,,sentence
an,PE-BSPI1-0059,anvekaen I mahrvek an mahrpralor.,I board the ship at the dock.,,sentence
an,PE-BSPI1-0060,rinaen vekmor an mahrpralor.,The cargo is on the dock.,,sentence
an,PE-BSPI1-0061,rinaen mahrvek an mahrxaror.,The ship is in the harbor.,,sentence
an,PE-BSPI1-0063,rinaen kormekvek an vekxaror.,The motor vehicle is in the garage.,,sentence
an,PE-BSPI1-0064,zhaelpralaen mekral delkormek an vekxaror.,The mechanic repairs the motorbike in the garage.,,sentence
an,PE-BSPI1-0065,dorvekaen lorvekral kormekvek an vekpralor.,The driver parks the motor vehicle in the parking area.,,sentence
an,PE-BSPI1-0066,rinaen delwek an vekpralor.,The bicycle is in the parking area.,,sentence
an,PE-BSPI1-0067,var dro an droshara.,Water moves along the canal.,,sentence
an,PE-BSPI1-0071,rinaen shalkor an eshmekor.,The signal lamp is in the tower.,,sentence
an,PE-BSPI1-0072,rinaen eshmekor an morl.,The tower is on the mountain.,,sentence
an,PE-BSPI1-0076,rinaen drojormek an welpralor.,The fountain is in the plaza.,,sentence
an,PE-BSPI1-0078,dor I nethmek an xaror.,I put the furniture in the room.,,sentence
an,PE-BSPI1-0079,rinaen eshpralor an ndavi.,The platform is at this vertical level.,,sentence
an,PE-LPC1-0001,rinaen Lun an esh.,The Moon is in the sky.,,sentence
an,PE-LPC1-0002,kes I Lun an esh.,I notice the Moon in the sky.,,sentence
an,PE-GCI1-0003,rinaen lorbel an varthas.,The government is in the city.,,sentence
an,PE-GCI1-0007,rinaen khumkel an worxaror.,The council is in the hall.,,sentence
an,PE-GCI1-0009,keltharaen khumkelral an khumkel.,The representative votes in the council.,,sentence
an,PE-GCI1-0010,rinaen khumkelral an felbelor.,The representative is in the district.,,sentence
an,PE-GCI1-0015,rinaen lorbelral an lorbel.,The public official is in the government.,,sentence
an,PE-GCI1-0017,rinaen welkelthar an welpralor.,The election is in the public square.,,sentence
an,PE-GCI1-0018,dar welrin an welkelthar.,The citizens wait at the election.,,sentence
an,PE-GCI1-0019,keltharaen welrinin an welkelthar.,The citizens vote in the election.,,sentence
an,PE-GCI1-0021,rinaen lorshara an lorbel.,The policy is in the government.,,sentence
an,PE-GCI1-0025,tal lorbelral belrinpel an ser.,The official gives the permit to the friend.,,sentence
an,PE-GCI1-0026,rinaen belrinpel an rinshen.,The permit is in the official record.,,sentence
an,PE-GCI1-0027,rinaen shental dren an felbelor.,The water allocation is in the district.,,sentence
an,PE-GCI1-0029,shentalaen lorbel dren an felbelor.,The government allocates water to the district.,,sentence
an,PE-GCI1-0030,shentalaen khumkel emil an welrin.,The council allocates food to the citizens.,,sentence
an,PE-GCI1-0031,rinaen weltal emil an felbelor.,Food distribution is in the district.,,sentence
an,PE-GCI1-0032,dar welrin an weltal.,The citizens wait for the distribution.,,sentence
an,PE-GCI1-0033,weltalaen lorbelral emil an welrin.,The official distributes food to the citizens.,,sentence
an,PE-GCI1-0034,weltalaen mekral zhelkav an felbelor.,The technician distributes power cells to the district.,,sentence
an,PE-GCI1-0035,rinaen kelreth an kelvok.,There is a dispute in the contract.,,sentence
an,PE-GCI1-0037,rinaen thalkelreth an khumkel.,The arbitration is in the council.,,sentence
an,PE-GCI1-0038,dar belvoklor an thalkelreth.,The clan leader waits at the arbitration.,,sentence
an,PE-GCI1-0040,thalkelrethaen khumkel kelreth an lorzhir.,The council arbitrates the border dispute.,,sentence
an,PE-GCI1-0041,rinaen welrin an varthas.,The citizen is in the city.,,sentence
an,PE-GCI1-0042,keltharaen welrin an welkelthar.,The citizen votes in the election.,,sentence
an,PE-GCI1-0043,tal lorbel welrinath an ser.,The government grants citizenship to the friend.,,sentence
an,PE-GCI1-0044,rinaen welrinath an rinshen.,Citizenship is recorded in the identifying record.,,sentence
an,PE-GCI1-0045,rinaen velkelor an felbelor.,The library is in the district.,,sentence
an,PE-GCI1-0048,rinaen dro an lorzhir.,The river is at the border.,,sentence
an,PE-GCI1-0049,rinaen kelvok an liankavor.,The contract is in the archive.,,sentence
an,PE-WRT1-0012,kes lormekral zhelbel an lormekor.,The engineer inspects the power grid in the control room.,,sentence
an,PE-WRT1-0013,pralaen shenral an velkelor.,The scholar works in the library.,,sentence
an,PE-WRT1-0014,kes shenral rinshen an liankavor.,The researcher examines the record in the archive.,,sentence
an,PE-WRT1-0015,vekaen kelvekral kalkel an lorbel.,The courier carries the decree to the government.,,sentence
an,PE-WRT1-0021,thalvanesh varadan phelvin an welpralor.,The merchant sells a warm drink in the plaza.,,sentence
an,PE-WRT1-0027,rinaen ianath an kelvok.,Ownership is established in the contract.,,sentence
an,PE-WRT1-0028,shan ianath varvek an ser.,Ownership of the vehicle passes to the friend.,,sentence
an,PE-DW1-0001,dor seren ngar an vorkor.,The guardian puts a weapon at the gate.,,sentence
an,PE-DW1-0002,vekaen welarth ngar an xarvek.,The militia carries a weapon in a storage chest.,,sentence
an,PE-DW1-0005,vekaen gavral ngarzhir an sov.,The hunter carries a spear in the field.,,sentence
an,PE-DW1-0006,dor gavral ngarzhir an mor.,The hunter puts the spear on the ground.,,sentence
an,PE-DW1-0007,rinaen ravjor an xarvek.,The bow is in the storage chest.,,sentence
an,PE-DW1-0009,rinaen ravjorvek an xarvek.,The arrow is in the storage chest.,,sentence
an,PE-DW1-0014,dor seren ngarjor an pralor.,The guardian puts the firearm on the table.,,sentence
an,PE-DW1-0015,tal zhelbel kal an ngarzhel.,The power grid gives energy to the energy weapon.,,sentence
an,PE-DW1-0017,dor seren ngarvek an xarvek.,The guardian puts the ammunition in the storage chest.,,sentence
an,PE-OC1-0002,var welarth an sov nor rathnor.,The militia goes to the field during the war.,,sentence
an,PE-OC1-0005,kes kesvar rathvethor an vorkor.,The patrol notices a hidden threat at the gate.,,sentence
an,PE-OC1-0008,rinaen felin emil an kaleth nor xarkaleth.,Food is scarce in the fortress during the siege.,,sentence
an,PE-OC1-0014,lorpelaen mekral kesmek an lianrethor.,The technician aims the sensor at the anomaly.,,sentence
an,PE-OC1-0023,kes zhaelral mavmor an drenvor.,The healer detects poison in the cup.,,sentence
an,PE-OC1-0027,rinaen rathjor an vorkor.,The battle is at the gate.,,sentence
an,PE-SBD1-0010,shalbalaen felka nor-ka an teremil.,The child is born in the home.,,sentence
an,PE-SBD1-0012,vethoraen felka shalbaleth an nethlor.,The newborn child sleeps on the bed.,,sentence
an,PE-SBD1-0015,dumaen nesh an dren.,The fish dies in the water.,,sentence
an,PE-SBD1-0018,kes neshbrenral nesh dumeth an mahrpralor.,The fisher notices a dead fish at the dock.,,sentence
an,PE-SCP1-0002,kes shenral kel an velkelor.,The scholar examines the text in the library.,,sentence
an,PE-SCP1-0003,anvekaen lorvekral vekmor an morvek.,The operator loads cargo into the wagon.,,sentence
an,PE-SCP1-0004,anvekaen lorvekral vekmor an mahrvek.,The operator loads cargo into the ship.,,sentence
an,PE-SCP1-0006,thalvekaen lorvekral vekmor thal mahrvek an mahrpralor.,The operator unloads cargo from the ship at the dock.,,sentence
an,PE-SCP1-0007,keldoraen shenral kel an kelpral.,The scholar writes the text on the tablet.,,sentence
an,PE-SCP1-0008,keldoraen kavral rinshen an brosmorl.,The record keeper inscribes the identity record on slate.,,sentence
an,PE-SCP1-0011,rinaen sel an lianor-ian.,There is clarity in my thought.,,sentence
an,PE-SCP1-0013,rinaen ruvan an lorbel.,There is corruption in the government.,,sentence
an,PE-SCP1-0014,kes welrin ruvan an belor.,The citizen notices corruption in the institution.,,sentence
an,PE-SCP1-0015,rinaen sel an dren.,The water is clear.,,sentence
an,PE-SCP1-0016,kes I sel an dresh.,I notice the crystal's clarity.,,sentence
an,PE-RC1-0002,rinaen dov an teremil.,There is play at home.,,sentence
an,PE-RC1-0005,rinaen dovath an pralor.,The game is on the table.,,sentence
an,PE-RC1-0008,dar dovin an welpralor.,The player waits in the plaza.,,sentence
an,PE-RC1-0011,rinaen nak an welpralor.,The competition is in the plaza.,,sentence
an,PE-RC1-0015,dar nakin an welpralor.,The competitor waits in the plaza.,,sentence
an,PE-RC1-0017,nakaen sivvok an jornak.,The team competes in the race.,,sentence
an,PE-RC1-0025,tal naklorral naktal an nakin.,The referee gives the prize to the competitor.,,sentence
an,PE-RC1-0026,rinaen naktal an pralor.,The prize is on the table.,,sentence
an,PE-RC1-0037,rinaen jornak an shara.,The race is on the road.,,sentence
an,PE-RC1-0038,nakaen del sivvok an jornak.,Two teams compete in the race.,,sentence
an,PE-RC1-0039,jornakaen Lalin an shara.,They race on the road.,,sentence
an,PE-RC1-0040,jornakaen dovin ser shalilvek an mahr.,The player races the glider on the sea.,,sentence
an,PE-RC1-0041,trakshalilaen I an velk.,I skate on the ice.,,sentence
an,PE-RC1-0042,trakshalilaen felka an welpralor.,The child skates in the plaza.,,sentence
an,PE-RC1-0043,mahrshalilaen ser an mahr.,They surf on the sea.,,sentence
an,PE-PSAC1-0001,rinaen aennor an welpralor.,There is music in the plaza.,,sentence
an,PE-PSAC1-0003,aennoraen aennorral an rimor.,The musician performs music at the festival.,,sentence
an,PE-PSAC1-0006,dar aennorral an norpralor.,The musician waits on the stage.,,sentence
an,PE-PSAC1-0011,aenthaelaen I an teremil.,I sing at home.,,sentence
an,PE-PSAC1-0013,aenthaelaen aenthaelral an norpralor.,The singer sings on the stage.,,sentence
an,PE-PSAC1-0016,dar welaenthael an norpralor.,The chorus waits on the stage.,,sentence
an,PE-PSAC1-0017,rinaen karthael an pralor.,The drum is on the table.,,sentence
an,PE-PSAC1-0024,thaelaen thaelral an norpralor.,The dancer dances on the stage.,,sentence
an,PE-PSAC1-0031,aen zhirkelral zhirkel an khumkes.,The storyteller tells a story to the audience.,,sentence
an,PE-PSAC1-0032,dar zhirkelral ser aennorral an krezor.,The storyteller waits with the musician by the hearth.,,sentence
an,PE-PSAC1-0034,rinaen rinpral an welpralor.,The artwork is in the plaza.,,sentence
an,PE-PSAC1-0037,rinaen norpral an norpralor.,The live performance is on the stage.,,sentence
an,PE-PSAC1-0041,norpralaen norpralral an norpralor.,The performer performs on the stage.,,sentence
an,PE-PSAC1-0045,rinaen thaelral an norpralor.,The dancer is on the stage.,,sentence
an,PE-PSAC1-0047,rinaen rim an teremil.,There is a celebration at home.,,sentence
an,PE-PSAC1-0051,rinaen rimor an welpralor.,The festival is in the plaza.,,sentence
an,PE-HTS1-0001,rinaen ndem an aivkor.,There is blood at the wound.,,sentence
an,PE-HTS1-0002,kes zhaelral ndem an aivkorxar.,The healer notices blood on the bandage.,,sentence
an,PE-HTS1-0014,rinaen sava an teremil.,There is care in the home.,,sentence
an,PE-HTS1-0017,rinaen savin an savor.,The patient is in the clinic.,,sentence
an,PE-HTS1-0019,var I an savor.,I go to the clinic.,,sentence
an,PE-HTS1-0020,rinaen jorzhael an savor.,There is first aid in the infirmary.,,sentence
an,PE-HTS1-0026,tal zhaelral zhaelphel an felka.,The healer gives medicine to the child.,,sentence
an,PE-HTS1-0028,tal zhaelral zhaelshen an savin.,The healer gives the patient a dose.,,sentence
an,PE-HTS1-0029,var savin an morzhael.,The patient moves toward recovery.,,sentence
an,PE-HTS1-0030,rinaen aivkor an morzhael.,The wound is healing.,,sentence
an,PE-HTS1-0031,rinaen mavkrez an felka.,The child has a fever.,,sentence
an,PE-HTS1-0033,rinaen mavbal an aivkor.,There is an infection in the wound.,,sentence
an,PE-HTS1-0038,dor zhaelral savin mavbalshaneth an mavbalxar.,The healer places the contagious patient under quarantine.,,sentence
an,PE-HTS1-0039,tal zhaelral zhaelolan an aivkor.,The healer applies salve to the wound.,,sentence
an,PE-HTS1-0041,dor zhaelral aivkorxar an aivkor.,The healer puts a bandage on the wound.,,sentence
an,PE-HTS1-0045,tal zhaelral mavmorzhael an savin.,The healer gives the patient an antidote.,,sentence
an,PE-HTS1-0046,rinaen mavmorzhael an karvek.,There is an antidote in the toolkit.,,sentence
an,PE-HTS1-0047,rinaen rekrathlor an savor.,There is an emergency at the clinic.,,sentence
an,PE-HTS1-0048,aen lorbel rekrathlor an welrin.,The government declares an emergency to the citizens.,,sentence
an,PE-HTS1-0049,aen kesvar rathlorkel an sharavok.,The patrol gives the caravan a warning.,,sentence
an,PE-HTS1-0050,rinaen rathlorkel an shenmek.,The warning is on the gauge.,,sentence
an,PE-HTS1-0051,rinaen velmav an varral.,The traveler has hypothermia.,,sentence
an,PE-HTS1-0053,rinaen rekmav an varral.,The traveler has severe heat illness.,,sentence
an,PE-HTS1-0055,rinaen velaivkor an korin ser.,The friend has frostbite on the hand.,,sentence
an,PE-HTS1-0057,rinaen kadromav an varral.,The traveler has dehydration.,,sentence
an,PE-HTS1-0058,tal zhaelral dren an savin ser kadromav.,The healer gives water to the dehydrated patient.,,sentence
an,PE-HTS1-0060,rinaen kesrin an savin.,The patient is conscious.,,sentence
an,PE-HTS1-0062,kes kesvar kakesrin an ser.,The patrol notices the friend's unconsciousness.,,sentence
an,PE-HTS1-0065,kesrinaen savin an savor.,The patient regains consciousness in the clinic.,,sentence
an,PE-HTS1-0067,rinaen vaarshan an morl.,There is a rescue on the mountain.,,sentence
an,PE-HTS1-0068,tal kesvar vaarshan an ser.,The patrol brings rescue to the friend.,,sentence
an,PE-HTS1-0071,rinaen thalwelvar an felbelor.,There is an evacuation in the district.,,sentence
an,PE-HTS1-0072,aen lorbel thalwelvar an welrin.,The government announces an evacuation to the citizens.,,sentence
an,PE-HTS1-0076,mavbalshanaen karvek mavbal an savin.,The toolkit transmits infection to the patient.,,sentence
an,PE-HTS1-0077,dor zhaelral savin an mavbalxar.,The healer places the patient under quarantine.,,sentence
an,PE-HTS1-0078,rinaen mavbalxar an mahrxaror.,There is a quarantine at the harbor.,,sentence
an,PE-HTS1-0084,aen lorbel vaarbelwek an welrin.,The government explains the emergency protocol to the citizens.,,sentence
an,PE-HTS1-0085,vekaen kesvar savin an nethvek.,The patrol carries the patient on a stretcher.,,sentence
an,PE-HTS1-0086,dor zhaelral nethvek an savor.,The healer puts the stretcher in the clinic.,,sentence
an,PE-EGE1-0003,rinaen pelmorl an morlshara.,The cliff stands at the mountain pass.,,sentence
an,PE-EGE1-0005,rinaen xarmorl an shanmorl.,The cave is within the canyon.,,sentence
an,PE-EGE1-0029,kes varral sadarjor an selmor; kes la velxar an felmorl.,The traveler sees a sandstorm on the plain and frost on the hill.,,sentence
an,PE-EGE1-0030,rinaen velxar esh verdpel; rinaen felsadar an drenfel.,Frost covers the grass; silt lies in the stream.,,sentence
an,PE-EGE1-0032,shen zhaelral krezshen an verdin.,The healer measures the plant's temperature.,,sentence
an,PE-EGE1-0034,rinaen verdmarin ser morlzhir an mor.,The tree holds to the soil through its roots.,,sentence
an,PE-EGE1-0039,dor balral balvek an mor shalnor balshan.,The farmer puts seed in the soil before pollination.,,sentence
an,PE-EGE1-0040,rinaen balshan ser zor an verdin; bal mbu morl la.,Pollination occurs through an animal at the plant; fungus grows beneath it.,,sentence
an,PE-EGE1-0042,kes lorin shalrin an nali.,The scholar recognizes the organism as part of a species.,,sentence
an,PE-EGE1-0043,rinaen nali an nalior.,The species lives in its habitat.,,sentence
an,PE-EGE1-0047,rinaen kornali an nalior; shan welrin shannali var la.,The native species lives in the habitat; people introduce another species there.,,sentence
an,PE-EGE1-0050,kes lorin dumanali an rathor ser rathnali an nor.,The scholar records past extinction and a presently endangered species.,,sentence
an,PE-EGE1-0053,kes lorin rathzor ser welzor an selmor.,The scholar observes a predator and an animal group on the plain.,,sentence
an,PE-EGE1-0056,wekvaraen welzor an shara ser emilzhir.,The animal group migrates along a route shaped by the food chain.,,sentence
an,PE-EGE1-0057,rinaen gavin an emilzhir ser emilbel.,The prey belongs to both the food chain and the wider food web.,,sentence
an,PE-EGE1-0060,kes balral mavverd an verdin ser gorm esh korin.,The farmer notices blight on the plant and dirt on the hands.,,sentence
an,PE-EGE1-0061,drenselaen balral gorm thal drenvor; kes la welgorm an dren.,The farmer washes grime from the vessel and notices pollution in the water.,,sentence
an,PE-EGE1-0064,tal xilnalior rath an nali; dor welrin terrakav.,Habitat fragmentation endangers the species; the people establish conservation.,,sentence
an,PE-EGE1-0065,arth terrakav nalior; tal terrazhael zhael an terra.,Conservation protects the habitat; restoration gives renewal to the land.,,sentence
an,PE-EGE1-0066,dor terrazhael ohmshal var shal; dor ohmshal sul an welrin.,Restoration returns the ecosystem toward health; the ecosystem provides resources to the people.,,sentence
an,PE-EGE1-0067,shen lorbel sul; rinaen worsul an kavvek.,The government measures the resources; abundance fills the stores.,,sentence
an,PE-EGE1-0068,rinaen worsul an dren; rinaen kasul an saren.,Water is abundant; grain is scarce.,,sentence
an,PE-EGE1-0069,dor lorbel kasul an shental; xar la kavsul.,The government addresses scarcity through allocation and protects the reserve.,,sentence
an,PE-EGE1-0070,rinaen kavsul nor rekrathlor; rinaen weksul an sov.,The reserve is available during the emergency; the renewable resource is in the field.,,sentence
an,PE-ICAES1-0002,rinaen shendava an kavdava.,The data is in the record.,,sentence
an,PE-ICAES1-0003,rinaen kavdava an davaxar.,The record is in the file.,,sentence
an,PE-ICAES1-0004,dor kavral davaxar an beldava.,The archivist puts the file in the database.,,sentence
an,PE-ICAES1-0006,rinaen zheldava an davapral.,The signal appears on the display.,,sentence
an,PE-ICAES1-0008,rinaen anmek an ohmshan.,The input is at the interface.,,sentence
an,PE-ICAES1-0013,rinaen rakufelmek an rakumek.,The processor is in the computer.,,sentence
an,PE-ICAES1-0016,rinaen rakukel an belraku.,The code is in the program.,,sentence
an,PE-ICAES1-0022,deldavaen I davaxar; andavaen I la an belzhir.,I copy the file and upload it to the network.,,sentence
an,PE-ICAES1-0025,kavdavaen kavral beldava; rinaen kavdeldava an liankavor.,The archivist saves the database; a backup is in the archive.,,sentence
an,PE-ICAES1-0030,tal felmekreth rekmekreth an rakumek.,The defect causes a crash in the computer.,,sentence
an,PE-ICAES1-0031,tal rekmekreth rethdava an beldava.,The crash causes data corruption in the database.,,sentence
an,PE-ICAES1-0032,kes kavral rethdava an xardava.,The archivist notices corruption in the encrypted information.,,sentence
an,PE-ICAES1-0036,rinaen zhelwel an zhelshara.,Electrical current is in the circuit.,,sentence
an,PE-ICAES1-0037,shen mekral ravzhel an zhelshara.,The technician measures voltage in the circuit.,,sentence
an,PE-ICAES1-0038,rinaen ravzhel an zhelshan.,Electrical potential is present at the conductor.,,sentence
an,PE-ICAES1-0039,rinaen zhelshan ser zhelxar an karvek.,The conductor and insulator are in the toolkit.,,sentence
an,PE-ICAES1-0041,rinaen jorzhelkav ser zhelvorkor an kalmek.,The capacitor and switch are in the machine.,,sentence
an,PE-ICAES1-0044,tal jorzhel worzhel an zhelshara.,The surge causes an overload in the circuit.,,sentence
an,PE-ICAES1-0045,tal worzhel kazhel an felbelor.,The overload causes a power outage in the district.,,sentence
an,PE-ICAES1-0047,rinaen zhelreth an rethzhelshara.,The electrical fault is a short circuit.,,sentence
an,PE-ICAES1-0056,kes varokmek rethzheldava an belzhir.,The controller detects signal interference in the network.,,sentence
an,PE-ICAES1-0057,tal rethzheldava reth an dava.,Signal interference causes uncertainty in the information.,,sentence
an,PE-SAC1-0002,kes shenral kal songaeth an songazun.,The researcher detects cosmic force in outer space.,,sentence
an,PE-SAC1-0003,rinaen zunesh an songazun.,A vacuum exists in outer space.,,sentence
an,PE-SAC1-0006,tal kreznyel shal nyeleth an Vora.,The sun casts stellar light upon the planet.,,sentence
an,PE-SAC1-0007,ravwekaen Vora an kreznyel.,The planet orbits the sun.,,sentence
an,PE-SAC1-0010,rinaen Lun an nyelbel ser wek luneth.,The moon is within the star system and follows a lunar cycle.,,sentence
an,PE-SAC1-0011,rinaen nyelbel an wornyelbel.,The star system lies within the galaxy.,,sentence
an,PE-SAC1-0012,keldoraen shenral wornyelbel an sharashen ser nyelzhir.,The researcher marks the galaxy on the map using a constellation.,,sentence
an,PE-SAC1-0014,shen shenral ravwek; ravwekaen Lun an Vora.,The researcher measures the orbit; the moon orbits the planet.,,sentence
an,PE-SAC1-0015,ravwekaen ravwekin an Vora.,The satellite orbits the planet.,,sentence
an,PE-SAC1-0016,kes ravwekin an dralxar.,The satellite observes the eclipse.,,sentence
an,PE-SAC1-0017,rinaen dralxar; dralxaraen Lun an kreznyel.,An eclipse occurs; the moon eclipses the sun.,,sentence
an,PE-SAC1-0018,dralxaraen Felvora an nyel.,The asteroid eclipses the star.,,sentence
an,PE-SAC1-0021,var dralfel an Arshor; shal krezdralfel.,The meteoroid enters the atmosphere; the meteor shines.,,sentence
an,PE-SAC1-0022,shal krezdralfel an Esh; tal shenral mordralfel.,The meteor shines in the sky; the researcher takes the meteorite.,,sentence
an,PE-SAC1-0026,pralaen shenral kel an dralshen ser songashen.,The researcher creates a text about astronomy and cosmology.,,sentence
an,PE-SAC1-0027,rinaen songashen an shenbel.,Cosmology belongs within science.,,sentence
an,PE-SAC1-0028,aen shenral an shenbel ser kel shenbeleth.,The researcher discusses science using a scientific text.,,sentence
an,PE-SAC1-0029,rinaen shenkes an kel shenbeleth.,The formal observation appears in the scientific text.,,sentence
an,PE-SAC1-0030,pralaen shenral shenkes; shenkesaen la an nyel.,The researcher makes an observation and scientifically observes the star.,,sentence
an,PE-SAC1-0031,shenkesaen shenral an felshen; kavdavaen la kesdava.,The researcher observes the sample systematically and records the evidence.,,sentence
an,PE-SAC1-0033,sivshenaen shenral an sivshen.,The researcher conducts the experiment.,,sentence
an,PE-SAC1-0034,sivshenaen shenral an sivkel.,The researcher experiments upon the hypothesis.,,sentence
an,PE-SAC1-0035,siv shenral sivkel; bel shenral kesdava an belkes.,The researcher tests the hypothesis and binds the evidence into a theory.,,sentence
an,PE-SAC1-0036,rinaen rinmek an belkes.,The model belongs within the theory.,,sentence
an,PE-SAC1-0037,pralaen shenral rinmek; rinmekaen la an ravwek.,The researcher constructs a model and models the orbit.,,sentence
an,PE-SAC1-0038,rinmekaen shenral an Vora ser varrinmek.,The researcher models the planet through a simulation.,,sentence
an,PE-SAC1-0039,rinaen varrinmek an rakumek; varrinmekaen la an ravwek.,The simulation runs in the computer and simulates the orbit.,,sentence
an,PE-SAC1-0040,varrinmekaen shenral an sivshen; rinaen felshen an rinmek.,The researcher simulates the experiment; the sample is represented in the model.,,sentence
an,PE-SAC1-0041,tal shenral felshen; felshenaen la an dren.,The researcher takes the sample and samples the water.,,sentence
an,PE-SAC1-0042,felshenaen shenral an dren; drenvaraen drenvar an krezshen.,The researcher samples the water; the variable changes with temperature.,,sentence
an,PE-SAC1-0043,drenvaraen shenral drenvar; rinaen sivshenlian an shenpralor.,The researcher changes the variable; the control condition remains in the laboratory.,,sentence
an,PE-SAC1-0048,rinaen kel pelsheneth an shenvarash.,The wording of the prediction is precise.,,sentence
an,PE-SAC1-0049,pralaen shenral shenvarash; shenvarashaen la an dralxar.,The researcher makes a prediction and predicts the eclipse.,,sentence
an,PE-SAC1-0050,shenvarashaen shenral an zhirath; pralaen shenral weksivshen.,The researcher predicts the result and performs a replication.,,sentence
an,PE-SAC1-0051,tal weksivshen kesdava; weksivshenaen shenral an sivshen.,The replication yields evidence; the researcher replicates the experiment.,,sentence
an,PE-SAC1-0052,weksivshenaen shenral an sivshen shan shalpel.,The researcher replicates the experiment through the lens.,,sentence
an,PE-SAC1-0053,rinaen shalpel an Drallor.,The lens is inside the telescope.,,sentence
an,PE-SAC1-0055,kes shenral felmor shan Fellor ser nyel an songa.,The researcher observes dust through the microscope and a star within the universe.,,sentence
an,PE-GMMP1-0001,rinaen aru an rinvek; rinaen la arueth.,Magic is in the artifact; it is magical.,,sentence
an,PE-GMMP1-0003,rinaen vek kaarueth; aruaen seren an shalor.,The carrier is nonmagical; the guardian practices magic in the sanctuary.,,sentence
an,PE-GMMP1-0006,rinaen rinaru ser kalaru an arural.,The practitioner works with spiritual and physical magic.,,sentence
an,PE-GMMP1-0008,kes esharu an arukel.,Mental magic is evident in the spell.,,sentence
an,PE-GMMP1-0012,rinaen rinbel an ngarpel; rinbelaen arural la.,Enchantment is in the sword; the practitioner enchants it.,,sentence
an,PE-GMMP1-0015,rinaen arthrin shalvar vorkor ser xarrin an lianrethor.,A ward is before the gate and a metaphysical seal is at the anomaly zone.,,sentence
an,PE-GMMP1-0017,kaaruaen arural rathrin ser tal vaarrin an seren.,The practitioner dispels the curse and gives the guardian a blessing.,,sentence
an,PE-GMMP1-0018,rinaen vaarrin an teremil ser rathrin an rethvok.,A blessing rests on the home and a curse on chaos.,,sentence
an,PE-GMMP1-0019,kes arural rathrin an rinvek.,The practitioner detects a curse on the magical artifact.,,sentence
an,PE-GMMP1-0020,vekaen I rinvek ser dor I ohmpel an pralor.,I carry the magical artifact and put the focus on the table.,,sentence
an,PE-GMMP1-0021,rinaen ohmpel an mekaru.,The focus is used in technomancy.,,sentence
an,PE-GMMP1-0022,aruaen arural mekaru; kes la thaenin an zheldava.,The practitioner uses technomancy and detects a spirit-being in the signal.,,sentence
an,PE-GMMP1-0026,rinaen rinarshor reth an vorkor; kes arural thaenbel an la.,An unsettled aura surrounds the gate; the practitioner detects a spirit-binding there.,,sentence
an,PE-GMMP1-0027,rinaen thaenbel an shalor; thaenbelaen arural thaenin an la.,A spirit-binding is in the sanctuary; the practitioner binds the spirit-being there.,,sentence
an,PE-GMMP1-0028,thaenbelaen arural thaenin an vorkor; kathaenbelaen liorin la.,The practitioner binds the spirit-being to the gate; the elder releases it.,,sentence
an,PE-GMMP1-0038,shalrinaen zhaelral verdin; kes la vethshal an vorkor.,The healer uses biomancy on the plant and notices an illusion at the gate.,,sentence
an,PE-GMMP1-0041,rinaen vorkor vethshaleth ser tharbel an vorkaral.,The gate is illusory and the guard is under compulsion.,,sentence
an,PE-GMMP1-0042,rinaen tharbel an vorkaral; tharbelaen rath la var vorkor.,The guard is under compulsion; the enemy compels them toward the gate.,,sentence
an,PE-GMMP1-0044,katharbelaen arural vorkaral; kes la kesxar an vorkor.,The practitioner releases the guard from compulsion and detects a perceptual veil at the gate.,,sentence
an,PE-GMMP1-0045,rinaen kesxar an vorkor; kesxaraen arural la thal vorkaral.,A perceptual veil covers the gate; the practitioner veils it from the guard's notice.,,sentence
an,PE-GMMP1-0048,worshankalaen arural; jor rethkal an rinvek.,The practitioner overchannels; power instability begins in the artifact.,,sentence
an,PE-GMMP1-0049,rinaen rethkal an rinvek; rinaen la rethkaleth.,Power instability is in the artifact; it is unstable.,,sentence
an,PE-GMMP1-0051,jor shantham an arural; nor kes la ohmreth.,Backlash strikes the practitioner; then they detect attunement disruption.,,sentence
an,PE-GMMP1-0052,rinaen ohmreth an thaenohm; kaohmaen arural la.,Attunement disruption affects the spirit contact; the practitioner severs it.,,sentence
an,PE-GMMP1-0053,kaohmaen arural ohm; nor kes la aru an shalor.,The practitioner severs the attunement; then they detect magic in the sanctuary.,,sentence
an,PE-SRD1-0005,rinaen I an kor.,I am in the middle.,,sentence
an,PE-SRD1-0006,dor I vekmor an kor.,I put the cargo in the center.,,sentence
an,PE-SRD1-0007,dor Ya karvek deni an pralor.,Put this toolkit on the table.,,sentence
an,PE-SRD1-0008,va var Ya an deni.,Come here.,,sentence
an,PE-SRD1-0013,va dar Ya an anor nor eshjor.,Wait inside during the gale.,,sentence
an,PE-SRD1-0014,rinaen dro an anor xarvek.,Water is inside the storage chest.,,sentence
an,PE-HLPS1-0001,rinaen hav an teremil.,There is laughter at home.,,sentence
an,PE-HLPS1-0007,rinaen dovhav an khumlor.,There is humor in the family circle.,,sentence
an,PE-HLPS1-0008,kes I dovhav an kel.,I notice humor in the words.,,sentence
an,PE-HLPS1-0010,rinaen dovkel an zhirkel.,There is a joke in the story.,,sentence
an,PE-HLPS1-0013,rinaen keljek an dovkel.,There is wordplay in the joke.,,sentence
an,PE-HLPS1-0014,kes shenral keljek an kel.,The scholar notices a pun in the text.,,sentence
an,PE-HLPS1-0016,kes I pralhav an dovkel.,I notice wit in the joke.,,sentence
an,PE-HLPS1-0018,norpralaen dovhavral an norpralor.,The comedian performs on the stage.,,sentence
an,PE-HLPS1-0019,rinaen havrath an dovkel.,There is mockery in the joke.,,sentence
an,PE-HLPS1-0020,kes liorin havrath an kelreth.,The elder notices ridicule in the dispute.,,sentence
an,PE-HLPS1-0023,kes I jekkel an dovkel.,I notice the irony in the joke.,,sentence
an,PE-HLPS1-0024,rinaen jekkel an zhirkel.,There is irony in the story.,,sentence
an,PE-HLPS1-0026,rinaen peljekkel an kelreth.,There is sarcasm in the dispute.,,sentence
an,PE-UHEI1-0001,rinaen nem an kel.,There is understanding in the words.,,sentence
an,PE-UHEI1-0002,rinaen nem an khumkel.,There is understanding in the council.,,sentence
an,PE-UHEI1-0005,rinaen rethnem an kel.,There is a misunderstanding in the words.,,sentence
an,PE-UHEI1-0015,mbaen an I nor-ka belshara.,I need help; I must be helped.,,sentence
an,PE-UHEI1-0018,rinaen zev an I.,I feel envy.,,sentence
an,PE-UHEI1-0019,rinaen zev an khumlor.,There is envy in the family circle.,,sentence
an,PE-UHEI1-0022,rinaen fahohm an tharvok.,There is jealousy in the family.,,sentence
an,PE-UHEI1-0030,rinaen daku an kel.,There is boredom in the talk.,,sentence
an,PE-UHEI1-0031,ver rinaen daku an neth.,There is no boredom in the rest.,,sentence
an,PE-UHEI1-0034,rinaen ravohm an khumkes.,There is loneliness in the crowd.,,sentence
an,PE-UHEI1-0036,ravohmaen I an khumkes.,I feel lonely in the crowd.,,sentence
an,PE-BIAOBF1-0001,rinaen aiv an doran-ian.,There is pain in my torso.,,sentence
an,PE-BIAOBF1-0002,keshenaen zhaelral aivkor an doran.,The healer examines a wound on the torso.,,sentence
an,PE-BIAOBF1-0003,rinaen aiv an breka-ian.,There is pain in my chest.,,sentence
an,PE-BIAOBF1-0004,khosaen I ser aiv an breka-ian.,I cough with pain in my chest.,,sentence
an,PE-BIAOBF1-0005,rinaen aiv an vesh-ian.,There is pain in my back.,,sentence
an,PE-BIAOBF1-0007,rinaen aiv an felka-ka davel.,There is pain in the child's belly.,,sentence
an,PE-BIAOBF1-0009,rinaen aiv an korkalvar-ian.,There is pain in my shoulder.,,sentence
an,PE-BIAOBF1-0010,vekaen I kavvek an korkalvar-ian.,I carry the jar on my shoulder.,,sentence
an,PE-BIAOBF1-0011,rinaen aivkor an kalvargora.,There is a wound at the elbow.,,sentence
an,PE-BIAOBF1-0013,rinaen aiv an gora.,There is pain in the joint.,,sentence
an,PE-BIAOBF1-0015,dor zhaelral aivkorxar an koringora.,The healer puts a bandage on the wrist.,,sentence
an,PE-BIAOBF1-0016,rinaen aiv an koringora-ian.,There is pain in my wrist.,,sentence
an,PE-BIAOBF1-0017,rinaen aivkor an pir-ian.,There is a wound on my finger.,,sentence
an,PE-BIAOBF1-0019,rinaen aiv an korsharvar-ian.,There is pain in my hip.,,sentence
an,PE-BIAOBF1-0021,rinaen aiv an sharvargora.,There is pain in the knee.,,sentence
an,PE-BIAOBF1-0022,dor zhaelral aivkorxar an sharvargora.,The healer puts a bandage on the knee.,,sentence
an,PE-BIAOBF1-0023,rinaen aiv an morlkagora nor shara.,There is pain in the ankle during the journey.,,sentence
an,PE-BIAOBF1-0025,rinaen aiv an morlkapir-ian.,There is pain in my toe.,,sentence
an,PE-BIAOBF1-0026,keshenaen zhaelral aivkor an morlkapir.,The healer examines a wound on the toe.,,sentence
an,PE-BIAOBF1-0028,keshenaen zhaelral aivkor an xarmetha.,The healer examines a wound in the skin.,,sentence
an,PE-BIAOBF1-0030,rinaen aiv an metha.,There is pain in the flesh.,,sentence
an,PE-BIAOBF1-0031,rinaen aiv an kalmetha-ian.,There is pain in my muscle.,,sentence
an,PE-BIAOBF1-0033,rinaen aiv an zek-ian.,There is pain in my tooth.,,sentence
an,PE-BIAOBF1-0036,rinaen aiv an lera-ian.,There is pain in my tongue.,,sentence
an,PE-BIAOBF1-0037,rinaen aiv an numor-ian.,There is pain in my throat.,,sentence
an,PE-BIAOBF1-0040,rinaen aiv an tash.,There is pain in the organ.,,sentence
an,PE-BIAOBF1-0041,keshenaen zhaelral khelu thal aivkor an lorinor.,The healer examines the brain because of a head wound.,,sentence
an,PE-BIAOBF1-0042,rinaen aivkor an khelu.,There is an injury in the brain.,,sentence
an,PE-BIAOBF1-0048,rinaen aiv an kedir-ian.,There is pain in my kidney.,,sentence
an,PE-BIAOBF1-0049,rinaen emil an emiltash.,Food is in the stomach.,,sentence
an,PE-BIAOBF1-0051,rinaen aiv an emilshan.,There is pain in the bowel.,,sentence
an,PE-BIAOBF1-0055,rinaen aivkor an lesh.,There is an injury in the nerve.,,sentence
an,PE-BIAOBF1-0057,rinaen aivkor an ndemshan.,There is an injury in the blood vessel.,,sentence
an,PE-BIAOBF1-0066,zeraen balral an sov.,The farmer sneezes in the field.,,sentence
an,PE-BIAOBF1-0067,rinaen suv an belxar.,There is sweat on the clothing.,,sentence
an,PE-BIAOBF1-0070,suvaen balral an sov.,The farmer sweats in the field.,,sentence
an,PE-BIAOBF1-0076,rinaen uren an urenvek.,Urine is in the bladder.,,sentence
an,PE-BIAOBF1-0080,rinaen fek an kavvek.,The stool is in the container.,,sentence
an,PE-RABFE2-0002,rinaen aiv an noka-ya.,There is pain in your vulva.,,sentence
an,PE-RABFE2-0003,rinaen aiv an nokashan-ian.,There is pain in my vagina.,,sentence
an,PE-RABFE2-0005,rinaen aiv an kiri-ian.,There is pain in my clitoris.,,sentence
an,PE-RABFE2-0007,rinaen aiv an mara-ian.,There is pain in my uterus.,,sentence
an,PE-RABFE2-0009,rinaen aiv an marasorl.,There is pain in the cervix.,,sentence
an,PE-RABFE2-0011,rinaen aiv an seki-ian.,There is pain in my ovary.,,sentence
an,PE-RABFE2-0014,rinaen aiv an tava-ya.,There is pain in your penis.,,sentence
an,PE-RABFE2-0015,rinaen aiv an nderu-ian.,There is pain in my testicle.,,sentence
an,PE-RABFE2-0018,rinaen aivkor an nderuxar.,There is a wound on the scrotum.,,sentence
an,PE-RABFE2-0019,rinaen aiv an urenshan nor urenaen I.,There is pain in the urethra when I urinate.,,sentence
an,PE-RABFE2-0022,rinaen aiv an fena nor fekaen I.,There is pain in the anus when I defecate.,,sentence
an,PE-RABFE2-0031,rinaen kelvordren an kelvor.,Saliva is in the mouth.,,sentence
an,PE-RABFE2-0035,rinaen aivkor an korpir-ian.,There is a wound on my thumb.,,sentence
an,PE-RABFE2-0037,rinaen aiv an morlkavesh-ian.,There is pain in my heel.,,sentence
an,PE-RABFE2-0038,dor zhaelral aivkorxar an morlkavesh.,The healer puts a bandage on the heel.,,sentence
an,PE-SIP1-0008,ra var Ya an Varthas sha?,How do you go to Varthas?,,sentence
an,PE-SIP1-0011,ra var an Varthas ri?,Who goes to Varthas?,,sentence
nor,PE-UHEI1-0035,ver rinaen ravohm nor neth.,There is no loneliness during the rest.,,sentence
nor,PE-ER2-0026,lorin nor shara-ian.,Time guides my path.,nor-s1,sentence
nor,PE-V1-0013,moraen kadron-azon thal nor.,The man of balanced masculine and feminine qualities stands in harmony with time.,,sentence
nor,PE-V2-0007,tal I dren nor kilvlum an veth.,I receive water at midnight in shadow.,nor-s2,sentence
nor,PE-V3-0128,emil ka shena? nor-var I an Eshvan nor aenor.,No food coins? I will go to the shop soon.,,sentence
nor,PE-SBD1-0003,tlamoraen Lako nor veth.,They two have sex at night.,,sentence
nor,PE-EGE1-0045,jor ohmshal nor fel rinaen welnali.,The ecosystem surges when the population is small.,,sentence
nor,PE-SP2C-0068,var I an evan nor kinn.,I go to the market during the day.,,sentence
nor,PE-V1-0016,Kadron var thal nor,The man stands in balance with time.,,sentence
nor,PE-V2-0045,Aen Shalor Liorin lian nor.,The Temple Elder speaks truth now.,,sentence
nor,PE-V2-0120,Krezrek dren nor Fenrek.,The heatwave flows with summer.,,sentence
nor,PE-V3-0004,"Li-Ya, nor aen lian?","Respected you, may we now speak truth?",,sentence
nor,PE-V3-0005,"Li-Seren-en, var nor Varthas shenakar?","Honored guardian, do we proceed to the city's exchange now?",,sentence
nor,PE-V3-0013,"Rethlian, I nor var dren.","Maybe, I will go to the water.",,sentence
nor,PE-V3-0062,Ra rethaen Ya nor Varash?,Do you worry about the future?,,sentence
nor,PE-V3-0063,Vershalaen La nor fah.,They despair in the darkness.,,sentence
nor,PE-V3-0067,Veth'tharaen Kadron nor lian ver.,The man feels shame for the untruth.,,sentence
nor,PE-V3-0089,Terrashaneth lian nor Tharvok.,The Earth blessing speaks to the family.,,sentence
nor,PE-V3-0096,Velmarineth lian nor Felka.,The elder's blessing speaks to the child.,,sentence
nor,PE-V3-0101,Velterim shan dren nor Zhirelorim.,The desert passage passes to the coming-of-age ritual.,,sentence
nor,PE-V3-0218,Tenar peth Ven tren dren nor shal.,Fifteen minus three waters under the light.,,sentence
nor,PE-NE1-0012,rinaen mahrowek kaleth nor.,The tide is strong now.,,sentence
nor,PE-NE1-0050,rinaen veljor nor.,The sudden freeze is here now.,,sentence
nor,PE-FAP1-0062,dar gavral nor gav.,The hunter waits during the hunt.,,sentence
nor,PE-OC1-0002,var welarth an sov nor rathnor.,The militia goes to the field during the war.,,sentence
nor,PE-OC1-0008,rinaen felin emil an kaleth nor xarkaleth.,Food is scarce in the fortress during the siege.,,sentence
nor,PE-OC1-0021,kaarthaen welarth nor xarkaleth.,The militia surrenders during the siege.,,sentence
nor,PE-OC1-0026,vanesh varadan nor rathnor.,The merchant trades during the war.,,sentence
nor,PE-SBD1-0004,ver tlamoraen Lako nor.,They two are not having sex now.,,sentence
nor,PE-SBD1-0007,rinaen shalbal nor kinnmor.,The birth occurs in the morning.,,sentence
nor,PE-SBD1-0013,rinaen duma nor rathjor.,There is death during the battle.,,sentence
nor,PE-SCP1-0010,rinaen kel njor serdel velrathor ser nor.,The text is a bridge between memory and time.,,sentence
nor,PE-RC1-0004,dovaen I nor kilveth.,I play in the evening.,,sentence
nor,PE-RC1-0014,nakaen pralral nor rimor.,Artisans compete during the festival.,,sentence
nor,PE-PSAC1-0019,karthaelaen karthaelral nor rimor.,The drummer drums during the festival.,,sentence
nor,PE-PSAC1-0026,nakaen thaelral nor rimor.,The dancer competes during the festival.,,sentence
nor,PE-PSAC1-0036,nakaen rinpralral nor rimor.,The artist competes during the festival.,,sentence
nor,PE-PSAC1-0048,vialaen Ilin nor rim.,We rejoice during the celebration.,,sentence
nor,PE-PSAC1-0052,aennoraen aennorral nor rimor.,The musician performs during the festival.,,sentence
nor,PE-HTS1-0087,shentalzhael zhaelral savin nor rekrathlor.,The healer triages the patients during the emergency.,,sentence
nor,PE-EGE1-0022,aen eshkar nor eshjor.,Thunder sounds during the gale.,,sentence
nor,PE-EGE1-0025,"jor kadro; nor, jor drenrek.","Drought intensifies; later, a flood rises.",,sentence
nor,PE-EGE1-0048,ka rinaen shannali rathshannali nor ka tal la terramav.,An introduced species is not invasive when it causes no ecological harm.,,sentence
nor,PE-EGE1-0050,kes lorin dumanali an rathor ser rathnali an nor.,The scholar records past extinction and a presently endangered species.,,sentence
nor,PE-EGE1-0070,rinaen kavsul nor rekrathlor; rinaen weksul an sov.,The reserve is available during the emergency; the renewable resource is in the field.,,sentence
nor,PE-ICAES1-0028,sivrethaen belnoraen rakumek nor mekreth.,The computers fail to synchronize during the system malfunction.,,sentence
nor,PE-ICAES1-0029,kes mekral felmekreth nor mekreth.,The technician notices the defect during the malfunction.,,sentence
nor,PE-ICAES1-0043,tal zhelpel jorzhel nor dralorim.,The contact produces a power surge during the storm.,,sentence
nor,PE-ICAES1-0046,kes mekral zhelreth nor kazhel.,The technician detects an electrical fault during the outage.,,sentence
nor,PE-ICAES1-0051,thalzhelaen arthzhelshara zhel nor worzhel.,The circuit protector discharges energy during the overload.,,sentence
nor,PE-GMMP1-0046,kesxaraen arural shara; nor jor worshankal.,The practitioner veils the route from notice; then overchanneling occurs.,,sentence
nor,PE-GMMP1-0051,jor shantham an arural; nor kes la ohmreth.,Backlash strikes the practitioner; then they detect attunement disruption.,,sentence
nor,PE-GMMP1-0053,kaohmaen arural ohm; nor kes la aru an shalor.,The practitioner severs the attunement; then they detect magic in the sanctuary.,,sentence
nor,PE-SRD1-0013,va dar Ya an anor nor eshjor.,Wait inside during the gale.,,sentence
nor,PE-UHEI1-0025,fahohmaen ser nor ohmbaen.,The friend feels jealous concerning the beloved.,,sentence
nor,PE-UHEI1-0027,jor mira nor rethpral.,Embarrassment arose after the mistake.,,sentence
nor,PE-UHEI1-0029,miraen felka nor havrath.,The child feels embarrassed during the mockery.,,sentence
nor,PE-UHEI1-0032,dakuaen felka nor kel.,The child is bored during the talk.,,sentence
nor,PE-UHEI1-0043,rinaen fahreth nor dralorim.,There is anxiety during the storm.,,sentence
nor,PE-UHEI1-0045,fahrethaen felka nor rekrathlor.,The child feels anxious during the emergency.,,sentence
nor,PE-BIAOBF1-0023,rinaen aiv an morlkagora nor shara.,There is pain in the ankle during the journey.,,sentence
nor,PE-BIAOBF1-0060,rinaen khos nor mav.,There is a cough during the illness.,,sentence
nor,PE-BIAOBF1-0062,khosaen I nor noral.,I cough at night.,,sentence
nor,PE-BIAOBF1-0064,rinaen zer nor emil.,There is a sneeze during the meal.,,sentence
nor,PE-BIAOBF1-0068,kes zhaelral suv nor mavkrez.,The healer notices sweat during the fever.,,sentence
nor,PE-BIAOBF1-0069,suvaen I nor krezrek.,I sweat during the extreme heat.,,sentence
nor,PE-BIAOBF1-0071,rinaen nar nor shara.,There is nausea during the journey.,,sentence
nor,PE-BIAOBF1-0074,naraen felka nor mav.,The child vomits during the illness.,,sentence
nor,PE-BIAOBF1-0077,ra rinaen aiv nor urenaen Ya?,Is there pain when you urinate?,,sentence
nor,PE-BIAOBF1-0078,urenaen felka nor noral.,The child urinates at night.,,sentence
nor,PE-BIAOBF1-0081,ra rinaen aiv nor fekaen Ya?,Is there pain when you defecate?,,sentence
nor,PE-BIAOBF1-0082,fekaen felka nor noral.,The child defecates at night.,,sentence
nor,PE-BIAOBF1-0083,rinaen ndemwek-ian nor shara.,My menstrual period is present during the journey.,,sentence
nor,PE-BIAOBF1-0086,nor-ndemwekaen I nor shara.,I will menstruate during the journey.,,sentence
nor,PE-RABFE2-0019,rinaen aiv an urenshan nor urenaen I.,There is pain in the urethra when I urinate.,,sentence
nor,PE-RABFE2-0022,rinaen aiv an fena nor fekaen I.,There is pain in the anus when I defecate.,,sentence
nor,PE-RABFE2-0024,rinaen leya nor tlamor.,Sexual arousal is present during sex.,,sentence
nor,PE-RABFE2-0027,rinaen leyajor nor tlamor.,Orgasm occurs during sex.,,sentence
nor,PE-RABFE2-0030,ver leyajoraen I nor tlamor.,I do not have an orgasm during sex.,,sentence
esh,PE-EGE1-0058,rinaen jor an esh.,There is a surge in the sky,esh-s1,sentence
esh,PE-V1-0037,var I esh dren.,I go above the water.,esh-s2,sentence
esh,PE-V2-0117,shalil drenalor esh dren.,The rain flows lightly over the water.,,sentence
esh,PE-ER2-0056,rinaen xar esh mekor.,A cover is over the building.,,sentence
esh,PE-V4-0006,"Vael rinaen I an eshlin, varal I an esh.","If I were a bird, I would be going to the sky.",,sentence
esh,PE-V4-0020,Rinaen emil esh pralor.,The food is on the table.,,sentence
esh,PE-V4-0048,Rinaen esh lunor.,The sky is blue.,,sentence
esh,PE-NE1-0042,var I esh velmor.,I travel over the frozen ground.,,sentence
esh,PE-FAP1-0049,rinaen morlverd esh mormek.,The lichen is on the worked stone.,,sentence
esh,PE-FAP2-0041,rinaen mura esh krez.,Smoke is above the fire.,,sentence
esh,PE-CWM2-0008,vekaen esh sadar.,The wind carries sand.,,sentence
esh,PE-TM1-0064,selshanaen mekral esh.,The mechanic filters the air.,,sentence
esh,PE-TVO1-0021,var shalilvek shan esh.,The glider travels through the air.,,sentence
esh,PE-TVO1-0023,eshvaraen eshvek esh morl.,The aircraft flies above the mountain.,,sentence
esh,PE-TVO1-0027,var krenzhirvek esh morl.,The cable car travels above the mountain.,,sentence
esh,PE-TVO1-0039,eshvaraen eshlin esh morl.,The bird flies above the mountain.,,sentence
esh,PE-BSPI1-0005,rinaen eshxar esh mekor.,The roof is above the building.,,sentence
esh,PE-BSPI1-0010,rinaen aneshxar esh nethor.,The ceiling is above the chair.,,sentence
esh,PE-BSPI1-0029,rinaen mekeshpral esh welpralor.,The balcony is above the plaza.,,sentence
esh,PE-BSPI1-0044,rinaen njor esh dro.,The bridge is above the water.,,sentence
esh,PE-BSPI1-0047,var I esh brosshara.,I go up the stairway.,,sentence
esh,PE-BSPI1-0070,rinaen dronjor esh morlshan.,The aqueduct is above the tunnel.,,sentence
esh,PE-BSPI1-0073,rinaen wekxar esh worxaror.,The dome is above the hall.,,sentence
esh,PE-LPC1-0001,rinaen Lun an esh.,The Moon is in the sky.,,sentence
esh,PE-LPC1-0002,kes I Lun an esh.,I notice the Moon in the sky.,,sentence
esh,PE-EGE1-0001,kes varral felmorl esh delmorl.,The traveler notices a hill above the valley.,,sentence
esh,PE-EGE1-0008,rinaen ndavimor esh kadromor.,The plateau is above the desert.,,sentence
esh,PE-EGE1-0009,var sharavok shan kadromor esh brossadar.,The caravan crosses the desert over the dunes.,,sentence
esh,PE-EGE1-0021,rinaen drenesh esh eshkar.,The cloud hangs above the thunder.,,sentence
esh,PE-EGE1-0030,rinaen velxar esh verdpel; rinaen felsadar an drenfel.,Frost covers the grass; silt lies in the stream.,,sentence
esh,PE-EGE1-0036,rinaen zhirverd esh verdxar.,The vine climbs across the tree bark.,,sentence
esh,PE-EGE1-0060,kes balral mavverd an verdin ser gorm esh korin.,The farmer notices blight on the plant and dirt on the hands.,,sentence
esh,PE-SAC1-0013,rinaen nyelzhir esh ravwek Vora.,The constellation appears beyond the planet's orbit.,,sentence
esh,PE-SAC1-0022,shal krezdralfel an Esh; tal shenral mordralfel.,The meteor shines in the sky; the researcher takes the meteorite.,,sentence
esh,PE-SAC1-0023,rinaen felmor esh mordralfel.,Dust rests upon the meteorite.,,sentence
esh,PE-GMMP1-0031,dropralaen arural dro ser eshpralaen seren esh.,The practitioner shapes water and the guardian shapes wind.,,sentence
esh,PE-GMMP1-0032,eshpralaen arural esh ser morpralaen seren mor.,The practitioner shapes wind and the guardian shapes matter.,,sentence
morl,PE-V1-0038,var I morl dren.,I go under the water.,,sentence
morl,PE-V2-0085,kal tharmor an dren ser morl.,The rootbread strengthens at the water with the mountain.,,sentence
morl,PE-V2-0093,rinaen velthamor an dren ser morl.,The frozen root mash is at the water with the mountain.,,sentence
morl,PE-V2-0098,kal kreztorin an dren ser morl.,The smoked meat strengthens at the water with the mountain.,,sentence
morl,PE-V2-0111,thal'vokaen Tharvin dren ser morl.,Autumn balances the water with the mountain.,,sentence
morl,PE-V2-0112,shalil Velthaen an morl.,Winter flows lightly at the mountain.,,sentence
morl,PE-V2-0118,alor eshvelor an dren ser morl.,The snow falls at the water with the mountain.,,sentence
morl,PE-V4-0066,vethoraen kalrath an morl.,The apex predator sleeps in the mountains.,,sentence
morl,PE-S4A-0001,var kadron an morl.,The man goes to the mountain.,morl-s1,sentence
morl,PE-FAP1-0023,var gavral an morl.,The hunter goes to the mountain.,,sentence
morl,PE-ER2-0036,rinaen veth morl verdmarin.,There is shade beneath the tree.,morl-s3,sentence
morl,PE-ER2-0059,kes I xil an morl.,I notice a shard in the stone.,,sentence
morl,PE-ER2-0063,rinaen dresh jin an morl.,The crystal is rare in the mountain.,,sentence
morl,PE-ER2-0073,rinaen morl maganeth.,The mountain is massive/heavy.,,sentence
morl,PE-V2-0005,Kilveth dren morl shal.,Evening rests under the light.,,sentence
morl,PE-V2-0016,Shalilaen peldren morl shal.,The piercing water flows under the light.,,sentence
morl,PE-V2-0039,Nor-var Serenkal thal morl.,The Elite Warriors will advance from the mountain.,,sentence
morl,PE-V2-0056,Nethaen pelvar an dren morl shal.,The sharp grain rests by the water under the light.,,sentence
morl,PE-V2-0075,Shalilaen tenarorin an dren morl shal.,The glowing wine flows under the light by the water.,,sentence
morl,PE-V2-0081,Drenlivar vanesh dren thal morl.,The salted fish trades by the water and the mountain.,,sentence
morl,PE-V2-0115,Shalilaen dralorim ser dren morl shal.,The storm flows with the water under the light.,,sentence
morl,PE-V2-0116,Velarshor dren thal morl.,The mist rests over the mountain.,,sentence
morl,PE-V2-0121,Drenvelesh dren thal morl.,The morning dew rests on the water by the mountain.,,sentence
morl,PE-V2-0122,Eshvelaneth kal morl.,The hailstorm strikes the mountain.,,sentence
morl,PE-V3-0034,Pralin ser dren morl morl.,The cousin is by the water under the mountain.,,sentence
morl,PE-V3-0044,Zharin ser dren morl Tharvok.,The distant relative is by the water under the family.,,sentence
morl,PE-V3-0092,Zhivokesh shalil morl morl.,The bond renewal flows under the mountain.,,sentence
morl,PE-NE1-0051,rinaen thalorimor an morl.,The lightning tower is in the mountains.,,sentence
morl,PE-FAP1-0013,rinaen brossov an morl.,The agricultural terrace is on the mountain.,,sentence
morl,PE-FAP1-0021,gavaen gavral zor an morl.,The hunter hunts an animal in the mountains.,,sentence
morl,PE-FAP1-0061,rinaen gav an morl.,The hunt is in the mountains.,,sentence
morl,PE-CWM1-0010,vekaen I velpraltrakor an morl.,I carry the snowshoes in the mountains.,,sentence
morl,PE-TVO1-0023,eshvaraen eshvek esh morl.,The aircraft flies above the mountain.,,sentence
morl,PE-TVO1-0027,var krenzhirvek esh morl.,The cable car travels above the mountain.,,sentence
morl,PE-TVO1-0039,eshvaraen eshlin esh morl.,The bird flies above the mountain.,,sentence
morl,PE-BSPI1-0015,rinaen kormor morl mekor.,The foundation is beneath the building.,,sentence
morl,PE-BSPI1-0036,rinaen shenkesor an morl.,The observatory is on the mountain.,,sentence
morl,PE-BSPI1-0072,rinaen eshmekor an morl.,The tower is on the mountain.,,sentence
morl,PE-WRT1-0017,lorin sharalorin sharavok shan morl.,The navigator guides the caravan through the mountains.,,sentence
morl,PE-OC1-0009,rinaen vethbel morl njor.,The trap is beneath the bridge.,,sentence
morl,PE-HTS1-0067,rinaen vaarshan an morl.,There is a rescue on the mountain.,,sentence
morl,PE-EGE1-0002,rinaen delmorl morl pelmorl.,The valley lies beneath the cliff.,,sentence
morl,PE-EGE1-0027,kar morkar morl; jor morljor.,The earthquake strikes the mountain; a landslide follows.,,sentence
morl,PE-EGE1-0033,rinaen verdin morl verdmarin.,The plant grows beneath the tree.,,sentence
morl,PE-EGE1-0040,rinaen balshan ser zor an verdin; bal mbu morl la.,Pollination occurs through an animal at the plant; fungus grows beneath it.,,sentence
terra,PE-V4-0061,moraen I an terra.,I stand on the ground.,terra-s1,sentence
terra,PE-S3-0004,ver ohmaen Mechuma lian Thal Terra.,Mechuma does not honor the truth of the Balance of Terra.,,sentence
terra,PE-S4A-0002,rinaen Terra vaar.,The Earth is peaceful.,,sentence
terra,PE-ER2-0044,tal Terra wor an Ilin.,The Earth gives plenty to us.,terra-s2,sentence
terra,PE-ER2-0075,tal Terra kal an Ilin.,The Earth gives strength to us.,,sentence
terra,PE-V1-0033,Tha-var La thal Terra.,They went from the living world.,,sentence
terra,PE-V2-0124,Kal Ilinor Terra.,Strengthens the whole World.,,sentence
terra,PE-V3-0024,var I an terra ser Ser Lior var an dren.,I go home with the friend who goes to the water.,,sentence
terra,PE-V3-0035,aen velkavor var Terra.,The ancestor speaks to the Earth.,,sentence
terra,PE-V3-0045,aen velxorin var Terra.,The elder ancestor speaks to the Earth.,,sentence
terra,PE-V3-0103,Tharvelim lian dren an Terra.,The mountain ancestor ritual speaks to the Earth.,,sentence
terra,PE-V3-0109,Nor-var I thal Terra.,I will go in the balance of the Earth.,,sentence
terra,PE-V3-0111,"Rath Nor-var ser, Nor-var kal Terra.","If the friend will go, I will find strength in the Earth.",,sentence
terra,PE-EGE1-0065,arth terrakav nalior; tal terrazhael zhael an terra.,Conservation protects the habitat; restoration gives renewal to the land.,,sentence
dren,PE-EGE1-0018,var Jor an dren.,A surge moves in the water.,,sentence
dren,PE-V1-0001,var I an dren.,I go to the water.,dren-s1,sentence
dren,PE-V1-0011,shalil Theon-ian ser dren.,My neutral companion flows with the water.,,sentence
dren,PE-V1-0027,va var an dren!,Go to the water!,,sentence
dren,PE-V1-0037,var I esh dren.,I go above the water.,,sentence
dren,PE-V1-0038,var I morl dren.,I go under the water.,,sentence
dren,PE-V2-0002,kal kinnmor ser dren ser shal.,The morning strengthens with water and light.,,sentence
dren,PE-V2-0007,tal I dren nor kilvlum an veth.,I receive water at midnight in shadow.,,sentence
dren,PE-V2-0028,nethaen xarvel an dren.,The covered meal rests by the water.,,sentence
dren,PE-V2-0085,kal tharmor an dren ser morl.,The rootbread strengthens at the water with the mountain.,,sentence
dren,PE-V2-0093,rinaen velthamor an dren ser morl.,The frozen root mash is at the water with the mountain.,,sentence
dren,PE-V2-0098,kal kreztorin an dren ser morl.,The smoked meat strengthens at the water with the mountain.,,sentence
dren,PE-V2-0109,shalil Zhaelor an dren.,Spring flows lightly at the water.,,sentence
dren,PE-V2-0110,kal Fenrek an dren.,Summer strengthens at the water.,,sentence
dren,PE-V2-0111,thal'vokaen Tharvin dren ser morl.,Autumn balances the water with the mountain.,,sentence
dren,PE-V2-0117,shalil drenalor esh dren.,The rain flows lightly over the water.,,sentence
dren,PE-V2-0118,alor eshvelor an dren ser morl.,The snow falls at the water with the mountain.,,sentence
dren,PE-ER2-0027,rinaen dren-ian shaleth thaal.,My water is the brightest.,,sentence
dren,PE-V3-0028,"rath var Ya an dren, nor-vekaen I shena var Ya.","If you go to the water, I will bring coinage.",,sentence
dren,PE-V3-0041,kalaen Velpralor ser Velar an dren.,The elder partner strengthens with the elder by the water.,,sentence
dren,PE-V3-0087,kalaen Drenvokesh an Belvok an dren.,The water unity strengthens the family by the water.,,sentence
dren,PE-V3-0088,shalilaen Eshlorien an dren an Zhaelor.,The wave naming flows by the water in spring.,,sentence
dren,PE-V3-0091,kalaen Kreztharim an dren.,The fire heart strengthens by the water.,,sentence
dren,PE-V3-0095,shalilaen Morlatharim an dren.,The stone heart flows by the water.,,sentence
dren,PE-V3-0099,lianaen Drenkorath an dren.,The oasis blessing speaks to the water.,,sentence
dren,PE-V3-0125,"va min Ya varshel an dren, Serilin!","Sister, walk the road to the water.",,sentence
dren,PE-DSL1-0004,drentalaen I dren an krezvek.,I pour water into the cooking pot.,,sentence
dren,PE-EGE1-0006,wel dren shan shanmorl an selmor.,Water flows continuously through the canyon into the plain.,,sentence
dren,PE-EGE1-0011,wel dren thal velkmorl var terramahr.,Water flows continuously from the glacier toward the coast.,,sentence
dren,PE-DR1-0001,"elan, var I an dren.","Well, I am going to the water.",,sentence
dren,PE-DR1-0004,thaal'ra rinaen dren an krezor.,I wonder if there is water at the hearth.,,sentence
dren,PE-DR1-0005,var I an dren kora rinaen krezor feneth.,I go to the water because the hearth is hot.,,sentence
dren,PE-DR1-0006,drenaen La dren kora rinaen La-ka kelvor kadreneth.,They drink water because their mouth is dry.,,sentence
dren,PE-ER2-0005,var tren serin an dren.,Three friends go to the water.,,sentence
dren,PE-ER2-0014,ver var I an dren.,I do not go to the water.,,sentence
dren,PE-ER2-0060,nor-var I an dren.,I will go to the water.,,sentence
dren,PE-ER2-0072,drenaen dren an felka nor-ka.,The water was drunk by the child.,,sentence
dren,PE-ER2-0078,var ser an dren.,The friend goes to the water.,,sentence
dren,PE-SP2C-0069,rinaen dren shaleth.,The water is bright.,,sentence
dren,PE-V1-0003,I-ka dren,“My water”,,sentence
dren,PE-V1-0018,Tha-var I dren.,“I went to the water.”,,sentence
dren,PE-V1-0019,Nor-var I dren.,“I will go to the water.”,,sentence
dren,PE-V1-0020,Varal I dren.,“I am going to the water.”,,sentence
dren,PE-V1-0021,Varath I dren.,“I have gone to the water.”,,sentence
dren,PE-V1-0022,Varas I dren.,“I usually go to the water.”,,sentence
dren,PE-V1-0023,Ver var I dren.,“I do not go to the water.”,,sentence
dren,PE-V1-0024,Ver shal I dren.,“There is no light at the water.”,,sentence
dren,PE-V1-0028,"Rath var ser, I dren.","“If the friend goes, I will go to the water.”",,sentence
dren,PE-V1-0029,"Rath Nor-var ser, Nor-var I dren.","“If the friend will go, I will go to the water.”",,sentence
dren,PE-V1-0030,"Rath Tha-var ser, Tha-var I dren.","“If the friend had gone, I would have gone to the water.”",,sentence
dren,PE-V1-0031,Var dren,to the water,,sentence
dren,PE-V1-0039,Var I var dren.,“I go to the water.”,,sentence
dren,PE-V2-0001,Var I dren an Kinnshal.,I go to the water at dawn.,,sentence
dren,PE-V2-0003,Tal I dren an Kinnlin.,I receive the water at noon.,,sentence
dren,PE-V2-0004,Nor-var I dren thal Kilvthal.,I will go to the water in the afternoon.,,sentence
dren,PE-V2-0005,Kilveth dren morl shal.,Evening rests under the light.,,sentence
dren,PE-V2-0006,Var I dren an Kilvfah.,I go to the water at nightfall.,,sentence
dren,PE-V2-0008,Belrin kal dren.,The woven fabric strengthens with water.,,sentence
dren,PE-V2-0009,Nethaen belar an dren.,The binding spice rests by the water.,,sentence
dren,PE-V2-0010,Brosrin vanesh dren.,The layered food trades by the water.,,sentence
dren,PE-V2-0011,Balrin var dren.,The sprouting food grows by the water.,,sentence
dren,PE-V2-0012,Brenmor kal dren.,The harvested roots strengthen by the water.,,sentence
dren,PE-V2-0013,Nethaen phelvin an dren.,The comforting drink rests by the water.,,sentence
dren,PE-V2-0014,Prakorin shalil an dren.,The tender bread flows lightly by the water.,,sentence
dren,PE-V2-0015,Nethaen pelvar an dren.,The sharp grain rests by the water.,,sentence
dren,PE-V2-0017,Pralmor kal dren.,The carving strengthens with water.,,sentence
dren,PE-V2-0019,Jorvak kal dren.,The warmth strengthens by the water.,,sentence
dren,PE-V2-0020,Nethaen jekvor an dren.,The spiraling spice rests by the water.,,sentence
dren,PE-V2-0021,Jelvor vanesh dren.,The zesty spice trades by the water.,,sentence
dren,PE-V2-0022,Nethaen jindral an dren.,The rare fruit rests by the water.,,sentence
dren,PE-V2-0023,Welaen welrim ser dren ser Serin.,The feast is shared with friends and water.,,sentence
dren,PE-V2-0024,Welmor vanesh dren.,The flowing earth trades by the water.,,sentence
dren,PE-V2-0025,Nethaen weknor an dren.,The cyclical time rests by the water.,,sentence
dren,PE-V2-0026,Worvenak kal dren.,The abundant stew strengthens by the water.,,sentence
dren,PE-V2-0027,Nethaen xilvar an dren.,The hidden spice rests by the water.,,sentence
dren,PE-V2-0029,Nethaen ohmbaen an dren.,The beloved rests near the water.,,sentence
dren,PE-V2-0030,Tlakorin kal dren an Varthas.,The confidant strengthens the city.,,sentence
dren,PE-V2-0031,Khumlor var dren.,The family gathers by the water.,,sentence
dren,PE-V2-0033,moraen mbalan an dren an Varthas.,A pillar of the community stands at the water in the city.,,sentence
dren,PE-V2-0034,Nethaen nkural an dren ser Ilan.,The mentor rests by the water with the student.,,sentence
dren,PE-V2-0035,Tlankor kal dren ser Serin.,The ally strengthens by the water with friends.,,sentence
dren,PE-V2-0052,Nethaen morlak an dren.,The bread rests by the water.,,sentence
dren,PE-V2-0053,Velrin kal dren an Serin.,The food strengthens with friends by the water.,,sentence
dren,PE-V2-0054,Teravin var dren.,The root vegetable grows by the water.,,sentence
dren,PE-V2-0055,Broslak kal dren.,The layered bread strengthens by the water.,,sentence
dren,PE-V2-0056,Nethaen pelvar an dren morl shal.,The sharp grain rests by the water under the light.,,sentence
dren,PE-V2-0057,Welaen jorvak an dren.,The bursting stew is shared by the water.,,sentence
dren,PE-V2-0058,Welrim kal dren.,The feast strengthens by the water.,,sentence
dren,PE-V2-0059,Shalilaen lorlivok an dren.,The earthbake flows by the water.,,sentence
dren,PE-V2-0060,Phelkarin kal dren.,The porridge strengthens with water.,,sentence
dren,PE-V2-0062,Felorin vanesh dren.,The berries trade by the water.,,sentence
dren,PE-V2-0063,Nethaen jekvin an dren.,The spiral herb rests by the water.,,sentence
dren,PE-V2-0064,Belmor kal dren.,The root spice strengthens with water.,,sentence
dren,PE-V2-0065,Shalilaen xilvar an dren.,The salt flows lightly by the water.,,sentence
dren,PE-V2-0066,Nethaen vethhar an dren.,The shadowspice rests by the water.,,sentence
dren,PE-V2-0067,Shalilaen phelvin an dren.,The comforting drink flows by the water.,,sentence
dren,PE-V2-0068,Nethaen velithor an dren.,The ale rests by the water.,,sentence
dren,PE-V2-0069,Shalilaen tenarorin an dren.,The glowing wine flows by the water.,,sentence
dren,PE-V2-0070,Lianfel kal dren.,The tea strengthens with water.,,sentence
dren,PE-V2-0071,Nethaen jorvilor an dren.,The drink rests by the water.,,sentence
dren,PE-V2-0072,Welaen morlak ser jorvak an dren.,The bread and stew are shared by the water.,,sentence
dren,PE-V2-0073,Felorin vanesh dren an Evan.,The berries trade at the market.,,sentence
dren,PE-V2-0074,Lorlivok kal dren an Teremil.,The earthbake strengthens at home by the water.,,sentence
dren,PE-V2-0075,Shalilaen tenarorin an dren morl shal.,The glowing wine flows under the light by the water.,,sentence
dren,PE-V2-0076,Phelvin kal dren.,The comforting drink strengthens with water.,,sentence
dren,PE-V2-0077,Zhelvek kal dren.,The energy bar strengthens with water.,,sentence
dren,PE-V2-0079,Welaen phelrin ser dren.,The comforting food is shared with water.,,sentence
dren,PE-V2-0080,Nethaen jorvalin an dren.,The effervescent beverage rests by the water.,,sentence
dren,PE-V2-0081,Drenlivar vanesh dren thal morl.,The salted fish trades by the water and the mountain.,,sentence
dren,PE-V2-0082,Nethaen eshtenor an dren.,The glowing seaweed rests by the water.,,sentence
dren,PE-V2-0083,Welaen jekvarin an dren.,The shellfish is shared by the water.,,sentence
dren,PE-V2-0084,Nethaen felorin an dren.,The berries rest by the water.,,sentence
dren,PE-V2-0086,Welaen terafennil ser dren an teremil.,The herb stew is shared with water at home.,,sentence
dren,PE-V2-0087,Brenvor kal dren.,The harvested nuts strengthen with water.,,sentence
dren,PE-V2-0088,Nethaen welvinor an dren.,The flowing mead rests by the water.,,sentence
dren,PE-V2-0089,Krezfel kal dren.,The spiced grain strengthens with water.,,sentence
dren,PE-V2-0090,Morthas vanesh an dren.,The roasted nuts trade by the water.,,sentence
dren,PE-V2-0091,Nethaen voktarin an dren.,The preserved dates rest by the water.,,sentence
dren,PE-V2-0092,Phelmorin kal dren.,The tea strengthens with water.,,sentence
dren,PE-V2-0094,Shalilaen eshvilor ser dren.,The snowberry wine flows lightly with the water.,,sentence
dren,PE-V2-0095,Thalshorin kal dren.,The ice stew strengthens by the water.,,sentence
dren,PE-V2-0096,Nethaen xarlorin an dren.,The tea rests by the water.,,sentence
dren,PE-V2-0097,Morvenak kal dren.,The porridge strengthens with water.,,sentence
dren,PE-V2-0099,Shalilaen velkorin an dren.,The ration flows lightly by the water.,,sentence
dren,PE-V2-0100,Nethaen xilbren an dren.,The grain cake rests by the water.,,sentence
dren,PE-V2-0101,Nethaen drenkor an dren.,The oasis bread rests by the water.,,sentence
dren,PE-V2-0102,Welaen vethsoril ser dren.,The stew is shared with water.,,sentence
dren,PE-V2-0103,Nethaen shalorin an dren.,The sweet fruit rests by the water.,,sentence
dren,PE-V2-0104,Welkarin kal dren.,The drink strengthens with water.,,sentence
dren,PE-V2-0105,Morlathor kal dren.,The bread strengthens by the water.,,sentence
dren,PE-V2-0106,Nethaen velkrin an dren.,The fermented drink rests by the water.,,sentence
dren,PE-V2-0107,Krezlorin kal dren.,The grilled meat strengthens with water.,,sentence
dren,PE-V2-0108,Shalilaen pralvinor an dren.,The mead flows lightly by the water.,,sentence
dren,PE-V2-0113,shalil eshthael an dren.,The breeze drifts by the water.,,sentence
dren,PE-V2-0114,Shalithor kal dren an Evan.,The sunlight strengthens at the market.,,sentence
dren,PE-V2-0115,Shalilaen dralorim ser dren morl shal.,The storm flows with the water under the light.,,sentence
dren,PE-V2-0116,Velarshor dren thal morl.,The mist rests over the mountain.,,sentence
dren,PE-V2-0119,Thalorim kal dren.,The lightning strikes the water.,,sentence
dren,PE-V2-0120,Krezrek dren nor Fenrek.,The heatwave flows with summer.,,sentence
dren,PE-V2-0121,Drenvelesh dren thal morl.,The morning dew rests on the water by the mountain.,,sentence
dren,PE-V2-0126,Tal I som dren.,Give I some water.,,sentence
dren,PE-V2-0128,Kal melen dren.,Strengthens much water.,,sentence
dren,PE-V3-0001,"Var I dren, Ser.","I go to the water, friend.",,sentence
dren,PE-V3-0002,"Var I dren, Li-Ser.","I go to the water, respected friend.",,sentence
dren,PE-V3-0003,Li-Ya var dren.,You (respected one) go to the water.,,sentence
dren,PE-V3-0007,"Li-Ya, va var dren.","Respected one, please go to the water.",,sentence
dren,PE-V3-0008,"Ver var I dren, Li-Ser.","I cannot go to the water, respected friend.",,sentence
dren,PE-V3-0011,"Lia, I var dren.","Yes, I go to the water.",,sentence
dren,PE-V3-0013,"Rethlian, I nor var dren.","Maybe, I will go to the water.",,sentence
dren,PE-V3-0015,"Varthen, Ya var dren?","So, you go to the water?",,sentence
dren,PE-V3-0017,"Lianlor, Ver var I dren.","Honestly, I do not go to the water.",,sentence
dren,PE-V3-0018,Ra var Ya dren?,Do you go to the water?,,sentence
dren,PE-V3-0019,Nor-var Ya dren an Varthas?,Will you go to the water in the city?,,sentence
dren,PE-V3-0020,"Em… Rethlian, Var I dren.",Um… maybe I will go to the water.,,sentence
dren,PE-V3-0022,varin I aen var Ya dren.,I know that you go to the water.,,sentence
dren,PE-V3-0023,Ser Lior var an dren.,The friend who goes to the water.,,sentence
dren,PE-V3-0024,var I an terra ser Ser Lior var an dren.,I go home with the friend who goes to the water.,,sentence
dren,PE-V3-0025,rinaen dren-ian shaleth ther La-ka dren.,My water is brighter than their water.,,sentence
dren,PE-V3-0029,"rath tha-var Ya an dren, tha-talaen I emil.","If you had gone to the water, I would have gotten food.",,sentence
dren,PE-V3-0031,Felka ser dren an Tavan.,The child is with the parent by the water.,,sentence
dren,PE-V3-0032,Zhiren vanesh dren.,The sibling trades water.,,sentence
dren,PE-V3-0033,shalil velar an dren.,The elder moves lightly by the water.,,sentence
dren,PE-V3-0034,Pralin ser dren morl morl.,The cousin is by the water under the mountain.,,sentence
dren,PE-V3-0036,Belvok ser dren an Teremil.,The family is together at home by the water.,,sentence
dren,PE-V3-0037,Xarvethral ser Felka thal dren.,The adoptive parent is with the child by the water.,,sentence
dren,PE-V3-0038,Nethaen tavojorin an dren ser Belvok.,The parent-in-law rests with the family by the water.,,sentence
dren,PE-V3-0039,rinaen zhivorin ser tavan an dren.,The sibling-in-law is with the parent by the water.,,sentence
dren,PE-V3-0042,Tavrel ser dren thal Felka.,The uncle/aunt is by the water with the child.,,sentence
dren,PE-V3-0043,Nethaen felvin an dren ser Tavan.,The niece/nephew rests with the parent by the water.,,sentence
dren,PE-V3-0044,Zharin ser dren morl Tharvok.,The distant relative is by the water under the family.,,sentence
dren,PE-V3-0046,Kalvokesh ser dren an Belvok.,The spouse's family is by the water with the unified family.,,sentence
dren,PE-V3-0047,Zhirkalor ser dren.,The partner by lineage is with the water.,,sentence
dren,PE-V3-0048,Xarfelvin ser dren an Xarvethral.,The adoptive niece/nephew is with the adoptive parent by the water.,,sentence
dren,PE-V3-0049,Belvethral ser dren thal Teremil.,The chosen family is by the water at home.,,sentence
dren,PE-V3-0050,shalil velmarin an dren.,The honorary elder moves lightly by the water.,,sentence
dren,PE-V3-0051,Pralvokesh ser dren an Belvok.,The trusted ally is with the family by the water.,,sentence
dren,PE-V3-0056,Ravokhaen Tavan dren.,The parent desires water.,,sentence
dren,PE-V3-0090,Velpralim shan dren an Zhirelorim.,The wisdom transfer passes to the coming-of-age ritual.,,sentence
dren,PE-V3-0093,Dralshaneth kal dren an Belvok.,The heaven's blessing strengthens the family.,,sentence
dren,PE-V3-0097,Velthaelvok ser dren thal Velthaen.,The winter unity flows with the cold season.,,sentence
dren,PE-V3-0098,Eshvelaneth shan dren an Tharvok.,The snowstorm guidance passes to the family.,,sentence
dren,PE-V3-0101,Velterim shan dren nor Zhirelorim.,The desert passage passes to the coming-of-age ritual.,,sentence
dren,PE-V3-0102,Krezmorath kal dren an Belvok.,The fire bond strengthens with the family.,,sentence
dren,PE-V3-0103,Tharvelim lian dren an Terra.,The mountain ancestor ritual speaks to the Earth.,,sentence
dren,PE-V3-0108,tha-var ser dren.,The friend went to the water.,,sentence
dren,PE-V3-0218,Tenar peth Ven tren dren nor shal.,Fifteen minus three waters under the light.,,sentence
dren,PE-V4-0028,Rinaen dren selineth.,The water is clean.,,sentence
dren,PE-V4-0082,Rinaen morlak ser dren.,There is bread and water.,,sentence
dren,PE-V4-0083,Ra drenaen Ya dren reth phelvin?,Do you drink water or the comfort-drink?,,sentence
dren,PE-V4-0094,Min I an dren. Rinaen kelvor-ian kadreneth ser Krez.,Headed to water. My mouth is dry with the heat.,,sentence
dren,PE-V4-0100,Shalil I an dren. Rinaen thar-ian ser mahr kadreneth.,I flow to the water. My heart feels like a dry sea.,,sentence
dren,PE-CNE1-0043,rinaen dren worlian.,The water is enough.,,sentence
dren,PE-DSL1-0045,feldrenaen dren thal drenvor.,Water drips from the bowl.,,sentence
dren,PE-DSL1-0046,feldrenaen dren thal xaresh.,Water drips from the cloak.,,sentence
dren,PE-FAP1-0026,kes I nesh an dren.,I notice a fish in the water.,,sentence
dren,PE-FAP2-0007,rinaen olan ser dren an xarvek.,The oil is stored with the water in the cupboard.,,sentence
dren,PE-FAP2-0021,krezdrenaen I dren.,I boil the water.,,sentence
dren,PE-FAP2-0037,seldrenvinaen zhaelral dren.,The healer distills the water.,,sentence
dren,PE-FAP2-0056,ruvanaen vilor an dren.,The fruit rots in the water.,,sentence
dren,PE-CWM2-0027,jekthamaen I hirmor ser dren.,I mix the pigment with water.,,sentence
dren,PE-TM1-0023,rinaen dren an drenkavvek.,The water is in the flask.,,sentence
dren,PE-TM1-0025,drentalaen I dren an krezdrenvek.,I pour water into the kettle.,,sentence
dren,PE-TM1-0057,rinaen dren an shanmek.,Water is in the pipe.,,sentence
dren,PE-TM1-0063,selshanaen I dren.,I filter the water.,,sentence
dren,PE-GCI1-0027,rinaen shental dren an felbelor.,The water allocation is in the district.,,sentence
dren,PE-GCI1-0029,shentalaen lorbel dren an felbelor.,The government allocates water to the district.,,sentence
dren,PE-SBD1-0015,dumaen nesh an dren.,The fish dies in the water.,,sentence
dren,PE-SCP1-0015,rinaen sel an dren.,The water is clear.,,sentence
dren,PE-HTS1-0058,tal zhaelral dren an savin ser kadromav.,The healer gives water to the dehydrated patient.,,sentence
dren,PE-EGE1-0015,wel dren thal drenverd var mahrmorl.,Water moves from the wetland toward the reef.,,sentence
dren,PE-EGE1-0061,drenselaen balral gorm thal drenvor; kes la welgorm an dren.,The farmer washes grime from the vessel and notices pollution in the water.,,sentence
dren,PE-EGE1-0068,rinaen worsul an dren; rinaen kasul an saren.,Water is abundant; grain is scarce.,,sentence
dren,PE-SAC1-0041,tal shenral felshen; felshenaen la an dren.,The researcher takes the sample and samples the water.,,sentence
dren,PE-SAC1-0042,felshenaen shenral an dren; drenvaraen drenvar an krezshen.,The researcher samples the water; the variable changes with temperature.,,sentence
dren,PE-BIAOBF1-0038,numaen I dren shan numor-ian.,I swallow water through my throat.,,sentence
dren,PE-SIP1-0004,ra tal Ya dren nu?,When do you give the water?,,sentence
shal,PE-V1-0034,var I ka shal.,I go without light.,shal-s1,sentence
shal,PE-V2-0002,kal kinnmor ser dren ser shal.,The morning strengthens with water and light.,,sentence
shal,PE-V1-0007,Shalilaen azron ser shal.,The woman flows with the light.,,sentence
shal,PE-V1-0024,Ver shal I dren.,“There is no light at the water.”,,sentence
shal,PE-V2-0005,Kilveth dren morl shal.,Evening rests under the light.,,sentence
shal,PE-V2-0016,Shalilaen peldren morl shal.,The piercing water flows under the light.,,sentence
shal,PE-V2-0018,Shalilaen jorlin an shal.,The bursting water flows by the light.,,sentence
shal,PE-V2-0056,Nethaen pelvar an dren morl shal.,The sharp grain rests by the water under the light.,,sentence
shal,PE-V2-0075,Shalilaen tenarorin an dren morl shal.,The glowing wine flows under the light by the water.,,sentence
shal,PE-V2-0115,Shalilaen dralorim ser dren morl shal.,The storm flows with the water under the light.,,sentence
shal,PE-V3-0069,Vaar'kelaen I an shal.,I feel relief in the light.,,sentence
shal,PE-V3-0218,Tenar peth Ven tren dren nor shal.,Fifteen minus three waters under the light.,,sentence
shal,PE-V4-0105,"Shal lorin shara-ya an nor-ka, Ser?","Does the light guide your path in this moment, Friend?",,sentence
shal,PE-BSPI1-0014,shan shal xarzhir.,Light passes through the lattice.,,sentence
shal,PE-EGE1-0066,dor terrazhael ohmshal var shal; dor ohmshal sul an welrin.,Restoration returns the ecosystem toward health; the ecosystem provides resources to the people.,,sentence
shal,PE-SAC1-0004,shal nyel shan zunesh.,A star shines through the vacuum.,,sentence
shal,PE-SAC1-0005,shen shenral shal nyeleth thal nyel.,The researcher measures stellar light from a star.,,sentence
shal,PE-SAC1-0006,tal kreznyel shal nyeleth an Vora.,The sun casts stellar light upon the planet.,,sentence
shal,PE-SAC1-0021,var dralfel an Arshor; shal krezdralfel.,The meteoroid enters the atmosphere; the meteor shines.,,sentence
shal,PE-SAC1-0022,shal krezdralfel an Esh; tal shenral mordralfel.,The meteor shines in the sky; the researcher takes the meteorite.,,sentence
krez,PE-V4-0094,Min I an dren. Rinaen kelvor-ian kadreneth ser Krez.,Headed to water. My mouth is dry with the heat.,,sentence
krez,PE-CNE1-0051,rinaen krez zhirkor.,The fire is the cause.,krez-s1,sentence
krez,PE-DSL1-0066,nolaen ser krez.,The friend smells the fire.,,sentence
krez,PE-FAP1-0040,belzoraen I belzor thal krez.,I herd the livestock away from the fire.,,sentence
krez,PE-FAP2-0041,rinaen mura esh krez.,Smoke is above the fire.,,sentence
krez,PE-TM1-0047,kes kesmek krez.,The sensor detects fire.,,sentence
krez,PE-GMMP1-0029,kathaenbelaen arural thaenin ser krezpralaen seren krez.,The practitioner releases the spirit-being and the guardian shapes the fire.,,sentence
krez,PE-GMMP1-0030,krezpralaen arural krez ser dropralaen seren dro.,The practitioner shapes fire and the guardian shapes physical water.,,sentence
thar,PE-V3-0076,aen thar lian.,The heart speaks truth.,thar-s1,sentence
thar,PE-DR2-0007,rinaen nkathal an thar-ian.,There is grief in my heart.,,sentence
thar,PE-DR2-0016,rinaen terrarav an thar-ian.,There is yearning for home in my heart.,,sentence
thar,PE-ER2-0017,rinaen thar-ian vaareth.,My heart is peaceful.,,sentence
thar,PE-ER2-0035,lorin rin thar-ian.,Essence guides my heart.,,sentence
thar,PE-ER2-0066,kes I rav an thar-ian.,I feel the pull in my heart.,,sentence
thar,PE-SP2C-0011,rinaen vial an thar-ian.,There is joy in my heart.,,sentence
thar,PE-SP2C-0040,rinaen fah'thar an thar-ian.,There is grief in my heart.,,sentence
thar,PE-SP2C-0041,rinaen vel'rathor an thar-ian.,There is an enduring memory in my heart.,,sentence
thar,PE-V4-0096,Theraen thar-ian an awek. Rinaen an-rin lian morlak kadreneth.,My heart longs for the spring. It feels like the truth of dry bread.,,sentence
thar,PE-V4-0100,Shalil I an dren. Rinaen thar-ian ser mahr kadreneth.,I flow to the water. My heart feels like a dry sea.,,sentence
thar,PE-V4-0102,"Var I an velithor. Rinaen thar-ian moreth, ser vaar ka.",I'm going for strong ale. My spirit is hard/unsettled and lacks comfort.,,sentence
thar,PE-V4-0106,"Lia, var I an Drenkorath. Rinaen vethor an thar-ian.","Yes, I go to the sacred Spring. There is a shadow in my heart.",,sentence
vethor,PE-ER2-0012,lorin belshara Ilin shan vethor.,Duty guides us through the shadow.,vethor-s1,sentence
vethor,PE-V3-0052,Fahaen I Vethor.,I fear the Shadow.,,sentence
vethor,PE-V4-0106,"Lia, var I an Drenkorath. Rinaen vethor an thar-ian.","Yes, I go to the sacred Spring. There is a shadow in my heart.",,sentence
shara,PE-ER2-0018,var I an shara.,I go on the path.,shara-s1,sentence
shara,PE-ER2-0020,pralaen I shara.,I make a path.,,sentence
shara,PE-ER2-0026,lorin nor shara-ian.,Time guides my path.,,sentence
shara,PE-ER2-0031,rinaen oven morthera an shara.,There are eight pack beasts on the path.,,sentence
shara,PE-ER2-0076,lorin shara sharavok.,The path guides the caravan.,,sentence
shara,PE-V4-0005,Vael vaar an shara-ya.,May peace be on your path.,,sentence
shara,PE-V4-0078,Rinaen rathlor an shara.,There is danger on the path.,,sentence
shara,PE-V4-0095,"Lorin shara Ya an Kinnmor, Li-Ser?","Where does your path guide you this morning, Respected-Friend?",,sentence
shara,PE-V4-0101,"Aen shara-ya, Ser!","State your path, Friend!",,sentence
shara,PE-V4-0105,"Shal lorin shara-ya an nor-ka, Ser?","Does the light guide your path in this moment, Friend?",,sentence
shara,PE-V4-0107,"Ra rinaen shara-ya lian, Li-Ser?","Is your path a proper one, Respected-Friend?",,sentence
shara,PE-NE1-0077,var sharavok an shara.,The caravan travels along the path.,,sentence
shara,PE-CNE1-0029,drenvaraen I shara.,I change the path.,,sentence
shara,PE-FAP1-0035,kes I zor an shara.,I notice an animal on the path.,,sentence
shara,PE-CWM2-0003,rinaen shara thal krezmorl.,The road is made from basalt.,,sentence
shara,PE-TVO1-0001,rinaen varvek an shara.,The vehicle is on the route.,,sentence
shara,PE-TVO1-0003,var felvek an shara.,The cart moves along the path.,,sentence
shara,PE-TVO1-0069,rinaen welvek an shara.,There is traffic on the route.,,sentence
shara,PE-RC1-0037,rinaen jornak an shara.,The race is on the road.,,sentence
shara,PE-RC1-0039,jornakaen Lalin an shara.,They race on the road.,,sentence
shara,PE-EGE1-0028,xar kesvar shara thal morljor ser sadarjor.,The patrol closes the route because of landslide and sandstorm.,,sentence
shara,PE-EGE1-0052,shara rathzor gavin shan verdor.,The predator follows its prey through the forest.,shara-s2,sentence
shara,PE-EGE1-0056,wekvaraen welzor an shara ser emilzhir.,The animal group migrates along a route shaped by the food chain.,,sentence
shara,PE-GMMP1-0046,kesxaraen arural shara; nor jor worshankal.,The practitioner veils the route from notice; then overchanneling occurs.,,sentence
shara,PE-UHEI1-0008,rethnemaen lorvekral shara.,The operator misunderstands the route.,,sentence
shara,PE-BIAOBF1-0023,rinaen aiv an morlkagora nor shara.,There is pain in the ankle during the journey.,,sentence
shara,PE-BIAOBF1-0071,rinaen nar nor shara.,There is nausea during the journey.,,sentence
shara,PE-BIAOBF1-0083,rinaen ndemwek-ian nor shara.,My menstrual period is present during the journey.,,sentence
shara,PE-BIAOBF1-0086,nor-ndemwekaen I nor shara.,I will menstruate during the journey.,,sentence
rathor,PE-V3-0059,nkathalaen velar rathor.,The elder grieves for the past.,,sentence
rathor,PE-V3-0141,moraen Theren an Kaleth Rathor.,The village stands at the ancient fortress-home.,rathor-s1,sentence
rathor,PE-NE1-0063,rinaen rathor an liankavor.,History is preserved in the archive.,rathor-s2,sentence
rathor,PE-EGE1-0050,kes lorin dumanali an rathor ser rathnali an nor.,The scholar records past extinction and a presently endangered species.,,sentence
shalor,PE-V2-0042,var Liorinen lianaen an shalor.,The Honored Elder goes to pray in the sanctuary.,shalor-s3,sentence
shalor,PE-DR2-0011,rinaen thalesh an shalor.,The sacred balance ceremony is at the sanctuary.,,sentence
shalor,PE-V1-0041,Tha-var La thal Shalor.,“They went from the sanctuary of light.”,,sentence
shalor,PE-V2-0045,Aen Shalor Liorin lian nor.,The Temple Elder speaks truth now.,,sentence
shalor,PE-V3-0053,Theraen La Shalor.,They long for the Sanctuary.,,sentence
shalor,PE-PFM1-0003,rinaen thalnor an shalor.,There is temporal stability in the sanctuary.,,sentence
shalor,PE-PFM1-0017,rinaen rethweknor an shalor.,There is a time loop in the sanctuary.,,sentence
shalor,PE-PFM1-0024,rinaen norshan an shalor.,There is temporal displacement in the sanctuary.,,sentence
shalor,PE-PFM1-0028,thalnoraen seren shalor.,The guardian stabilizes time in the sanctuary.,,sentence
shalor,PE-PFM1-0044,rinaen lianreth an shalor.,There is a reality anomaly in the sanctuary.,,sentence
shalor,PE-PFM1-0048,lianrethaen shalor.,The sanctuary becomes reality-warped.,,sentence
shalor,PE-PFM1-0049,rinaen lianthal an shalor.,There is reality coherence in the sanctuary.,,sentence
shalor,PE-PFM1-0051,lianthalaen liorin shalor.,The elder stabilizes the sanctuary's reality.,,sentence
shalor,PE-PFM1-0060,rinaen kalravor an shalor.,There is a gravity pocket in the sanctuary.,,sentence
shalor,PE-PFM1-0065,rinaen kakalrav an shalor.,There is weightlessness in the sanctuary.,,sentence
shalor,PE-PFM1-0076,keldoraen I shalor.,I mark the sanctuary.,,sentence
shalor,PE-PFM1-0080,belkoraen liorin shalor.,The elder anchors the sanctuary.,,sentence
shalor,PE-GMMP1-0003,rinaen vek kaarueth; aruaen seren an shalor.,The carrier is nonmagical; the guardian practices magic in the sanctuary.,,sentence
shalor,PE-GMMP1-0027,rinaen thaenbel an shalor; thaenbelaen arural thaenin an la.,A spirit-binding is in the sanctuary; the practitioner binds the spirit-being there.,,sentence
shalor,PE-GMMP1-0053,kaohmaen arural ohm; nor kes la aru an shalor.,The practitioner severs the attunement; then they detect magic in the sanctuary.,,sentence
thaal,PE-ER2-0027,rinaen dren-ian shaleth thaal.,My water is the brightest.,thaal-s2,sentence
thaal,PE-ER2-0028,fahaen ser thaal.,The friend fears the unknown.,thaal-s1,sentence
lian,PE-V3-0076,aen thar lian.,The heart speaks truth.,lian-s1,sentence
lian,PE-S3-0004,ver ohmaen Mechuma lian Thal Terra.,Mechuma does not honor the truth of the Balance of Terra.,,sentence
lian,PE-DR1-0002,"elan, va aen lian!","Well then, speak the truth!",,sentence
lian,PE-DR2-0003,aen serathrin lian.,The confidant speaks the truth.,,sentence
lian,PE-ER2-0019,aen liorin lian.,The elder speaks truth.,,sentence
lian,PE-V2-0045,Aen Shalor Liorin lian nor.,The Temple Elder speaks truth now.,,sentence
lian,PE-V3-0004,"Li-Ya, nor aen lian?","Respected you, may we now speak truth?",,sentence
lian,PE-V3-0067,Veth'tharaen Kadron nor lian ver.,The man feels shame for the untruth.,,sentence
lian,PE-V3-0089,Terrashaneth lian nor Tharvok.,The Earth blessing speaks to the family.,,sentence
lian,PE-V3-0096,Velmarineth lian nor Felka.,The elder's blessing speaks to the child.,,sentence
lian,PE-V3-0103,Tharvelim lian dren an Terra.,The mountain ancestor ritual speaks to the Earth.,,sentence
lian,PE-V4-0096,Theraen thar-ian an awek. Rinaen an-rin lian morlak kadreneth.,My heart longs for the spring. It feels like the truth of dry bread.,,sentence
lian,PE-V4-0107,"Ra rinaen shara-ya lian, Li-Ser?","Is your path a proper one, Respected-Friend?",,sentence
aen,PE-DR2-0015,aen serathrin ser khumrel.,The confidant speaks with compassion.,aen-s1,sentence
aen,PE-V3-0076,aen thar lian.,The heart speaks truth.,,sentence
aen,PE-V4-0077,ver aen I unar kelka.,I do not speak one word.,,sentence
aen,PE-GCI1-0011,aen kalrin kalkel.,The sovereign speaks a decree.,,sentence
aen,PE-DR1-0002,"elan, va aen lian!","Well then, speak the truth!",,sentence
aen,PE-DR2-0003,aen serathrin lian.,The confidant speaks the truth.,,sentence
aen,PE-DR2-0006,varin I aen var Ya an teremil.,I know that you go to the home.,aen-s2,sentence
aen,PE-ER2-0019,aen liorin lian.,The elder speaks truth.,,sentence
aen,PE-ER2-0025,"aen ser: ""ka.""",The friend says: 'No.',,sentence
aen,PE-ER2-0070,aen Li-Seren-en an Ilin.,The Respected Guardian speaks to us.,,sentence
aen,PE-ER2-0077,aen I kelka an ser.,I speak a word to the friend.,,sentence
aen,PE-SP2C-0023,aen liana var I.,The lady speaks to me.,,sentence
aen,PE-SP2C-0024,aen lorinen var I an lorash.,The honored guide speaks to me at the shrine.,,sentence
aen,PE-SP2C-0057,"aen ser ""varkareth"" var mekral.",The friend says “metal-mover” to the mechanic.,,sentence
aen,PE-SP2C-0058,"aen ser ""drenkaesh"" var varadan.",The friend says “water-waster” to the merchant.,,sentence
aen,PE-SP2C-0059,"aen ser ""tharfah"" var lorinen.",The friend says “weak-hearted” to the honored guide.,,sentence
aen,PE-SP2C-0060,"aen ser ""krez-verin"" var varadan.",The friend says “ash-breather” to the merchant.,,sentence
aen,PE-SP2C-0061,"aen ser ""rathorkinash"" var lorinen.",The friend says “ancient-prattler” to the honored guide.,,sentence
aen,PE-SP2C-0062,"aen ser ""vethordrenka"" var varadan.",The friend says “shadow-water leech” to the merchant.,,sentence
aen,PE-SP2C-0063,"aen ser ""morl-karash"" var mekral.",The friend says “stone-brained” to the mechanic.,,sentence
aen,PE-V2-0045,Aen Shalor Liorin lian nor.,The Temple Elder speaks truth now.,,sentence
aen,PE-V2-0047,Ra aen Ya belshen velrin?,Do you speak the price of the food?,,sentence
aen,PE-V3-0004,"Li-Ya, nor aen lian?","Respected you, may we now speak truth?",,sentence
aen,PE-V3-0022,varin I aen var Ya dren.,I know that you go to the water.,,sentence
aen,PE-V3-0035,aen velkavor var Terra.,The ancestor speaks to the Earth.,,sentence
aen,PE-V3-0045,aen velxorin var Terra.,The elder ancestor speaks to the Earth.,,sentence
aen,PE-V4-0001,Aen I lianeth.,I can speak.,,sentence
aen,PE-V4-0007,Vael aen Ya.,May you speak / Please speak.,,sentence
aen,PE-V4-0013,Ra aen Yako an I?,Are you two speaking to me?,,sentence
aen,PE-V4-0026,Aen velar lianbelrin.,The elder speaks the story/book.,,sentence
aen,PE-V4-0074,aen Ya lianor-ya.,You speak your thought.,,sentence
aen,PE-V4-0076,ra aen Ya kelrin-ya?,Do you speak your name?,,sentence
aen,PE-V4-0097,"Aen Ya varash, Ser.","State your destination, Friend.",,sentence
aen,PE-V4-0101,"Aen shara-ya, Ser!","State your path, Friend!",,sentence
aen,PE-NE1-0023,aen I ser belzhir.,I speak through the communications network.,,sentence
aen,PE-CNE1-0028,aen lorin tharshara.,The guide states the choice.,,sentence
aen,PE-CNE1-0055,aen I lianzhir.,I state the reason.,,sentence
aen,PE-CNE1-0056,aen lorin lianzhir.,The guide states the reason.,,sentence
aen,PE-CNE1-0058,aen mekral rethpral.,The mechanic states the mistake.,,sentence
aen,PE-CNE1-0064,rakel. va aen Ya wek'aen.,Pardon? Say it again.,,sentence
aen,PE-CNE1-0077,aen I sernor var Ya.,I speak while you walk.,,sentence
aen,PE-CNE1-0078,pralaen I sernor aen Ya.,I work while you speak.,,sentence
aen,PE-PFM1-0030,aen vethvelrathor kelka nethnor.,The Echo still speaks the word.,,sentence
aen,PE-GCI1-0008,aen khumkel kelreth.,The council speaks about the dispute.,,sentence
aen,PE-GCI1-0036,aen khumkelral kelreth.,The representative states the dispute.,,sentence
aen,PE-GCI1-0050,aen lorbelral kelvok.,The official reads the contract aloud.,,sentence
aen,PE-SBD1-0001,aen Lako tlamor.,They two speak about sex.,,sentence
aen,PE-SBD1-0014,aen liorin duma.,The elder speaks about death.,,sentence
aen,PE-RC1-0022,aen naklorral nakshara.,The referee states the rule.,,sentence
aen,PE-RC1-0032,aen liorin vethnak sivvok.,The guide announces the team's defeat.,,sentence
aen,PE-RC1-0036,aen naklorral thalnak.,The referee declares a tie.,,sentence
aen,PE-PSAC1-0029,aen zhirkelral zhirkel.,The storyteller tells a story.,,sentence
aen,PE-PSAC1-0031,aen zhirkelral zhirkel an khumkes.,The storyteller tells a story to the audience.,,sentence
aen,PE-HTS1-0005,aen savin mavkes.,The patient reports a symptom.,,sentence
aen,PE-HTS1-0011,aen zhaelral keshenath mavbal.,The healer states a diagnosis of infection.,,sentence
aen,PE-HTS1-0048,aen lorbel rekrathlor an welrin.,The government declares an emergency to the citizens.,,sentence
aen,PE-HTS1-0049,aen kesvar rathlorkel an sharavok.,The patrol gives the caravan a warning.,,sentence
aen,PE-HTS1-0072,aen lorbel thalwelvar an welrin.,The government announces an evacuation to the citizens.,,sentence
aen,PE-HTS1-0084,aen lorbel vaarbelwek an welrin.,The government explains the emergency protocol to the citizens.,,sentence
aen,PE-EGE1-0022,aen eshkar nor eshjor.,Thunder sounds during the gale.,,sentence
aen,PE-ICAES1-0001,aen ser dava; shen shenral shendava.,The friend shares information; the researcher measures the data.,,sentence
aen,PE-SAC1-0028,aen shenral an shenbel ser kel shenbeleth.,The researcher discusses science using a scientific text.,,sentence
aen,PE-HLPS1-0009,aen zhirkelral dovkel.,The storyteller tells a joke.,,sentence
aen,PE-HLPS1-0015,aen zhirkelral ser pralhav.,The storyteller speaks with wit.,,sentence
aen,PE-HLPS1-0025,aen I peljekkel.,I speak sarcastically.,,sentence
aen,PE-UHEI1-0039,aen La kavkrez.,They speak their resentment.,,sentence
