headword,pronunciation,approval_batch,use_type,root_word,meaning,usage_note,derivation,origin_nation,national_usage,variant_forms,variant_pronunciations,related_words,example_celan,example_translation,source_entry_ids
-aen,/-ah-ehn/,,Suffix,Aen,Verb-forming,,,,,,,Amthaen; Aen; Aenor; Aenvor; Ohmbaen; Lianaen; Thalaneshen; Velthaen; Wek'aen; Rathorimaen,Shalaen I vethral an verdor.,I see the pack hunter in the forest.,DM-RM-V2-0034
-al,/-ahl/,,Suffix,,Continuous,Preserved as standalone root/morpheme because source clearly defines it.,,,,,,,,,DM-RM-V1-0006
-as,/-ahs/,,Suffix,,Habitual,Preserved as standalone root/morpheme because source clearly defines it.,,,,,,,,,DM-RM-V1-0008
-ath,/-ahth/,,Suffix,ATH,Perfective,Preserved as standalone root/morpheme because source clearly defines it.,,,,,,Rath; Nkuvath; Drenkorath; Krezmorath; Kalorinath; Kalrath; Sivathaen; Athnor; Felath; Zhirath,,,DM-RM-V1-0007
-el,/-ehl/,,Suffix,,Beloved bound to them,,,,,,,,,,DM-RM-V3-0012
-en,/-ehn/,,Suffix,,Honorific/Formal-High Respect,,,,,,,,"Li-Seren-en, var nor Varthas shenakar?","Honored guardian, do we proceed to the city's exchange now?",DM-RM-V2-0032; DM-RM-V3-0002; DM-RM-V3-0011
-en,/-ehn/,,Suffix,,Honorific/Respected form,,,,,,,,"Li-Seren-en, var nor Varthas shenakar?","Honored guardian, do we proceed to the city's exchange now?",DM-RM-V2-0032; DM-RM-V3-0002; DM-RM-V3-0011
-en,/-ehn/,,Suffix,,Partner bonded to you,,,,,,,,"Li-Seren-en, var nor Varthas shenakar?","Honored guardian, do we proceed to the city's exchange now?",DM-RM-V2-0032; DM-RM-V3-0002; DM-RM-V3-0011
-esh,/-ehsh/,,Suffix,ESH,deep relational ties,,,,,,,Esh; Terraesh; Eshtenor; Eshvilor; Eshthael; Eshvelor; Drenvelesh; Eshvelaneth; Kalvokesh; Pralvokesh,,,DM-RM-V3-0010
-eth,/-ehth/,,Adjective,,Suffix that marks inherent quality or essential manifestation,"Common adjectival examples: Shal -> Shaleth, Wor -> Woreth, Gorm -> Gormeth, Kal -> Kaleth.",,,,,,,Rinaen drenvor woreth.,The bowl is full.,DM-RM-V4-0001
-eth,/-ehth/,,Noun,,Also used for abstract or ritual nouns,"Ritual/nominal examples: Shal'taleth, Aen'Moreth.",,,,,,,Rinaen drenvor woreth.,The bowl is full.,DM-RM-V4-0001
-in,/-een/,,Suffix,,Plural marker added to nouns ending in consonants,,,,,,,,,,DM-RM-V2-0029
-ka,/-kah/,,Particle,,Possessive/linking marker,Preserved as standalone root/morpheme because source clearly defines it.,,,,,,,,,DM-RM-V1-0014
-lin,/-leen/,,Suffix,,Collective/Diminutive,,,,,,,,,,DM-RM-V2-0033
-n,/-n/,,Suffix,,Plural marker added to nouns ending in vowels,,,,,,,,,,DM-RM-V2-0030
-or,/-ohr/,,Suffix,,Place/Location,,,,,,,,,,DM-RM-V2-0031
-vel,/-vehl/,,Suffix,VEL,Bread shared among us,,,,,,,Xarvel; Vellian; Velrin; Velithor; Velmek; Velthamor; Velkorin; Velkrin; Velthaen; Velarshor,,,DM-RM-V3-0013
Aen,/ah-ehn/,,Verb,,Speak / Tell / Breathe / Breath of Life,"Formal/poetic use: deeper or ritual speaking. Use in rituals, court, formal address, writing, and when emphasizing depth. Combine with Li- / -en.",,,,,,Aenor; Aenvor,Aen Shalor Liorin lian nor.,The Temple Elder speaks truth now.,LX-V2-0028; LX-V2-0062; LX-V3-0009; LX-V4-0102; DM-RM-V3-0005
Aen,/ah-ehn/,,Conjunction,,That,,,,,,,Aenor; Aenvor,Aen Shalor Liorin lian nor.,The Temple Elder speaks truth now.,LX-V2-0028; LX-V2-0062; LX-V3-0009; LX-V4-0102; DM-RM-V3-0005
Aen,/ah-ehn/,,Suffix,,-aen (verb-forming),,,,,,,Aenor; Aenvor,Aen Shalor Liorin lian nor.,The Temple Elder speaks truth now.,LX-V2-0028; LX-V2-0062; LX-V3-0009; LX-V4-0102; DM-RM-V3-0005
Aen-,/ah-ehn-/,,Verb,,"To speak, breathe, make a sound; also complementizer that.",Refines Aen/Aenor polysemy and complementizer usage; no resolution applied.,,,,,,Amthaen; Aen; Aenor; Aenvor; Ohmbaen; Lianaen; Thalaneshen; Velthaen; Wek'aen; Rathorimaen,Nor-var I an aenor.,I will go in a moment.,DM-RM-S3-0019
Aen'Moreth,/ah-ehn'moh-rehth/,,Noun,Aen,Breath-into-Stone Ritual.,,,,,,,Amthaen; Aen; Aenor; Aenvor; Ohmbaen; Lianaen; Thalaneshen; Velthaen; Wek'aen; Rathorimaen,,,LX-V3-0077
Aenaen,/ah-ehnah-ehn/,,Verb,Aen,"To Hear, To perceive sound",Aen (speak/breath) + -aen,,,,,,Amthaen; Aen; Aenor; Aenvor; Ohmbaen; Lianaen; Thalaneshen; Velthaen; Wek'aen; Rathorimaen,Aenaen I eshlin an zhaelin.,I hear the bird in the flower.,LX-V4-0048
Aenor,/ah-ehnohr/,,Noun,Aen,Ear,,,,,,,Amthaen; Aen; Aenvor; Ohmbaen; Lianaen; Thalaneshen; Velthaen; Wek'aen; Rathorimaen; Fah'tharaen,Nor-var I an aenor.,I will go in a moment.,LX-V2-0049; LX-V4-0081; LX-V4-0107
Aenor,/ah-ehnohr/,,Noun,Aen,Moment / Instant,,,,,,,Amthaen; Aen; Aenvor; Ohmbaen; Lianaen; Thalaneshen; Velthaen; Wek'aen; Rathorimaen; Fah'tharaen,Nor-var I an aenor.,I will go in a moment.,LX-V2-0049; LX-V4-0081; LX-V4-0107
Aenvor,/ah-ehnvohr/,,Noun,Aen,Nose,,,,,,,Amthaen; Aen; Aenor; Ohmbaen; Lianaen; Thalaneshen; Velthaen; Wek'aen; Rathorimaen; Fah'tharaen,,,LX-V2-0050
Aiv,/ah-eev/,Domestic and Sensory Life 1,Noun,,Bodily pain or physical hurting without specifying its cause or intensity,,New primitive root for bodily pain,,,,,Aivaen; Pelaivaen; Rekaivaen; Aivkor,rinaen aiv an korin-ian.,There is pain in my hand.,LX-DSL1-0015; XR-aiv
Aivaen,/ah-ee-vah-ehn/,Domestic and Sensory Life 1,Verb,AIV; Aen,To ache or hurt with a dull continuing bodily pain,,Aiv + -aen,,,,,Aiv; Pelaivaen; Rekaivaen; Aivkor; Amthaen; Aen; Aenor; Aenvor; Ohmbaen; Lianaen,aivaen korin-ian.,My hand aches.,LX-DSL1-0016
Aivkor,/ah-eev-kohr/,Domestic and Sensory Life 1,Noun,AIV; KOR,A bounded bodily wound or injured place; localized physical damage rather than pain itself,,Aiv + Kor,,,Aivakor,/ah-ee-vah-kohr/,Aiv; Aivaen; Pelaivaen; Rekaivaen; Korin; Drenkor; Drenkorath; Vorkor; Shalkor; Belkor,rinaen aivkor an korin-ian.,The wound is on my hand.,LX-DSL1-0039
Alor,/ah-lohr/,,Verb,,Falling; descent; downward motion,"Builds words for falling, descent, and downward movement from air to ground.",,,,,,Drenalor; Aloraen,Drenalor shalil nor dren.,The rain falls lightly over the water.,XR-alor
Aloraen,/ah-loh-rah-ehn/,Conversational Narrative Engine 1,Verb,Aen; ALOR,To drop release downward or let fall,,Alor + -aen,,,,,Amthaen; Aen; Aenor; Aenvor; Ohmbaen; Lianaen; Thalaneshen; Velthaen; Wek'aen; Rathorimaen,aloraen I kareth.,I drop the hammer.,LX-CNE1-0004
Amthaen,/ahmthah-ehn/,,Interjection,THAEN; Aen,"Friendly ""Hi""",,,,,,,Velthaen; Thaen; Aen; Aenor; Aenvor; Ohmbaen; Lianaen; Thalaneshen; Wek'aen; Rathorimaen,,,LX-V2-0012
An,/ahn/,,Preposition,,"At, in (place)",Varan I an Varthas.,,,,,,,Theefel pralmor an shal,The neutral child creates with the light.,LX-V1-0019; DM-RM-V1-0013
An,/ahn/,,Preposition,,Spatial contexts (“at/in” location),Preserved as standalone root/morpheme because source clearly defines it.,,,,,,,Theefel pralmor an shal,The neutral child creates with the light.,LX-V1-0019; DM-RM-V1-0013
Anen,/ah-nehn/,,Possessive,,Your / Direct Possession marker,,,,,,,,,,LX-V3-0062
Ar,/ahr/,,Particle,,"Intensifier - very, intensely",Place after the verb/adjective. Fahaen I ar! (I am terrified!).,,,,,,,Fahaen I ar!,I am terrified!,LX-V3-0015; DM-RM-V3-0003
Arshor,/ahrshohr/,,Noun,,Enveloping presence; atmospheric blanket,"Builds words for mist, envelopment, atmospheric covering, and presence that surrounds a space.",,,,,,Velarshor,Velarshor dren thal morl.,The mist rests over the mountain.,XR-arshor
Arth,/ahrth/,,Verb,,Protect / Defend,,,,,,,Arthen; Arthlor; Arthverd; Arthaxar,Var Seren arthlor an Kaleth.,The Guardians go to the defensive formation at the Fortress.,LX-V2-0030; XR-arth
Arthaxar,/ahrth-ah-xahr/,National Expansion 1,Noun,ARTH; XAR,Armor; purpose-built protective covering,,Arth + Xar,Valkeldor,Protective covering worn or fitted against physical harm.,Arthxar,/ahrth-xahr/,Arth; Arthen; Arthlor; Arthverd; Xarvel; Xarlorin; Xarvethral; Xarfelvin; Xaresh; Xarphelor,rinaen arthaxar moreth.,The armor is hard.,LX-NE1-0030
Arthen,/ahrthehn/,,Noun,ARTH,Destiny / Purpose,,,,,,,Arth; Arthlor; Arthverd; Arthaxar,Var Shara ser Arthen.,One's choices shape their destiny; the journey is tied to purpose.,LX-V2-0035
Arthen'taleth,/ahrthehn'tah-lehth/,,Verb,,Sacrifice for Destiny Ritual (noun).,,,,,,,,,,LX-V3-0086
Arthlor,/ahrthlohr/,,Noun,ARTH,Defensive Formation / Shield Wall / Fortified Position. Refers to holding a defensive position or a specific coordinated defensive setup.,Arth (protect/defend) + -or (place/location),,,,,,Arth; Arthen; Arthverd; Arthaxar,Var Seren arthlor an Kaleth.,The Guardians go to the defensive formation at the Fortress.,LX-V2-0128
Arthverd,/ahrth-vehrd/,National Expansion 1,Noun,VERD; ARTH,Protective living vegetation,,Arth + Verd,Verdalris,A cultivated hedge or living plant barrier.,,,Verdor; Verdeth; Verdvin; Belverd; Verdsov; Felverd; Morlverd; Verd; Arth; Arthen,arth arthverd teremil.,The living hedge protects the home.,LX-NE1-0019
Athnor,/ath-nohr/,Conversational Narrative Engine 1,Particle,ATH; NOR,Already; completed by the reference time,,Ath + Nor,,,Athanor,/ath-ah-nohr/,Rath; Nkuvath; Drenkorath; Krezmorath; Kalorinath; Kalrath; Sivathaen; Felath; Zhirath; Lemath,tha-velaen I morlak athnor.,I already ate the bread.,LX-CNE1-0019
Awek,/ah-wehk/,,Noun,,Spring,,,,,,,Awekshara,var I an awekshara.,I go to the spring-fed canal.,LX-V2-0079; XR-awek
Awekshara,/ah-wehk-shah-rah/,National Expansion 1,Noun,AWEK; SHARA,Spring-fed canal,,Awek + Shara,Jasara,A channel carrying spring water into settlements or fields.,,,Awek; Shara; Belshara; Sharbel; Vershara; Sharaka; Shar; Kinnshara; Dralshara; Sharavok,var I an awekshara.,I go to the spring-fed canal.,LX-NE1-0005
Azan,/ah-zahn/,,Noun,,"Feminine essence (nurturing, fluidity).",Preserved as standalone root/morpheme because source clearly defines it.,,,,,,Azron; Azfel; Azon,,,DM-RM-V1-0002
Azfel,/ahzfehl/,,Noun,Azan; FEL,Girl (young feminine person),Refers to a female child.,,,,,,Azron; Azon; Azan; Kadfel; Theefel; Felorin; Lianfel; Krezfel; Felin; Fel,Azfel kal dren morl,The girl brings strength to the flowing mountain.,LX-V1-0011
Azon,/ah-zohn/,,Noun,Azan,Feminine man,Describes a man with feminine qualities.,,,,,,Azron; Azfel; Azan,Azon nor velkrel,A feminine man near the breeze.,LX-V1-0013
Azron,/ahzrohn/,,Noun,Azan,Woman (feminine person),Default term for women.,,,,,,Azfel; Azon; Azan,Azron nor shal,The woman flows with the light.,LX-V1-0008
Bal,/bahl/,,Noun,,"Growth or sprouting (e.g., plants, development).",Conceptual range: Sprouting; development; budding growth,,,,,,Balrin; Balpral; Balral; Pralbal; Balpralaen; Drobalaen; Balemilaen,Balrin var dren.,The sprouting food grows by the water.,XR-bal; DM-RM-V2-0005
Balemilaen,/bahl-eh-meel-ah-ehn/,"Food, Agriculture, and Preservation 2",Verb,Aen; BAL,To ferment; to transform food or drink through controlled activity of living cultures,,Bal living growth + Emil food or drink + -aen,,,,,Amthaen; Aen; Aenor; Aenvor; Ohmbaen; Lianaen; Thalaneshen; Velthaen; Wek'aen; Rathorimaen,balemilaen I drenfellak.,I ferment the dough.,LX-FAP2-0020
Balpral,/bahl-prahl/,"Food, Agriculture, and Preservation 1",Noun,RAL; PRAL; BAL,Agriculture or farming as the skilled practice of deliberately raising useful living growth,,Bal growth + Pral skilled craft,,,Balapral,/bah-lah-prahl/,Dral; Jindral; Nkural; Xarvethral; Belvethral; Vethral; Pral; Droral; Mekral; Zhaelral,kal balpral belvok.,Farming strengthens the family.,LX-FAP1-0001
Balpralaen,/bahl-prahl-ah-ehn/,"Food, Agriculture, and Preservation 1",Verb,Aen; PRAL; BAL,To cultivate; to tend living growth deliberately toward a useful harvest,,Bal growth + Pral skilled practice + -aen,,,Balapralaen,/bah-lah-prahl-ah-ehn/,Amthaen; Aen; Aenor; Aenvor; Ohmbaen; Lianaen; Thalaneshen; Velthaen; Wek'aen; Rathorimaen,balpralaen I verdsov.,I cultivate the garden.,LX-FAP1-0004
Balral,/bahl-rahl/,"Food, Agriculture, and Preservation 1",Noun,RAL; BAL,Farmer or cultivator; a person responsible for raising crops,,Bal growth + Ral caretaker,,,Balaral,/bah-lah-rahl/,Dral; Jindral; Nkural; Xarvethral; Belvethral; Vethral; Pral; Droral; Mekral; Zhaelral,balpralaen balral sov.,The farmer cultivates the field.,LX-FAP1-0002
Balrin,/bahlreen/,,Noun,BAL; RIN,Growing food,Bal + rin = essence,,,,,,Balpral; Balral; Pralbal; Balpralaen; Drobalaen; Balemilaen; Bal; Belrin; Brosrin; Talrin,Balrin var dren.,The sprouting food grows by the water.,LX-V2-0098
Bel,/behl/,,Verb,,"To bind or weave (symbolizing interconnection, fabric, or networks).",Conceptual range: Binding; weaving; systems; civilization,,,,,,Belrin; Belar; Belshara; Belshen; Belmor; Belvok; Belvethral; Belkor; Sharbel; Belthal,Belrin kal dren.,The woven fabric strengthens with water.,XR-bel; DM-RM-V2-0003
Bel-,/behl-/,,Verb,,"To bind, weave, connect, fasten; civilization, bonds, restrictions, systems.",Conceptual layer preserved.,,,,,,Belrin; Belar; Belshara; Belshen; Belmor; Belvok; Belvethral; Belkor; Sharbel; Belthal,Belthal,Order,DM-RM-S3-0013
Bel'Rathorimeth,/behl'rahthoh-ree-mehth/,,Noun,,Memory-Weaving Ritual.,,,,,,,,,,LX-V3-0076
Belar,/beh-lahr/,,Noun,BEL,Binding spice,Bel + ar = intensity,,,,,,Belrin; Belshara; Belshen; Belmor; Belvok; Belvethral; Belkor; Sharbel; Belthal; Drobel,Belar nor dren.,The binding spice rests by the water.,LX-V2-0096
Belkor,/behlkohr/,,Noun,BEL; KOR,"Tunic, Shirt",Bel (weave) + Kor (core),,,,,,Belrin; Belar; Belshara; Belshen; Belmor; Belvok; Belvethral; Sharbel; Belthal; Drobel,Rinaen belkor-ian verdeth.,My tunic is green.,LX-V4-0036
Belkoraen,/behl-koh-rah-ehn/,Post-Fracture Mechanics 1,Verb,Aen; BEL; KOR,To anchor a person object or place to a stable reference so displacement is resisted,,Bel + Kor + -aen,,,,,Amthaen; Aen; Aenor; Aenvor; Ohmbaen; Lianaen; Thalaneshen; Velthaen; Wek'aen; Rathorimaen,belkoraen seren sharavok.,The guardian anchors the caravan.,LX-PFM1-0040
Belmor,/behlmohr/,,Noun,BEL; MOR,Root Spice,Bel + mor = binding earth,,,,,,Belrin; Belar; Belshara; Belshen; Belvok; Belvethral; Belkor; Sharbel; Belthal; Drobel,Belmor kal dren.,The root spice strengthens with water.,LX-V2-0159
Belreth,/behl-reth/,Conversational Narrative Engine 1,Noun,BEL,A problem; a bounded difficulty that obstructs an intended course,,Bel + Reth,,,Belareth,/behl-ah-reth/,Belrin; Belar; Belshara; Belshen; Belmor; Belvok; Belvethral; Belkor; Sharbel; Belthal,rinaen vorkor belreth.,The door is a problem.,LX-CNE1-0030
Belrin,/behlreen/,,Noun,BEL; RIN,Woven fabric,Bel + rin = essence,,,,,,Belar; Belshara; Belshen; Belmor; Belvok; Belvethral; Belkor; Sharbel; Belthal; Drobel,Belrin kal dren.,The woven fabric strengthens with water.,LX-V2-0095
Belshara,/bel-shah-rah/,,Noun,BEL; SHARA,"Coordinated Maneuver / Formation Movement / Tactical Path. Refers to moving troops in a specific, planned way.",Bel (bind/weave) + Shara (path/journey),,,,,,Belrin; Belar; Belshen; Belmor; Belvok; Belvethral; Belkor; Sharbel; Belthal; Drobel,Lorin Ilin belshara an vethor.,Guide us in the coordinated maneuver through the shadow.,LX-V2-0130; LX-V4-0002; LX-V4-0066
Belshara,/bel-shah-rah/,,Noun,BEL; SHARA,Duty (Bound Path),Bel (bind) + Shara (path),,,,,,Belrin; Belar; Belshen; Belmor; Belvok; Belvethral; Belkor; Sharbel; Belthal; Drobel,Lorin Ilin belshara an vethor.,Guide us in the coordinated maneuver through the shadow.,LX-V2-0130; LX-V4-0002; LX-V4-0066
Belshara,/bel-shah-rah/,,Verb,BEL; SHARA,Necessity (Must/Have to),"""on a bound path""",,,,,,Belrin; Belar; Belshen; Belmor; Belvok; Belvethral; Belkor; Sharbel; Belthal; Drobel,Lorin Ilin belshara an vethor.,Guide us in the coordinated maneuver through the shadow.,LX-V2-0130; LX-V4-0002; LX-V4-0066
Belshen,/behlshehn/,,Noun,SHEN; BEL,Price / Binding Value / Agreed Cost. The established or negotiated value that binds a trade.,Bel (bind/weave) + Shen(akar) (coinage - shortening for flow),,,,,,Thalaneshen; Ka-Shen; Shen; Droshen; Shenlian; Kalshen; Rinshen; Lianrethshen; Vaarshen; Belrin,Ra aen Ya belshen velrin?,Do you speak the price of the food?,LX-V2-0137
Belthal,/behlthahl/,,Noun,BEL; THAL,Order (Woven Balance),Bel (bind) + Thal (balance),,,,,,Belrin; Belar; Belshara; Belshen; Belmor; Belvok; Belvethral; Belkor; Sharbel; Drobel,Lorin belthal Ilin.,Order guides us.,LX-V4-0074
Belvelrathor,/behl-vehl-rah-thor/,Post-Fracture Mechanics 1,Noun,BEL,Memory entanglement in which memories from distinct lives or timelines become joined and difficult to separate,,Bel + Velrathor,,,,,Belrin; Belar; Belshara; Belshen; Belmor; Belvok; Belvethral; Belkor; Sharbel; Belthal,rinaen belvelrathor an ser.,The friend has entangled memories.,LX-PFM1-0019
Belverd,/behl-vehrd/,National Expansion 1,Noun,VERD; BEL,Joined or grafted living growth,,Bel + Verd,Verdalris,A plant graft or cultivated joining of living botanical material.,,,Verdor; Verdeth; Verdvin; Arthverd; Verdsov; Felverd; Morlverd; Verd; Belrin; Belar,pralaen zhaelral belverd.,The restoration keeper makes a plant graft.,LX-NE1-0018
Belvethral,/behlvehthrahl/,,Noun,VETH; RAL; BEL,Chosen Family,Bel (binding) + veth (shadow) + ral (caretaker).,,,,,,Vethhar; Vethsoril; Xarvethral; Veth'tharaen; Shalorveth; Vethral; Vethrin; Vethdren; Vethvar; Vethnor,Belvethral ser dren thal Teremil.,The chosen family is by the water at home.,LX-V3-0058
Belvok,/behlvohk/,,Noun,BEL; VOK,Family / Clan,Bel (binding) + vok (unity/bond).,,,,,,Belrin; Belar; Belshara; Belshen; Belmor; Belvethral; Belkor; Sharbel; Belthal; Drobel,Belvok ser dren an Teremil.,The family is together at home by the water.,LX-V3-0045
Belwek,/behl-wehk/,National Expansion 1,Noun,BEL; WEK,Ordered recurring process,,Bel + Wek,Mechuma,"A Mechuman automated routine or, elsewhere, any deliberately managed cycle.",Belewek; Belowek,/behl-eh-wehk/; /behl-oh-wehk/,Belrin; Belar; Belshara; Belshen; Belmor; Belvok; Belvethral; Belkor; Sharbel; Belthal,lorin belwek mek.,The ordered cycle guides the machine.,LX-NE1-0014
Belzhir,/behl-zheer/,National Expansion 1,Noun,ZHIR; BEL,Communications network,,Bel + Zhir,Mechuma,A connected system for carrying messages or information.,,,Zhiren; Zhivorin; Zharin; Zhirkalor; Zhirelorim; Zhirin; Zhirvok; Velzhiraen; Kavelzhiraen; Zhirkor,aen I ser belzhir.,I speak through the communications network.,LX-NE1-0012
Belzor,/behl-zohr/,"Food, Agriculture, and Preservation 1",Noun,ZOR; BEL,"Livestock; domesticated animals held under continuing human care for food, materials, labor, or transport",,Bel maintained bond or system + Zor animal,,,Belazor,/beh-lah-zohr/,Zor; Belzoraen; Belzorral; Zordren; Zordrenvinaen; Zornelar; Belrin; Belar; Belshara; Belshen,rinaen belzor ser belzorral.,The livestock are with the herder.,LX-FAP1-0019
Belzoraen,/behl-zohr-ah-ehn/,"Food, Agriculture, and Preservation 1",Verb,ZOR; Aen; BEL,To herd; to keep domesticated animals together and direct their movement or care,,Bel bind or coordinate + Zor animal + -aen,,,Belazoraen,/beh-lah-zohr-ah-ehn/,Zor; Belzor; Belzorral; Zordren; Zordrenvinaen; Zornelar; Amthaen; Aen; Aenor; Aenvor,belzoraen belzorral belzor.,The herder tends the livestock.,LX-FAP1-0020
Belzorral,/behl-zohr-rahl/,"Food, Agriculture, and Preservation 1",Noun,RAL; ZOR,A herder or shepherd; a person responsible for livestock,,Belzor livestock + Ral caretaker,,,Belzoraral,/behl-zohr-ah-rahl/,Dral; Jindral; Nkural; Xarvethral; Belvethral; Vethral; Pral; Droral; Mekral; Zhaelral,arth belzorral belzor.,The herder protects the livestock.,LX-FAP1-0021
Braskal,/brahskahl/,,Noun,,Coastal Herbivore,Aquatic; Coral-shelled coastal herbivore that forms symbiotic relationships with reef life.; Cultural role: Reef-linked herbivore and symbiosis figure.,,,,,,,,,OHC-0019
Bren,/brehn/,,Noun,,"Harvest (e.g., the act or result of gathering food).",Conceptual range: Gathering; harvest; collected yield,,,,,,Brenmor; Brenvor; Xilbren; Kesbrenaen; Neshbrenaen; Neshbrenral,Brenmor kal dren.,The harvested roots strengthen by the water.,XR-bren; DM-RM-V2-0006
Brenmor,/brehnmohr/,,Noun,BREN; MOR,Harvested roots,Bren + mor,,,,,,Brenvor; Xilbren; Kesbrenaen; Neshbrenaen; Neshbrenral; Bren; Kinnmor; Pralmor; Welmor; Morlak,Brenmor kal dren.,The harvested roots strengthen by the water.,LX-V2-0099
Brenvor,/brehnvohr/,,Noun,BREN,Harvested Nuts,Bren = gathering + vor = location,,,,,,Brenmor; Xilbren; Kesbrenaen; Neshbrenaen; Neshbrenral; Bren,Brenvor kal dren.,The harvested nuts strengthen with water.,LX-V2-0177
Brinnek,/breennehk/,,Noun,,Migratory Grazer,Grassland; Long-necked migratory grazer moving in striped herds across the plains.; Cultural role: Grassland herd animal and migration marker.,,,,,,,,,OHC-0011
Bros,/brohs/,,Verb,,Layering or stratification (symbolizing levels or textures).,Conceptual range: Layering; stratification; stacked texture,,,,,,Brosrin; Broslak; Brossov,Brosrin vanesh dren.,The layered food trades by the water.,XR-bros; DM-RM-V2-0004
Broslak,/brohslahk/,,Noun,BROS; LAK,Layered Bread,Bros + lak = stratified grain,,,,,,Brosrin; Brossov; Bros; Morlak; Fellak; Lak,Broslak kal dren.,The layered bread strengthens by the water.,LX-V2-0150
Brosrin,/brohsreen/,,Noun,BROS; RIN,Layered food,Bros + rin = essence,,,,,,Broslak; Brossov; Bros; Belrin; Balrin; Talrin; Rinvarash; Velrin; Phelrin; Vethrin,Brosrin vanesh dren.,The layered food trades by the water.,LX-V2-0097
Brossov,/brohs-sohv/,"Food, Agriculture, and Preservation 1",Noun,SOV; BROS,An agricultural terrace; a cultivated plot formed as one level in a stepped slope,,Bros layering + Sov cultivated plot,,,Brosasov,/broh-sah-sohv/,Sov; Verdsov; Vilorsov; Brosrin; Broslak; Bros,rinaen brossov an morl.,The agricultural terrace is on the mountain.,LX-FAP1-0007
Dar,/dahr/,Conversational Narrative Engine 1,Verb,,To wait or pause while an event remains pending; hold on,,New primitive root for a deliberate pending pause,,,,,,dar I ser.,I wait for the friend.,LX-CNE1-0009; XR-dar
Del,/dehl/,,Noun,,Two,,,,,,,Serdel; Delnor; Delvelrathor,Ten-del,20 (Two tens),LX-V3-0135; XR-del
Delnor,/dehl-nor/,Post-Fracture Mechanics 1,Noun,NOR; DEL,Temporal overlap; two distinct time states occupying the same place or experience,,Del + Nor,,,,,Nor; Weknor; Athnor; Nethnor; Shalnor; Vethnor; Sernor; Varnor; Norzhir; Thalnor,rinaen delnor an lianrethor.,There is temporal overlap in the anomaly zone.,LX-PFM1-0008
Delvelrathor,/dehl-vehl-rah-thor/,Post-Fracture Mechanics 1,Noun,DEL,The simultaneous possession of two incompatible memories of the same personal event,,Del + Velrathor,,,,,Del; Serdel; Delnor,rinaen delvelrathor an I.,I hold two incompatible memories.,LX-PFM1-0018
Dor,/dohr/,Conversational Narrative Engine 1,Verb,,To put or place something at a location,,New primitive root for deliberate placement,,,,,Keldoraen,dor I drenvor an pralor.,I put the bowl on the table.,LX-CNE1-0001; XR-dor
Dral,/drahl/,,Noun,,Sky / Wonder / Heavens,,,,,,,Jindral; Dralorim; Dralshaneth; Dralbelaen; Dralshara,Dralorim nor dren thal shal.,The storm flows with the water under the light.,LX-V2-0058; LX-V4-0106; XR-dral
Dral,/drahl/,,Interjection,,Wow! / Heavens!,,,,,,,Jindral; Dralorim; Dralshaneth; Dralbelaen; Dralshara,Dralorim nor dren thal shal.,The storm flows with the water under the light.,LX-V2-0058; LX-V4-0106; XR-dral
Dralbelaen,/drahl-behl-ah-ehn/,National Expansion 1,Verb,Aen; DRAL; BEL,To harness storm energy,,Dral + Bel + -aen,Valkeldor,To bind or direct the force of a storm for purposeful use.,,,Amthaen; Aen; Aenor; Aenvor; Ohmbaen; Lianaen; Thalaneshen; Velthaen; Wek'aen; Rathorimaen,dralbelaen mekral thalorim.,The technician harnesses lightning.,LX-NE1-0028
Dralorim,/drah-loh-reem/,,Noun,DRAL,Storm,A celestial storm or significant weather event.,,,,,,Dral; Jindral; Dralshaneth; Dralbelaen; Dralshara,Dralorim nor dren thal shal.,The storm flows with the water under the light.,LX-V2-0205
Dralshaneth,/drahlshah-nehth/,,Noun,DRAL; SHAN,Heaven's Blessing,Derived From: Dral (heavens) + shan (pass) + eth (sacred). Meaning: A celestial ceremony to seek guidance and protection for the family.,,,,,,Dral; Jindral; Dralorim; Dralbelaen; Dralshara; Terrashaneth; Velpralim; Shan; Norshan; Shanvelrathor,Dralshaneth kal dren an Belvok.,The heaven's blessing strengthens the family.,LX-V3-0113
Dralshara,/drahl-shah-rah/,National Expansion 1,Noun,SHARA; DRAL,Star route; celestial path,,Dral + Shara,Zarithan,A route found or followed through observation of the heavens.,,,Shara; Belshara; Sharbel; Vershara; Sharaka; Shar; Kinnshara; Awekshara; Sharavok; Sharaen,lorin dralshara sharavok.,The star route guides the caravan.,LX-NE1-0036
Dren,/dren/,,Noun,,Water,,,,,,,Morldren; Peldren; Terradren; Drenshal; Drenlivar; Drenkor; Drenalor; Drenvelesh; Drenvokesh; Drenkorath,Var I dren.,“I go to the water.”,LX-V2-0002; LX-V2-0068; LX-V3-0011; XR-dren
Dren,/dren/,,Noun,,Water - symbolic,"Use in rituals, court, formal address, writing, when emphasizing depth. Combine with Li- / -en.",,,,,,Morldren; Peldren; Terradren; Drenshal; Drenlivar; Drenkor; Drenalor; Drenvelesh; Drenvokesh; Drenkorath,Var I dren.,“I go to the water.”,LX-V2-0002; LX-V2-0068; LX-V3-0011; XR-dren
Dren,/dren/,,Noun,,Water / River,,,,,,,Morldren; Peldren; Terradren; Drenshal; Drenlivar; Drenkor; Drenalor; Drenvelesh; Drenvokesh; Drenkorath,Var I dren.,“I go to the water.”,LX-V2-0002; LX-V2-0068; LX-V3-0011; XR-dren
Dren-,/drehn-/,,Noun,,"Water, liquid, fluid; life, flow, change, healing, emotion, intuition, cleansing, adaptation.",Conceptual layer preserved; no standalone lexicon rows created for pairings.,,,,,,Dren; Morldren; Peldren; Terradren; Drenshal; Drenlivar; Drenkor; Drenalor; Drenvelesh; Drenvokesh,,,DM-RM-S3-0004
Drenaen,/dreh-nah-ehn/,,Verb,DREN; Aen,"To Drink, To take liquid",Dren (water) + -aen,,,,,,Dren; Morldren; Peldren; Terradren; Drenshal; Drenlivar; Drenkor; Drenalor; Drenvelesh; Drenvokesh,Drenaen Ya phelvin.,You drink the comforting drink.,LX-V4-0053
Drenalor,/dreh-nah-lohr/,,Noun,ALOR; DREN,Rain,Falling rain from the sky.,,,,,,Aloraen; Alor; Dren; Morldren; Peldren; Terradren; Drenshal; Drenlivar; Drenkor; Drenvelesh,Drenalor shalil nor dren.,The rain falls lightly over the water.,LX-V2-0207
Dreneth,/dreh-nehth/,,Adjective,DREN,"Wet, Damp, Watery",Dren (water) + -eth,,,,,,Dren; Morldren; Peldren; Terradren; Drenshal; Drenlivar; Drenkor; Drenalor; Drenvelesh; Drenvokesh,Rinaen xaresh dreneth.,The cloak is wet.,LX-V4-0034
Drenfellak,/drehn-fehl-lahk/,"Food, Agriculture, and Preservation 2",Noun,DREN,Dough; a workable mixture whose main structure comes from flour combined with water or another liquid,,Dren liquid + Fellak flour,,,,,Dren; Morldren; Peldren; Terradren; Drenshal; Drenlivar; Drenkor; Drenalor; Drenvelesh; Drenvokesh,pralaen I drenfellak.,I make dough.,LX-FAP2-0003
Drenkaesh,/drehnkah-ehsh/,,Noun,,"""Water-waster""; suggests carelessness or indulgence in water abundance.",Pelagaeans seen as wasteful by desert and mountain nations.,,,,,,,,,LX-V3-0126
Drenkor,/drehnkohr/,,Noun,DREN; KOR,Oasis Bread,Dren = water + kor = source of strength,,,,,,Dren; Morldren; Peldren; Terradren; Drenshal; Drenlivar; Drenalor; Drenvelesh; Drenvokesh; Drenkorath,Drenkor nor dren.,The oasis bread rests by the water.,LX-V2-0191
Drenkorath,/drehnkoh-rahth/,,Noun,Rath; KOR; ATH,Oasis Blessing Ceremony,Derived From: Dren (water) + kor (source/strength) + ath (balance). Meaning: A ritual where families gather to honor and protect their oasis or water source.,,,,,,Rathor; Rath; Rathvethor; Rathka; Rathorim; Rathorimaen; Rathaen; Krezmorath; Rathorkinash; Kalrath,Drenkorath lian nor dren.,The oasis blessing speaks to the water.,LX-V3-0119
Drenlivar,/drehnlee-vahr/,,Noun,LIVAR; DREN,Salted Fish,Dren = water + livar = preserved,,,,,,Velalivar; Livaraen; Vellivaraen; Livar; Dren; Morldren; Peldren; Terradren; Drenshal; Drenkor,Drenlivar vanesh dren thal morl.,The salted fish trades by the water and the mountain.,LX-V2-0171
Drenpralaen,/drehn-prahl-ah-ehn/,"Food, Agriculture, and Preservation 2",Verb,Aen; DREN; PRAL,"To brew; to prepare a drink by steeping, heating, fermenting, or a deliberate combination of those processes",,Dren liquid or drink + Pral skilled making + -aen,,,Drenapralaen,/dreh-nah-prahl-ah-ehn/,Amthaen; Aen; Aenor; Aenvor; Ohmbaen; Lianaen; Thalaneshen; Velthaen; Wek'aen; Rathorimaen,drenpralaen I fennildren.,I brew the herbal drink.,LX-FAP2-0018
Drenselaen,/drehn-seh-lah-ehn/,Domestic and Sensory Life 1,Verb,Aen; DREN; SEL,To wash or rinse something with liquid so grime or residue is removed,,Dren + Sel + -aen,,,,,Amthaen; Aen; Aenor; Aenvor; Ohmbaen; Lianaen; Thalaneshen; Velthaen; Wek'aen; Rathorimaen,drenselaen I drenvor.,I wash the bowl.,LX-DSL1-0031
Drenshal,/drehnshahl/,,Noun,DREN; SHAL,reflective pool/crystal-clear spring,Dren + Shal,,,,,,Dren; Morldren; Peldren; Terradren; Drenlivar; Drenkor; Drenalor; Drenvelesh; Drenvokesh; Drenkorath,,,LX-V2-0143
Drentalaen,/drehn-tah-lah-ehn/,Domestic and Sensory Life 1,Verb,Aen; DREN; TAL,To pour; to transfer liquid deliberately in a directed stream,,Dren + Tal + -aen,,,Drenatalaen,/dreh-nah-tah-lah-ehn/,Amthaen; Aen; Aenor; Aenvor; Ohmbaen; Lianaen; Thalaneshen; Velthaen; Wek'aen; Rathorimaen,drentalaen I dren an krezvek.,I pour water into the cooking pot.,LX-DSL1-0029
Drenvaraen,/drehn-vah-rah-ehn/,Conversational Narrative Engine 1,Verb,Aen; DREN; Var-,To change alter or become meaningfully different,,Dren + Var + -aen,,,,,Amthaen; Aen; Aenor; Aenvor; Ohmbaen; Lianaen; Thalaneshen; Velthaen; Wek'aen; Rathorimaen,drenvaraen I shara.,I change the path.,LX-CNE1-0015
Drenvelesh,/drehnveh-lehsh/,,Noun,DREN; ESH; VEL,Morning Dew,Dew formed from the cold sky.,,,,,,Dren; Morldren; Peldren; Terradren; Drenshal; Drenlivar; Drenkor; Drenalor; Drenvokesh; Drenkorath,Drenvelesh dren thal morl.,The morning dew rests on the water by the mountain.,LX-V2-0211
Drenvokesh,/drehnvoh-kehsh/,,Noun,DREN; ESH; VOK,Water Unity Ceremony,Derived From: Dren (water) + vok (bond) + esh (connection). Meaning: A ritual where families or clans pledge unity near water.,,,,,,Dren; Morldren; Peldren; Terradren; Drenshal; Drenlivar; Drenkor; Drenalor; Drenvelesh; Drenkorath,Drenvokesh kal dren nor Belvok.,The water unity strengthens the family by the water.,LX-V3-0107
Drenvor,/drehnvohr/,,Noun,DREN,"Bowl, Cup, Water-holder",Dren (water) + Vor (place of bond),,,,,,Dren; Morldren; Peldren; Terradren; Drenshal; Drenlivar; Drenkor; Drenalor; Drenvelesh; Drenvokesh,Rinaen drenvor woreth.,The bowl is full.,LX-V4-0016
Dro,/droh/,,Noun,,Water - basic,"Use in casual conversation, between friends/family, marketplaces. Avoid Li- / -en unless context requires politeness.",,,,,,Droshen; Drokav; Droral; Drobel; Drosel; Drorav; Drobalaen,tal droral droshen an Ilin.,The water keeper gives the water ration to us.,LX-V3-0014; XR-dro
Drobalaen,/droh-bahl-ah-ehn/,"Food, Agriculture, and Preservation 1",Verb,Aen; BAL; DRO,To irrigate; to supply cultivated growth or land with deliberately directed physical water,,Dro physical water + Bal growth + -aen,,,,,Amthaen; Aen; Aenor; Aenvor; Ohmbaen; Lianaen; Thalaneshen; Velthaen; Wek'aen; Rathorimaen,drobalaen balral sov.,The farmer irrigates the field.,LX-FAP1-0005
Drobel,/droh-behl/,National Expansion 1,Noun,DRO; BEL,Water-distribution system,,Dro + Bel,Jasara,Jasaran irrigation network or civic waterworks.,,,Dro; Droshen; Drokav; Droral; Drosel; Drorav; Drobalaen; Belrin; Belar; Belshara,rinaen drobel an Jasara.,The water-distribution system is in Jasara.,LX-NE1-0004
Drokav,/droh-kahv/,National Expansion 1,Noun,DRO; KAV,Cistern; protected water reserve,,Dro + Kav,Jasara,Jasaran protected storage for scarce water.,,,Dro; Droshen; Droral; Drobel; Drosel; Drorav; Drobalaen; Velkavor; Kaveth; Liankavor,rinaen drosel an drokav.,Clean drinking water is in the cistern.,LX-NE1-0002
Droral,/droh-rahl/,National Expansion 1,Noun,RAL; DRO,Water keeper; water steward,,Dro + Ral,Jasara,Jasaran caretaker responsible for a shared water supply.,,,Dral; Jindral; Nkural; Xarvethral; Belvethral; Vethral; Pral; Mekral; Zhaelral; Kavral,arth droral drobel.,The water keeper protects the waterworks.,LX-NE1-0003
Drorav,/droh-rahv/,Domestic and Sensory Life 1,Noun,RAV; DRO,Thirst; the bodily pull or need for drinking water or other liquid,,Dro + Rav,,,,,Emilrav; Kalrav; Rav; Rav-; Dro; Droshen; Drokav; Droral; Drobel; Drosel,rinaen I drorav.,I am thirsty.,LX-DSL1-0036
Drosel,/droh-sehl/,National Expansion 1,Noun,DRO; SEL,Clean drinking water,,Dro + Sel,Pelagae,Ordinary water made safe and clean for drinking.,,,Dro; Droshen; Drokav; Droral; Drobel; Drorav; Drobalaen; Selineth; Selmek; Selpralaen,tal I drosel.,I drink clean water.,LX-NE1-0008
Droshen,/droh-shehn/,National Expansion 1,Noun,DRO; SHEN,Water ration,,Dro + Shen,Jasara,"Jasaran water allotment for households, travelers, or fields.",,,Dro; Drokav; Droral; Drobel; Drosel; Drorav; Drobalaen; Belshen; Thalaneshen; Ka-Shen,tal droral droshen an Ilin.,The water keeper gives the water ration to us.,LX-NE1-0001
Ekor,/eh-kohr/,,Quantifier,,Each / Every,Usage: Placed before the noun.,,,,,,,Kal Ekor Kadron.,Strengthens Each Man.,LX-V2-0217
Elan,/eh-lahn/,,Particle,,"Well... (conversational starter/filler, declarative).",Usage: Typically sentence-initial.,,,,,,,Elan: Well...,"conversational starter/filler, declarative",LX-V3-0030
Elor,/eh-lohr/,,Noun,,Growth; upward alignment; unfolding maturity,"Builds words for growth, emergence, alignment, and upward or life-stage progression.",,,,,,Zhirelorim,Zhaelor shalil nor dren.,Spring flows lightly by the water.,XR-elor
Emil,/eh-meel/,,Noun,,Food; meal,Common everyday word for sustenance in both casual and formal contexts.,,,,,,,Ilin-ka emil,“Our meal”,DX-emil
Emildren,/eh-meel-drehn/,"Food, Agriculture, and Preservation 1",Noun,DREN,A beverage; prepared liquid intended for drinking,,Emil food or meal + Dren liquid,,,Emiladren,/eh-mee-lah-drehn/,Dren; Morldren; Peldren; Terradren; Drenshal; Drenlivar; Drenkor; Drenalor; Drenvelesh; Drenvokesh,tal I emildren an ser.,I give a beverage to the friend.,LX-FAP1-0030
Emilolan,/eh-meel-oh-lahn/,"Food, Agriculture, and Preservation 2",Noun,OLAN,Cooking or edible oil; oil prepared and considered safe for use in food,,Emil food + Olan oil,,,,,Olan; Morolan; Olankrezaen,dor I emilolan an krezpral.,I put cooking oil in the pan.,LX-FAP2-0005
Emilpral,/eh-meel-prahl/,Domestic and Sensory Life 1,Noun,RAL; PRAL,A flat object on which food is served or eaten; plate or serving tray,,Emil + Pral,,,,,Dral; Jindral; Nkural; Xarvethral; Belvethral; Vethral; Pral; Droral; Mekral; Zhaelral,dor I emil an emilpral.,I put the food on the plate.,LX-DSL1-0004
Emilpralaen,/eh-meel-prahl-ah-ehn/,"Food, Agriculture, and Preservation 2",Verb,Aen; PRAL,"To cook; to deliberately transform food into an edible or desired prepared state, especially through heat",,Emil food + Pral skilled making + -aen,,,,,Amthaen; Aen; Aenor; Aenvor; Ohmbaen; Lianaen; Thalaneshen; Velthaen; Wek'aen; Rathorimaen,emilpralaen I venak.,I cook the stew.,LX-FAP2-0009
Emilpraleth,/eh-meel-prah-leth/,"Food, Agriculture, and Preservation 2",,PRAL,Cooked; deliberately transformed into a prepared food state by heat or an equivalent culinary process,,Emil food + Pral deliberate preparation + -eth,,,,,Pralmor; Pralvinor; Pralin; Velpralor; Pralvokesh; Velpralim; Pralor; Pralaen; Pral; Rethpral,rinaen torin emilpraleth.,The meat is cooked.,LX-FAP2-0030
Emilrav,/eh-meel-rahv/,Domestic and Sensory Life 1,Noun,RAV,Hunger; the bodily pull or need for food,,Emil + Rav,,,Emilarav,/eh-meel-ah-rahv/,Drorav; Kalrav; Rav; Rav-,rinaen I emilrav.,I am hungry.,LX-DSL1-0035
Emilshara,/eh-meel-shah-rah/,"Food, Agriculture, and Preservation 2",Noun,SHARA,"A recipe; repeatable instructions, sequence, and proportions for preparing food or drink",,Emil food or meal + Shara path or ordered course,,,,,Shara; Belshara; Sharbel; Vershara; Sharaka; Shar; Kinnshara; Awekshara; Dralshara; Sharavok,velzhiraen I emilshara.,I remember the recipe.,LX-FAP2-0008
Esh,/ehsh/,,Noun,,Sky / Air,,,,,,,Terraesh; Eshtenor; Eshvilor; Eshthael; Eshvelor; Drenvelesh; Eshvelaneth; Kalvokesh; Pralvokesh; Drenvokesh,Var I esh dren.,,LX-V1-0021; LX-V2-0006; LX-V2-0071; LX-V4-0110; XR-esh
Esh,/ehsh/,,Preposition,,Above / Over,,,,,,,Terraesh; Eshtenor; Eshvilor; Eshthael; Eshvelor; Drenvelesh; Eshvelaneth; Kalvokesh; Pralvokesh; Drenvokesh,Var I esh dren.,,LX-V1-0021; LX-V2-0006; LX-V2-0071; LX-V4-0110; XR-esh
Esh,/ehsh/,,Suffix,,-esh (relational),,,,,,,Terraesh; Eshtenor; Eshvilor; Eshthael; Eshvelor; Drenvelesh; Eshvelaneth; Kalvokesh; Pralvokesh; Drenvokesh,Var I esh dren.,,LX-V1-0021; LX-V2-0006; LX-V2-0071; LX-V4-0110; XR-esh
Esh-,/ehsh-/,,Noun,,"Sky, air, wind; freedom, thought, divine, intellect, perspective, beginnings.",Conceptual layer preserved.,,,,,,Esh; Terraesh; Eshtenor; Eshvilor; Eshthael; Eshvelor; Drenvelesh; Eshvelaneth; Kalvokesh; Pralvokesh,,,DM-RM-S3-0006
Eshdrenaen,/ehsh-drehn-ah-ehn/,"Food, Agriculture, and Preservation 2",Verb,Aen; DREN; ESH,To steam food; to cook food through contact with heated water vapor without immersing it in liquid,,Esh air or vapor + Dren water + -aen; food is supplied by the lexical meaning and context,,,Eshadrenaen,/eh-shah-drehn-ah-ehn/,Amthaen; Aen; Aenor; Aenvor; Ohmbaen; Lianaen; Thalaneshen; Velthaen; Wek'aen; Rathorimaen,eshdrenaen I fennil.,I steam the greens.,LX-FAP2-0015
Eshen,/ehshehn/,,Possessive,,His/Her/Their / Direct Possession marker,,,,,,,,,,LX-V3-0063
Eshkrezaen,/ehsh-krehz-ah-ehn/,"Food, Agriculture, and Preservation 2",Verb,Aen; KREZ; ESH,To roast; to cook an exposed solid food through sustained dry heat surrounding or radiating toward it,,Esh open air + Krez heat + -aen; food is supplied by the lexical meaning and context,,,,,Amthaen; Aen; Aenor; Aenvor; Ohmbaen; Lianaen; Thalaneshen; Velthaen; Wek'aen; Rathorimaen,eshkrezaen I teravin.,I roast the root vegetables.,LX-FAP2-0012
Eshlin,/ehshleen/,,Noun,ESH,Common Bird,Esh (sky) + -lin (collective/small thing),,,,,,Esh; Terraesh; Eshtenor; Eshvilor; Eshthael; Eshvelor; Drenvelesh; Eshvelaneth; Kalvokesh; Pralvokesh,Aenaen I eshlin an velmarin.,I hear a bird in the ancient tree.,LX-V4-0061
Eshlor,/ehsh-lohr/,National Expansion 1,Noun,ESH; LOR,Wind bearing; direction read from the air,,Esh + Lor,Zarithan,A navigational bearing determined from wind or atmospheric movement.,,,Esh; Terraesh; Eshtenor; Eshvilor; Eshthael; Eshvelor; Drenvelesh; Eshvelaneth; Kalvokesh; Pralvokesh,lorin eshlor sharavok.,The wind bearing guides the caravan.,LX-NE1-0037
Eshlorien,/ehshloh-ree-ehn/,,Noun,ESH,Wave Naming Ritual,Derived From: Esh (sky/air) + lorin (guide). Meaning: A naming ceremony for children born by the sea.,,,,,,Esh; Terraesh; Eshtenor; Eshvilor; Eshthael; Eshvelor; Drenvelesh; Eshvelaneth; Kalvokesh; Pralvokesh,Eshlorien nor dren an Zhaelor.,The wave naming flows by the water in spring.,LX-V3-0108
Eshpral,/ehsh-prahl/,Domestic and Sensory Life 1,Noun,RAL; PRAL; ESH,A raised flat support surface used to hold household objects; shelf,,Esh + Pral,,,Eshapral,/eh-shah-prahl/,Dral; Jindral; Nkural; Xarvethral; Belvethral; Vethral; Pral; Droral; Mekral; Zhaelral,rinaen kavvek an eshpral.,The jar is on the shelf.,LX-DSL1-0006
Eshreth,/ehshrehth/,,Noun,,"""Sky-confused""; implies a dreamy or detached nature under the icy skies.",Nivveil perceived as distant or impractical under harsh skies.,,,,,,,"An eshreth, ra var Ya, Ser?","In this hazy sky, where are you going, Friend?",LX-V3-0129
Eshtenor,/ehshteh-nohr/,,Noun,TENAR; ESH,Seaweed Snack,Esh = sky + Tenar = glow,,,,,,Tenarorin; Tenar; Esh; Terraesh; Eshvilor; Eshthael; Eshvelor; Drenvelesh; Eshvelaneth; Kalvokesh,Eshtenor nor dren.,The glowing seaweed rests by the water.,LX-V2-0172
Eshthael,/ehshthah-ehl/,,Noun,THAEL; ESH,Breeze,A light and flowing breeze.,,,,,,Velthaelvok; Thael; Esh; Terraesh; Eshtenor; Eshvilor; Eshvelor; Drenvelesh; Eshvelaneth; Kalvokesh,Eshthael nor dren.,The breeze flows by the water.,LX-V2-0203
Eshvelaneth,/ehshveh-lah-nehth/,,Noun,ESH; VEL,Hailstorm,A storm of icy hail striking the ground.,,,,,,Esh; Terraesh; Eshtenor; Eshvilor; Eshthael; Eshvelor; Drenvelesh; Kalvokesh; Pralvokesh; Drenvokesh,Eshvelaneth kal morl.,The hailstorm strikes the mountain.,LX-V2-0212; LX-V3-0118
Eshvelaneth,/ehshveh-lah-nehth/,,Noun,ESH; VEL,Snowstorm Guidance Ritual,Derived From: Esh (sky) + vel (cold) + aneth (strike). Meaning: A ritual to seek guidance during challenging times.,,,,,,Esh; Terraesh; Eshtenor; Eshvilor; Eshthael; Eshvelor; Drenvelesh; Kalvokesh; Pralvokesh; Drenvokesh,Eshvelaneth kal morl.,The hailstorm strikes the mountain.,LX-V2-0212; LX-V3-0118
Eshvelor,/ehshveh-lohr/,,Noun,ESH,Snowfall,Snow falling gently from the sky.,,,,,,Esh; Terraesh; Eshtenor; Eshvilor; Eshthael; Drenvelesh; Eshvelaneth; Kalvokesh; Pralvokesh; Drenvokesh,Eshvelor nor dren thal morl.,The snow falls by the water and the mountain.,LX-V2-0208
Eshvilor,/ehshvee-lohr/,,Noun,VILOR; ESH,Snowberry Wine,Esh = sky + vilor = berry essence,,,,,,Jorvilor; Vilorsov; Vilor; Esh; Terraesh; Eshtenor; Eshthael; Eshvelor; Drenvelesh; Eshvelaneth,Eshvilor shal dren.,The snowberry wine flows lightly with the water.,LX-V2-0184
Eth,/ehth/,,Suffix,,"-like, -ful",Essential manifestation as quality or formal act.,,,,,,,,,LX-V4-0122
Eth,/ehth/,,Suffix,,sacred act of,Essential manifestation as quality or formal act.,,,,,,,,,LX-V4-0122
Fah,/fahh/,,Noun,,Darkness / Fear / Night,,,,,,,Fahaen; Faheth,Fah tha-var,A darkness has occurred,LX-V2-0043; LX-V4-0104; XR-fah
Fah,/fahh/,,Interjection,,Ugh! / Bah!,,,,,,,Fahaen; Faheth,Fah tha-var,A darkness has occurred,LX-V2-0043; LX-V4-0104; XR-fah
Fah'thar,/fahh'thahr/,,Noun,,Grief (heart-darkness).,,,,,,,,,,LX-V3-0066
Fah'tharaen,/fahh'thah-rah-ehn/,,Verb,Aen,To Mourn / Grieve Deeply.,,,,,,,Amthaen; Aen; Aenor; Aenvor; Ohmbaen; Lianaen; Thalaneshen; Velthaen; Wek'aen; Rathorimaen,,,LX-V3-0069
Fahaen,/fah-hah-ehn/,,Verb,FAH; Aen,To Fear.,"Derivation: From Fah (Fear/Darkness) + -aen. Usage: Standard verb, follows VSO.",,,,,,Fah; Faheth; Amthaen; Aen; Aenor; Aenvor; Ohmbaen; Lianaen; Thalaneshen; Velthaen,Fahaen I Vethor.,I fear the Shadow.,LX-V3-0089
Faheth,/fah-hehth/,,Adjective,FAH,"Black, Dark",Fah (darkness) + -eth,,,,,,Fah; Fahaen,Rinaen mor faheth.,The stone is black.,LX-V4-0045
Fel,/fehl/,,Particle,,"Diminisher - slightly, a bit",Place after the verb/adjective. Theraen I fel. (I long a little.),,,,,,Kadfel; Azfel; Theefel; Felorin; Lianfel; Krezfel; Felin; Felka; Felvin; Xarfelvin,Theraen I fel.,I long a little.,LX-V3-0016; DM-RM-V3-0004
Felath,/feh-lath/,Conversational Narrative Engine 1,Particle,FEL; ATH,Almost; near realization but not complete,,Fel + Ath,,,,,Kadfel; Azfel; Theefel; Felorin; Lianfel; Krezfel; Felin; Fel; Felka; Felvin,var sharavok an mahr felath.,The caravan almost reaches the sea.,LX-CNE1-0021
Feldrenaen,/fehl-dreh-nah-ehn/,Domestic and Sensory Life 1,Verb,FEL; Aen; DREN,To drip; for liquid to fall or emerge in small separated drops,,Fel + Dren + -aen,,,,,Kadfel; Azfel; Theefel; Felorin; Lianfel; Krezfel; Felin; Fel; Felka; Felvin,feldrenaen dren thal drenvor.,Water drips from the bowl.,LX-DSL1-0023
Feleth,/feh-lehth/,,Adjective,FEL,"Light (weight), Small, New",Fel- (small/young) + -eth,,,,,,Kadfel; Azfel; Theefel; Felorin; Lianfel; Krezfel; Felin; Fel; Felka; Felvin,Rinaen zhirin feleth.,The rope is light.,LX-V4-0024
Felin,/feh-leen/,,Quantifier,FEL,Few / Little / Small amount,Usage: Placed before the noun.,,,,,,Kadfel; Azfel; Theefel; Felorin; Lianfel; Krezfel; Fel; Felka; Felvin; Xarfelvin,Var felin Serin.,Go few Friends.,LX-V2-0216
Felka,/fehlkah/,,Noun,FEL,Child,Retain as-is.,,,,,,Kadfel; Azfel; Theefel; Felorin; Lianfel; Krezfel; Felin; Fel; Felvin; Xarfelvin,Felka ser dren an Tavan.,The child is with the parent by the water.,LX-V3-0040
Felkal,/fehl-kahl/,Domestic and Sensory Life 1,Noun,FEL; KAL,Bodily fatigue or tiredness; a temporary state of diminished strength and need for rest,,Fel + Kal,,,,,Kadfel; Azfel; Theefel; Felorin; Lianfel; Krezfel; Felin; Fel; Felka; Felvin,rinaen I felkal.,I am tired.,LX-DSL1-0037
Felkalrav,/fehl-kahl-rahv/,Post-Fracture Mechanics 1,Noun,FEL,Low gravity; gravitational pull substantially weaker than the surrounding norm,,Fel + Kalrav,,,,,Kadfel; Azfel; Theefel; Felorin; Lianfel; Krezfel; Felin; Fel; Felka; Felvin,rinaen felkalrav an varthas.,There is low gravity in the city.,LX-PFM1-0032
Fellak,/fehl-lahk/,"Food, Agriculture, and Preservation 2",Noun,FEL; LAK,Flour or grain meal; grain reduced to a fine dry powder for cooking,,Fel fineness or smallness + Lak grain substance,,,,,Kadfel; Azfel; Theefel; Felorin; Lianfel; Krezfel; Felin; Fel; Felka; Felvin,rinaen fellak an kavvek.,The flour is in the jar.,LX-FAP2-0002
Felnor,/fehl-nor/,Post-Fracture Mechanics 1,Noun,FEL; NOR,A time skip; a missing interval that is not experienced although events continue beyond it,,Fel + Nor,,,,,Kadfel; Azfel; Theefel; Felorin; Lianfel; Krezfel; Felin; Fel; Felka; Felvin,kes I felnor.,I notice a time skip.,LX-PFM1-0007
Felorin,/feh-loh-reen/,,Noun,FEL,Berry from Coral Reefs,Fel = small + orin = core,,,,,,Kadfel; Azfel; Theefel; Lianfel; Krezfel; Felin; Fel; Felka; Felvin; Xarfelvin,Felorin vanesh dren.,The berries trade by the water.,LX-V2-0157; LX-V2-0174
Felorin,/feh-loh-reen/,,Noun,FEL,Berry/Small Fruit,Fel + orin = delicate core;,,,,,,Kadfel; Azfel; Theefel; Lianfel; Krezfel; Felin; Fel; Felka; Felvin; Xarfelvin,Felorin vanesh dren.,The berries trade by the water.,LX-V2-0157; LX-V2-0174
Felthamaen,/fehl-thah-mah-ehn/,"Food, Agriculture, and Preservation 2",Verb,FEL; Aen; THAM,To grind; to reduce a dry material to small particles or powder through repeated crushing or abrasion,,Fel smallness + Tham structural breakdown + -aen,,,,,Kadfel; Azfel; Theefel; Felorin; Lianfel; Krezfel; Felin; Fel; Felka; Felvin,felthamaen I saren.,I grind the wheat.,LX-FAP2-0016
Felverd,/fehl-vehrd/,"Food, Agriculture, and Preservation 1",Noun,FEL; VERD,Moss; dense low-growing mats of very small plant growth,,Fel smallness + Verd botanical growth,,,,,Kadfel; Azfel; Theefel; Felorin; Lianfel; Krezfel; Felin; Fel; Felka; Felvin,rinaen felverd an verdor.,Moss is in the forest.,LX-FAP1-0024
Felvin,/fehlveen/,,Noun,FEL; VIN,Niece/Nephew,Fel (young/new) + vin (pulled).,,,,,,Kadfel; Azfel; Theefel; Felorin; Lianfel; Krezfel; Felin; Fel; Felka; Xarfelvin,Felvin nor dren an Tavan.,The niece/nephew rests with the parent by the water.,LX-V3-0052
Fen-,/fehn-/,,Prefix,,Tens of thousands prefix,,,,,,,,,,DM-RM-V3-0017
Feneth,/feh-nehth/,,Adjective,,"Hot, Warm",Fen- (warmth) + -eth,,,,,,,Rinaen krezor feneth.,The hearth is hot.,LX-V4-0030
Fennil,/fehnneel/,,Noun,,Leaf; herb; soft medicinal greens,"Builds words for leaves, herbs, greens, and soft botanical matter used for food or medicine.",,,,,,Terafennil; Fennilphel; Mahrfennil; Fennildren,Terafennil ser dren an Teremil.,The herb stew is shared with water at home.,XR-fennil
Fennildren,/fehn-neel-drehn/,"Food, Agriculture, and Preservation 1",Noun,FENNIL; DREN,Tea or herbal infusion; a drink made by steeping plant material in water,,Fennil leaf or herb + Dren liquid,,,Fenniladren,/fehn-nee-lah-drehn/,Terafennil; Fennilphel; Mahrfennil; Fennil; Dren; Morldren; Peldren; Terradren; Drenshal; Drenlivar,pralaen I fennildren.,I make an herbal infusion.,LX-FAP1-0029
Fennilphel,/fehn-neel-phehl/,National Expansion 1,Noun,FENNIL; PHEL,Herbal remedy,,Fennil + Phel,Verdalris,A soothing preparation made primarily from medicinal leaves or herbs.,,,Terafennil; Mahrfennil; Fennildren; Fennil; Phelvin; Phelkarin; Phelrin; Phelmorin; Xarphelor; Phel,tal I fennilphel.,I take the herbal remedy.,LX-NE1-0017
Fennlur,/fehnnloor/,,Noun,,Pack Runner,Grassland; Wind-sensitive pack runner that kicks up dust and storm-signals as it moves.; Cultural role: Movement and storm-sense creature in grassland tradition.,,,,,,,,,OHC-0013
Fenrek,/fehnrehk/,,Noun,REK,Summer,The season of intense warmth.,,,,,,Krezrek; Rekaivaen; Rek,Fenrek kal nor dren.,Summer strengthens by the water.,LX-V2-0200
Gav,/gahv/,"Food, Agriculture, and Preservation 1",Noun,,A hunt; the purposeful pursuit of living quarry,,Approved primitive Gav lexicalized as an independent noun,,,,,Gavaen; Gavral,rinaen gav an morl.,The hunt is in the mountains.,LX-FAP1-0031
Gavaen,/gah-vah-ehn/,"Food, Agriculture, and Preservation 1",Verb,GAV; Aen,To hunt; to track and pursue living quarry for capture or killing,,New primitive Gav living-quarry pursuit + -aen,,,,,Gavral; Gav; Amthaen; Aen; Aenor; Aenvor; Ohmbaen; Lianaen; Thalaneshen; Velthaen,gavaen gavral zor an morl.,The hunter hunts an animal in the mountains.,LX-FAP1-0011
Gavral,/gahv-rahl/,"Food, Agriculture, and Preservation 1",Noun,RAL; GAV,A hunter; a person practiced in tracking and pursuing living quarry,,Gav living-quarry pursuit + Ral watcher or practitioner,,,Gavaral,/gah-vah-rahl/,Dral; Jindral; Nkural; Xarvethral; Belvethral; Vethral; Pral; Droral; Mekral; Zhaelral,var gavral an morl.,The hunter goes to the mountain.,LX-FAP1-0012
Gormeth,/gohrmehth/,,Adjective,,"Dirty, Soiled",Gorm- (grime) + -eth,,,,,,,Rinaen korin-ian gormeth.,My hands are dirty.,LX-V4-0021
Grivol,/gree-vohl/,,Noun,,Burrowing Rodent,"Grassland; Burrowing rodent and ecosystem engineer that stores seeds, aerates soil, and creates shelter for smaller life.; Cultural role: Landscape shaper and shelter-maker.",,,,,,,,,OHC-0015
Harven,/hahrvehn/,,Noun,,Pack Beast,Ohnosha Forest; Domesticated mountain pack beast; compact and shaggy-furred; used for transport and companionship in rugged terrain.; Cultural role: Trusted travel companion and cargo carrier.,,,,,,,,,OHC-0001
Hek-,/hehk-/,,Prefix,,Hundreds prefix,,,,,,,,,,DM-RM-V3-0015
Hek-Mel-,/hehk-mehl-/,,Prefix,,Hundreds of thousands construction,,,,,,,,,,DM-RM-V3-0018
I,/ee/,,Pronoun,,1st Person Singular,Remains simple and universal.,,,,,,,Var I dren.,“I go to the water.”,LX-V1-0001
Ian,/ee-ahn/,,Possessive,,My / Direct Possession marker,,,,,,,,Kal ohm Kadron ian,My strong friend who is a man.,LX-V3-0061
Ilan,/ee-lahn/,,Noun,,Student / Follower,,,,,,,,Nkural nor dren ser Ilan.,The mentor rests by the water with the student.,LX-V2-0038
Ilin,/ee-leen/,,Pronoun,,1st Person Plural,"Represents ""we"" as a group bound by common purpose.",,,,,,,Ilin-ka emil,“Our meal”,LX-V1-0002; LX-V4-0008
Ilin,/ee-leen/,,Pronoun,,"Inclusive We: I + You (+ others). This is the communal, default ""we.""",,,,,,,,Ilin-ka emil,“Our meal”,LX-V1-0002; LX-V4-0008
Ilinor,/ee-lee-nohr/,,Quantifier,,All / Entire / Whole,Usage: Placed before the noun it modifies.,,,,,,,Ilinor Serin var.,All the Friends go.,LX-V2-0213
Imen,/ee-mehn/,,Pronoun,,"Exclusive We: I + Others (but not you). This is the group ""we.""",,,,,,,,Arth Imen an kaleth. Var Ya.,"We [the guards, not you] protect the fortress. You must go.",LX-V4-0009
Inko,/eenkoh/,,Pronoun,,We two (me and you),,,,,,,,Var Inko an Varthas.,We two are going to the city.,LX-V4-0005
Jek,/jehk/,,Noun,,Spiral or twist (symbolizing swirling patterns or dynamic shapes).,Conceptual range: Spiral; twist; swirling form,,,,,,Jekvor; Jekvin; Jekvarin; Jekaen; Jekthamaen; Jekkalrav,Jekvor nor dren.,The spiraling spice rests by the water.,XR-jek; DM-RM-V2-0012
Jekaen,/jeh-kah-ehn/,Conversational Narrative Engine 1,Verb,Aen; JEK,To turn rotate or change facing,,Jek + -aen,,,,,Amthaen; Aen; Aenor; Aenvor; Ohmbaen; Lianaen; Thalaneshen; Velthaen; Wek'aen; Rathorimaen,jekaen I drenvor.,I turn the bowl.,LX-CNE1-0007
Jekkalrav,/jehk-kahl-rahv/,Post-Fracture Mechanics 1,Noun,JEK,Gravitational sway; repeated or unstable changes in the direction of local gravity,,Jek + Kalrav,,,Jekakalrav,/jeh-kah-kahl-rahv/,Jekvor; Jekvin; Jekvarin; Jekaen; Jekthamaen; Jek,rinaen jekkalrav an lianrethor.,There is gravitational sway in the anomaly zone.,LX-PFM1-0034
Jekthamaen,/jehk-thah-mah-ehn/,Domestic and Sensory Life 1,Verb,Aen; THAM; JEK,To stir or mix a soft or liquid substance by repeated circular movement,,Jek + Tham + -aen,,,Jekathamaen,/jeh-kah-thah-mah-ehn/,Amthaen; Aen; Aenor; Aenvor; Ohmbaen; Lianaen; Thalaneshen; Velthaen; Wek'aen; Rathorimaen,jekthamaen I worvenak ser shem.,I stir the stew with the spoon.,LX-DSL1-0030
Jekvarin,/jehkvah-reen/,,Noun,JEK,Spiral Shellfish,Jek = spiral + varin = small sea creature,,,,,,Jekvor; Jekvin; Jekaen; Jekthamaen; Jekkalrav; Jek,Jekvarin ser dren.,The shellfish is shared by the water.,LX-V2-0173
Jekvin,/jehkveen/,,Noun,JEK; VIN,Spiral Herb,Jek + vin = twisted essence,,,,,,Jekvor; Jekvarin; Jekaen; Jekthamaen; Jekkalrav; Jek; Phelvin; Teravin; Welvinor; Tharvin,Jekvin nor dren.,The spiral herb rests by the water.,LX-V2-0158
Jekvor,/jehkvohr/,,Noun,JEK,Spiraling spice,Jek + vor = place,,,,,,Jekvin; Jekvarin; Jekaen; Jekthamaen; Jekkalrav; Jek,Jekvor nor dren.,The spiraling spice rests by the water.,LX-V2-0107
Jel,/jehl/,,Noun,,Flavor or zest (bright taste or sensory experience).,Conceptual range: Zest; bright flavor; sensory sharpness,,,,,,Jelvor; Jelaen; Jelkor,Jelvor vanesh dren.,The zesty spice trades by the water.,XR-jel; DM-RM-V2-0013
Jelaen,/jeh-lah-ehn/,Domestic and Sensory Life 1,Verb,Aen; JEL,To taste; to perceive or examine flavor through the mouth,,Jel + -aen,,,,,Amthaen; Aen; Aenor; Aenvor; Ohmbaen; Lianaen; Thalaneshen; Velthaen; Wek'aen; Rathorimaen,jelaen I worvenak.,I taste the stew.,LX-DSL1-0021
Jelkor,/jehl-kohr/,"Food, Agriculture, and Preservation 1",Noun,KOR; JEL,Spice or seasoning; a concentrated source of flavor added in a relatively small amount,,Jel flavor or zest + Kor concentrated source or core,,,,,Korin; Drenkor; Drenkorath; Vorkor; Shalkor; Belkor; Kor; Zhirkor; Aivkor; Belkoraen,dor I jelkor an venak.,I put seasoning in the stew.,LX-FAP1-0028
Jelvor,/jehlvohr/,,Noun,JEL,Zesty spice,Jel + vor = location,,,,,,Jelaen; Jelkor; Jel,Jelvor vanesh dren.,The zesty spice trades by the water.,LX-V2-0108
Jexhaer,/jehxhah-ehr/,,Interjection,,"""Good night""",,,,,,,,,,LX-V2-0016
Jin,/jeen/,,Noun,,"Unique or rare (e.g., exotic or specialty foods).",,,,,,,Jindral,Jindral nor dren.,The rare fruit rests by the water.,DM-RM-V2-0014
Jindral,/jeendrahl/,,Noun,RAL; Jin; DRAL,Rare fruit,Jin + dral = wonder,,,,,,Dral; Nkural; Xarvethral; Belvethral; Vethral; Pral; Droral; Mekral; Zhaelral; Kavral,Jindral nor dren.,The rare fruit rests by the water.,LX-V2-0109
Jor,/johr/,,Noun,,Surge or burst (symbolizing sudden movements or energetic flows).,Conceptual range: Surge; burst; energetic flow,,,,,,Jorlin; Jorvak; Jorkal; Jorvilor; Jorvalin; Tavojorin; Joreth; Veljor; Jornor; Rathorjor,Jorlin shal dren.,The bursting water flows by the light.,XR-jor; DM-RM-V2-0011
Joreth,/joh-rehth/,,Adjective,JOR,"Fast, Quick, Surging",Jor- (surge/burst) + -eth,,,,,,Jorlin; Jorvak; Jorkal; Jorvilor; Jorvalin; Tavojorin; Veljor; Jornor; Rathorjor; Jor,Var vethral joreth.,The pack hunter goes fast.,LX-V4-0029
Jorkal,/johrkahl/,,Noun,JOR; KAL,Charge / Attack / Assault. A command or description of a forceful offensive push.,Jor (surge/burst) + Kal (strength/power),,,,,,Jorlin; Jorvak; Jorvilor; Jorvalin; Tavojorin; Joreth; Veljor; Jornor; Rathorjor; Jor,Va jorkal an rath!,Command: Charge the enemy!,LX-V2-0127
Jorlin,/johrleen/,,Noun,JOR,Bursting water,Jor + lin = collective flow,,,,,,Jorvak; Jorkal; Jorvilor; Jorvalin; Tavojorin; Joreth; Veljor; Jornor; Rathorjor; Jor,Jorlin shal dren.,The bursting water flows by the light.,LX-V2-0105
Jornor,/jor-nor/,Post-Fracture Mechanics 1,Noun,NOR; JOR,A temporal surge in which time passes abnormally fast relative to its surroundings,,Jor + Nor,,,,,Nor; Weknor; Athnor; Nethnor; Shalnor; Vethnor; Sernor; Varnor; Norzhir; Thalnor,rinaen jornor an lianrethor.,There is a temporal surge in the anomaly zone.,LX-PFM1-0010
Jorvak,/johrvahk/,,Noun,JOR,Bursting Stew,Jor + vak = energetic vessel,,,,,,Jorlin; Jorkal; Jorvilor; Jorvalin; Tavojorin; Joreth; Veljor; Jornor; Rathorjor; Jor,Jorvak kal dren.,The warmth strengthens by the water.,LX-V2-0106; LX-V2-0152
Jorvak,/johrvahk/,,Noun,JOR,Bursting warmth,Jor + vak = vessel,,,,,,Jorlin; Jorkal; Jorvilor; Jorvalin; Tavojorin; Joreth; Veljor; Jornor; Rathorjor; Jor,Jorvak kal dren.,The warmth strengthens by the water.,LX-V2-0106; LX-V2-0152
Jorvalin,/johrvah-leen/,,Noun,JOR,Effervescent Beverage,Jor = burst + valin = bubbling essence,,,,,,Jorlin; Jorvak; Jorkal; Jorvilor; Tavojorin; Joreth; Veljor; Jornor; Rathorjor; Jor,Jorvalin nor dren.,The effervescent beverage rests by the water.,LX-V2-0170
Jorvilor,/johrvee-lohr/,,Noun,VILOR; JOR,Bursting Berry Drink,Jor + vilor = energetic berry essence,,,,,,Eshvilor; Vilorsov; Vilor; Jorlin; Jorvak; Jorkal; Jorvalin; Tavojorin; Joreth; Veljor,Jorvilor nor dren.,The drink rests by the water.,LX-V2-0166
Ka,/kah/,,Preposition,,Without,Var I ka shal.,,,,,,,I ka dren,“My water”,LX-V1-0018; LX-V3-0018
Ka,/kah/,,Interjection,,No,“Ka.” – “No.”,,,,,,,I ka dren,“My water”,LX-V1-0018; LX-V3-0018
Ka-Shen,/kah-shehn/,,Noun,SHEN,Barter / Tradegoods (non-monetary) / Without Coin. Refers to trade done through exchange of goods rather than currency.,Ka (without) + Shen(akar) (coinage),,,,,,Belshen; Thalaneshen; Shen; Droshen; Shenlian; Kalshen; Rinshen; Lianrethshen; Vaarshen,Vanesh Ilin ka-shen lialor.,We trade via barter indeed.,LX-V2-0140
Kadfel,/kahdfehl/,,Noun,Kadren; FEL,Boy (young masculine person),Refers to a male child.,,,,,,Kadron; Kadon; Kadren; Azfel; Theefel; Felorin; Lianfel; Krezfel; Felin; Fel,Kadfel ohmbaen,Beloved boy.,LX-V1-0010
Kadon,/kah-dohn/,,Noun,Kadren,Masculine woman,Describes a woman with masculine traits.,,,,,,Kadron; Kadfel; Kadren,,,LX-V1-0014
Kadren,/kahdrehn/,,Noun,,"Masculine essence (strength, groundedness).",Preserved as standalone root/morpheme because source clearly defines it.,,,,,,Kadron; Kadfel; Kadon,,,DM-RM-V1-0001
Kadreneth,/kahdreh-nehth/,,Adjective,,"Dry, Waterless",Ka-dren (without water) + -eth,,,,,,,Rinaen morlak kadreneth.,The bread is dry.,LX-V4-0035
Kadron,/kahdrohn/,,Noun,Kadren,Man (masculine person),Default term for men.,,,,,,Kadfel; Kadon; Kadren,Kal ohm Kadron ian,My strong friend who is a man.,LX-V1-0007
Kaemilpraleth,/kah-eh-meel-prah-leth/,"Food, Agriculture, and Preservation 2",,,"Raw or uncooked; not yet transformed by cooking, without implying that the food is unsafe or unfinished",,Ka absence + Emilpraleth cooked,,,,,,rinaen teravin kaemilpraleth.,The root vegetables are raw.,LX-FAP2-0031
Kakalrav,/kah-kahl-rahv/,Post-Fracture Mechanics 1,Noun,,Weightlessness caused by the local absence or cancellation of gravitational pull,,Ka + Kalrav,,,,,,rinaen kakalrav an shalor.,There is weightlessness in the sanctuary.,LX-PFM1-0033
Kal,/kahl/,,Noun,,Strength / Power,,,,,,,Kaleth; Jorkal; Serenkal; Kalvok; Kalvokesh; Zhirkalor; Kalorinath; Kalrath; Morkal; Mahrkal,kelka an Kalrin,a king's decree,LX-V2-0031; LX-V4-0111; XR-kal
Kal,/kahl/,,Adjective,,Strong,,,,,,,Kaleth; Jorkal; Serenkal; Kalvok; Kalvokesh; Zhirkalor; Kalorinath; Kalrath; Morkal; Mahrkal,kelka an Kalrin,a king's decree,LX-V2-0031; LX-V4-0111; XR-kal
Kal-,/kahl-/,,Noun,,"Strength, power, force; neutral force whose virtue depends on use.",Source uses Ohnoshan language for philosophical debate; current naming applied.,,,,,,Kal; Kaleth; Jorkal; Serenkal; Kalvok; Kalvokesh; Zhirkalor; Kalorinath; Kalrath; Morkal,kelka an Kalrin,a king's decree,DM-RM-S3-0014
Kaleth,/kah-lehth/,,Noun,KAL,Fortress / Stronghold,,,,,,,Kal; Jorkal; Serenkal; Kalvok; Kalvokesh; Zhirkalor; Kalorinath; Kalrath; Morkal; Mahrkal,Var Seren arthlor an Kaleth.,The Guardians go to the defensive formation at the Fortress.,LX-V2-0081
Kalor,/kah-lohr/,,Noun,,Courage / Strength of Spirit,,,,,,,,Kal Kalor an Reth.,True strength/spirit is shown when facing the unknown or confusion.,LX-V2-0032; LX-V2-0042
Kalor,/kah-lohr/,,Noun,,Strength (of the mind or spirit),,,,,,,,Kal Kalor an Reth.,True strength/spirit is shown when facing the unknown or confusion.,LX-V2-0032; LX-V2-0042
Kalorinath,/kah-loh-ree-nahth/,,Noun,ATH; KAL,Fortress Bonding Ceremony,"Derived From: Kal (strength) + lorin (guide) + ath (balance). Meaning: A ritual marking the formal union of families, emphasizing collective strength and mutual guidance.",,,,,,Rath; Nkuvath; Drenkorath; Krezmorath; Kalrath; Sivathaen; Athnor; Felath; Zhirath; Lemath,Kalorinath ser dren thal Tharvok.,The fortress bonding ceremony is with the family under balance.,LX-V3-0124
Kalrath,/kahlrahth/,,Noun,Rath; ATH; KAL,Apex Predator (solitary),Kal (strength) + Rath (foe),,,,,,Rathor; Rath; Rathvethor; Rathka; Rathorim; Rathorimaen; Rathaen; Drenkorath; Krezmorath; Rathorkinash,Vethoraen kalrath an morl.,The apex predator sleeps in the mountains.,LX-V4-0060
Kalrav,/kahl-rahv/,Post-Fracture Mechanics 1,Noun,KAL; RAV,Gravity; the physical force by which bodies and matter draw or press toward a mass or direction,,Kal + Rav,,,,,Kal; Kaleth; Jorkal; Serenkal; Kalvok; Kalvokesh; Zhirkalor; Kalorinath; Kalrath; Morkal,kalravaen mor karvek.,The earth pulls the toolkit through gravity.,LX-PFM1-0029
Kalravaen,/kahl-rah-vah-ehn/,Post-Fracture Mechanics 1,Verb,Aen,To exert gravitational pull or draw matter through a physical gravitational field,,Kalrav + -aen,,,,,Amthaen; Aen; Aenor; Aenvor; Ohmbaen; Lianaen; Thalaneshen; Velthaen; Wek'aen; Rathorimaen,kalravaen kalravor karvek.,The gravity pocket pulls the toolkit.,LX-PFM1-0035
Kalravor,/kahl-rah-vor/,Post-Fracture Mechanics 1,Noun,,A localized gravitational pocket with a pull distinct from the surrounding area,,Kalrav + Or,,,,,,kes seren kalravor.,The guardian detects a gravity pocket.,LX-PFM1-0030
Kalshen,/kahl-shehn/,National Expansion 1,Noun,SHEN; KAL,"Measured level of ability, standing, or authority",,Kal + Shen,Marakor,A Marakorian official rank or formally assessed standing.,,,Belshen; Thalaneshen; Ka-Shen; Shen; Droshen; Shenlian; Rinshen; Lianrethshen; Vaarshen; Kal,rinaen kalshen an seren.,The guardian holds an official rank.,LX-NE1-0034
Kalvar,/kahlvahr/,,Noun,,Arm,,,,,,,,,,LX-V2-0053
Kalvok,/kahlvohk/,,Noun,VOK; KAL,Partner / Spouse,Kal (strength) + vok (unity).,,,,,,Lorlivok; Voktarin; Belvok; Kalvokesh; Pralvokesh; Vokaen; Drenvokesh; Zhivokesh; Velthaelvok; Zhirvok,Kalvok ser Belvok an Teremil.,The partner is with the family at home.,LX-V3-0049
Kalvokesh,/kahlvoh-kehsh/,,Noun,ESH; VOK; KAL,Spouse's Family,Kal (strength) + vok (unity) + esh (connection).,,,,,,Esh; Terraesh; Eshtenor; Eshvilor; Eshthael; Eshvelor; Drenvelesh; Eshvelaneth; Pralvokesh; Drenvokesh,Kalvokesh ser dren an Belvok.,The spouse's family is by the water with the unified family.,LX-V3-0055
Kalwek,/kahl-wehk/,National Expansion 1,Noun,WEK; KAL,Repeated strengthening or training cycle,,Kal + Wek,Valkeldor,A Valkeldorian drill or repeated combat-training exercise.,Kalewek; Kalowek,/kahl-eh-wehk/; /kahl-oh-wehk/,Weknor; Lunwek; Tharvin-Wek; Mahrowek; Belwek; Wek; Kal; Kaleth; Jorkal; Serenkal,var seren an kalwek.,The guardians go to the training drill.,LX-NE1-0029
Kar,/kahr/,,Noun,,Strike; mechanical force; tool-work,"Builds words for striking, tool-use, applied force, and mechanical action.",,,,,,Kareth; Karethaen; Karvek,Karethaen I kareth.,I use the hammer.,XR-kar
Kareth,/kah-rehth/,,Noun,KAR,"Hammer, Striking Tool",Kar- (strike) + -eth (purposeful act),,,,,,Karethaen; Karvek; Kar,Karethaen I kareth.,I use the hammer.,LX-V4-0013
Karethaen,/kah-rehthah-ehn/,,Verb,KAR; Aen,"To Use, To wield a tool",Kareth (hammer/tool) + -aen,,,,,,Kareth; Karvek; Kar; Amthaen; Aen; Aenor; Aenvor; Ohmbaen; Lianaen; Thalaneshen,Karethaen I peleth.,I use the knife.,LX-V4-0050
Karvek,/kahr-vehk/,National Expansion 1,Noun,KAR; VEK,Portable toolkit,,Kar + Vek,Zarithan,A carried set of tools for repair or practical work.,,,Kareth; Karethaen; Kar; Zhelvek; Mahrvek; Vekaen; Krezvek; Kavvek; Xarvek; Vek,rinaen kareth an karvek.,The hammer is in the toolkit.,LX-NE1-0038
Kasharaen,/kah-shah-rah-ehn/,Post-Fracture Mechanics 1,Verb,Aen; SHARA,To avoid or route around a known person object place or hazard so it does not enter one's path,,Ka + Shara + -aen,,,,,Amthaen; Aen; Aenor; Aenvor; Ohmbaen; Lianaen; Thalaneshen; Velthaen; Wek'aen; Rathorimaen,kasharaen sharavok lianrethor.,The caravan avoids the anomaly zone.,LX-PFM1-0039
Kav,/kahv/,,Noun,,Age; preservation; ancient duration,"Builds words for age, preservation, oldness, and what has endured across long time.",,,,,,Velkavor; Kaveth; Drokav; Liankavor; Kavral; Kavvek,Velkavor lian nor Terra.,The ancestor speaks to the Earth.,XR-kav
Kavelrathor,/kah-vehl-rah-thor/,Post-Fracture Mechanics 1,Noun,,A memory gap; a bounded part of personal experience from which memory is absent,,Ka + Velrathor,,,,,,rinaen kavelrathor an I.,I have a memory gap.,LX-PFM1-0021
Kavelzhiraen,/kah-vehl-zhee-rah-ehn/,Conversational Narrative Engine 1,Verb,Aen; ZHIR; VEL,To forget or lose access to something previously known or intended,,Ka + Vel + Zhir + -aen,,,,,Amthaen; Aen; Aenor; Aenvor; Ohmbaen; Lianaen; Thalaneshen; Velthaen; Wek'aen; Rathorimaen,kavelzhiraen I dralshara.,I forget the star route.,LX-CNE1-0018
Kaveth,/kah-vehth/,,Adjective,KAV,"Old, Ancient",Kav- (preserved/ancient) + -eth,,,,,,Velkavor; Drokav; Liankavor; Kavral; Kavvek; Kav,Rinaen kaleth kaveth.,The fortress is old.,LX-V4-0027
Kavok,/kah-vohk/,Conversational Narrative Engine 1,Particle,VOK,Apart; separate in place company or coordinated action,,Ka + Vok,,,,,Lorlivok; Voktarin; Belvok; Kalvok; Kalvokesh; Pralvokesh; Vokaen; Drenvokesh; Zhivokesh; Velthaelvok,var I thal sharavok kavok.,I travel apart from the caravan.,LX-CNE1-0025
Kavral,/kahv-rahl/,National Expansion 1,Noun,RAL; KAV,Keeper of preserved records or objects,,Kav + Ral,Marakor,"A Marakorian archivist or, elsewhere, a curator or preservation keeper.",,,Dral; Jindral; Nkural; Xarvethral; Belvethral; Vethral; Pral; Droral; Mekral; Zhaelral,arth kavral liankavor.,The archivist protects the archive.,LX-NE1-0033
Kavvek,/kahv-vehk/,Domestic and Sensory Life 1,Noun,KAV; VEK,"A closable vessel used to store and preserve food, liquid, or small materials; jar",,Kav + Vek,,,Kavavek,/kah-vah-vehk/,Velkavor; Kaveth; Drokav; Liankavor; Kavral; Kav; Zhelvek; Mahrvek; Karvek; Vekaen,rinaen belar an kavvek.,The spice is in the jar.,LX-DSL1-0005
Kaxaraen,/kah-xah-rah-ehn/,Conversational Narrative Engine 1,Verb,Aen; XAR,To open uncover or remove a closure so access becomes possible,,Ka + Xar + -aen,,,,,Amthaen; Aen; Aenor; Aenvor; Ohmbaen; Lianaen; Thalaneshen; Velthaen; Wek'aen; Rathorimaen,kaxaraen I vorkor.,I open the door.,LX-CNE1-0005
Kel,/kehl/,,Verb,,Say / Talk (informal),,,,,,,Vaar'kelaen; Kelrin; Kelka; Rakel; Keldoraen; Kel-,kelka an Kalrin,a king's decree,LX-V3-0012; LX-V4-0121; XR-kel
Kel,/kehl/,,Noun,,Name,,,,,,,Vaar'kelaen; Kelrin; Kelka; Rakel; Keldoraen; Kel-,kelka an Kalrin,a king's decree,LX-V3-0012; LX-V4-0121; XR-kel
Kel,/kehl/,,Noun,,Word,,,,,,,Vaar'kelaen; Kelrin; Kelka; Rakel; Keldoraen; Kel-,kelka an Kalrin,a king's decree,LX-V3-0012; LX-V4-0121; XR-kel
Kel-,/kehl-/,,Verb,,"To say, speak, name; definition and ordering through language.",Conceptual layer preserved; Aen/Kel distinction flagged because it affects lookup and interpretation.,,,,,,Kel; Vaar'kelaen; Kelrin; Kelka; Rakel; Keldoraen,kelka an Kalrin,a king's decree,DM-RM-S3-0027
Keldoraen,/kehl-doh-rah-ehn/,Post-Fracture Mechanics 1,Verb,Aen; KEL; DOR,To mark a location by deliberately placing a sign name or warning indicator there,,Kel + Dor + -aen,,,,,Amthaen; Aen; Aenor; Aenvor; Ohmbaen; Lianaen; Thalaneshen; Velthaen; Wek'aen; Rathorimaen,keldoraen seren lianrethxar.,The guardian marks the anomaly boundary.,LX-PFM1-0038
Kelithor,/keh-leethohr/,,Interjection,,"""Good afternoon""",,,,,,,,,,LX-V2-0014
Kelka,/kehlkah/,,Noun,KEL,Word (Particle of speech),Kel (say/talk) + -ka (particle),,,,,,Kel; Vaar'kelaen; Kelrin; Rakel; Keldoraen; Kel-,Ver aen I unar kelka.,I do not speak one word.,LX-V4-0071
Kelrin,/kehlreen/,,Noun,KEL; RIN,Name (Essence of what is spoken),Kel (say/talk) + Rin (essence),,,,,,Kel; Vaar'kelaen; Kelka; Rakel; Keldoraen; Kel-; Belrin; Brosrin; Balrin; Talrin,Ra aen Ya kelrin?,Do you speak your name?,LX-V4-0070
Kelvor,/kehlvohr/,,Noun,,Mouth,,,,,,,,Min I an dren. Rinaen kelvor-ian kadreneth ser Krez.,Headed to water. My mouth is dry with the heat.,LX-V2-0051
Kelvorthamaen,/kehl-vohr-thah-mah-ehn/,Domestic and Sensory Life 1,Verb,Aen; THAM,To chew; to crush food repeatedly in the mouth before swallowing,,Kelvor + Tham + -aen,,,,,Amthaen; Aen; Aenor; Aenvor; Ohmbaen; Lianaen; Thalaneshen; Velthaen; Wek'aen; Rathorimaen,kelvorthamaen I morlak.,I chew the bread.,LX-DSL1-0022
Kes,/kehs/,Conversational Narrative Engine 1,Verb,,To notice or register something in awareness,,New primitive root for attention and mental registration,,,,,Kesbrenaen,kes I eshlor.,I notice the wind bearing.,LX-CNE1-0016; XR-kes
Kesbrenaen,/kehs-brehn-ah-ehn/,"Food, Agriculture, and Preservation 1",Verb,Aen; BREN; KES,To forage; to search attentively for and gather naturally occurring food or useful plants,,Kes attentive noticing + Bren gathering or harvest + -aen,,,Kesabrenaen,/keh-sah-brehn-ah-ehn/,Amthaen; Aen; Aenor; Aenvor; Ohmbaen; Lianaen; Thalaneshen; Velthaen; Wek'aen; Rathorimaen,kesbrenaen I fennil an verdor.,I forage for herbs in the forest.,LX-FAP1-0010
Khum,/khoom/,,Noun,,Circle; listening; reconciliation,"Builds words for circles of care, listening, reconciliation, mentorship, and chosen community.",,,,,,Khumlor; Khumeth; Khum-,Khumrel an thar,to listen to one's heart,XR-khum
Khum-,/khoom-/,,Noun,,"Circle, reconciliation","Conceptual range: To listen, perceive, know through hearing; patient knowing and introspection.",,,,,,Khumlor; Khumeth; Khum,Khumrel an thar,to listen to one's heart,DM-RM-V2-0025; DM-RM-S3-0025
Khumeth,/khoo-mehth/,,Noun,KHUM,Sacred Ritual / Ceremony / Circle Rite. Refers to a formal spiritual practice or ceremony.,Khum (circle/reconciliation) + Eth (sacred act/embrace - assuming ),,,,,,Khumlor; Khum; Khum-,Nor-var Tharvok khumeth an Zhaelor.,The Family will perform the ritual in the Spring (season).,LX-V2-0133
Khumlor,/khoomlohr/,,Noun,KHUM,"Chosen family, circle of belonging",,,,,,,Khumeth; Khum; Khum-,Khumlor var dren.,The family gathers by the water.,LX-V2-0121
Kilv,/keelv/,,Noun,,shadow/time,,,,,,,Kilvthal; Kilveth; Kilvfah; Kilvlum,,,DM-RM-V2-0002
Kilveth,/keelvehth/,,Noun,Kilv,Evening (Shadow's Embrace),The time when shadows deepen and the day closes.,,,,,,Kilvthal; Kilvfah; Kilvlum; Kilv,Kilveth dren morl shal.,Evening rests under the light.,LX-V2-0092
Kilvfah,/keelvfahh/,,Noun,Kilv,Nightfall (Full Darkness),The time when darkness envelops the world.,,,,,,Kilvthal; Kilveth; Kilvlum; Kilv,Var I dren an Kilvfah.,I go to the water at nightfall.,LX-V2-0093
Kilvlum,/keelvloom/,,Noun,Kilv,Midnight (Shadowed Reflection),"The deep, reflective part of the night.",,,,,,Kilvthal; Kilveth; Kilvfah; Kilv,Tal I kilvlum dren nor veth.,I drink at midnight by the water's shadow.,LX-V2-0094
Kilvthal,/keelvthahl/,,Noun,Kilv,Afternoon (Balancing Light and Shadow),The gradual transition from day to evening.,,,,,,Kilveth; Kilvfah; Kilvlum; Kilv,Nor-var I dren thal Kilvthal.,I will go to the water in the afternoon.,LX-V2-0091
Kinn,/keenn/,,Noun,,Day,From the root for Daylight. A full cycle of light and darkness.,,,,,,Kinnshal; Kinnmor; Kinnlin; Kinnshara,Var Ilin an tren kinn.,We go in three days.,LX-V4-0082; DM-RM-V2-0001
Kinnlin,/keennleen/,,Noun,Kinn,Noon (Full Light),"Midday, when light reaches its peak.",,,,,,Kinnshal; Kinnmor; Kinnshara; Kinn,Tal I dren an Kinnlin.,I drink the water at noon.,LX-V2-0090
Kinnmor,/keennmohr/,,Noun,Kinn; MOR,Morning (Earth Illuminated),"Early morning, when the earth is bathed in light.",,,,,,Kinnshal; Kinnlin; Kinnshara; Kinn; Brenmor; Pralmor; Welmor; Morlak; Belmor; Tharmor,Kinnmor kal dren nor shal.,The morning strengthens with water and light.,LX-V2-0089
Kinnshal,/keennshahl/,,Noun,Kinn; SHAL,Dawn (Light Awakens),"The time when light awakens, symbolizing renewal.",,,,,,Kinnmor; Kinnlin; Kinnshara; Kinn; Shal; Shalor; Drenshal; Shalorin; Shalithor; Shalaen,Var I dren an Kinnshal.,I go to the water at dawn.,LX-V2-0088
Kinnshara,/keennshah-rah/,,Noun,SHARA; Kinn,Day's Journey,Kinn- (Daylight) + Shara (Path). The standard distance one can travel on foot in a day.,,,,,,Shara; Belshara; Sharbel; Vershara; Sharaka; Shar; Awekshara; Dralshara; Sharavok; Sharaen,Rinaen Varthas Ten-peth kinnshara.,The city is 50 day's-journeys away.,LX-V4-0080
Kor,/kohr/,,Noun,,Source / Strength,,,,,,,Korin; Drenkor; Drenkorath; Vorkor; Shalkor; Belkor; Zhirkor; Aivkor; Belkoraen; Jelkor,Drenkorath lian nor dren.,The oasis blessing speaks to the water.,LX-V4-0118; XR-kor
Kor,/kohr/,,Measure,,Unit of length / handspan measure,,,,,,,Korin; Drenkor; Drenkorath; Vorkor; Shalkor; Belkor; Zhirkor; Aivkor; Belkoraen; Jelkor,Drenkorath lian nor dren.,The oasis blessing speaks to the water.,LX-V4-0118; XR-kor
Kor'taleth,/kohr'tah-lehth/,,Verb,,Offering to Power Source Ritual (noun).,,,,,,,,,,LX-V3-0087
Kora,/koh-rah/,,Particle,,"Because, Since, For the reason that... (causation).","Usage: Introduces a reason clause. Structure might need careful handling (e.g., Main Clause, Kora + Reason Clause)",,,,,,,"Kora: Because, Since, For the reason that...",causation,LX-V3-0145
Korin,/koh-reen/,,Noun,KOR,Hand,,,,,,,Drenkor; Drenkorath; Vorkor; Shalkor; Belkor; Kor; Zhirkor; Aivkor; Belkoraen; Jelkor,Rinaen korin-ian gormeth.,My hands are dirty.,LX-V2-0054
Korinaen,/kohr-ee-nah-ehn/,Conversational Narrative Engine 1,Verb,Aen,To hold or maintain a grip on,,Korin + -aen,,,,,Amthaen; Aen; Aenor; Aenvor; Ohmbaen; Lianaen; Thalaneshen; Velthaen; Wek'aen; Rathorimaen,korinaen I zhirin.,I hold the rope.,LX-CNE1-0003
Korineth,/koh-ree-nehth/,,Noun,,Handspan,"Korin (Hand) + -eth. A small, precise unit, the width of a hand. Used in crafting and short-distance measurements.",,,,,,,Rinaen zhirin Ten-del korineth.,The rope is 20 handspans long.,LX-V4-0078
Krelek,/kreh-lehk/,,Adjective,,Red,Inspired by Krez (fire),,,,,,,Rinaen zhaelin krelek.,The flower is red.,LX-V4-0041
Kren,/krehn/,Domestic and Sensory Life 1,Noun,,Metal as a general class of hard workable material without specifying a particular metal,,New primitive root for generic metal material,,,,,,rinaen kareth kren.,The hammer is metal.,LX-DSL1-0028; XR-kren
Krez,/krehz/,,Noun,,Fire,,,,,,,Krezor; Krezfel; Kreztorin; Krezlorin; Krezrek; Krezaen; Kreztharim; Krezmorath; Welkrez; Krezvek,Tal Krez vaar.,Hardship or intense effort brings eventual rest/peace; find warmth in difficulty (Zarithan).,LX-V2-0004; LX-V2-0070; LX-V4-0105; XR-krez
Krez,/krehz/,,Interjection,,Blast! / Damn!,,,,,,,Krezor; Krezfel; Kreztorin; Krezlorin; Krezrek; Krezaen; Kreztharim; Krezmorath; Welkrez; Krezvek,Tal Krez vaar.,Hardship or intense effort brings eventual rest/peace; find warmth in difficulty (Zarithan).,LX-V2-0004; LX-V2-0070; LX-V4-0105; XR-krez
Krez-,/krehz-/,,Noun,,"Fire, heat, energy; passion, creation, strength, life-force, warmth, resilience, purification.",Conceptual layer preserved; Krezthal/Krezathal variation already flagged in euphony supplement.,,,,,,Krez; Krezor; Krezfel; Kreztorin; Krezlorin; Krezrek; Krezaen; Kreztharim; Krezmorath; Welkrez,Krezthal,Dynamic Equilibrium,DM-RM-S3-0003
Krez-verin,/krehz-veh-reen/,,Noun,,"""Fire-nothing"" or ""ash-breather""; criticizes their environment and resource scarcity.",Zarithans insulted for living in barren deserts with little resources.,,,,,,,,,LX-V3-0128
Krezaen,/kreh-zah-ehn/,,Verb,KREZ; Aen,To Rage / Burn with Anger.,"Derivation: From Krez (Fire) + -aen. Usage: Standard verb, follows VSO.",,,,,,Krez; Krezor; Krezfel; Kreztorin; Krezlorin; Krezrek; Kreztharim; Krezmorath; Welkrez; Krezvek,Krezaen Kadron an varok.,The man rages at the command.,LX-V3-0098
Krezdrenaen,/krehz-drehn-ah-ehn/,"Food, Agriculture, and Preservation 2",Verb,Aen; DREN; KREZ,"To boil; to heat a liquid until it bubbles vigorously, or to cook something in that liquid",,Krez heat + Dren liquid + -aen,,,,,Amthaen; Aen; Aenor; Aenvor; Ohmbaen; Lianaen; Thalaneshen; Velthaen; Wek'aen; Rathorimaen,krezdrenaen I dren.,I boil the water.,LX-FAP2-0011
Krezfel,/krehzfehl/,,Noun,FEL; KREZ,Spiced Grain,Krez = fire + fel = small,,,,,,Kadfel; Azfel; Theefel; Felorin; Lianfel; Felin; Fel; Felka; Felvin; Xarfelvin,Krezfel kal dren.,The spiced grain strengthens with water.,LX-V2-0179
Krezlorin,/krehzloh-reen/,,Noun,KREZ,Fire-Grilled Meat,Krez = fire + lorin = cooking guide,,,,,,Krez; Krezor; Krezfel; Kreztorin; Krezrek; Krezaen; Kreztharim; Krezmorath; Welkrez; Krezvek,Krezlorin kal dren.,The grilled meat strengthens with water.,LX-V2-0197
Krezmorath,/krehzmoh-rahth/,,Noun,Rath; ATH; KREZ,Fire Bond Ritual,"Derived From: Krez (fire) + mor (earth/grounding) + ath (balance). Meaning: A ritual performed around a fire to fortify family unity and resolve, often before significant challenges.",,,,,,Rathor; Rath; Rathvethor; Rathka; Rathorim; Rathorimaen; Rathaen; Drenkorath; Rathorkinash; Kalrath,Krezmorath kal dren an Belvok.,The fire bond strengthens with the family.,LX-V3-0122
Krezor,/kreh-zohr/,,Noun,KREZ,forge,Krez + or,,,,,,Krez; Krezfel; Kreztorin; Krezlorin; Krezrek; Krezaen; Kreztharim; Krezmorath; Welkrez; Krezvek,Rinaen krezor feneth.,The hearth is hot.,LX-V2-0086; LX-V2-0146; LX-V4-0017
Krezor,/kreh-zohr/,,Noun,KREZ,Forge / Place of Fire,,,,,,,Krez; Krezfel; Kreztorin; Krezlorin; Krezrek; Krezaen; Kreztharim; Krezmorath; Welkrez; Krezvek,Rinaen krezor feneth.,The hearth is hot.,LX-V2-0086; LX-V2-0146; LX-V4-0017
Krezor,/kreh-zohr/,,Noun,KREZ,"Hearth, Fireplace, Forge",Krez (fire) + -or (place),,,,,,Krez; Krezfel; Kreztorin; Krezlorin; Krezrek; Krezaen; Kreztharim; Krezmorath; Welkrez; Krezvek,Rinaen krezor feneth.,The hearth is hot.,LX-V2-0086; LX-V2-0146; LX-V4-0017
Krezpral,/krehz-prahl/,Domestic and Sensory Life 1,Noun,RAL; KREZ; PRAL,A shallow or flat cooking surface heated by fire; pan or griddle,,Krez + Pral,,,Krezapral,/kreh-zah-prahl/,Dral; Jindral; Nkural; Xarvethral; Belvethral; Vethral; Pral; Droral; Mekral; Zhaelral,rinaen krezpral feneth.,The pan is hot.,LX-DSL1-0003
Krezrek,/krehzrehk/,,Noun,REK; KREZ,Heatwave,An overpowering wave of heat.,,,,,,Fenrek; Rekaivaen; Rek; Krez; Krezor; Krezfel; Kreztorin; Krezlorin; Krezaen; Kreztharim,Krezrek dren nor Fenrek.,The heatwave flows with summer.,LX-V2-0210
Kreztharim,/krehzthah-reem/,,Noun,KREZ; THAR,Fire Heart Ritual,Derived From: Krez (fire) + thar (heart) + im (essence). Meaning: A ceremony to honor strength and resilience within families.,,,,,,Krez; Krezor; Krezfel; Kreztorin; Krezlorin; Krezrek; Krezaen; Krezmorath; Welkrez; Krezvek,Kreztharim kal nor dren.,The fire heart strengthens by the water.,LX-V3-0111
Kreztorin,/krehztoh-reen/,,Noun,TORIN; KREZ,Smoked and Dried Meat,Krez = fire + torin = preserved protein,,,,,,Torin; Krez; Krezor; Krezfel; Krezlorin; Krezrek; Krezaen; Kreztharim; Krezmorath; Welkrez,Kreztorin nor dren kal morl.,The smoked meat strengthens by the water.,LX-V2-0188
Krezvek,/krehz-vehk/,Domestic and Sensory Life 1,Noun,KREZ; VEK,A deep heat-safe vessel used for cooking over or beside fire; cooking pot,,Krez + Vek,,,,,Krez; Krezor; Krezfel; Kreztorin; Krezlorin; Krezrek; Krezaen; Kreztharim; Krezmorath; Welkrez,rinaen worvenak an krezvek.,The stew is in the cooking pot.,LX-DSL1-0002
La,/lah/,,Pronoun,,3rd Person Singular,Neutral pronoun meaning “he/she/they.”,,,,,,,Tha-var La thal Terra.,,LX-V1-0005
Lak,/lahk/,,Noun,,Grain; earthy food-substance; bread material,"Builds words for grain substance, bread matter, and earthy food material used as a staple base.",,,,,,Morlak; Broslak; Fellak,Morlak nor dren.,The bread rests by the water.,XR-lak
Lako,/lah-koh/,,Pronoun,,They two,,,,,,,,,,LX-V4-0007
Lalin,/lah-leen/,,Pronoun,,3rd Person Plural,Means “they” (a group not including speaker or addressee).,,,,,,,Var melen Lalin.,Go many They. / Many of them go.,LX-V1-0006
Lem,/lehm/,Domestic and Sensory Life 1,Noun,,Fine mineral earth that becomes plastic and shapeable when wet; clay,,New primitive root for workable natural clay,,,,,Lemath,pralaen I lem an pralor.,I shape the clay on the table.,LX-DSL1-0010; XR-lem
Lemath,/leh-mahth/,Domestic and Sensory Life 1,Noun,ATH; LEM,Clay transformed into a hard durable material by firing; fired clay or ceramic,,Lem + -ath,,,,,Rath; Nkuvath; Drenkorath; Krezmorath; Kalorinath; Kalrath; Sivathaen; Athnor; Felath; Zhirath,rinaen drenvor lemath.,The bowl is ceramic.,LX-DSL1-0011
Li-,/lee-/,,Prefix,,Respect/Honorific,,,,,,,,,,DM-RM-V2-0038; DM-RM-V3-0001
Li-,/lee-/,,Prefix,,show respect,,,,,,,,,,DM-RM-V2-0038; DM-RM-V3-0001
Li-Seren,/lee-seh-rehn/,,Noun,,Respected Guardian,,,,,,,,"Li-Seren-en, var nor Varthas shenakar?","Honored guardian, do we proceed to the city's exchange now?",LX-V3-0008
Lia,/lee-ah/,,Interjection,,Yes,"“Lia, I var dren.” – “Yes, I go to the water.”",,,,,,,"Lia, I var dren.","Yes, I go to the water.",LX-V3-0017
Lia‘ser,/lee-ahsehr/,,Particle,,"Right, Okay, I see, Understood (acknowledgement).",Usage: Response marker.,,,,,,,,,LX-V3-0034
Lialor,/lee-ahlohr/,,Particle,,“Indeed” or “Certainly.”,"“Lialor, serin vanesh shenakar.” – “Indeed, the friends trade coinage.”",,,,,,,Vanesh Ilin ka-shen lialor.,We trade via barter indeed.,LX-V3-0022
Lialor'ka,/lee-ahlohr'kah/,,Particle,,Really?! Truly?! Actually?! (surprise/emphasis).,Usage: As interjection or emphasis.,,,,,,,,,LX-V3-0032
Lian,/lee-ahn/,,Noun,,Truth / Honesty,,,,,,,Lianaen; Vellian; Lianfel; Lianor; Lianeth; Lianbelrin; Thallian; Shenlian; Liankavor; Worlian,Aen Shalor Liorin lian nor.,The Temple Elder speaks truth now.,LX-V2-0026; LX-V2-0064; LX-V4-0114; XR-lian
Lian,/lee-ahn/,,Verb,,Pray,,,,,,,Lianaen; Vellian; Lianfel; Lianor; Lianeth; Lianbelrin; Thallian; Shenlian; Liankavor; Worlian,Aen Shalor Liorin lian nor.,The Temple Elder speaks truth now.,LX-V2-0026; LX-V2-0064; LX-V4-0114; XR-lian
Lian,/lee-ahn/,,Modal,,Can / Able to,,,,,,,Lianaen; Vellian; Lianfel; Lianor; Lianeth; Lianbelrin; Thallian; Shenlian; Liankavor; Worlian,Aen Shalor Liorin lian nor.,The Temple Elder speaks truth now.,LX-V2-0026; LX-V2-0064; LX-V4-0114; XR-lian
Lian-,/lee-ahn-/,,Noun,,"Truth, honesty; reality, natural law, essence, logic, clarity, correctness.",Conceptual layer preserved; links to lianeth modality through existing Volume 4 material.,,,,,,Lian; Lianaen; Vellian; Lianfel; Lianor; Lianeth; Lianbelrin; Thallian; Shenlian; Liankavor,,,DM-RM-S3-0008
Lian'lia,/lee-ahn-lee-ah/,,Particle,,Exactly! Precisely! Just so! (strong agreement).,Usage: Response marker.,,,,,,,,,LX-V3-0035
Liana,/lee-ahnah/,,Noun,,Lady,,,,,,,,,,LX-V3-0001
Lianaen,/lee-ahnah-ehn/,,Verb,LIAN; Aen,To Pray / Prayer / Speaking Truth (to the divine/Heart/Balance). The act of spiritual communion or supplication.,Lian (truth) + -aen (verb-forming),,,,,,Lian; Vellian; Lianfel; Lianor; Lianeth; Lianbelrin; Thallian; Shenlian; Liankavor; Worlian,Var Liorinen lianaen an shalor.,The Honored Elder goes to pray in the sanctuary.,LX-V2-0132
Lianbel,/lee-ahn-behl/,Conversational Narrative Engine 1,Noun,LIAN; BEL,A solution; an arrangement answer or action that resolves a problem,,Lian + Bel,,,,,Lian; Lianaen; Vellian; Lianfel; Lianor; Lianeth; Lianbelrin; Thallian; Shenlian; Liankavor,rinaen lianbel vaareth.,The solution is good.,LX-CNE1-0031
Lianbelrin,/lee-ahnbehlreen/,,Noun,LIAN,"Book, Scroll, Woven Truth",Lian (truth) + Belrin (woven fabric),,,,,,Lian; Lianaen; Vellian; Lianfel; Lianor; Lianeth; Thallian; Shenlian; Liankavor; Worlian,Aen velar lianbelrin.,The elder speaks the story/book.,LX-V4-0020
Lianeth,/lee-ahnehth/,,Verb,LIAN,Ability (Can/Able to),"""having true quality""",,,,,,Lian; Lianaen; Vellian; Lianfel; Lianor; Lianbelrin; Thallian; Shenlian; Liankavor; Worlian,Aen I lianeth.,I can speak.,LX-V4-0001
Lianfel,/lee-ahnfehl/,,Noun,FEL; LIAN,Truth Tea,Lian + fel = clarity delicacy,,,,,,Kadfel; Azfel; Theefel; Felorin; Krezfel; Felin; Fel; Felka; Felvin; Xarfelvin,Lianfel kal dren.,The tea strengthens with water.,LX-V2-0165
Liankavor,/lee-ahn-kah-vohr/,National Expansion 1,Noun,LIAN; KAV,Archive; records repository,,Lian + Kav + -or,Marakor,A place where records and preserved knowledge are kept.,,,Lian; Lianaen; Vellian; Lianfel; Lianor; Lianeth; Lianbelrin; Thallian; Shenlian; Worlian,rinaen rathor an liankavor.,History is preserved in the archive.,LX-NE1-0032
Lianlor,/lee-ahnlohr/,,Particle,,“Honestly” or “To be truthful…”,"“Lianlor, Ver var I dren.” – “Honestly, I do not go to the water.”",,,,,,,"Lianlor, Ver var I dren.","Honestly, I do not go to the water.",LX-V3-0025
Lianor,/lee-ahnohr/,,Noun,LIAN,"Idea, Thought (Place of truth)",Lian (truth) + -or (place),,,,,,Lian; Lianaen; Vellian; Lianfel; Lianeth; Lianbelrin; Thallian; Shenlian; Liankavor; Worlian,Aen Ya lianor.,Speak your thought.,LX-V3-0002; LX-V4-0068
Lianor,/lee-ahnohr/,,Noun,LIAN,Sir,,,,,,,Lian; Lianaen; Vellian; Lianfel; Lianeth; Lianbelrin; Thallian; Shenlian; Liankavor; Worlian,Aen Ya lianor.,Speak your thought.,LX-V3-0002; LX-V4-0068
Lianreth,/lee-ahn-rehth/,Post-Fracture Mechanics 1,Noun,LIAN,A reality anomaly; a condition in which ordinarily reliable physical or temporal laws become incoherent,,Lian + Reth,,,,,Lian; Lianaen; Vellian; Lianfel; Lianor; Lianeth; Lianbelrin; Thallian; Shenlian; Liankavor,kes seren lianreth.,The guardian detects a reality anomaly.,LX-PFM1-0022
Lianrethaen,/lee-ahn-reh-thah-ehn/,Post-Fracture Mechanics 1,Verb,Aen,For reality or physical law to warp and become locally incoherent,,Lianreth + -aen,,,,,Amthaen; Aen; Aenor; Aenvor; Ohmbaen; Lianaen; Thalaneshen; Velthaen; Wek'aen; Rathorimaen,lianrethaen mor.,The ground becomes reality-warped.,LX-PFM1-0024
Lianrethor,/lee-ahn-reh-thor/,Post-Fracture Mechanics 1,Noun,,A localized anomaly zone within which reality behaves incoherently,,Lianreth + Or,,,,,,kasharaen sharavok lianrethor.,The caravan avoids the anomaly zone.,LX-PFM1-0023
Lianrethshen,/lee-ahn-rehth-shehn/,Post-Fracture Mechanics 1,,SHEN,An anomaly reading; a measured value describing the intensity or instability of a reality anomaly,,Lianreth + Shen,,,Lianrethashen,/lee-ahn-reh-thah-shehn/,Belshen; Thalaneshen; Ka-Shen; Shen; Droshen; Shenlian; Kalshen; Rinshen; Vaarshen,rinaen lianrethshen kaleth.,The anomaly reading is high.,LX-PFM1-0036
Lianrethxar,/lee-ahn-rehth-xahr/,Post-Fracture Mechanics 1,Noun,XAR,The perceptible boundary or enclosing edge of a localized reality anomaly,,Lianreth + Xar,,,Lianrethaxar,/lee-ahn-reh-thah-xahr/,Xarvel; Xarlorin; Xarvethral; Xarfelvin; Xaresh; Xarphelor; Arthaxar; Kaxaraen; Xaraen; Xarvek,keldoraen seren lianrethxar.,The guardian marks the anomaly boundary.,LX-PFM1-0028
Lianthal,/lee-ahn-thahl/,Post-Fracture Mechanics 1,Noun,LIAN; THAL,Reality coherence; the stable agreement of physical spatial and temporal law,,Lian + Thal,,,,,Lian; Lianaen; Vellian; Lianfel; Lianor; Lianeth; Lianbelrin; Thallian; Shenlian; Liankavor,rinaen lianthal an shalor.,There is reality coherence in the sanctuary.,LX-PFM1-0025
Lianthalaen,/lee-ahn-thah-lah-ehn/,Post-Fracture Mechanics 1,Verb,Aen; LIAN; THAL,To stabilize an anomaly by restoring coherent physical spatial and temporal law,,Lian + Thal + -aen,,,,,Amthaen; Aen; Aenor; Aenvor; Ohmbaen; Lianaen; Thalaneshen; Velthaen; Wek'aen; Rathorimaen,lianthalaen liorin shalor.,The elder stabilizes the sanctuary's reality.,LX-PFM1-0026
Lianzhir,/lee-ahn-zheer/,Conversational Narrative Engine 1,Noun,LIAN; ZHIR,A reason; an explanatory or justificatory connection,,Lian + Zhir,,,,,Lian; Lianaen; Vellian; Lianfel; Lianor; Lianeth; Lianbelrin; Thallian; Shenlian; Liankavor,aen I lianzhir.,I state the reason.,LX-CNE1-0028
Lior,/lee-ohr/,,Pronoun,,Relative Pronoun,,,,,,,Liorin; Liorinen,Ser Lior var dren.,The friend who goes to the water.,DM-RM-V3-0006
Liorin,/lee-ohreen/,,Noun,Lior; LOR,Teacher/Elder,,,,,,,Liorinen; Lior; Lorin; Lorash; Lorlivok; Lormahr; Eshlor; Lor,Aen Shalor Liorin lian nor.,The Temple Elder speaks truth now.,LX-V3-0003
Liorinen,/lee-or-in-en/,,Noun,Lior,Honored Elder/Teacher,,,,,,,Liorin; Lior,Var Liorinen lianaen an shalor.,The Honored Elder goes to pray in the sanctuary.,LX-V3-0004
Livar,/lee-vahr/,,Noun,,Preservation; salt-fixing; anti-decay,"Builds words for preservation, salting, mineral fixing, and keeping something from decay.",,,,,,Drenlivar; Velalivar; Livaraen; Vellivaraen,Drenlivar vanesh dren thal morl.,The salted fish trades by the water and the mountain.,XR-livar
Livaraen,/lee-vahr-ah-ehn/,"Food, Agriculture, and Preservation 2",Verb,Aen; LIVAR,"To cure or preserve food through salt, drying, smoke, fermentation, or another controlled anti-decay treatment",,Livar preservation or anti-decay + -aen,,,,,Amthaen; Aen; Aenor; Aenvor; Ohmbaen; Lianaen; Thalaneshen; Velthaen; Wek'aen; Rathorimaen,livaraen I nesh ser jelkor.,I cure the fish with seasoning.,LX-FAP2-0024
Lor,/lohr/,,Noun,,Guidance; sight; focus of leadership,"Builds words for guidance, leading, sightlines, sacred focus, and socially recognized direction.",,,,,,Lorin; Lorash; Lorlivok; Liorin; Lormahr; Eshlor,,,XR-lor
Lorash,/loh-rahsh/,,Noun,LOR; ASH,Temple / Shrine,,,,,,,Lorin; Lorlivok; Liorin; Lormahr; Eshlor; Lor; Varash; Rinvarash; Rathorkinash; Morl-karash,,,LX-V2-0083
Lorin,/loh-reen/,,Verb,LOR,Guide,,,,,,,Lorash; Lorlivok; Liorin; Lormahr; Eshlor; Lor,Lorin Ilin belshara an vethor.,Guide us in the coordinated maneuver through the shadow.,LX-V2-0039; LX-V3-0005
Lorin,/loh-reen/,,Verb,LOR,Guide / Teacher,,,,,,,Lorash; Lorlivok; Liorin; Lormahr; Eshlor; Lor,Lorin Ilin belshara an vethor.,Guide us in the coordinated maneuver through the shadow.,LX-V2-0039; LX-V3-0005
Lorin'Ohmeth,/loh-reen'ohhmehth/,,Noun,,Guidance-Seeking Ritual.,,,,,,,,,,LX-V3-0078
Lorinen,/loh-ree-nehn/,,Noun,,Honored Guide,,,,,,,,,,LX-V3-0006
Lorinor,/loh-ree-nohr/,,Noun,,Head,,,,,,,,,,LX-V2-0047
Lorinshal,/loh-reenshahl/,,Noun,,Eye,,,,,,,,,,LX-V2-0048
Lorlivok,/lohrlee-vohk/,,Noun,VOK; LOR,Earthbake,Lor + li + vok = fire-heated earth bond,,,,,,Voktarin; Belvok; Kalvok; Kalvokesh; Pralvokesh; Vokaen; Drenvokesh; Zhivokesh; Velthaelvok; Zhirvok,Lorlivok shal dren.,The earthbake flows by the water.,LX-V2-0154
Lormahr,/lohr-mahhr/,National Expansion 1,Noun,MAHR; LOR,Seamanship; ocean navigation,,Lor + Mahr,Pelagae,The practiced skill of guiding vessels across the ocean.,,,Mahr; Mahrowek; Mahrkal; Mahrvek; Mahrfennil; Lorin; Lorash; Lorlivok; Liorin; Eshlor,lorin lormahr mahrvek.,Seamanship guides the ship.,LX-NE1-0010
Lorynth,/lohrynth/,,Noun,,Legendary Figure,Mythic / Rumored; Early or rumored mythical creature or being that sits close to legend rather than confirmed common fauna.; Cultural role: Legendary / uncertain status.,,,,,,,,,OHC-0023
Lumor,/loo-mohr/,,Noun,,Light (enlightenment or insight),,,,,,,,Lumor var ser dren.,Carry the talisman to the water.,LX-V2-0027
Lumora,/loo-moh-rah/,,Noun,,Schooling Fish,Aquatic; Glowing schooling fish that form light-clouds underwater at night.; Cultural role: Night-water glow and collective movement.,,,,,,,,,OHC-0017
Lun,/loon/,,Noun,,Lake,,,,,,,Lunor; Lunwek,Rinaen esh lunor.,The sky is blue.,LX-V2-0077; XR-lun
Lunor,/loo-nohr/,,Adjective,LUN,Blue,Inspired by Lun (lake),,,,,,Lun; Lunwek,Rinaen esh lunor.,The sky is blue.,LX-V4-0042
Lunwek,/loonwehk/,,Noun,LUN; WEK,Month,Lun (Lake/Moon) + Wek (Cycle). A full cycle of the moon.,,,,,,Lun; Lunor; Weknor; Tharvin-Wek; Mahrowek; Belwek; Kalwek; Wek,Nor-var Fenrek an unar lunwek.,Summer will arrive in one month.,LX-V4-0083
Maganeth,/mah-gah-nehth/,,Adjective,,"Heavy, Big, Imposing",Mag- (weight) + -eth,,,,,,,Rinaen mor maganeth.,The stone is heavy.,LX-V4-0023
Mahr,/mahhr/,,Noun,,ocean,,,,,,,Mahrowek; Mahrkal; Mahrvek; Lormahr; Mahrfennil,lorin mahrowek mahrvek.,The tide guides the ship.,LX-V2-0076; XR-mahr
Mahrfennil,/mahhr-fehn-neel/,"Food, Agriculture, and Preservation 1",Noun,FENNIL; MAHR,Seaweed; edible or useful marine plantlike growth,,"Mahr ocean + Fennil leaf, herb, or soft greens",,,,,Terafennil; Fennilphel; Fennildren; Fennil; Mahr; Mahrowek; Mahrkal; Mahrvek; Lormahr,bren I mahrfennil.,I harvest seaweed.,LX-FAP1-0017
Mahrkal,/mahhr-kahl/,National Expansion 1,Noun,MAHR; KAL,Deep-water pressure,,Mahr + Kal,Pelagae,The force of ocean water at depth.,,,Mahr; Mahrowek; Mahrvek; Lormahr; Mahrfennil; Kal; Kaleth; Jorkal; Serenkal; Kalvok,rinaen mahrkal kaleth.,The deep-water pressure is strong.,LX-NE1-0007
Mahrowek,/mahhr-oh-wehk/,National Expansion 1,Noun,MAHR; WEK,Tide,,Mahr + Wek,Pelagae,The recurring ocean cycle central to Pelagaean travel and daily timekeeping.,Mahrwek,/mahhr-wehk/,Mahr; Mahrkal; Mahrvek; Lormahr; Mahrfennil; Weknor; Lunwek; Tharvin-Wek; Belwek; Kalwek,lorin mahrowek mahrvek.,The tide guides the ship.,LX-NE1-0006
Mahrvek,/mahhr-vehk/,National Expansion 1,Noun,MAHR; VEK,Boat; ship; sea vessel,,Mahr + Vek,Pelagae,A vessel used to carry people or goods across the sea.,,,Mahr; Mahrowek; Mahrkal; Lormahr; Mahrfennil; Zhelvek; Karvek; Vekaen; Krezvek; Kavvek,var mahrvek an mahr.,The ship travels on the ocean.,LX-NE1-0009
Marin,/mah-reen/,,Noun,,Branch; extension; outward-growing limb,"Builds words for branches, outward-growing extensions, and lineage or form that spreads from a trunk.",,,,,,Velmarin; Velmarineth,Velmarineth lian nor Felka.,The elder's blessing speaks to the child.,XR-marin
Mav,/mahv/,Domestic and Sensory Life 1,Noun,,Sickness or illness as a disturbance of bodily health,,Primitive Mav used as an independently lexicalized noun,,,,,Maveth; Normav,rinaen mav an felka.,There is illness in the child.,LX-DSL1-0045
Maveth,/mah-vehth/,Domestic and Sensory Life 1,,MAV,Sick or ill; affected by a disturbance of bodily health rather than a single injury,,Mav + -eth,,,,,Mav; Normav,rinaen felka maveth.,The child is sick.,LX-DSL1-0038
Mb,/mb/,,Noun,,Support; pillar; foundational weight,"Builds words for support, pillars, foundational burden, and figures who hold others up.",,,,,,,,,XR-mb
Mb-,/mb-/,,Noun,,"Layered, supportive",,,,,,,,,,DM-RM-V2-0022
Mbalan,/mbah-lahn/,,Noun,,"Pillar of the community, a relied-upon figure",,,,,,,,Mbalan ser dren an Varthas.,The community leader stands by the water in the city.,LX-V2-0123
Mek,/mehk/,,Verb,,Forging; construction; artificial making,"Builds words for constructed, synthetic, or force-made objects rather than naturally grown ones.",,,,,,Zhelvek; Velmek; Mekral; Mormek; Mekrask; Selmek,Velmek nor dren an Evan.,The synthetic protein is traded at the market.,XR-mek
Mekral,/mehk-rahl/,National Expansion 1,Noun,RAL; MEK,Keeper or repairer of constructed mechanisms,,Mek + Ral,Mechuma,A Mechuman mechanic or systems technician.,,,Dral; Jindral; Nkural; Xarvethral; Belvethral; Vethral; Pral; Droral; Zhaelral; Kavral,pralaen mekral mek.,The technician constructs the mechanism.,LX-NE1-0015
Mekrask,/mehk-rahsk/,Domestic and Sensory Life 1,Noun,RASK; MEK,"Prepared hide made durable for clothing, straps, containers, or coverings; leather",,Mek + Rask,,,,,Rask; Zhelvek; Velmek; Mekral; Mormek; Selmek; Mek,rinaen zhirvok mekrask.,The belt is leather.,LX-DSL1-0009
Mel-,/mehl-/,,Prefix,,Thousands prefix,,,,,,,,,,DM-RM-V3-0016
Melen,/meh-lehn/,,Quantifier,,Many / Much / Numerous,Usage: Placed before the noun.,,,,,,,Var melen Lalin.,Go many They. / Many of them go.,LX-V2-0215
Min,/meen/,,Verb,,To go/walk/head over - casual,"Use in casual conversation, between friends/family, marketplaces. Avoid Li- / -en unless context requires politeness.",,,,,,,"Ra min Ya, Ser?","Where are you headed, Friend?",LX-V3-0013
Mmm,/mmm/,,Interjection,,Considering or listening thoughtfully.,,,,,,,,,,LX-V3-0021
Mor,/mohr/,,Noun,,Matter; soil; earthy substance; physical grounding,"Builds words for earthiness, grounding, matter, physical substance, grain, and material support.",,,,,,Kinnmor; Brenmor; Pralmor; Welmor; Morlak; Belmor; Tharmor; Morthas; Morvenak; Krezmorath,Morthas vanesh an dren.,The roasted nuts trade by the water.,XR-mor
Moraen,/moh-rah-ehn/,,Verb,MOR; Aen,"To Stand, To be grounded",Mor (earth) + -aen,,,,,,Kinnmor; Brenmor; Pralmor; Welmor; Morlak; Belmor; Tharmor; Morthas; Morvenak; Krezmorath,Moraen I an Terra.,I stand on the Earth.,LX-V4-0055
Moreth,/moh-rehth/,,Adjective,MOR,"Hard, Firm, Earth-like",Mor- (earth) + -eth,,,,,,Kinnmor; Brenmor; Pralmor; Welmor; Morlak; Belmor; Tharmor; Morthas; Morvenak; Krezmorath,Rinaen pralor moreth.,The table is hard.,LX-V4-0033
Morkal,/mohrkahl/,,Noun,MOR; KAL,Stone-weight,"Mor (Stone/Earth) + Kal (Strength/Weight). A large, standard unit of weight for heavy goods.",,,,,,Kinnmor; Brenmor; Pralmor; Welmor; Morlak; Belmor; Tharmor; Morthas; Morvenak; Krezmorath,Rinaen morthera maganeth an Hek-unar morkal.,The beast of burden is heavy by 100 stone-weights.,LX-V4-0086
Morl,/mohrl/,,Noun,,Mountain,,,,,,,Morldren; Morlathor; Morlatharim; Morlverd; Morl-,pralaen an morl,written in stone,LX-V1-0022; LX-V2-0005; LX-V2-0066; XR-morl
Morl,/mohrl/,,Preposition,,"Under, beneath",Var I morl dren.,,,,,,Morldren; Morlathor; Morlatharim; Morlverd; Morl-,pralaen an morl,written in stone,LX-V1-0022; LX-V2-0005; LX-V2-0066; XR-morl
Morl-,/mohrl-/,,Noun,,"Stone, rock, mountain; endurance, history, stubbornness, strength, foundation, stability, defense.",Conceptual layer preserved; links to euphony Morlathar and existing Morl lexicon rows.,,,,,,Morl; Morldren; Morlathor; Morlatharim; Morlverd,Morl + Thar -> Morlathar,Stoicism,DM-RM-S3-0005
Morl-karash,/mohrl-kah-rahsh/,,Noun,ASH,"""Stone-brained""; criticizes rigidity and stubbornness, reflective of their mountain nature.",Valkeldorians labeled as hard-headed and unchangeable like stone.,,,,,,Varash; Lorash; Rinvarash; Rathorkinash,,,LX-V3-0132
Morlak,/mohrlahk/,,Noun,LAK; MOR,Bread/Grain,unchanged; Mor + lak = earthy substance,,,,,,Broslak; Fellak; Lak; Kinnmor; Brenmor; Pralmor; Welmor; Belmor; Tharmor; Morthas,Morlak nor dren.,The bread rests by the water.,LX-V2-0147
Morlatharim,/mohrlahthah-reem/,,Noun,MORL; THAR,Stone Heart Ceremony,Derived From: Morl (mountain) + thar (heart) + im (essence). Meaning: A ritual to honor resilience and fortify family bonds.,,,,,,Morl; Morldren; Morlathor; Morlverd; Morl-; Thar; Tharmor; Tharvin; Veth'tharaen; Kreztharim,Morlatharim shalil nor dren.,The stone heart flows by the water.,LX-V3-0115
Morlathor,/mohrlahthohr/,,Noun,MORL,Stone-Root Bread,Morl = mountain + athor = endurance,,,,,,Morl; Morldren; Morlatharim; Morlverd; Morl-,Morlathor kal dren.,The bread strengthens by the water.,LX-V2-0195
Morldren,/morl-dren/,,Noun,MORL; DREN,Waterfall (mountain + water),,,,,,,Morl; Morlathor; Morlatharim; Morlverd; Morl-; Dren; Peldren; Terradren; Drenshal; Drenlivar,I dren shaleth thaal morldren.,My water is the brightest of the mountain waters.,LX-V2-0074; LX-V2-0144
Morldren,/morl-dren/,,Noun,MORL; DREN,waterfall/mountain stream,Morl + Dren,,,,,,Morl; Morlathor; Morlatharim; Morlverd; Morl-; Dren; Peldren; Terradren; Drenshal; Drenlivar,I dren shaleth thaal morldren.,My water is the brightest of the mountain waters.,LX-V2-0074; LX-V2-0144
Morlka,/mohrlkah/,,Noun,,Foot,,,,,,,,,,LX-V2-0056
Morlverd,/mohrl-vehrd/,"Food, Agriculture, and Preservation 1",Noun,MORL; VERD,"Lichen; slow surface growth characteristically attached to stone, bark, or similarly hard material",,Morl stone or endurance + Verd botanical growth,,,Morlaverd,/mohr-lah-vehrd/,Morl; Morldren; Morlathor; Morlatharim; Morl-; Verdor; Verdeth; Verdvin; Belverd; Arthverd,rinaen morlverd esh mormek.,The lichen is on the worked stone.,LX-FAP1-0025
Mormek,/mohr-mehk/,National Expansion 1,Noun,MOR; MEK,Worked stone; masonry stone,,Mor + Mek,Valkeldor,Prepared mineral material used in construction.,,,Kinnmor; Brenmor; Pralmor; Welmor; Morlak; Belmor; Tharmor; Morthas; Morvenak; Krezmorath,pralaen I mormek.,I shape the masonry stone.,LX-NE1-0027
Morolan,/mohr-oh-lahn/,"Food, Agriculture, and Preservation 2",Noun,OLAN; MOR,Fat; an energy-rich bodily or food substance that is normally solid or semi-solid rather than freely flowing like oil,,Mor physical matter + Olan oily substance,,,,,Olan; Emilolan; Olankrezaen; Kinnmor; Brenmor; Pralmor; Welmor; Morlak; Belmor; Tharmor,rinaen morolan an torin.,The fat is on the meat.,LX-FAP2-0006
Morthas,/mohrthahs/,,Noun,MOR,Sand-Roasted Nuts,Mor = earth + thas = heat-roasted,,,,,,Kinnmor; Brenmor; Pralmor; Welmor; Morlak; Belmor; Tharmor; Morvenak; Krezmorath; Moreth,Morthas vanesh an dren.,The roasted nuts trade by the water.,LX-V2-0180
Morthera,/mohrtheh-rah/,,Noun,MOR,Beast of Burden,Mor (earth) + Thera (longing/pulling),,,,,,Kinnmor; Brenmor; Pralmor; Welmor; Morlak; Belmor; Tharmor; Morthas; Morvenak; Krezmorath,Rinaen morthera maganeth.,The beast of burden is heavy.,LX-V4-0057
Morvenak,/mohrveh-nahk/,,Noun,VENAK; MOR,Hearty Grain Porridge,Mor = earth + venak = warm strength,,,,,,Worvenak; Venak; Kinnmor; Brenmor; Pralmor; Welmor; Morlak; Belmor; Tharmor; Morthas,Morvenak kal dren.,The porridge strengthens with water.,LX-V2-0187
Mossquill,/mohssqoo-eell/,,Noun,,Pollinator,Mountain; Bee-like mountain pollinator that spreads spores between alpine plants with a soft humming swarm.; Cultural role: Highland pollination and ecological support.,,,,,,,,,OHC-0008
Mura,/moo-rah/,"Food, Agriculture, and Preservation 2",Noun,,Smoke; airborne gases and fine particles produced by combustion,,New two-syllable primitive for smoke,,,,,Muraen,rinaen mura esh krez.,Smoke is above the fire.,LX-FAP2-0021; XR-mura
Muraen,/moo-rah-ehn/,"Food, Agriculture, and Preservation 2",Verb,MURA; Aen,"To smoke or smoke-treat something; especially to expose food deliberately to smoke for flavor, drying, or preservation",,Mura smoke + -aen,,,,,Mura; Amthaen; Aen; Aenor; Aenvor; Ohmbaen; Lianaen; Thalaneshen; Velthaen; Wek'aen,muraen I nesh.,I smoke the fish.,LX-FAP2-0022
Nekvar,/nehkvahr/,,Interjection,,"""Good morning""",,,,,,,,,,LX-V2-0013
Nelar,/neh-lahr/,"Food, Agriculture, and Preservation 1",Noun,,Nectar; naturally produced sweet plant liquid gathered as food,,New two-syllable primitive: plant-produced sweet liquid,,,,,Zornelar,rinaen nelar an zhael.,The nectar is in the flower.,LX-FAP1-0026; XR-nelar
Nesh,/nehsh/,"Food, Agriculture, and Preservation 1",Noun,,"An aquatic creature; in ordinary unmarked use, especially a fish",,New primitive: animal life characteristically living in water,,,,,Neshbrenaen; Neshbrenral; Xarnesh,rinaen nesh an lun.,The aquatic creature is in the lake.,LX-FAP1-0013; XR-nesh
Neshbrenaen,/nehsh-brehn-ah-ehn/,"Food, Agriculture, and Preservation 1",Verb,NESH; Aen; BREN,To fish or harvest aquatic creatures from water,,Nesh aquatic creature + Bren harvest + -aen,,,Neshabrenaen,/neh-shah-brehn-ah-ehn/,Nesh; Neshbrenral; Xarnesh; Amthaen; Aen; Aenor; Aenvor; Ohmbaen; Lianaen; Thalaneshen,neshbrenaen I an lun.,I fish at the lake.,LX-FAP1-0014
Neshbrenral,/nehsh-brehn-rahl/,"Food, Agriculture, and Preservation 1",Noun,NESH; RAL; BREN,A fisher or aquatic harvester; a person whose regular work is catching aquatic creatures,,Nesh aquatic creature + Bren harvest + Ral practitioner,,,,,Nesh; Neshbrenaen; Xarnesh; Dral; Jindral; Nkural; Xarvethral; Belvethral; Vethral; Pral,var neshbrenral an mahr.,The fisher goes to the ocean.,LX-FAP1-0015
Neth,/nehth/,,Noun,,Rest; physical stillness; support,"Builds words for rest, seated stillness, support surfaces, and physically settled states.",,,,,,Nethor; Nethlor; Nethaen; Nethnor,Nethaen Azron an nethor.,The woman sits on the chair.,XR-neth
Nethaen,/nehthah-ehn/,,Verb,NETH; Aen,"To Sit, To be at rest",Neth (rest) + -aen,,,,,,Nethor; Nethlor; Nethnor; Neth; Amthaen; Aen; Aenor; Aenvor; Ohmbaen; Lianaen,Nethaen Azron an nethor.,The woman sits on the chair.,LX-V4-0054
Nethlor,/nehthlohr/,,Noun,NETH,"Bed, Pallet, Resting-place",Neth (rest) + -lor (place),,,,,,Nethor; Nethaen; Nethnor; Neth,Vethoraen Felka an nethlor.,The child sleeps on the bed.,LX-V4-0018
Nethnor,/neth-nohr/,Conversational Narrative Engine 1,Particle,NETH; NOR,Still; continuing to be true at the reference time,,Neth + Nor,,,Nethanor,/neth-ah-nohr/,Nethor; Nethlor; Nethaen; Neth; Nor; Weknor; Athnor; Shalnor; Vethnor; Sernor,korinaen I zhirin nethnor.,I am still holding the rope.,LX-CNE1-0020
Nethor,/nehthohr/,,Noun,NETH,"Chair, Seat",Neth- (rest/support) + -or (place),,,,,,Nethlor; Nethaen; Nethnor; Neth,Nethaen Azron an nethor.,The woman sits on the chair.,LX-V4-0010
Nevar,/neh-vahr/,,Noun,,Nine,,,,,,,,,,LX-V3-0142; XR-nevar
Nk,/nk/,,Noun,,Endurance; hidden strength,"Builds words for endurance through sorrow, held feeling, and quiet sustaining strength.",,,,,,,,,XR-nk
Nk-,/nk-/,,Noun,,"Endurance, hidden strength",,,,,,,,,,DM-RM-V2-0020
Nkathalaen,/nkahthah-lah-ehn/,,Verb,Aen,To Grieve / Be Sad.,"Derivation: From Nkathal (Sadness) + -aen. Usage: Standard verb, follows VSO.",,,,,,Amthaen; Aen; Aenor; Aenvor; Ohmbaen; Lianaen; Thalaneshen; Velthaen; Wek'aen; Rathorimaen,Nkathalaen Velar rathor.,The elder grieves for the past.,LX-V3-0096
Nku,/nkoo/,,Adjective,,Hidden nurturing; held calm,"Builds words for comfort, forgiveness, promises, and nurturing support given to others.",,,,,,Nkuvath; Nkural; Nku-,,,XR-nku
Nku-,/nkoo-/,,Adjective,,"Hidden, nurturing",,,,,,,Nkuvath; Nkural; Nku,,,DM-RM-V2-0027
Nkural,/nkoo-rahl/,,Noun,NKU; RAL,Mentor or guide who nurtures growth,,,,,,,Nkuvath; Nku; Nku-; Dral; Jindral; Xarvethral; Belvethral; Vethral; Pral; Droral,Nkural nor dren ser Ilan.,The mentor rests by the water with the student.,LX-V2-0124
Nkuvath,/nkoo-vahth/,,Noun,NKU; ATH,Promise or bond of trust,,,,,,,Nkural; Nku; Nku-; Rath; Drenkorath; Krezmorath; Kalorinath; Kalrath; Sivathaen; Athnor,Nkuvath shal dren ser serathrin.,The bond flows to the confidant.,LX-V2-0122
Nol,/nohl/,Domestic and Sensory Life 1,Noun,,The sense or perception of smell; the capacity to perceive scent,,Primitive Nol used as an independently lexicalized noun,,,,,Nolaen,rinaen nol-ian kaleth.,My sense of smell is strong.,LX-DSL1-0043
Nolaen,/noh-lah-ehn/,Domestic and Sensory Life 1,Verb,NOL; Aen,To smell; to perceive or examine a scent through the nose,,Nol + -aen,,,,,Nol; Amthaen; Aen; Aenor; Aenvor; Ohmbaen; Lianaen; Thalaneshen; Velthaen; Wek'aen,nolaen I worvenak.,I smell the stew.,LX-DSL1-0033
Nor,/nor/,,Noun,,Time / Flow of Time,,,,,,,Weknor; Athnor; Nethnor; Shalnor; Vethnor; Sernor; Varnor; Norzhir; Thalnor; Norreth,ka nor,without time,LX-V1-0020; LX-V2-0020; LX-V4-0100; XR-nor
Nor,/nor/,,Preposition,,At / In (time),,,,,,,Weknor; Athnor; Nethnor; Shalnor; Vethnor; Sernor; Varnor; Norzhir; Thalnor; Norreth,ka nor,without time,LX-V1-0020; LX-V2-0020; LX-V4-0100; XR-nor
Nor-,/nohr-/,,Prefix,,Future Tense,Preserved as standalone root/morpheme because source clearly defines it.,,,,,,Nor; Weknor; Athnor; Nethnor; Shalnor; Vethnor; Sernor; Varnor; Norzhir; Thalnor,Pralaen an Azron an belkor.,The woman makes the tunic.,DM-RM-V1-0005; DM-RM-V2-0036; DM-RM-S3-0011
nor-ka,/nohr-kah/,,Particle,NOR,passive voice echo particle,,,,,,,Nor; Weknor; Athnor; Nethnor; Shalnor; Vethnor; Sernor; Varnor; Norzhir; Thalnor,Pralaen an Azron an belkor.,The woman makes the tunic.,DM-RM-V4-0003
Normav,/nor-mahv/,Post-Fracture Mechanics 1,Noun,NOR; MAV,Timeline sickness; illness caused by damaged or conflicting temporal continuity,,Nor + Mav,,,,,Nor; Weknor; Athnor; Nethnor; Shalnor; Vethnor; Sernor; Varnor; Norzhir; Thalnor,kes zhaelral normav.,The healer identifies timeline sickness.,LX-PFM1-0004
Normaveth,/nor-mah-vehth/,Post-Fracture Mechanics 1,,,Afflicted by timeline sickness or showing its characteristic temporal symptoms,,Normav + -eth,,,,,,rinaen ser normaveth.,The friend is afflicted by timeline sickness.,LX-PFM1-0005
Norreth,/nor-rehth/,Post-Fracture Mechanics 1,Noun,NOR,Temporal instability in which the order or continuity of events is unreliable,,Nor + Reth,,,,,Nor; Weknor; Athnor; Nethnor; Shalnor; Vethnor; Sernor; Varnor; Norzhir; Thalnor,kes I norreth.,I notice temporal instability.,LX-PFM1-0003
Norshan,/nor-shahn/,Post-Fracture Mechanics 1,Noun,SHAN; NOR,Temporal displacement; movement of a person object or place away from its proper time or timeline,,Nor + Shan,,,,,Terrashaneth; Velpralim; Dralshaneth; Shan; Shanvelrathor; Shanvelzhiraen; Nor; Weknor; Athnor; Nethnor,kes liorin norshan.,The elder identifies temporal displacement.,LX-PFM1-0012
Norshanaen,/nor-shah-nah-ehn/,Post-Fracture Mechanics 1,Verb,Aen,To become temporally displaced or be shifted into another time position or timeline,,Norshan + -aen,,,,,Amthaen; Aen; Aenor; Aenvor; Ohmbaen; Lianaen; Thalaneshen; Velthaen; Wek'aen; Rathorimaen,norshanaen karvek.,The toolkit becomes temporally displaced.,LX-PFM1-0013
Norvaar,/nohrvah-ahr/,,Noun,,Gateway (time-related portal),,,,,,,,,,LX-V2-0087
Norzhir,/nor-zheer/,Post-Fracture Mechanics 1,Noun,ZHIR; NOR,A timeline; one continuous thread of causally connected events,,Nor + Zhir,,,,,Zhiren; Zhivorin; Zharin; Zhirkalor; Zhirelorim; Zhirin; Zhirvok; Belzhir; Velzhiraen; Kavelzhiraen,kel liorin norzhir.,The elder names the timeline.,LX-PFM1-0001
Num,/noom/,Domestic and Sensory Life 1,Noun,,A swallow; one act of moving something from the mouth through the throat,,Primitive Num used as an independently lexicalized noun,,,,,Numaen,rinaen num veleth.,The swallow is slow.,LX-DSL1-0042
Numaen,/noo-mah-ehn/,Domestic and Sensory Life 1,Verb,NUM; Aen,"To swallow; to move food, liquid, medicine, or saliva from the mouth through the throat",,Num + -aen,,,,,Num; Amthaen; Aen; Aenor; Aenvor; Ohmbaen; Lianaen; Thalaneshen; Velthaen; Wek'aen,numaen I fennilphel.,I swallow the herbal remedy.,LX-DSL1-0032
Ohm,/ohm/,,Noun,,Connection; empathy; spiritual unity,"Builds words for attunement, empathy, love, resonance, and spiritual connection.",,,,,,Ohmbaen; Ohmaen; Ohm-,talaen an ohm,to find connection,XR-ohm
Ohm-,/ohhm-/,,Noun,,"Connection, unity","Conceptual range: Connection, meeting point, circuit; spiritual connection distinct from Bel.",,,,,,Ohmbaen; Ohmaen; Ohm,talaen an ohm,to find connection,DM-RM-V2-0024; DM-RM-S3-0016
Ohm'aen,/ohhm'ah-ehn/,,Verb,Aen,To Connect With / Attune To (revisited).,,,,,,,Amthaen; Aen; Aenor; Aenvor; Ohmbaen; Lianaen; Thalaneshen; Velthaen; Wek'aen; Rathorimaen,,,LX-V3-0072
Ohm'rin,/ohhm'reen/,,Noun,,Attunement / Essence-Connection.,,,,,,,,,,LX-V3-0070
Ohmaen,/ohhmah-ehn/,,Verb,Aen; OHM,To Love / Cherish / Feel Connection / Attune To (can have spiritual nuance).,"Derivation: From Ohm- (Connection/Unity) + -aen. Usage: Standard verb, follows VSO.",,,,,,Amthaen; Aen; Aenor; Aenvor; Ohmbaen; Lianaen; Thalaneshen; Velthaen; Wek'aen; Rathorimaen,Ohmaen Ya Kalvok-en.,You love your bonded partner.,LX-V3-0092
Ohmbaen,/ohhmbah-ehn/,,Noun,OHM; Aen,Beloved or soulmate,,,,,,,Ohmaen; Ohm; Ohm-; Amthaen; Aen; Aenor; Aenvor; Lianaen; Thalaneshen; Velthaen,Ohmbaen nor dren.,The beloved rests near the water.,LX-V2-0119
Olan,/oh-lahn/,"Food, Agriculture, and Preservation 2",Noun,,"Oil; a viscous water-resistant liquid or softened fatty substance derived from plants, animals, minerals, or manufacture",,New two-syllable primitive for oil as a material class,,,,,Emilolan; Morolan; Olankrezaen,rinaen olan ser dren an xarvek.,The oil is stored apart from the water in the cupboard.,LX-FAP2-0004; XR-olan
Olankrezaen,/oh-lahn-krehz-ah-ehn/,"Food, Agriculture, and Preservation 2",Verb,OLAN; Aen; KREZ,To fry; to cook food through direct contact with heated oil or fat,,Olan oil + Krez heat + -aen; food is supplied by the lexical meaning and context,,,Olanakrezaen,/oh-lah-nah-krehz-ah-ehn/,Olan; Emilolan; Morolan; Amthaen; Aen; Aenor; Aenvor; Ohmbaen; Lianaen; Thalaneshen,olankrezaen I teravin.,I fry the root vegetables.,LX-FAP2-0014
Oven,/oh-vehn/,,Noun,,Eight,,,,,,,,Hek-oven Ten-quen del,842 (800 + 40 + 2),LX-V3-0141; XR-oven
Pel,/pehl/,,Noun,,"Sharpness or clarity (symbolizing clean cuts, flavors, or piercing qualities).",,,,,,,Pelvar; Peldren; Peleth; Pelaivaen; Pelvokaen; Pelvaraen; Pelkrezaen; Pelaen,Pelvar nor dren.,The sharp grain rests by the water.,DM-RM-V2-0009
Pelaen,/pehl-ah-ehn/,"Food, Agriculture, and Preservation 2",Verb,Aen; Pel,"To cut or slice with a sharp edge, without specifying the particular tool or shape of the resulting pieces",,Pel sharpness or cutting edge + -aen,,,,,Amthaen; Aen; Aenor; Aenvor; Ohmbaen; Lianaen; Thalaneshen; Velthaen; Wek'aen; Rathorimaen,pelaen I vilor.,I slice the fruit.,LX-FAP2-0017
Pelaivaen,/pehl-ah-ee-vah-ehn/,Domestic and Sensory Life 1,Verb,AIV; Aen; Pel,"To sting; to produce or experience sudden, sharp, localized pain",,Pel + Aiv + -aen,,,,,Aiv; Aivaen; Rekaivaen; Aivkor; Amthaen; Aen; Aenor; Aenvor; Ohmbaen; Lianaen,pelaivaen korin-ian.,My hand stings.,LX-DSL1-0017
Peldren,/pehldrehn/,,Noun,Pel; DREN,Piercing water,Pel + dren = water,,,,,,Pelvar; Peleth; Pelaivaen; Pelvokaen; Pelvaraen; Pelkrezaen; Pelaen; Pel; Dren; Morldren,Peldren var shal.,The piercing water flows under the light.,LX-V2-0103
Peleth,/peh-lehth/,,Noun,Pel,"Knife, Blade",Pel- (sharpness) + -eth (quality of),,,,,,Pelvar; Peldren; Pelaivaen; Pelvokaen; Pelvaraen; Pelkrezaen; Pelaen; Pel,Rinaen peleth selineth.,The knife is clean.,LX-V4-0015
Pelkrezaen,/pehl-krehz-ah-ehn/,"Food, Agriculture, and Preservation 2",Verb,Aen; KREZ; Pel,"To grill or sear; to cook food against direct concentrated heat so its surface browns, chars, or forms a crust",,Pel sharp concentration + Krez heat + -aen; food is supplied by the lexical meaning and context,,,Pelakrezaen,/peh-lah-krehz-ah-ehn/,Amthaen; Aen; Aenor; Aenvor; Ohmbaen; Lianaen; Thalaneshen; Velthaen; Wek'aen; Rathorimaen,pelkrezaen I torin.,I sear the meat.,LX-FAP2-0013
Pelvar,/pehlvahr/,,Noun,Pel; Var-,Sharp grain,Pel + var = grounded,,,,,,Peldren; Peleth; Pelaivaen; Pelvokaen; Pelvaraen; Pelkrezaen; Pelaen; Pel; Var; Xilvar,Pelvar nor dren.,The sharp grain rests by the water.,LX-V2-0102; LX-V2-0151
Pelvaraen,/pehl-vah-rah-ehn/,Domestic and Sensory Life 1,Verb,Aen; Pel; Var-,To scrape; to drag a hard or sharp edge across a surface to abrade it or remove material,,Pel + Var + -aen,,,,,Amthaen; Aen; Aenor; Aenvor; Ohmbaen; Lianaen; Thalaneshen; Velthaen; Wek'aen; Rathorimaen,pelvaraen I krezpral.,I scrape the pan.,LX-DSL1-0026
Pelvokaen,/pehl-voh-kah-ehn/,Domestic and Sensory Life 1,Verb,Aen; VOK; Pel,To snap; to break suddenly with a sharp crack,,Pel + Vok + -aen,,,,,Amthaen; Aen; Aenor; Aenvor; Ohmbaen; Lianaen; Thalaneshen; Velthaen; Wek'aen; Rathorimaen,pelvokaen zhirin.,The rope snaps.,LX-DSL1-0024
Peth,/pehth/,,Noun,,Five,,,,,,,,Ten-del peth,25 (20 + 5),LX-V3-0138; XR-peth
Phel,/phehl/,,Noun,,Warmth or comfort (symbolizing physical or emotional ease).,Conceptual range: Warmth; comfort; soothing ease,,,,,,Phelvin; Phelkarin; Phelrin; Phelmorin; Fennilphel; Xarphelor,Phelvin nor dren.,The comforting drink rests by the water.,XR-phel; DM-RM-V2-0007
Phelkarin,/phehlkah-reen/,,Noun,PHEL,Comforting Porridge,Phel + karin = soothing grain essence,,,,,,Phelvin; Phelrin; Phelmorin; Fennilphel; Xarphelor; Phel,Phelkarin kal dren.,The porridge strengthens with water.,LX-V2-0155
Phelmorin,/phehlmoh-reen/,,Noun,PHEL,Warm Desert Tea,Phel = warmth + morin = earth essence,,,,,,Phelvin; Phelkarin; Phelrin; Fennilphel; Xarphelor; Phel,Phelmorin kal dren.,The tea strengthens with water.,LX-V2-0182
Phelrin,/phehlreen/,,Verb,PHEL; RIN,Comfort Food,Phel = warmth + rin = essence,,,,,,Phelvin; Phelkarin; Phelmorin; Fennilphel; Xarphelor; Phel; Belrin; Brosrin; Balrin; Talrin,Phelrin ser dren.,The comforting food is shared with water.,LX-V2-0169
Phelvin,/phehlveen/,,Noun,PHEL; VIN,Comforting drink,Phel + vin = pulled/essence,,,,,,Phelkarin; Phelrin; Phelmorin; Fennilphel; Xarphelor; Phel; Teravin; Jekvin; Welvinor; Tharvin,Phelvin nor dren.,The comforting drink rests by the water.,LX-V2-0100; LX-V2-0162
Phelvin,/phehlveen/,,Verb,PHEL; VIN,Comfort Drink,Phel + vin = soothing essence,,,,,,Phelkarin; Phelrin; Phelmorin; Fennilphel; Xarphelor; Phel; Teravin; Jekvin; Welvinor; Tharvin,Phelvin nor dren.,The comforting drink rests by the water.,LX-V2-0100; LX-V2-0162
Prak,/prahk/,,Noun,,"Softness or tenderness (e.g., soft food or texture).",Conceptual range: Softness; tenderness; gentle texture,,,,,,Prakorin; Praketh,Prakorin shalil an dren.,The tender bread flows lightly by the water.,XR-prak; DM-RM-V2-0008
Praketh,/prah-kehth/,,Adjective,PRAK,"Soft, Tender",Prak- (softness) + -eth,,,,,,Prakorin; Prak,Rinaen belrin praketh.,The fabric is soft.,LX-V4-0032
Prakorin,/prah-koh-reen/,,Noun,PRAK,Tender bread,Prak + orin = essence,,,,,,Praketh; Prak,Prakorin shalil an dren.,The tender bread flows lightly by the water.,LX-V2-0101
Pral,/prahl/,,Noun,,Table,,,,,,,Pralmor; Pralvinor; Pralin; Velpralor; Pralvokesh; Velpralim; Pralor; Pralaen; Rethpral; Krezpral,Pralmor kal dren.,The carving strengthens with water.,LX-V4-0119; XR-pral; DM-RM-V2-0010
Pral,/prahl/,,Verb,,Make,,,,,,,Pralmor; Pralvinor; Pralin; Velpralor; Pralvokesh; Velpralim; Pralor; Pralaen; Rethpral; Krezpral,Pralmor kal dren.,The carving strengthens with water.,LX-V4-0119; XR-pral; DM-RM-V2-0010
Pral,/prahl/,,Noun,,Intricacy / Detail,,,,,,,Pralmor; Pralvinor; Pralin; Velpralor; Pralvokesh; Velpralim; Pralor; Pralaen; Rethpral; Krezpral,Pralmor kal dren.,The carving strengthens with water.,LX-V4-0119; XR-pral; DM-RM-V2-0010
Pralaen,/prah-lah-ehn/,,Verb,,"To Make, To create with care",Pral (detail/work) + -aen,,,,,,Pralaen-,Pralaen I krezor.,I am making a hearth.,LX-V4-0049
Pralaen-,/prah-lah-ehn-/,,Verb,,"To make, craft, shape with care; skill, purpose, imposing order.",Conceptual layer preserved.,,,,,,Pralaen,Pralaen I krezor.,I am making a hearth.,DM-RM-S3-0020
Pralbal,/prahl-bahl/,"Food, Agriculture, and Preservation 1",Noun,PRAL; BAL,A crop; living growth deliberately cultivated for later harvest,,Pral deliberate skilled making + Bal growth,,,Pralabal,/prah-lah-bahl/,Pralmor; Pralvinor; Pralin; Velpralor; Pralvokesh; Velpralim; Pralor; Pralaen; Pral; Rethpral,rinaen pralbal an sov.,The crop is in the field.,LX-FAP1-0003
Pralfel,/prahl-fehl/,"Food, Agriculture, and Preservation 2",Noun,FEL; PRAL,"An ingredient; one selected component combined with others in preparing food, drink, medicine, or another mixture",,Pral deliberate making + Fel constituent portion,,,,,Kadfel; Azfel; Theefel; Felorin; Lianfel; Krezfel; Felin; Fel; Felka; Felvin,kes I pralfel ka.,I notice that an ingredient is missing.,LX-FAP2-0007
Pralin,/prah-leen/,,Noun,PRAL,Cousin,Pral (intricacy/detail) + -in (connected group).,,,,,,Pralmor; Pralvinor; Velpralor; Pralvokesh; Velpralim; Pralor; Pralaen; Pral; Rethpral; Krezpral,Pralin ser dren thal morl.,The cousin is by the water under the mountain.,LX-V3-0043
Pralmor,/prahlmohr/,,Noun,PRAL; MOR,Detailed carving,Pral + mor = earth,,,,,,Pralvinor; Pralin; Velpralor; Pralvokesh; Velpralim; Pralor; Pralaen; Pral; Rethpral; Krezpral,Pralmor kal dren.,The carving strengthens with water.,LX-V2-0104
Pralor,/prah-lohr/,,Noun,PRAL,"Table, Flat Surface",Pral- (detail/work) + -or (place),,,,,,Pralmor; Pralvinor; Pralin; Velpralor; Pralvokesh; Velpralim; Pralaen; Pral; Rethpral; Krezpral,Rinaen emil esh pralor.,The food is on the table.,LX-V4-0014
Pralvinor,/prahlvee-nohr/,,Noun,PRAL,Delicate Mead,Pral = intricacy + vinor = sweet liquid,,,,,,Pralmor; Pralin; Velpralor; Pralvokesh; Velpralim; Pralor; Pralaen; Pral; Rethpral; Krezpral,Pralvinor shal dren.,The mead flows lightly by the water.,LX-V2-0198
Pralvokesh,/prahlvoh-kehsh/,,Noun,PRAL; ESH; VOK,Trusted Ally or Friend,Pral (intricacy) + vok (unity) + esh (connection).,,,,,,Pralmor; Pralvinor; Pralin; Velpralor; Velpralim; Pralor; Pralaen; Pral; Rethpral; Krezpral,Pralvokesh ser dren an Belvok.,The trusted ally is with the family by the water.,LX-V3-0060
Quen,/qoo-ehn/,,Noun,,Four,,,,,,,,Ten-quen,40 (Four tens),LX-V3-0137; XR-quen
Ra,/rah/,,Particle,,Questions start with Ra,Preserved as standalone root/morpheme because source clearly defines it.,,,,,,,Ra var ser?,"""Where does the friend go?""",DM-RM-V1-0010
Rakel,/rah-kehl/,Conversational Narrative Engine 1,Interjection,KEL,Pardon? What did you say?,,Ra + Kel,,,,,Kel; Vaar'kelaen; Kelrin; Kelka; Keldoraen; Kel-,Rakel?,Pardon?,LX-CNE1-0032
Rask,/rahsk/,Domestic and Sensory Life 1,Noun,,Animal skin or removed raw hide before preparation as leather,,New primitive root for animal skin or raw hide,,,,,Mekrask,rinaen rask an pralor.,The raw hide is on the table.,LX-DSL1-0008; XR-rask
Rath,/rahth/,,Noun,,Enemy / Foe,,,,,,,Rathor; Rathvethor; Rathka; Rathorim; Rathorimaen; Rathaen; Drenkorath; Krezmorath; Rathorkinash; Kalrath,"Rath var ser, I dren.","“If the friend goes, I will go to the water.”",LX-V2-0040; DM-RM-V1-0012; DM-RM-V3-0009
Rath,/rahth/,,Particle,,Conditional “If”,Preserved as standalone root/morpheme because source clearly defines it.,,,,,,Rathor; Rathvethor; Rathka; Rathorim; Rathorimaen; Rathaen; Drenkorath; Krezmorath; Rathorkinash; Kalrath,"Rath var ser, I dren.","“If the friend goes, I will go to the water.”",LX-V2-0040; DM-RM-V1-0012; DM-RM-V3-0009
Rath,/rahth/,,Particle,,Conditional marker: if,,,,,,,Rathor; Rathvethor; Rathka; Rathorim; Rathorimaen; Rathaen; Drenkorath; Krezmorath; Rathorkinash; Kalrath,"Rath var ser, I dren.","“If the friend goes, I will go to the water.”",LX-V2-0040; DM-RM-V1-0012; DM-RM-V3-0009
Rath-,/rahth-/,,Noun,,"Enemy, foe, adversary; also conditional particle if.",Refines Rath conditional/foe relation; no resolution applied.,,,,,,Rathor; Rath; Rathvethor; Rathka; Rathorim; Rathorimaen; Rathaen; Drenkorath; Krezmorath; Rathorkinash,Rath + Thar -> Rathathar,A Hateful Heart,DM-RM-S3-0024
Rathaen,/rahthah-ehn/,,Verb,Rath; Aen,To Hate / Oppose Strongly / Treat as Foe.,"Derivation: From Rath (Enemy/Foe) + -aen. Usage: Standard verb, follows VSO.",,,,,,Rathor; Rath; Rathvethor; Rathka; Rathorim; Rathorimaen; Drenkorath; Krezmorath; Rathorkinash; Kalrath,Rathaen Lalin fah.,They hate the darkness.,LX-V3-0097
Rathka,/rahthkah/,,Particle,Rath,"As if, Supposing, Like (hypothetical).",Usage: Typically clause-initial.,,,,,,Rathor; Rath; Rathvethor; Rathorim; Rathorimaen; Rathaen; Drenkorath; Krezmorath; Rathorkinash; Kalrath,,,LX-V3-0031
Rathlor,/rahthlohr/,,Noun,Rath,Danger (A place of foes),Rath (foe) + -lor (place),,,,,,Rathor; Rath; Rathvethor; Rathka; Rathorim; Rathorimaen; Rathaen; Drenkorath; Krezmorath; Rathorkinash,Rinaen rathlor an shara.,There is danger on the path.,LX-V4-0072
Rathor,/rahthohr/,,Noun,Rath,Old City / Ancient Place,,,,,,,Rath; Rathvethor; Rathka; Rathorim; Rathorimaen; Rathaen; Drenkorath; Krezmorath; Rathorkinash; Kalrath,Rathor / rathor,The Past / a specific past event or memory,LX-V2-0022; LX-V2-0085
Rathor,/rahthohr/,,Noun,Rath,Past / History,,,,,,,Rath; Rathvethor; Rathka; Rathorim; Rathorimaen; Rathaen; Drenkorath; Krezmorath; Rathorkinash; Kalrath,Rathor / rathor,The Past / a specific past event or memory,LX-V2-0022; LX-V2-0085
Rathorim,/rahthoh-reem/,,Noun,Rath,Remembrance (the act).,,,,,,,Rathor; Rath; Rathvethor; Rathka; Rathorimaen; Rathaen; Drenkorath; Krezmorath; Rathorkinash; Kalrath,,,LX-V3-0065
Rathorimaen,/rahthoh-ree-mah-ehn/,,Verb,Rath; Aen,To Remember / Memorialize.,,,,,,,Rathor; Rath; Rathvethor; Rathka; Rathorim; Rathaen; Drenkorath; Krezmorath; Rathorkinash; Kalrath,,,LX-V3-0068
Rathorjor,/rah-thor-jor/,Post-Fracture Mechanics 1,Noun,Rath; JOR,A sudden involuntary memory intrusion or vivid burst of remembered experience,,Rathor + Jor,,,,,Rathor; Rath; Rathvethor; Rathka; Rathorim; Rathorimaen; Rathaen; Drenkorath; Krezmorath; Rathorkinash,kes I rathorjor.,I notice a sudden memory intrusion.,LX-PFM1-0020
Rathorkinash,/rahthohrkee-nahsh/,,Noun,Rath; ASH,"""Ancient-prattler""; suggests being stuck in outdated traditions and unyielding.",Marakorians mocked for clinging to their ancient ways.,,,,,,Rathor; Rath; Rathvethor; Rathka; Rathorim; Rathorimaen; Rathaen; Drenkorath; Krezmorath; Kalrath,,,LX-V3-0130
Rathvethor,/rahth-veh-thor/,,Noun,Rath,Hidden Enemy / Ambush / Unseen Threat. Used when scouting or warning about potential ambushes or concealed enemies.,Rath (enemy/foe) + Vethor (shadow/mystery),,,,,,Rathor; Rath; Rathka; Rathorim; Rathorimaen; Rathaen; Drenkorath; Krezmorath; Rathorkinash; Kalrath,Ra var rathvethor an Verdor?,Is there a hidden enemy in the forest?,LX-V2-0131
Rav,/rahv/,,Noun,,Pull; yearning; destiny attraction,"Builds words for pull, yearning, attraction, and destination-oriented desire.",,,,,,Emilrav; Drorav; Kalrav; Rav-,Terrarav,the pull of one's homeland,XR-rav
Rav-,/rahv-/,,Noun,,"Pull, yearning","Conceptual range: To pull, draw towards; desire, deep yearning, destiny pull.",,,,,,Emilrav; Drorav; Kalrav; Rav,Terrarav,the pull of one's homeland,DM-RM-V2-0021; DM-RM-S3-0021
Ravokhaen,/rah-vohkhah-ehn/,,Verb,Aen,To Desire / Want Intensely.,"Derivation: From Ravokha (Desire) + -aen. Usage: Standard verb, follows VSO.",,,,,,Amthaen; Aen; Aenor; Aenvor; Ohmbaen; Lianaen; Thalaneshen; Velthaen; Wek'aen; Rathorimaen,Ravokhaen Tavan dren.,The parent desires water.,LX-V3-0093
Rek,/rehk/,,Noun,,Peak intensity; burning or heated state,"Intensifies a hot or active base toward peak force, burning conditions, or seasonal extremity.",,,,,,Fenrek; Krezrek; Rekaivaen,Fenrek kal nor dren.,Summer strengthens by the water.,XR-rek
Rekaivaen,/reh-kah-ee-vah-ehn/,Domestic and Sensory Life 1,Verb,AIV; Aen; REK,"To burn bodily; to produce or experience hot, searing, or irritating pain",,Rek + Aiv + -aen,,,,,Aiv; Aivaen; Pelaivaen; Aivkor; Amthaen; Aen; Aenor; Aenvor; Ohmbaen; Lianaen,rekaivaen aivkor.,The wound burns.,LX-DSL1-0018
Reth,/rehth/,,Noun,Reth- / Rethvok-,Confusion / Uncertainty,,,,,,,Rethvok; Reth- / Rethvok-,Ra drenaen Ya dren reth phelvin?,Do you drink water or the comfort-drink?,LX-V2-0045; LX-V4-0077; LX-V4-0103
Reth,/rehth/,,Conjunction,Reth- / Rethvok-,Or,,,,,,,Rethvok; Reth- / Rethvok-,Ra drenaen Ya dren reth phelvin?,Do you drink water or the comfort-drink?,LX-V2-0045; LX-V4-0077; LX-V4-0103
Reth- / Rethvok-,/rehth- / rehthvohk-/,,Noun,,"Reth: uncertainty, confusion, doubt, a question, or. Rethvok: chaos, disorder, un-ordered state.",Refines existing Reth conjunction and Rethvok chaos rows; no resolution applied.,,,,,,Reth; Rethvok,Rethvok,Chaos,DM-RM-S3-0010
Reth‘thal,/rehththahl/,,Particle,,"Perhaps, Possibly (stronger doubt than Rethlian).",Usage: Typically sentence-initial.,,,,,,,,,LX-V3-0033
Rethaen,/rehthah-ehn/,,Verb,Aen,To Worry / Be Uncertain.,"Derivation: From Reth (Uncertainty) + -aen. Usage: Standard verb, follows VSO.",,,,,,Amthaen; Aen; Aenor; Aenvor; Ohmbaen; Lianaen; Thalaneshen; Velthaen; Wek'aen; Rathorimaen,Ra rethaen Ya nor Varash?,Do you worry about the future?,LX-V3-0099
Rethal,/rehthahl/,,Noun,,River Predator,"Aquatic; Camouflaged river predator with reflective scales, barbels, and a powerful hidden bite.; Cultural role: Waterline predator and concealment symbol.",,,,,,,,,OHC-0016
Rethlian,/rehthlee-ahn/,,Verb,,Possibility (May/Might),"""maybe/perhaps""",,,,,,,Var I rethlian.,I might go.,LX-V3-0019; LX-V4-0003
Rethlian,/rehthlee-ahn/,,Interjection,,Maybe,"“Rethlian, I nor var dren.” – “Maybe, I will go to the water.”",,,,,,,Var I rethlian.,I might go.,LX-V3-0019; LX-V4-0003
Rethmor,/rehth-mor/,Post-Fracture Mechanics 1,Noun,MOR,Anomalously rearranged terrain whose shape or material relations no longer follow ordinary geography,,Reth + Mor,,,Rethamor,/reh-thah-mor/,Kinnmor; Brenmor; Pralmor; Welmor; Morlak; Belmor; Tharmor; Morthas; Morvenak; Krezmorath,kes sharavok rethmor.,The caravan notices the anomalous terrain.,LX-PFM1-0027
Rethpral,/reth-prahl/,Conversational Narrative Engine 1,Noun,RAL; PRAL,A mistake; an incorrect act judgment or construction,,Reth + Pral,,,Rethapral,/reth-ah-prahl/,Dral; Jindral; Nkural; Xarvethral; Belvethral; Vethral; Pral; Droral; Mekral; Zhaelral,kes I rethpral.,I notice the mistake.,LX-CNE1-0029
Rethshara,/reth-shah-rah/,Conversational Narrative Engine 1,Particle,SHARA,Instead; by a substituted course or option,,Reth + Shara,,,,,Shara; Belshara; Sharbel; Vershara; Sharaka; Shar; Kinnshara; Awekshara; Dralshara; Sharavok,var I an mahr rethshara.,I go to the sea instead.,LX-CNE1-0023
Rethvok,/rehthvohk/,,Noun,Reth- / Rethvok-; VOK,Chaos (A bond of confusion),Reth (confusion) + Vok (bond),,,,,,Reth; Reth- / Rethvok-; Lorlivok; Voktarin; Belvok; Kalvok; Kalvokesh; Pralvokesh; Vokaen; Drenvokesh,Fahaen I rethvok.,I fear chaos.,LX-V4-0075
Rethweknor,/rehth-wehk-nor/,Post-Fracture Mechanics 1,Noun,,An involuntary time loop in which an interval recursively repeats without completing normally,,Reth + Weknor,,,Retheweknor,/reh-theh-wehk-nor/,,rinaen rethweknor an shalor.,There is a time loop in the sanctuary.,LX-PFM1-0009
Revalen,/reh-vah-lehn/,,Interjection,,"""Farewell""",,,,,,,,,,LX-V2-0017
Rin,/reen/,,Noun,,Essence; inner spirit; true self,"Builds words for essence, identity, naming, and spiritually central inner qualities.",,,,,,Belrin; Brosrin; Balrin; Talrin; Rinvarash; Velrin; Phelrin; Vethrin; Kelrin; Rinshen,shalaen an rin,to see the essence,XR-rin
Rin-,/reen-/,,Noun,,"Essence, core nature, spirit, intrinsic quality.",Important identity-context refinement preserved; no existing identity entries changed.,,,,,,Belrin; Brosrin; Balrin; Talrin; Rinvarash; Velrin; Phelrin; Vethrin; Kelrin; Rinshen,shalaen an rin,to see the essence,DM-RM-S3-0012
Rinaen,/ree-nah-ehn/,,Verb,RIN; Aen,To be; to exist in essence; is-in-essence,Rin (essence) + Aen (breath/speaking) as a stative verb expressing essential being or existence.,,,,,,Belrin; Brosrin; Balrin; Talrin; Rinvarash; Velrin; Phelrin; Vethrin; Kelrin; Rinshen,shalaen an rin,to see the essence,DX-rinaen
Rinshen,/reen-shehn/,National Expansion 1,Noun,SHEN; RIN,Official identifying record,,Rin + Shen,Marakor,A civic registration or record used to establish identity.,,,Belshen; Thalaneshen; Ka-Shen; Shen; Droshen; Shenlian; Kalshen; Lianrethshen; Vaarshen; Belrin,rinaen rinshen an liankavor.,The identity record is in the archive.,LX-NE1-0035
Rinvarash,/rin-vah-rahsh/,,Noun,RIN; ASH,Prophetic Vision / Spiritual Insight / Glimpse of Essence. Refers to receiving divine guidance or seeing future possibilities through spiritual connection.,Rin (essence) + Varash (future/prophecy),,,,,,Belrin; Brosrin; Balrin; Talrin; Velrin; Phelrin; Vethrin; Kelrin; Rinshen; Rin,Var Rinvarash thal liorin.,Prophetic vision comes from the elder.,LX-V2-0136
Riv,/reev/,Domestic and Sensory Life 1,Noun,,A shiver or small involuntary tremor of the body,,Primitive Riv used as an independently lexicalized noun,,,,,Rivaen,rinaen riv an korin-ian.,There is a tremor in my hand.,LX-DSL1-0041
Rivaen,/ree-vah-ehn/,Domestic and Sensory Life 1,Verb,RIV; Aen,"To shiver or tremble in small involuntary motions from cold, fear, illness, or strain",,Riv + -aen,,,,,Riv; Amthaen; Aen; Aenor; Aenvor; Ohmbaen; Lianaen; Thalaneshen; Velthaen; Wek'aen,rivaen felka an veljor.,The child shivers in the cold snap.,LX-DSL1-0020
Ruvan,/roo-vahn/,"Food, Agriculture, and Preservation 2",Noun,,"Rot or organic spoilage; uncontrolled biological decay that degrades food, tissue, or other once-living material",,New two-syllable primitive for organic decay,,,,,Ruvanaen; Ruvaneth,rinaen ruvan an kavvek.,There is rot in the storage jar.,LX-FAP2-0027; XR-ruvan
Ruvanaen,/roo-vahn-ah-ehn/,"Food, Agriculture, and Preservation 2",Verb,RUVAN; Aen,"To rot or spoil through uncontrolled organic decay until quality, structure, or safety is lost",,Ruvan organic decay + -aen,,,,,Ruvan; Ruvaneth; Amthaen; Aen; Aenor; Aenvor; Ohmbaen; Lianaen; Thalaneshen; Velthaen,ruvanaen torin an krezrek.,The meat spoils in the heatwave.,LX-FAP2-0028
Ruvaneth,/roo-vah-neth/,"Food, Agriculture, and Preservation 2",,RUVAN,Rotten or spoiled; substantially degraded by organic decay and no longer sound for its expected use,,Ruvan organic decay + -eth,,,,,Ruvan; Ruvanaen,rinaen torin ruvaneth.,The meat is spoiled.,LX-FAP2-0029
Rynarth,/rynahrth/,,Noun,,Fox-like Predator,Mountain; Clever fox-like predator adapted to rocky and wooded slopes.; Cultural role: Cunning slope hunter.,,,,,,,,,OHC-0009
Saren,/sah-rehn/,"Food, Agriculture, and Preservation 2",Noun,,"Wheat; the cultivated cereal whose kernels are commonly ground into flour for bread, porridge, and other foods",,New two-syllable primitive for wheat,,,,,,rinaen saren an sov.,The wheat is in the field.,LX-FAP2-0001; XR-saren
Sel,/sehl/,,Noun,,Physical clarity; purity; absence of grime,"Builds words for cleanliness, purity, transparency, and physically clear states.",,,,,,Selineth; Drosel; Selmek; Selpralaen; Drenselaen; Seldrenvinaen,Rinaen dren selineth.,The water is clean.,XR-sel
Seldrenvinaen,/sehl-drehn-veen-ah-ehn/,"Food, Agriculture, and Preservation 2",Verb,Aen; DREN; SEL,To distill; to purify or concentrate a liquid by vaporizing it and collecting the condensed result,,Sel purity + Dren liquid + Vin extraction + -aen,,,Seladrenvinaen,/seh-lah-drehn-veen-ah-ehn/,Amthaen; Aen; Aenor; Aenvor; Ohmbaen; Lianaen; Thalaneshen; Velthaen; Wek'aen; Rathorimaen,seldrenvinaen zhaelral dren.,The healer distills the water.,LX-FAP2-0019
Selineth,/seh-lee-nehth/,,Adjective,SEL,"Clean, Pure",Sel- (clear/pure) + -eth,,,,,,Drosel; Selmek; Selpralaen; Drenselaen; Seldrenvinaen; Sel,Rinaen dren selineth.,The water is clean.,LX-V4-0022
Selkari,/sehlkah-ree/,,Noun,,Ocean Guardian,"Mythic / Symbolic; Serpent-like deep-sea guardian, graceful and revered, said to surface during celestial events.; Cultural role: Mythic coastal guardian and sacred ocean figure.",,,,,,,,,OHC-0020
Selmek,/sehl-mehk/,Domestic and Sensory Life 1,Noun,SEL; MEK,A hard clear manufactured material that transmits light; glass,,Sel + Mek,,,,,Selineth; Drosel; Selpralaen; Drenselaen; Seldrenvinaen; Sel; Zhelvek; Velmek; Mekral; Mormek,rinaen kavvek selmek.,The jar is glass.,LX-DSL1-0012
Selpralaen,/sehl-prah-lah-ehn/,Domestic and Sensory Life 1,Verb,Aen; PRAL; SEL,To polish; to rub or work a surface until it becomes smooth clean or reflective,,Sel + Pral + -aen,,,,,Amthaen; Aen; Aenor; Aenvor; Ohmbaen; Lianaen; Thalaneshen; Velthaen; Wek'aen; Rathorimaen,selpralaen I tirkal.,I polish the bronze.,LX-DSL1-0025
Senar,/seh-nahr/,,Noun,,Six,,,,,,,,Ten-quen senar,46 (40 + 6),LX-V3-0139; XR-senar
Ser,/ser/,,Noun,,Friend / Ally,,,,,,,Seraen; Servok; Serdel; Sernor; Ser-; Serin,Rinaen morlak ser dren.,There is bread and water.,LX-V1-0016; LX-V2-0036; LX-V2-0065; LX-V4-0076; LX-V4-0112
Ser,/ser/,,Preposition,,With,,,,,,,Seraen; Servok; Serdel; Sernor; Ser-; Serin,Rinaen morlak ser dren.,There is bread and water.,LX-V1-0016; LX-V2-0036; LX-V2-0065; LX-V4-0076; LX-V4-0112
Ser,/ser/,,Conjunction,,And,,,,,,,Seraen; Servok; Serdel; Sernor; Ser-; Serin,Rinaen morlak ser dren.,There is bread and water.,LX-V1-0016; LX-V2-0036; LX-V2-0065; LX-V4-0076; LX-V4-0112
Ser-,/sehr-/,,Noun,,"Friend, ally; also with and and.",Refines existing Ser friend/with/and polysemy; no resolution applied.,,,,,,Ser; Seraen; Servok; Serdel; Sernor; Serin,Rinaen morlak ser dren.,There is bread and water.,DM-RM-S3-0023
Sera,/seh-rah/,,Particle,,"Also, Too, Even, As well (additive).","Usage: Flexible placement, often after subject or near modified element.",,,,,,,,,LX-V3-0028
Seraen,/seh-rah-ehn/,,Verb,Aen; Ser-,To Trust / Ally With.,"Derivation: From Ser (Friend/Ally) + -aen. Usage: Standard verb, follows VSO.",,,,,,Amthaen; Aen; Aenor; Aenvor; Ohmbaen; Lianaen; Thalaneshen; Velthaen; Wek'aen; Rathorimaen,Seraen Kaikoa Lianor.,Kaikoa trusts the Sir.,LX-V3-0095
Serdel,/sehr-dehl/,Conversational Narrative Engine 1,Preposition,DEL; Ser-,Between; in the interval or relation bounded by two anchors,,Ser + Del,,,,,Del; Delnor; Delvelrathor; Ser; Seraen; Servok; Sernor; Ser-; Serin,rinaen krezor serdel nethlor ser pralor.,The hearth is between the bed and the table.,LX-CNE1-0033
Seren,/seh-rehn/,,Noun,,Guardian / Protector,,,,,,,,Var Seren arthlor an Kaleth.,The Guardians go to the defensive formation at the Fortress.,LX-V2-0033; LX-V3-0007
Seren,/seh-rehn/,,Noun,,Guardian/Protector,,,,,,,,Var Seren arthlor an Kaleth.,The Guardians go to the defensive formation at the Fortress.,LX-V2-0033; LX-V3-0007
Serenkal,/seh-rehnkahl/,,Noun,KAL,"Elite Warrior / Vanguard / Shock Trooper. Refers specifically to experienced, strong front-line fighters or protectors.",Seren (guardian/protector) + Kal (strength),,,,,,Kal; Kaleth; Jorkal; Kalvok; Kalvokesh; Zhirkalor; Kalorinath; Kalrath; Morkal; Mahrkal,Nor-var Serenkal thal morl.,The Elite Warriors will advance from the mountain.,LX-V2-0129
Serin,/seh-reen/,,Noun,Ser-,Friends,Ser (friend/ally/with) + -in (plural suffix). Plural form of Ser.,,,,,,Ser; Seraen; Servok; Serdel; Sernor; Ser-,Seraen I an Nys'aleth.,I believe in balance.,DX-serin
Sernor,/sehr-nohr/,Conversational Narrative Engine 1,Conjunction,NOR; Ser-,While; during the time that another event occurs,,Ser + Nor,,,,,Nor; Weknor; Athnor; Nethnor; Shalnor; Vethnor; Varnor; Norzhir; Thalnor; Norreth,aen I sernor var Ya.,I speak while you walk.,LX-CNE1-0039
Servok,/sehr-vohk/,Conversational Narrative Engine 1,Particle,VOK; Ser-,Together; in one company or coordinated action,,Ser + Vok,,,,,Lorlivok; Voktarin; Belvok; Kalvok; Kalvokesh; Pralvokesh; Vokaen; Drenvokesh; Zhivokesh; Velthaelvok,pralaen Ilin krezor servok.,We make the hearth together.,LX-CNE1-0024
Sethe,/sehtheh/,,Noun,,Seven,,,,,,,,Mel-quen Hek-sethe Ten-oven sethe,"4,768 (4,000 + 700 + 60 + 8)",LX-V3-0140; XR-sethe
Shal,/shahl/,,Noun,,Light / New Beginnings / Fate,,,,,,,Shalor; Kinnshal; Drenshal; Shalorin; Shalithor; Shalaen; Vershalaen; Shalorveth; Shalkor; Shaleth,Azron nor shal,The woman flows with the light.,LX-V2-0003; LX-V2-0069; LX-V4-0101; XR-shal
Shal,/shahl/,,Verb,,Hope,,,,,,,Shalor; Kinnshal; Drenshal; Shalorin; Shalithor; Shalaen; Vershalaen; Shalorveth; Shalkor; Shaleth,Azron nor shal,The woman flows with the light.,LX-V2-0003; LX-V2-0069; LX-V4-0101; XR-shal
Shal-,/shahl-/,,Noun,,"Light, glow, brightness; hope, truth, creation, clarity, revelation, wisdom, life, beginnings.",Conceptual layer preserved; does not replace existing Shal lexicon rows.,,,,,,Shal; Shalor; Kinnshal; Drenshal; Shalorin; Shalithor; Shalaen; Vershalaen; Shalorveth; Shalkor,,,DM-RM-S3-0001
Shal'taleth,/shahl'tah-lehth/,,Noun,,Light-Offering Ritual.,,,,,,,,,,LX-V3-0075
Shalaen,/shah-lah-ehn/,,Verb,SHAL; Aen,To Hope / See Light Ahead.,"Derivation: From Shal (Light/Hope) + -aen. Usage: Standard verb, follows VSO.",,,,,,Shal; Shalor; Kinnshal; Drenshal; Shalorin; Shalithor; Vershalaen; Shalorveth; Shalkor; Shaleth,Shalaen Ilin an Kinnshal.,We hope in the dawn.,LX-V3-0094; LX-V4-0047
Shalaen,/shah-lah-ehn/,,Verb,SHAL; Aen,"To See, To perceive with light",Shal (light) + -aen,,,,,,Shal; Shalor; Kinnshal; Drenshal; Shalorin; Shalithor; Vershalaen; Shalorveth; Shalkor; Shaleth,Shalaen Ilin an Kinnshal.,We hope in the dawn.,LX-V3-0094; LX-V4-0047
Shaleth,/shah-lehth/,,Adjective,SHAL,"Yellow, Gold, Bright",Shal (light) + -eth,,,,,,Shal; Shalor; Kinnshal; Drenshal; Shalorin; Shalithor; Shalaen; Vershalaen; Shalorveth; Shalkor,Rinaen shena shaleth.,The coin is gold.,LX-V4-0044
Shalithor,/shah-leethohr/,,Noun,SHAL,Sunlight,The life-giving essence of sunlight.,,,,,,Shal; Shalor; Kinnshal; Drenshal; Shalorin; Shalaen; Vershalaen; Shalorveth; Shalkor; Shaleth,Shalithor kal dren an Evan.,The sunlight strengthens at the market.,LX-V2-0204
Shalkor,/shahlkohr/,,Noun,KOR; SHAL,"Lamp, Torch, Light Source",Shal (light) + Kor (source),,,,,,Korin; Drenkor; Drenkorath; Vorkor; Belkor; Kor; Zhirkor; Aivkor; Belkoraen; Jelkor,Arth shalkor Ilin thal fah.,The lamp protects us from the darkness.,LX-V4-0019
Shalnor,/shahl-nohr/,Conversational Narrative Engine 1,Preposition,SHAL; NOR,Before or earlier than a reference event or time,,Shal + Nor,,,,,Shal; Shalor; Kinnshal; Drenshal; Shalorin; Shalithor; Shalaen; Vershalaen; Shalorveth; Shalkor,var I shalnor kilveth.,I go before evening.,LX-CNE1-0037
Shalor,/shah-lohr/,,Noun,SHAL,"Light (discovery, vision, hope)",,,,,,,Shal; Kinnshal; Drenshal; Shalorin; Shalithor; Shalaen; Vershalaen; Shalorveth; Shalkor; Shaleth,Var Liorinen lianaen an shalor.,The Honored Elder goes to pray in the sanctuary.,LX-V2-0024; LX-V2-0059; LX-V2-0084
Shalor,/shah-lohr/,,Noun,SHAL,Light / New Beginnings / Fate,,,,,,,Shal; Kinnshal; Drenshal; Shalorin; Shalithor; Shalaen; Vershalaen; Shalorveth; Shalkor; Shaleth,Var Liorinen lianaen an shalor.,The Honored Elder goes to pray in the sanctuary.,LX-V2-0024; LX-V2-0059; LX-V2-0084
Shalor,/shah-lohr/,,Noun,SHAL,Sanctuary (light-filled place),,,,,,,Shal; Kinnshal; Drenshal; Shalorin; Shalithor; Shalaen; Vershalaen; Shalorveth; Shalkor; Shaleth,Var Liorinen lianaen an shalor.,The Honored Elder goes to pray in the sanctuary.,LX-V2-0024; LX-V2-0059; LX-V2-0084
Shalorin,/shah-loh-reen/,,Noun,SHAL,Sweet Fig-Like Fruit,Shal = light + orin = essence,,,,,,Shal; Shalor; Kinnshal; Drenshal; Shalithor; Shalaen; Vershalaen; Shalorveth; Shalkor; Shaleth,Shalorin nor dren.,The sweet fruit rests by the water.,LX-V2-0193
Shalorveth,/shah-lohrvehth/,,Noun,SHAL; VETH,Shadowlight Ritual,"Derived From: Shal (light) + or (essence) + veth (shadow). Meaning: A mystical ceremony that represents the balance between opposites (light and shadow, joy and sorrow) within family ties.",,,,,,Shal; Shalor; Kinnshal; Drenshal; Shalorin; Shalithor; Shalaen; Vershalaen; Shalkor; Shaleth,Shalorveth kal dren thal Tharvok.,The shadowlight ritual strengthens with the family under balance.,LX-V3-0120
Shalra,/shahlrah/,,Particle,,“Well?” or “So then?”,"“Shalra, Ya var emil?” – “Well, do you get food?”",,,,,,,"Shalra, Ya var emil?","Well, do you get food?",LX-V3-0024
Shalvar,/shahl-vahr/,Conversational Narrative Engine 1,Preposition,SHAL; Var-,Ahead of or in front of relative to facing or motion,,Shal + Var,,,,,Shal; Shalor; Kinnshal; Drenshal; Shalorin; Shalithor; Shalaen; Vershalaen; Shalorveth; Shalkor,var ser shalvar I.,The friend goes ahead of me.,LX-CNE1-0034
Shan,/shahn/,Conversational Narrative Engine 1,Verb,,Passing; transfer; handoff between states,"Builds words for passing onward, ceremonial transfer, blessing transmission, and movement between holders or generations.",Existing Shan passing extended grammatically,,,,,Terrashaneth; Velpralim; Dralshaneth; Norshan; Shanvelrathor; Shanvelzhiraen,var I shan vorkor.,I go through the door.,LX-CNE1-0036; XR-shan
Shan,/shahn/,Conversational Narrative Engine 1,Preposition,,Through or across from one side or boundary to another,,Existing Shan passing extended grammatically,,,,,Terrashaneth; Velpralim; Dralshaneth; Norshan; Shanvelrathor; Shanvelzhiraen,var I shan vorkor.,I go through the door.,LX-CNE1-0036; XR-shan
Shanvelrathor,/shahn-vehl-rah-thor/,Post-Fracture Mechanics 1,Noun,SHAN,An authentic memory that crossed from another timeline into the present rememberer,,Shan + Velrathor,,,,,Terrashaneth; Velpralim; Dralshaneth; Shan; Norshan; Shanvelzhiraen,rinaen shanvelrathor an liorin.,The elder has a cross-timeline memory.,LX-PFM1-0016
Shanvelzhiraen,/shahn-vehl-zhee-rah-ehn/,Post-Fracture Mechanics 1,Verb,Aen; SHAN,To experience or recall an authentic memory originating in another timeline,,Shan + Velzhiraen,,,,,Amthaen; Aen; Aenor; Aenvor; Ohmbaen; Lianaen; Thalaneshen; Velthaen; Wek'aen; Rathorimaen,shanvelzhiraen I varthas.,I remember a city from another timeline.,LX-PFM1-0017
Shar,/shahr/,,Noun,SHARA,"Stride, Pace","Shortened from Shara (Path). A standard human stride. Used for measuring rooms, fields, and medium distances.",,,,,,Shara; Belshara; Sharbel; Vershara; Sharaka; Kinnshara; Awekshara; Dralshara; Sharavok; Sharaen,Rinaen kaleth Hek-unar shar thalor.,The fortress is 100 strides outside.,LX-V4-0079
Shara,/shah-rah/,,Noun,,Path / Journey,,,,,,,Belshara; Sharbel; Vershara; Sharaka; Shar; Kinnshara; Awekshara; Dralshara; Sharavok; Sharaen,Var an shara,to go on a path,LX-V2-0010; XR-shara
Shara-,/shah-rah-/,,Noun,,"A path, a road, a journey; life path, strategy, decision path.",Conceptual layer preserved.,,,,,,Shara; Belshara; Sharbel; Vershara; Sharaka; Shar; Kinnshara; Awekshara; Dralshara; Sharavok,Var an shara,to go on a path,DM-RM-S3-0015
Sharaen,/shah-rah-ehn/,Conversational Narrative Engine 1,Verb,Aen; SHARA,To follow a person route sequence or instruction,,Shara + -aen,,,,,Amthaen; Aen; Aenor; Aenvor; Ohmbaen; Lianaen; Thalaneshen; Velthaen; Wek'aen; Rathorimaen,sharaen I ser.,I follow the friend.,LX-CNE1-0008
Sharaka,/shah-rah-kah/,,Noun,SHARA,Freedom (Path without binding),Shara (path) + Ka (without),,,,,,Shara; Belshara; Sharbel; Vershara; Shar; Kinnshara; Awekshara; Dralshara; Sharavok; Sharaen,Ohmaen I sharaka.,I love freedom.,LX-V4-0065
Sharavok,/shah-rah-vohk/,National Expansion 1,Noun,SHARA; VOK,Traveling company; caravan,,Shara + Vok,Zarithan,A group bonded by a shared journey.,,,Shara; Belshara; Sharbel; Vershara; Sharaka; Shar; Kinnshara; Awekshara; Dralshara; Sharaen,var sharavok an shara.,The caravan travels along the path.,LX-NE1-0039
Sharbel,/shahrbehl/,,Noun,SHARA; BEL,"Pants, Leggings",Shara (path) + Bel (bind),,,,,,Shara; Belshara; Vershara; Sharaka; Shar; Kinnshara; Awekshara; Dralshara; Sharavok; Sharaen,Rinaen sharbel maganeth.,The pants are heavy.,LX-V4-0037
Sharvar,/shahrvahr/,,Noun,,Leg,,,,,,,,,,LX-V2-0055
Shavrek,/shahvrehk/,,Noun,,Cliff Forager,Mountain; Nimble cliff-dwelling forager with powerful hooves and mottled fur.; Cultural role: Mountain forager and cliff adaptation symbol.,,,,,,,,,OHC-0007
Shem,/shehm/,Domestic and Sensory Life 1,Noun,,"A handled scoop used to stir, lift, or serve food or liquid; spoon or ladle",,New primitive root for a handled scooping implement,,,,,,karethaen I shem an krezvek.,I use the spoon in the cooking pot.,LX-DSL1-0001; XR-shem
Shen,/shehn/,,Noun,,Coinage / Currency,,,,,,,Belshen; Thalaneshen; Ka-Shen; Droshen; Shenlian; Kalshen; Rinshen; Lianrethshen; Vaarshen,Tal I peth shen morlak.,I give five measures of grain.,LX-V4-0085; LX-V4-0123; XR-shen
Shen,/shehn/,,Measure,,Unit of weight / measure,,,,,,,Belshen; Thalaneshen; Ka-Shen; Droshen; Shenlian; Kalshen; Rinshen; Lianrethshen; Vaarshen,Tal I peth shen morlak.,I give five measures of grain.,LX-V4-0085; LX-V4-0123; XR-shen
Shenlian,/shehn-lee-ahn/,National Expansion 1,Noun,LIAN; SHEN,Standard; reference measure,,Shen + Lian,Mechuma,A trusted measure or specification used to judge correctness.,,,Lian; Lianaen; Vellian; Lianfel; Lianor; Lianeth; Lianbelrin; Thallian; Liankavor; Worlian,lorin shenlian mekral.,The standard guides the technician.,LX-NE1-0013
Siv,/seev/,Conversational Narrative Engine 1,Verb,,To try or attempt without presupposing the outcome,,New primitive root for directed effort under uncertainty,,,,,Sivathaen; Sivrethaen,siv I pralaen krezor.,I try to make the hearth.,LX-CNE1-0010; XR-siv
Sivathaen,/see-vath-ah-ehn/,Conversational Narrative Engine 1,Verb,SIV; Aen; ATH,To succeed or reach the intended outcome of an attempt,,Siv + Ath + -aen,,,,,Siv; Sivrethaen; Amthaen; Aen; Aenor; Aenvor; Ohmbaen; Lianaen; Thalaneshen; Velthaen,sivathaen I pralaen krezor.,I succeed in making the hearth.,LX-CNE1-0011
Sivrethaen,/seev-reth-ah-ehn/,Conversational Narrative Engine 1,Verb,SIV; Aen,To fail or end an attempt without its intended outcome,,Siv + Reth + -aen,,,Sivarethaen,/see-vah-reth-ah-ehn/,Siv; Sivathaen; Amthaen; Aen; Aenor; Aenvor; Ohmbaen; Lianaen; Thalaneshen; Velthaen,sivrethaen I kaxaraen vorkor.,I fail to open the door.,LX-CNE1-0012
Som,/sohm/,,Quantifier,,Some / A few / Part of,Usage: Placed before the noun.,,,,,,,Var som Serin.,Some Friends go.,LX-V2-0214
Soril,/soh-reel/,,Noun,,Depth of flavor; complex taste-body,"Builds words for depth of flavor, savory complexity, and richly layered taste.",,,,,,Vethsoril,Vethsoril ser dren.,The stew is shared with water.,XR-soril
Sorl,/sohrl/,,Noun,,Neck,,,,,,,,,,LX-V2-0052
Sov,/sohv/,"Food, Agriculture, and Preservation 1",Noun,,A bounded cultivated field or working plot of land,,New primitive: deliberately managed growing plot,,,,,Brossov; Verdsov; Vilorsov,rinaen sov ser awekshara.,The field is connected to the spring-fed canal.,LX-FAP1-0006; XR-sov
Tal,/tahl/,,Verb,,Give / Offer,,,,,,,Talrin; Talaen; Drentalaen; Talemilaen,Tal Ilin talrin ser vaar.,We give an offering with peace.,LX-V2-0061; LX-V4-0116; XR-tal
Tal,/tahl/,,Verb,,Take / Receive,,,,,,,Talrin; Talaen; Drentalaen; Talemilaen,Tal Ilin talrin ser vaar.,We give an offering with peace.,LX-V2-0061; LX-V4-0116; XR-tal
Talaen,/tah-lah-ehn/,,Verb,TAL; Aen,To give/offer (used for simpler offerings).,,,,,,,Tal; Talrin; Drentalaen; Talemilaen; Amthaen; Aen; Aenor; Aenvor; Ohmbaen; Lianaen,Talaen I drenvor thal pralor.,I take the bowl from the table.,LX-V3-0088; LX-V4-0051
Talaen,/tah-lah-ehn/,,Verb,TAL; Aen,"To Take (contextual), To Receive",Tal (give/offer),,,,,,Tal; Talrin; Drentalaen; Talemilaen; Amthaen; Aen; Aenor; Aenvor; Ohmbaen; Lianaen,Talaen I drenvor thal pralor.,I take the bowl from the table.,LX-V3-0088; LX-V4-0051
Talemilaen,/tahl-eh-meel-ah-ehn/,"Food, Agriculture, and Preservation 2",Verb,Aen; TAL,"To feed; to give or provide food to another person, animal, or living being",,Tal give or offer + Emil food + -aen,,,,,Amthaen; Aen; Aenor; Aenvor; Ohmbaen; Lianaen; Thalaneshen; Velthaen; Wek'aen; Rathorimaen,talemilaen I felka.,I feed the child.,LX-FAP2-0032
Talrin,/tahl-rin/,,Noun,TAL; RIN,Offering / Spiritual Sacrifice (of self/intent/item). The act of giving something (physical or metaphorical) as part of a ritual.,Tal (give/offer) + Rin (essence),,,,,,Tal; Talaen; Drentalaen; Talemilaen; Belrin; Brosrin; Balrin; Rinvarash; Velrin; Phelrin,Tal Ilin talrin ser vaar.,We give an offering with peace.,LX-V2-0134
Tarin,/tah-reen/,,Noun,,Dried sweetness; sun-preserved fruit,"Builds words for dried fruit sweetness, preserved sugars, and sun-concentrated food.",,,,,,Voktarin,Phelkarin kal dren.,The porridge strengthens with water.,XR-tarin
Tavan,/tah-vahn/,,Noun,,Parent,Retain as-is.,,,,,,,Tavan shalil nor Felka.,The parent moves lightly with the child.,LX-V3-0039
Tavojorin,/tah-voh-joh-reen/,,Noun,JOR,Parent-in-law,Tav (giver/source) + Jor (surge/connection) + -in (person).,,,,,,Jorlin; Jorvak; Jorkal; Jorvilor; Jorvalin; Joreth; Veljor; Jornor; Rathorjor; Jor,Tavojorin shalil nor dren an Belvok.,The parent-in-law rests with the family by the water.,LX-V3-0047
Tavrel,/tahvrehl/,,Noun,,Aunt/Uncle,Tav (giver/source) + rel (branch).,,,,,,,Tavrel ser dren thal Felka.,The uncle/aunt is by the water with the child.,LX-V3-0051
Tek,/tehk/,,Particle,,"Just, Only, Merely (limiter).",Usage: Typically before the modified element.,,,,,,,,,LX-V3-0029
Ten-,/tehn-/,,Prefix,,Tens prefix,,,,,,,,,,DM-RM-V3-0014
Tenar,/teh-nahr/,,Noun,,Ten,,,,,,,Tenarorin; Eshtenor,Tenarorin shal dren.,The glowing wine flows by the water.,LX-V3-0143; XR-tenar
Tenarorin,/teh-nah-roh-reen/,,Noun,TENAR,Glow Wine,Tenar + orin = radiant essence,,,,,,Eshtenor; Tenar,Tenarorin shal dren.,The glowing wine flows by the water.,LX-V2-0164
Terafennil,/teh-rah-fehnneel/,,Noun,FENNIL; TERRA,Herb Stew,Terra = earth + fennil = leafy essence,,,,,,Fennilphel; Mahrfennil; Fennildren; Fennil; Terra; Terradren; Terraesh; Teravin; Terrashaneth,Terafennil ser dren an Teremil.,The herb stew is shared with water at home.,LX-V2-0176
Teravin,/teh-rah-veen/,,Noun,TERRA; VIN,Root Vegetable,Terra + vin = earth-drawn,,,,,,Terra; Terradren; Terraesh; Terafennil; Terrashaneth; Phelvin; Jekvin; Welvinor; Tharvin; Felvin,Teravin var dren.,The root vegetable grows by the water.,LX-V2-0149
Teremil,/teh-reh-meel/,,Noun,,Home,"Frequent conversational location word, often appearing in family and household examples.",,,,,,,Lorlivok kal dren an Teremil.,The earthbake strengthens at home by the water.,DX-teremil
Terlin,/tehrleen/,,Noun,,Island/beach,,,,,,,,,,LX-V2-0080
Terra,/tehrrah/,,Noun,,Earth / Physical ground,,,,,,,Terradren; Terraesh; Teravin; Terafennil; Terrashaneth,Moraen I an terra.,I stand on the ground.,LX-V2-0001; LX-V2-0073; LX-V4-0108; XR-terra
Terra,/tehrrah/,,Noun,,The Heart of Terra / Mystical force,,,,,,,Terradren; Terraesh; Teravin; Terafennil; Terrashaneth,Moraen I an terra.,I stand on the ground.,LX-V2-0001; LX-V2-0073; LX-V4-0108; XR-terra
terra- / Terra-,/tehrrah- / tehrrah-/,,Noun,,"Earth, ground, soil, land; lowercase terra is mundane physical ground; capitalized Terra is the world as living spiritual entity.",Current naming applied: Ohnosha is the current world name; Terra is the Celan world/sacred term; terra is physical land/ground.,,,,,,Terra,Moraen I an terra.,I stand on the ground.,DM-RM-S3-0007
Terradren,/tehrrahdrehn/,,Noun,TERRA; DREN,fertile soil/well-irrigated land,Terra + Dren,,,,,,Terra; Terraesh; Teravin; Terafennil; Terrashaneth; Dren; Morldren; Peldren; Drenshal; Drenlivar,,,LX-V2-0142
Terraesh,/tehrrah-ehsh/,,Noun,TERRA; ESH,horizon/place where earth meets sky,Terra + Esh,,,,,,Terra; Terradren; Teravin; Terafennil; Terrashaneth; Esh; Eshtenor; Eshvilor; Eshthael; Eshvelor,,,LX-V2-0145
Terrashaneth,/tehrrahshah-nehth/,,Noun,TERRA; SHAN,Earth Blessing Ceremony,Derived From: Terra (earth) + shan (pass) + eth (sacred). Meaning: A ritual to bless the land and seek the ancestors' guidance.,,,,,,Terra; Terradren; Terraesh; Teravin; Terafennil; Velpralim; Dralshaneth; Shan; Norshan; Shanvelrathor,Terrashaneth lian nor Tharvok.,The Earth blessing speaks to the family.,LX-V3-0109
Tesh,/tehsh/,Domestic and Sensory Life 1,Noun,,An itch or localized surface irritation that creates an urge to rub or scratch,,Primitive Tesh used as an independently lexicalized noun,,,,,Teshaen,rinaen tesh an korin-ian.,There is an itch on my hand.,LX-DSL1-0040
Teshaen,/teh-shah-ehn/,Domestic and Sensory Life 1,Verb,TESH; Aen,To itch; to produce or experience surface irritation that urges rubbing or scratching,,Tesh + -aen,,,,,Tesh; Amthaen; Aen; Aenor; Aenvor; Ohmbaen; Lianaen; Thalaneshen; Velthaen; Wek'aen,teshaen korin-ian.,My hand itches.,LX-DSL1-0019
Tha-,/thah-/,,Prefix,,Past Tense,Preserved as standalone root/morpheme because source clearly defines it.,,,,,,,,,DM-RM-V1-0004; DM-RM-V2-0035
Thaal,/thahl/,,Noun,,The Unknown / Wonder,,,,,,,Thaal'ra; Thaalaen,I dren shaleth thaal.,My water is the brightest.,LX-V2-0025; LX-V2-0060; DM-RM-V3-0008
Thaal,/thahl/,,Particle,,Superlative marker: most,,,,,,,Thaal'ra; Thaalaen,I dren shaleth thaal.,My water is the brightest.,LX-V2-0025; LX-V2-0060; DM-RM-V3-0008
Thaal'ra,/thah-ahl'rah/,,Particle,Thaal,I wonder if... (speculation).,Usage: Typically sentence-initial.,,,,,,Thaal; Thaalaen,Thaal'ra: I wonder if...,speculation,LX-V3-0037
Thaalaen,/thah-ahlah-ehn/,,Verb,Thaal; Aen,To Feel Awe / Wonder.,"Derivation: From Thaal (Wonder/Unknown) + -aen. Usage: Standard verb, follows VSO.",,,,,,Thaal; Thaal'ra; Amthaen; Aen; Aenor; Aenvor; Ohmbaen; Lianaen; Thalaneshen; Velthaen,Thaalaen Ilin an Dral.,We wonder at the heavens.,LX-V3-0101
Thael,/thah-ehl/,,Adjective,,Gentle motion; breeze-like rhythm,"Builds words for breeze, gentle motion, rhythmic flow, and soft moving air.",,,,,,Eshthael; Velthaelvok,Eshthael nor dren.,The breeze flows by the water.,XR-thael
Thaen,/thah-ehn/,,Noun,,Spirit-breath; still internal seasonality,"Builds words for seasonal spirit, inner breath, greeting warmth, and the living aura of a state.",,,,,,Amthaen; Velthaen,Velthaen dren nor morl.,Winter flows by the mountain.,XR-thaen
Thal,/thahl/,,Noun,,Balance / Harmony,,,,,,,Thalaneshen; Thalshorin; Thalorim; Thal'vok; Thallian; Belthal; Thalbel; Thalnor; Thalnoraen; Lianthal,talaen an thal,find balance,LX-V1-0017; LX-V2-0008; LX-V2-0023; LX-V2-0072; LX-V4-0109; XR-thal
Thal,/thahl/,,Preposition,,From / Out of,,,,,,,Thalaneshen; Thalshorin; Thalorim; Thal'vok; Thallian; Belthal; Thalbel; Thalnor; Thalnoraen; Lianthal,talaen an thal,find balance,LX-V1-0017; LX-V2-0008; LX-V2-0023; LX-V2-0072; LX-V4-0109; XR-thal
Thal-,/thahl-/,,Noun,,"Balance, harmony, equilibrium; also preposition meaning From / Out of.",Source uses Ohnoshan worldview language; current naming applied.,,,,,,Thal; Thalaneshen; Thalshorin; Thalorim; Thal'vok; Thallian; Belthal; Thalbel; Thalnor; Thalnoraen,talaen an thal,find balance,DM-RM-S3-0009
Thal'talaen,/thahl'tah-lah-ehn/,,Verb,Aen,To sacrifice/relinquish (general verb).,,,,,,,Amthaen; Aen; Aenor; Aenvor; Ohmbaen; Lianaen; Thalaneshen; Velthaen; Wek'aen; Rathorimaen,,,LX-V3-0083
Thal'taleth,/thahl'tah-lehth/,,Verb,,Act/Ritual of Sacrifice (general noun).,,,,,,,,,,LX-V3-0084
Thal'vok,/thahl'vohk/,,Noun,THAL,Balanced Unity / Harmony Bond.,,,,,,,Thal; Thalaneshen; Thalshorin; Thalorim; Thallian; Belthal; Thalbel; Thalnor; Thalnoraen; Lianthal,,,LX-V3-0071
Thal'vokaen,/thahl'voh-kah-ehn/,,Verb,Aen,To Harmonize / Achieve Balanced Unity.,,,,,,,Amthaen; Aen; Aenor; Aenvor; Ohmbaen; Lianaen; Thalaneshen; Velthaen; Wek'aen; Rathorimaen,,,LX-V3-0074
Thalaneshen,/thah-lah-nehshehn/,,Noun,VANESH; SHEN; THAL,Bargaining / Haggling / Balanced Trade Talk. The process of negotiating a fair price or exchange.,Thal (balance) + Aen (speak) + Shen(akar) (coinage - shortened) OR Thal + Vanesh + -en (abstract noun?),,,,,,Vaneshem; Vanesh; Belshen; Ka-Shen; Shen; Droshen; Shenlian; Kalshen; Rinshen; Lianrethshen,Var thalaneshen ser varadan.,Bargaining goes with the merchant.,LX-V2-0139
Thalbel,/thahl-behl/,National Expansion 1,Noun,THAL; BEL,Codified law; legal code,,Thal + Bel,Marakor,A formally bound system of law.,,,Thal; Thalaneshen; Thalshorin; Thalorim; Thal'vok; Thallian; Belthal; Thalnor; Thalnoraen; Lianthal,lorin thalbel Ilin.,The law guides us.,LX-NE1-0031
Thalka,/thahlkah/,,Particle,,"But, However, Yet, Still (contrast).",Usage: Typically clause-initial.,,,,,,,,,LX-V3-0027
Thallian,/thahllee-ahn/,,Noun,THAL; LIAN,Justice (True Balance),Thal (balance) + Lian (truth),,,,,,Thal; Thalaneshen; Thalshorin; Thalorim; Thal'vok; Belthal; Thalbel; Thalnor; Thalnoraen; Lianthal,Ravokhaen Ilin thallian.,We desire justice.,LX-V4-0064
Thalnor,/thahl-nor/,Post-Fracture Mechanics 1,Noun,THAL; NOR,Temporal stability; time proceeding in a coherent internally consistent flow,,Thal + Nor,,,,,Thal; Thalaneshen; Thalshorin; Thalorim; Thal'vok; Thallian; Belthal; Thalbel; Thalnoraen; Lianthal,rinaen thalnor an shalor.,There is temporal stability in the sanctuary.,LX-PFM1-0002
Thalnoraen,/thahl-noh-rah-ehn/,Post-Fracture Mechanics 1,Verb,Aen; THAL; NOR,To stabilize temporal flow and restore coherent event order,,Thal + Nor + -aen,,,,,Amthaen; Aen; Aenor; Aenvor; Ohmbaen; Lianaen; Thalaneshen; Velthaen; Wek'aen; Rathorimaen,thalnoraen liorin norzhir.,The elder stabilizes the timeline.,LX-PFM1-0014
Thalorim,/thah-loh-reem/,,Noun,THAL,Lightning,"A sudden, balanced flash of energy.",,,,,,Thal; Thalaneshen; Thalshorin; Thal'vok; Thallian; Belthal; Thalbel; Thalnor; Thalnoraen; Lianthal,Thalorim kal dren.,The lightning strikes the water.,LX-V2-0209
Thalorimor,/thah-loh-reem-ohr/,National Expansion 1,Noun,,Lightning-management structure,,Thalorim + -or,Valkeldor,A Valkeldorian lightning tower or storm-energy station.,,,,rinaen thalorimor an morl.,The lightning tower is in the mountains.,LX-NE1-0026
Thalshorin,/thahlshoh-reen/,,Noun,THAL,Ice Stew,Thal = balance + shorin = preserved essence,,,,,,Thal; Thalaneshen; Thalorim; Thal'vok; Thallian; Belthal; Thalbel; Thalnor; Thalnoraen; Lianthal,Thalshorin kal dren.,The ice stew strengthens by the water.,LX-V2-0185
Tham,/thahm/,,Verb,,Mashing; softening; breaking structure down,"Builds words for mashed, softened, crushed, or blended physical substance.",,,,,,Velthamor; Kelvorthamaen; Jekthamaen; Felthamaen,Velthamor nor dren thal morl.,The frozen root mash is by the water and mountain.,XR-tham
Thar,/thar/,,Noun,,Heart,,,,,,,Tharmor; Tharvin; Veth'tharaen; Kreztharim; Morlatharim; Tharvelim; Thar-ka; Tharsharaen; Tharshara; Thar-,thar an kaleth,a strong heart / courage,LX-V2-0007; LX-V2-0057; LX-V4-0115; XR-thar
Thar,/thar/,,Modal,,Want to,,,,,,,Tharmor; Tharvin; Veth'tharaen; Kreztharim; Morlatharim; Tharvelim; Thar-ka; Tharsharaen; Tharshara; Thar-,thar an kaleth,a strong heart / courage,LX-V2-0007; LX-V2-0057; LX-V4-0115; XR-thar
Thar-,/thahr-/,,Noun,,"The physical heart; source of emotion, will, and true inner self.",Source uses Ohnoshan stories language; current naming applied.,,,,,,Thar; Tharmor; Tharvin; Veth'tharaen; Kreztharim; Morlatharim; Tharvelim; Thar-ka; Tharsharaen; Tharshara,Morl + Thar -> Morlathar,Stoicism,DM-RM-S3-0017
Thar-ka,/thahr-kah/,,Verb,THAR,Desire (Want to),"""by heart's desire""",,,,,,Thar; Tharmor; Tharvin; Veth'tharaen; Kreztharim; Morlatharim; Tharvelim; Tharsharaen; Tharshara; Thar-,Var I thar-ka.,I want to go.,LX-V4-0004
Thar'taleth,/thahr'tah-lehth/,,Verb,,Life/Heart Sacrifice Ritual (noun).,,,,,,,,,,LX-V3-0085
Tharfah,/thahrfahh/,,Noun,,"""Weak-hearted"" or ""soft-rooted""; dismisses their gentle, nature-centric approach as sentimental.",Verdalrisians are mocked for being overly emotional or soft.,,,,,,,,,LX-V3-0127
Tharmor,/thahrmohr/,,Noun,THAR; MOR,Rootbread,Thar = heart + mor = earth,,,,,,Thar; Tharvin; Veth'tharaen; Kreztharim; Morlatharim; Tharvelim; Thar-ka; Tharsharaen; Tharshara; Thar-,Tharmor nor dren kal morl.,The rootbread strengthens by the water and mountain.,LX-V2-0175
Tharnspinners,/thahrnspeennehrs/,,Noun,,Arachnid,"Ohnosha Forest; Small web-weaving arachnids whose patterned silk is culturally revered as a symbol of order and patience.; Cultural role: Symbol of order, patience, and careful making.",,,,,,,,,OHC-0003
Tharokh,/thah-rohkh/,,Noun,,Endurance Mount,Desert; Endurance mount of the desert; slender and long-legged with a water-storing ridge; used by nomads for long-distance travel.; Cultural role: Nomad travel mount and endurance symbol.,,,,,,,,,OHC-0005
Tharshara,/thahr-shah-rah/,Conversational Narrative Engine 1,Noun,SHARA; THAR,A choice; the course selected among alternatives,,Thar + Shara,,,,,Shara; Belshara; Sharbel; Vershara; Sharaka; Shar; Kinnshara; Awekshara; Dralshara; Sharavok,rinaen dralshara tharshara.,The star route is the choice.,LX-CNE1-0014
Tharsharaen,/thahr-shah-rah-ehn/,Conversational Narrative Engine 1,Verb,Aen; SHARA; THAR,To decide or choose a course by an act of will,,Thar + Shara + -aen,,,,,Amthaen; Aen; Aenor; Aenvor; Ohmbaen; Lianaen; Thalaneshen; Velthaen; Wek'aen; Rathorimaen,tharsharaen I dralshara.,I choose the star route.,LX-CNE1-0013
Tharvelim,/thahrveh-leem/,,Noun,THAR; VEL,Mountain Ancestor Ritual,Derived From: Thar (heart) + vel (wisdom) + im (essence). Meaning: A ceremony where the wisdom and strength of ancestors are invoked for guidance and protection.,,,,,,Thar; Tharmor; Tharvin; Veth'tharaen; Kreztharim; Morlatharim; Thar-ka; Tharsharaen; Tharshara; Thar-,Tharvelim lian dren an Terra.,The mountain ancestor ritual speaks to the Earth.,LX-V3-0123
Tharvin,/thahrveen/,,Noun,VIN; THAR,Autumn,The balancing season; time of harvest.,,,,,,Phelvin; Teravin; Jekvin; Welvinor; Felvin; Xarfelvin; Verdvin; Zordrenvinaen; Seldrenvinaen; Vindrenaen,Tharvin nor dren kal morl.,Autumn balances the water with the mountain.,LX-V2-0201
Tharvin-Wek,/thahrveen-wehk/,,Noun,WEK,Year,"Tharvin (Autumn) + Wek (Cycle). A full cycle of the seasons, marked by the harvest/balancing season.",,,,,,Weknor; Lunwek; Mahrowek; Belwek; Kalwek; Wek,Rinaen I Ten-del tharvinwek kaveth.,I am 20 years old.,LX-V4-0084
Thee,/theh-eh/,,Noun,,"Neutral essence (balance, unity).",Preserved as standalone root/morpheme because source clearly defines it.,,,,,,Theon; Theefel,,,DM-RM-V1-0003
Theefel,/theh-ehfehl/,,Noun,Thee; FEL,Neutral child (non-binary child),Refers to a child of neutral identity.,,,,,,Theon; Thee; Kadfel; Azfel; Felorin; Lianfel; Krezfel; Felin; Fel; Felka,Theefel pralmor an shal,The neutral child creates with the light.,LX-V1-0012
Theon,/theh-ohn/,,Noun,Thee,Neutral person (non-binary),Represents balance or gender neutrality.,,,,,,Theefel; Thee,Theon dren kal thal,The neutral person brings strength and balance.,LX-V1-0009
Ther,/thehr/,,Particle,,Comparative marker: more than,,,,,,,Thera; Theraen,I dren shaleth ther La dren.,My water is brighter than their water.,DM-RM-V3-0007
Thera,/theh-rah/,,Noun,Ther,Longing / Yearning,,,,,,,Theraen; Ther,,,LX-V2-0044
Theraen,/theh-rah-ehn/,,Verb,Ther; Aen,To Long For / Yearn For.,"Derivation: From Thera (Longing) + -aen. Usage: Standard verb, follows VSO.",,,,,,Thera; Ther; Amthaen; Aen; Aenor; Aenvor; Ohmbaen; Lianaen; Thalaneshen; Velthaen,Theraen La Shalor.,They long for the Sanctuary.,LX-V3-0090
Thravic,/thrah-veec/,,Noun,,Ambush Predator,Grassland; Camouflaged ambush predator that lies hidden in tall grass before striking with precision.; Cultural role: Grassland danger and precision strike symbol.,,,,,,,,,OHC-0012
Thryssal,/thryssahl/,,Noun,,Swamp Scavenger,Aquatic; Algae-cloaked swamp scavenger that helps purify decaying waters.; Cultural role: Wetland purifier and decay-tender.,,,,,,,,,OHC-0018
Tir,/teer/,Domestic and Sensory Life 1,Noun,,Copper; the reddish workable elemental metal,,New primitive root for copper,,,,,Tirkal,rinaen drenvor tir.,The cup is copper.,LX-DSL1-0013; XR-tir
Tirkal,/teer-kahl/,Domestic and Sensory Life 1,Noun,TIR; KAL,Bronze; the hardened copper-based alloy used for tools vessels fittings or ornament,,Tir + Kal,,,,,Tir; Kal; Kaleth; Jorkal; Serenkal; Kalvok; Kalvokesh; Zhirkalor; Kalorinath; Kalrath,rinaen peleth tirkal.,The blade is bronze.,LX-DSL1-0014
Tl-,/tl-/,,Noun,,"Movement, flow",,,,,,,,,,DM-RM-V2-0028
Tla,/tlah/,,Noun,,Intimacy; closeness; unspoken connection,"Builds words for intimacy, trusted closeness, anticipation, and quietly held personal bonds.",,,,,,Tlakorin; Tlakhura; Tla-,,,XR-tla
Tla-,/tlah-/,,Noun,,"Close, intimate connection",,,,,,,Tlakorin; Tlakhura; Tla,,,DM-RM-V2-0023
Tlakhura,/tlahkhoo-rah/,,Noun,TLA,"A bond shared between two people, unspoken yet strong",,,,,,,Tlakorin; Tla; Tla-,Tlakhura shal dren ser Zhivor.,A bond flows with the family.,LX-V2-0126
Tlakorin,/tlah-koh-reen/,,Noun,TLA,Confidant or trusted companion,,,,,,,Tlakhura; Tla; Tla-,Tlakorin kal dren an Varthas.,The confidant strengthens the city.,LX-V2-0120
Tlankor,/tlahnkohr/,,Noun,,Ally or supporter during challenges,,,,,,,,Tlankor kal dren ser Serin.,The ally strengthens by the water with friends.,LX-V2-0125
Tlosen,/tloh-sehn/,,Interjection,,"""Good evening""",,,,,,,,,,LX-V2-0015
Torin,/toh-reen/,,Noun,,Protein; meat; concentrated animal sustenance,"Builds words for meat, protein, dense sustenance, and concentrated animal nourishment.",,,,,,Kreztorin,Kreztorin nor dren kal morl.,The smoked meat strengthens by the water.,XR-torin
Tov,/tohv/,Domestic and Sensory Life 1,Noun,,A touch or instance of physical contact without continued holding,,Primitive Tov used as an independently lexicalized noun,,,,,Tovaen,kes I tov.,I notice the touch.,LX-DSL1-0044
Tovaen,/toh-vah-ehn/,Domestic and Sensory Life 1,Verb,TOV; Aen,To touch or perceive through bodily contact without implying that the object is held,,Tov + -aen,,,,,Tov; Amthaen; Aen; Aenor; Aenvor; Ohmbaen; Lianaen; Thalaneshen; Velthaen; Wek'aen,tovaen I lem.,I touch the clay.,LX-DSL1-0034
Trak,/trahk/,,Noun,,Tread; step; foot-borne movement,"Builds words for stepping, foot travel, shoes, and movement by tread.",,,,,,Trakor,Ver var I ka trakor.,I do not go without shoes.,XR-trak
Trakor,/trah-kohr/,,Noun,TRAK,"Shoes, Boots",Trak- (tread/step) + -or (place),,,,,,Trak,Ver var I ka trakor.,I do not go without shoes.,LX-V4-0039
Tren,/trehn/,,Noun,,Three,,,,,,,,Ten-tren,30 (Three tens),LX-V3-0136; XR-tren
Unar,/oo-nahr/,,Noun,,One,,,,,,,,Tenar unar,11 (10 + 1),LX-V3-0134; XR-unar
Va,/vah/,,Particle,,Imperatives (Commands) start with Va,Preserved as standalone root/morpheme because source clearly defines it.,,,,,,,Va var dren!,“Go to the water!”,DM-RM-V1-0011
Vaar,/vah-ahr/,,Noun,,Peace / Unity,,,,,,,Vaar'kelaen; Vaareth; Vaarlor; Vaarshen,Rinaen lianor-ian vaareth.,My thought is good.,LX-V2-0037; LX-V2-0041; LX-V4-0113; XR-vaar
Vaar,/vah-ahr/,,Adjective,,Good,,,,,,,Vaar'kelaen; Vaareth; Vaarlor; Vaarshen,Rinaen lianor-ian vaareth.,My thought is good.,LX-V2-0037; LX-V2-0041; LX-V4-0113; XR-vaar
Vaar,/vah-ahr/,,Interjection,,Relief / Phew,,,,,,,Vaar'kelaen; Vaareth; Vaarlor; Vaarshen,Rinaen lianor-ian vaareth.,My thought is good.,LX-V2-0037; LX-V2-0041; LX-V4-0113; XR-vaar
Vaar'kelaen,/vah-ahr'keh-lah-ehn/,,Verb,Aen; VAAR; KEL,To Feel Relief.,"Derivation: From Vaar (Peace) + hypothetical kel (arrive) + -aen. Usage: Standard verb, follows VSO.",,,,,,Amthaen; Aen; Aenor; Aenvor; Ohmbaen; Lianaen; Thalaneshen; Velthaen; Wek'aen; Rathorimaen,Vaar'kelaen I an shal.,I feel relief in the light.,LX-V3-0106
Vaaranoraen,/vah-ahrah-noh-rah-ehn/,,Verb,Aen,To Feel Contentment / Inner Peace.,"Derivation: Hypothetical noun Vaaranor (Inner Peace) + -aen. Usage: Standard verb, follows VSO.",,,,,,Amthaen; Aen; Aenor; Aenvor; Ohmbaen; Lianaen; Thalaneshen; Velthaen; Wek'aen; Rathorimaen,Vaaranoraen Velar ser teremil.,The elder feels content with the meal.,LX-V3-0102
Vaareth,/vah-ahrehth/,,Adjective,VAAR,"Good, Peaceful, Harmonious",Vaar (peace/unity) + -eth,,,,,,Vaar; Vaar'kelaen; Vaarlor; Vaarshen,Rinaen lianor-ian vaareth.,My thought is good.,LX-V4-0028
Vaarlor,/vah-ahrlohr/,,Noun,VAAR,Safety (A place of peace),Vaar (peace) + -lor (place),,,,,,Vaar; Vaar'kelaen; Vaareth; Vaarshen,Var Ilin an vaarlor.,We go into safety.,LX-V4-0073
Vaarshen,/vahr-shehn/,Post-Fracture Mechanics 1,,VAAR; SHEN,A safe clearance distance established between a hazard and an unprotected person or place,,Vaar + Shen,,,,,Vaar; Vaar'kelaen; Vaareth; Vaarlor; Belshen; Thalaneshen; Ka-Shen; Shen; Droshen; Shenlian,dar sharavok an vaarshen.,The caravan waits at the safe distance.,LX-PFM1-0037
vael,/vah-ehl/,,Particle,,Subjunctive mood: wishes/hypotheticals,,,,,,,,Vael vaar an shara-ya.,May peace be on your path.,DM-RM-V4-0002
Van,/vahn/,,Noun,,Commercial site; market-space; shop-place,"Builds words for market-space, shop-place, and locations dedicated to commerce or exchange.",,,,,,,Felorin vanesh dren an Evan.,The berries trade at the market.,XR-van
Vanesh,/vah-nehsh/,,Noun,,Commerce; formal trade; merchant work,"Builds words for trade, market action, bargaining, goods, and merchant activity.",,,,,,Vaneshem; Thalaneshen,Vanesh Ilin ka-shen lialor.,We trade via barter indeed.,XR-vanesh
Vaneshem,/vah-nehshehm/,,Noun,VANESH,Goods / Wares / Trade Items. The physical products being exchanged.,"Vanesh (trade) + -em (perhaps related to emil food, or a general marker for 'items')",,,,,,Thalaneshen; Vanesh,Var Varadan vaneshem an Varthas.,The Merchant brings goods into the City.,LX-V2-0138
Var,/var/,,Verb,,Go / Move,Formal/purposeful use: deliberate or directed movement.,,,,,,Pelvar; Xilvar; Drenvaraen; Shalvar; Vethvar; Varnor; Pelvaraen; Var-,Var I an vaar,I go in peace / I am peaceful,LX-V1-0015; LX-V2-0034; LX-V2-0063; LX-V3-0010; LX-V4-0099
Var,/var/,,Preposition,,To / Towards,,,,,,,Pelvar; Xilvar; Drenvaraen; Shalvar; Vethvar; Varnor; Pelvaraen; Var-,Var I an vaar,I go in peace / I am peaceful,LX-V1-0015; LX-V2-0034; LX-V2-0063; LX-V3-0010; LX-V4-0099
Var-,/vahr-/,,Verb,,"To go, move, travel; also preposition to/towards; action and existence.",Conceptual layer preserved; links to existing Var verb/preposition rows.,,,,,,Var; Pelvar; Xilvar; Drenvaraen; Shalvar; Vethvar; Varnor; Pelvaraen,Var I an vaar,I go in peace / I am peaceful,DM-RM-S3-0018
Vara,/vah-rah/,,Particle,,"Then, Next, So (sequencer).",Usage: Typically clause-initial.,,,,,,,,,LX-V3-0026
Varadan,/vah-rah-dahn/,,Noun,,Merchant,"Frequent marketplace word for the person who trades, bargains, or brings goods.",,,,,,,Var Varadan vaneshem an Varthas.,The Merchant brings goods into the City.,DX-varadan
Varash,/vah-rahsh/,,Noun,ASH,Future / Prophecy,,,,,,,Lorash; Rinvarash; Rathorkinash; Morl-karash,Ra rethaen Ya nor Varash?,Do you worry about the future?,LX-V2-0021
Varkareth,/vahrkah-rehth/,,Noun,,"""Metal-mover"" or ""gear-grinder""; implies reliance on machines and lack of natural warmth.",Used to insult Mechuma's heavy technological dependence over natural wisdom.,,,,,,,,,LX-V3-0125
Varnor,/vahr-nohr/,Conversational Narrative Engine 1,Preposition,NOR; Var-,Until or up to a specified time or event,,Var + Nor,,,,,Nor; Weknor; Athnor; Nethnor; Shalnor; Vethnor; Sernor; Norzhir; Thalnor; Norreth,dar sharavok varnor mahrwek.,The caravan waits until the tide.,LX-CNE1-0040
Varok,/vah-rohk/,,Verb,,Command / Direct,,,,,,,,Krezaen Kadron an varok.,The man rages at the command.,LX-V2-0029
Varthas,/vahrthahs/,,Noun,,City / Town,,,,,,,,Varan I an Varthas.,,LX-V2-0082
Varthen,/vahrthehn/,,Particle,,“So” or “Thus.”,"“Varthen, Ya var dren?” – “So, you go to the water?”",,,,,,,"Varthen, Ya var dren?","So, you go to the water?",LX-V3-0023
Veilgliders,/veh-eelglee-dehrs/,,Noun,,Gliding Insectivore,Ohnosha Forest; Nocturnal gliding insectivores with transparent shimmering wings that move silently through the canopy and leave glowing spores behind.; Cultural role: Canopy night-life creature associated with quiet motion.,,,,,,,,,OHC-0004
Vek,/vehk/,,Noun,,Carrier; vessel; transported charge or substance,"Builds words for vessels, carriers, bars, and objects that hold or transport substance or energy.",,,,,,Zhelvek; Mahrvek; Karvek; Vekaen; Krezvek; Kavvek; Xarvek,Zhelvek kal dren.,The energy bar strengthens with water.,XR-vek
Vekaen,/veh-kah-ehn/,Conversational Narrative Engine 1,Verb,Aen; VEK,To carry or transport while retaining responsibility for what is moved,,Vek + -aen,,,,,Amthaen; Aen; Aenor; Aenvor; Ohmbaen; Lianaen; Thalaneshen; Velthaen; Wek'aen; Rathorimaen,vekaen I karvek.,I carry the toolkit.,LX-CNE1-0002
Vel,/vehl/,,Noun,,Wisdom; stillness; cold endurance,"Builds words for elderhood, cold stillness, memory, and age-earned wisdom or endurance.",,,,,,Xarvel; Vellian; Velrin; Velithor; Velmek; Velthamor; Velkorin; Velkrin; Velthaen; Velarshor,Arth Vel vaar.,Calm endurance preserves peace; find strength in stillness (Nivveil).,XR-vel
Vel'rathor,/vehl'rahthohr/,,Noun,VEL,Enduring Memory / Still Past.,,,,,,,Xarvel; Vellian; Velrin; Velithor; Velmek; Velthamor; Velkorin; Velkrin; Velthaen; Velarshor,,,LX-V3-0067
Velaen,/veh-lah-ehn/,,Verb,Aen; VEL,"To Eat, To take sustenance",Vel (sustenance) + -aen,,,,,,Amthaen; Aen; Aenor; Aenvor; Ohmbaen; Lianaen; Thalaneshen; Velthaen; Wek'aen; Rathorimaen,Velaen Ilin morlak.,We eat the bread.,LX-V4-0052
Velalivar,/vehl-ah-lee-vahr/,National Expansion 1,Noun,LIVAR; VEL,Preservation through cold or dormancy,,Vel + Livar,Nivveil,"Nivveilian cold storage; Verdalrisian preservation of seeds, herbs, or specimens.",Vellivar,/vehl-lee-vahr/,Drenlivar; Livaraen; Vellivaraen; Livar; Xarvel; Vellian; Velrin; Velithor; Velmek; Velthamor,rinaen emil an velalivar.,The food is in cold storage.,LX-NE1-0024
Velar,/veh-lahr/,,Noun,VEL,Elder/Grandparent,Retain as-is.,,,,,,Xarvel; Vellian; Velrin; Velithor; Velmek; Velthamor; Velkorin; Velkrin; Velthaen; Velarshor,Velar shalil nor dren.,The elder moves lightly by the water.,LX-V3-0042
Velarshor,/veh-lahrshohr/,,Noun,ARSHOR; VEL,Fog,"A quiet, enveloping mist.",,,,,,Arshor; Xarvel; Vellian; Velrin; Velithor; Velmek; Velthamor; Velkorin; Velkrin; Velthaen,Velarshor dren thal morl.,The mist rests over the mountain.,LX-V2-0206
Velek,/veh-lehk/,,Adjective,,White,Inspired by Velk (ice),,,,,,,Rinaen morlak velek.,The bread is white.,LX-V4-0046
Veleth,/veh-lehth/,,Adjective,VEL,"Cold, Cool, Slow",Vel- (cold/stillness) + -eth,,,,,,Xarvel; Vellian; Velrin; Velithor; Velmek; Velthamor; Velkorin; Velkrin; Velthaen; Velarshor,Rinaen velk veleth.,The ice is cold.,LX-V4-0031
Velian,/veh-lee-ahn/,,Possessive,,Our / Direct Possession marker,,,,,,,,,,LX-V3-0064
Velithor,/veh-leethohr/,,Noun,VEL,Strong Ale,Vel + ithor = energy strength; unchanged,,,,,,Xarvel; Vellian; Velrin; Velmek; Velthamor; Velkorin; Velkrin; Velthaen; Velarshor; Drenvelesh,Velithor nor dren.,The ale rests by the water.,LX-V2-0163
Veljor,/vehl-johr/,National Expansion 1,Noun,VEL; JOR,Sudden freeze; cold snap,,Vel + Jor,Nivveil,A brief and forceful onset of freezing weather.,,,Xarvel; Vellian; Velrin; Velithor; Velmek; Velthamor; Velkorin; Velkrin; Velthaen; Velarshor,arth xarphelor Ilin thal veljor.,The insulated shelter protects us from the cold snap.,LX-NE1-0025
Velk,/vehlk/,,Noun,,Ice/Frozen water,,,,,,,,Rinaen velk veleth.,The ice is cold.,LX-V2-0078
Velkavor,/vehlkah-vohr/,,Noun,KAV; VEL,Ancestor / Great-grandparent,Vel (wisdom) + kav (preserved/ancient) + or (time).,,,,,,Kaveth; Drokav; Liankavor; Kavral; Kavvek; Kav; Xarvel; Vellian; Velrin; Velithor,Velkavor lian nor Terra.,The ancestor speaks to the Earth.,LX-V3-0044
Velkorin,/vehlkoh-reen/,,Noun,VEL,Military Ration,Vel = energy + korin = prepared for travel,,,,,,Xarvel; Vellian; Velrin; Velithor; Velmek; Velthamor; Velkrin; Velthaen; Velarshor; Drenvelesh,Velkorin shal dren.,The ration flows lightly by the water.,LX-V2-0189
Velkrin,/vehlkreen/,,Noun,VEL,Fermented Drink,Vel = sustenance + krin = aged/fermented,,,,,,Xarvel; Vellian; Velrin; Velithor; Velmek; Velthamor; Velkorin; Velthaen; Velarshor; Drenvelesh,Velkrin nor dren.,The fermented drink rests by the water.,LX-V2-0196
Vellian,/vel-lee-ahn/,,Noun,LIAN; VEL,"Quality Goods / Honest Value / True Sustenance. Refers to goods considered high quality, fairly priced, or genuinely valuable.",Vel (sustenance/food or wisdom/value?) + Lian (truth/honesty),,,,,,Lian; Lianaen; Lianfel; Lianor; Lianeth; Lianbelrin; Thallian; Shenlian; Liankavor; Worlian,Tal Varadan vellian an Ilan.,The Merchant offers quality goods to the Student.,LX-V2-0141
Vellivaraen,/vehl-lee-vahr-ah-ehn/,"Food, Agriculture, and Preservation 2",Verb,Aen; LIVAR; VEL,To preserve food or another perishable substance through freezing or sustained cold storage,,Vel cold stillness + Livar preservation + -aen,,,Velalivaraen,/veh-lah-lee-vahr-ah-ehn/,Amthaen; Aen; Aenor; Aenvor; Ohmbaen; Lianaen; Thalaneshen; Velthaen; Wek'aen; Rathorimaen,vellivaraen I nesh.,I preserve the fish by freezing it.,LX-FAP2-0025
Velmarin,/vehlmah-reen/,,Noun,MARIN; VEL,Ancient Tree (species),Vel (wisdom) + Marin (branch),,,,,,Velmarineth; Marin; Xarvel; Vellian; Velrin; Velithor; Velmek; Velthamor; Velkorin; Velkrin,Velmarin shalil nor dren.,The honorary elder moves lightly by the water.,LX-V3-0059; LX-V4-0062
Velmarin,/vehlmah-reen/,,Noun,MARIN; VEL,Honorary Elder,Vel (wisdom) + mar (branch) + in (connected).,,,,,,Velmarineth; Marin; Xarvel; Vellian; Velrin; Velithor; Velmek; Velthamor; Velkorin; Velkrin,Velmarin shalil nor dren.,The honorary elder moves lightly by the water.,LX-V3-0059; LX-V4-0062
Velmarineth,/vehlmah-ree-nehth/,,Noun,MARIN; VEL,Elder's Blessing,Derived From: Vel (wisdom) + marin (branch) + eth (sacred). Meaning: A ceremony where elders bless the younger branches of the family tree.,,,,,,Velmarin; Marin; Xarvel; Vellian; Velrin; Velithor; Velmek; Velthamor; Velkorin; Velkrin,Velmarineth lian nor Felka.,The elder's blessing speaks to the child.,LX-V3-0116
Velmek,/vehlmehk/,,Noun,MEK; VEL,Synthetic Protein,Vel = sustenance + mek = forged,,,,,,Zhelvek; Mekral; Mormek; Mekrask; Selmek; Mek; Xarvel; Vellian; Velrin; Velithor,Velmek nor dren an Evan.,The synthetic protein is traded at the market.,LX-V2-0168
Velmor,/vehl-mohr/,National Expansion 1,Noun,MOR; VEL,Frozen ground; permafrost,,Vel + Mor,Nivveil,Ground held in enduring cold.,,,Kinnmor; Brenmor; Pralmor; Welmor; Morlak; Belmor; Tharmor; Morthas; Morvenak; Krezmorath,rinaen velmor moreth.,The frozen ground is hard.,LX-NE1-0021
Velnor,/vehl-nor/,Post-Fracture Mechanics 1,Noun,NOR; VEL,Temporal drag in which time passes abnormally slowly relative to its surroundings,,Vel + Nor,,,,,Nor; Weknor; Athnor; Nethnor; Shalnor; Vethnor; Sernor; Varnor; Norzhir; Thalnor,rinaen velnor an lianrethor.,There is temporal drag in the anomaly zone.,LX-PFM1-0011
Velpralim,/vehlprah-leem/,,Noun,SHAN; PRAL; VEL,Wisdom Transfer Ritual,Derived From: Vel (wisdom) + pral (intricacy) + im (essence). Meaning: A ceremony for elders to pass their knowledge to younger generations.,,,,,,Terrashaneth; Dralshaneth; Shan; Norshan; Shanvelrathor; Shanvelzhiraen; Pralmor; Pralvinor; Pralin; Velpralor,Velpralim shan dren an Zhirelorim.,The wisdom transfer passes to the coming-of-age ritual.,LX-V3-0110
Velpralor,/vehlprah-lohr/,,Noun,PRAL; VEL,Elder Partner,Vel (wisdom) + pral (intricacy) + or (time).,,,,,,Pralmor; Pralvinor; Pralin; Pralvokesh; Velpralim; Pralor; Pralaen; Pral; Rethpral; Krezpral,Velpralor kal dren nor Velar.,The elder partner strengthens with the elder by the water.,LX-V3-0050
Velrathor,/vehlrahthohr/,,Noun,VEL,Memory,Vel (enduring) + Rathor (past),,,,,,Xarvel; Vellian; Velrin; Velithor; Velmek; Velthamor; Velkorin; Velkrin; Velthaen; Velarshor,Rinaen velrathor vaareth.,The memory is good.,LX-V4-0067
Velrin,/vehlreen/,,Noun,RIN; VEL,Meal/Food,general; unchanged; Vel + rin = sustenance essence,,,,,,Belrin; Brosrin; Balrin; Talrin; Rinvarash; Phelrin; Vethrin; Kelrin; Rinshen; Rin,Velrin kal dren an Serin.,The food strengthens with friends by the water.,LX-V2-0148
Velshen,/vehlshehn/,,Noun,,Burrowing Creature,Desert; Armored burrowing moisture-hoarder with spade-like claws; survives by digging deep and conserving water internally.; Cultural role: Desert survival and conservation figure.,,,,,,,,,OHC-0006
Velterim,/vehlteh-reem/,,Noun,VEL,Desert Passage Ceremony,"Derived From: Vel (stillness/cold) + ter (journey) + im (essence). Meaning: A coming-of-age ritual where individuals complete a journey across the desert, symbolizing growth and resilience.",,,,,,Xarvel; Vellian; Velrin; Velithor; Velmek; Velthamor; Velkorin; Velkrin; Velthaen; Velarshor,Velterim shan dren nor Zhirelorim.,The desert passage passes to the coming-of-age ritual.,LX-V3-0121
Velthaelvok,/vehlthah-ehlvohk/,,Noun,THAEL; VOK; VEL,Winter Unity Ceremony,Derived From: Vel (cold) + thael (motion) + vok (unity). Meaning: A ritual for families to renew bonds during the harsh winter season.,,,,,,Eshthael; Thael; Lorlivok; Voktarin; Belvok; Kalvok; Kalvokesh; Pralvokesh; Vokaen; Drenvokesh,Velthaelvok ser dren thal Velthaen.,The winter unity flows with the cold season.,LX-V3-0117
Velthaen,/vehlthah-ehn/,,Noun,THAEN; Aen; VEL,Winter,The season of cold and spiritual stillness.,,,,,,Amthaen; Thaen; Aen; Aenor; Aenvor; Ohmbaen; Lianaen; Thalaneshen; Wek'aen; Rathorimaen,Velthaen dren nor morl.,Winter flows by the mountain.,LX-V2-0202
Velthamor,/vehlthah-mohr/,,Noun,THAM; VEL,Frozen Root Mash,Vel = sustenance + tham = mashed + or = earth,,,,,,Kelvorthamaen; Jekthamaen; Felthamaen; Tham; Xarvel; Vellian; Velrin; Velithor; Velmek; Velkorin,Velthamor nor dren thal morl.,The frozen root mash is by the water and mountain.,LX-V2-0183
Velxorin,/vehlxoh-reen/,,Noun,VEL,Elder Ancestor,Vel (wisdom) + xor (hidden) + in (person).,,,,,,Xarvel; Vellian; Velrin; Velithor; Velmek; Velthamor; Velkorin; Velkrin; Velthaen; Velarshor,Velxorin lian nor Terra.,The elder ancestor speaks to the Earth.,LX-V3-0054
Velzhiraen,/vehl-zhee-rah-ehn/,Conversational Narrative Engine 1,Verb,Aen; ZHIR; VEL,To remember or retain a fact person event or intention in memory,,Vel + Zhir + -aen,,,,,Amthaen; Aen; Aenor; Aenvor; Ohmbaen; Lianaen; Thalaneshen; Velthaen; Wek'aen; Rathorimaen,velzhiraen I dralshara.,I remember the star route.,LX-CNE1-0017
Ven,/vehn/,,,,Subtraction marker meaning minus/subtract,Corrected to match the actual subtraction pattern used elsewhere in the canon data.,,,,,,Oven; Venak,Hek-quen Ven Hek-del,400 - 200 = 200,DM-RM-V3-0019
Venak,/veh-nahk/,,Noun,,Warmth-vessel; held heat; stew-state,"Builds words for stew-like dishes, warm held mixtures, and food gathered into a vessel-form.",,,,,,Worvenak; Morvenak,Worvenak kal dren.,The abundant stew strengthens by the water.,XR-venak
Ver,/vehr/,,Particle,,Negation before the verb or noun,Preserved as standalone root/morpheme because source clearly defines it.,,,,,,,Ver var I dren.,“I do not go to the water.”,DM-RM-V1-0009
Ver-,/vehr-/,,Prefix,,Negation,,,,,,,,,,DM-RM-V2-0037
Verd,/vehrd/,,Noun,,Foliage; forest growth; botanical life,"Builds words for forests, foliage, green growth, and plant-dominant landscapes.",,,,,,Verdor; Verdeth; Verdvin; Belverd; Arthverd; Verdsov; Felverd; Morlverd,Rinaen xaresh verdeth.,The cloak is green.,XR-verd
Verdeth,/vehrdehth/,,Adjective,VERD,Green,Inspired by Verdor (forest),,,,,,Verdor; Verdvin; Belverd; Arthverd; Verdsov; Felverd; Morlverd; Verd,Rinaen xaresh verdeth.,The cloak is green.,LX-V4-0043
Verdor,/vehrdohr/,,Noun,VERD,forest place/realm,,,,,,,Verdeth; Verdvin; Belverd; Arthverd; Verdsov; Felverd; Morlverd; Verd,Ra var rathvethor an Verdor?,Is there a hidden enemy in the forest?,LX-V2-0075
Verdsov,/vehrd-sohv/,"Food, Agriculture, and Preservation 1",Noun,SOV; VERD,"A garden; a cultivated plot primarily containing herbs, vegetables, flowers, or mixed plants",,Verd botanical growth + Sov cultivated plot,,,Verdasov,/vehr-dah-sohv/,Sov; Brossov; Vilorsov; Verdor; Verdeth; Verdvin; Belverd; Arthverd; Felverd; Morlverd,rinaen fennil an verdsov.,The herbs are in the garden.,LX-FAP1-0008
Verdvin,/vehrd-veen/,National Expansion 1,Noun,VERD; VIN,Sap; plant extract,,Verd + Vin,Verdalris,A fluid drawn from botanical life.,,,Verdor; Verdeth; Belverd; Arthverd; Verdsov; Felverd; Morlverd; Verd; Phelvin; Teravin,rinaen verdvin an verd.,The sap is in the foliage.,LX-NE1-0016
Verin,/veh-reen/,,Noun,,Zero,,,,,,,,,,LX-V3-0133
Verka,/vehrkah/,,Particle,,Not at all! Absolutely not! (emphatic negation).,Usage: Response marker.,,,,,,,,,LX-V3-0036
Vershalaen,/vehrshah-lah-ehn/,,Verb,Aen; SHAL,To Despair / Lose Hope.,"Derivation: From Ver- (Negation) + Shal (Light/Hope) + -aen. Usage: Standard verb, follows VSO.",,,,,,Amthaen; Aen; Aenor; Aenvor; Ohmbaen; Lianaen; Thalaneshen; Velthaen; Wek'aen; Rathorimaen,Vershalaen La nor fah.,They despair in the darkness.,LX-V3-0100
Vershara,/vehrshah-rah/,,Noun,SHARA,Prey Animal (deer-like),Verdor (forest) + Shara (path),,,,,,Shara; Belshara; Sharbel; Sharaka; Shar; Kinnshara; Awekshara; Dralshara; Sharavok; Sharaen,Velaen vethral vershara.,The pack hunter eats the prey animal.,LX-V4-0059
Veth,/vehth/,,Noun,,Shade; mystery; hidden or sleeping things,"Builds words for shadow, sleep, hiddenness, mystery, stalking, and the unseen.",,,,,,Vethhar; Vethsoril; Xarvethral; Belvethral; Veth'tharaen; Shalorveth; Vethral; Vethrin; Vethdren; Vethvar,Vethhar nor dren.,The shadowspice rests by the water.,XR-veth
Veth'tharaen,/vehth'thah-rah-ehn/,,Verb,Aen; VETH; THAR,To Feel Shame / Guilt.,"Derivation: From Veth (Shadow) + Thar (Heart) + -aen. Usage: Standard verb, follows VSO.",,,,,,Amthaen; Aen; Aenor; Aenvor; Ohmbaen; Lianaen; Thalaneshen; Velthaen; Wek'aen; Rathorimaen,Veth'tharaen Kadron nor lian ver.,The man feels shame for the untruth.,LX-V3-0104
Vethdren,/vehth-drehn/,National Expansion 1,Noun,DREN; VETH,Concealed or subterranean water,,Veth + Dren,Zarithan,A hidden survival source in Zarithan; a protected underground supply in Jasara.,,,Dren; Morldren; Peldren; Terradren; Drenshal; Drenlivar; Drenkor; Drenalor; Drenvelesh; Drenvokesh,var sharavok an vethdren.,The caravan goes to the hidden water source.,LX-NE1-0040
Vethhar,/vehthhahr/,,Noun,VETH,Shadowspice,Veth + har = mystical vitality,,,,,,Vethsoril; Xarvethral; Belvethral; Veth'tharaen; Shalorveth; Vethral; Vethrin; Vethdren; Vethvar; Vethnor,Vethhar nor dren.,The shadowspice rests by the water.,LX-V2-0161
Vethnor,/veth-nohr/,Conversational Narrative Engine 1,Preposition,VETH; NOR,After or later than a reference event or time,,Veth + Nor,,,Vethanor,/veth-ah-nohr/,Vethhar; Vethsoril; Xarvethral; Belvethral; Veth'tharaen; Shalorveth; Vethral; Vethrin; Vethdren; Vethvar,var I vethnor kilveth.,I go after evening.,LX-CNE1-0038
Vethor,/vehthohr/,,Noun,Fah- / Vethor-,Shadow / Mystery,,,,,,,Fah,Lorin Ilin belshara an vethor.,Guide us in the coordinated maneuver through the shadow.,LX-V2-0009; LX-V2-0067; LX-V4-0117
Vethor,/vehthohr/,,Verb,Fah- / Vethor-,Sleep,,,,,,,Fah,Lorin Ilin belshara an vethor.,Guide us in the coordinated maneuver through the shadow.,LX-V2-0009; LX-V2-0067; LX-V4-0117
Vethoraen,/vehthoh-rah-ehn/,,Verb,Aen,"To Sleep, To enter shadow",Vethor (shadow) + -aen,,,,,,Amthaen; Aen; Aenor; Aenvor; Ohmbaen; Lianaen; Thalaneshen; Velthaen; Wek'aen; Rathorimaen,Nor-vethoraen Ilin an nethlor.,We will sleep on the beds.,LX-V4-0056
Vethordrenka,/vehthohrdrehnkah/,,Noun,,"""Shadow-water leech""; insults their reliance on hidden water resources or mysterious magic.",Jasarans accused of parasitically surviving through secretive means.,,,,,,,,,LX-V3-0131
Vethral,/vehthrahl/,,Noun,RAL; VETH,Pack Hunter,Veth (shadow) + Ral (caretaker/stalker),,,,,,Dral; Jindral; Nkural; Xarvethral; Belvethral; Pral; Droral; Mekral; Zhaelral; Kavral,Var vethral joreth.,The pack hunter goes fast.,LX-V4-0058
Vethrin,/vehthreen/,,Noun,VETH; RIN,Dream (Essence of shadow),Veth (shadow) + Rin (essence),,,,,,Vethhar; Vethsoril; Xarvethral; Belvethral; Veth'tharaen; Shalorveth; Vethral; Vethdren; Vethvar; Vethnor,Var I an vethrin.,I go into a dream.,LX-V4-0069
Vethsoril,/vehthsoh-reel/,,Noun,SORIL; VETH,Shadowspice Stew,Veth = shadow + soril = deep flavor,,,,,,Soril; Vethhar; Xarvethral; Belvethral; Veth'tharaen; Shalorveth; Vethral; Vethrin; Vethdren; Vethvar,Vethsoril ser dren.,The stew is shared with water.,LX-V2-0192
Vethvar,/veth-vahr/,Conversational Narrative Engine 1,Preposition,VETH; Var-,Behind or at the back of relative to facing or motion,,Veth + Var,,,Vethavar,/veth-ah-vahr/,Vethhar; Vethsoril; Xarvethral; Belvethral; Veth'tharaen; Shalorveth; Vethral; Vethrin; Vethdren; Vethnor,var ser vethvar I.,The friend goes behind me.,LX-CNE1-0035
Vethvelrathor,/vehth-vehl-rah-thor/,Post-Fracture Mechanics 1,Noun,VETH,An Echo; a residual memory-pattern of a soul or entity that repeats without thought intention or agency,,Veth + Velrathor,,,Vethavelrathor,/veh-thah-vehl-rah-thor/,Vethhar; Vethsoril; Xarvethral; Belvethral; Veth'tharaen; Shalorveth; Vethral; Vethrin; Vethdren; Vethvar,kes I vethvelrathor.,I notice an Echo.,LX-PFM1-0015
Vexflit,/vehxfleet/,,Noun,,Pollinator Bird,"Grassland; Colorful pollinator bird with bright tail plumes and a musical call, vital to seed spreading and flowering grasses.; Cultural role: Seed-spreading and flowering-grass support.",,,,,,,,,OHC-0014
Vial,/vee-ahl/,,Noun,,Joy / Happiness,,,,,,,,,,LX-V2-0046
Vialaen,/vee-ahlah-ehn/,,Verb,Aen,To Be Joyful / Rejoice.,"Derivation: From Vial (Joy) + -aen. Usage: Standard verb, follows VSO.",,,,,,Amthaen; Aen; Aenor; Aenvor; Ohmbaen; Lianaen; Thalaneshen; Velthaen; Wek'aen; Rathorimaen,Vialaen Ilin ser vaar.,We rejoice in peace.,LX-V3-0091
Vilor,/vee-lohr/,,Noun,,Berry essence; small sweet fruit,"Builds words for berries, small fruits, and compact sweet or energetic produce.",,,,,,Jorvilor; Eshvilor; Vilorsov,Jorvilor nor dren.,The drink rests by the water.,XR-vilor
Vilorsov,/vee-lohr-sohv/,"Food, Agriculture, and Preservation 1",Noun,SOV; VILOR,An orchard or fruit grove; a cultivated plot of fruit-bearing perennial plants,,Vilor small fruit or berry essence + Sov cultivated plot,,,,,Sov; Brossov; Verdsov; Jorvilor; Eshvilor; Vilor,rinaen zornelar an vilorsov.,The honey is in the orchard.,LX-FAP1-0009
Vin,/veen/,,Noun,,Pull; extraction; drawing out essence,"Builds words for drawing out, harvest, extraction, and movement from inner source to outer form.",,,,,,Phelvin; Teravin; Jekvin; Welvinor; Tharvin; Felvin; Xarfelvin; Verdvin; Zordrenvinaen; Seldrenvinaen,Phelvin nor dren.,The comforting drink rests by the water.,XR-vin
Vindrenaen,/veen-drehn-ah-ehn/,"Food, Agriculture, and Preservation 2",Verb,Aen; DREN; VIN,To dehydrate or deliberately dry something by extracting enough moisture to slow spoilage or change its use,,Vin extraction + Dren water + -aen,,,Vinadrenaen,/vee-nah-drehn-ah-ehn/,Amthaen; Aen; Aenor; Aenvor; Ohmbaen; Lianaen; Thalaneshen; Velthaen; Wek'aen; Rathorimaen,vindrenaen I vilor.,I dry the fruit.,LX-FAP2-0023
Vok,/vohk/,,Noun,,Unity / Bond,,,,,,,Lorlivok; Voktarin; Belvok; Kalvok; Kalvokesh; Pralvokesh; Vokaen; Drenvokesh; Zhivokesh; Velthaelvok,Vok + Thal -> Vokathar,A Harmonious Union,LX-V4-0120; XR-vok
Vok,/vohk/,,Verb,,Betray,,,,,,,Lorlivok; Voktarin; Belvok; Kalvok; Kalvokesh; Pralvokesh; Vokaen; Drenvokesh; Zhivokesh; Velthaelvok,Vok + Thal -> Vokathar,A Harmonious Union,LX-V4-0120; XR-vok
Vok-,/vohk-/,,Noun,,Duality of breaking a bond and forming a unity; noun Vok means unity; verb vokaen breaks unity.,Refines Vok unity/betrayal polysemy; no merge or correction applied.,,,,,,Lorlivok; Voktarin; Belvok; Kalvok; Kalvokesh; Pralvokesh; Vokaen; Drenvokesh; Zhivokesh; Velthaelvok,,,DM-RM-S3-0022
Vokaen,/voh-kah-ehn/,,Verb,VOK; Aen,To Betray / Break Bond.,"Derivation: From Vok (Unity/Bond) + -aen. Usage: Standard verb, follows VSO.",,,,,,Lorlivok; Voktarin; Belvok; Kalvok; Kalvokesh; Pralvokesh; Drenvokesh; Zhivokesh; Velthaelvok; Zhirvok,Vokaen Ser rath.,The friend betrays the enemy.,LX-V3-0103
Voktarin,/vohktah-reen/,,Noun,TARIN; VOK,Preserved Dates,Vok = bond + tarin = dried sweetness,,,,,,Tarin; Lorlivok; Belvok; Kalvok; Kalvokesh; Pralvokesh; Vokaen; Drenvokesh; Zhivokesh; Velthaelvok,Voktarin nor dren.,The preserved dates rest by the water.,LX-V2-0181
Vorkor,/vohrkohr/,,Noun,KOR,"Door, Gateway (mundane)",Vor (place of bond) + Kor (source),,,,,,Korin; Drenkor; Drenkorath; Shalkor; Belkor; Kor; Zhirkor; Aivkor; Belkoraen; Jelkor,Var I thal vorkor.,I go from/through the door.,LX-V4-0012
Vrekthael,/vrehkthah-ehl/,,Interjection,,"Ceremonial ""Greetings""",,,,,,,,,,LX-V2-0019
Vroshan,/vrohshahn/,,Noun,,Scavenger,Mountain; Broad-winged high-altitude scavenger whose haunting call echoes across mountain peaks.; Cultural role: Peak scavenger and omen-like presence.,,,,,,,,,OHC-0010
Wek,/wehk/,,Noun,,Circularity or cycles (symbolizing completeness or renewal).,Conceptual range: Cycle; repetition; patterned return,,,,,,Weknor; Lunwek; Tharvin-Wek; Mahrowek; Belwek; Kalwek,Weknor nor dren.,The cyclical time rests by the water.,XR-wek; DM-RM-V2-0016
Wek'aen,/wehk'ah-ehn/,,Particle,Aen,"Again, As said before, To repeat (repetition).",Usage: Typically sentence-initial or near repeated idea.,,,,,,Amthaen; Aen; Aenor; Aenvor; Ohmbaen; Lianaen; Thalaneshen; Velthaen; Rathorimaen; Fah'tharaen,Rakel. Va aen Ya wek'aen.,Pardon? Say it again.,LX-V3-0038
Weknor,/wehknohr/,,Noun,NOR; WEK,Cyclical time,Wek + nor = time,,,,,,Nor; Athnor; Nethnor; Shalnor; Vethnor; Sernor; Varnor; Norzhir; Thalnor; Norreth,Weknor nor dren.,The cyclical time rests by the water.,LX-V2-0112
Wel,/wehl/,,Verb,,"Sharing or unity (emphasizing communal aspects, symbolizing seamless connections or unbroken lines).",Conceptual range: Communal flow; sharing; seamless connection,,,,,,Welrim; Welmor; Welvinor; Welkarin; Welkrez,Welrim ser dren an Serin.,The feast is shared with friends and water.,XR-wel; DM-RM-V2-0015
Welkarin,/wehlkah-reen/,,Noun,WEL,Flowing Desert Drink,Wel = flow + karin = soothing,,,,,,Welrim; Welmor; Welvinor; Welkrez; Wel,Welkarin kal dren.,The drink strengthens with water.,LX-V2-0194
Welkrez,/wehl-krehz/,National Expansion 1,Noun,KREZ; WEL,Shared fire; communal heat source,,Wel + Krez,Nivveil,A communally maintained hearth or source of warmth.,,,Krez; Krezor; Krezfel; Kreztorin; Krezlorin; Krezrek; Krezaen; Kreztharim; Krezmorath; Krezvek,rinaen welkrez an teremil.,The shared hearth is in the home.,LX-NE1-0023
Welmor,/wehlmohr/,,Noun,WEL; MOR,Flowing earth,Wel + mor = ground,,,,,,Welrim; Welvinor; Welkarin; Welkrez; Wel; Kinnmor; Brenmor; Pralmor; Morlak; Belmor,Welmor vanesh dren.,The flowing earth trades by the water.,LX-V2-0111
Welrim,/wehlreem/,,Noun,WEL,Continuous Feast,Wel + rim = flowing celebration,,,,,,Welmor; Welvinor; Welkarin; Welkrez; Wel,Welrim ser dren an Serin.,The feast is shared with friends and water.,LX-V2-0110; LX-V2-0153
Welrim,/wehlreem/,,Noun,WEL,Shared feast,Wel + rim = celebration,,,,,,Welmor; Welvinor; Welkarin; Welkrez; Wel,Welrim ser dren an Serin.,The feast is shared with friends and water.,LX-V2-0110; LX-V2-0153
Welvinor,/wehlvee-nohr/,,Noun,VIN; WEL,Flowing Mead,Wel = flow + vinor = sweet liquid,,,,,,Phelvin; Teravin; Jekvin; Tharvin; Felvin; Xarfelvin; Verdvin; Zordrenvinaen; Seldrenvinaen; Vindrenaen,Welvinor nor dren.,The flowing mead rests by the water.,LX-V2-0178
Wor,/wohr/,,Noun,,Abundance or plenty (symbolizing generosity or surplus).,Conceptual range: Abundance; plenty; fullness,,,,,,Worvenak; Woreth; Worlian; Workalrav,Worvenak kal dren.,The abundant stew strengthens by the water.,XR-wor; DM-RM-V2-0017
Woreth,/woh-rehth/,,Adjective,WOR,"Full, Abundant",Wor- (abundance) + -eth,,,,,,Worvenak; Worlian; Workalrav; Wor,Rinaen drenvor woreth.,The bowl is full.,LX-V4-0025
Workalrav,/wor-kahl-rahv/,Post-Fracture Mechanics 1,Noun,WOR,High gravity; gravitational pull substantially stronger than the surrounding norm,,Wor + Kalrav,,,,,Worvenak; Woreth; Worlian; Wor,rinaen workalrav an lianrethor.,There is high gravity in the anomaly zone.,LX-PFM1-0031
Worlian,/wohr-lee-ahn/,Conversational Narrative Engine 1,Quantifier,LIAN; WOR,Enough; sufficient for the relevant need or purpose,,Wor + Lian,,,,,Lian; Lianaen; Vellian; Lianfel; Lianor; Lianeth; Lianbelrin; Thallian; Shenlian; Liankavor,rinaen dren worlian.,The water is enough.,LX-CNE1-0022
Worvenak,/wohrveh-nahk/,,Noun,VENAK; WOR,Abundant stew,Wor + venak = warmth,,,,,,Morvenak; Venak; Woreth; Worlian; Workalrav; Wor,Worvenak kal dren.,The abundant stew strengthens by the water.,LX-V2-0113
Xar,/xahr/,,Noun,,Shadow or cover (tied to concealed or protective qualities).,Conceptual range: Cover; veil; concealment for protection,,,,,,Xarvel; Xarlorin; Xarvethral; Xarfelvin; Xaresh; Xarphelor; Arthaxar; Kaxaraen; Xaraen; Xarvek,Xarvel nor dren.,The covered meal rests by the water.,XR-xar; DM-RM-V2-0019
Xaraen,/xah-rah-ehn/,Conversational Narrative Engine 1,Verb,Aen; XAR,To close cover or move an opening into a shut state,,Xar + -aen,,,,,Amthaen; Aen; Aenor; Aenvor; Ohmbaen; Lianaen; Thalaneshen; Velthaen; Wek'aen; Rathorimaen,xaraen I vorkor.,I close the door.,LX-CNE1-0006
Xaresh,/xah-rehsh/,,Noun,XAR; ESH,"Cloak, Mantle",Xar (cover) + Esh (sky/air),,,,,,Xarvel; Xarlorin; Xarvethral; Xarfelvin; Xarphelor; Arthaxar; Kaxaraen; Xaraen; Xarvek; Lianrethxar,Arth xaresh I thal velk.,The cloak protects me from the ice.,LX-V4-0038
Xarfelvin,/xahrfehlveen/,,Noun,FEL; VIN; XAR,Adoptive Niece/Nephew,Xar (protection) + Fel (young) + vin (pulled).,,,,,,Kadfel; Azfel; Theefel; Felorin; Lianfel; Krezfel; Felin; Fel; Felka; Felvin,Xarfelvin ser dren an Xarvethral.,The adoptive niece/nephew is with the adoptive parent by the water.,LX-V3-0057
Xarkrezaen,/xahr-krehz-ah-ehn/,"Food, Agriculture, and Preservation 2",Verb,Aen; KREZ; XAR,To bake; to cook food through sustained dry heat retained around it in an oven or comparable enclosure,,Xar enclosure + Krez heat + -aen; food is supplied by the lexical meaning and context,,,Xarakrezaen,/xah-rah-krehz-ah-ehn/,Amthaen; Aen; Aenor; Aenvor; Ohmbaen; Lianaen; Thalaneshen; Velthaen; Wek'aen; Rathorimaen,xarkrezaen I drenfellak.,I bake the dough.,LX-FAP2-0010
Xarlorin,/xahrloh-reen/,,Noun,XAR,Hidden Spice Tea,Xar = concealed + lorin = guide,,,,,,Xarvel; Xarvethral; Xarfelvin; Xaresh; Xarphelor; Arthaxar; Kaxaraen; Xaraen; Xarvek; Lianrethxar,Xarlorin nor dren.,The tea rests by the water.,LX-V2-0186
Xarnesh,/xahr-nehsh/,"Food, Agriculture, and Preservation 1",Noun,NESH; XAR,Shellfish; an aquatic creature distinguished by a hard protective outer covering,,Xar protective covering + Nesh aquatic creature,,,,,Nesh; Neshbrenaen; Neshbrenral; Xarvel; Xarlorin; Xarvethral; Xarfelvin; Xaresh; Xarphelor; Arthaxar,rinaen xarnesh an emilpral.,The shellfish is on the plate.,LX-FAP1-0016
Xarphelor,/xahr-phehl-ohr/,National Expansion 1,Noun,PHEL; XAR,Warmth-retaining shelter,,Xar + Phel + -or,Nivveil,A Nivveilian insulated shelter built to preserve warmth.,,,Phelvin; Phelkarin; Phelrin; Phelmorin; Fennilphel; Phel; Xarvel; Xarlorin; Xarvethral; Xarfelvin,rinaen phel an xarphelor.,Warmth is in the insulated shelter.,LX-NE1-0022
Xarvek,/xahr-vehk/,Domestic and Sensory Life 1,Noun,XAR; VEK,"An enclosed household storage container; chest, cupboard, or cabinet",,Xar + Vek,,,,,Xarvel; Xarlorin; Xarvethral; Xarfelvin; Xaresh; Xarphelor; Arthaxar; Kaxaraen; Xaraen; Lianrethxar,rinaen belrin an xarvek.,The fabric is in the cupboard.,LX-DSL1-0007
Xarvel,/xahrvehl/,,Noun,XAR; VEL,Covered meal,Xar + vel = sustenance,,,,,,Xarlorin; Xarvethral; Xarfelvin; Xaresh; Xarphelor; Arthaxar; Kaxaraen; Xaraen; Xarvek; Lianrethxar,Xarvel nor dren.,The covered meal rests by the water.,LX-V2-0115; LX-V2-0156
Xarvel,/xahrvehl/,,Noun,XAR; VEL,Veiled Meal,Xar + vel = concealed sustenance,,,,,,Xarlorin; Xarvethral; Xarfelvin; Xaresh; Xarphelor; Arthaxar; Kaxaraen; Xaraen; Xarvek; Lianrethxar,Xarvel nor dren.,The covered meal rests by the water.,LX-V2-0115; LX-V2-0156
Xarvethral,/xahrvehthrahl/,,Noun,VETH; XAR; RAL,Adoptive Parent,Xar (concealment/protection) + veth (shadow) + ral (caretaker).,,,,,,Vethhar; Vethsoril; Belvethral; Veth'tharaen; Shalorveth; Vethral; Vethrin; Vethdren; Vethvar; Vethnor,Xarvethral ser Felka thal dren.,The adoptive parent is with the child by the water.,LX-V3-0046
Xil,/xeel/,,Adjective,,Hidden or secret (used for foods with a mysterious origin or preparation).,Conceptual range: Shard; fragment; hidden crystal detail,,,,,,Xilvar; Xilbren; Xilnor,Xilvar nor dren.,The hidden spice rests by the water.,XR-xil; DM-RM-V2-0018
Xilbren,/xeelbrehn/,,Noun,XIL; BREN,Fragmented Grain Cake,Xil = shard + bren = layered gathering,,,,,,Xilvar; Xilnor; Xil; Brenmor; Brenvor; Kesbrenaen; Neshbrenaen; Neshbrenral; Bren,Xilbren nor dren.,The grain cake rests by the water.,LX-V2-0190
Xilnor,/xeel-nor/,Post-Fracture Mechanics 1,Noun,NOR; XIL,A temporal fracture; a break in the continuity of a timeline,,Xil + Nor,,,,,Nor; Weknor; Athnor; Nethnor; Shalnor; Vethnor; Sernor; Varnor; Norzhir; Thalnor,kes seren xilnor.,The guardian identifies a temporal fracture.,LX-PFM1-0006
Xilvar,/xeelvahr/,,Noun,XIL; Var-,Fragmented Salt,Xil + var = shard of substance,,,,,,Xilbren; Xilnor; Xil; Var; Pelvar; Drenvaraen; Shalvar; Vethvar; Varnor; Pelvaraen,Xilvar nor dren.,The hidden spice rests by the water.,LX-V2-0114; LX-V2-0160
Xilvar,/xeelvahr/,,Noun,XIL; Var-,Hidden spice,Xil + var = essence,,,,,,Xilbren; Xilnor; Xil; Var; Pelvar; Drenvaraen; Shalvar; Vethvar; Varnor; Pelvaraen,Xilvar nor dren.,The hidden spice rests by the water.,LX-V2-0114; LX-V2-0160
Ya,/yah/,,Pronoun,,2nd Person Singular,A straightforward pronoun for “you.”,,,,,,,Ya tera,“Your home” (singular),LX-V1-0003
Yako,/yah-koh/,,Pronoun,,You two,,,,,,,,Ra aen Yako an I?,Are you two speaking to me?,LX-V4-0006
Yalin,/yah-leen/,,Pronoun,,2nd Person Plural,"""You all."" Signifies a collective of individuals addressed.",,,,,,,Var I ser Yalin.,“I go with you all.”,LX-V1-0004
Zem,/zehm/,Domestic and Sensory Life 1,Noun,,Wood or timber as a workable material separated conceptually from a living tree,,New primitive root for workable wood material,,,,,,rinaen pralor zem.,The table is wood.,LX-DSL1-0027; XR-zem
Zhae-,/zhah-eh-/,,Noun,,"Light, empathy",,,,,,,Zhaeaen,,,DM-RM-V2-0026
Zhaeaen,/zhah-eh-ah-ehn/,,Verb,Aen; Zhae-,To Feel Empathy / Sympathize.,"Derivation: From Zhae- (Light/Empathy) + -aen. Usage: Standard verb, follows VSO.",,,,,,Amthaen; Aen; Aenor; Aenvor; Ohmbaen; Lianaen; Thalaneshen; Velthaen; Wek'aen; Rathorimaen,Zhaeaen Azron ser Nkathal.,The woman empathizes with the sadness.,LX-V3-0105
Zhael,/zhah-ehl/,,Noun,,Bloom; renewal; soft opening; empathy,"Builds words for blooming, spring renewal, flowers, empathy, and soft emotional opening.",,,,,,Zhaelor; Zhaelin; Zhaelral; Zhaeleth,Zhaelor shalil nor dren.,Spring flows lightly by the water.,XR-zhael
Zhaeleth,/zhah-eh-leth/,"Food, Agriculture, and Preservation 2",,ZHAEL,"Fresh; recently gathered, produced, or prepared and still retaining its expected original quality",,"Zhael bloom, renewal, or recent opening + -eth",,,,,Zhaelor; Zhaelin; Zhaelral; Zhael,rinaen vilor zhaeleth.,The fruit is fresh.,LX-FAP2-0026
Zhaelin,/zhah-ehleen/,,Noun,ZHAEL,Common Flower,Zhael (bloom/renewal) + -in,,,,,,Zhaelor; Zhaelral; Zhaeleth; Zhael,Rinaen zhaelin krelek an verdor.,The red flower is in the forest.,LX-V4-0063
Zhaelor,/zhah-ehlohr/,,Noun,ZHAEL,Spring,The blooming season.,,,,,,Zhaelin; Zhaelral; Zhaeleth; Zhael,Zhaelor shalil nor dren.,Spring flows lightly by the water.,LX-V2-0199
Zhaelral,/zhah-ehl-rahl/,National Expansion 1,Noun,RAL; ZHAEL,Restorative healer,,Zhael + Ral,Verdalris,A caretaker of physical or ecological recovery.,,,Dral; Jindral; Nkural; Xarvethral; Belvethral; Vethral; Pral; Droral; Mekral; Kavral,zhaeaen zhaelral ser.,The restorative healer empathically heals the friend.,LX-NE1-0020
Zharak,/zhah-rahk/,,Noun,,Legendary Figure,Mythic / Rumored; Early or rumored mythical creature or being that sits close to legend rather than confirmed common fauna.; Cultural role: Legendary / uncertain status.,,,,,,,,,OHC-0022
Zharin,/zhah-reen/,,Noun,ZHIR,Distant Relative,Zhir (lineage) + arin (far-reaching).,,,,,,Zhiren; Zhivorin; Zhirkalor; Zhirelorim; Zhirin; Zhirvok; Belzhir; Velzhiraen; Kavelzhiraen; Zhirkor,Zharin ser dren thal Tharvok.,The distant relative is by the water under the family.,LX-V3-0053
Zharinor,/zhah-ree-nohr/,,Interjection,,"""See you soon""",,,,,,,,,,LX-V2-0018
Zharrel,/zhahrrehl/,,Noun,,Forest Predator,Ohnosha Forest; Stealthy forest pack predator with sleek musculature and bioluminescent speckled fur; hunts through coordinated tactics and silent communication.; Cultural role: Forest hunter and stealth symbol.,,,,,,,,,OHC-0002
Zhel,/zhehl/,,Noun,,Spark; energy; quick power-flash,"Builds words for sparks, quick energy, charge, and condensed power.",,,,,,Zhelvek; Zhelbel,Zhelvek kal dren.,The energy bar strengthens with water.,XR-zhel
Zhelbel,/zhehl-behl/,National Expansion 1,Noun,ZHEL; BEL,Connected energy-distribution system,,Zhel + Bel,Mechuma,The Mechuman power grid and its connected energy lines.,,,Zhelvek; Zhel; Belrin; Belar; Belshara; Belshen; Belmor; Belvok; Belvethral; Belkor,rinaen zhelbel an Mechuma.,The energy-distribution system is in Mechuma.,LX-NE1-0011
Zhelvek,/zhehlvehk/,,Noun,ZHEL; MEK; VEK,Energy Bar,Zhel = spark/energy + vek = carrier,,,,,,Zhelbel; Zhel; Velmek; Mekral; Mormek; Mekrask; Selmek; Mek; Mahrvek; Karvek,Zhelvek kal dren.,The energy bar strengthens with water.,LX-V2-0167
Zhenlor,/zhehnlohr/,,Noun,,Legendary Figure,Mythic / Rumored; Early or rumored mythical creature or being that sits close to legend rather than confirmed common fauna.; Cultural role: Legendary / uncertain status.,,,,,,,,,OHC-0021
Zhilva,/zheelvah/,,Interjection,,"General ""Hello""",,,,,,,,,,LX-V2-0011
Zhir,/zheer/,,Noun,,Lineage; thread; connection through time,"Builds words for thread, lineage, kin-connection, continuity, and ties through time.",,,,,,Zhiren; Zhivorin; Zharin; Zhirkalor; Zhirelorim; Zhirin; Zhirvok; Belzhir; Velzhiraen; Kavelzhiraen,zhirin an Arthen,threads of fate,XR-zhir
Zhir-,/zheer-/,,Noun,,"Thread, line, cord; connection through time, lineage, history, cause-effect, fate.",Conceptual layer preserved; Bel/Ohm/Zhir distinctions flagged because they affect interpretation.,,,,,,Zhiren; Zhivorin; Zharin; Zhirkalor; Zhirelorim; Zhirin; Zhirvok; Belzhir; Velzhiraen; Kavelzhiraen,zhirin an Arthen,threads of fate,DM-RM-S3-0026
Zhirath,/zhee-rath/,Conversational Narrative Engine 1,Noun,Rath; ATH; ZHIR,A result or consequence realized by prior conditions,,Zhir + Ath,,,,,Rathor; Rath; Rathvethor; Rathka; Rathorim; Rathorimaen; Rathaen; Drenkorath; Krezmorath; Rathorkinash,rinaen zhirath vaareth.,The result is good.,LX-CNE1-0027
Zhirelorim,/zhee-reh-loh-reem/,,Noun,ELOR; ZHIR,Cosmic Coming-of-Age,Derived From: Zhir (lineage) + elor (growth) + im (essence). Meaning: A coming-of-age ritual tied to celestial alignments.,,,,,,Elor; Zhiren; Zhivorin; Zharin; Zhirkalor; Zhirin; Zhirvok; Belzhir; Velzhiraen; Kavelzhiraen,Zhirelorim nor dren an Dralorim.,The coming-of-age flows with the celestial storm.,LX-V3-0114
Zhiren,/zhee-rehn/,,Noun,ZHIR,Sibling,Retain as-is.,,,,,,Zhivorin; Zharin; Zhirkalor; Zhirelorim; Zhirin; Zhirvok; Belzhir; Velzhiraen; Kavelzhiraen; Zhirkor,Zhiren vanesh dren.,The sibling trades water.,LX-V3-0041
Zhirin,/zhee-reen/,,Noun,ZHIR,"Rope, Cord",Zhir- (lineage/thread) + -in (collective),,,,,,Zhiren; Zhivorin; Zharin; Zhirkalor; Zhirelorim; Zhirvok; Belzhir; Velzhiraen; Kavelzhiraen; Zhirkor,Rinaen zhirin an pralor.,The rope is on the table.,LX-V4-0011
Zhirkalor,/zheerkah-lohr/,,Noun,ZHIR; KAL,Partner by Lineage,Zhir (lineage) + kal (strength) + or (shared essence).,,,,,,Zhiren; Zhivorin; Zharin; Zhirelorim; Zhirin; Zhirvok; Belzhir; Velzhiraen; Kavelzhiraen; Zhirkor,Zhirkalor ser dren.,The partner by lineage is with the water.,LX-V3-0056
Zhirkor,/zheer-kohr/,Conversational Narrative Engine 1,Noun,ZHIR; KOR,A cause; the initiating condition or event that produces an effect,,Zhir + Kor,,,,,Zhiren; Zhivorin; Zharin; Zhirkalor; Zhirelorim; Zhirin; Zhirvok; Belzhir; Velzhiraen; Kavelzhiraen,rinaen krez zhirkor.,The fire is the cause.,LX-CNE1-0026
Zhirvok,/zheervohk/,,Noun,ZHIR; VOK,Belt,Zhir (line/lineage) + Vok (bond),,,,,,Zhiren; Zhivorin; Zharin; Zhirkalor; Zhirelorim; Zhirin; Belzhir; Velzhiraen; Kavelzhiraen; Zhirkor,Rinaen peleth an zhirvok.,The knife is on the belt.,LX-V4-0040
Zhivokesh,/zhee-voh-kehsh/,,Noun,ESH; VOK,Bond Renewal Ceremony,Derived From: Zhi (lineage) + vok (unity) + esh (connection). Meaning: A ritual where family bonds are reaffirmed under the desert stars.,,,,,,Esh; Terraesh; Eshtenor; Eshvilor; Eshthael; Eshvelor; Drenvelesh; Eshvelaneth; Kalvokesh; Pralvokesh,Zhivokesh shalil thal morl.,The bond renewal flows under the mountain.,LX-V3-0112
Zhivorin,/zhee-voh-reen/,,Noun,ZHIR,Sibling-in-law,Zhir (lineage) + vor (place of bond) + -in (person).,,,,,,Zhiren; Zharin; Zhirkalor; Zhirelorim; Zhirin; Zhirvok; Belzhir; Velzhiraen; Kavelzhiraen; Zhirkor,Zhivorin nor dren an Tavan.,The sibling-in-law is with the parent by the water.,LX-V3-0048
Zor,/zohr/,"Food, Agriculture, and Preservation 1",Noun,,An animal or beast; the ordinary general category of animal life,,New primitive: animal or beast,,,,,Belzor; Belzoraen; Belzorral; Zordren; Zordrenvinaen; Zornelar,kes I zor an shara.,I notice an animal on the path.,LX-FAP1-0018; XR-zor
Zordren,/zohr-drehn/,"Food, Agriculture, and Preservation 1",Noun,ZOR; DREN,Milk; nourishing liquid naturally produced by an animal,,Zor animal + Dren life-bearing liquid,,,,,Zor; Belzor; Belzoraen; Belzorral; Zordrenvinaen; Zornelar; Dren; Morldren; Peldren; Terradren,tal I zordren an felka.,I give milk to the child.,LX-FAP1-0022
Zordrenvinaen,/zohr-drehn-veen-ah-ehn/,"Food, Agriculture, and Preservation 1",Verb,ZOR; Aen; DREN,To milk; to draw milk from an animal,,Zor animal + Dren liquid + Vin extraction + -aen,,,,,Zor; Belzor; Belzoraen; Belzorral; Zordren; Zornelar; Amthaen; Aen; Aenor; Aenvor,zordrenvinaen belzorral belzor.,The herder milks the livestock.,LX-FAP1-0023
Zornelar,/zohr-neh-lahr/,"Food, Agriculture, and Preservation 1",Noun,NELAR; ZOR,Honey; nectar gathered and transformed by an animal into a dense stored sweet food,,Zor animal + Nelar nectar,,,,,Nelar; Zor; Belzor; Belzoraen; Belzorral; Zordren; Zordrenvinaen,tal I zornelar an fennildren.,I add honey to the tea.,LX-FAP1-0027
Zun,/zoon/,,Adjective,,Empty,Zun- (void/hollow),,,,,,,Rinaen teremil zun.,The home is empty.,LX-V4-0026