source_entry_ids,approval_batch,headword,pronunciation,use_type,root_word,meaning,usage_note,derivation,origin_nation,national_usage,variant_forms,variant_pronunciations,family_roots,related_words,example_count,use_index,example_1_celan,example_1_translation,example_2_celan,example_2_translation,example_3_celan,example_3_translation,example_4_celan,example_4_translation,example_5_celan,example_5_translation
DM-RM-V2-0034,,-aen,/-ah-ehn/,Suffix,,Verb-forming,,,,,,,Aen,Amthaen; Aen; Aenor; Aenvor; Ohmbaen; Lianaen; Thalaneshen; Velthaen; Wek'aen; Rathorimaen,3,1,Shalaen I vethral an verdor.,I see the pack hunter in the forest.,Pralaen I krezor.,I am making a hearth.,Velaen Ilin morlak.,We eat the bread.,,,,
DM-RM-V1-0006,,-al,/-ahl/,Suffix,,Continuous,Preserved as standalone root/morpheme because source clearly defines it.,,,,,,,,,1,,,,,,,,,,
DM-RM-V1-0008,,-as,/-ahs/,Suffix,,Habitual,Preserved as standalone root/morpheme because source clearly defines it.,,,,,,,,,1,,,,,,,,,,
DM-RM-V1-0007,,-ath,/-ahth/,Suffix,,Perfective,Preserved as standalone root/morpheme because source clearly defines it.,,,,,,ATH,Rath; Nkuvath; Drenkorath; Krezmorath; Kalorinath; Kalrath; Sivathaen; Athnor; Felath; Zhirath,,1,,,,,,,,,,
DM-RM-V3-0012,,-el,/-ehl/,Suffix,,Beloved bound to them,,,,,,,,,,1,,,,,,,,,,
DM-RM-V2-0032; DM-RM-V3-0002; DM-RM-V3-0011,,-en,/-ehn/,Suffix,,Honorific/Formal-High Respect,,,,,,,,,3,1,"Li-Seren-en, var nor Varthas shenakar?","Honored guardian, do we proceed to the city's exchange now?",Var Liorinen lianaen an shalor.,The Honored Elder goes to pray in the sanctuary.,Ohmaen Ya Kalvok-en.,You love your bonded partner.,,,,
DM-RM-V2-0032; DM-RM-V3-0002; DM-RM-V3-0011,,-en,/-ehn/,Suffix,,Honorific/Respected form,,,,,,,,,3,2,"Li-Seren-en, var nor Varthas shenakar?","Honored guardian, do we proceed to the city's exchange now?",Var Liorinen lianaen an shalor.,The Honored Elder goes to pray in the sanctuary.,Ohmaen Ya Kalvok-en.,You love your bonded partner.,,,,
DM-RM-V2-0032; DM-RM-V3-0002; DM-RM-V3-0011,,-en,/-ehn/,Suffix,,Partner bonded to you,,,,,,,,,3,3,"Li-Seren-en, var nor Varthas shenakar?","Honored guardian, do we proceed to the city's exchange now?",Var Liorinen lianaen an shalor.,The Honored Elder goes to pray in the sanctuary.,Ohmaen Ya Kalvok-en.,You love your bonded partner.,,,,
DM-RM-V3-0010,,-esh,/-ehsh/,Suffix,,deep relational ties,,,,,,,ESH,Esh; Terraesh; Eshtenor; Eshvilor; Eshthael; Eshvelor; Drenvelesh; Eshvelaneth; Kalvokesh; Pralvokesh,,1,,,,,,,,,,
DM-RM-V4-0001,,-eth,/-ehth/,Adjective,,Suffix that marks inherent quality or essential manifestation,"Common adjectival examples: Shal -> Shaleth, Wor -> Woreth, Gorm -> Gormeth, Kal -> Kaleth.",,,,,,,,3,1,Rinaen drenvor woreth.,The bowl is full.,Rinaen krezor feneth.,The hearth is hot.,Rinaen shena shaleth.,The coin is gold.,,,,
DM-RM-V4-0001,,-eth,/-ehth/,Noun,,Also used for abstract or ritual nouns,"Ritual/nominal examples: Shal'taleth, Aen'Moreth.",,,,,,,,3,2,Rinaen drenvor woreth.,The bowl is full.,Rinaen krezor feneth.,The hearth is hot.,Rinaen shena shaleth.,The coin is gold.,,,,
DM-RM-V2-0029,,-in,/-een/,Suffix,,Plural marker added to nouns ending in consonants,,,,,,,,,,1,,,,,,,,,,
DM-RM-V1-0014,,-ka,/-kah/,Particle,,Possessive/linking marker,Preserved as standalone root/morpheme because source clearly defines it.,,,,,,,,,1,,,,,,,,,,
DM-RM-V2-0033,,-lin,/-leen/,Suffix,,Collective/Diminutive,,,,,,,,,,1,,,,,,,,,,
DM-RM-V2-0030,,-n,/-n/,Suffix,,Plural marker added to nouns ending in vowels,,,,,,,,,,1,,,,,,,,,,
DM-RM-V2-0031,,-or,/-ohr/,Suffix,,Place/Location,,,,,,,,,,1,,,,,,,,,,
DM-RM-V3-0013,,-vel,/-vehl/,Suffix,,Bread shared among us,,,,,,,VEL,Xarvel; Vellian; Velrin; Velithor; Velmek; Velthamor; Velkorin; Velkrin; Velthaen; Velarshor,,1,,,,,,,,,,
LX-V2-0028; LX-V2-0062; LX-V3-0009; LX-V4-0102; DM-RM-V3-0005,,Aen,/ah-ehn/,Verb,,Speak / Tell / Breathe / Breath of Life,"Formal/poetic use: deeper or ritual speaking. Use in rituals, court, formal address, writing, and when emphasizing depth. Combine with Li- / -en.",,,,,,,Aenor; Aenvor,29,1,Aen Shalor Liorin lian nor.,The Temple Elder speaks truth now.,Ra aen Ya belshen velrin?,Do you speak the price of the food?,"Li-Ya, nor aen lian?","Respected you, may we now speak truth?",I varin Aen Ya var dren.,I know that you go to the water.,Aen Terra Thal-ka.,The land itself remembers; listen to the world for truth (potentially Zarithan/Verdalris leaning).
LX-V2-0028; LX-V2-0062; LX-V3-0009; LX-V4-0102; DM-RM-V3-0005,,Aen,/ah-ehn/,Conjunction,,That,,,,,,,,Aenor; Aenvor,29,2,Aen Shalor Liorin lian nor.,The Temple Elder speaks truth now.,Ra aen Ya belshen velrin?,Do you speak the price of the food?,"Li-Ya, nor aen lian?","Respected you, may we now speak truth?",I varin Aen Ya var dren.,I know that you go to the water.,Aen Terra Thal-ka.,The land itself remembers; listen to the world for truth (potentially Zarithan/Verdalris leaning).
LX-V2-0028; LX-V2-0062; LX-V3-0009; LX-V4-0102; DM-RM-V3-0005,,Aen,/ah-ehn/,Suffix,,-aen (verb-forming),,,,,,,,Aenor; Aenvor,29,3,Aen Shalor Liorin lian nor.,The Temple Elder speaks truth now.,Ra aen Ya belshen velrin?,Do you speak the price of the food?,"Li-Ya, nor aen lian?","Respected you, may we now speak truth?",I varin Aen Ya var dren.,I know that you go to the water.,Aen Terra Thal-ka.,The land itself remembers; listen to the world for truth (potentially Zarithan/Verdalris leaning).
DM-RM-S3-0019,,Aen-,/ah-ehn-/,Verb,Yes,"To speak, breathe, make a sound; also complementizer that.",Refines Aen/Aenor polysemy and complementizer usage; no resolution applied.,,,,,,,Amthaen; Aen; Aenor; Aenvor; Ohmbaen; Lianaen; Thalaneshen; Velthaen; Wek'aen; Rathorimaen,2,1,Nor-var I an aenor.,I will go in a moment.,Aen Dral,The Heavens Speak,,,,,,
LX-V3-0077,,Aen'Moreth,/ah-ehn'moh-rehth/,Noun,,Breath-into-Stone Ritual.,,,,,,,Aen,Amthaen; Aen; Aenor; Aenvor; Ohmbaen; Lianaen; Thalaneshen; Velthaen; Wek'aen; Rathorimaen,,1,,,,,,,,,,
LX-V4-0048,,Aenaen,/ah-ehnah-ehn/,Verb,,"To Hear, To perceive sound",Aen (speak/breath) + -aen,,,,,,Aen,Amthaen; Aen; Aenor; Aenvor; Ohmbaen; Lianaen; Thalaneshen; Velthaen; Wek'aen; Rathorimaen,2,1,Aenaen I eshlin an zhaelin.,I hear the bird in the flower.,Aenaen I eshlin an velmarin.,I hear a bird in the ancient tree.,,,,,,
LX-V2-0049; LX-V4-0081; LX-V4-0107,,Aenor,/ah-ehnohr/,Noun,,Ear,,,,,,,Aen,Amthaen; Aen; Aenvor; Ohmbaen; Lianaen; Thalaneshen; Velthaen; Wek'aen; Rathorimaen; Fah'tharaen,1,1,Nor-var I an aenor.,I will go in a moment.,,,,,,,,
LX-V2-0049; LX-V4-0081; LX-V4-0107,,Aenor,/ah-ehnohr/,Noun,,Moment / Instant,,,,,,,Aen,Amthaen; Aen; Aenvor; Ohmbaen; Lianaen; Thalaneshen; Velthaen; Wek'aen; Rathorimaen; Fah'tharaen,1,2,Nor-var I an aenor.,I will go in a moment.,,,,,,,,
LX-V2-0050,,Aenvor,/ah-ehnvohr/,Noun,,Nose,,,,,,,Aen,Amthaen; Aen; Aenor; Ohmbaen; Lianaen; Thalaneshen; Velthaen; Wek'aen; Rathorimaen; Fah'tharaen,,1,,,,,,,,,,
XR-alor,,Alor,/ah-lohr/,Verb,Yes,Falling; descent; downward motion,"Builds words for falling, descent, and downward movement from air to ground.",,,,,,,Drenalor; Aloraen,2,1,Drenalor shalil nor dren.,The rain falls lightly over the water.,Eshvelor nor dren thal morl.,The snow falls by the water and the mountain.,,,,,,
LX-CNE1-0004,Conversational Narrative Engine 1,Aloraen,/ah-loh-rah-ehn/,Verb,,To drop release downward or let fall,,Alor + -aen,Pelagae,Used for dropping anchors weighted lines or carried objects.,,,Aen; ALOR,Amthaen; Aen; Aenor; Aenvor; Ohmbaen; Lianaen; Thalaneshen; Velthaen; Wek'aen; Rathorimaen,2,1,aloraen I kareth.,I drop the hammer.,aloraen ser mor an mahr.,The friend drops the stone into the sea.,,,,,,
LX-V2-0012,,Amthaen,/ahmthah-ehn/,Interjection,,"Friendly ""Hi""",,,,,,,THAEN; Aen,Velthaen; Thaen; Aen; Aenor; Aenvor; Ohmbaen; Lianaen; Thalaneshen; Wek'aen; Rathorimaen,,1,,,,,,,,,,
LX-V1-0019; DM-RM-V1-0013,,An,/ahn/,Preposition,,"At, in (place)",Varan I an Varthas.,,,,,,,,152,1,Theefel pralmor an shal,The neutral child creates with the light.,Varan I an Varthas.,,Nor-var I an Tera.,“I will go at the home.”,Var I dren an Kinnshal.,I go to the water at dawn.,Tal I dren an Kinnlin.,I drink the water at noon.
LX-V1-0019; DM-RM-V1-0013,,An,/ahn/,Preposition,,Spatial contexts (“at/in” location),Preserved as standalone root/morpheme because source clearly defines it.,,,,,,,,152,2,Theefel pralmor an shal,The neutral child creates with the light.,Varan I an Varthas.,,Nor-var I an Tera.,“I will go at the home.”,Var I dren an Kinnshal.,I go to the water at dawn.,Tal I dren an Kinnlin.,I drink the water at noon.
LX-V3-0062,,Anen,/ah-nehn/,Possessive,,Your / Direct Possession marker,,,,,,,,,,1,,,,,,,,,,
LX-V3-0015; DM-RM-V3-0003,,Ar,/ahr/,Particle,,"Intensifier - very, intensely",Place after the verb/adjective. Fahaen I ar! (I am terrified!).,,,,,,,,1,1,Fahaen I ar!,I am terrified!,,,,,,,,
XR-arshor,,Arshor,/ahrshohr/,Noun,Yes,Enveloping presence; atmospheric blanket,"Builds words for mist, envelopment, atmospheric covering, and presence that surrounds a space.",,,,,,,Velarshor,1,1,Velarshor dren thal morl.,The mist rests over the mountain.,,,,,,,,
LX-V2-0030; XR-arth,,Arth,/ahrth/,Verb,Yes,Protect / Defend,,,,,,,,Arthen; Arthlor; Arthverd; Arthaxar,20,1,Var Seren arthlor an Kaleth.,The Guardians go to the defensive formation at the Fortress.,Arth Vel vaar.,Calm endurance preserves peace; find strength in stillness (Nivveil).,Arth Imen an kaleth. Var Ya.,"We [the guards, not you] protect the fortress. You must go.",Arth shalkor Ilin thal fah.,The lamp protects us from the darkness.,Arth xaresh I thal velk.,The cloak protects me from the ice.
LX-NE1-0030,National Expansion 1,Arthaxar,/ahrth-ah-xahr/,Noun,,Armor; purpose-built protective covering,,Arth + Xar,Valkeldor,Protective covering worn or fitted against physical harm.,Arthxar,/ahrth-xahr/,ARTH; XAR,Arth; Arthen; Arthlor; Arthverd; Xarvel; Xarlorin; Xarvethral; Xarfelvin; Xaresh; Xarphelor,3,1,rinaen arthaxar moreth.,The armor is hard.,arth arthaxar seren.,The armor protects the guardian.,arth arthaxar I thal mahrkal.,The armor protects me from deep-water pressure.,,,,
LX-V2-0035,,Arthen,/ahrthehn/,Noun,,Destiny / Purpose,,,,,,,ARTH,Arth; Arthlor; Arthverd; Arthaxar,2,1,Var Shara ser Arthen.,One's choices shape their destiny; the journey is tied to purpose.,zhirin an Arthen,threads of fate,,,,,,
LX-V3-0086,,Arthen'taleth,/ahrthehn'tah-lehth/,Verb,,Sacrifice for Destiny Ritual (noun).,,,,,,,,,,1,,,,,,,,,,
LX-V2-0128,,Arthlor,/ahrthlohr/,Noun,,Defensive Formation / Shield Wall / Fortified Position. Refers to holding a defensive position or a specific coordinated defensive setup.,Arth (protect/defend) + -or (place/location),,,,,,ARTH,Arth; Arthen; Arthverd; Arthaxar,1,1,Var Seren arthlor an Kaleth.,The Guardians go to the defensive formation at the Fortress.,,,,,,,,
LX-NE1-0019,National Expansion 1,Arthverd,/ahrth-vehrd/,Noun,,Protective living vegetation,,Arth + Verd,Verdalris,A cultivated hedge or living plant barrier.,,,VERD; ARTH,Verdor; Verdeth; Verdvin; Belverd; Verd; Arth; Arthen; Arthlor; Arthaxar,2,1,arth arthverd teremil.,The living hedge protects the home.,rinaen arthverd verdeth.,The living barrier is green.,,,,,,
LX-CNE1-0019,Conversational Narrative Engine 1,Athnor,/ath-nohr/,Particle,,Already; completed by the reference time,,Ath + Nor,Mechuma,Used to mark a task or process as complete by a stated time.,Athanor,/ath-ah-nohr/,ATH; NOR,Rath; Nkuvath; Drenkorath; Krezmorath; Kalorinath; Kalrath; Sivathaen; Felath; Zhirath; -ath,2,1,tha-velaen I morlak athnor.,I already ate the bread.,rinaen karvek an sharavok athnor.,The toolkit is already with the caravan.,,,,,,
LX-V2-0079; XR-awek,,Awek,/ah-wehk/,Noun,Yes,Spring,,,,,,,,Awekshara,3,1,var I an awekshara.,I go to the spring-fed canal.,rinaen awekshara ser drobel.,The spring-fed canal is connected to the waterworks.,Theraen thar-ian an awek. Rinaen an-rin lian morlak kadreneth.,My heart longs for the spring. It feels like the truth of dry bread.,,,,
LX-NE1-0005,National Expansion 1,Awekshara,/ah-wehk-shah-rah/,Noun,,Spring-fed canal,,Awek + Shara,Jasara,A channel carrying spring water into settlements or fields.,,,AWEK; SHARA,Awek; Shara; Belshara; Sharbel; Vershara; Sharaka; Shar; Kinnshara; Dralshara; Sharavok,3,1,var I an awekshara.,I go to the spring-fed canal.,rinaen awekshara ser drobel.,The spring-fed canal is connected to the waterworks.,rinaen mormek an awekshara.,Worked stone is in the spring-fed canal.,,,,
DM-RM-V1-0002,,Azan,/ah-zahn/,Noun,Yes,"Feminine essence (nurturing, fluidity).",Preserved as standalone root/morpheme because source clearly defines it.,,,,,,,Azron; Azfel; Azon,,1,,,,,,,,,,
LX-V1-0011,,Azfel,/ahzfehl/,Noun,,Girl (young feminine person),Refers to a female child.,,,,,,Azan; FEL,Azron; Azon; Azan; Kadfel; Theefel; Felorin; Lianfel; Krezfel; Felin; Fel,1,1,Azfel kal dren morl,The girl brings strength to the flowing mountain.,,,,,,,,
LX-V1-0013,,Azon,/ah-zohn/,Noun,,Feminine man,Describes a man with feminine qualities.,,,,,,Azan,Azron; Azfel; Azan,2,1,Azon nor velkrel,A feminine man near the breeze.,Kadron-Azon,A man with both masculine and feminine qualities.,,,,,,
LX-V1-0008,,Azron,/ahzrohn/,Noun,,Woman (feminine person),Default term for women.,,,,,,Azan,Azfel; Azon; Azan,5,1,Azron nor shal,The woman flows with the light.,Azron-Theon,A woman embodying neutrality and balance.,Zhaeaen Azron ser Nkathal.,The woman empathizes with the sadness.,Pralaen an Azron an belkor.,The woman makes the tunic.,Nethaen Azron an nethor.,The woman sits on the chair.
XR-bal; DM-RM-V2-0005,,Bal,/bahl/,Noun,Yes,"Growth or sprouting (e.g., plants, development).",Conceptual range: Sprouting; development; budding growth,,,,,,,Balrin,1,1,Balrin var dren.,The sprouting food grows by the water.,,,,,,,,
LX-V2-0098,,Balrin,/bahlreen/,Noun,,Growing food,Bal + rin = essence,,,,,,BAL; RIN,Bal; Belrin; Brosrin; Talrin; Rinvarash; Velrin; Phelrin; Vethrin; Kelrin; Rinshen,1,1,Balrin var dren.,The sprouting food grows by the water.,,,,,,,,
XR-bel; DM-RM-V2-0003,,Bel,/behl/,Verb,Yes,"To bind or weave (symbolizing interconnection, fabric, or networks).",Conceptual range: Binding; weaving; systems; civilization,,,,,,,Belrin; Belar; Belshara; Belshen; Belmor; Belvok; Belvethral; Belkor; Sharbel; Belthal,3,1,Belrin kal dren.,The woven fabric strengthens with water.,Belar nor dren.,The binding spice rests by the water.,bel-esh,to be bound,,,,
DM-RM-S3-0013,,Bel-,/behl-/,Verb,Yes,"To bind, weave, connect, fasten; civilization, bonds, restrictions, systems.",Conceptual layer preserved.,,,,,,,Belrin; Belar; Belshara; Belshen; Belmor; Belvok; Belvethral; Belkor; Sharbel; Belthal,5,1,Belthal,Order,Belrin kal dren.,The woven fabric strengthens with water.,Belar nor dren.,The binding spice rests by the water.,Lorin belthal Ilin.,Order guides us.,bel-esh,to be bound
LX-V3-0076,,Bel'Rathorimeth,/behl'rahthoh-ree-mehth/,Noun,,Memory-Weaving Ritual.,,,,,,,,,,1,,,,,,,,,,
LX-V2-0096,,Belar,/beh-lahr/,Noun,,Binding spice,Bel + ar = intensity,,,,,,BEL,Belrin; Belshara; Belshen; Belmor; Belvok; Belvethral; Belkor; Sharbel; Belthal; Drobel,2,1,Belar nor dren.,The binding spice rests by the water.,Belrin kal dren.,The woven fabric strengthens with water.,,,,,,
LX-V4-0036,,Belkor,/behlkohr/,Noun,,"Tunic, Shirt",Bel (weave) + Kor (core),,,,,,BEL; KOR,Belrin; Belar; Belshara; Belshen; Belmor; Belvok; Belvethral; Sharbel; Belthal; Drobel,3,1,Rinaen belkor-ian verdeth.,My tunic is green.,Pralaen an Azron an belkor.,The woman makes the tunic.,Pralaen an belkor nor-ka.,The tunic is made / A tunic was made.,,,,
LX-V2-0159,,Belmor,/behlmohr/,Noun,,Root Spice,Bel + mor = binding earth,,,,,,BEL; MOR,Belrin; Belar; Belshara; Belshen; Belvok; Belvethral; Belkor; Sharbel; Belthal; Drobel,1,1,Belmor kal dren.,The root spice strengthens with water.,,,,,,,,
LX-CNE1-0030,Conversational Narrative Engine 1,Belreth,/behl-reth/,Noun,,A problem; a bounded difficulty that obstructs an intended course,,Bel + Reth,Mechuma,Used for material difficulties malfunctions and abstract complications.,Belareth,/behl-ah-reth/,BEL,Belrin; Belar; Belshara; Belshen; Belmor; Belvok; Belvethral; Belkor; Sharbel; Belthal,2,1,rinaen vorkor belreth.,The door is a problem.,kes mekral belreth.,The mechanic notices the problem.,,,,,,
LX-V2-0095,,Belrin,/behlreen/,Noun,,Woven fabric,Bel + rin = essence,,,,,,BEL; RIN,Belar; Belshara; Belshen; Belmor; Belvok; Belvethral; Belkor; Sharbel; Belthal; Drobel,3,1,Belrin kal dren.,The woven fabric strengthens with water.,Belar nor dren.,The binding spice rests by the water.,Rinaen belrin praketh.,The fabric is soft.,,,,
LX-V2-0130; LX-V4-0002; LX-V4-0066,,Belshara,/bel-shah-rah/,Noun,,"Coordinated Maneuver / Formation Movement / Tactical Path. Refers to moving troops in a specific, planned way.",Bel (bind/weave) + Shara (path/journey),,,,,,BEL; SHARA,Belrin; Belar; Belshen; Belmor; Belvok; Belvethral; Belkor; Sharbel; Belthal; Drobel,5,1,Lorin Ilin belshara an vethor.,Guide us in the coordinated maneuver through the shadow.,Var I belshara.,I must go.,Rinaen belshara an Ilin.,Duty is with us.,Var I an phelvin. Rinaen kelvor-ian kadreneth. Rinaen belshara.,Proceeding to acquire a beverage. My mouth is dry. Hydration is a necessity.,Belshara,Duty
LX-V2-0130; LX-V4-0002; LX-V4-0066,,Belshara,/bel-shah-rah/,Noun,,Duty (Bound Path),Bel (bind) + Shara (path),,,,,,BEL; SHARA,Belrin; Belar; Belshen; Belmor; Belvok; Belvethral; Belkor; Sharbel; Belthal; Drobel,5,2,Lorin Ilin belshara an vethor.,Guide us in the coordinated maneuver through the shadow.,Var I belshara.,I must go.,Rinaen belshara an Ilin.,Duty is with us.,Var I an phelvin. Rinaen kelvor-ian kadreneth. Rinaen belshara.,Proceeding to acquire a beverage. My mouth is dry. Hydration is a necessity.,Belshara,Duty
LX-V2-0130; LX-V4-0002; LX-V4-0066,,Belshara,/bel-shah-rah/,Verb,,Necessity (Must/Have to),"""on a bound path""",,,,,,BEL; SHARA,Belrin; Belar; Belshen; Belmor; Belvok; Belvethral; Belkor; Sharbel; Belthal; Drobel,5,3,Lorin Ilin belshara an vethor.,Guide us in the coordinated maneuver through the shadow.,Var I belshara.,I must go.,Rinaen belshara an Ilin.,Duty is with us.,Var I an phelvin. Rinaen kelvor-ian kadreneth. Rinaen belshara.,Proceeding to acquire a beverage. My mouth is dry. Hydration is a necessity.,Belshara,Duty
LX-V2-0137,,Belshen,/behlshehn/,Noun,,Price / Binding Value / Agreed Cost. The established or negotiated value that binds a trade.,Bel (bind/weave) + Shen(akar) (coinage - shortening for flow),,,,,,SHEN; BEL,Thalaneshen; Ka-Shen; Shen; Droshen; Shenlian; Kalshen; Rinshen; Belrin; Belar; Belshara,1,1,Ra aen Ya belshen velrin?,Do you speak the price of the food?,,,,,,,,
LX-V4-0074,,Belthal,/behlthahl/,Noun,,Order (Woven Balance),Bel (bind) + Thal (balance),,,,,,BEL; THAL,Belrin; Belar; Belshara; Belshen; Belmor; Belvok; Belvethral; Belkor; Sharbel; Drobel,3,1,Lorin belthal Ilin.,Order guides us.,Lia. Var I an phelvin. Lorin belthal kel-ian.,Yes. I am going for a comforting drink. My actions are guided by order.,Belthal,Order,,,,
LX-NE1-0018,National Expansion 1,Belverd,/behl-vehrd/,Noun,,Joined or grafted living growth,,Bel + Verd,Verdalris,A plant graft or cultivated joining of living botanical material.,,,VERD; BEL,Verdor; Verdeth; Verdvin; Arthverd; Verd; Belrin; Belar; Belshara; Belshen; Belmor,2,1,pralaen zhaelral belverd.,The restoration keeper makes a plant graft.,rinaen belverd an verdor.,The grafted growth is in the forest.,,,,,,
LX-V3-0058,,Belvethral,/behlvehthrahl/,Noun,,Chosen Family,Bel (binding) + veth (shadow) + ral (caretaker).,,,,,,VETH; RAL; BEL,Vethhar; Vethsoril; Xarvethral; Veth'tharaen; Shalorveth; Vethral; Vethrin; Vethdren; Vethvar; Vethnor,1,1,Belvethral ser dren thal Teremil.,The chosen family is by the water at home.,,,,,,,,
LX-V3-0045,,Belvok,/behlvohk/,Noun,,Family / Clan,Bel (binding) + vok (unity/bond).,,,,,,BEL; VOK,Belrin; Belar; Belshara; Belshen; Belmor; Belvethral; Belkor; Sharbel; Belthal; Drobel,9,1,Belvok ser dren an Teremil.,The family is together at home by the water.,Tavojorin shalil nor dren an Belvok.,The parent-in-law rests with the family by the water.,Kalvok ser Belvok an Teremil.,The partner is with the family at home.,Kalvokesh ser dren an Belvok.,The spouse's family is by the water with the unified family.,Pralvokesh ser dren an Belvok.,The trusted ally is with the family by the water.
LX-NE1-0014,National Expansion 1,Belwek,/behl-wehk/,Noun,,Ordered recurring process,,Bel + Wek,Mechuma,"A Mechuman automated routine or, elsewhere, any deliberately managed cycle.",Belewek; Belowek,/behl-eh-wehk/; /behl-oh-wehk/,BEL; WEK,Belrin; Belar; Belshara; Belshen; Belmor; Belvok; Belvethral; Belkor; Sharbel; Belthal,3,1,lorin belwek mek.,The ordered cycle guides the machine.,rinaen belewek an verdor.,The managed cycle is present in the forest growth.,arth mekral belwek.,The mechanism keeper safeguards the recurring process.,,,,
LX-NE1-0012,National Expansion 1,Belzhir,/behl-zheer/,Noun,,Communications network,,Bel + Zhir,Mechuma,A connected system for carrying messages or information.,,,ZHIR; BEL,Zhiren; Zhivorin; Zharin; Zhirkalor; Zhirelorim; Zhirin; Zhirvok; Velzhiraen; Kavelzhiraen; Zhirkor,2,1,aen I ser belzhir.,I speak through the communications network.,rinaen belzhir kaleth.,The communications network is strong.,,,,,,
OHC-0019,,Braskal,/brahskahl/,Noun,,Coastal Herbivore,Aquatic; Coral-shelled coastal herbivore that forms symbiotic relationships with reef life.; Cultural role: Reef-linked herbivore and symbiosis figure.,,,,,,,,,1,,,,,,,,,,
XR-bren; DM-RM-V2-0006,,Bren,/brehn/,Noun,Yes,"Harvest (e.g., the act or result of gathering food).",Conceptual range: Gathering; harvest; collected yield,,,,,,,Brenmor; Brenvor; Xilbren,1,1,Brenmor kal dren.,The harvested roots strengthen by the water.,,,,,,,,
LX-V2-0099,,Brenmor,/brehnmohr/,Noun,,Harvested roots,Bren + mor,,,,,,BREN; MOR,Brenvor; Xilbren; Bren; Kinnmor; Pralmor; Welmor; Morlak; Belmor; Tharmor; Morthas,1,1,Brenmor kal dren.,The harvested roots strengthen by the water.,,,,,,,,
LX-V2-0177,,Brenvor,/brehnvohr/,Noun,,Harvested Nuts,Bren = gathering + vor = location,,,,,,BREN,Brenmor; Xilbren; Bren,1,1,Brenvor kal dren.,The harvested nuts strengthen with water.,,,,,,,,
OHC-0011,,Brinnek,/breennehk/,Noun,,Migratory Grazer,Grassland; Long-necked migratory grazer moving in striped herds across the plains.; Cultural role: Grassland herd animal and migration marker.,,,,,,,,,1,,,,,,,,,,
XR-bros; DM-RM-V2-0004,,Bros,/brohs/,Verb,Yes,Layering or stratification (symbolizing levels or textures).,Conceptual range: Layering; stratification; stacked texture,,,,,,,Brosrin; Broslak,1,1,Brosrin vanesh dren.,The layered food trades by the water.,,,,,,,,
LX-V2-0150,,Broslak,/brohslahk/,Noun,,Layered Bread,Bros + lak = stratified grain,,,,,,BROS; LAK,Brosrin; Bros; Morlak; Lak,1,1,Broslak kal dren.,The layered bread strengthens by the water.,,,,,,,,
LX-V2-0097,,Brosrin,/brohsreen/,Noun,,Layered food,Bros + rin = essence,,,,,,BROS; RIN,Broslak; Bros; Belrin; Balrin; Talrin; Rinvarash; Velrin; Phelrin; Vethrin; Kelrin,1,1,Brosrin vanesh dren.,The layered food trades by the water.,,,,,,,,
LX-CNE1-0009; XR-dar,Conversational Narrative Engine 1,Dar,/dahr/,Verb,Yes,To wait or pause while an event remains pending; hold on,,New primitive root for a deliberate pending pause,Pelagae,Used for waiting on tides weather or another traveler.,,,,,3,1,dar I ser.,I wait for the friend.,dar sharavok mahrwek.,The caravan waits for the tide.,dar sharavok varnor mahrwek.,The caravan waits until the tide.,,,,
LX-V3-0135; XR-del,,Del,/dehl/,Noun,Yes,Two,,,,,,,,Serdel,6,1,Ten-del,20 (Two tens),Ten-del peth,25 (20 + 5),Hek-oven Ten-quen del,842 (800 + 40 + 2),Hek-quen Ven Hek-del,400 - 200 = 200,Rinaen zhirin Ten-del korineth.,The rope is 20 handspans long.
LX-CNE1-0001; XR-dor,Conversational Narrative Engine 1,Dor,/dohr/,Verb,Yes,To put or place something at a location,,New primitive root for deliberate placement,Jasara,Used for placing measured supplies or markers at assigned locations.,,,,,4,1,dor I drenvor an pralor.,I put the bowl on the table.,dor kavral rinshen an liankavor.,The record keeper places the identity record in the archive.,dor I karvekin kavok.,I place the toolkits apart.,dor I karvek serdel nethor ser pralor.,I put the toolkit between the chair and the table.,,
LX-V2-0058; LX-V4-0106; XR-dral,,Dral,/drahl/,Noun,Yes,Sky / Wonder / Heavens,,,,,,,,Jindral; Dralorim; Dralshaneth; Dralbelaen; Dralshara,8,1,Dralorim nor dren thal shal.,The storm flows with the water under the light.,Dralshaneth kal dren an Belvok.,The heaven's blessing strengthens the family.,Thaalaen Ilin an Dral.,We wonder at the heavens.,Dral shal thaar.,The stars guide the heart.,"Thal morl ser, thal dral var.","Balance the mountain, balance the sky."
LX-V2-0058; LX-V4-0106; XR-dral,,Dral,/drahl/,Interjection,Yes,Wow! / Heavens!,,,,,,,,Jindral; Dralorim; Dralshaneth; Dralbelaen; Dralshara,8,2,Dralorim nor dren thal shal.,The storm flows with the water under the light.,Dralshaneth kal dren an Belvok.,The heaven's blessing strengthens the family.,Thaalaen Ilin an Dral.,We wonder at the heavens.,Dral shal thaar.,The stars guide the heart.,"Thal morl ser, thal dral var.","Balance the mountain, balance the sky."
LX-NE1-0028,National Expansion 1,Dralbelaen,/drahl-behl-ah-ehn/,Verb,,To harness storm energy,,Dral + Bel + -aen,Valkeldor,To bind or direct the force of a storm for purposeful use.,,,Aen; DRAL; BEL,Amthaen; Aen; Aenor; Aenvor; Ohmbaen; Lianaen; Thalaneshen; Velthaen; Wek'aen; Rathorimaen,2,1,dralbelaen mekral thalorim.,The technician harnesses lightning.,dralbelaen I dralorim.,I harness the storm's energy.,,,,,,
LX-V2-0205,,Dralorim,/drah-loh-reem/,Noun,,Storm,A celestial storm or significant weather event.,,,,,,DRAL,Dral; Jindral; Dralshaneth; Dralbelaen; Dralshara,3,1,Dralorim nor dren thal shal.,The storm flows with the water under the light.,Zhirelorim nor dren an Dralorim.,The coming-of-age flows with the celestial storm.,dralbelaen I dralorim.,I harness the storm's energy.,,,,
LX-V3-0113,,Dralshaneth,/drahlshah-nehth/,Noun,,Heaven's Blessing,Derived From: Dral (heavens) + shan (pass) + eth (sacred). Meaning: A celestial ceremony to seek guidance and protection for the family.,,,,,,DRAL; SHAN,Dral; Jindral; Dralorim; Dralbelaen; Dralshara; Terrashaneth; Velpralim; Shan,1,1,Dralshaneth kal dren an Belvok.,The heaven's blessing strengthens the family.,,,,,,,,
LX-NE1-0036,National Expansion 1,Dralshara,/drahl-shah-rah/,Noun,,Star route; celestial path,,Dral + Shara,Zarithan,A route found or followed through observation of the heavens.,,,SHARA; DRAL,Shara; Belshara; Sharbel; Vershara; Sharaka; Shar; Kinnshara; Awekshara; Sharavok; Sharaen,8,1,lorin dralshara sharavok.,The star route guides the caravan.,var sharavok an dralshara.,The traveling company follows the celestial path.,sharaen sharavok dralshara.,The caravan follows the star route.,tharsharaen I dralshara.,I choose the star route.,rinaen dralshara tharshara.,The star route is the choice.
LX-V2-0002; LX-V2-0068; LX-V3-0011; XR-dren,,Dren,/dren/,Noun,Yes,Water,,,,,,,,Morldren; Peldren; Terradren; Drenshal; Drenlivar; Drenkor; Drenalor; Drenvelesh; Drenvokesh; Drenkorath,215,1,Var I dren.,“I go to the water.”,I ka dren,“My water”,Theon dren kal thal,The neutral person brings strength and balance.,Theon ian kal nor dren,My neutral companion flows with the water.,Azfel kal dren morl,The girl brings strength to the flowing mountain.
LX-V2-0002; LX-V2-0068; LX-V3-0011; XR-dren,,Dren,/dren/,Noun,Yes,Water - symbolic,"Use in rituals, court, formal address, writing, when emphasizing depth. Combine with Li- / -en.",,,,,,,Morldren; Peldren; Terradren; Drenshal; Drenlivar; Drenkor; Drenalor; Drenvelesh; Drenvokesh; Drenkorath,215,2,Var I dren.,“I go to the water.”,I ka dren,“My water”,Theon dren kal thal,The neutral person brings strength and balance.,Theon ian kal nor dren,My neutral companion flows with the water.,Azfel kal dren morl,The girl brings strength to the flowing mountain.
LX-V2-0002; LX-V2-0068; LX-V3-0011; XR-dren,,Dren,/dren/,Noun,Yes,Water / River,,,,,,,,Morldren; Peldren; Terradren; Drenshal; Drenlivar; Drenkor; Drenalor; Drenvelesh; Drenvokesh; Drenkorath,215,3,Var I dren.,“I go to the water.”,I ka dren,“My water”,Theon dren kal thal,The neutral person brings strength and balance.,Theon ian kal nor dren,My neutral companion flows with the water.,Azfel kal dren morl,The girl brings strength to the flowing mountain.
DM-RM-S3-0004,,Dren-,/drehn-/,Noun,Yes,"Water, liquid, fluid; life, flow, change, healing, emotion, intuition, cleansing, adaptation.",Conceptual layer preserved; no standalone lexicon rows created for pairings.,,,,,,,Dren; Morldren; Peldren; Terradren; Drenshal; Drenlivar; Drenkor; Drenalor; Drenvelesh; Drenvokesh,,1,,,,,,,,,,
LX-V4-0053,,Drenaen,/dreh-nah-ehn/,Verb,,"To Drink, To take liquid",Dren (water) + -aen,,,,,,DREN; Aen,Dren; Morldren; Peldren; Terradren; Drenshal; Drenlivar; Drenkor; Drenalor; Drenvelesh; Drenvokesh,2,1,Drenaen Ya phelvin.,You drink the comforting drink.,Ra drenaen Ya dren reth phelvin?,Do you drink water or the comfort-drink?,,,,,,
LX-V2-0207,,Drenalor,/dreh-nah-lohr/,Noun,,Rain,Falling rain from the sky.,,,,,,ALOR; DREN,Aloraen; Alor; Dren; Morldren; Peldren; Terradren; Drenshal; Drenlivar; Drenkor; Drenvelesh,1,1,Drenalor shalil nor dren.,The rain falls lightly over the water.,,,,,,,,
LX-V4-0034,,Dreneth,/dreh-nehth/,Adjective,,"Wet, Damp, Watery",Dren (water) + -eth,,,,,,DREN,Dren; Morldren; Peldren; Terradren; Drenshal; Drenlivar; Drenkor; Drenalor; Drenvelesh; Drenvokesh,1,1,Rinaen xaresh dreneth.,The cloak is wet.,,,,,,,,
LX-V3-0126,,Drenkaesh,/drehnkah-ehsh/,Noun,,"""Water-waster""; suggests carelessness or indulgence in water abundance.",Pelagaeans seen as wasteful by desert and mountain nations.,,,,,,,,,1,,,,,,,,,,
LX-V2-0191,,Drenkor,/drehnkohr/,Noun,,Oasis Bread,Dren = water + kor = source of strength,,,,,,DREN; KOR,Dren; Morldren; Peldren; Terradren; Drenshal; Drenlivar; Drenalor; Drenvelesh; Drenvokesh; Drenkorath,1,1,Drenkor nor dren.,The oasis bread rests by the water.,,,,,,,,
LX-V3-0119,,Drenkorath,/drehnkoh-rahth/,Noun,,Oasis Blessing Ceremony,Derived From: Dren (water) + kor (source/strength) + ath (balance). Meaning: A ritual where families gather to honor and protect their oasis or water source.,,,,,,Rath; KOR; ATH,Rathor; Rath; Rathvethor; Rathka; Rathorim; Rathorimaen; Rathaen; Krezmorath; Rathorkinash; Kalrath,2,1,Drenkorath lian nor dren.,The oasis blessing speaks to the water.,"Lia, var I an Drenkorath. Rinaen vethor an thar-ian.","Yes, I go to the sacred Spring. There is a shadow in my heart.",,,,,,
LX-V2-0171,,Drenlivar,/drehnlee-vahr/,Noun,,Salted Fish,Dren = water + livar = preserved,,,,,,LIVAR; DREN,Velalivar; Livar; Dren; Morldren; Peldren; Terradren; Drenshal; Drenkor; Drenalor; Drenvelesh,1,1,Drenlivar vanesh dren thal morl.,The salted fish trades by the water and the mountain.,,,,,,,,
LX-V2-0143,,Drenshal,/drehnshahl/,Noun,,reflective pool/crystal-clear spring,Dren + Shal,,,,,,DREN; SHAL,Dren; Morldren; Peldren; Terradren; Drenlivar; Drenkor; Drenalor; Drenvelesh; Drenvokesh; Drenkorath,,1,,,,,,,,,,
LX-CNE1-0015,Conversational Narrative Engine 1,Drenvaraen,/drehn-vah-rah-ehn/,Verb,,To change alter or become meaningfully different,,Dren + Var + -aen,Verdalris,Used for ecological seasonal practical and personal change.,,,Aen; DREN; Var-,Amthaen; Aen; Aenor; Aenvor; Ohmbaen; Lianaen; Thalaneshen; Velthaen; Wek'aen; Rathorimaen,2,1,drenvaraen I shara.,I change the path.,drenvaraen verdor an Zhaelor.,The forest changes in spring.,,,,,,
LX-V2-0211,,Drenvelesh,/drehnveh-lehsh/,Noun,,Morning Dew,Dew formed from the cold sky.,,,,,,DREN; ESH; VEL,Dren; Morldren; Peldren; Terradren; Drenshal; Drenlivar; Drenkor; Drenalor; Drenvokesh; Drenkorath,1,1,Drenvelesh dren thal morl.,The morning dew rests on the water by the mountain.,,,,,,,,
LX-V3-0107,,Drenvokesh,/drehnvoh-kehsh/,Noun,,Water Unity Ceremony,Derived From: Dren (water) + vok (bond) + esh (connection). Meaning: A ritual where families or clans pledge unity near water.,,,,,,DREN; ESH; VOK,Dren; Morldren; Peldren; Terradren; Drenshal; Drenlivar; Drenkor; Drenalor; Drenvelesh; Drenkorath,1,1,Drenvokesh kal dren nor Belvok.,The water unity strengthens the family by the water.,,,,,,,,
LX-V4-0016,,Drenvor,/drehnvohr/,Noun,,"Bowl, Cup, Water-holder",Dren (water) + Vor (place of bond),,,,,,DREN,Dren; Morldren; Peldren; Terradren; Drenshal; Drenlivar; Drenkor; Drenalor; Drenvelesh; Drenvokesh,5,1,Rinaen drenvor woreth.,The bowl is full.,Talaen I drenvor thal pralor.,I take the bowl from the table.,dor I drenvor an pralor.,I put the bowl on the table.,jekaen I drenvor.,I turn the bowl.,rinaen drenvor woreth felath.,The bowl is almost full.
LX-V3-0014; XR-dro,,Dro,/droh/,Noun,Yes,Water - basic,"Use in casual conversation, between friends/family, marketplaces. Avoid Li- / -en unless context requires politeness.",,,,,,,Droshen; Drokav; Droral; Drobel; Drosel,10,1,tal droral droshen an Ilin.,The water keeper gives the water ration to us.,rinaen droshen an teremil.,The water ration is in the home.,rinaen drosel an drokav.,Clean drinking water is in the cistern.,arth droral drokav.,The water keeper protects the reserve.,arth droral drobel.,The water keeper protects the waterworks.
LX-NE1-0004,National Expansion 1,Drobel,/droh-behl/,Noun,,Water-distribution system,,Dro + Bel,Jasara,Jasaran irrigation network or civic waterworks.,,,DRO; BEL,Dro; Droshen; Drokav; Droral; Drosel; Belrin; Belar; Belshara; Belshen; Belmor,4,1,rinaen drobel an Jasara.,The water-distribution system is in Jasara.,arth droral drobel.,The water keeper protects the water-distribution system.,arth droral drobel.,The water keeper protects the waterworks.,rinaen awekshara ser drobel.,The spring-fed canal is connected to the waterworks.,,
LX-NE1-0002,National Expansion 1,Drokav,/droh-kahv/,Noun,,Cistern; protected water reserve,,Dro + Kav,Jasara,Jasaran protected storage for scarce water.,,,DRO; KAV,Dro; Droshen; Droral; Drobel; Drosel; Velkavor; Kaveth; Liankavor; Kavral; Kav,2,1,rinaen drosel an drokav.,Clean drinking water is in the cistern.,arth droral drokav.,The water keeper protects the reserve.,,,,,,
LX-NE1-0003,National Expansion 1,Droral,/droh-rahl/,Noun,,Water keeper; water steward,,Dro + Ral,Jasara,Jasaran caretaker responsible for a shared water supply.,,,RAL; DRO,Dral; Jindral; Nkural; Xarvethral; Belvethral; Vethral; Pral; Mekral; Zhaelral; Kavral,5,1,arth droral drobel.,The water keeper protects the waterworks.,tal droral droshen an serin.,The water keeper gives water rations to the friends.,tal droral droshen an Ilin.,The water keeper gives the water ration to us.,arth droral drokav.,The water keeper protects the reserve.,arth droral drobel.,The water keeper protects the water-distribution system.
LX-NE1-0008,National Expansion 1,Drosel,/droh-sehl/,Noun,,Clean drinking water,,Dro + Sel,Pelagae,Ordinary water made safe and clean for drinking.,,,DRO; SEL,Dro; Droshen; Drokav; Droral; Drobel; Selineth; Sel,3,1,tal I drosel.,I drink clean water.,rinaen drosel an mahrvek.,Clean drinking water is on the ship.,rinaen drosel an drokav.,Clean drinking water is in the cistern.,,,,
LX-NE1-0001,National Expansion 1,Droshen,/droh-shehn/,Noun,,Water ration,,Dro + Shen,Jasara,"Jasaran water allotment for households, travelers, or fields.",,,DRO; SHEN,Dro; Drokav; Droral; Drobel; Drosel; Belshen; Thalaneshen; Ka-Shen; Shen; Shenlian,5,1,tal droral droshen an Ilin.,The water keeper gives the water ration to us.,rinaen droshen an teremil.,The water ration is in the home.,tal droral droshen an serin.,The water keeper gives water rations to the friends.,tharsharaen I droshen.,I choose the water ration.,rinaen droshen worlian.,The water ration is sufficient.
LX-V2-0217,,Ekor,/eh-kohr/,Quantifier,,Each / Every,Usage: Placed before the noun.,,,,,,,,2,1,Kal Ekor Kadron.,Strengthens Each Man.,Var Ekor Zhaelor.,Goes Every Spring.,,,,,,
LX-V3-0030,,Elan,/eh-lahn/,Particle,,"Well... (conversational starter/filler, declarative).",Usage: Typically sentence-initial.,,,,,,,,1,1,Elan: Well...,"conversational starter/filler, declarative",,,,,,,,
XR-elor,,Elor,/eh-lohr/,Noun,Yes,Growth; upward alignment; unfolding maturity,"Builds words for growth, emergence, alignment, and upward or life-stage progression.",,,,,,,Zhirelorim,2,1,Zhaelor shalil nor dren.,Spring flows lightly by the water.,Zhirelorim nor dren an Dralorim.,The coming-of-age flows with the celestial storm.,,,,,,
DX-emil,,Emil,/eh-meel/,Noun,,Food; meal,Common everyday word for sustenance in both casual and formal contexts.,,,,,,,,20,1,Ilin-ka emil,“Our meal”,Ka var I emil?,“Do I go without food?”,Tal I felin emil.,Give I little food.,"Shalra, Ya var emil?","Well, do you get food?","Shalra, Ya ser emil?","Well, do you bring food?"
LX-V1-0021; LX-V2-0006; LX-V2-0071; LX-V4-0110; XR-esh,,Esh,/ehsh/,Noun,Yes,Sky / Air,,,,,,,,Terraesh; Eshtenor; Eshvilor; Eshthael; Eshvelor; Drenvelesh; Eshvelaneth; Kalvokesh; Pralvokesh; Drenvokesh,7,1,Var I esh dren.,,Var I esh dren.,“I go above the water.”,"Vael rinaen I an eshlin, varal I an esh.","If I were a bird, I would be going to the sky.",Rinaen emil esh pralor.,The food is on the table.,Rinaen esh lunor.,The sky is blue.
LX-V1-0021; LX-V2-0006; LX-V2-0071; LX-V4-0110; XR-esh,,Esh,/ehsh/,Preposition,Yes,Above / Over,,,,,,,,Terraesh; Eshtenor; Eshvilor; Eshthael; Eshvelor; Drenvelesh; Eshvelaneth; Kalvokesh; Pralvokesh; Drenvokesh,7,2,Var I esh dren.,,Var I esh dren.,“I go above the water.”,"Vael rinaen I an eshlin, varal I an esh.","If I were a bird, I would be going to the sky.",Rinaen emil esh pralor.,The food is on the table.,Rinaen esh lunor.,The sky is blue.
LX-V1-0021; LX-V2-0006; LX-V2-0071; LX-V4-0110; XR-esh,,Esh,/ehsh/,Suffix,Yes,-esh (relational),,,,,,,,Terraesh; Eshtenor; Eshvilor; Eshthael; Eshvelor; Drenvelesh; Eshvelaneth; Kalvokesh; Pralvokesh; Drenvokesh,7,3,Var I esh dren.,,Var I esh dren.,“I go above the water.”,"Vael rinaen I an eshlin, varal I an esh.","If I were a bird, I would be going to the sky.",Rinaen emil esh pralor.,The food is on the table.,Rinaen esh lunor.,The sky is blue.
DM-RM-S3-0006,,Esh-,/ehsh-/,Noun,Yes,"Sky, air, wind; freedom, thought, divine, intellect, perspective, beginnings.",Conceptual layer preserved.,,,,,,,Esh; Terraesh; Eshtenor; Eshvilor; Eshthael; Eshvelor; Drenvelesh; Eshvelaneth; Kalvokesh; Pralvokesh,,1,,,,,,,,,,
LX-V3-0063,,Eshen,/ehshehn/,Possessive,,His/Her/Their / Direct Possession marker,,,,,,,,,,1,,,,,,,,,,
LX-V4-0061,,Eshlin,/ehshleen/,Noun,,Common Bird,Esh (sky) + -lin (collective/small thing),,,,,,ESH,Esh; Terraesh; Eshtenor; Eshvilor; Eshthael; Eshvelor; Drenvelesh; Eshvelaneth; Kalvokesh; Pralvokesh,3,1,Aenaen I eshlin an velmarin.,I hear a bird in the ancient tree.,"Vael rinaen I an eshlin, varal I an esh.","If I were a bird, I would be going to the sky.",Aenaen I eshlin an zhaelin.,I hear the bird in the flower.,,,,
LX-NE1-0037,National Expansion 1,Eshlor,/ehsh-lohr/,Noun,,Wind bearing; direction read from the air,,Esh + Lor,Zarithan,A navigational bearing determined from wind or atmospheric movement.,,,ESH; LOR,Esh; Terraesh; Eshtenor; Eshvilor; Eshthael; Eshvelor; Drenvelesh; Eshvelaneth; Kalvokesh; Pralvokesh,3,1,lorin eshlor sharavok.,The wind bearing guides the caravan.,rinaen eshlor lianeth.,The wind bearing is reliable.,kes I eshlor.,I notice the wind bearing.,,,,
LX-V3-0108,,Eshlorien,/ehshloh-ree-ehn/,Noun,,Wave Naming Ritual,Derived From: Esh (sky/air) + lorin (guide). Meaning: A naming ceremony for children born by the sea.,,,,,,ESH,Esh; Terraesh; Eshtenor; Eshvilor; Eshthael; Eshvelor; Drenvelesh; Eshvelaneth; Kalvokesh; Pralvokesh,1,1,Eshlorien nor dren an Zhaelor.,The wave naming flows by the water in spring.,,,,,,,,
LX-V3-0129,,Eshreth,/ehshrehth/,Noun,,"""Sky-confused""; implies a dreamy or detached nature under the icy skies.",Nivveil perceived as distant or impractical under harsh skies.,,,,,,,,1,1,"An eshreth, ra var Ya, Ser?","In this hazy sky, where are you going, Friend?",,,,,,,,
LX-V2-0172,,Eshtenor,/ehshteh-nohr/,Noun,,Seaweed Snack,Esh = sky + Tenar = glow,,,,,,TENAR; ESH,Tenarorin; Tenar; Esh; Terraesh; Eshvilor; Eshthael; Eshvelor; Drenvelesh; Eshvelaneth; Kalvokesh,1,1,Eshtenor nor dren.,The glowing seaweed rests by the water.,,,,,,,,
LX-V2-0203,,Eshthael,/ehshthah-ehl/,Noun,,Breeze,A light and flowing breeze.,,,,,,THAEL; ESH,Velthaelvok; Thael; Esh; Terraesh; Eshtenor; Eshvilor; Eshvelor; Drenvelesh; Eshvelaneth; Kalvokesh,1,1,Eshthael nor dren.,The breeze flows by the water.,,,,,,,,
LX-V2-0212; LX-V3-0118,,Eshvelaneth,/ehshveh-lah-nehth/,Noun,,Hailstorm,A storm of icy hail striking the ground.,,,,,,ESH; VEL,Esh; Terraesh; Eshtenor; Eshvilor; Eshthael; Eshvelor; Drenvelesh; Kalvokesh; Pralvokesh; Drenvokesh,2,1,Eshvelaneth kal morl.,The hailstorm strikes the mountain.,Eshvelaneth shan dren an Tharvok.,The snowstorm guidance passes to the family.,,,,,,
LX-V2-0212; LX-V3-0118,,Eshvelaneth,/ehshveh-lah-nehth/,Noun,,Snowstorm Guidance Ritual,Derived From: Esh (sky) + vel (cold) + aneth (strike). Meaning: A ritual to seek guidance during challenging times.,,,,,,ESH; VEL,Esh; Terraesh; Eshtenor; Eshvilor; Eshthael; Eshvelor; Drenvelesh; Kalvokesh; Pralvokesh; Drenvokesh,2,2,Eshvelaneth kal morl.,The hailstorm strikes the mountain.,Eshvelaneth shan dren an Tharvok.,The snowstorm guidance passes to the family.,,,,,,
LX-V2-0208,,Eshvelor,/ehshveh-lohr/,Noun,,Snowfall,Snow falling gently from the sky.,,,,,,ESH,Esh; Terraesh; Eshtenor; Eshvilor; Eshthael; Drenvelesh; Eshvelaneth; Kalvokesh; Pralvokesh; Drenvokesh,1,1,Eshvelor nor dren thal morl.,The snow falls by the water and the mountain.,,,,,,,,
LX-V2-0184,,Eshvilor,/ehshvee-lohr/,Noun,,Snowberry Wine,Esh = sky + vilor = berry essence,,,,,,VILOR; ESH,Jorvilor; Vilor; Esh; Terraesh; Eshtenor; Eshthael; Eshvelor; Drenvelesh; Eshvelaneth; Kalvokesh,1,1,Eshvilor shal dren.,The snowberry wine flows lightly with the water.,,,,,,,,
LX-V4-0122,,Eth,/ehth/,Suffix,,"-like, -ful",Essential manifestation as quality or formal act.,,,,,,,,,1,,,,,,,,,,
LX-V4-0122,,Eth,/ehth/,Suffix,,sacred act of,Essential manifestation as quality or formal act.,,,,,,,,,2,,,,,,,,,,
LX-V2-0043; LX-V4-0104; XR-fah,,Fah,/fahh/,Noun,Yes,Darkness / Fear / Night,,,,,,,,Fahaen; Faheth,6,1,Fah tha-var,A darkness has occurred,thar an fah,a dark heart / despair,Rathaen Lalin fah.,They hate the darkness.,Vershalaen La nor fah.,They despair in the darkness.,Thal Shal ser Fah.,Balance requires acknowledging both light and dark aspects; true harmony includes opposites. (Core Celan philosophy).
LX-V2-0043; LX-V4-0104; XR-fah,,Fah,/fahh/,Interjection,Yes,Ugh! / Bah!,,,,,,,,Fahaen; Faheth,6,2,Fah tha-var,A darkness has occurred,thar an fah,a dark heart / despair,Rathaen Lalin fah.,They hate the darkness.,Vershalaen La nor fah.,They despair in the darkness.,Thal Shal ser Fah.,Balance requires acknowledging both light and dark aspects; true harmony includes opposites. (Core Celan philosophy).
LX-V3-0066,,Fah'thar,/fahh'thahr/,Noun,,Grief (heart-darkness).,,,,,,,,,,1,,,,,,,,,,
LX-V3-0069,,Fah'tharaen,/fahh'thah-rah-ehn/,Verb,,To Mourn / Grieve Deeply.,,,,,,,Aen,Amthaen; Aen; Aenor; Aenvor; Ohmbaen; Lianaen; Thalaneshen; Velthaen; Wek'aen; Rathorimaen,,1,,,,,,,,,,
LX-V3-0089,,Fahaen,/fah-hah-ehn/,Verb,,To Fear.,"Derivation: From Fah (Fear/Darkness) + -aen. Usage: Standard verb, follows VSO.",,,,,,FAH; Aen,Fah; Faheth; Amthaen; Aen; Aenor; Aenvor; Ohmbaen; Lianaen; Thalaneshen; Velthaen,3,1,Fahaen I Vethor.,I fear the Shadow.,Fahaen I ar!,I am terrified!,Fahaen I rethvok.,I fear chaos.,,,,
LX-V4-0045,,Faheth,/fah-hehth/,Adjective,,"Black, Dark",Fah (darkness) + -eth,,,,,,FAH,Fah; Fahaen,1,1,Rinaen mor faheth.,The stone is black.,,,,,,,,
LX-V3-0016; DM-RM-V3-0004,,Fel,/fehl/,Particle,,"Diminisher - slightly, a bit",Place after the verb/adjective. Theraen I fel. (I long a little.),,,,,,,Kadfel; Azfel; Theefel; Felorin; Lianfel; Krezfel; Felin; Felka; Felvin; Xarfelvin,1,1,Theraen I fel.,I long a little.,,,,,,,,
LX-CNE1-0021,Conversational Narrative Engine 1,Felath,/feh-lath/,Particle,,Almost; near realization but not complete,,Fel + Ath,Jasara,Used when a supply journey or measured process nears its endpoint.,,,FEL; ATH,Kadfel; Azfel; Theefel; Felorin; Lianfel; Krezfel; Felin; Fel; Felka; Felvin,2,1,var sharavok an mahr felath.,The caravan almost reaches the sea.,rinaen drenvor woreth felath.,The bowl is almost full.,,,,,,
LX-V4-0024,,Feleth,/feh-lehth/,Adjective,,"Light (weight), Small, New",Fel- (small/young) + -eth,,,,,,FEL,Kadfel; Azfel; Theefel; Felorin; Lianfel; Krezfel; Felin; Fel; Felka; Felvin,1,1,Rinaen zhirin feleth.,The rope is light.,,,,,,,,
LX-V2-0216,,Felin,/feh-leen/,Quantifier,,Few / Little / Small amount,Usage: Placed before the noun.,,,,,,FEL,Kadfel; Azfel; Theefel; Felorin; Lianfel; Krezfel; Fel; Felka; Felvin; Xarfelvin,2,1,Var felin Serin.,Go few Friends.,Tal I felin emil.,Give I little food.,,,,,,
LX-V3-0040,,Felka,/fehlkah/,Noun,,Child,Retain as-is.,,,,,,FEL,Kadfel; Azfel; Theefel; Felorin; Lianfel; Krezfel; Felin; Fel; Felvin; Xarfelvin,6,1,Felka ser dren an Tavan.,The child is with the parent by the water.,Tavan shalil nor Felka.,The parent moves lightly with the child.,Xarvethral ser Felka thal dren.,The adoptive parent is with the child by the water.,Tavrel ser dren thal Felka.,The uncle/aunt is by the water with the child.,Velmarineth lian nor Felka.,The elder's blessing speaks to the child.
LX-V2-0157; LX-V2-0174,,Felorin,/feh-loh-reen/,Noun,,Berry from Coral Reefs,Fel = small + orin = core,,,,,,FEL,Kadfel; Azfel; Theefel; Lianfel; Krezfel; Felin; Fel; Felka; Felvin; Xarfelvin,3,1,Felorin vanesh dren.,The berries trade by the water.,Felorin nor dren.,The berries rest by the water.,Felorin vanesh dren an Evan.,The berries trade at the market.,,,,
LX-V2-0157; LX-V2-0174,,Felorin,/feh-loh-reen/,Noun,,Berry/Small Fruit,Fel + orin = delicate core;,,,,,,FEL,Kadfel; Azfel; Theefel; Lianfel; Krezfel; Felin; Fel; Felka; Felvin; Xarfelvin,3,2,Felorin vanesh dren.,The berries trade by the water.,Felorin nor dren.,The berries rest by the water.,Felorin vanesh dren an Evan.,The berries trade at the market.,,,,
LX-V3-0052,,Felvin,/fehlveen/,Noun,,Niece/Nephew,Fel (young/new) + vin (pulled).,,,,,,FEL; VIN,Kadfel; Azfel; Theefel; Felorin; Lianfel; Krezfel; Felin; Fel; Felka; Xarfelvin,1,1,Felvin nor dren an Tavan.,The niece/nephew rests with the parent by the water.,,,,,,,,
DM-RM-V3-0017,,Fen-,/fehn-/,Prefix,,Tens of thousands prefix,,,,,,,,,,1,,,,,,,,,,
LX-V4-0030,,Feneth,/feh-nehth/,Adjective,,"Hot, Warm",Fen- (warmth) + -eth,,,,,,,,1,1,Rinaen krezor feneth.,The hearth is hot.,,,,,,,,
XR-fennil,,Fennil,/fehnneel/,Noun,Yes,Leaf; herb; soft medicinal greens,"Builds words for leaves, herbs, greens, and soft botanical matter used for food or medicine.",,,,,,,Terafennil; Fennilphel,2,1,Terafennil ser dren an Teremil.,The herb stew is shared with water at home.,rinaen fennil an velalivar.,The herbs are preserved through cold dormancy.,,,,,,
LX-NE1-0017,National Expansion 1,Fennilphel,/fehn-neel-phehl/,Noun,,Herbal remedy,,Fennil + Phel,Verdalris,A soothing preparation made primarily from medicinal leaves or herbs.,,,FENNIL; PHEL,Terafennil; Fennil; Phelvin; Phelkarin; Phelrin; Phelmorin; Xarphelor; Phel,3,1,tal I fennilphel.,I take the herbal remedy.,tal zhaelral fennilphel an ser.,The healer gives an herbal remedy to the friend.,tal zhaelral fennilphel an ser.,The healer gives the herbal remedy to the friend.,,,,
OHC-0013,,Fennlur,/fehnnloor/,Noun,,Pack Runner,Grassland; Wind-sensitive pack runner that kicks up dust and storm-signals as it moves.; Cultural role: Movement and storm-sense creature in grassland tradition.,,,,,,,,,1,,,,,,,,,,
LX-V2-0200,,Fenrek,/fehnrehk/,Noun,,Summer,The season of intense warmth.,,,,,,REK,Krezrek; Rek,3,1,Fenrek kal nor dren.,Summer strengthens by the water.,Krezrek dren nor Fenrek.,The heatwave flows with summer.,Nor-var Fenrek an unar lunwek.,Summer will arrive in one month.,,,,
LX-V4-0021,,Gormeth,/gohrmehth/,Adjective,,"Dirty, Soiled",Gorm- (grime) + -eth,,,,,,,,1,1,Rinaen korin-ian gormeth.,My hands are dirty.,,,,,,,,
OHC-0015,,Grivol,/gree-vohl/,Noun,,Burrowing Rodent,"Grassland; Burrowing rodent and ecosystem engineer that stores seeds, aerates soil, and creates shelter for smaller life.; Cultural role: Landscape shaper and shelter-maker.",,,,,,,,,1,,,,,,,,,,
OHC-0001,,Harven,/hahrvehn/,Noun,,Pack Beast,Ohnosha Forest; Domesticated mountain pack beast; compact and shaggy-furred; used for transport and companionship in rugged terrain.; Cultural role: Trusted travel companion and cargo carrier.,,,,,,,,,1,,,,,,,,,,
DM-RM-V3-0015,,Hek-,/hehk-/,Prefix,,Hundreds prefix,,,,,,,,,,1,,,,,,,,,,
DM-RM-V3-0018,,Hek-Mel-,/hehk-mehl-/,Prefix,,Hundreds of thousands construction,,,,,,,,,,1,,,,,,,,,,
LX-V1-0001,,I,/ee/,Pronoun,,1st Person Singular,Remains simple and universal.,,,,,,,,142,1,Var I dren.,“I go to the water.”,I ka dren,“My water”,Tha-var I dren.,“I went to the water.”,Nor-var I dren.,“I will go to the water.”,Varal I dren.,“I am going to the water.”
LX-V3-0061,,Ian,/ee-ahn/,Possessive,,My / Direct Possession marker,,,,,,,,,12,1,Kal ohm Kadron ian,My strong friend who is a man.,Theon ian kal nor dren,My neutral companion flows with the water.,Rinaen korin-ian gormeth.,My hands are dirty.,Rinaen lianor-ian vaareth.,My thought is good.,Rinaen belkor-ian verdeth.,My tunic is green.
LX-V2-0038,,Ilan,/ee-lahn/,Noun,,Student / Follower,,,,,,,,,2,1,Nkural nor dren ser Ilan.,The mentor rests by the water with the student.,Tal Varadan vellian an Ilan.,The Merchant offers quality goods to the Student.,,,,,,
LX-V1-0002; LX-V4-0008,,Ilin,/ee-leen/,Pronoun,,1st Person Plural,"Represents ""we"" as a group bound by common purpose.",,,,,,,,22,1,Ilin-ka emil,“Our meal”,Lorin Ilin belshara an vethor.,Guide us in the coordinated maneuver through the shadow.,Tal Ilin talrin ser vaar.,We give an offering with peace.,Vanesh Ilin ka-shen lialor.,We trade via barter indeed.,Vialaen Ilin ser vaar.,We rejoice in peace.
LX-V1-0002; LX-V4-0008,,Ilin,/ee-leen/,Pronoun,,"Inclusive We: I + You (+ others). This is the communal, default ""we.""",,,,,,,,,22,2,Ilin-ka emil,“Our meal”,Lorin Ilin belshara an vethor.,Guide us in the coordinated maneuver through the shadow.,Tal Ilin talrin ser vaar.,We give an offering with peace.,Vanesh Ilin ka-shen lialor.,We trade via barter indeed.,Vialaen Ilin ser vaar.,We rejoice in peace.
LX-V2-0213,,Ilinor,/ee-lee-nohr/,Quantifier,,All / Entire / Whole,Usage: Placed before the noun it modifies.,,,,,,,,2,1,Ilinor Serin var.,All the Friends go.,Kal Ilinor Terra.,Strengthens the whole World.,,,,,,
LX-V4-0009,,Imen,/ee-mehn/,Pronoun,,"Exclusive We: I + Others (but not you). This is the group ""we.""",,,,,,,,,1,1,Arth Imen an kaleth. Var Ya.,"We [the guards, not you] protect the fortress. You must go.",,,,,,,,
LX-V4-0005,,Inko,/eenkoh/,Pronoun,,We two (me and you),,,,,,,,,1,1,Var Inko an Varthas.,We two are going to the city.,,,,,,,,
XR-jek; DM-RM-V2-0012,,Jek,/jehk/,Noun,Yes,Spiral or twist (symbolizing swirling patterns or dynamic shapes).,Conceptual range: Spiral; twist; swirling form,,,,,,,Jekvor; Jekvin; Jekvarin; Jekaen,1,1,Jekvor nor dren.,The spiraling spice rests by the water.,,,,,,,,
LX-CNE1-0007,Conversational Narrative Engine 1,Jekaen,/jeh-kah-ehn/,Verb,,To turn rotate or change facing,,Jek + -aen,Mechuma,Used for turning valves controls tools or the body.,,,Aen; JEK,Amthaen; Aen; Aenor; Aenvor; Ohmbaen; Lianaen; Thalaneshen; Velthaen; Wek'aen; Rathorimaen,2,1,jekaen I drenvor.,I turn the bowl.,jekaen mekral zhelvek.,The mechanic turns the energy carrier.,,,,,,
LX-V2-0173,,Jekvarin,/jehkvah-reen/,Noun,,Spiral Shellfish,Jek = spiral + varin = small sea creature,,,,,,JEK,Jekvor; Jekvin; Jekaen; Jek,1,1,Jekvarin ser dren.,The shellfish is shared by the water.,,,,,,,,
LX-V2-0158,,Jekvin,/jehkveen/,Noun,,Spiral Herb,Jek + vin = twisted essence,,,,,,JEK; VIN,Jekvor; Jekvarin; Jekaen; Jek; Phelvin; Teravin; Welvinor; Tharvin; Felvin; Xarfelvin,1,1,Jekvin nor dren.,The spiral herb rests by the water.,,,,,,,,
LX-V2-0107,,Jekvor,/jehkvohr/,Noun,,Spiraling spice,Jek + vor = place,,,,,,JEK,Jekvin; Jekvarin; Jekaen; Jek,1,1,Jekvor nor dren.,The spiraling spice rests by the water.,,,,,,,,
XR-jel; DM-RM-V2-0013,,Jel,/jehl/,Noun,Yes,Flavor or zest (bright taste or sensory experience).,Conceptual range: Zest; bright flavor; sensory sharpness,,,,,,,Jelvor,1,1,Jelvor vanesh dren.,The zesty spice trades by the water.,,,,,,,,
LX-V2-0108,,Jelvor,/jehlvohr/,Noun,,Zesty spice,Jel + vor = location,,,,,,JEL,Jel,1,1,Jelvor vanesh dren.,The zesty spice trades by the water.,,,,,,,,
LX-V2-0016,,Jexhaer,/jehxhah-ehr/,Interjection,,"""Good night""",,,,,,,,,,1,,,,,,,,,,
DM-RM-V2-0014,,Jin,/jeen/,Noun,Yes,"Unique or rare (e.g., exotic or specialty foods).",,,,,,,,Jindral,1,1,Jindral nor dren.,The rare fruit rests by the water.,,,,,,,,
LX-V2-0109,,Jindral,/jeendrahl/,Noun,,Rare fruit,Jin + dral = wonder,,,,,,RAL; Jin; DRAL,Dral; Nkural; Xarvethral; Belvethral; Vethral; Pral; Droral; Mekral; Zhaelral; Kavral,1,1,Jindral nor dren.,The rare fruit rests by the water.,,,,,,,,
XR-jor; DM-RM-V2-0011,,Jor,/johr/,Noun,Yes,Surge or burst (symbolizing sudden movements or energetic flows).,Conceptual range: Surge; burst; energetic flow,,,,,,,Jorlin; Jorvak; Jorkal; Jorvilor; Jorvalin; Tavojorin; Joreth; Veljor,2,1,Jorlin shal dren.,The bursting water flows by the light.,Jorvak kal dren.,The warmth strengthens by the water.,,,,,,
LX-V4-0029,,Joreth,/joh-rehth/,Adjective,,"Fast, Quick, Surging",Jor- (surge/burst) + -eth,,,,,,JOR,Jorlin; Jorvak; Jorkal; Jorvilor; Jorvalin; Tavojorin; Veljor; Jor,1,1,Var vethral joreth.,The pack hunter goes fast.,,,,,,,,
LX-V2-0127,,Jorkal,/johrkahl/,Noun,,Charge / Attack / Assault. A command or description of a forceful offensive push.,Jor (surge/burst) + Kal (strength/power),,,,,,JOR; KAL,Jorlin; Jorvak; Jorvilor; Jorvalin; Tavojorin; Joreth; Veljor; Jor; Kal; Kaleth,1,1,Va jorkal an rath!,Command: Charge the enemy!,,,,,,,,
LX-V2-0105,,Jorlin,/johrleen/,Noun,,Bursting water,Jor + lin = collective flow,,,,,,JOR,Jorvak; Jorkal; Jorvilor; Jorvalin; Tavojorin; Joreth; Veljor; Jor,2,1,Jorlin shal dren.,The bursting water flows by the light.,Jorvak kal dren.,The warmth strengthens by the water.,,,,,,
LX-V2-0106; LX-V2-0152,,Jorvak,/johrvahk/,Noun,,Bursting Stew,Jor + vak = energetic vessel,,,,,,JOR,Jorlin; Jorkal; Jorvilor; Jorvalin; Tavojorin; Joreth; Veljor; Jor,4,1,Jorvak kal dren.,The warmth strengthens by the water.,Jorvak ser dren.,The bursting stew is shared by the water.,Jorlin shal dren.,The bursting water flows by the light.,Morlak an Jorvak ser dren.,The bread and stew are shared by the water.,,
LX-V2-0106; LX-V2-0152,,Jorvak,/johrvahk/,Noun,,Bursting warmth,Jor + vak = vessel,,,,,,JOR,Jorlin; Jorkal; Jorvilor; Jorvalin; Tavojorin; Joreth; Veljor; Jor,4,2,Jorvak kal dren.,The warmth strengthens by the water.,Jorvak ser dren.,The bursting stew is shared by the water.,Jorlin shal dren.,The bursting water flows by the light.,Morlak an Jorvak ser dren.,The bread and stew are shared by the water.,,
LX-V2-0170,,Jorvalin,/johrvah-leen/,Noun,,Effervescent Beverage,Jor = burst + valin = bubbling essence,,,,,,JOR,Jorlin; Jorvak; Jorkal; Jorvilor; Tavojorin; Joreth; Veljor; Jor,1,1,Jorvalin nor dren.,The effervescent beverage rests by the water.,,,,,,,,
LX-V2-0166,,Jorvilor,/johrvee-lohr/,Noun,,Bursting Berry Drink,Jor + vilor = energetic berry essence,,,,,,VILOR; JOR,Eshvilor; Vilor; Jorlin; Jorvak; Jorkal; Jorvalin; Tavojorin; Joreth; Veljor; Jor,1,1,Jorvilor nor dren.,The drink rests by the water.,,,,,,,,
LX-V1-0018; LX-V3-0018,,Ka,/kah/,Preposition,,Without,Var I ka shal.,,,,,,,,24,1,I ka dren,“My water”,Ilin-ka emil,“Our meal”,Var I ka shal.,,Ka var I emil?,“Do I go without food?”,Vanesh Ilin ka-shen lialor.,We trade via barter indeed.
LX-V1-0018; LX-V3-0018,,Ka,/kah/,Interjection,,No,“Ka.” – “No.”,,,,,,,,24,2,I ka dren,“My water”,Ilin-ka emil,“Our meal”,Var I ka shal.,,Ka var I emil?,“Do I go without food?”,Vanesh Ilin ka-shen lialor.,We trade via barter indeed.
LX-V2-0140,,Ka-Shen,/kah-shehn/,Noun,,Barter / Tradegoods (non-monetary) / Without Coin. Refers to trade done through exchange of goods rather than currency.,Ka (without) + Shen(akar) (coinage),,,,,,SHEN,Belshen; Thalaneshen; Shen; Droshen; Shenlian; Kalshen; Rinshen,1,1,Vanesh Ilin ka-shen lialor.,We trade via barter indeed.,,,,,,,,
LX-V1-0010,,Kadfel,/kahdfehl/,Noun,,Boy (young masculine person),Refers to a male child.,,,,,,Kadren; FEL,Kadron; Kadon; Kadren; Azfel; Theefel; Felorin; Lianfel; Krezfel; Felin; Fel,1,1,Kadfel ohmbaen,Beloved boy.,,,,,,,,
LX-V1-0014,,Kadon,/kah-dohn/,Noun,,Masculine woman,Describes a woman with masculine traits.,,,,,,Kadren,Kadron; Kadfel; Kadren,,1,,,,,,,,,,
DM-RM-V1-0001,,Kadren,/kahdrehn/,Noun,Yes,"Masculine essence (strength, groundedness).",Preserved as standalone root/morpheme because source clearly defines it.,,,,,,,Kadron; Kadfel; Kadon,,1,,,,,,,,,,
LX-V4-0035,,Kadreneth,/kahdreh-nehth/,Adjective,,"Dry, Waterless",Ka-dren (without water) + -eth,,,,,,,,5,1,Rinaen morlak kadreneth.,The bread is dry.,Min I an dren. Rinaen kelvor-ian kadreneth ser Krez.,Headed to water. My mouth is dry with the heat.,Theraen thar-ian an awek. Rinaen an-rin lian morlak kadreneth.,My heart longs for the spring. It feels like the truth of dry bread.,Var I an phelvin. Rinaen kelvor-ian kadreneth. Rinaen belshara.,Proceeding to acquire a beverage. My mouth is dry. Hydration is a necessity.,Shalil I an dren. Rinaen thar-ian ser mahr kadreneth.,I flow to the water. My heart feels like a dry sea.
LX-V1-0007,,Kadron,/kahdrohn/,Noun,,Man (masculine person),Default term for men.,,,,,,Kadren,Kadfel; Kadon; Kadren,7,1,Kal ohm Kadron ian,My strong friend who is a man.,Kadron-Azon,A man with both masculine and feminine qualities.,Kadron var thal nor,The man stands in balance with time.,Kal Ekor Kadron.,Strengthens Each Man.,Krezaen Kadron an varok.,The man rages at the command.
LX-V2-0031; LX-V4-0111; XR-kal,,Kal,/kahl/,Noun,Yes,Strength / Power,,,,,,,,Kaleth; Jorkal; Serenkal; Kalvok; Kalvokesh; Zhirkalor; Kalorinath; Kalrath; Morkal; Mahrkal,55,1,kelka an Kalrin,a king's decree,Kal ohm Kadron ian,My strong friend who is a man.,Theon dren kal thal,The neutral person brings strength and balance.,Theon ian kal nor dren,My neutral companion flows with the water.,Azfel kal dren morl,The girl brings strength to the flowing mountain.
LX-V2-0031; LX-V4-0111; XR-kal,,Kal,/kahl/,Adjective,Yes,Strong,,,,,,,,Kaleth; Jorkal; Serenkal; Kalvok; Kalvokesh; Zhirkalor; Kalorinath; Kalrath; Morkal; Mahrkal,55,2,kelka an Kalrin,a king's decree,Kal ohm Kadron ian,My strong friend who is a man.,Theon dren kal thal,The neutral person brings strength and balance.,Theon ian kal nor dren,My neutral companion flows with the water.,Azfel kal dren morl,The girl brings strength to the flowing mountain.
DM-RM-S3-0014,,Kal-,/kahl-/,Noun,Yes,"Strength, power, force; neutral force whose virtue depends on use.",Source uses Ohnoshan language for philosophical debate; current naming applied.,,,,,,,Kal; Kaleth; Jorkal; Serenkal; Kalvok; Kalvokesh; Zhirkalor; Kalorinath; Kalrath; Morkal,1,1,kelka an Kalrin,a king's decree,,,,,,,,
LX-V2-0081,,Kaleth,/kah-lehth/,Noun,,Fortress / Stronghold,,,,,,,KAL,Kal; Jorkal; Serenkal; Kalvok; Kalvokesh; Zhirkalor; Kalorinath; Kalrath; Morkal; Mahrkal,10,1,Var Seren arthlor an Kaleth.,The Guardians go to the defensive formation at the Fortress.,Theren var tera Kaleth Rathor.,The village stands at the ancient fortress-home.,Pralaen an kaleth nor-ka.,The fortress was built.,Arth Imen an kaleth. Var Ya.,"We [the guards, not you] protect the fortress. You must go.",Rinaen kaleth kaveth.,The fortress is old.
LX-V2-0032; LX-V2-0042,,Kalor,/kah-lohr/,Noun,,Courage / Strength of Spirit,,,,,,,,,2,1,Kal Kalor an Reth.,True strength/spirit is shown when facing the unknown or confusion.,Va var kalor thal!,Go in strength and balance! (command),,,,,,
LX-V2-0032; LX-V2-0042,,Kalor,/kah-lohr/,Noun,,Strength (of the mind or spirit),,,,,,,,,2,2,Kal Kalor an Reth.,True strength/spirit is shown when facing the unknown or confusion.,Va var kalor thal!,Go in strength and balance! (command),,,,,,
LX-V3-0124,,Kalorinath,/kah-loh-ree-nahth/,Noun,,Fortress Bonding Ceremony,"Derived From: Kal (strength) + lorin (guide) + ath (balance). Meaning: A ritual marking the formal union of families, emphasizing collective strength and mutual guidance.",,,,,,ATH; KAL,Rath; Nkuvath; Drenkorath; Krezmorath; Kalrath; Sivathaen; Athnor; Felath; Zhirath; -ath,1,1,Kalorinath ser dren thal Tharvok.,The fortress bonding ceremony is with the family under balance.,,,,,,,,
LX-V4-0060,,Kalrath,/kahlrahth/,Noun,,Apex Predator (solitary),Kal (strength) + Rath (foe),,,,,,Rath; ATH; KAL,Rathor; Rath; Rathvethor; Rathka; Rathorim; Rathorimaen; Rathaen; Drenkorath; Krezmorath; Rathorkinash,2,1,Vethoraen kalrath an morl.,The apex predator sleeps in the mountains.,Kalvok; Kalrath; Rethlian,Smooth clusters,,,,,,
LX-NE1-0034,National Expansion 1,Kalshen,/kahl-shehn/,Noun,,"Measured level of ability, standing, or authority",,Kal + Shen,Marakor,A Marakorian official rank or formally assessed standing.,,,SHEN; KAL,Belshen; Thalaneshen; Ka-Shen; Shen; Droshen; Shenlian; Rinshen; Kal; Kaleth; Jorkal,2,1,rinaen kalshen an seren.,The guardian holds an official rank.,lorin kalshen kalwek.,The assessed level guides the training cycle.,,,,,,
LX-V2-0053,,Kalvar,/kahlvahr/,Noun,,Arm,,,,,,,,,,1,,,,,,,,,,
LX-V3-0049,,Kalvok,/kahlvohk/,Noun,,Partner / Spouse,Kal (strength) + vok (unity).,,,,,,VOK; KAL,Lorlivok; Voktarin; Belvok; Kalvokesh; Pralvokesh; Vokaen; Drenvokesh; Zhivokesh; Velthaelvok; Zhirvok,3,1,Kalvok ser Belvok an Teremil.,The partner is with the family at home.,Ohmaen Ya Kalvok-en.,You love your bonded partner.,Kalvok; Kalrath; Rethlian,Smooth clusters,,,,
LX-V3-0055,,Kalvokesh,/kahlvoh-kehsh/,Noun,,Spouse's Family,Kal (strength) + vok (unity) + esh (connection).,,,,,,ESH; VOK; KAL,Esh; Terraesh; Eshtenor; Eshvilor; Eshthael; Eshvelor; Drenvelesh; Eshvelaneth; Pralvokesh; Drenvokesh,1,1,Kalvokesh ser dren an Belvok.,The spouse's family is by the water with the unified family.,,,,,,,,
LX-NE1-0029,National Expansion 1,Kalwek,/kahl-wehk/,Noun,,Repeated strengthening or training cycle,,Kal + Wek,Valkeldor,A Valkeldorian drill or repeated combat-training exercise.,Kalewek; Kalowek,/kahl-eh-wehk/; /kahl-oh-wehk/,WEK; KAL,Weknor; Lunwek; Tharvin-Wek; Mahrowek; Belwek; Wek; Kal; Kaleth; Jorkal; Serenkal,3,1,var seren an kalwek.,The guardians go to the training drill.,rinaen kalewek an Mechuma.,The repeated training cycle is used in Mechuma.,lorin kalshen kalwek.,The assessed level guides the training cycle.,,,,
XR-kar,,Kar,/kahr/,Noun,Yes,Strike; mechanical force; tool-work,"Builds words for striking, tool-use, applied force, and mechanical action.",,,,,,,Kareth; Karethaen; Karvek,3,1,Karethaen I kareth.,I use the hammer.,Karethaen I peleth.,I use the knife.,"Va kar im dren, vanesh ka!","Use the device with water, do not hesitate to trade!",,,,
LX-V4-0013,,Kareth,/kah-rehth/,Noun,,"Hammer, Striking Tool",Kar- (strike) + -eth (purposeful act),,,,,,KAR,Karethaen; Karvek; Kar,8,1,Karethaen I kareth.,I use the hammer.,Nor-var I kareth var dreshal.,I will go use the tool and the crystal device.,Nor var I kareth teremil.,I will use a tool for the home's meal.,Va kareth kal dren.,Use the tool's strength with the water.,Serilin var kareth emil.,The sibling uses the tool for food.
LX-V4-0050,,Karethaen,/kah-rehthah-ehn/,Verb,,"To Use, To wield a tool",Kareth (hammer/tool) + -aen,,,,,,KAR; Aen,Kareth; Karvek; Kar; Amthaen; Aen; Aenor; Aenvor; Ohmbaen; Lianaen; Thalaneshen,5,1,Karethaen I peleth.,I use the knife.,Karethaen I kareth.,I use the hammer.,siv mekral karethaen karvek.,The mechanic tries to use the toolkit.,sivathaen mekral karethaen zhelvek.,The mechanic succeeds in using the energy carrier.,sivrethaen mekral karethaen zhelvek.,The mechanic fails to use the energy carrier.
LX-NE1-0038,National Expansion 1,Karvek,/kahr-vehk/,Noun,,Portable toolkit,,Kar + Vek,Zarithan,A carried set of tools for repair or practical work.,,,KAR; VEK,Kareth; Karethaen; Kar; Zhelvek; Mahrvek; Vekaen; Vek,8,1,rinaen kareth an karvek.,The hammer is in the toolkit.,tal I karvek.,I take the toolkit.,rinaen karvek an mahrvek.,The toolkit is on the ship.,rinaen karvek an sharavok.,The toolkit is with the traveling company.,vekaen I karvek.,I carry the toolkit.
XR-kav,,Kav,/kahv/,Noun,Yes,Age; preservation; ancient duration,"Builds words for age, preservation, oldness, and what has endured across long time.",,,,,,,Velkavor; Kaveth; Drokav; Liankavor; Kavral,2,1,Velkavor lian nor Terra.,The ancestor speaks to the Earth.,Rinaen kaleth kaveth.,The fortress is old.,,,,,,
LX-CNE1-0018,Conversational Narrative Engine 1,Kavelzhiraen,/kah-vehl-zhee-rah-ehn/,Verb,,To forget or lose access to something previously known or intended,,Ka + Vel + Zhir + -aen,Nivveil,Used for forgotten names routes facts or intended actions.,,,Aen; ZHIR; VEL,Amthaen; Aen; Aenor; Aenvor; Ohmbaen; Lianaen; Thalaneshen; Velthaen; Wek'aen; Rathorimaen,2,1,kavelzhiraen I dralshara.,I forget the star route.,kavelzhiraen ser rinshen.,The friend forgets the identity record.,,,,,,
LX-V4-0027,,Kaveth,/kah-vehth/,Adjective,,"Old, Ancient",Kav- (preserved/ancient) + -eth,,,,,,KAV,Velkavor; Drokav; Liankavor; Kavral; Kav,3,1,Rinaen kaleth kaveth.,The fortress is old.,Rinaen velmarin kaveth.,The ancient tree is old.,Rinaen I Ten-del tharvinwek kaveth.,I am 20 years old.,,,,
LX-CNE1-0025,Conversational Narrative Engine 1,Kavok,/kah-vohk/,Particle,,Apart; separate in place company or coordinated action,,Ka + Vok,Marakor,Used for deliberate spatial or social separation without implying rejection.,,,VOK,Lorlivok; Voktarin; Belvok; Kalvok; Kalvokesh; Pralvokesh; Vokaen; Drenvokesh; Zhivokesh; Velthaelvok,2,1,var I thal sharavok kavok.,I travel apart from the caravan.,dor I karvekin kavok.,I place the toolkits apart.,,,,,,
LX-NE1-0033,National Expansion 1,Kavral,/kahv-rahl/,Noun,,Keeper of preserved records or objects,,Kav + Ral,Marakor,"A Marakorian archivist or, elsewhere, a curator or preservation keeper.",,,RAL; KAV,Dral; Jindral; Nkural; Xarvethral; Belvethral; Vethral; Pral; Droral; Mekral; Zhaelral,6,1,arth kavral liankavor.,The archivist protects the archive.,arth kavral mormek.,The preservation keeper protects the worked stone.,var kavral an liankavor.,The archivist goes to the records repository.,arth kavral rinshen.,The record keeper protects the identifying record.,dor kavral rinshen an liankavor.,The record keeper places the identity record in the archive.
LX-CNE1-0005,Conversational Narrative Engine 1,Kaxaraen,/kah-xah-rah-ehn/,Verb,,To open uncover or remove a closure so access becomes possible,,Ka + Xar + -aen,Nivveil,Used for opening shelter vents doors and sealed containers.,,,Aen; XAR,Amthaen; Aen; Aenor; Aenvor; Ohmbaen; Lianaen; Thalaneshen; Velthaen; Wek'aen; Rathorimaen,4,1,kaxaraen I vorkor.,I open the door.,kaxaraen ser xarphelor.,The friend opens the shelter.,sivrethaen I kaxaraen vorkor.,I fail to open the door.,kaxaraen I xarphelor vethnor veljor.,I open the shelter after the cold snap.,,
LX-V3-0012; LX-V4-0121; XR-kel,,Kel,/kehl/,Verb,Yes,Say / Talk (informal),,,,,,,,Vaar'kelaen; Kelrin; Kelka; Rakel; Kel-,2,1,kelka an Kalrin,a king's decree,Lia. Var I an phelvin. Lorin belthal kel-ian.,Yes. I am going for a comforting drink. My actions are guided by order.,,,,,,
LX-V3-0012; LX-V4-0121; XR-kel,,Kel,/kehl/,Noun,Yes,Name,,,,,,,,Vaar'kelaen; Kelrin; Kelka; Rakel; Kel-,2,2,kelka an Kalrin,a king's decree,Lia. Var I an phelvin. Lorin belthal kel-ian.,Yes. I am going for a comforting drink. My actions are guided by order.,,,,,,
LX-V3-0012; LX-V4-0121; XR-kel,,Kel,/kehl/,Noun,Yes,Word,,,,,,,,Vaar'kelaen; Kelrin; Kelka; Rakel; Kel-,2,3,kelka an Kalrin,a king's decree,Lia. Var I an phelvin. Lorin belthal kel-ian.,Yes. I am going for a comforting drink. My actions are guided by order.,,,,,,
DM-RM-S3-0027,,Kel-,/kehl-/,Verb,Yes,"To say, speak, name; definition and ordering through language.",Conceptual layer preserved; Aen/Kel distinction flagged because it affects lookup and interpretation.,,,,,,,Kel; Vaar'kelaen; Kelrin; Kelka; Rakel,1,1,kelka an Kalrin,a king's decree,,,,,,,,
LX-V2-0014,,Kelithor,/keh-leethohr/,Interjection,,"""Good afternoon""",,,,,,,,,,1,,,,,,,,,,
LX-V4-0071,,Kelka,/kehlkah/,Noun,,Word (Particle of speech),Kel (say/talk) + -ka (particle),,,,,,KEL,Kel; Vaar'kelaen; Kelrin; Rakel; Kel-,2,1,Ver aen I unar kelka.,I do not speak one word.,kelka an Kalrin,a king's decree,,,,,,
LX-V4-0070,,Kelrin,/kehlreen/,Noun,,Name (Essence of what is spoken),Kel (say/talk) + Rin (essence),,,,,,KEL; RIN,Kel; Vaar'kelaen; Kelka; Rakel; Kel-; Belrin; Brosrin; Balrin; Talrin; Rinvarash,1,1,Ra aen Ya kelrin?,Do you speak your name?,,,,,,,,
LX-V2-0051,,Kelvor,/kehlvohr/,Noun,,Mouth,,,,,,,,,2,1,Min I an dren. Rinaen kelvor-ian kadreneth ser Krez.,Headed to water. My mouth is dry with the heat.,Var I an phelvin. Rinaen kelvor-ian kadreneth. Rinaen belshara.,Proceeding to acquire a beverage. My mouth is dry. Hydration is a necessity.,,,,,,
LX-CNE1-0016; XR-kes,Conversational Narrative Engine 1,Kes,/kehs/,Verb,Yes,To notice or register something in awareness,,New primitive root for attention and mental registration,Zarithan,Used for noticing movement danger absence or sensory detail.,,,,,6,1,kes I eshlor.,I notice the wind bearing.,kes seren rathvethor.,The guardian notices the hidden threat.,kes zhaelral zhirkor.,The healer notices the cause.,kes mekral zhirath.,The mechanic notices the result.,kes I rethpral.,I notice the mistake.
XR-khum,,Khum,/khoom/,Noun,Yes,Circle; listening; reconciliation,"Builds words for circles of care, listening, reconciliation, mentorship, and chosen community.",,,,,,,Khumlor; Khumeth; Khum-,1,1,Khumrel an thar,to listen to one's heart,,,,,,,,
DM-RM-V2-0025; DM-RM-S3-0025,,Khum-,/khoom-/,Noun,Yes,"Circle, reconciliation","Conceptual range: To listen, perceive, know through hearing; patient knowing and introspection.",,,,,,,Khumlor; Khumeth; Khum,1,1,Khumrel an thar,to listen to one's heart,,,,,,,,
LX-V2-0133,,Khumeth,/khoo-mehth/,Noun,,Sacred Ritual / Ceremony / Circle Rite. Refers to a formal spiritual practice or ceremony.,Khum (circle/reconciliation) + Eth (sacred act/embrace - assuming ),,,,,,KHUM,Khumlor; Khum; Khum-,1,1,Nor-var Tharvok khumeth an Zhaelor.,The Family will perform the ritual in the Spring (season).,,,,,,,,
LX-V2-0121,,Khumlor,/khoomlohr/,Noun,,"Chosen family, circle of belonging",,,,,,,KHUM,Khumeth; Khum; Khum-,1,1,Khumlor var dren.,The family gathers by the water.,,,,,,,,
DM-RM-V2-0002,,Kilv,/keelv/,Noun,Yes,shadow/time,,,,,,,,Kilvthal; Kilveth; Kilvfah; Kilvlum,,1,,,,,,,,,,
LX-V2-0092,,Kilveth,/keelvehth/,Noun,,Evening (Shadow's Embrace),The time when shadows deepen and the day closes.,,,,,,Kilv,Kilvthal; Kilvfah; Kilvlum; Kilv,4,1,Kilveth dren morl shal.,Evening rests under the light.,var I shalnor kilveth.,I go before evening.,var I vethnor kilveth.,I go after evening.,pralaen I varnor kilveth.,I work until evening.,,
LX-V2-0093,,Kilvfah,/keelvfahh/,Noun,,Nightfall (Full Darkness),The time when darkness envelops the world.,,,,,,Kilv,Kilvthal; Kilveth; Kilvlum; Kilv,1,1,Var I dren an Kilvfah.,I go to the water at nightfall.,,,,,,,,
LX-V2-0094,,Kilvlum,/keelvloom/,Noun,,Midnight (Shadowed Reflection),"The deep, reflective part of the night.",,,,,,Kilv,Kilvthal; Kilveth; Kilvfah; Kilv,1,1,Tal I kilvlum dren nor veth.,I drink at midnight by the water's shadow.,,,,,,,,
LX-V2-0091,,Kilvthal,/keelvthahl/,Noun,,Afternoon (Balancing Light and Shadow),The gradual transition from day to evening.,,,,,,Kilv,Kilveth; Kilvfah; Kilvlum; Kilv,1,1,Nor-var I dren thal Kilvthal.,I will go to the water in the afternoon.,,,,,,,,
LX-V4-0082; DM-RM-V2-0001,,Kinn,/keenn/,Noun,Yes,Day,From the root for Daylight. A full cycle of light and darkness.,,,,,,,Kinnshal; Kinnmor; Kinnlin; Kinnshara,1,1,Var Ilin an tren kinn.,We go in three days.,,,,,,,,
LX-V2-0090,,Kinnlin,/keennleen/,Noun,,Noon (Full Light),"Midday, when light reaches its peak.",,,,,,Kinn,Kinnshal; Kinnmor; Kinnshara; Kinn,1,1,Tal I dren an Kinnlin.,I drink the water at noon.,,,,,,,,
LX-V2-0089,,Kinnmor,/keennmohr/,Noun,,Morning (Earth Illuminated),"Early morning, when the earth is bathed in light.",,,,,,Kinn; MOR,Kinnshal; Kinnlin; Kinnshara; Kinn; Brenmor; Pralmor; Welmor; Morlak; Belmor; Tharmor,2,1,Kinnmor kal dren nor shal.,The morning strengthens with water and light.,"Lorin shara Ya an Kinnmor, Li-Ser?","Where does your path guide you this morning, Respected-Friend?",,,,,,
LX-V2-0088,,Kinnshal,/keennshahl/,Noun,,Dawn (Light Awakens),"The time when light awakens, symbolizing renewal.",,,,,,Kinn; SHAL,Kinnmor; Kinnlin; Kinnshara; Kinn; Shal; Shalor; Drenshal; Shalorin; Shalithor; Shalaen,2,1,Var I dren an Kinnshal.,I go to the water at dawn.,Shalaen Ilin an Kinnshal.,We hope in the dawn.,,,,,,
LX-V4-0080,,Kinnshara,/keennshah-rah/,Noun,,Day's Journey,Kinn- (Daylight) + Shara (Path). The standard distance one can travel on foot in a day.,,,,,,SHARA; Kinn,Shara; Belshara; Sharbel; Vershara; Sharaka; Shar; Awekshara; Dralshara; Sharavok; Sharaen,1,1,Rinaen Varthas Ten-peth kinnshara.,The city is 50 day's-journeys away.,,,,,,,,
LX-V4-0118; XR-kor,,Kor,/kohr/,Noun,Yes,Source / Strength,,,,,,,,Korin; Drenkor; Drenkorath; Vorkor; Shalkor; Belkor; Zhirkor,2,1,Drenkorath lian nor dren.,The oasis blessing speaks to the water.,Arth shalkor Ilin thal fah.,The lamp protects us from the darkness.,,,,,,
LX-V4-0118; XR-kor,,Kor,/kohr/,Measure,Yes,Unit of length / handspan measure,,,,,,,,Korin; Drenkor; Drenkorath; Vorkor; Shalkor; Belkor; Zhirkor,2,2,Drenkorath lian nor dren.,The oasis blessing speaks to the water.,Arth shalkor Ilin thal fah.,The lamp protects us from the darkness.,,,,,,
LX-V3-0087,,Kor'taleth,/kohr'tah-lehth/,Verb,,Offering to Power Source Ritual (noun).,,,,,,,,,,1,,,,,,,,,,
LX-V3-0145,,Kora,/koh-rah/,Particle,,"Because, Since, For the reason that... (causation).","Usage: Introduces a reason clause. Structure might need careful handling (e.g., Main Clause, Kora + Reason Clause)",,,,,,,,1,1,"Kora: Because, Since, For the reason that...",causation,,,,,,,,
LX-V2-0054,,Korin,/koh-reen/,Noun,,Hand,,,,,,,KOR,Drenkor; Drenkorath; Vorkor; Shalkor; Belkor; Kor; Zhirkor,1,1,Rinaen korin-ian gormeth.,My hands are dirty.,,,,,,,,
LX-CNE1-0003,Conversational Narrative Engine 1,Korinaen,/kohr-ee-nah-ehn/,Verb,,To hold or maintain a grip on,,Korin + -aen,Valkeldor,Used for holding tools ropes or a defensive position under load.,,,Aen,Amthaen; Aen; Aenor; Aenvor; Ohmbaen; Lianaen; Thalaneshen; Velthaen; Wek'aen; Rathorimaen,3,1,korinaen I zhirin.,I hold the rope.,korinaen seren kareth.,The guardian holds the hammer.,korinaen I zhirin nethnor.,I am still holding the rope.,,,,
LX-V4-0078,,Korineth,/koh-ree-nehth/,Noun,,Handspan,"Korin (Hand) + -eth. A small, precise unit, the width of a hand. Used in crafting and short-distance measurements.",,,,,,,,1,1,Rinaen zhirin Ten-del korineth.,The rope is 20 handspans long.,,,,,,,,
LX-V4-0041,,Krelek,/kreh-lehk/,Adjective,,Red,Inspired by Krez (fire),,,,,,,,2,1,Rinaen zhaelin krelek.,The flower is red.,Rinaen zhaelin krelek an verdor.,The red flower is in the forest.,,,,,,
LX-V2-0004; LX-V2-0070; LX-V4-0105; XR-krez,,Krez,/krehz/,Noun,Yes,Fire,,,,,,,,Krezor; Krezfel; Kreztorin; Krezlorin; Krezrek; Krezaen; Kreztharim; Krezmorath; Welkrez; Krez-,3,1,Tal Krez vaar.,Hardship or intense effort brings eventual rest/peace; find warmth in difficulty (Zarithan).,Min I an dren. Rinaen kelvor-ian kadreneth ser Krez.,Headed to water. My mouth is dry with the heat.,rinaen krez zhirkor.,The fire is the cause.,,,,
LX-V2-0004; LX-V2-0070; LX-V4-0105; XR-krez,,Krez,/krehz/,Interjection,Yes,Blast! / Damn!,,,,,,,,Krezor; Krezfel; Kreztorin; Krezlorin; Krezrek; Krezaen; Kreztharim; Krezmorath; Welkrez; Krez-,3,2,Tal Krez vaar.,Hardship or intense effort brings eventual rest/peace; find warmth in difficulty (Zarithan).,Min I an dren. Rinaen kelvor-ian kadreneth ser Krez.,Headed to water. My mouth is dry with the heat.,rinaen krez zhirkor.,The fire is the cause.,,,,
DM-RM-S3-0003,,Krez-,/krehz-/,Noun,Yes,"Fire, heat, energy; passion, creation, strength, life-force, warmth, resilience, purification.",Conceptual layer preserved; Krezthal/Krezathal variation already flagged in euphony supplement.,,,,,,,Krez; Krezor; Krezfel; Kreztorin; Krezlorin; Krezrek; Krezaen; Kreztharim; Krezmorath; Welkrez,2,1,Krezthal,Dynamic Equilibrium,Krezathal,Dynamic Equilibrium,,,,,,
LX-V3-0128,,Krez-verin,/krehz-veh-reen/,Noun,,"""Fire-nothing"" or ""ash-breather""; criticizes their environment and resource scarcity.",Zarithans insulted for living in barren deserts with little resources.,,,,,,,,,1,,,,,,,,,,
LX-V3-0098,,Krezaen,/kreh-zah-ehn/,Verb,,To Rage / Burn with Anger.,"Derivation: From Krez (Fire) + -aen. Usage: Standard verb, follows VSO.",,,,,,KREZ; Aen,Krez; Krezor; Krezfel; Kreztorin; Krezlorin; Krezrek; Kreztharim; Krezmorath; Welkrez; Krez-,1,1,Krezaen Kadron an varok.,The man rages at the command.,,,,,,,,
LX-V2-0179,,Krezfel,/krehzfehl/,Noun,,Spiced Grain,Krez = fire + fel = small,,,,,,FEL; KREZ,Kadfel; Azfel; Theefel; Felorin; Lianfel; Felin; Fel; Felka; Felvin; Xarfelvin,1,1,Krezfel kal dren.,The spiced grain strengthens with water.,,,,,,,,
LX-V2-0197,,Krezlorin,/krehzloh-reen/,Noun,,Fire-Grilled Meat,Krez = fire + lorin = cooking guide,,,,,,KREZ,Krez; Krezor; Krezfel; Kreztorin; Krezrek; Krezaen; Kreztharim; Krezmorath; Welkrez; Krez-,1,1,Krezlorin kal dren.,The grilled meat strengthens with water.,,,,,,,,
LX-V3-0122,,Krezmorath,/krehzmoh-rahth/,Noun,,Fire Bond Ritual,"Derived From: Krez (fire) + mor (earth/grounding) + ath (balance). Meaning: A ritual performed around a fire to fortify family unity and resolve, often before significant challenges.",,,,,,Rath; ATH; KREZ,Rathor; Rath; Rathvethor; Rathka; Rathorim; Rathorimaen; Rathaen; Drenkorath; Rathorkinash; Kalrath,1,1,Krezmorath kal dren an Belvok.,The fire bond strengthens with the family.,,,,,,,,
LX-V2-0086; LX-V2-0146; LX-V4-0017,,Krezor,/kreh-zohr/,Noun,,forge,Krez + or,,,,,,KREZ,Krez; Krezfel; Kreztorin; Krezlorin; Krezrek; Krezaen; Kreztharim; Krezmorath; Welkrez; Krez-,6,1,Rinaen krezor feneth.,The hearth is hot.,Pralaen I krezor.,I am making a hearth.,siv I pralaen krezor.,I try to make the hearth.,sivathaen I pralaen krezor.,I succeed in making the hearth.,pralaen Ilin krezor servok.,We make the hearth together.
LX-V2-0086; LX-V2-0146; LX-V4-0017,,Krezor,/kreh-zohr/,Noun,,Forge / Place of Fire,,,,,,,KREZ,Krez; Krezfel; Kreztorin; Krezlorin; Krezrek; Krezaen; Kreztharim; Krezmorath; Welkrez; Krez-,6,2,Rinaen krezor feneth.,The hearth is hot.,Pralaen I krezor.,I am making a hearth.,siv I pralaen krezor.,I try to make the hearth.,sivathaen I pralaen krezor.,I succeed in making the hearth.,pralaen Ilin krezor servok.,We make the hearth together.
LX-V2-0086; LX-V2-0146; LX-V4-0017,,Krezor,/kreh-zohr/,Noun,,"Hearth, Fireplace, Forge",Krez (fire) + -or (place),,,,,,KREZ,Krez; Krezfel; Kreztorin; Krezlorin; Krezrek; Krezaen; Kreztharim; Krezmorath; Welkrez; Krez-,6,3,Rinaen krezor feneth.,The hearth is hot.,Pralaen I krezor.,I am making a hearth.,siv I pralaen krezor.,I try to make the hearth.,sivathaen I pralaen krezor.,I succeed in making the hearth.,pralaen Ilin krezor servok.,We make the hearth together.
LX-V2-0210,,Krezrek,/krehzrehk/,Noun,,Heatwave,An overpowering wave of heat.,,,,,,REK; KREZ,Fenrek; Rek; Krez; Krezor; Krezfel; Kreztorin; Krezlorin; Krezaen; Kreztharim; Krezmorath,1,1,Krezrek dren nor Fenrek.,The heatwave flows with summer.,,,,,,,,
LX-V3-0111,,Kreztharim,/krehzthah-reem/,Noun,,Fire Heart Ritual,Derived From: Krez (fire) + thar (heart) + im (essence). Meaning: A ceremony to honor strength and resilience within families.,,,,,,KREZ; THAR,Krez; Krezor; Krezfel; Kreztorin; Krezlorin; Krezrek; Krezaen; Krezmorath; Welkrez; Krez-,1,1,Kreztharim kal nor dren.,The fire heart strengthens by the water.,,,,,,,,
LX-V2-0188,,Kreztorin,/krehztoh-reen/,Noun,,Smoked and Dried Meat,Krez = fire + torin = preserved protein,,,,,,TORIN; KREZ,Torin; Krez; Krezor; Krezfel; Krezlorin; Krezrek; Krezaen; Kreztharim; Krezmorath; Welkrez,1,1,Kreztorin nor dren kal morl.,The smoked meat strengthens by the water.,,,,,,,,
LX-V1-0005,,La,/lah/,Pronoun,,3rd Person Singular,Neutral pronoun meaning “he/she/they.”,,,,,,,,5,1,Tha-var La thal Terra.,,Tha-var La thal Shalorin.,“They went from the sanctuary of light.”,I dren shaleth ther La dren.,My water is brighter than their water.,Theraen La Shalor.,They long for the Sanctuary.,Vershalaen La nor fah.,They despair in the darkness.
XR-lak,,Lak,/lahk/,Noun,Yes,Grain; earthy food-substance; bread material,"Builds words for grain substance, bread matter, and earthy food material used as a staple base.",,,,,,,Morlak; Broslak,2,1,Morlak nor dren.,The bread rests by the water.,Broslak kal dren.,The layered bread strengthens by the water.,,,,,,
LX-V4-0007,,Lako,/lah-koh/,Pronoun,,They two,,,,,,,,,,1,,,,,,,,,,
LX-V1-0006,,Lalin,/lah-leen/,Pronoun,,3rd Person Plural,Means “they” (a group not including speaker or addressee).,,,,,,,,2,1,Var melen Lalin.,Go many They. / Many of them go.,Rathaen Lalin fah.,They hate the darkness.,,,,,,
DM-RM-V2-0038; DM-RM-V3-0001,,Li-,/lee-/,Prefix,,Respect/Honorific,,,,,,,,,,1,,,,,,,,,,
DM-RM-V2-0038; DM-RM-V3-0001,,Li-,/lee-/,Prefix,,show respect,,,,,,,,,,2,,,,,,,,,,
LX-V3-0008,,Li-Seren,/lee-seh-rehn/,Noun,,Respected Guardian,,,,,,,,,1,1,"Li-Seren-en, var nor Varthas shenakar?","Honored guardian, do we proceed to the city's exchange now?",,,,,,,,
LX-V3-0017,,Lia,/lee-ah/,Interjection,,Yes,"“Lia, I var dren.” – “Yes, I go to the water.”",,,,,,,,3,1,"Lia, I var dren.","Yes, I go to the water.","Lia, var I an Drenkorath. Rinaen vethor an thar-ian.","Yes, I go to the sacred Spring. There is a shadow in my heart.",Lia. Var I an phelvin. Lorin belthal kel-ian.,Yes. I am going for a comforting drink. My actions are guided by order.,,,,
LX-V3-0034,,Lia‘ser,/lee-ahsehr/,Particle,,"Right, Okay, I see, Understood (acknowledgement).",Usage: Response marker.,,,,,,,,,1,,,,,,,,,,
LX-V3-0022,,Lialor,/lee-ahlohr/,Particle,,“Indeed” or “Certainly.”,"“Lialor, serin vanesh shenakar.” – “Indeed, the friends trade coinage.”",,,,,,,,2,1,Vanesh Ilin ka-shen lialor.,We trade via barter indeed.,"Lialor, serin vanesh shenakar.","Indeed, the friends trade coinage.",,,,,,
LX-V3-0032,,Lialor'ka,/lee-ahlohr'kah/,Particle,,Really?! Truly?! Actually?! (surprise/emphasis).,Usage: As interjection or emphasis.,,,,,,,,,1,,,,,,,,,,
LX-V2-0026; LX-V2-0064; LX-V4-0114; XR-lian,,Lian,/lee-ahn/,Noun,Yes,Truth / Honesty,,,,,,,,Lianaen; Vellian; Lianfel; Lianor; Lianeth; Lianbelrin; Thallian; Shenlian; Liankavor; Worlian,17,1,Aen Shalor Liorin lian nor.,The Temple Elder speaks truth now.,"Li-Ya, nor aen lian?","Respected you, may we now speak truth?",Velkavor lian nor Terra.,The ancestor speaks to the Earth.,Velxorin lian nor Terra.,The elder ancestor speaks to the Earth.,Veth'tharaen Kadron nor lian ver.,The man feels shame for the untruth.
LX-V2-0026; LX-V2-0064; LX-V4-0114; XR-lian,,Lian,/lee-ahn/,Verb,Yes,Pray,,,,,,,,Lianaen; Vellian; Lianfel; Lianor; Lianeth; Lianbelrin; Thallian; Shenlian; Liankavor; Worlian,17,2,Aen Shalor Liorin lian nor.,The Temple Elder speaks truth now.,"Li-Ya, nor aen lian?","Respected you, may we now speak truth?",Velkavor lian nor Terra.,The ancestor speaks to the Earth.,Velxorin lian nor Terra.,The elder ancestor speaks to the Earth.,Veth'tharaen Kadron nor lian ver.,The man feels shame for the untruth.
LX-V2-0026; LX-V2-0064; LX-V4-0114; XR-lian,,Lian,/lee-ahn/,Modal,Yes,Can / Able to,,,,,,,,Lianaen; Vellian; Lianfel; Lianor; Lianeth; Lianbelrin; Thallian; Shenlian; Liankavor; Worlian,17,3,Aen Shalor Liorin lian nor.,The Temple Elder speaks truth now.,"Li-Ya, nor aen lian?","Respected you, may we now speak truth?",Velkavor lian nor Terra.,The ancestor speaks to the Earth.,Velxorin lian nor Terra.,The elder ancestor speaks to the Earth.,Veth'tharaen Kadron nor lian ver.,The man feels shame for the untruth.
DM-RM-S3-0008,,Lian-,/lee-ahn-/,Noun,Yes,"Truth, honesty; reality, natural law, essence, logic, clarity, correctness.",Conceptual layer preserved; links to lianeth modality through existing Volume 4 material.,,,,,,,Lian; Lianaen; Vellian; Lianfel; Lianor; Lianeth; Lianbelrin; Thallian; Shenlian; Liankavor,,1,,,,,,,,,,
LX-V3-0035,,Lian'lia,/lee-ahn-lee-ah/,Particle,,Exactly! Precisely! Just so! (strong agreement).,Usage: Response marker.,,,,,,,,,1,,,,,,,,,,
LX-V3-0001,,Liana,/lee-ahnah/,Noun,,Lady,,,,,,,,,,1,,,,,,,,,,
LX-V2-0132,,Lianaen,/lee-ahnah-ehn/,Verb,,To Pray / Prayer / Speaking Truth (to the divine/Heart/Balance). The act of spiritual communion or supplication.,Lian (truth) + -aen (verb-forming),,,,,,LIAN; Aen,Lian; Vellian; Lianfel; Lianor; Lianeth; Lianbelrin; Thallian; Shenlian; Liankavor; Worlian,1,1,Var Liorinen lianaen an shalor.,The Honored Elder goes to pray in the sanctuary.,,,,,,,,
LX-CNE1-0031,Conversational Narrative Engine 1,Lianbel,/lee-ahn-behl/,Noun,,A solution; an arrangement answer or action that resolves a problem,,Lian + Bel,Mechuma,Used for answers repairs plans and system resolutions.,,,LIAN; BEL,Lian; Lianaen; Vellian; Lianfel; Lianor; Lianeth; Lianbelrin; Thallian; Shenlian; Liankavor,2,1,rinaen lianbel vaareth.,The solution is good.,tharsharaen mekral lianbel.,The mechanic chooses the solution.,,,,,,
LX-V4-0020,,Lianbelrin,/lee-ahnbehlreen/,Noun,,"Book, Scroll, Woven Truth",Lian (truth) + Belrin (woven fabric),,,,,,LIAN,Lian; Lianaen; Vellian; Lianfel; Lianor; Lianeth; Thallian; Shenlian; Liankavor; Worlian,1,1,Aen velar lianbelrin.,The elder speaks the story/book.,,,,,,,,
LX-V4-0001,,Lianeth,/lee-ahnehth/,Verb,,Ability (Can/Able to),"""having true quality""",,,,,,LIAN,Lian; Lianaen; Vellian; Lianfel; Lianor; Lianbelrin; Thallian; Shenlian; Liankavor; Worlian,2,1,Aen I lianeth.,I can speak.,rinaen eshlor lianeth.,The wind bearing is reliable.,,,,,,
LX-V2-0165,,Lianfel,/lee-ahnfehl/,Noun,,Truth Tea,Lian + fel = clarity delicacy,,,,,,FEL; LIAN,Kadfel; Azfel; Theefel; Felorin; Krezfel; Felin; Fel; Felka; Felvin; Xarfelvin,1,1,Lianfel kal dren.,The tea strengthens with water.,,,,,,,,
LX-NE1-0032,National Expansion 1,Liankavor,/lee-ahn-kah-vohr/,Noun,,Archive; records repository,,Lian + Kav + -or,Marakor,A place where records and preserved knowledge are kept.,,,LIAN; KAV,Lian; Lianaen; Vellian; Lianfel; Lianor; Lianeth; Lianbelrin; Thallian; Shenlian; Worlian,5,1,rinaen rathor an liankavor.,History is preserved in the archive.,var kavral an liankavor.,The archivist goes to the records repository.,arth kavral liankavor.,The archivist protects the archive.,rinaen rinshen an liankavor.,The identity record is in the archive.,dor kavral rinshen an liankavor.,The record keeper places the identity record in the archive.
LX-V3-0025,,Lianlor,/lee-ahnlohr/,Particle,,“Honestly” or “To be truthful…”,"“Lianlor, Ver var I dren.” – “Honestly, I do not go to the water.”",,,,,,,,1,1,"Lianlor, Ver var I dren.","Honestly, I do not go to the water.",,,,,,,,
LX-V3-0002; LX-V4-0068,,Lianor,/lee-ahnohr/,Noun,,"Idea, Thought (Place of truth)",Lian (truth) + -or (place),,,,,,LIAN,Lian; Lianaen; Vellian; Lianfel; Lianeth; Lianbelrin; Thallian; Shenlian; Liankavor; Worlian,3,1,Aen Ya lianor.,Speak your thought.,Seraen Kaikoa Lianor.,Kaikoa trusts the Sir.,Rinaen lianor-ian vaareth.,My thought is good.,,,,
LX-V3-0002; LX-V4-0068,,Lianor,/lee-ahnohr/,Noun,,Sir,,,,,,,LIAN,Lian; Lianaen; Vellian; Lianfel; Lianeth; Lianbelrin; Thallian; Shenlian; Liankavor; Worlian,3,2,Aen Ya lianor.,Speak your thought.,Seraen Kaikoa Lianor.,Kaikoa trusts the Sir.,Rinaen lianor-ian vaareth.,My thought is good.,,,,
LX-CNE1-0028,Conversational Narrative Engine 1,Lianzhir,/lee-ahn-zheer/,Noun,,A reason; an explanatory or justificatory connection,,Lian + Zhir,Zarithan,Used to explain instructions rules travel and deliberate choices.,,,LIAN; ZHIR,Lian; Lianaen; Vellian; Lianfel; Lianor; Lianeth; Lianbelrin; Thallian; Shenlian; Liankavor,2,1,aen I lianzhir.,I state the reason.,aen lorin lianzhir.,The guide states the reason.,,,,,,
DM-RM-V3-0006,,Lior,/lee-ohr/,Pronoun,,Relative Pronoun,,,,,,,,Liorin; Liorinen,2,1,Ser Lior var dren.,The friend who goes to the water.,Var I terra Ser Lior var dren.,I go home with the friend who goes to the water.,,,,,,
LX-V3-0003,,Liorin,/lee-ohreen/,Noun,,Teacher/Elder,,,,,,,Lior; LOR,Liorinen; Lior; Lorin; Lorash; Lorlivok; Lormahr; Eshlor; Lor,6,1,Aen Shalor Liorin lian nor.,The Temple Elder speaks truth now.,Var Rinvarash thal liorin.,Prophetic vision comes from the elder.,Liorin aelin var tera emil.,The teacher leads the youth home for food.,Aelin liorin var emil eshvan.,The youth follows the teacher to the shop for food.,Liorin noraen var dren kal.,The elders guide us to water with strength.
LX-V3-0004,,Liorinen,/lee-or-in-en/,Noun,,Honored Elder/Teacher,,,,,,,Lior,Liorin; Lior,1,1,Var Liorinen lianaen an shalor.,The Honored Elder goes to pray in the sanctuary.,,,,,,,,
XR-livar,,Livar,/lee-vahr/,Noun,Yes,Preservation; salt-fixing; anti-decay,"Builds words for preservation, salting, mineral fixing, and keeping something from decay.",,,,,,,Drenlivar; Velalivar,1,1,Drenlivar vanesh dren thal morl.,The salted fish trades by the water and the mountain.,,,,,,,,
XR-lor,,Lor,/lohr/,Noun,Yes,Guidance; sight; focus of leadership,"Builds words for guidance, leading, sightlines, sacred focus, and socially recognized direction.",,,,,,,Lorin; Lorash; Lorlivok; Liorin; Lormahr; Eshlor,,1,,,,,,,,,,
LX-V2-0083,,Lorash,/loh-rahsh/,Noun,,Temple / Shrine,,,,,,,LOR; ASH,Lorin; Lorlivok; Liorin; Lormahr; Eshlor; Lor; Varash; Rinvarash; Rathorkinash; Morl-karash,,1,,,,,,,,,,
LX-V2-0039; LX-V3-0005,,Lorin,/loh-reen/,Verb,,Guide,,,,,,,LOR,Lorash; Lorlivok; Liorin; Lormahr; Eshlor; Lor,18,1,Lorin Ilin belshara an vethor.,Guide us in the coordinated maneuver through the shadow.,Lorin Dren Morl.,Natural forces guide each other; look to established patterns; strength directs flow (potentially Valkeldor/Nivveil leaning).,"Kal thar, morl lorin ser.","Strength of heart, the mountain guides us.",Shal lorin ser.,Let the light guide you.,Lorin belthal Ilin.,Order guides us.
LX-V2-0039; LX-V3-0005,,Lorin,/loh-reen/,Verb,,Guide / Teacher,,,,,,,LOR,Lorash; Lorlivok; Liorin; Lormahr; Eshlor; Lor,18,2,Lorin Ilin belshara an vethor.,Guide us in the coordinated maneuver through the shadow.,Lorin Dren Morl.,Natural forces guide each other; look to established patterns; strength directs flow (potentially Valkeldor/Nivveil leaning).,"Kal thar, morl lorin ser.","Strength of heart, the mountain guides us.",Shal lorin ser.,Let the light guide you.,Lorin belthal Ilin.,Order guides us.
LX-V3-0078,,Lorin'Ohmeth,/loh-reen'ohhmehth/,Noun,,Guidance-Seeking Ritual.,,,,,,,,,,1,,,,,,,,,,
LX-V3-0006,,Lorinen,/loh-ree-nehn/,Noun,,Honored Guide,,,,,,,,,,1,,,,,,,,,,
LX-V2-0047,,Lorinor,/loh-ree-nohr/,Noun,,Head,,,,,,,,,,1,,,,,,,,,,
LX-V2-0048,,Lorinshal,/loh-reenshahl/,Noun,,Eye,,,,,,,,,,1,,,,,,,,,,
LX-V2-0154,,Lorlivok,/lohrlee-vohk/,Noun,,Earthbake,Lor + li + vok = fire-heated earth bond,,,,,,VOK; LOR,Voktarin; Belvok; Kalvok; Kalvokesh; Pralvokesh; Vokaen; Drenvokesh; Zhivokesh; Velthaelvok; Zhirvok,2,1,Lorlivok shal dren.,The earthbake flows by the water.,Lorlivok kal dren an Teremil.,The earthbake strengthens at home by the water.,,,,,,
LX-NE1-0010,National Expansion 1,Lormahr,/lohr-mahhr/,Noun,,Seamanship; ocean navigation,,Lor + Mahr,Pelagae,The practiced skill of guiding vessels across the ocean.,,,MAHR; LOR,Mahr; Mahrowek; Mahrkal; Mahrvek; Lorin; Lorash; Lorlivok; Liorin; Eshlor; Lor,2,1,lorin lormahr mahrvek.,Seamanship guides the ship.,rinaen lormahr an Pelagae.,Ocean navigation is practiced in Pelagae.,,,,,,
OHC-0023,,Lorynth,/lohrynth/,Noun,,Legendary Figure,Mythic / Rumored; Early or rumored mythical creature or being that sits close to legend rather than confirmed common fauna.; Cultural role: Legendary / uncertain status.,,,,,,,,,1,,,,,,,,,,
LX-V2-0027,,Lumor,/loo-mohr/,Noun,,Light (enlightenment or insight),,,,,,,,,1,1,Lumor var ser dren.,Carry the talisman to the water.,,,,,,,,
OHC-0017,,Lumora,/loo-moh-rah/,Noun,,Schooling Fish,Aquatic; Glowing schooling fish that form light-clouds underwater at night.; Cultural role: Night-water glow and collective movement.,,,,,,,,,1,,,,,,,,,,
LX-V2-0077; XR-lun,,Lun,/loon/,Noun,Yes,Lake,,,,,,,,Lunor; Lunwek,2,1,Rinaen esh lunor.,The sky is blue.,Nor-var Fenrek an unar lunwek.,Summer will arrive in one month.,,,,,,
LX-V4-0042,,Lunor,/loo-nohr/,Adjective,,Blue,Inspired by Lun (lake),,,,,,LUN,Lun; Lunwek,1,1,Rinaen esh lunor.,The sky is blue.,,,,,,,,
LX-V4-0083,,Lunwek,/loonwehk/,Noun,,Month,Lun (Lake/Moon) + Wek (Cycle). A full cycle of the moon.,,,,,,LUN; WEK,Lun; Lunor; Weknor; Tharvin-Wek; Mahrowek; Belwek; Kalwek; Wek,1,1,Nor-var Fenrek an unar lunwek.,Summer will arrive in one month.,,,,,,,,
LX-V4-0023,,Maganeth,/mah-gah-nehth/,Adjective,,"Heavy, Big, Imposing",Mag- (weight) + -eth,,,,,,,,4,1,Rinaen mor maganeth.,The stone is heavy.,Rinaen sharbel maganeth.,The pants are heavy.,Rinaen morthera maganeth.,The beast of burden is heavy.,Rinaen morthera maganeth an Hek-unar morkal.,The beast of burden is heavy by 100 stone-weights.,,
LX-V2-0076; XR-mahr,,Mahr,/mahhr/,Noun,Yes,ocean,,,,,,,,Mahrowek; Mahrkal; Mahrvek; Lormahr,13,1,lorin mahrowek mahrvek.,The tide guides the ship.,rinaen mahrowek kaleth nor.,The tide is strong now.,rinaen mahrkal kaleth.,The deep-water pressure is strong.,arth arthaxar I thal mahrkal.,The armor protects me from deep-water pressure.,var mahrvek an mahr.,The ship travels on the ocean.
LX-NE1-0007,National Expansion 1,Mahrkal,/mahhr-kahl/,Noun,,Deep-water pressure,,Mahr + Kal,Pelagae,The force of ocean water at depth.,,,MAHR; KAL,Mahr; Mahrowek; Mahrvek; Lormahr; Kal; Kaleth; Jorkal; Serenkal; Kalvok; Kalvokesh,2,1,rinaen mahrkal kaleth.,The deep-water pressure is strong.,arth arthaxar I thal mahrkal.,The armor protects me from deep-water pressure.,,,,,,
LX-NE1-0006,National Expansion 1,Mahrowek,/mahhr-oh-wehk/,Noun,,Tide,,Mahr + Wek,Pelagae,The recurring ocean cycle central to Pelagaean travel and daily timekeeping.,Mahrwek,/mahhr-wehk/,MAHR; WEK,Mahr; Mahrkal; Mahrvek; Lormahr; Weknor; Lunwek; Tharvin-Wek; Belwek; Kalwek; Wek,2,1,lorin mahrowek mahrvek.,The tide guides the ship.,rinaen mahrowek kaleth nor.,The tide is strong now.,,,,,,
LX-NE1-0009,National Expansion 1,Mahrvek,/mahhr-vehk/,Noun,,Boat; ship; sea vessel,,Mahr + Vek,Pelagae,A vessel used to carry people or goods across the sea.,,,MAHR; VEK,Mahr; Mahrowek; Mahrkal; Lormahr; Zhelvek; Karvek; Vekaen; Vek,5,1,var mahrvek an mahr.,The ship travels on the ocean.,rinaen karvek an mahrvek.,The toolkit is on the ship.,lorin mahrowek mahrvek.,The tide guides the ship.,rinaen drosel an mahrvek.,Clean drinking water is on the ship.,lorin lormahr mahrvek.,Seamanship guides the ship.
XR-marin,,Marin,/mah-reen/,Noun,Yes,Branch; extension; outward-growing limb,"Builds words for branches, outward-growing extensions, and lineage or form that spreads from a trunk.",,,,,,,Velmarin; Velmarineth,2,1,Velmarineth lian nor Felka.,The elder's blessing speaks to the child.,Rinaen velmarin kaveth.,The ancient tree is old.,,,,,,
XR-mb,,Mb,/mb/,Noun,Yes,Support; pillar; foundational weight,"Builds words for support, pillars, foundational burden, and figures who hold others up.",,,,,,,,,1,,,,,,,,,,
DM-RM-V2-0022,,Mb-,/mb-/,Noun,Yes,"Layered, supportive",,,,,,,,,,1,,,,,,,,,,
LX-V2-0123,,Mbalan,/mbah-lahn/,Noun,,"Pillar of the community, a relied-upon figure",,,,,,,,,1,1,Mbalan ser dren an Varthas.,The community leader stands by the water in the city.,,,,,,,,
XR-mek,,Mek,/mehk/,Verb,Yes,Forging; construction; artificial making,"Builds words for constructed, synthetic, or force-made objects rather than naturally grown ones.",,,,,,,Zhelvek; Velmek; Mekral; Mormek,3,1,Velmek nor dren an Evan.,The synthetic protein is traded at the market.,lorin belwek mek.,The ordered cycle guides the machine.,pralaen mekral mek.,The technician constructs the mechanism.,,,,
LX-NE1-0015,National Expansion 1,Mekral,/mehk-rahl/,Noun,,Keeper or repairer of constructed mechanisms,,Mek + Ral,Mechuma,A Mechuman mechanic or systems technician.,,,RAL; MEK,Dral; Jindral; Nkural; Xarvethral; Belvethral; Vethral; Pral; Droral; Zhaelral; Kavral,13,1,pralaen mekral mek.,The technician constructs the mechanism.,arth mekral belwek.,The mechanism keeper safeguards the recurring process.,arth mekral zhelbel.,The technician protects the power grid.,lorin shenlian mekral.,The standard guides the technician.,dralbelaen mekral thalorim.,The technician harnesses lightning.
DM-RM-V3-0016,,Mel-,/mehl-/,Prefix,,Thousands prefix,,,,,,,,,,1,,,,,,,,,,
LX-V2-0215,,Melen,/meh-lehn/,Quantifier,,Many / Much / Numerous,Usage: Placed before the noun.,,,,,,,,2,1,Var melen Lalin.,Go many They. / Many of them go.,Kal melen dren.,Strengthens much water.,,,,,,
LX-V3-0013,,Min,/meen/,Verb,,To go/walk/head over - casual,"Use in casual conversation, between friends/family, marketplaces. Avoid Li- / -en unless context requires politeness.",,,,,,,,2,1,"Ra min Ya, Ser?","Where are you headed, Friend?",Min I an dren. Rinaen kelvor-ian kadreneth ser Krez.,Headed to water. My mouth is dry with the heat.,,,,,,
LX-V3-0021,,Mmm,/mmm/,Interjection,,Considering or listening thoughtfully.,,,,,,,,,,1,,,,,,,,,,
XR-mor,,Mor,/mohr/,Noun,Yes,Matter; soil; earthy substance; physical grounding,"Builds words for earthiness, grounding, matter, physical substance, grain, and material support.",,,,,,,Kinnmor; Brenmor; Pralmor; Welmor; Morlak; Belmor; Tharmor; Morthas; Morvenak; Krezmorath,6,1,Morthas vanesh an dren.,The roasted nuts trade by the water.,Moraen I an Terra.,I stand on the Earth.,Rinaen morthera maganeth an Hek-unar morkal.,The beast of burden is heavy by 100 stone-weights.,Rinaen mor maganeth.,The stone is heavy.,Rinaen mor faheth.,The stone is black.
LX-V4-0055,,Moraen,/moh-rah-ehn/,Verb,,"To Stand, To be grounded",Mor (earth) + -aen,,,,,,MOR; Aen,Kinnmor; Brenmor; Pralmor; Welmor; Morlak; Belmor; Tharmor; Morthas; Morvenak; Krezmorath,2,1,Moraen I an Terra.,I stand on the Earth.,Moraen I an terra.,I stand on the ground.,,,,,,
LX-V4-0033,,Moreth,/moh-rehth/,Adjective,,"Hard, Firm, Earth-like",Mor- (earth) + -eth,,,,,,MOR,Kinnmor; Brenmor; Pralmor; Welmor; Morlak; Belmor; Tharmor; Morthas; Morvenak; Krezmorath,4,1,Rinaen pralor moreth.,The table is hard.,"Var I an velithor. Rinaen thar-ian moreth, ser vaar ka.",I'm going for strong ale. My spirit is hard/unsettled and lacks comfort.,rinaen velmor moreth.,The frozen ground is hard.,rinaen arthaxar moreth.,The armor is hard.,,
LX-V4-0086,,Morkal,/mohrkahl/,Noun,,Stone-weight,"Mor (Stone/Earth) + Kal (Strength/Weight). A large, standard unit of weight for heavy goods.",,,,,,MOR; KAL,Kinnmor; Brenmor; Pralmor; Welmor; Morlak; Belmor; Tharmor; Morthas; Morvenak; Krezmorath,2,1,Rinaen morthera maganeth an Hek-unar morkal.,The beast of burden is heavy by 100 stone-weights.,rinaen morkal shenlian.,The stone-weight is the reference measure.,,,,,,
LX-V1-0022; LX-V2-0005; LX-V2-0066; XR-morl,,Morl,/mohrl/,Noun,Yes,Mountain,,,,,,,,Morldren; Morlathor; Morlatharim; Morl-,28,1,pralaen an morl,written in stone,Azfel kal dren morl,The girl brings strength to the flowing mountain.,Var I morl dren.,,Var I morl dren.,“I go under the water.”,Kilveth dren morl shal.,Evening rests under the light.
LX-V1-0022; LX-V2-0005; LX-V2-0066; XR-morl,,Morl,/mohrl/,Preposition,Yes,"Under, beneath",Var I morl dren.,,,,,,,Morldren; Morlathor; Morlatharim; Morl-,28,2,pralaen an morl,written in stone,Azfel kal dren morl,The girl brings strength to the flowing mountain.,Var I morl dren.,,Var I morl dren.,“I go under the water.”,Kilveth dren morl shal.,Evening rests under the light.
DM-RM-S3-0005,,Morl-,/mohrl-/,Noun,Yes,"Stone, rock, mountain; endurance, history, stubbornness, strength, foundation, stability, defense.",Conceptual layer preserved; links to euphony Morlathar and existing Morl lexicon rows.,,,,,,,Morl; Morldren; Morlathor; Morlatharim,2,1,Morl + Thar -> Morlathar,Stoicism,pralaen an morl,written in stone,,,,,,
LX-V3-0132,,Morl-karash,/mohrl-kah-rahsh/,Noun,,"""Stone-brained""; criticizes rigidity and stubbornness, reflective of their mountain nature.",Valkeldorians labeled as hard-headed and unchangeable like stone.,,,,,,ASH,Varash; Lorash; Rinvarash; Rathorkinash,,1,,,,,,,,,,
LX-V2-0147,,Morlak,/mohrlahk/,Noun,,Bread/Grain,unchanged; Mor + lak = earthy substance,,,,,,LAK; MOR,Broslak; Lak; Kinnmor; Brenmor; Pralmor; Welmor; Belmor; Tharmor; Morthas; Morvenak,10,1,Morlak nor dren.,The bread rests by the water.,Morlak an Jorvak ser dren.,The bread and stew are shared by the water.,Velaen Ilin an morlak.,We [you and I] are eating the bread.,Rinaen morlak kadreneth.,The bread is dry.,Rinaen morlak velek.,The bread is white.
LX-V3-0115,,Morlatharim,/mohrlahthah-reem/,Noun,,Stone Heart Ceremony,Derived From: Morl (mountain) + thar (heart) + im (essence). Meaning: A ritual to honor resilience and fortify family bonds.,,,,,,MORL; THAR,Morl; Morldren; Morlathor; Morl-; Thar; Tharmor; Tharvin; Veth'tharaen; Kreztharim; Tharvelim,1,1,Morlatharim shalil nor dren.,The stone heart flows by the water.,,,,,,,,
LX-V2-0195,,Morlathor,/mohrlahthohr/,Noun,,Stone-Root Bread,Morl = mountain + athor = endurance,,,,,,MORL,Morl; Morldren; Morlatharim; Morl-,1,1,Morlathor kal dren.,The bread strengthens by the water.,,,,,,,,
LX-V2-0074; LX-V2-0144,,Morldren,/morl-dren/,Noun,,Waterfall (mountain + water),,,,,,,MORL; DREN,Morl; Morlathor; Morlatharim; Morl-; Dren; Peldren; Terradren; Drenshal; Drenlivar; Drenkor,1,1,I dren shaleth thaal morldren.,My water is the brightest of the mountain waters.,,,,,,,,
LX-V2-0074; LX-V2-0144,,Morldren,/morl-dren/,Noun,,waterfall/mountain stream,Morl + Dren,,,,,,MORL; DREN,Morl; Morlathor; Morlatharim; Morl-; Dren; Peldren; Terradren; Drenshal; Drenlivar; Drenkor,1,2,I dren shaleth thaal morldren.,My water is the brightest of the mountain waters.,,,,,,,,
LX-V2-0056,,Morlka,/mohrlkah/,Noun,,Foot,,,,,,,,,,1,,,,,,,,,,
LX-NE1-0027,National Expansion 1,Mormek,/mohr-mehk/,Noun,,Worked stone; masonry stone,,Mor + Mek,Valkeldor,Prepared mineral material used in construction.,,,MOR; MEK,Kinnmor; Brenmor; Pralmor; Welmor; Morlak; Belmor; Tharmor; Morthas; Morvenak; Krezmorath,4,1,pralaen I mormek.,I shape the masonry stone.,rinaen mormek an awekshara.,Worked stone is in the spring-fed canal.,arth kavral mormek.,The preservation keeper protects the worked stone.,vekaen sharavok mormek.,The caravan carries the worked stone.,,
LX-V2-0180,,Morthas,/mohrthahs/,Noun,,Sand-Roasted Nuts,Mor = earth + thas = heat-roasted,,,,,,MOR,Kinnmor; Brenmor; Pralmor; Welmor; Morlak; Belmor; Tharmor; Morvenak; Krezmorath; Moreth,1,1,Morthas vanesh an dren.,The roasted nuts trade by the water.,,,,,,,,
LX-V4-0057,,Morthera,/mohrtheh-rah/,Noun,,Beast of Burden,Mor (earth) + Thera (longing/pulling),,,,,,MOR,Kinnmor; Brenmor; Pralmor; Welmor; Morlak; Belmor; Tharmor; Morthas; Morvenak; Krezmorath,2,1,Rinaen morthera maganeth.,The beast of burden is heavy.,Rinaen morthera maganeth an Hek-unar morkal.,The beast of burden is heavy by 100 stone-weights.,,,,,,
LX-V2-0187,,Morvenak,/mohrveh-nahk/,Noun,,Hearty Grain Porridge,Mor = earth + venak = warm strength,,,,,,VENAK; MOR,Worvenak; Venak; Kinnmor; Brenmor; Pralmor; Welmor; Morlak; Belmor; Tharmor; Morthas,1,1,Morvenak kal dren.,The porridge strengthens with water.,,,,,,,,
OHC-0008,,Mossquill,/mohssqoo-eell/,Noun,,Pollinator,Mountain; Bee-like mountain pollinator that spreads spores between alpine plants with a soft humming swarm.; Cultural role: Highland pollination and ecological support.,,,,,,,,,1,,,,,,,,,,
LX-V2-0013,,Nekvar,/nehkvahr/,Interjection,,"""Good morning""",,,,,,,,,,1,,,,,,,,,,
XR-neth,,Neth,/nehth/,Noun,Yes,Rest; physical stillness; support,"Builds words for rest, seated stillness, support surfaces, and physically settled states.",,,,,,,Nethor; Nethlor; Nethaen; Nethnor,2,1,Nethaen Azron an nethor.,The woman sits on the chair.,Vethoraen Felka an nethlor.,The child sleeps on the bed.,,,,,,
LX-V4-0054,,Nethaen,/nehthah-ehn/,Verb,,"To Sit, To be at rest",Neth (rest) + -aen,,,,,,NETH; Aen,Nethor; Nethlor; Nethnor; Neth; Amthaen; Aen; Aenor; Aenvor; Ohmbaen; Lianaen,1,1,Nethaen Azron an nethor.,The woman sits on the chair.,,,,,,,,
LX-V4-0018,,Nethlor,/nehthlohr/,Noun,,"Bed, Pallet, Resting-place",Neth (rest) + -lor (place),,,,,,NETH,Nethor; Nethaen; Nethnor; Neth,3,1,Vethoraen Felka an nethlor.,The child sleeps on the bed.,Nor-vethoraen Ilin an nethlor.,We will sleep on the beds.,rinaen krezor serdel nethlor ser pralor.,The hearth is between the bed and the table.,,,,
LX-CNE1-0020,Conversational Narrative Engine 1,Nethnor,/neth-nohr/,Particle,,Still; continuing to be true at the reference time,,Neth + Nor,Nivveil,Used for conditions or actions continuing longer than expected.,Nethanor,/neth-ah-nohr/,NETH; NOR,Nethor; Nethlor; Nethaen; Neth; Nor; Weknor; Athnor; Shalnor; Vethnor; Sernor,2,1,korinaen I zhirin nethnor.,I am still holding the rope.,rinaen velmor veleth nethnor.,The frozen ground is still cold.,,,,,,
LX-V4-0010,,Nethor,/nehthohr/,Noun,,"Chair, Seat",Neth- (rest/support) + -or (place),,,,,,NETH,Nethlor; Nethaen; Nethnor; Neth,2,1,Nethaen Azron an nethor.,The woman sits on the chair.,dor I karvek serdel nethor ser pralor.,I put the toolkit between the chair and the table.,,,,,,
LX-V3-0142; XR-nevar,,Nevar,/neh-vahr/,Noun,Yes,Nine,,,,,,,,,,1,,,,,,,,,,
XR-nk,,Nk,/nk/,Noun,Yes,Endurance; hidden strength,"Builds words for endurance through sorrow, held feeling, and quiet sustaining strength.",,,,,,,,,1,,,,,,,,,,
DM-RM-V2-0020,,Nk-,/nk-/,Noun,Yes,"Endurance, hidden strength",,,,,,,,,,1,,,,,,,,,,
LX-V3-0096,,Nkathalaen,/nkahthah-lah-ehn/,Verb,,To Grieve / Be Sad.,"Derivation: From Nkathal (Sadness) + -aen. Usage: Standard verb, follows VSO.",,,,,,Aen,Amthaen; Aen; Aenor; Aenvor; Ohmbaen; Lianaen; Thalaneshen; Velthaen; Wek'aen; Rathorimaen,1,1,Nkathalaen Velar rathor.,The elder grieves for the past.,,,,,,,,
XR-nku,,Nku,/nkoo/,Adjective,Yes,Hidden nurturing; held calm,"Builds words for comfort, forgiveness, promises, and nurturing support given to others.",,,,,,,Nkuvath; Nkural; Nku-,,1,,,,,,,,,,
DM-RM-V2-0027,,Nku-,/nkoo-/,Adjective,Yes,"Hidden, nurturing",,,,,,,,Nkuvath; Nkural; Nku,,1,,,,,,,,,,
LX-V2-0124,,Nkural,/nkoo-rahl/,Noun,,Mentor or guide who nurtures growth,,,,,,,NKU; RAL,Nkuvath; Nku; Nku-; Dral; Jindral; Xarvethral; Belvethral; Vethral; Pral; Droral,1,1,Nkural nor dren ser Ilan.,The mentor rests by the water with the student.,,,,,,,,
LX-V2-0122,,Nkuvath,/nkoo-vahth/,Noun,,Promise or bond of trust,,,,,,,NKU; ATH,Nkural; Nku; Nku-; Rath; Drenkorath; Krezmorath; Kalorinath; Kalrath; Sivathaen; Athnor,1,1,Nkuvath shal dren ser serathrin.,The bond flows to the confidant.,,,,,,,,
LX-V1-0020; LX-V2-0020; LX-V4-0100; XR-nor,,Nor,/nor/,Noun,Yes,Time / Flow of Time,,,,,,,,Weknor; Athnor; Nethnor; Shalnor; Vethnor; Sernor; Varnor; Nor-; nor-ka,113,1,ka nor,without time,Azron nor shal,The woman flows with the light.,Azon nor velkrel,A feminine man near the breeze.,Theon ian kal nor dren,My neutral companion flows with the water.,Kadron var thal nor,The man stands in balance with time.
LX-V1-0020; LX-V2-0020; LX-V4-0100; XR-nor,,Nor,/nor/,Preposition,Yes,At / In (time),,,,,,,,Weknor; Athnor; Nethnor; Shalnor; Vethnor; Sernor; Varnor; Nor-; nor-ka,113,2,ka nor,without time,Azron nor shal,The woman flows with the light.,Azon nor velkrel,A feminine man near the breeze.,Theon ian kal nor dren,My neutral companion flows with the water.,Kadron var thal nor,The man stands in balance with time.
DM-RM-V1-0005; DM-RM-V2-0036; DM-RM-S3-0011,,Nor-,/nohr-/,Prefix,Yes,Future Tense,Preserved as standalone root/morpheme because source clearly defines it.,,,,,,,Nor; Weknor; Athnor; Nethnor; Shalnor; Vethnor; Sernor; Varnor; nor-ka,5,1,Pralaen an Azron an belkor.,The woman makes the tunic.,Pralaen an belkor nor-ka.,The tunic is made / A tunic was made.,Pralaen an kaleth nor-ka.,The fortress was built.,Talaen an shenakar nor-ka.,The coinage was taken.,ka nor,without time
DM-RM-V4-0003,,nor-ka,/nohr-kah/,Particle,,passive voice echo particle,,,,,,,NOR,Nor; Weknor; Athnor; Nethnor; Shalnor; Vethnor; Sernor; Varnor; Nor-,5,1,Pralaen an Azron an belkor.,The woman makes the tunic.,Pralaen an belkor nor-ka.,The tunic is made / A tunic was made.,Pralaen an kaleth nor-ka.,The fortress was built.,Talaen an shenakar nor-ka.,The coinage was taken.,"Shal lorin shara-ya an nor-ka, Ser?","Does the light guide your path in this moment, Friend?"
LX-V2-0087,,Norvaar,/nohrvah-ahr/,Noun,,Gateway (time-related portal),,,,,,,,,,1,,,,,,,,,,
XR-ohm,,Ohm,/ohm/,Noun,Yes,Connection; empathy; spiritual unity,"Builds words for attunement, empathy, love, resonance, and spiritual connection.",,,,,,,Ohmbaen; Ohmaen; Ohm-,4,1,talaen an ohm,to find connection,Ohmaen I Ya.,I love you.,Rinaen Ohm ser Ilin.,Is-in-essence Connection/Love with Us.,Kal ohm Kadron ian,My strong friend who is a man.,,
DM-RM-V2-0024; DM-RM-S3-0016,,Ohm-,/ohhm-/,Noun,Yes,"Connection, unity","Conceptual range: Connection, meeting point, circuit; spiritual connection distinct from Bel.",,,,,,,Ohmbaen; Ohmaen; Ohm,3,1,talaen an ohm,to find connection,Ohmaen I Ya.,I love you.,Rinaen Ohm ser Ilin.,Is-in-essence Connection/Love with Us.,,,,
LX-V3-0072,,Ohm'aen,/ohhm'ah-ehn/,Verb,,To Connect With / Attune To (revisited).,,,,,,,Aen,Amthaen; Aen; Aenor; Aenvor; Ohmbaen; Lianaen; Thalaneshen; Velthaen; Wek'aen; Rathorimaen,,1,,,,,,,,,,
LX-V3-0070,,Ohm'rin,/ohhm'reen/,Noun,,Attunement / Essence-Connection.,,,,,,,,,,1,,,,,,,,,,
LX-V3-0092,,Ohmaen,/ohhmah-ehn/,Verb,,To Love / Cherish / Feel Connection / Attune To (can have spiritual nuance).,"Derivation: From Ohm- (Connection/Unity) + -aen. Usage: Standard verb, follows VSO.",,,,,,Aen; OHM,Amthaen; Aen; Aenor; Aenvor; Ohmbaen; Lianaen; Thalaneshen; Velthaen; Wek'aen; Rathorimaen,5,1,Ohmaen Ya Kalvok-en.,You love your bonded partner.,Ohmaen I sharaka.,I love freedom.,Ver ohmaen Mechuma lian Thal Terra.,Mechuma does not honor the truth of the Balance of Terra.,Ohmaen I Ya.,I love you.,Ohmaen I an thar-ka.,I love my desire.
LX-V2-0119,,Ohmbaen,/ohhmbah-ehn/,Noun,,Beloved or soulmate,,,,,,,OHM; Aen,Ohmaen; Ohm; Ohm-; Amthaen; Aen; Aenor; Aenvor; Lianaen; Thalaneshen; Velthaen,2,1,Ohmbaen nor dren.,The beloved rests near the water.,Kadfel ohmbaen,Beloved boy.,,,,,,
LX-V3-0141; XR-oven,,Oven,/oh-vehn/,Noun,Yes,Eight,,,,,,,,,2,1,Hek-oven Ten-quen del,842 (800 + 40 + 2),Mel-quen Hek-sethe Ten-oven sethe,"4,768 (4,000 + 700 + 60 + 8)",,,,,,
DM-RM-V2-0009,,Pel,/pehl/,Noun,Yes,"Sharpness or clarity (symbolizing clean cuts, flavors, or piercing qualities).",,,,,,,,Pelvar; Peldren; Peleth,2,1,Pelvar nor dren.,The sharp grain rests by the water.,Peldren var shal.,The piercing water flows under the light.,,,,,,
LX-V2-0103,,Peldren,/pehldrehn/,Noun,,Piercing water,Pel + dren = water,,,,,,Pel; DREN,Pelvar; Peleth; Pel; Dren; Morldren; Terradren; Drenshal; Drenlivar; Drenkor; Drenalor,2,1,Peldren var shal.,The piercing water flows under the light.,Pelvar nor dren.,The sharp grain rests by the water.,,,,,,
LX-V4-0015,,Peleth,/peh-lehth/,Noun,,"Knife, Blade",Pel- (sharpness) + -eth (quality of),,,,,,Pel,Pelvar; Peldren; Pel,3,1,Rinaen peleth selineth.,The knife is clean.,Rinaen peleth an zhirvok.,The knife is on the belt.,Karethaen I peleth.,I use the knife.,,,,
LX-V2-0102; LX-V2-0151,,Pelvar,/pehlvahr/,Noun,,Sharp grain,Pel + var = grounded,,,,,,Pel; Var-,Peldren; Peleth; Pel; Var; Xilvar; Drenvaraen; Shalvar; Vethvar; Varnor; Var-,3,1,Pelvar nor dren.,The sharp grain rests by the water.,Pelvar nor dren thal shal.,The sharp grain rests by the water under the light.,Peldren var shal.,The piercing water flows under the light.,,,,
LX-V3-0138; XR-peth,,Peth,/pehth/,Noun,Yes,Five,,,,,,,,,7,1,Ten-del peth,25 (20 + 5),Fen-peth,"50,000 (Fifty thousand)",Tenar peth Ven tren,15 - 3 = 12,Tenar peth Ven tren dren nor shal.,Fifteen minus three waters under the light.,Mel-quen Ven Hek-peth,"4,000 - 500 = 3,500"
XR-phel; DM-RM-V2-0007,,Phel,/phehl/,Noun,Yes,Warmth or comfort (symbolizing physical or emotional ease).,Conceptual range: Warmth; comfort; soothing ease,,,,,,,Phelvin; Phelkarin; Phelrin; Phelmorin; Fennilphel; Xarphelor,2,1,Phelvin nor dren.,The comforting drink rests by the water.,rinaen phel an xarphelor.,Warmth is in the insulated shelter.,,,,,,
LX-V2-0155,,Phelkarin,/phehlkah-reen/,Noun,,Comforting Porridge,Phel + karin = soothing grain essence,,,,,,PHEL,Phelvin; Phelrin; Phelmorin; Fennilphel; Xarphelor; Phel,1,1,Phelkarin kal dren.,The porridge strengthens with water.,,,,,,,,
LX-V2-0182,,Phelmorin,/phehlmoh-reen/,Noun,,Warm Desert Tea,Phel = warmth + morin = earth essence,,,,,,PHEL,Phelvin; Phelkarin; Phelrin; Fennilphel; Xarphelor; Phel,1,1,Phelmorin kal dren.,The tea strengthens with water.,,,,,,,,
LX-V2-0169,,Phelrin,/phehlreen/,Verb,,Comfort Food,Phel = warmth + rin = essence,,,,,,PHEL; RIN,Phelvin; Phelkarin; Phelmorin; Fennilphel; Xarphelor; Phel; Belrin; Brosrin; Balrin; Talrin,1,1,Phelrin ser dren.,The comforting food is shared with water.,,,,,,,,
LX-V2-0100; LX-V2-0162,,Phelvin,/phehlveen/,Noun,,Comforting drink,Phel + vin = pulled/essence,,,,,,PHEL; VIN,Phelkarin; Phelrin; Phelmorin; Fennilphel; Xarphelor; Phel; Teravin; Jekvin; Welvinor; Tharvin,8,1,Phelvin nor dren.,The comforting drink rests by the water.,Phelvin shal dren.,The comforting drink flows by the water.,Phelvin kal dren.,The comforting drink strengthens with water.,Drenaen Ya phelvin.,You drink the comforting drink.,Ra drenaen Ya dren reth phelvin?,Do you drink water or the comfort-drink?
LX-V2-0100; LX-V2-0162,,Phelvin,/phehlveen/,Verb,,Comfort Drink,Phel + vin = soothing essence,,,,,,PHEL; VIN,Phelkarin; Phelrin; Phelmorin; Fennilphel; Xarphelor; Phel; Teravin; Jekvin; Welvinor; Tharvin,8,2,Phelvin nor dren.,The comforting drink rests by the water.,Phelvin shal dren.,The comforting drink flows by the water.,Phelvin kal dren.,The comforting drink strengthens with water.,Drenaen Ya phelvin.,You drink the comforting drink.,Ra drenaen Ya dren reth phelvin?,Do you drink water or the comfort-drink?
XR-prak; DM-RM-V2-0008,,Prak,/prahk/,Noun,Yes,"Softness or tenderness (e.g., soft food or texture).",Conceptual range: Softness; tenderness; gentle texture,,,,,,,Prakorin; Praketh,1,1,Prakorin shalil an dren.,The tender bread flows lightly by the water.,,,,,,,,
LX-V4-0032,,Praketh,/prah-kehth/,Adjective,,"Soft, Tender",Prak- (softness) + -eth,,,,,,PRAK,Prakorin; Prak,1,1,Rinaen belrin praketh.,The fabric is soft.,,,,,,,,
LX-V2-0101,,Prakorin,/prah-koh-reen/,Noun,,Tender bread,Prak + orin = essence,,,,,,PRAK,Praketh; Prak,1,1,Prakorin shalil an dren.,The tender bread flows lightly by the water.,,,,,,,,
LX-V4-0119; XR-pral; DM-RM-V2-0010,,Pral,/prahl/,Noun,Yes,Table,,,,,,,,Pralmor; Pralvinor; Pralin; Velpralor; Pralvokesh; Velpralim; Pralor; Pralaen; Rethpral; Pralaen-,1,1,Pralmor kal dren.,The carving strengthens with water.,,,,,,,,
LX-V4-0119; XR-pral; DM-RM-V2-0010,,Pral,/prahl/,Verb,Yes,Make,,,,,,,,Pralmor; Pralvinor; Pralin; Velpralor; Pralvokesh; Velpralim; Pralor; Pralaen; Rethpral; Pralaen-,1,2,Pralmor kal dren.,The carving strengthens with water.,,,,,,,,
LX-V4-0119; XR-pral; DM-RM-V2-0010,,Pral,/prahl/,Noun,Yes,Intricacy / Detail,,,,,,,,Pralmor; Pralvinor; Pralin; Velpralor; Pralvokesh; Velpralim; Pralor; Pralaen; Rethpral; Pralaen-,1,3,Pralmor kal dren.,The carving strengthens with water.,,,,,,,,
LX-V4-0049,,Pralaen,/prah-lah-ehn/,Verb,,"To Make, To create with care",Pral (detail/work) + -aen,,,,,,,Pralaen-,14,1,Pralaen I krezor.,I am making a hearth.,Pralaen an Azron an belkor.,The woman makes the tunic.,Pralaen an belkor nor-ka.,The tunic is made / A tunic was made.,Pralaen an kaleth nor-ka.,The fortress was built.,pralaen an morl,written in stone
DM-RM-S3-0020,,Pralaen-,/prah-lah-ehn-/,Verb,Yes,"To make, craft, shape with care; skill, purpose, imposing order.",Conceptual layer preserved.,,,,,,,Pralaen,2,1,Pralaen I krezor.,I am making a hearth.,Pralaen an shara,to make a path,,,,,,
LX-V3-0043,,Pralin,/prah-leen/,Noun,,Cousin,Pral (intricacy/detail) + -in (connected group).,,,,,,PRAL,Pralmor; Pralvinor; Velpralor; Pralvokesh; Velpralim; Pralor; Pralaen; Pral; Rethpral; Pralaen-,1,1,Pralin ser dren thal morl.,The cousin is by the water under the mountain.,,,,,,,,
LX-V2-0104,,Pralmor,/prahlmohr/,Noun,,Detailed carving,Pral + mor = earth,,,,,,PRAL; MOR,Pralvinor; Pralin; Velpralor; Pralvokesh; Velpralim; Pralor; Pralaen; Pral; Rethpral; Pralaen-,2,1,Pralmor kal dren.,The carving strengthens with water.,Theefel pralmor an shal,The neutral child creates with the light.,,,,,,
LX-V4-0014,,Pralor,/prah-lohr/,Noun,,"Table, Flat Surface",Pral- (detail/work) + -or (place),,,,,,PRAL,Pralmor; Pralvinor; Pralin; Velpralor; Pralvokesh; Velpralim; Pralaen; Pral; Rethpral; Pralaen-,7,1,Rinaen emil esh pralor.,The food is on the table.,Rinaen zhirin an pralor.,The rope is on the table.,Rinaen pralor moreth.,The table is hard.,Talaen I drenvor thal pralor.,I take the bowl from the table.,dor I drenvor an pralor.,I put the bowl on the table.
LX-V2-0198,,Pralvinor,/prahlvee-nohr/,Noun,,Delicate Mead,Pral = intricacy + vinor = sweet liquid,,,,,,PRAL,Pralmor; Pralin; Velpralor; Pralvokesh; Velpralim; Pralor; Pralaen; Pral; Rethpral; Pralaen-,1,1,Pralvinor shal dren.,The mead flows lightly by the water.,,,,,,,,
LX-V3-0060,,Pralvokesh,/prahlvoh-kehsh/,Noun,,Trusted Ally or Friend,Pral (intricacy) + vok (unity) + esh (connection).,,,,,,PRAL; ESH; VOK,Pralmor; Pralvinor; Pralin; Velpralor; Velpralim; Pralor; Pralaen; Pral; Rethpral; Pralaen-,1,1,Pralvokesh ser dren an Belvok.,The trusted ally is with the family by the water.,,,,,,,,
LX-V3-0137; XR-quen,,Quen,/qoo-ehn/,Noun,Yes,Four,,,,,,,,,9,1,Ten-quen,40 (Four tens),Ten-quen senar,46 (40 + 6),Hek-quen,400 (Four hundred),Hek-oven Ten-quen del,842 (800 + 40 + 2),Mel-quen,"4,000 (Four thousand)"
DM-RM-V1-0010,,Ra,/rah/,Particle,,Questions start with Ra,Preserved as standalone root/morpheme because source clearly defines it.,,,,,,,,17,1,Ra var ser?,"""Where does the friend go?""",Ra var ser?,“Where does the friend go?”,Ra ver var ser?,“Does the friend not go?”,Ra var rathvethor an Verdor?,Is there a hidden enemy in the forest?,Ra aen Ya belshen velrin?,Do you speak the price of the food?
LX-CNE1-0032,Conversational Narrative Engine 1,Rakel,/rah-kehl/,Interjection,,Pardon? What did you say?,,Ra + Kel,Pelagae,Used to request repetition or clarification after failed hearing or understanding.,,,KEL,Kel; Vaar'kelaen; Kelrin; Kelka; Kel-,2,1,Rakel?,Pardon?,Rakel. Va aen Ya wek'aen.,Pardon? Say it again.,,,,,,
LX-V2-0040; DM-RM-V1-0012; DM-RM-V3-0009,,Rath,/rahth/,Noun,,Enemy / Foe,,,,,,,,Rathor; Rathvethor; Rathka; Rathorim; Rathorimaen; Rathaen; Drenkorath; Krezmorath; Rathorkinash; Kalrath,9,1,"Rath var ser, I dren.","“If the friend goes, I will go to the water.”","Rath Nor-var ser, Nor-var I dren.","“If the friend will go, I will go to the water.”","Rath Tha-var ser, Tha-var I dren.","“If the friend had gone, I would have gone to the water.”",Va jorkal an rath!,Command: Charge the enemy!,"Rath Ya var dren, Nor-var I shena.","If you go to the water, I will bring coinage."
LX-V2-0040; DM-RM-V1-0012; DM-RM-V3-0009,,Rath,/rahth/,Particle,,Conditional “If”,Preserved as standalone root/morpheme because source clearly defines it.,,,,,,,Rathor; Rathvethor; Rathka; Rathorim; Rathorimaen; Rathaen; Drenkorath; Krezmorath; Rathorkinash; Kalrath,9,2,"Rath var ser, I dren.","“If the friend goes, I will go to the water.”","Rath Nor-var ser, Nor-var I dren.","“If the friend will go, I will go to the water.”","Rath Tha-var ser, Tha-var I dren.","“If the friend had gone, I would have gone to the water.”",Va jorkal an rath!,Command: Charge the enemy!,"Rath Ya var dren, Nor-var I shena.","If you go to the water, I will bring coinage."
LX-V2-0040; DM-RM-V1-0012; DM-RM-V3-0009,,Rath,/rahth/,Particle,,Conditional marker: if,,,,,,,,Rathor; Rathvethor; Rathka; Rathorim; Rathorimaen; Rathaen; Drenkorath; Krezmorath; Rathorkinash; Kalrath,9,3,"Rath var ser, I dren.","“If the friend goes, I will go to the water.”","Rath Nor-var ser, Nor-var I dren.","“If the friend will go, I will go to the water.”","Rath Tha-var ser, Tha-var I dren.","“If the friend had gone, I would have gone to the water.”",Va jorkal an rath!,Command: Charge the enemy!,"Rath Ya var dren, Nor-var I shena.","If you go to the water, I will bring coinage."
DM-RM-S3-0024,,Rath-,/rahth-/,Noun,Yes,"Enemy, foe, adversary; also conditional particle if.",Refines Rath conditional/foe relation; no resolution applied.,,,,,,,Rathor; Rath; Rathvethor; Rathka; Rathorim; Rathorimaen; Rathaen; Drenkorath; Krezmorath; Rathorkinash,1,1,Rath + Thar -> Rathathar,A Hateful Heart,,,,,,,,
LX-V3-0097,,Rathaen,/rahthah-ehn/,Verb,,To Hate / Oppose Strongly / Treat as Foe.,"Derivation: From Rath (Enemy/Foe) + -aen. Usage: Standard verb, follows VSO.",,,,,,Rath; Aen,Rathor; Rath; Rathvethor; Rathka; Rathorim; Rathorimaen; Drenkorath; Krezmorath; Rathorkinash; Kalrath,1,1,Rathaen Lalin fah.,They hate the darkness.,,,,,,,,
LX-V3-0031,,Rathka,/rahthkah/,Particle,,"As if, Supposing, Like (hypothetical).",Usage: Typically clause-initial.,,,,,,Rath,Rathor; Rath; Rathvethor; Rathorim; Rathorimaen; Rathaen; Drenkorath; Krezmorath; Rathorkinash; Kalrath,,1,,,,,,,,,,
LX-V4-0072,,Rathlor,/rahthlohr/,Noun,,Danger (A place of foes),Rath (foe) + -lor (place),,,,,,Rath,Rathor; Rath; Rathvethor; Rathka; Rathorim; Rathorimaen; Rathaen; Drenkorath; Krezmorath; Rathorkinash,1,1,Rinaen rathlor an shara.,There is danger on the path.,,,,,,,,
LX-V2-0022; LX-V2-0085,,Rathor,/rahthohr/,Noun,,Old City / Ancient Place,,,,,,,Rath,Rath; Rathvethor; Rathka; Rathorim; Rathorimaen; Rathaen; Drenkorath; Krezmorath; Rathorkinash; Kalrath,6,1,Rathor / rathor,The Past / a specific past event or memory,Nkathalaen Velar rathor.,The elder grieves for the past.,Var Rathor ser Vethor.,"History is complex, often holds darkness or mystery; the past is inescapable.",Kal Belvok nor Rathor.,Family bonds are strengthened by remembering shared history/ancestors.,Theren var tera Kaleth Rathor.,The village stands at the ancient fortress-home.
LX-V2-0022; LX-V2-0085,,Rathor,/rahthohr/,Noun,,Past / History,,,,,,,Rath,Rath; Rathvethor; Rathka; Rathorim; Rathorimaen; Rathaen; Drenkorath; Krezmorath; Rathorkinash; Kalrath,6,2,Rathor / rathor,The Past / a specific past event or memory,Nkathalaen Velar rathor.,The elder grieves for the past.,Var Rathor ser Vethor.,"History is complex, often holds darkness or mystery; the past is inescapable.",Kal Belvok nor Rathor.,Family bonds are strengthened by remembering shared history/ancestors.,Theren var tera Kaleth Rathor.,The village stands at the ancient fortress-home.
LX-V3-0065,,Rathorim,/rahthoh-reem/,Noun,,Remembrance (the act).,,,,,,,Rath,Rathor; Rath; Rathvethor; Rathka; Rathorimaen; Rathaen; Drenkorath; Krezmorath; Rathorkinash; Kalrath,,1,,,,,,,,,,
LX-V3-0068,,Rathorimaen,/rahthoh-ree-mah-ehn/,Verb,,To Remember / Memorialize.,,,,,,,Rath; Aen,Rathor; Rath; Rathvethor; Rathka; Rathorim; Rathaen; Drenkorath; Krezmorath; Rathorkinash; Kalrath,,1,,,,,,,,,,
LX-V3-0130,,Rathorkinash,/rahthohrkee-nahsh/,Noun,,"""Ancient-prattler""; suggests being stuck in outdated traditions and unyielding.",Marakorians mocked for clinging to their ancient ways.,,,,,,Rath; ASH,Rathor; Rath; Rathvethor; Rathka; Rathorim; Rathorimaen; Rathaen; Drenkorath; Krezmorath; Kalrath,,1,,,,,,,,,,
LX-V2-0131,,Rathvethor,/rahth-veh-thor/,Noun,,Hidden Enemy / Ambush / Unseen Threat. Used when scouting or warning about potential ambushes or concealed enemies.,Rath (enemy/foe) + Vethor (shadow/mystery),,,,,,Rath,Rathor; Rath; Rathka; Rathorim; Rathorimaen; Rathaen; Drenkorath; Krezmorath; Rathorkinash; Kalrath,2,1,Ra var rathvethor an Verdor?,Is there a hidden enemy in the forest?,kes seren rathvethor.,The guardian notices the hidden threat.,,,,,,
XR-rav,,Rav,/rahv/,Noun,Yes,Pull; yearning; destiny attraction,"Builds words for pull, yearning, attraction, and destination-oriented desire.",,,,,,,Rav-,1,1,Terrarav,the pull of one's homeland,,,,,,,,
DM-RM-V2-0021; DM-RM-S3-0021,,Rav-,/rahv-/,Noun,Yes,"Pull, yearning","Conceptual range: To pull, draw towards; desire, deep yearning, destiny pull.",,,,,,,Rav,1,1,Terrarav,the pull of one's homeland,,,,,,,,
LX-V3-0093,,Ravokhaen,/rah-vohkhah-ehn/,Verb,,To Desire / Want Intensely.,"Derivation: From Ravokha (Desire) + -aen. Usage: Standard verb, follows VSO.",,,,,,Aen,Amthaen; Aen; Aenor; Aenvor; Ohmbaen; Lianaen; Thalaneshen; Velthaen; Wek'aen; Rathorimaen,2,1,Ravokhaen Tavan dren.,The parent desires water.,Ravokhaen Ilin thallian.,We desire justice.,,,,,,
XR-rek,,Rek,/rehk/,Noun,Yes,Peak intensity; burning or heated state,"Intensifies a hot or active base toward peak force, burning conditions, or seasonal extremity.",,,,,,,Fenrek; Krezrek,2,1,Fenrek kal nor dren.,Summer strengthens by the water.,Krezrek dren nor Fenrek.,The heatwave flows with summer.,,,,,,
LX-V2-0045; LX-V4-0077; LX-V4-0103,,Reth,/rehth/,Noun,,Confusion / Uncertainty,,,,,,,Reth- / Rethvok-,Rethvok; Reth- / Rethvok-,2,1,Ra drenaen Ya dren reth phelvin?,Do you drink water or the comfort-drink?,Kal Kalor an Reth.,True strength/spirit is shown when facing the unknown or confusion.,,,,,,
LX-V2-0045; LX-V4-0077; LX-V4-0103,,Reth,/rehth/,Conjunction,,Or,,,,,,,Reth- / Rethvok-,Rethvok; Reth- / Rethvok-,2,2,Ra drenaen Ya dren reth phelvin?,Do you drink water or the comfort-drink?,Kal Kalor an Reth.,True strength/spirit is shown when facing the unknown or confusion.,,,,,,
DM-RM-S3-0010,,Reth- / Rethvok-,/rehth- / rehthvohk-/,Noun,Yes,"Reth: uncertainty, confusion, doubt, a question, or. Rethvok: chaos, disorder, un-ordered state.",Refines existing Reth conjunction and Rethvok chaos rows; no resolution applied.,,,,,,,Reth; Rethvok,5,1,Rethvok,Chaos,Fahaen I rethvok.,I fear chaos.,Ra drenaen Ya dren reth phelvin?,Do you drink water or the comfort-drink?,ver thal,without balance,thar an rethvok,a heart of chaos
LX-V3-0033,,Reth‘thal,/rehththahl/,Particle,,"Perhaps, Possibly (stronger doubt than Rethlian).",Usage: Typically sentence-initial.,,,,,,,,,1,,,,,,,,,,
LX-V3-0099,,Rethaen,/rehthah-ehn/,Verb,,To Worry / Be Uncertain.,"Derivation: From Reth (Uncertainty) + -aen. Usage: Standard verb, follows VSO.",,,,,,Aen,Amthaen; Aen; Aenor; Aenvor; Ohmbaen; Lianaen; Thalaneshen; Velthaen; Wek'aen; Rathorimaen,1,1,Ra rethaen Ya nor Varash?,Do you worry about the future?,,,,,,,,
OHC-0016,,Rethal,/rehthahl/,Noun,,River Predator,"Aquatic; Camouflaged river predator with reflective scales, barbels, and a powerful hidden bite.; Cultural role: Waterline predator and concealment symbol.",,,,,,,,,1,,,,,,,,,,
LX-V3-0019; LX-V4-0003,,Rethlian,/rehthlee-ahn/,Verb,,Possibility (May/Might),"""maybe/perhaps""",,,,,,,,4,1,Var I rethlian.,I might go.,"Rethlian, I nor var dren.","Maybe, I will go to the water.","Em… Rethlian, Var I dren.",Um… maybe I will go to the water.,Kalvok; Kalrath; Rethlian,Smooth clusters,,
LX-V3-0019; LX-V4-0003,,Rethlian,/rehthlee-ahn/,Interjection,,Maybe,"“Rethlian, I nor var dren.” – “Maybe, I will go to the water.”",,,,,,,,4,2,Var I rethlian.,I might go.,"Rethlian, I nor var dren.","Maybe, I will go to the water.","Em… Rethlian, Var I dren.",Um… maybe I will go to the water.,Kalvok; Kalrath; Rethlian,Smooth clusters,,
LX-CNE1-0029,Conversational Narrative Engine 1,Rethpral,/reth-prahl/,Noun,,A mistake; an incorrect act judgment or construction,,Reth + Pral,Marakor,Used for repairable errors in travel measurement craft or judgment.,Rethapral,/reth-ah-prahl/,RAL; PRAL,Dral; Jindral; Nkural; Xarvethral; Belvethral; Vethral; Pral; Droral; Mekral; Zhaelral,2,1,kes I rethpral.,I notice the mistake.,aen mekral rethpral.,The mechanic states the mistake.,,,,,,
LX-CNE1-0023,Conversational Narrative Engine 1,Rethshara,/reth-shah-rah/,Particle,,Instead; by a substituted course or option,,Reth + Shara,Marakor,Used when replacing a material route method or plan while preserving the goal.,,,SHARA,Shara; Belshara; Sharbel; Vershara; Sharaka; Shar; Kinnshara; Awekshara; Dralshara; Sharavok,2,1,var I an mahr rethshara.,I go to the sea instead.,tharsharaen I dralshara rethshara.,I choose the star route instead.,,,,,,
LX-V4-0075,,Rethvok,/rehthvohk/,Noun,,Chaos (A bond of confusion),Reth (confusion) + Vok (bond),,,,,,Reth- / Rethvok-; VOK,Reth; Reth- / Rethvok-; Lorlivok; Voktarin; Belvok; Kalvok; Kalvokesh; Pralvokesh; Vokaen; Drenvokesh,3,1,Fahaen I rethvok.,I fear chaos.,Rethvok,Chaos,thar an rethvok,a heart of chaos,,,,
LX-V2-0017,,Revalen,/reh-vah-lehn/,Interjection,,"""Farewell""",,,,,,,,,,1,,,,,,,,,,
XR-rin,,Rin,/reen/,Noun,Yes,Essence; inner spirit; true self,"Builds words for essence, identity, naming, and spiritually central inner qualities.",,,,,,,Belrin; Brosrin; Balrin; Talrin; Rinvarash; Velrin; Phelrin; Vethrin; Kelrin; Rinshen,2,1,shalaen an rin,to see the essence,Theraen thar-ian an awek. Rinaen an-rin lian morlak kadreneth.,My heart longs for the spring. It feels like the truth of dry bread.,,,,,,
DM-RM-S3-0012,,Rin-,/reen-/,Noun,Yes,"Essence, core nature, spirit, intrinsic quality.",Important identity-context refinement preserved; no existing identity entries changed.,,,,,,,Belrin; Brosrin; Balrin; Talrin; Rinvarash; Velrin; Phelrin; Vethrin; Kelrin; Rinshen,1,1,shalaen an rin,to see the essence,,,,,,,,
DX-rinaen,,Rinaen,/ree-nah-ehn/,Verb,,To be; to exist in essence; is-in-essence,Rin (essence) + Aen (breath/speaking) as a stative verb expressing essential being or existence.,,,,,,RIN; Aen,Belrin; Brosrin; Balrin; Talrin; Rinvarash; Velrin; Phelrin; Vethrin; Kelrin; Rinshen,98,1,shalaen an rin,to see the essence,Aen Dral,The Heavens Speak,"Vael rinaen I an eshlin, varal I an esh.","If I were a bird, I would be going to the sky.",Rinaen zhirin an pralor.,The rope is on the table.,Rinaen emil esh pralor.,The food is on the table.
LX-NE1-0035,National Expansion 1,Rinshen,/reen-shehn/,Noun,,Official identifying record,,Rin + Shen,Marakor,A civic registration or record used to establish identity.,,,SHEN; RIN,Belshen; Thalaneshen; Ka-Shen; Shen; Droshen; Shenlian; Kalshen; Belrin; Brosrin; Balrin,5,1,rinaen rinshen an liankavor.,The identity record is in the archive.,arth kavral rinshen.,The record keeper protects the identifying record.,dor kavral rinshen an liankavor.,The record keeper places the identity record in the archive.,velzhiraen kavral rinshen.,The record keeper remembers the identity record.,kavelzhiraen ser rinshen.,The friend forgets the identity record.
LX-V2-0136,,Rinvarash,/rin-vah-rahsh/,Noun,,Prophetic Vision / Spiritual Insight / Glimpse of Essence. Refers to receiving divine guidance or seeing future possibilities through spiritual connection.,Rin (essence) + Varash (future/prophecy),,,,,,RIN; ASH,Belrin; Brosrin; Balrin; Talrin; Velrin; Phelrin; Vethrin; Kelrin; Rinshen; Rin,1,1,Var Rinvarash thal liorin.,Prophetic vision comes from the elder.,,,,,,,,
OHC-0009,,Rynarth,/rynahrth/,Noun,,Fox-like Predator,Mountain; Clever fox-like predator adapted to rocky and wooded slopes.; Cultural role: Cunning slope hunter.,,,,,,,,,1,,,,,,,,,,
XR-sel,,Sel,/sehl/,Noun,Yes,Physical clarity; purity; absence of grime,"Builds words for cleanliness, purity, transparency, and physically clear states.",,,,,,,Selineth; Drosel,1,1,Rinaen dren selineth.,The water is clean.,,,,,,,,
LX-V4-0022,,Selineth,/seh-lee-nehth/,Adjective,,"Clean, Pure",Sel- (clear/pure) + -eth,,,,,,SEL,Drosel; Sel,2,1,Rinaen dren selineth.,The water is clean.,Rinaen peleth selineth.,The knife is clean.,,,,,,
OHC-0020,,Selkari,/sehlkah-ree/,Noun,,Ocean Guardian,"Mythic / Symbolic; Serpent-like deep-sea guardian, graceful and revered, said to surface during celestial events.; Cultural role: Mythic coastal guardian and sacred ocean figure.",,,,,,,,,1,,,,,,,,,,
LX-V3-0139; XR-senar,,Senar,/seh-nahr/,Noun,Yes,Six,,,,,,,,,1,1,Ten-quen senar,46 (40 + 6),,,,,,,,
LX-V1-0016; LX-V2-0036; LX-V2-0065; LX-V4-0076; LX-V4-0112,,Ser,/ser/,Noun,,Friend / Ally,,,,,,,,Seraen; Servok; Serdel; Sernor; Ser-; Serin,94,1,Rinaen morlak ser dren.,There is bread and water.,Ra var ser?,"""Where does the friend go?""",Ra var ser?,“Where does the friend go?”,Ra ver var ser?,“Does the friend not go?”,"Rath var ser, I dren.","“If the friend goes, I will go to the water.”"
LX-V1-0016; LX-V2-0036; LX-V2-0065; LX-V4-0076; LX-V4-0112,,Ser,/ser/,Preposition,,With,,,,,,,,Seraen; Servok; Serdel; Sernor; Ser-; Serin,94,2,Rinaen morlak ser dren.,There is bread and water.,Ra var ser?,"""Where does the friend go?""",Ra var ser?,“Where does the friend go?”,Ra ver var ser?,“Does the friend not go?”,"Rath var ser, I dren.","“If the friend goes, I will go to the water.”"
LX-V1-0016; LX-V2-0036; LX-V2-0065; LX-V4-0076; LX-V4-0112,,Ser,/ser/,Conjunction,,And,,,,,,,,Seraen; Servok; Serdel; Sernor; Ser-; Serin,94,3,Rinaen morlak ser dren.,There is bread and water.,Ra var ser?,"""Where does the friend go?""",Ra var ser?,“Where does the friend go?”,Ra ver var ser?,“Does the friend not go?”,"Rath var ser, I dren.","“If the friend goes, I will go to the water.”"
DM-RM-S3-0023,,Ser-,/sehr-/,Noun,Yes,"Friend, ally; also with and and.",Refines existing Ser friend/with/and polysemy; no resolution applied.,,,,,,,Ser; Seraen; Servok; Serdel; Sernor; Serin,3,1,Rinaen morlak ser dren.,There is bread and water.,Seraen I an Nys'aleth.,I believe in balance.,Rinaen Ohm ser Ilin.,Is-in-essence Connection/Love with Us.,,,,
LX-V3-0028,,Sera,/seh-rah/,Particle,,"Also, Too, Even, As well (additive).","Usage: Flexible placement, often after subject or near modified element.",,,,,,,,,1,,,,,,,,,,
LX-V3-0095,,Seraen,/seh-rah-ehn/,Verb,,To Trust / Ally With.,"Derivation: From Ser (Friend/Ally) + -aen. Usage: Standard verb, follows VSO.",,,,,,Aen; Ser-,Amthaen; Aen; Aenor; Aenvor; Ohmbaen; Lianaen; Thalaneshen; Velthaen; Wek'aen; Rathorimaen,2,1,Seraen Kaikoa Lianor.,Kaikoa trusts the Sir.,Seraen I an Nys'aleth.,I believe in balance.,,,,,,
LX-CNE1-0033,Conversational Narrative Engine 1,Serdel,/sehr-dehl/,Preposition,,Between; in the interval or relation bounded by two anchors,,Ser + Del,Jasara,Used to locate routes wells objects or choices relative to two anchors.,,,DEL; Ser-,Del; Ser; Seraen; Servok; Sernor; Ser-; Serin,2,1,rinaen krezor serdel nethlor ser pralor.,The hearth is between the bed and the table.,dor I karvek serdel nethor ser pralor.,I put the toolkit between the chair and the table.,,,,,,
LX-V2-0033; LX-V3-0007,,Seren,/seh-rehn/,Noun,,Guardian / Protector,,,,,,,,,10,1,Var Seren arthlor an Kaleth.,The Guardians go to the defensive formation at the Fortress.,"Li-Seren-en, var nor Varthas shenakar?","Honored guardian, do we proceed to the city's exchange now?",arth seren thalorimor.,The guardian protects the storm station.,var seren an kalwek.,The guardians go to the training drill.,arth arthaxar seren.,The armor protects the guardian.
LX-V2-0033; LX-V3-0007,,Seren,/seh-rehn/,Noun,,Guardian/Protector,,,,,,,,,10,2,Var Seren arthlor an Kaleth.,The Guardians go to the defensive formation at the Fortress.,"Li-Seren-en, var nor Varthas shenakar?","Honored guardian, do we proceed to the city's exchange now?",arth seren thalorimor.,The guardian protects the storm station.,var seren an kalwek.,The guardians go to the training drill.,arth arthaxar seren.,The armor protects the guardian.
LX-V2-0129,,Serenkal,/seh-rehnkahl/,Noun,,"Elite Warrior / Vanguard / Shock Trooper. Refers specifically to experienced, strong front-line fighters or protectors.",Seren (guardian/protector) + Kal (strength),,,,,,KAL,Kal; Kaleth; Jorkal; Kalvok; Kalvokesh; Zhirkalor; Kalorinath; Kalrath; Morkal; Mahrkal,1,1,Nor-var Serenkal thal morl.,The Elite Warriors will advance from the mountain.,,,,,,,,
DX-serin,,Serin,/seh-reen/,Noun,,Friends,Ser (friend/ally/with) + -in (plural suffix). Plural form of Ser.,,,,,,Ser-,Ser; Seraen; Servok; Serdel; Sernor; Ser-,10,1,Seraen I an Nys'aleth.,I believe in balance.,Rinaen Ohm ser Ilin.,Is-in-essence Connection/Love with Us.,Welrim ser dren an Serin.,The feast is shared with friends and water.,Tlankor kal dren ser Serin.,The ally strengthens by the water with friends.,Velrin kal dren an Serin.,The food strengthens with friends by the water.
LX-CNE1-0039,Conversational Narrative Engine 1,Sernor,/sehr-nohr/,Conjunction,,While; during the time that another event occurs,,Ser + Nor,Verdalris,Used to describe simultaneous natural human and practical processes.,,,NOR; Ser-,Nor; Weknor; Athnor; Nethnor; Shalnor; Vethnor; Varnor; Nor-; nor-ka; Ser,2,1,aen I sernor var Ya.,I speak while you walk.,pralaen I sernor aen Ya.,I work while you speak.,,,,,,
LX-CNE1-0024,Conversational Narrative Engine 1,Servok,/sehr-vohk/,Particle,,Together; in one company or coordinated action,,Ser + Vok,Marakor,Used for coordinated household communal and traveling activity.,,,VOK; Ser-,Lorlivok; Voktarin; Belvok; Kalvok; Kalvokesh; Pralvokesh; Vokaen; Drenvokesh; Zhivokesh; Velthaelvok,2,1,pralaen Ilin krezor servok.,We make the hearth together.,var sharavok an mahr servok.,The caravan travels to the sea together.,,,,,,
LX-V3-0140; XR-sethe,,Sethe,/sehtheh/,Noun,Yes,Seven,,,,,,,,,1,1,Mel-quen Hek-sethe Ten-oven sethe,"4,768 (4,000 + 700 + 60 + 8)",,,,,,,,
LX-V2-0003; LX-V2-0069; LX-V4-0101; XR-shal,,Shal,/shahl/,Noun,Yes,Light / New Beginnings / Fate,,,,,,,,Shalor; Kinnshal; Drenshal; Shalorin; Shalithor; Shalaen; Vershalaen; Shalorveth; Shalkor; Shaleth,35,1,Azron nor shal,The woman flows with the light.,Theefel pralmor an shal,The neutral child creates with the light.,Ver shal I dren.,“There is no light at the water.”,Var I ka shal.,,Kinnmor kal dren nor shal.,The morning strengthens with water and light.
LX-V2-0003; LX-V2-0069; LX-V4-0101; XR-shal,,Shal,/shahl/,Verb,Yes,Hope,,,,,,,,Shalor; Kinnshal; Drenshal; Shalorin; Shalithor; Shalaen; Vershalaen; Shalorveth; Shalkor; Shaleth,35,2,Azron nor shal,The woman flows with the light.,Theefel pralmor an shal,The neutral child creates with the light.,Ver shal I dren.,“There is no light at the water.”,Var I ka shal.,,Kinnmor kal dren nor shal.,The morning strengthens with water and light.
DM-RM-S3-0001,,Shal-,/shahl-/,Noun,Yes,"Light, glow, brightness; hope, truth, creation, clarity, revelation, wisdom, life, beginnings.",Conceptual layer preserved; does not replace existing Shal lexicon rows.,,,,,,,Shal; Shalor; Kinnshal; Drenshal; Shalorin; Shalithor; Shalaen; Vershalaen; Shalorveth; Shalkor,,1,,,,,,,,,,
LX-V3-0075,,Shal'taleth,/shahl'tah-lehth/,Noun,,Light-Offering Ritual.,,,,,,,,,,1,,,,,,,,,,
LX-V3-0094; LX-V4-0047,,Shalaen,/shah-lah-ehn/,Verb,,To Hope / See Light Ahead.,"Derivation: From Shal (Light/Hope) + -aen. Usage: Standard verb, follows VSO.",,,,,,SHAL; Aen,Shal; Shalor; Kinnshal; Drenshal; Shalorin; Shalithor; Vershalaen; Shalorveth; Shalkor; Shaleth,3,1,Shalaen Ilin an Kinnshal.,We hope in the dawn.,Shalaen I vethral an verdor.,I see the pack hunter in the forest.,shalaen an rin,to see the essence,,,,
LX-V3-0094; LX-V4-0047,,Shalaen,/shah-lah-ehn/,Verb,,"To See, To perceive with light",Shal (light) + -aen,,,,,,SHAL; Aen,Shal; Shalor; Kinnshal; Drenshal; Shalorin; Shalithor; Vershalaen; Shalorveth; Shalkor; Shaleth,3,2,Shalaen Ilin an Kinnshal.,We hope in the dawn.,Shalaen I vethral an verdor.,I see the pack hunter in the forest.,shalaen an rin,to see the essence,,,,
LX-V4-0044,,Shaleth,/shah-lehth/,Adjective,,"Yellow, Gold, Bright",Shal (light) + -eth,,,,,,SHAL,Shal; Shalor; Kinnshal; Drenshal; Shalorin; Shalithor; Shalaen; Vershalaen; Shalorveth; Shalkor,4,1,Rinaen shena shaleth.,The coin is gold.,I dren shaleth ther La dren.,My water is brighter than their water.,I dren shaleth thaal.,My water is the brightest.,I dren shaleth thaal morldren.,My water is the brightest of the mountain waters.,,
LX-V2-0204,,Shalithor,/shah-leethohr/,Noun,,Sunlight,The life-giving essence of sunlight.,,,,,,SHAL,Shal; Shalor; Kinnshal; Drenshal; Shalorin; Shalaen; Vershalaen; Shalorveth; Shalkor; Shaleth,1,1,Shalithor kal dren an Evan.,The sunlight strengthens at the market.,,,,,,,,
LX-V4-0019,,Shalkor,/shahlkohr/,Noun,,"Lamp, Torch, Light Source",Shal (light) + Kor (source),,,,,,KOR; SHAL,Korin; Drenkor; Drenkorath; Vorkor; Belkor; Kor; Zhirkor; Shal; Shalor; Kinnshal,1,1,Arth shalkor Ilin thal fah.,The lamp protects us from the darkness.,,,,,,,,
LX-CNE1-0037,Conversational Narrative Engine 1,Shalnor,/shahl-nohr/,Preposition,,Before or earlier than a reference event or time,,Shal + Nor,Nivveil,Used to order work travel and sheltering before weather or darkness.,,,SHAL; NOR,Shal; Shalor; Kinnshal; Drenshal; Shalorin; Shalithor; Shalaen; Vershalaen; Shalorveth; Shalkor,2,1,var I shalnor kilveth.,I go before evening.,xaraen I xarphelor shalnor veljor.,I close the shelter before the cold snap.,,,,,,
LX-V2-0024; LX-V2-0059; LX-V2-0084,,Shalor,/shah-lohr/,Noun,,"Light (discovery, vision, hope)",,,,,,,SHAL,Shal; Kinnshal; Drenshal; Shalorin; Shalithor; Shalaen; Vershalaen; Shalorveth; Shalkor; Shaleth,3,1,Var Liorinen lianaen an shalor.,The Honored Elder goes to pray in the sanctuary.,Aen Shalor Liorin lian nor.,The Temple Elder speaks truth now.,Theraen La Shalor.,They long for the Sanctuary.,,,,
LX-V2-0024; LX-V2-0059; LX-V2-0084,,Shalor,/shah-lohr/,Noun,,Light / New Beginnings / Fate,,,,,,,SHAL,Shal; Kinnshal; Drenshal; Shalorin; Shalithor; Shalaen; Vershalaen; Shalorveth; Shalkor; Shaleth,3,2,Var Liorinen lianaen an shalor.,The Honored Elder goes to pray in the sanctuary.,Aen Shalor Liorin lian nor.,The Temple Elder speaks truth now.,Theraen La Shalor.,They long for the Sanctuary.,,,,
LX-V2-0024; LX-V2-0059; LX-V2-0084,,Shalor,/shah-lohr/,Noun,,Sanctuary (light-filled place),,,,,,,SHAL,Shal; Kinnshal; Drenshal; Shalorin; Shalithor; Shalaen; Vershalaen; Shalorveth; Shalkor; Shaleth,3,3,Var Liorinen lianaen an shalor.,The Honored Elder goes to pray in the sanctuary.,Aen Shalor Liorin lian nor.,The Temple Elder speaks truth now.,Theraen La Shalor.,They long for the Sanctuary.,,,,
LX-V2-0193,,Shalorin,/shah-loh-reen/,Noun,,Sweet Fig-Like Fruit,Shal = light + orin = essence,,,,,,SHAL,Shal; Shalor; Kinnshal; Drenshal; Shalithor; Shalaen; Vershalaen; Shalorveth; Shalkor; Shaleth,2,1,Shalorin nor dren.,The sweet fruit rests by the water.,Tha-var La thal Shalorin.,“They went from the sanctuary of light.”,,,,,,
LX-V3-0120,,Shalorveth,/shah-lohrvehth/,Noun,,Shadowlight Ritual,"Derived From: Shal (light) + or (essence) + veth (shadow). Meaning: A mystical ceremony that represents the balance between opposites (light and shadow, joy and sorrow) within family ties.",,,,,,SHAL; VETH,Shal; Shalor; Kinnshal; Drenshal; Shalorin; Shalithor; Shalaen; Vershalaen; Shalkor; Shaleth,1,1,Shalorveth kal dren thal Tharvok.,The shadowlight ritual strengthens with the family under balance.,,,,,,,,
LX-V3-0024,,Shalra,/shahlrah/,Particle,,“Well?” or “So then?”,"“Shalra, Ya var emil?” – “Well, do you get food?”",,,,,,,,2,1,"Shalra, Ya var emil?","Well, do you get food?","Shalra, Ya ser emil?","Well, do you bring food?",,,,,,
LX-CNE1-0034,Conversational Narrative Engine 1,Shalvar,/shahl-vahr/,Preposition,,Ahead of or in front of relative to facing or motion,,Shal + Var,Zarithan,Used for scouting formation order and forward relative location.,,,SHAL; Var-,Shal; Shalor; Kinnshal; Drenshal; Shalorin; Shalithor; Shalaen; Vershalaen; Shalorveth; Shalkor,2,1,var ser shalvar I.,The friend goes ahead of me.,rinaen seren shalvar vorkor.,The guardian is in front of the door.,,,,,,
LX-CNE1-0036; XR-shan,Conversational Narrative Engine 1,Shan,/shahn/,Preposition,Yes,Through or across from one side or boundary to another,,Existing Shan passing extended grammatically,Pelagae,Used for passage through gates forests channels and other bounded spans.,,,,Terrashaneth; Velpralim; Dralshaneth,7,1,var I shan vorkor.,I go through the door.,var sharavok shan verdor.,The caravan travels through the forest.,Terrashaneth lian nor Tharvok.,The Earth blessing speaks to the family.,Velpralim shan dren an Zhirelorim.,The wisdom transfer passes to the coming-of-age ritual.,Dralshaneth kal dren an Belvok.,The heaven's blessing strengthens the family.
LX-V4-0079,,Shar,/shahr/,Noun,,"Stride, Pace","Shortened from Shara (Path). A standard human stride. Used for measuring rooms, fields, and medium distances.",,,,,,SHARA,Shara; Belshara; Sharbel; Vershara; Sharaka; Kinnshara; Awekshara; Dralshara; Sharavok; Sharaen,1,1,Rinaen kaleth Hek-unar shar thalor.,The fortress is 100 strides outside.,,,,,,,,
LX-V2-0010; XR-shara,,Shara,/shah-rah/,Noun,Yes,Path / Journey,,,,,,,,Belshara; Sharbel; Vershara; Sharaka; Shar; Kinnshara; Awekshara; Dralshara; Sharavok; Sharaen,11,1,Var an shara,to go on a path,Pralaen an shara,to make a path,Var Shara ser Arthen.,One's choices shape their destiny; the journey is tied to purpose.,Vael vaar an shara-ya.,May peace be on your path.,Rinaen rathlor an shara.,There is danger on the path.
DM-RM-S3-0015,,Shara-,/shah-rah-/,Noun,Yes,"A path, a road, a journey; life path, strategy, decision path.",Conceptual layer preserved.,,,,,,,Shara; Belshara; Sharbel; Vershara; Sharaka; Shar; Kinnshara; Awekshara; Dralshara; Sharavok,2,1,Var an shara,to go on a path,Pralaen an shara,to make a path,,,,,,
LX-CNE1-0008,Conversational Narrative Engine 1,Sharaen,/shah-rah-ehn/,Verb,,To follow a person route sequence or instruction,,Shara + -aen,Zarithan,Used for following scouts tracks and navigational routes.,,,Aen; SHARA,Amthaen; Aen; Aenor; Aenvor; Ohmbaen; Lianaen; Thalaneshen; Velthaen; Wek'aen; Rathorimaen,2,1,sharaen I ser.,I follow the friend.,sharaen sharavok dralshara.,The caravan follows the star route.,,,,,,
LX-V4-0065,,Sharaka,/shah-rah-kah/,Noun,,Freedom (Path without binding),Shara (path) + Ka (without),,,,,,SHARA,Shara; Belshara; Sharbel; Vershara; Shar; Kinnshara; Awekshara; Dralshara; Sharavok; Sharaen,1,1,Ohmaen I sharaka.,I love freedom.,,,,,,,,
LX-NE1-0039,National Expansion 1,Sharavok,/shah-rah-vohk/,Noun,,Traveling company; caravan,,Shara + Vok,Zarithan,A group bonded by a shared journey.,,,SHARA; VOK,Shara; Belshara; Sharbel; Vershara; Sharaka; Shar; Kinnshara; Awekshara; Dralshara; Sharaen,15,1,var sharavok an shara.,The caravan travels along the path.,rinaen karvek an sharavok.,The toolkit is with the traveling company.,lorin dralshara sharavok.,The star route guides the caravan.,var sharavok an dralshara.,The traveling company follows the celestial path.,lorin eshlor sharavok.,The wind bearing guides the caravan.
LX-V4-0037,,Sharbel,/shahrbehl/,Noun,,"Pants, Leggings",Shara (path) + Bel (bind),,,,,,SHARA; BEL,Shara; Belshara; Vershara; Sharaka; Shar; Kinnshara; Awekshara; Dralshara; Sharavok; Sharaen,1,1,Rinaen sharbel maganeth.,The pants are heavy.,,,,,,,,
LX-V2-0055,,Sharvar,/shahrvahr/,Noun,,Leg,,,,,,,,,,1,,,,,,,,,,
OHC-0007,,Shavrek,/shahvrehk/,Noun,,Cliff Forager,Mountain; Nimble cliff-dwelling forager with powerful hooves and mottled fur.; Cultural role: Mountain forager and cliff adaptation symbol.,,,,,,,,,1,,,,,,,,,,
LX-V4-0085; LX-V4-0123; XR-shen,,Shen,/shehn/,Noun,Yes,Coinage / Currency,,,,,,,,Belshen; Thalaneshen; Ka-Shen; Droshen; Shenlian; Kalshen; Rinshen,4,1,Tal I peth shen morlak.,I give five measures of grain.,Ra aen Ya belshen velrin?,Do you speak the price of the food?,Var thalaneshen ser varadan.,Bargaining goes with the merchant.,Vanesh Ilin ka-shen lialor.,We trade via barter indeed.,,
LX-V4-0085; LX-V4-0123; XR-shen,,Shen,/shehn/,Measure,Yes,Unit of weight / measure,,,,,,,,Belshen; Thalaneshen; Ka-Shen; Droshen; Shenlian; Kalshen; Rinshen,4,2,Tal I peth shen morlak.,I give five measures of grain.,Ra aen Ya belshen velrin?,Do you speak the price of the food?,Var thalaneshen ser varadan.,Bargaining goes with the merchant.,Vanesh Ilin ka-shen lialor.,We trade via barter indeed.,,
LX-NE1-0013,National Expansion 1,Shenlian,/shehn-lee-ahn/,Noun,,Standard; reference measure,,Shen + Lian,Mechuma,A trusted measure or specification used to judge correctness.,,,LIAN; SHEN,Lian; Lianaen; Vellian; Lianfel; Lianor; Lianeth; Lianbelrin; Thallian; Liankavor; Worlian,2,1,lorin shenlian mekral.,The standard guides the technician.,rinaen morkal shenlian.,The stone-weight is the reference measure.,,,,,,
LX-CNE1-0010; XR-siv,Conversational Narrative Engine 1,Siv,/seev/,Verb,Yes,To try or attempt without presupposing the outcome,,New primitive root for directed effort under uncertainty,Mechuma,Used for trials repairs tests and unfamiliar procedures.,,,,Sivathaen; Sivrethaen,6,1,siv I pralaen krezor.,I try to make the hearth.,siv mekral karethaen karvek.,The mechanic tries to use the toolkit.,sivathaen I pralaen krezor.,I succeed in making the hearth.,sivathaen mekral karethaen zhelvek.,The mechanic succeeds in using the energy carrier.,sivrethaen I kaxaraen vorkor.,I fail to open the door.
LX-CNE1-0011,Conversational Narrative Engine 1,Sivathaen,/see-vath-ah-ehn/,Verb,,To succeed or reach the intended outcome of an attempt,,Siv + Ath + -aen,Mechuma,Used when a test repair or planned process achieves its aim.,,,SIV; Aen; ATH,Siv; Sivrethaen; Amthaen; Aen; Aenor; Aenvor; Ohmbaen; Lianaen; Thalaneshen; Velthaen,2,1,sivathaen I pralaen krezor.,I succeed in making the hearth.,sivathaen mekral karethaen zhelvek.,The mechanic succeeds in using the energy carrier.,,,,,,
LX-CNE1-0012,Conversational Narrative Engine 1,Sivrethaen,/seev-reth-ah-ehn/,Verb,,To fail or end an attempt without its intended outcome,,Siv + Reth + -aen,Mechuma,Used when a device trial or plan does not achieve its aim.,Sivarethaen,/see-vah-reth-ah-ehn/,SIV; Aen,Siv; Sivathaen; Amthaen; Aen; Aenor; Aenvor; Ohmbaen; Lianaen; Thalaneshen; Velthaen,2,1,sivrethaen I kaxaraen vorkor.,I fail to open the door.,sivrethaen mekral karethaen zhelvek.,The mechanic fails to use the energy carrier.,,,,,,
LX-V2-0214,,Som,/sohm/,Quantifier,,Some / A few / Part of,Usage: Placed before the noun.,,,,,,,,2,1,Var som Serin.,Some Friends go.,Tal I som dren.,Give I some water.,,,,,,
XR-soril,,Soril,/soh-reel/,Noun,Yes,Depth of flavor; complex taste-body,"Builds words for depth of flavor, savory complexity, and richly layered taste.",,,,,,,Vethsoril,1,1,Vethsoril ser dren.,The stew is shared with water.,,,,,,,,
LX-V2-0052,,Sorl,/sohrl/,Noun,,Neck,,,,,,,,,,1,,,,,,,,,,
LX-V2-0061; LX-V4-0116; XR-tal,,Tal,/tahl/,Verb,Yes,Give / Offer,,,,,,,,Talrin; Talaen,16,1,Tal Ilin talrin ser vaar.,We give an offering with peace.,Tal I dren an Kinnlin.,I drink the water at noon.,Tal I kilvlum dren nor veth.,I drink at midnight by the water's shadow.,Tal Varadan vellian an Ilan.,The Merchant offers quality goods to the Student.,Tal I som dren.,Give I some water.
LX-V2-0061; LX-V4-0116; XR-tal,,Tal,/tahl/,Verb,Yes,Take / Receive,,,,,,,,Talrin; Talaen,16,2,Tal Ilin talrin ser vaar.,We give an offering with peace.,Tal I dren an Kinnlin.,I drink the water at noon.,Tal I kilvlum dren nor veth.,I drink at midnight by the water's shadow.,Tal Varadan vellian an Ilan.,The Merchant offers quality goods to the Student.,Tal I som dren.,Give I some water.
LX-V3-0088; LX-V4-0051,,Talaen,/tah-lah-ehn/,Verb,,To give/offer (used for simpler offerings).,,,,,,,TAL; Aen,Tal; Talrin; Amthaen; Aen; Aenor; Aenvor; Ohmbaen; Lianaen; Thalaneshen; Velthaen,4,1,Talaen I drenvor thal pralor.,I take the bowl from the table.,Talaen an shenakar nor-ka.,The coinage was taken.,talaen an thal,find balance,talaen an ohm,to find connection,,
LX-V3-0088; LX-V4-0051,,Talaen,/tah-lah-ehn/,Verb,,"To Take (contextual), To Receive",Tal (give/offer),,,,,,TAL; Aen,Tal; Talrin; Amthaen; Aen; Aenor; Aenvor; Ohmbaen; Lianaen; Thalaneshen; Velthaen,4,2,Talaen I drenvor thal pralor.,I take the bowl from the table.,Talaen an shenakar nor-ka.,The coinage was taken.,talaen an thal,find balance,talaen an ohm,to find connection,,
LX-V2-0134,,Talrin,/tahl-rin/,Noun,,Offering / Spiritual Sacrifice (of self/intent/item). The act of giving something (physical or metaphorical) as part of a ritual.,Tal (give/offer) + Rin (essence),,,,,,TAL; RIN,Tal; Talaen; Belrin; Brosrin; Balrin; Rinvarash; Velrin; Phelrin; Vethrin; Kelrin,1,1,Tal Ilin talrin ser vaar.,We give an offering with peace.,,,,,,,,
XR-tarin,,Tarin,/tah-reen/,Noun,Yes,Dried sweetness; sun-preserved fruit,"Builds words for dried fruit sweetness, preserved sugars, and sun-concentrated food.",,,,,,,Voktarin,2,1,Phelkarin kal dren.,The porridge strengthens with water.,Voktarin nor dren.,The preserved dates rest by the water.,,,,,,
LX-V3-0039,,Tavan,/tah-vahn/,Noun,,Parent,Retain as-is.,,,,,,,,5,1,Tavan shalil nor Felka.,The parent moves lightly with the child.,Felka ser dren an Tavan.,The child is with the parent by the water.,Zhivorin nor dren an Tavan.,The sibling-in-law is with the parent by the water.,Felvin nor dren an Tavan.,The niece/nephew rests with the parent by the water.,Ravokhaen Tavan dren.,The parent desires water.
LX-V3-0047,,Tavojorin,/tah-voh-joh-reen/,Noun,,Parent-in-law,Tav (giver/source) + Jor (surge/connection) + -in (person).,,,,,,JOR,Jorlin; Jorvak; Jorkal; Jorvilor; Jorvalin; Joreth; Veljor; Jor,1,1,Tavojorin shalil nor dren an Belvok.,The parent-in-law rests with the family by the water.,,,,,,,,
LX-V3-0051,,Tavrel,/tahvrehl/,Noun,,Aunt/Uncle,Tav (giver/source) + rel (branch).,,,,,,,,1,1,Tavrel ser dren thal Felka.,The uncle/aunt is by the water with the child.,,,,,,,,
LX-V3-0029,,Tek,/tehk/,Particle,,"Just, Only, Merely (limiter).",Usage: Typically before the modified element.,,,,,,,,,1,,,,,,,,,,
DM-RM-V3-0014,,Ten-,/tehn-/,Prefix,,Tens prefix,,,,,,,,,,1,,,,,,,,,,
LX-V3-0143; XR-tenar,,Tenar,/teh-nahr/,Noun,Yes,Ten,,,,,,,,Tenarorin; Eshtenor,5,1,Tenarorin shal dren.,The glowing wine flows by the water.,Eshtenor nor dren.,The glowing seaweed rests by the water.,Tenar unar,11 (10 + 1),Tenar peth Ven tren,15 - 3 = 12,Tenar peth Ven tren dren nor shal.,Fifteen minus three waters under the light.
LX-V2-0164,,Tenarorin,/teh-nah-roh-reen/,Noun,,Glow Wine,Tenar + orin = radiant essence,,,,,,TENAR,Eshtenor; Tenar,2,1,Tenarorin shal dren.,The glowing wine flows by the water.,Tenarorin shal dren nor shal.,The glowing wine flows under the light by the water.,,,,,,
LX-V2-0176,,Terafennil,/teh-rah-fehnneel/,Noun,,Herb Stew,Terra = earth + fennil = leafy essence,,,,,,FENNIL; TERRA,Fennilphel; Fennil; Terra; Terradren; Terraesh; Teravin; Terrashaneth,1,1,Terafennil ser dren an Teremil.,The herb stew is shared with water at home.,,,,,,,,
LX-V2-0149,,Teravin,/teh-rah-veen/,Noun,,Root Vegetable,Terra + vin = earth-drawn,,,,,,TERRA; VIN,Terra; Terradren; Terraesh; Terafennil; Terrashaneth; Phelvin; Jekvin; Welvinor; Tharvin; Felvin,1,1,Teravin var dren.,The root vegetable grows by the water.,,,,,,,,
DX-teremil,,Teremil,/teh-reh-meel/,Noun,,Home,"Frequent conversational location word, often appearing in family and household examples.",,,,,,,,14,1,Lorlivok kal dren an Teremil.,The earthbake strengthens at home by the water.,Terafennil ser dren an Teremil.,The herb stew is shared with water at home.,Belvok ser dren an Teremil.,The family is together at home by the water.,Kalvok ser Belvok an Teremil.,The partner is with the family at home.,Belvethral ser dren thal Teremil.,The chosen family is by the water at home.
LX-V2-0080,,Terlin,/tehrleen/,Noun,,Island/beach,,,,,,,,,,1,,,,,,,,,,
LX-V2-0001; LX-V2-0073; LX-V4-0108; XR-terra,,Terra,/tehrrah/,Noun,Yes,Earth / Physical ground,,,,,,,,Terradren; Terraesh; Teravin; Terafennil; Terrashaneth,18,1,Moraen I an terra.,I stand on the ground.,Ver ohmaen Mechuma lian Thal Terra.,Mechuma does not honor the truth of the Balance of Terra.,Terrarav,the pull of one's homeland,Rinaen Terra vaar.,The Earth is peaceful / Peace exists on Earth.,Terra / terra,"Heart of Terra / mundane earth, soil, or ground"
LX-V2-0001; LX-V2-0073; LX-V4-0108; XR-terra,,Terra,/tehrrah/,Noun,Yes,The Heart of Terra / Mystical force,,,,,,,,Terradren; Terraesh; Teravin; Terafennil; Terrashaneth,18,2,Moraen I an terra.,I stand on the ground.,Ver ohmaen Mechuma lian Thal Terra.,Mechuma does not honor the truth of the Balance of Terra.,Terrarav,the pull of one's homeland,Rinaen Terra vaar.,The Earth is peaceful / Peace exists on Earth.,Terra / terra,"Heart of Terra / mundane earth, soil, or ground"
DM-RM-S3-0007,,terra- / Terra-,/tehrrah- / tehrrah-/,Noun,Yes,"Earth, ground, soil, land; lowercase terra is mundane physical ground; capitalized Terra is the world as living spiritual entity.",Current naming applied: Ohnosha is the current world name; Terra is the Celan world/sacred term; terra is physical land/ground.,,,,,,,Terra,5,1,Moraen I an terra.,I stand on the ground.,Ver ohmaen Mechuma lian Thal Terra.,Mechuma does not honor the truth of the Balance of Terra.,Terrarav,the pull of one's homeland,Rinaen Terra vaar.,The Earth is peaceful / Peace exists on Earth.,Terra / terra,"Heart of Terra / mundane earth, soil, or ground"
LX-V2-0142,,Terradren,/tehrrahdrehn/,Noun,,fertile soil/well-irrigated land,Terra + Dren,,,,,,TERRA; DREN,Terra; Terraesh; Teravin; Terafennil; Terrashaneth; Dren; Morldren; Peldren; Drenshal; Drenlivar,,1,,,,,,,,,,
LX-V2-0145,,Terraesh,/tehrrah-ehsh/,Noun,,horizon/place where earth meets sky,Terra + Esh,,,,,,TERRA; ESH,Terra; Terradren; Teravin; Terafennil; Terrashaneth; Esh; Eshtenor; Eshvilor; Eshthael; Eshvelor,,1,,,,,,,,,,
LX-V3-0109,,Terrashaneth,/tehrrahshah-nehth/,Noun,,Earth Blessing Ceremony,Derived From: Terra (earth) + shan (pass) + eth (sacred). Meaning: A ritual to bless the land and seek the ancestors' guidance.,,,,,,TERRA; SHAN,Terra; Terradren; Terraesh; Teravin; Terafennil; Velpralim; Dralshaneth; Shan,1,1,Terrashaneth lian nor Tharvok.,The Earth blessing speaks to the family.,,,,,,,,
DM-RM-V1-0004; DM-RM-V2-0035,,Tha-,/thah-/,Prefix,,Past Tense,Preserved as standalone root/morpheme because source clearly defines it.,,,,,,,,,1,,,,,,,,,,
LX-V2-0025; LX-V2-0060; DM-RM-V3-0008,,Thaal,/thahl/,Noun,,The Unknown / Wonder,,,,,,,,Thaal'ra; Thaalaen,2,1,I dren shaleth thaal.,My water is the brightest.,I dren shaleth thaal morldren.,My water is the brightest of the mountain waters.,,,,,,
LX-V2-0025; LX-V2-0060; DM-RM-V3-0008,,Thaal,/thahl/,Particle,,Superlative marker: most,,,,,,,,Thaal'ra; Thaalaen,2,2,I dren shaleth thaal.,My water is the brightest.,I dren shaleth thaal morldren.,My water is the brightest of the mountain waters.,,,,,,
LX-V3-0037,,Thaal'ra,/thah-ahl'rah/,Particle,,I wonder if... (speculation).,Usage: Typically sentence-initial.,,,,,,Thaal,Thaal; Thaalaen,1,1,Thaal'ra: I wonder if...,speculation,,,,,,,,
LX-V3-0101,,Thaalaen,/thah-ahlah-ehn/,Verb,,To Feel Awe / Wonder.,"Derivation: From Thaal (Wonder/Unknown) + -aen. Usage: Standard verb, follows VSO.",,,,,,Thaal; Aen,Thaal; Thaal'ra; Amthaen; Aen; Aenor; Aenvor; Ohmbaen; Lianaen; Thalaneshen; Velthaen,1,1,Thaalaen Ilin an Dral.,We wonder at the heavens.,,,,,,,,
XR-thael,,Thael,/thah-ehl/,Adjective,Yes,Gentle motion; breeze-like rhythm,"Builds words for breeze, gentle motion, rhythmic flow, and soft moving air.",,,,,,,Eshthael; Velthaelvok,2,1,Eshthael nor dren.,The breeze flows by the water.,Velthaelvok ser dren thal Velthaen.,The winter unity flows with the cold season.,,,,,,
XR-thaen,,Thaen,/thah-ehn/,Noun,Yes,Spirit-breath; still internal seasonality,"Builds words for seasonal spirit, inner breath, greeting warmth, and the living aura of a state.",,,,,,,Amthaen; Velthaen,2,1,Velthaen dren nor morl.,Winter flows by the mountain.,Velthaelvok ser dren thal Velthaen.,The winter unity flows with the cold season.,,,,,,
LX-V1-0017; LX-V2-0008; LX-V2-0023; LX-V2-0072; LX-V4-0109; XR-thal,,Thal,/thahl/,Noun,Yes,Balance / Harmony,,,,,,,,Thalaneshen; Thalshorin; Thalorim; Thal'vok; Thallian; Belthal; Thalbel; Thal-,42,1,talaen an thal,find balance,ver thal,without balance,Theon dren kal thal,The neutral person brings strength and balance.,Kadron var thal nor,The man stands in balance with time.,Tha-var La thal Terra.,
LX-V1-0017; LX-V2-0008; LX-V2-0023; LX-V2-0072; LX-V4-0109; XR-thal,,Thal,/thahl/,Preposition,Yes,From / Out of,,,,,,,,Thalaneshen; Thalshorin; Thalorim; Thal'vok; Thallian; Belthal; Thalbel; Thal-,42,2,talaen an thal,find balance,ver thal,without balance,Theon dren kal thal,The neutral person brings strength and balance.,Kadron var thal nor,The man stands in balance with time.,Tha-var La thal Terra.,
DM-RM-S3-0009,,Thal-,/thahl-/,Noun,Yes,"Balance, harmony, equilibrium; also preposition meaning From / Out of.",Source uses Ohnoshan worldview language; current naming applied.,,,,,,,Thal; Thalaneshen; Thalshorin; Thalorim; Thal'vok; Thallian; Belthal; Thalbel,2,1,talaen an thal,find balance,ver thal,without balance,,,,,,
LX-V3-0083,,Thal'talaen,/thahl'tah-lah-ehn/,Verb,,To sacrifice/relinquish (general verb).,,,,,,,Aen,Amthaen; Aen; Aenor; Aenvor; Ohmbaen; Lianaen; Thalaneshen; Velthaen; Wek'aen; Rathorimaen,,1,,,,,,,,,,
LX-V3-0084,,Thal'taleth,/thahl'tah-lehth/,Verb,,Act/Ritual of Sacrifice (general noun).,,,,,,,,,,1,,,,,,,,,,
LX-V3-0071,,Thal'vok,/thahl'vohk/,Noun,,Balanced Unity / Harmony Bond.,,,,,,,THAL,Thal; Thalaneshen; Thalshorin; Thalorim; Thallian; Belthal; Thalbel; Thal-,,1,,,,,,,,,,
LX-V3-0074,,Thal'vokaen,/thahl'voh-kah-ehn/,Verb,,To Harmonize / Achieve Balanced Unity.,,,,,,,Aen,Amthaen; Aen; Aenor; Aenvor; Ohmbaen; Lianaen; Thalaneshen; Velthaen; Wek'aen; Rathorimaen,,1,,,,,,,,,,
LX-V2-0139,,Thalaneshen,/thah-lah-nehshehn/,Noun,,Bargaining / Haggling / Balanced Trade Talk. The process of negotiating a fair price or exchange.,Thal (balance) + Aen (speak) + Shen(akar) (coinage - shortened) OR Thal + Vanesh + -en (abstract noun?),,,,,,VANESH; SHEN; THAL,Vaneshem; Vanesh; Belshen; Ka-Shen; Shen; Droshen; Shenlian; Kalshen; Rinshen; Thal,1,1,Var thalaneshen ser varadan.,Bargaining goes with the merchant.,,,,,,,,
LX-NE1-0031,National Expansion 1,Thalbel,/thahl-behl/,Noun,,Codified law; legal code,,Thal + Bel,Marakor,A formally bound system of law.,,,THAL; BEL,Thal; Thalaneshen; Thalshorin; Thalorim; Thal'vok; Thallian; Belthal; Thal-; Belrin; Belar,2,1,lorin thalbel Ilin.,The law guides us.,rinaen thalbel an Marakor.,The legal code is established in Marakor.,,,,,,
LX-V3-0027,,Thalka,/thahlkah/,Particle,,"But, However, Yet, Still (contrast).",Usage: Typically clause-initial.,,,,,,,,,1,,,,,,,,,,
LX-V4-0064,,Thallian,/thahllee-ahn/,Noun,,Justice (True Balance),Thal (balance) + Lian (truth),,,,,,THAL; LIAN,Thal; Thalaneshen; Thalshorin; Thalorim; Thal'vok; Belthal; Thalbel; Thal-; Lian; Lianaen,1,1,Ravokhaen Ilin thallian.,We desire justice.,,,,,,,,
LX-V2-0209,,Thalorim,/thah-loh-reem/,Noun,,Lightning,"A sudden, balanced flash of energy.",,,,,,THAL,Thal; Thalaneshen; Thalshorin; Thal'vok; Thallian; Belthal; Thalbel; Thal-,2,1,Thalorim kal dren.,The lightning strikes the water.,dralbelaen mekral thalorim.,The technician harnesses lightning.,,,,,,
LX-NE1-0026,National Expansion 1,Thalorimor,/thah-loh-reem-ohr/,Noun,,Lightning-management structure,,Thalorim + -or,Valkeldor,A Valkeldorian lightning tower or storm-energy station.,,,,,2,1,rinaen thalorimor an morl.,The lightning tower is in the mountains.,arth seren thalorimor.,The guardian protects the storm station.,,,,,,
LX-V2-0185,,Thalshorin,/thahlshoh-reen/,Noun,,Ice Stew,Thal = balance + shorin = preserved essence,,,,,,THAL,Thal; Thalaneshen; Thalorim; Thal'vok; Thallian; Belthal; Thalbel; Thal-,1,1,Thalshorin kal dren.,The ice stew strengthens by the water.,,,,,,,,
XR-tham,,Tham,/thahm/,Verb,Yes,Mashing; softening; breaking structure down,"Builds words for mashed, softened, crushed, or blended physical substance.",,,,,,,Velthamor,1,1,Velthamor nor dren thal morl.,The frozen root mash is by the water and mountain.,,,,,,,,
LX-V2-0007; LX-V2-0057; LX-V4-0115; XR-thar,,Thar,/thar/,Noun,Yes,Heart,,,,,,,,Tharmor; Tharvin; Veth'tharaen; Kreztharim; Morlatharim; Tharvelim; Thar-ka; Tharsharaen; Tharshara; Thar-,17,1,thar an kaleth,a strong heart / courage,thar an fah,a dark heart / despair,Aen Thar lian.,Trust your inner feelings; one's core nature reveals truth.,"Kal thar, morl lorin ser.","Strength of heart, the mountain guides us.",Thar Terra var shal nor.,The heart of the Earth goes with light in time.
LX-V2-0007; LX-V2-0057; LX-V4-0115; XR-thar,,Thar,/thar/,Modal,Yes,Want to,,,,,,,,Tharmor; Tharvin; Veth'tharaen; Kreztharim; Morlatharim; Tharvelim; Thar-ka; Tharsharaen; Tharshara; Thar-,17,2,thar an kaleth,a strong heart / courage,thar an fah,a dark heart / despair,Aen Thar lian.,Trust your inner feelings; one's core nature reveals truth.,"Kal thar, morl lorin ser.","Strength of heart, the mountain guides us.",Thar Terra var shal nor.,The heart of the Earth goes with light in time.
DM-RM-S3-0017,,Thar-,/thahr-/,Noun,Yes,"The physical heart; source of emotion, will, and true inner self.",Source uses Ohnoshan stories language; current naming applied.,,,,,,,Thar; Tharmor; Tharvin; Veth'tharaen; Kreztharim; Morlatharim; Tharvelim; Thar-ka; Tharsharaen; Tharshara,3,1,Morl + Thar -> Morlathar,Stoicism,thar an kaleth,a strong heart / courage,thar an fah,a dark heart / despair,,,,
LX-V4-0004,,Thar-ka,/thahr-kah/,Verb,,Desire (Want to),"""by heart's desire""",,,,,,THAR,Thar; Tharmor; Tharvin; Veth'tharaen; Kreztharim; Morlatharim; Tharvelim; Tharsharaen; Tharshara; Thar-,3,1,Var I thar-ka.,I want to go.,Ohmaen I an thar-ka.,I love my desire.,Rinaen I an Thar-ka.,I am Desire itself.,,,,
LX-V3-0085,,Thar'taleth,/thahr'tah-lehth/,Verb,,Life/Heart Sacrifice Ritual (noun).,,,,,,,,,,1,,,,,,,,,,
LX-V3-0127,,Tharfah,/thahrfahh/,Noun,,"""Weak-hearted"" or ""soft-rooted""; dismisses their gentle, nature-centric approach as sentimental.",Verdalrisians are mocked for being overly emotional or soft.,,,,,,,,,1,,,,,,,,,,
LX-V2-0175,,Tharmor,/thahrmohr/,Noun,,Rootbread,Thar = heart + mor = earth,,,,,,THAR; MOR,Thar; Tharvin; Veth'tharaen; Kreztharim; Morlatharim; Tharvelim; Thar-ka; Tharsharaen; Tharshara; Thar-,1,1,Tharmor nor dren kal morl.,The rootbread strengthens by the water and mountain.,,,,,,,,
OHC-0003,,Tharnspinners,/thahrnspeennehrs/,Noun,,Arachnid,"Ohnosha Forest; Small web-weaving arachnids whose patterned silk is culturally revered as a symbol of order and patience.; Cultural role: Symbol of order, patience, and careful making.",,,,,,,,,1,,,,,,,,,,
OHC-0005,,Tharokh,/thah-rohkh/,Noun,,Endurance Mount,Desert; Endurance mount of the desert; slender and long-legged with a water-storing ridge; used by nomads for long-distance travel.; Cultural role: Nomad travel mount and endurance symbol.,,,,,,,,,1,,,,,,,,,,
LX-CNE1-0014,Conversational Narrative Engine 1,Tharshara,/thahr-shah-rah/,Noun,,A choice; the course selected among alternatives,,Thar + Shara,Marakor,Used for personal household communal and civic choices.,,,SHARA; THAR,Shara; Belshara; Sharbel; Vershara; Sharaka; Shar; Kinnshara; Awekshara; Dralshara; Sharavok,2,1,rinaen dralshara tharshara.,The star route is the choice.,aen lorin tharshara.,The guide states the choice.,,,,,,
LX-CNE1-0013,Conversational Narrative Engine 1,Tharsharaen,/thahr-shah-rah-ehn/,Verb,,To decide or choose a course by an act of will,,Thar + Shara + -aen,Jasara,Used for selecting a travel rationing or practical course.,,,Aen; SHARA; THAR,Amthaen; Aen; Aenor; Aenvor; Ohmbaen; Lianaen; Thalaneshen; Velthaen; Wek'aen; Rathorimaen,4,1,tharsharaen I dralshara.,I choose the star route.,tharsharaen I droshen.,I choose the water ration.,tharsharaen I dralshara rethshara.,I choose the star route instead.,tharsharaen mekral lianbel.,The mechanic chooses the solution.,,
LX-V3-0123,,Tharvelim,/thahrveh-leem/,Noun,,Mountain Ancestor Ritual,Derived From: Thar (heart) + vel (wisdom) + im (essence). Meaning: A ceremony where the wisdom and strength of ancestors are invoked for guidance and protection.,,,,,,THAR; VEL,Thar; Tharmor; Tharvin; Veth'tharaen; Kreztharim; Morlatharim; Thar-ka; Tharsharaen; Tharshara; Thar-,1,1,Tharvelim lian dren an Terra.,The mountain ancestor ritual speaks to the Earth.,,,,,,,,
LX-V2-0201,,Tharvin,/thahrveen/,Noun,,Autumn,The balancing season; time of harvest.,,,,,,VIN; THAR,Phelvin; Teravin; Jekvin; Welvinor; Felvin; Xarfelvin; Verdvin; Vin; Thar; Tharmor,1,1,Tharvin nor dren kal morl.,Autumn balances the water with the mountain.,,,,,,,,
LX-V4-0084,,Tharvin-Wek,/thahrveen-wehk/,Noun,,Year,"Tharvin (Autumn) + Wek (Cycle). A full cycle of the seasons, marked by the harvest/balancing season.",,,,,,WEK,Weknor; Lunwek; Mahrowek; Belwek; Kalwek; Wek,1,1,Rinaen I Ten-del tharvinwek kaveth.,I am 20 years old.,,,,,,,,
DM-RM-V1-0003,,Thee,/theh-eh/,Noun,Yes,"Neutral essence (balance, unity).",Preserved as standalone root/morpheme because source clearly defines it.,,,,,,,Theon; Theefel,,1,,,,,,,,,,
LX-V1-0012,,Theefel,/theh-ehfehl/,Noun,,Neutral child (non-binary child),Refers to a child of neutral identity.,,,,,,Thee; FEL,Theon; Thee; Kadfel; Azfel; Felorin; Lianfel; Krezfel; Felin; Fel; Felka,1,1,Theefel pralmor an shal,The neutral child creates with the light.,,,,,,,,
LX-V1-0009,,Theon,/theh-ohn/,Noun,,Neutral person (non-binary),Represents balance or gender neutrality.,,,,,,Thee,Theefel; Thee,3,1,Theon dren kal thal,The neutral person brings strength and balance.,Theon ian kal nor dren,My neutral companion flows with the water.,Azron-Theon,A woman embodying neutrality and balance.,,,,
DM-RM-V3-0007,,Ther,/thehr/,Particle,,Comparative marker: more than,,,,,,,,Thera; Theraen,1,1,I dren shaleth ther La dren.,My water is brighter than their water.,,,,,,,,
LX-V2-0044,,Thera,/theh-rah/,Noun,,Longing / Yearning,,,,,,,Ther,Theraen; Ther,,1,,,,,,,,,,
LX-V3-0090,,Theraen,/theh-rah-ehn/,Verb,,To Long For / Yearn For.,"Derivation: From Thera (Longing) + -aen. Usage: Standard verb, follows VSO.",,,,,,Ther; Aen,Thera; Ther; Amthaen; Aen; Aenor; Aenvor; Ohmbaen; Lianaen; Thalaneshen; Velthaen,3,1,Theraen La Shalor.,They long for the Sanctuary.,Theraen I fel.,I long a little.,Theraen thar-ian an awek. Rinaen an-rin lian morlak kadreneth.,My heart longs for the spring. It feels like the truth of dry bread.,,,,
OHC-0012,,Thravic,/thrah-veec/,Noun,,Ambush Predator,Grassland; Camouflaged ambush predator that lies hidden in tall grass before striking with precision.; Cultural role: Grassland danger and precision strike symbol.,,,,,,,,,1,,,,,,,,,,
OHC-0018,,Thryssal,/thryssahl/,Noun,,Swamp Scavenger,Aquatic; Algae-cloaked swamp scavenger that helps purify decaying waters.; Cultural role: Wetland purifier and decay-tender.,,,,,,,,,1,,,,,,,,,,
DM-RM-V2-0028,,Tl-,/tl-/,Noun,Yes,"Movement, flow",,,,,,,,,,1,,,,,,,,,,
XR-tla,,Tla,/tlah/,Noun,Yes,Intimacy; closeness; unspoken connection,"Builds words for intimacy, trusted closeness, anticipation, and quietly held personal bonds.",,,,,,,Tlakorin; Tlakhura; Tla-,,1,,,,,,,,,,
DM-RM-V2-0023,,Tla-,/tlah-/,Noun,Yes,"Close, intimate connection",,,,,,,,Tlakorin; Tlakhura; Tla,,1,,,,,,,,,,
LX-V2-0126,,Tlakhura,/tlahkhoo-rah/,Noun,,"A bond shared between two people, unspoken yet strong",,,,,,,TLA,Tlakorin; Tla; Tla-,1,1,Tlakhura shal dren ser Zhivor.,A bond flows with the family.,,,,,,,,
LX-V2-0120,,Tlakorin,/tlah-koh-reen/,Noun,,Confidant or trusted companion,,,,,,,TLA,Tlakhura; Tla; Tla-,1,1,Tlakorin kal dren an Varthas.,The confidant strengthens the city.,,,,,,,,
LX-V2-0125,,Tlankor,/tlahnkohr/,Noun,,Ally or supporter during challenges,,,,,,,,,1,1,Tlankor kal dren ser Serin.,The ally strengthens by the water with friends.,,,,,,,,
LX-V2-0015,,Tlosen,/tloh-sehn/,Interjection,,"""Good evening""",,,,,,,,,,1,,,,,,,,,,
XR-torin,,Torin,/toh-reen/,Noun,Yes,Protein; meat; concentrated animal sustenance,"Builds words for meat, protein, dense sustenance, and concentrated animal nourishment.",,,,,,,Kreztorin,2,1,Kreztorin nor dren kal morl.,The smoked meat strengthens by the water.,Velkorin shal dren.,The ration flows lightly by the water.,,,,,,
XR-trak,,Trak,/trahk/,Noun,Yes,Tread; step; foot-borne movement,"Builds words for stepping, foot travel, shoes, and movement by tread.",,,,,,,Trakor,1,1,Ver var I ka trakor.,I do not go without shoes.,,,,,,,,
LX-V4-0039,,Trakor,/trah-kohr/,Noun,,"Shoes, Boots",Trak- (tread/step) + -or (place),,,,,,TRAK,Trak,1,1,Ver var I ka trakor.,I do not go without shoes.,,,,,,,,
LX-V3-0136; XR-tren,,Tren,/trehn/,Noun,Yes,Three,,,,,,,,,4,1,Ten-tren,30 (Three tens),Tenar peth Ven tren,15 - 3 = 12,Tenar peth Ven tren dren nor shal.,Fifteen minus three waters under the light.,Var Ilin an tren kinn.,We go in three days.,,
LX-V3-0134; XR-unar,,Unar,/oo-nahr/,Noun,Yes,One,,,,,,,,,9,1,Tenar unar,11 (10 + 1),Hek-unar,100 (One hundred),Mel-unar,"1,000 (One thousand)",Fen-unar,"10,000 (Ten thousand)",Hek-Mel-unar,"100,000 (One hundred thousand)"
DM-RM-V1-0011,,Va,/vah/,Particle,,Imperatives (Commands) start with Va,Preserved as standalone root/morpheme because source clearly defines it.,,,,,,,,12,1,Va var dren!,“Go to the water!”,Va jorkal an rath!,Command: Charge the enemy!,Va var dren!,Go to the water!,"Li-Ya, va var dren.","Respected one, please go to the water.",Va var kalor thal!,Go in strength and balance! (command)
LX-V2-0037; LX-V2-0041; LX-V4-0113; XR-vaar,,Vaar,/vah-ahr/,Noun,Yes,Peace / Unity,,,,,,,,Vaar'kelaen; Vaareth; Vaarlor,13,1,Rinaen lianor-ian vaareth.,My thought is good.,Var Ilin an vaarlor.,We go into safety.,Tal Ilin talrin ser vaar.,We give an offering with peace.,Vialaen Ilin ser vaar.,We rejoice in peace.,Vaar'kelaen I an shal.,I feel relief in the light.
LX-V2-0037; LX-V2-0041; LX-V4-0113; XR-vaar,,Vaar,/vah-ahr/,Adjective,Yes,Good,,,,,,,,Vaar'kelaen; Vaareth; Vaarlor,13,2,Rinaen lianor-ian vaareth.,My thought is good.,Var Ilin an vaarlor.,We go into safety.,Tal Ilin talrin ser vaar.,We give an offering with peace.,Vialaen Ilin ser vaar.,We rejoice in peace.,Vaar'kelaen I an shal.,I feel relief in the light.
LX-V2-0037; LX-V2-0041; LX-V4-0113; XR-vaar,,Vaar,/vah-ahr/,Interjection,Yes,Relief / Phew,,,,,,,,Vaar'kelaen; Vaareth; Vaarlor,13,3,Rinaen lianor-ian vaareth.,My thought is good.,Var Ilin an vaarlor.,We go into safety.,Tal Ilin talrin ser vaar.,We give an offering with peace.,Vialaen Ilin ser vaar.,We rejoice in peace.,Vaar'kelaen I an shal.,I feel relief in the light.
LX-V3-0106,,Vaar'kelaen,/vah-ahr'keh-lah-ehn/,Verb,,To Feel Relief.,"Derivation: From Vaar (Peace) + hypothetical kel (arrive) + -aen. Usage: Standard verb, follows VSO.",,,,,,Aen; VAAR; KEL,Amthaen; Aen; Aenor; Aenvor; Ohmbaen; Lianaen; Thalaneshen; Velthaen; Wek'aen; Rathorimaen,1,1,Vaar'kelaen I an shal.,I feel relief in the light.,,,,,,,,
LX-V3-0102,,Vaaranoraen,/vah-ahrah-noh-rah-ehn/,Verb,,To Feel Contentment / Inner Peace.,"Derivation: Hypothetical noun Vaaranor (Inner Peace) + -aen. Usage: Standard verb, follows VSO.",,,,,,Aen,Amthaen; Aen; Aenor; Aenvor; Ohmbaen; Lianaen; Thalaneshen; Velthaen; Wek'aen; Rathorimaen,1,1,Vaaranoraen Velar ser teremil.,The elder feels content with the meal.,,,,,,,,
LX-V4-0028,,Vaareth,/vah-ahrehth/,Adjective,,"Good, Peaceful, Harmonious",Vaar (peace/unity) + -eth,,,,,,VAAR,Vaar; Vaar'kelaen; Vaarlor,4,1,Rinaen lianor-ian vaareth.,My thought is good.,Rinaen velrathor vaareth.,The memory is good.,rinaen zhirath vaareth.,The result is good.,rinaen lianbel vaareth.,The solution is good.,,
LX-V4-0073,,Vaarlor,/vah-ahrlohr/,Noun,,Safety (A place of peace),Vaar (peace) + -lor (place),,,,,,VAAR,Vaar; Vaar'kelaen; Vaareth,1,1,Var Ilin an vaarlor.,We go into safety.,,,,,,,,
DM-RM-V4-0002,,vael,/vah-ehl/,Particle,,Subjunctive mood: wishes/hypotheticals,,,,,,,,,3,1,Vael vaar an shara-ya.,May peace be on your path.,"Vael rinaen I an eshlin, varal I an esh.","If I were a bird, I would be going to the sky.",Vael aen Ya.,May you speak / Please speak.,,,,
XR-van,,Van,/vahn/,Noun,Yes,Commercial site; market-space; shop-place,"Builds words for market-space, shop-place, and locations dedicated to commerce or exchange.",,,,,,,,5,1,Felorin vanesh dren an Evan.,The berries trade at the market.,Shalithor kal dren an Evan.,The sunlight strengthens at the market.,Ra var shenakar evan?,Where is the coinage in the market?,Aelin liorin var emil eshvan.,The youth follows the teacher to the shop for food.,"Emil ka shena, var Eshvan nor.",No food coins? I will go to the shop soon.
XR-vanesh,,Vanesh,/vah-nehsh/,Noun,Yes,Commerce; formal trade; merchant work,"Builds words for trade, market action, bargaining, goods, and merchant activity.",,,,,,,Vaneshem; Thalaneshen,17,1,Vanesh Ilin ka-shen lialor.,We trade via barter indeed.,Var Varadan vaneshem an Varthas.,The Merchant brings goods into the City.,Var thalaneshen ser varadan.,Bargaining goes with the merchant.,Brosrin vanesh dren.,The layered food trades by the water.,Jelvor vanesh dren.,The zesty spice trades by the water.
LX-V2-0138,,Vaneshem,/vah-nehshehm/,Noun,,Goods / Wares / Trade Items. The physical products being exchanged.,"Vanesh (trade) + -em (perhaps related to emil food, or a general marker for 'items')",,,,,,VANESH,Thalaneshen; Vanesh,1,1,Var Varadan vaneshem an Varthas.,The Merchant brings goods into the City.,,,,,,,,
LX-V1-0015; LX-V2-0034; LX-V2-0063; LX-V3-0010; LX-V4-0099,,Var,/var/,Verb,,Go / Move,Formal/purposeful use: deliberate or directed movement.,,,,,,,Pelvar; Xilvar; Drenvaraen; Shalvar; Vethvar; Varnor; Var-,150,1,Var I an vaar,I go in peace / I am peaceful,Var I dren.,“I go to the water.”,Ra var ser?,"""Where does the friend go?""",Kadron var thal nor,The man stands in balance with time.,Tha-var I dren.,“I went to the water.”
LX-V1-0015; LX-V2-0034; LX-V2-0063; LX-V3-0010; LX-V4-0099,,Var,/var/,Preposition,,To / Towards,,,,,,,,Pelvar; Xilvar; Drenvaraen; Shalvar; Vethvar; Varnor; Var-,150,2,Var I an vaar,I go in peace / I am peaceful,Var I dren.,“I go to the water.”,Ra var ser?,"""Where does the friend go?""",Kadron var thal nor,The man stands in balance with time.,Tha-var I dren.,“I went to the water.”
DM-RM-S3-0018,,Var-,/vahr-/,Verb,Yes,"To go, move, travel; also preposition to/towards; action and existence.",Conceptual layer preserved; links to existing Var verb/preposition rows.,,,,,,,Var; Pelvar; Xilvar; Drenvaraen; Shalvar; Vethvar; Varnor,3,1,Var I an vaar,I go in peace / I am peaceful,Var an shara,to go on a path,Var Kadron an morl.,The Man goes to the mountain.,,,,
LX-V3-0026,,Vara,/vah-rah/,Particle,,"Then, Next, So (sequencer).",Usage: Typically clause-initial.,,,,,,,,,1,,,,,,,,,,
DX-varadan,,Varadan,/vah-rah-dahn/,Noun,,Merchant,"Frequent marketplace word for the person who trades, bargains, or brings goods.",,,,,,,,6,1,Var Varadan vaneshem an Varthas.,The Merchant brings goods into the City.,Var thalaneshen ser varadan.,Bargaining goes with the merchant.,Tal Varadan vellian an Ilan.,The Merchant offers quality goods to the Student.,Varadan nor var vanesh ser.,The merchant will trade with you.,Varadan nor-var ser shenakar.,The merchant will come to you with coinage.
LX-V2-0021,,Varash,/vah-rahsh/,Noun,,Future / Prophecy,,,,,,,ASH,Lorash; Rinvarash; Rathorkinash; Morl-karash,2,1,Ra rethaen Ya nor Varash?,Do you worry about the future?,"Aen Ya varash, Ser.","State your destination, Friend.",,,,,,
LX-V3-0125,,Varkareth,/vahrkah-rehth/,Noun,,"""Metal-mover"" or ""gear-grinder""; implies reliance on machines and lack of natural warmth.",Used to insult Mechuma's heavy technological dependence over natural wisdom.,,,,,,,,,1,,,,,,,,,,
LX-CNE1-0040,Conversational Narrative Engine 1,Varnor,/vahr-nohr/,Preposition,,Until or up to a specified time or event,,Var + Nor,Jasara,Used to set a temporal endpoint for waiting work travel or rationing.,,,NOR; Var-,Nor; Weknor; Athnor; Nethnor; Shalnor; Vethnor; Sernor; Nor-; nor-ka; Var,2,1,dar sharavok varnor mahrwek.,The caravan waits until the tide.,pralaen I varnor kilveth.,I work until evening.,,,,,,
LX-V2-0029,,Varok,/vah-rohk/,Verb,,Command / Direct,,,,,,,,,1,1,Krezaen Kadron an varok.,The man rages at the command.,,,,,,,,
LX-V2-0082,,Varthas,/vahrthahs/,Noun,,City / Town,,,,,,,,,9,1,Varan I an Varthas.,,Nor-var I nor Varthas.,,Tlakorin kal dren an Varthas.,The confidant strengthens the city.,Mbalan ser dren an Varthas.,The community leader stands by the water in the city.,Var Varadan vaneshem an Varthas.,The Merchant brings goods into the City.
LX-V3-0023,,Varthen,/vahrthehn/,Particle,,“So” or “Thus.”,"“Varthen, Ya var dren?” – “So, you go to the water?”",,,,,,,,1,1,"Varthen, Ya var dren?","So, you go to the water?",,,,,,,,
OHC-0004,,Veilgliders,/veh-eelglee-dehrs/,Noun,,Gliding Insectivore,Ohnosha Forest; Nocturnal gliding insectivores with transparent shimmering wings that move silently through the canopy and leave glowing spores behind.; Cultural role: Canopy night-life creature associated with quiet motion.,,,,,,,,,1,,,,,,,,,,
XR-vek,,Vek,/vehk/,Noun,Yes,Carrier; vessel; transported charge or substance,"Builds words for vessels, carriers, bars, and objects that hold or transport substance or energy.",,,,,,,Zhelvek; Mahrvek; Karvek; Vekaen,1,1,Zhelvek kal dren.,The energy bar strengthens with water.,,,,,,,,
LX-CNE1-0002,Conversational Narrative Engine 1,Vekaen,/veh-kah-ehn/,Verb,,To carry or transport while retaining responsibility for what is moved,,Vek + -aen,Pelagae,Used for carrying cargo between shore and vessel.,,,Aen; VEK,Amthaen; Aen; Aenor; Aenvor; Ohmbaen; Lianaen; Thalaneshen; Velthaen; Wek'aen; Rathorimaen,2,1,vekaen I karvek.,I carry the toolkit.,vekaen sharavok mormek.,The caravan carries the worked stone.,,,,,,
XR-vel,,Vel,/vehl/,Noun,Yes,Wisdom; stillness; cold endurance,"Builds words for elderhood, cold stillness, memory, and age-earned wisdom or endurance.",,,,,,,Xarvel; Vellian; Velrin; Velithor; Velmek; Velthamor; Velkorin; Velkrin; Velthaen; Velarshor,2,1,Arth Vel vaar.,Calm endurance preserves peace; find strength in stillness (Nivveil).,Var I an phelvin. Arth vel vaar.,I am going for a warm drink. Calm endurance preserves peace.,,,,,,
LX-V3-0067,,Vel'rathor,/vehl'rahthohr/,Noun,,Enduring Memory / Still Past.,,,,,,,VEL,Xarvel; Vellian; Velrin; Velithor; Velmek; Velthamor; Velkorin; Velkrin; Velthaen; Velarshor,,1,,,,,,,,,,
LX-V4-0052,,Velaen,/veh-lah-ehn/,Verb,,"To Eat, To take sustenance",Vel (sustenance) + -aen,,,,,,Aen; VEL,Amthaen; Aen; Aenor; Aenvor; Ohmbaen; Lianaen; Thalaneshen; Velthaen; Wek'aen; Rathorimaen,4,1,Velaen Ilin morlak.,We eat the bread.,Velaen Ilin an morlak.,We [you and I] are eating the bread.,Velaen vethral vershara.,The pack hunter eats the prey animal.,tha-velaen I morlak athnor.,I already ate the bread.,,
LX-NE1-0024,National Expansion 1,Velalivar,/vehl-ah-lee-vahr/,Noun,,Preservation through cold or dormancy,,Vel + Livar,Nivveil,"Nivveilian cold storage; Verdalrisian preservation of seeds, herbs, or specimens.",Vellivar,/vehl-lee-vahr/,LIVAR; VEL,Drenlivar; Livar; Xarvel; Vellian; Velrin; Velithor; Velmek; Velthamor; Velkorin; Velkrin,2,1,rinaen emil an velalivar.,The food is in cold storage.,rinaen fennil an velalivar.,The herbs are preserved through cold dormancy.,,,,,,
LX-V3-0042,,Velar,/veh-lahr/,Noun,,Elder/Grandparent,Retain as-is.,,,,,,VEL,Xarvel; Vellian; Velrin; Velithor; Velmek; Velthamor; Velkorin; Velkrin; Velthaen; Velarshor,5,1,Velar shalil nor dren.,The elder moves lightly by the water.,Velpralor kal dren nor Velar.,The elder partner strengthens with the elder by the water.,Nkathalaen Velar rathor.,The elder grieves for the past.,Vaaranoraen Velar ser teremil.,The elder feels content with the meal.,Aen velar lianbelrin.,The elder speaks the story/book.
LX-V2-0206,,Velarshor,/veh-lahrshohr/,Noun,,Fog,"A quiet, enveloping mist.",,,,,,ARSHOR; VEL,Arshor; Xarvel; Vellian; Velrin; Velithor; Velmek; Velthamor; Velkorin; Velkrin; Velthaen,1,1,Velarshor dren thal morl.,The mist rests over the mountain.,,,,,,,,
LX-V4-0046,,Velek,/veh-lehk/,Adjective,,White,Inspired by Velk (ice),,,,,,,,1,1,Rinaen morlak velek.,The bread is white.,,,,,,,,
LX-V4-0031,,Veleth,/veh-lehth/,Adjective,,"Cold, Cool, Slow",Vel- (cold/stillness) + -eth,,,,,,VEL,Xarvel; Vellian; Velrin; Velithor; Velmek; Velthamor; Velkorin; Velkrin; Velthaen; Velarshor,2,1,Rinaen velk veleth.,The ice is cold.,rinaen velmor veleth nethnor.,The frozen ground is still cold.,,,,,,
LX-V3-0064,,Velian,/veh-lee-ahn/,Possessive,,Our / Direct Possession marker,,,,,,,,,,1,,,,,,,,,,
LX-V2-0163,,Velithor,/veh-leethohr/,Noun,,Strong Ale,Vel + ithor = energy strength; unchanged,,,,,,VEL,Xarvel; Vellian; Velrin; Velmek; Velthamor; Velkorin; Velkrin; Velthaen; Velarshor; Drenvelesh,2,1,Velithor nor dren.,The ale rests by the water.,"Var I an velithor. Rinaen thar-ian moreth, ser vaar ka.",I'm going for strong ale. My spirit is hard/unsettled and lacks comfort.,,,,,,
LX-NE1-0025,National Expansion 1,Veljor,/vehl-johr/,Noun,,Sudden freeze; cold snap,,Vel + Jor,Nivveil,A brief and forceful onset of freezing weather.,,,VEL; JOR,Xarvel; Vellian; Velrin; Velithor; Velmek; Velthamor; Velkorin; Velkrin; Velthaen; Velarshor,4,1,arth xarphelor Ilin thal veljor.,The insulated shelter protects us from the cold snap.,rinaen veljor nor.,The sudden freeze is here now.,xaraen I xarphelor shalnor veljor.,I close the shelter before the cold snap.,kaxaraen I xarphelor vethnor veljor.,I open the shelter after the cold snap.,,
LX-V2-0078,,Velk,/vehlk/,Noun,,Ice/Frozen water,,,,,,,,,2,1,Rinaen velk veleth.,The ice is cold.,Arth xaresh I thal velk.,The cloak protects me from the ice.,,,,,,
LX-V3-0044,,Velkavor,/vehlkah-vohr/,Noun,,Ancestor / Great-grandparent,Vel (wisdom) + kav (preserved/ancient) + or (time).,,,,,,KAV; VEL,Kaveth; Drokav; Liankavor; Kavral; Kav; Xarvel; Vellian; Velrin; Velithor; Velmek,1,1,Velkavor lian nor Terra.,The ancestor speaks to the Earth.,,,,,,,,
LX-V2-0189,,Velkorin,/vehlkoh-reen/,Noun,,Military Ration,Vel = energy + korin = prepared for travel,,,,,,VEL,Xarvel; Vellian; Velrin; Velithor; Velmek; Velthamor; Velkrin; Velthaen; Velarshor; Drenvelesh,1,1,Velkorin shal dren.,The ration flows lightly by the water.,,,,,,,,
LX-V2-0196,,Velkrin,/vehlkreen/,Noun,,Fermented Drink,Vel = sustenance + krin = aged/fermented,,,,,,VEL,Xarvel; Vellian; Velrin; Velithor; Velmek; Velthamor; Velkorin; Velthaen; Velarshor; Drenvelesh,1,1,Velkrin nor dren.,The fermented drink rests by the water.,,,,,,,,
LX-V2-0141,,Vellian,/vel-lee-ahn/,Noun,,"Quality Goods / Honest Value / True Sustenance. Refers to goods considered high quality, fairly priced, or genuinely valuable.",Vel (sustenance/food or wisdom/value?) + Lian (truth/honesty),,,,,,LIAN; VEL,Lian; Lianaen; Lianfel; Lianor; Lianeth; Lianbelrin; Thallian; Shenlian; Liankavor; Worlian,1,1,Tal Varadan vellian an Ilan.,The Merchant offers quality goods to the Student.,,,,,,,,
LX-V3-0059; LX-V4-0062,,Velmarin,/vehlmah-reen/,Noun,,Ancient Tree (species),Vel (wisdom) + Marin (branch),,,,,,MARIN; VEL,Velmarineth; Marin; Xarvel; Vellian; Velrin; Velithor; Velmek; Velthamor; Velkorin; Velkrin,5,1,Velmarin shalil nor dren.,The honorary elder moves lightly by the water.,Rinaen velmarin kaveth.,The ancient tree is old.,Aenaen I eshlin an velmarin.,I hear a bird in the ancient tree.,var an Velmarin an verdor.,An Honorary Elder walks in the forest.,Aen Velmarin.,The Honorary Elder speaks.
LX-V3-0059; LX-V4-0062,,Velmarin,/vehlmah-reen/,Noun,,Honorary Elder,Vel (wisdom) + mar (branch) + in (connected).,,,,,,MARIN; VEL,Velmarineth; Marin; Xarvel; Vellian; Velrin; Velithor; Velmek; Velthamor; Velkorin; Velkrin,5,2,Velmarin shalil nor dren.,The honorary elder moves lightly by the water.,Rinaen velmarin kaveth.,The ancient tree is old.,Aenaen I eshlin an velmarin.,I hear a bird in the ancient tree.,var an Velmarin an verdor.,An Honorary Elder walks in the forest.,Aen Velmarin.,The Honorary Elder speaks.
LX-V3-0116,,Velmarineth,/vehlmah-ree-nehth/,Noun,,Elder's Blessing,Derived From: Vel (wisdom) + marin (branch) + eth (sacred). Meaning: A ceremony where elders bless the younger branches of the family tree.,,,,,,MARIN; VEL,Velmarin; Marin; Xarvel; Vellian; Velrin; Velithor; Velmek; Velthamor; Velkorin; Velkrin,1,1,Velmarineth lian nor Felka.,The elder's blessing speaks to the child.,,,,,,,,
LX-V2-0168,,Velmek,/vehlmehk/,Noun,,Synthetic Protein,Vel = sustenance + mek = forged,,,,,,MEK; VEL,Zhelvek; Mekral; Mormek; Mek; Xarvel; Vellian; Velrin; Velithor; Velthamor; Velkorin,1,1,Velmek nor dren an Evan.,The synthetic protein is traded at the market.,,,,,,,,
LX-NE1-0021,National Expansion 1,Velmor,/vehl-mohr/,Noun,,Frozen ground; permafrost,,Vel + Mor,Nivveil,Ground held in enduring cold.,,,MOR; VEL,Kinnmor; Brenmor; Pralmor; Welmor; Morlak; Belmor; Tharmor; Morthas; Morvenak; Krezmorath,3,1,rinaen velmor moreth.,The frozen ground is hard.,var I esh velmor.,I travel over the frozen ground.,rinaen velmor veleth nethnor.,The frozen ground is still cold.,,,,
LX-V3-0110,,Velpralim,/vehlprah-leem/,Noun,,Wisdom Transfer Ritual,Derived From: Vel (wisdom) + pral (intricacy) + im (essence). Meaning: A ceremony for elders to pass their knowledge to younger generations.,,,,,,SHAN; PRAL; VEL,Terrashaneth; Dralshaneth; Shan; Pralmor; Pralvinor; Pralin; Velpralor; Pralvokesh; Pralor; Pralaen,1,1,Velpralim shan dren an Zhirelorim.,The wisdom transfer passes to the coming-of-age ritual.,,,,,,,,
LX-V3-0050,,Velpralor,/vehlprah-lohr/,Noun,,Elder Partner,Vel (wisdom) + pral (intricacy) + or (time).,,,,,,PRAL; VEL,Pralmor; Pralvinor; Pralin; Pralvokesh; Velpralim; Pralor; Pralaen; Pral; Rethpral; Pralaen-,1,1,Velpralor kal dren nor Velar.,The elder partner strengthens with the elder by the water.,,,,,,,,
LX-V4-0067,,Velrathor,/vehlrahthohr/,Noun,,Memory,Vel (enduring) + Rathor (past),,,,,,VEL,Xarvel; Vellian; Velrin; Velithor; Velmek; Velthamor; Velkorin; Velkrin; Velthaen; Velarshor,1,1,Rinaen velrathor vaareth.,The memory is good.,,,,,,,,
LX-V2-0148,,Velrin,/vehlreen/,Noun,,Meal/Food,general; unchanged; Vel + rin = sustenance essence,,,,,,RIN; VEL,Belrin; Brosrin; Balrin; Talrin; Rinvarash; Phelrin; Vethrin; Kelrin; Rinshen; Rin,2,1,Velrin kal dren an Serin.,The food strengthens with friends by the water.,Ra aen Ya belshen velrin?,Do you speak the price of the food?,,,,,,
OHC-0006,,Velshen,/vehlshehn/,Noun,,Burrowing Creature,Desert; Armored burrowing moisture-hoarder with spade-like claws; survives by digging deep and conserving water internally.; Cultural role: Desert survival and conservation figure.,,,,,,,,,1,,,,,,,,,,
LX-V3-0121,,Velterim,/vehlteh-reem/,Noun,,Desert Passage Ceremony,"Derived From: Vel (stillness/cold) + ter (journey) + im (essence). Meaning: A coming-of-age ritual where individuals complete a journey across the desert, symbolizing growth and resilience.",,,,,,VEL,Xarvel; Vellian; Velrin; Velithor; Velmek; Velthamor; Velkorin; Velkrin; Velthaen; Velarshor,1,1,Velterim shan dren nor Zhirelorim.,The desert passage passes to the coming-of-age ritual.,,,,,,,,
LX-V3-0117,,Velthaelvok,/vehlthah-ehlvohk/,Noun,,Winter Unity Ceremony,Derived From: Vel (cold) + thael (motion) + vok (unity). Meaning: A ritual for families to renew bonds during the harsh winter season.,,,,,,THAEL; VOK; VEL,Eshthael; Thael; Lorlivok; Voktarin; Belvok; Kalvok; Kalvokesh; Pralvokesh; Vokaen; Drenvokesh,1,1,Velthaelvok ser dren thal Velthaen.,The winter unity flows with the cold season.,,,,,,,,
LX-V2-0202,,Velthaen,/vehlthah-ehn/,Noun,,Winter,The season of cold and spiritual stillness.,,,,,,THAEN; Aen; VEL,Amthaen; Thaen; Aen; Aenor; Aenvor; Ohmbaen; Lianaen; Thalaneshen; Wek'aen; Rathorimaen,2,1,Velthaen dren nor morl.,Winter flows by the mountain.,Velthaelvok ser dren thal Velthaen.,The winter unity flows with the cold season.,,,,,,
LX-V2-0183,,Velthamor,/vehlthah-mohr/,Noun,,Frozen Root Mash,Vel = sustenance + tham = mashed + or = earth,,,,,,THAM; VEL,Tham; Xarvel; Vellian; Velrin; Velithor; Velmek; Velkorin; Velkrin; Velthaen; Velarshor,1,1,Velthamor nor dren thal morl.,The frozen root mash is by the water and mountain.,,,,,,,,
LX-V3-0054,,Velxorin,/vehlxoh-reen/,Noun,,Elder Ancestor,Vel (wisdom) + xor (hidden) + in (person).,,,,,,VEL,Xarvel; Vellian; Velrin; Velithor; Velmek; Velthamor; Velkorin; Velkrin; Velthaen; Velarshor,1,1,Velxorin lian nor Terra.,The elder ancestor speaks to the Earth.,,,,,,,,
LX-CNE1-0017,Conversational Narrative Engine 1,Velzhiraen,/vehl-zhee-rah-ehn/,Verb,,To remember or retain a fact person event or intention in memory,,Vel + Zhir + -aen,Nivveil,Used for retaining routes names accounts and practical intentions.,,,Aen; ZHIR; VEL,Amthaen; Aen; Aenor; Aenvor; Ohmbaen; Lianaen; Thalaneshen; Velthaen; Wek'aen; Rathorimaen,2,1,velzhiraen I dralshara.,I remember the star route.,velzhiraen kavral rinshen.,The record keeper remembers the identity record.,,,,,,
DM-RM-V3-0019,,Ven,/vehn/,,,Subtraction marker meaning minus/subtract,Corrected to match the actual subtraction pattern used elsewhere in the canon data.,,,,,,,Oven; Venak,4,1,Hek-quen Ven Hek-del,400 - 200 = 200,Tenar peth Ven tren,15 - 3 = 12,Tenar peth Ven tren dren nor shal.,Fifteen minus three waters under the light.,Mel-quen Ven Hek-peth,"4,000 - 500 = 3,500",,
XR-venak,,Venak,/veh-nahk/,Noun,Yes,Warmth-vessel; held heat; stew-state,"Builds words for stew-like dishes, warm held mixtures, and food gathered into a vessel-form.",,,,,,,Worvenak; Morvenak,2,1,Worvenak kal dren.,The abundant stew strengthens by the water.,Morvenak kal dren.,The porridge strengthens with water.,,,,,,
DM-RM-V1-0009,,Ver,/vehr/,Particle,,Negation before the verb or noun,Preserved as standalone root/morpheme because source clearly defines it.,,,,,,,,13,1,Ver var I dren.,“I do not go to the water.”,Ver shal I dren.,“There is no light at the water.”,Ra ver var ser?,“Does the friend not go?”,"Ver var I dren, Li-Ser.","I cannot go to the water, respected friend.","Lianlor, Ver var I dren.","Honestly, I do not go to the water."
DM-RM-V2-0037,,Ver-,/vehr-/,Prefix,,Negation,,,,,,,,,,1,,,,,,,,,,
XR-verd,,Verd,/vehrd/,Noun,Yes,Foliage; forest growth; botanical life,"Builds words for forests, foliage, green growth, and plant-dominant landscapes.",,,,,,,Verdor; Verdeth; Verdvin; Belverd; Arthverd,2,1,Rinaen xaresh verdeth.,The cloak is green.,rinaen verdvin an verd.,The sap is in the foliage.,,,,,,
LX-V4-0043,,Verdeth,/vehrdehth/,Adjective,,Green,Inspired by Verdor (forest),,,,,,VERD,Verdor; Verdvin; Belverd; Arthverd; Verd,3,1,Rinaen xaresh verdeth.,The cloak is green.,Rinaen belkor-ian verdeth.,My tunic is green.,rinaen arthverd verdeth.,The living barrier is green.,,,,
LX-V2-0075,,Verdor,/vehrdohr/,Noun,,forest place/realm,,,,,,,VERD,Verdeth; Verdvin; Belverd; Arthverd; Verd,8,1,Ra var rathvethor an Verdor?,Is there a hidden enemy in the forest?,Shalaen I vethral an verdor.,I see the pack hunter in the forest.,Rinaen zhaelin krelek an verdor.,The red flower is in the forest.,var an Velmarin an verdor.,An Honorary Elder walks in the forest.,rinaen belewek an verdor.,The managed cycle is present in the forest growth.
LX-NE1-0016,National Expansion 1,Verdvin,/vehrd-veen/,Noun,,Sap; plant extract,,Verd + Vin,Verdalris,A fluid drawn from botanical life.,,,VERD; VIN,Verdor; Verdeth; Belverd; Arthverd; Verd; Phelvin; Teravin; Jekvin; Welvinor; Tharvin,2,1,rinaen verdvin an verd.,The sap is in the foliage.,tal zhaelral verdvin.,The restorative healer takes the plant extract.,,,,,,
LX-V3-0133,,Verin,/veh-reen/,Noun,,Zero,,,,,,,,,,1,,,,,,,,,,
LX-V3-0036,,Verka,/vehrkah/,Particle,,Not at all! Absolutely not! (emphatic negation).,Usage: Response marker.,,,,,,,,,1,,,,,,,,,,
LX-V3-0100,,Vershalaen,/vehrshah-lah-ehn/,Verb,,To Despair / Lose Hope.,"Derivation: From Ver- (Negation) + Shal (Light/Hope) + -aen. Usage: Standard verb, follows VSO.",,,,,,Aen; SHAL,Amthaen; Aen; Aenor; Aenvor; Ohmbaen; Lianaen; Thalaneshen; Velthaen; Wek'aen; Rathorimaen,1,1,Vershalaen La nor fah.,They despair in the darkness.,,,,,,,,
LX-V4-0059,,Vershara,/vehrshah-rah/,Noun,,Prey Animal (deer-like),Verdor (forest) + Shara (path),,,,,,SHARA,Shara; Belshara; Sharbel; Sharaka; Shar; Kinnshara; Awekshara; Dralshara; Sharavok; Sharaen,1,1,Velaen vethral vershara.,The pack hunter eats the prey animal.,,,,,,,,
XR-veth,,Veth,/vehth/,Noun,Yes,Shade; mystery; hidden or sleeping things,"Builds words for shadow, sleep, hiddenness, mystery, stalking, and the unseen.",,,,,,,Vethhar; Vethsoril; Xarvethral; Belvethral; Veth'tharaen; Shalorveth; Vethral; Vethrin; Vethdren; Vethvar,6,1,Vethhar nor dren.,The shadowspice rests by the water.,Xarvethral ser Felka thal dren.,The adoptive parent is with the child by the water.,Belvethral ser dren thal Teremil.,The chosen family is by the water at home.,Nor-vethoraen Ilin an nethlor.,We will sleep on the beds.,Tal I kilvlum dren nor veth.,I drink at midnight by the water's shadow.
LX-V3-0104,,Veth'tharaen,/vehth'thah-rah-ehn/,Verb,,To Feel Shame / Guilt.,"Derivation: From Veth (Shadow) + Thar (Heart) + -aen. Usage: Standard verb, follows VSO.",,,,,,Aen; VETH; THAR,Amthaen; Aen; Aenor; Aenvor; Ohmbaen; Lianaen; Thalaneshen; Velthaen; Wek'aen; Rathorimaen,1,1,Veth'tharaen Kadron nor lian ver.,The man feels shame for the untruth.,,,,,,,,
LX-NE1-0040,National Expansion 1,Vethdren,/vehth-drehn/,Noun,,Concealed or subterranean water,,Veth + Dren,Zarithan,A hidden survival source in Zarithan; a protected underground supply in Jasara.,,,DREN; VETH,Dren; Morldren; Peldren; Terradren; Drenshal; Drenlivar; Drenkor; Drenalor; Drenvelesh; Drenvokesh,2,1,var sharavok an vethdren.,The caravan goes to the hidden water source.,arth Jasara vethdren.,Jasara protects the subterranean water.,,,,,,
LX-V2-0161,,Vethhar,/vehthhahr/,Noun,,Shadowspice,Veth + har = mystical vitality,,,,,,VETH,Vethsoril; Xarvethral; Belvethral; Veth'tharaen; Shalorveth; Vethral; Vethrin; Vethdren; Vethvar; Vethnor,1,1,Vethhar nor dren.,The shadowspice rests by the water.,,,,,,,,
LX-CNE1-0038,Conversational Narrative Engine 1,Vethnor,/veth-nohr/,Preposition,,After or later than a reference event or time,,Veth + Nor,Nivveil,Used to order work meetings and travel after weather darkness or another event.,Vethanor,/veth-ah-nohr/,VETH; NOR,Vethhar; Vethsoril; Xarvethral; Belvethral; Veth'tharaen; Shalorveth; Vethral; Vethrin; Vethdren; Vethvar,2,1,var I vethnor kilveth.,I go after evening.,kaxaraen I xarphelor vethnor veljor.,I open the shelter after the cold snap.,,,,,,
LX-V2-0009; LX-V2-0067; LX-V4-0117,,Vethor,/vehthohr/,Noun,,Shadow / Mystery,,,,,,,Fah- / Vethor-,Fah,4,1,Lorin Ilin belshara an vethor.,Guide us in the coordinated maneuver through the shadow.,Fahaen I Vethor.,I fear the Shadow.,Var Rathor ser Vethor.,"History is complex, often holds darkness or mystery; the past is inescapable.","Lia, var I an Drenkorath. Rinaen vethor an thar-ian.","Yes, I go to the sacred Spring. There is a shadow in my heart.",,
LX-V2-0009; LX-V2-0067; LX-V4-0117,,Vethor,/vehthohr/,Verb,,Sleep,,,,,,,Fah- / Vethor-,Fah,4,2,Lorin Ilin belshara an vethor.,Guide us in the coordinated maneuver through the shadow.,Fahaen I Vethor.,I fear the Shadow.,Var Rathor ser Vethor.,"History is complex, often holds darkness or mystery; the past is inescapable.","Lia, var I an Drenkorath. Rinaen vethor an thar-ian.","Yes, I go to the sacred Spring. There is a shadow in my heart.",,
LX-V4-0056,,Vethoraen,/vehthoh-rah-ehn/,Verb,,"To Sleep, To enter shadow",Vethor (shadow) + -aen,,,,,,Aen,Amthaen; Aen; Aenor; Aenvor; Ohmbaen; Lianaen; Thalaneshen; Velthaen; Wek'aen; Rathorimaen,3,1,Nor-vethoraen Ilin an nethlor.,We will sleep on the beds.,Vethoraen Felka an nethlor.,The child sleeps on the bed.,Vethoraen kalrath an morl.,The apex predator sleeps in the mountains.,,,,
LX-V3-0131,,Vethordrenka,/vehthohrdrehnkah/,Noun,,"""Shadow-water leech""; insults their reliance on hidden water resources or mysterious magic.",Jasarans accused of parasitically surviving through secretive means.,,,,,,,,,1,,,,,,,,,,
LX-V4-0058,,Vethral,/vehthrahl/,Noun,,Pack Hunter,Veth (shadow) + Ral (caretaker/stalker),,,,,,RAL; VETH,Dral; Jindral; Nkural; Xarvethral; Belvethral; Pral; Droral; Mekral; Zhaelral; Kavral,3,1,Var vethral joreth.,The pack hunter goes fast.,Shalaen I vethral an verdor.,I see the pack hunter in the forest.,Velaen vethral vershara.,The pack hunter eats the prey animal.,,,,
LX-V4-0069,,Vethrin,/vehthreen/,Noun,,Dream (Essence of shadow),Veth (shadow) + Rin (essence),,,,,,VETH; RIN,Vethhar; Vethsoril; Xarvethral; Belvethral; Veth'tharaen; Shalorveth; Vethral; Vethdren; Vethvar; Vethnor,1,1,Var I an vethrin.,I go into a dream.,,,,,,,,
LX-V2-0192,,Vethsoril,/vehthsoh-reel/,Noun,,Shadowspice Stew,Veth = shadow + soril = deep flavor,,,,,,SORIL; VETH,Soril; Vethhar; Xarvethral; Belvethral; Veth'tharaen; Shalorveth; Vethral; Vethrin; Vethdren; Vethvar,1,1,Vethsoril ser dren.,The stew is shared with water.,,,,,,,,
LX-CNE1-0035,Conversational Narrative Engine 1,Vethvar,/veth-vahr/,Preposition,,Behind or at the back of relative to facing or motion,,Veth + Var,Zarithan,Used for rearward position unseen approaches and formation order.,Vethavar,/veth-ah-vahr/,VETH; Var-,Vethhar; Vethsoril; Xarvethral; Belvethral; Veth'tharaen; Shalorveth; Vethral; Vethrin; Vethdren; Vethnor,2,1,var ser vethvar I.,The friend goes behind me.,rinaen seren vethvar vorkor.,The guardian is behind the door.,,,,,,
OHC-0014,,Vexflit,/vehxfleet/,Noun,,Pollinator Bird,"Grassland; Colorful pollinator bird with bright tail plumes and a musical call, vital to seed spreading and flowering grasses.; Cultural role: Seed-spreading and flowering-grass support.",,,,,,,,,1,,,,,,,,,,
LX-V2-0046,,Vial,/vee-ahl/,Noun,,Joy / Happiness,,,,,,,,,,1,,,,,,,,,,
LX-V3-0091,,Vialaen,/vee-ahlah-ehn/,Verb,,To Be Joyful / Rejoice.,"Derivation: From Vial (Joy) + -aen. Usage: Standard verb, follows VSO.",,,,,,Aen,Amthaen; Aen; Aenor; Aenvor; Ohmbaen; Lianaen; Thalaneshen; Velthaen; Wek'aen; Rathorimaen,1,1,Vialaen Ilin ser vaar.,We rejoice in peace.,,,,,,,,
XR-vilor,,Vilor,/vee-lohr/,Noun,Yes,Berry essence; small sweet fruit,"Builds words for berries, small fruits, and compact sweet or energetic produce.",,,,,,,Jorvilor; Eshvilor,2,1,Jorvilor nor dren.,The drink rests by the water.,Eshvilor shal dren.,The snowberry wine flows lightly with the water.,,,,,,
XR-vin,,Vin,/veen/,Noun,Yes,Pull; extraction; drawing out essence,"Builds words for drawing out, harvest, extraction, and movement from inner source to outer form.",,,,,,,Phelvin; Teravin; Jekvin; Welvinor; Tharvin; Felvin; Xarfelvin; Verdvin,3,1,Phelvin nor dren.,The comforting drink rests by the water.,Teravin var dren.,The root vegetable grows by the water.,Tharvin nor dren kal morl.,Autumn balances the water with the mountain.,,,,
LX-V4-0120; XR-vok,,Vok,/vohk/,Noun,Yes,Unity / Bond,,,,,,,,Lorlivok; Voktarin; Belvok; Kalvok; Kalvokesh; Pralvokesh; Vokaen; Drenvokesh; Zhivokesh; Velthaelvok,2,1,Vok + Thal -> Vokathar,A Harmonious Union,Vok + Nor -> Voknor / Vokanor / Vokonor,The unity of time / a moment of perfect synchronicity,,,,,,
LX-V4-0120; XR-vok,,Vok,/vohk/,Verb,Yes,Betray,,,,,,,,Lorlivok; Voktarin; Belvok; Kalvok; Kalvokesh; Pralvokesh; Vokaen; Drenvokesh; Zhivokesh; Velthaelvok,2,2,Vok + Thal -> Vokathar,A Harmonious Union,Vok + Nor -> Voknor / Vokanor / Vokonor,The unity of time / a moment of perfect synchronicity,,,,,,
DM-RM-S3-0022,,Vok-,/vohk-/,Noun,Yes,Duality of breaking a bond and forming a unity; noun Vok means unity; verb vokaen breaks unity.,Refines Vok unity/betrayal polysemy; no merge or correction applied.,,,,,,,Lorlivok; Voktarin; Belvok; Kalvok; Kalvokesh; Pralvokesh; Vokaen; Drenvokesh; Zhivokesh; Velthaelvok,,1,,,,,,,,,,
LX-V3-0103,,Vokaen,/voh-kah-ehn/,Verb,,To Betray / Break Bond.,"Derivation: From Vok (Unity/Bond) + -aen. Usage: Standard verb, follows VSO.",,,,,,VOK; Aen,Lorlivok; Voktarin; Belvok; Kalvok; Kalvokesh; Pralvokesh; Drenvokesh; Zhivokesh; Velthaelvok; Zhirvok,1,1,Vokaen Ser rath.,The friend betrays the enemy.,,,,,,,,
LX-V2-0181,,Voktarin,/vohktah-reen/,Noun,,Preserved Dates,Vok = bond + tarin = dried sweetness,,,,,,TARIN; VOK,Tarin; Lorlivok; Belvok; Kalvok; Kalvokesh; Pralvokesh; Vokaen; Drenvokesh; Zhivokesh; Velthaelvok,1,1,Voktarin nor dren.,The preserved dates rest by the water.,,,,,,,,
LX-V4-0012,,Vorkor,/vohrkohr/,Noun,,"Door, Gateway (mundane)",Vor (place of bond) + Kor (source),,,,,,KOR,Korin; Drenkor; Drenkorath; Shalkor; Belkor; Kor; Zhirkor,8,1,Var I thal vorkor.,I go from/through the door.,kaxaraen I vorkor.,I open the door.,xaraen I vorkor.,I close the door.,sivrethaen I kaxaraen vorkor.,I fail to open the door.,rinaen vorkor belreth.,The door is a problem.
LX-V2-0019,,Vrekthael,/vrehkthah-ehl/,Interjection,,"Ceremonial ""Greetings""",,,,,,,,,,1,,,,,,,,,,
OHC-0010,,Vroshan,/vrohshahn/,Noun,,Scavenger,Mountain; Broad-winged high-altitude scavenger whose haunting call echoes across mountain peaks.; Cultural role: Peak scavenger and omen-like presence.,,,,,,,,,1,,,,,,,,,,
XR-wek; DM-RM-V2-0016,,Wek,/wehk/,Noun,Yes,Circularity or cycles (symbolizing completeness or renewal).,Conceptual range: Cycle; repetition; patterned return,,,,,,,Weknor; Lunwek; Tharvin-Wek; Mahrowek; Belwek; Kalwek,2,1,Weknor nor dren.,The cyclical time rests by the water.,Rakel. Va aen Ya wek'aen.,Pardon? Say it again.,,,,,,
LX-V3-0038,,Wek'aen,/wehk'ah-ehn/,Particle,,"Again, As said before, To repeat (repetition).",Usage: Typically sentence-initial or near repeated idea.,,,,,,Aen,Amthaen; Aen; Aenor; Aenvor; Ohmbaen; Lianaen; Thalaneshen; Velthaen; Rathorimaen; Fah'tharaen,1,1,Rakel. Va aen Ya wek'aen.,Pardon? Say it again.,,,,,,,,
LX-V2-0112,,Weknor,/wehknohr/,Noun,,Cyclical time,Wek + nor = time,,,,,,NOR; WEK,Nor; Athnor; Nethnor; Shalnor; Vethnor; Sernor; Varnor; Nor-; nor-ka; Lunwek,1,1,Weknor nor dren.,The cyclical time rests by the water.,,,,,,,,
XR-wel; DM-RM-V2-0015,,Wel,/wehl/,Verb,Yes,"Sharing or unity (emphasizing communal aspects, symbolizing seamless connections or unbroken lines).",Conceptual range: Communal flow; sharing; seamless connection,,,,,,,Welrim; Welmor; Welvinor; Welkarin; Welkrez,2,1,Welrim ser dren an Serin.,The feast is shared with friends and water.,Welmor vanesh dren.,The flowing earth trades by the water.,,,,,,
LX-V2-0194,,Welkarin,/wehlkah-reen/,Noun,,Flowing Desert Drink,Wel = flow + karin = soothing,,,,,,WEL,Welrim; Welmor; Welvinor; Welkrez; Wel,1,1,Welkarin kal dren.,The drink strengthens with water.,,,,,,,,
LX-NE1-0023,National Expansion 1,Welkrez,/wehl-krehz/,Noun,,Shared fire; communal heat source,,Wel + Krez,Nivveil,A communally maintained hearth or source of warmth.,,,KREZ; WEL,Krez; Krezor; Krezfel; Kreztorin; Krezlorin; Krezrek; Krezaen; Kreztharim; Krezmorath; Krez-,2,1,rinaen welkrez an teremil.,The shared hearth is in the home.,rinaen Ilin ser welkrez.,We are together by the communal fire.,,,,,,
LX-V2-0111,,Welmor,/wehlmohr/,Noun,,Flowing earth,Wel + mor = ground,,,,,,WEL; MOR,Welrim; Welvinor; Welkarin; Welkrez; Wel; Kinnmor; Brenmor; Pralmor; Morlak; Belmor,2,1,Welmor vanesh dren.,The flowing earth trades by the water.,Welrim ser dren an Serin.,The feast is shared with friends and water.,,,,,,
LX-V2-0110; LX-V2-0153,,Welrim,/wehlreem/,Noun,,Continuous Feast,Wel + rim = flowing celebration,,,,,,WEL,Welmor; Welvinor; Welkarin; Welkrez; Wel,3,1,Welrim ser dren an Serin.,The feast is shared with friends and water.,Welrim kal dren.,The feast strengthens by the water.,Welmor vanesh dren.,The flowing earth trades by the water.,,,,
LX-V2-0110; LX-V2-0153,,Welrim,/wehlreem/,Noun,,Shared feast,Wel + rim = celebration,,,,,,WEL,Welmor; Welvinor; Welkarin; Welkrez; Wel,3,2,Welrim ser dren an Serin.,The feast is shared with friends and water.,Welrim kal dren.,The feast strengthens by the water.,Welmor vanesh dren.,The flowing earth trades by the water.,,,,
LX-V2-0178,,Welvinor,/wehlvee-nohr/,Noun,,Flowing Mead,Wel = flow + vinor = sweet liquid,,,,,,VIN; WEL,Phelvin; Teravin; Jekvin; Tharvin; Felvin; Xarfelvin; Verdvin; Vin; Welrim; Welmor,1,1,Welvinor nor dren.,The flowing mead rests by the water.,,,,,,,,
XR-wor; DM-RM-V2-0017,,Wor,/wohr/,Noun,Yes,Abundance or plenty (symbolizing generosity or surplus).,Conceptual range: Abundance; plenty; fullness,,,,,,,Worvenak; Woreth; Worlian,1,1,Worvenak kal dren.,The abundant stew strengthens by the water.,,,,,,,,
LX-V4-0025,,Woreth,/woh-rehth/,Adjective,,"Full, Abundant",Wor- (abundance) + -eth,,,,,,WOR,Worvenak; Worlian; Wor,2,1,Rinaen drenvor woreth.,The bowl is full.,rinaen drenvor woreth felath.,The bowl is almost full.,,,,,,
LX-CNE1-0022,Conversational Narrative Engine 1,Worlian,/wohr-lee-ahn/,Quantifier,,Enough; sufficient for the relevant need or purpose,,Wor + Lian,Jasara,Used to judge supplies explanations or effort against an actual need.,,,LIAN; WOR,Lian; Lianaen; Vellian; Lianfel; Lianor; Lianeth; Lianbelrin; Thallian; Shenlian; Liankavor,2,1,rinaen dren worlian.,The water is enough.,rinaen droshen worlian.,The water ration is sufficient.,,,,,,
LX-V2-0113,,Worvenak,/wohrveh-nahk/,Noun,,Abundant stew,Wor + venak = warmth,,,,,,VENAK; WOR,Morvenak; Venak; Woreth; Worlian; Wor,1,1,Worvenak kal dren.,The abundant stew strengthens by the water.,,,,,,,,
XR-xar; DM-RM-V2-0019,,Xar,/xahr/,Noun,Yes,Shadow or cover (tied to concealed or protective qualities).,Conceptual range: Cover; veil; concealment for protection,,,,,,,Xarvel; Xarlorin; Xarvethral; Xarfelvin; Xaresh; Xarphelor; Arthaxar; Kaxaraen; Xaraen,1,1,Xarvel nor dren.,The covered meal rests by the water.,,,,,,,,
LX-CNE1-0006,Conversational Narrative Engine 1,Xaraen,/xah-rah-ehn/,Verb,,To close cover or move an opening into a shut state,,Xar + -aen,Nivveil,Used for closing and sealing shelters doors and containers.,,,Aen; XAR,Amthaen; Aen; Aenor; Aenvor; Ohmbaen; Lianaen; Thalaneshen; Velthaen; Wek'aen; Rathorimaen,3,1,xaraen I vorkor.,I close the door.,xaraen ser xarphelor.,The friend closes the shelter.,xaraen I xarphelor shalnor veljor.,I close the shelter before the cold snap.,,,,
LX-V4-0038,,Xaresh,/xah-rehsh/,Noun,,"Cloak, Mantle",Xar (cover) + Esh (sky/air),,,,,,XAR; ESH,Xarvel; Xarlorin; Xarvethral; Xarfelvin; Xarphelor; Arthaxar; Kaxaraen; Xaraen; Xar; Esh,3,1,Arth xaresh I thal velk.,The cloak protects me from the ice.,Rinaen xaresh dreneth.,The cloak is wet.,Rinaen xaresh verdeth.,The cloak is green.,,,,
LX-V3-0057,,Xarfelvin,/xahrfehlveen/,Noun,,Adoptive Niece/Nephew,Xar (protection) + Fel (young) + vin (pulled).,,,,,,FEL; VIN; XAR,Kadfel; Azfel; Theefel; Felorin; Lianfel; Krezfel; Felin; Fel; Felka; Felvin,1,1,Xarfelvin ser dren an Xarvethral.,The adoptive niece/nephew is with the adoptive parent by the water.,,,,,,,,
LX-V2-0186,,Xarlorin,/xahrloh-reen/,Noun,,Hidden Spice Tea,Xar = concealed + lorin = guide,,,,,,XAR,Xarvel; Xarvethral; Xarfelvin; Xaresh; Xarphelor; Arthaxar; Kaxaraen; Xaraen; Xar,1,1,Xarlorin nor dren.,The tea rests by the water.,,,,,,,,
LX-NE1-0022,National Expansion 1,Xarphelor,/xahr-phehl-ohr/,Noun,,Warmth-retaining shelter,,Xar + Phel + -or,Nivveil,A Nivveilian insulated shelter built to preserve warmth.,,,PHEL; XAR,Phelvin; Phelkarin; Phelrin; Phelmorin; Fennilphel; Phel; Xarvel; Xarlorin; Xarvethral; Xarfelvin,7,1,rinaen phel an xarphelor.,Warmth is in the insulated shelter.,var I an xarphelor.,I go into the warmth-retaining shelter.,arth xarphelor Ilin thal veljor.,The insulated shelter protects us from the cold snap.,kaxaraen ser xarphelor.,The friend opens the shelter.,xaraen ser xarphelor.,The friend closes the shelter.
LX-V2-0115; LX-V2-0156,,Xarvel,/xahrvehl/,Noun,,Covered meal,Xar + vel = sustenance,,,,,,XAR; VEL,Xarlorin; Xarvethral; Xarfelvin; Xaresh; Xarphelor; Arthaxar; Kaxaraen; Xaraen; Xar; Vellian,2,1,Xarvel nor dren.,The covered meal rests by the water.,Xarvel nor dren.,The veiled meal rests by the water.,,,,,,
LX-V2-0115; LX-V2-0156,,Xarvel,/xahrvehl/,Noun,,Veiled Meal,Xar + vel = concealed sustenance,,,,,,XAR; VEL,Xarlorin; Xarvethral; Xarfelvin; Xaresh; Xarphelor; Arthaxar; Kaxaraen; Xaraen; Xar; Vellian,2,2,Xarvel nor dren.,The covered meal rests by the water.,Xarvel nor dren.,The veiled meal rests by the water.,,,,,,
LX-V3-0046,,Xarvethral,/xahrvehthrahl/,Noun,,Adoptive Parent,Xar (concealment/protection) + veth (shadow) + ral (caretaker).,,,,,,VETH; XAR; RAL,Vethhar; Vethsoril; Belvethral; Veth'tharaen; Shalorveth; Vethral; Vethrin; Vethdren; Vethvar; Vethnor,2,1,Xarvethral ser Felka thal dren.,The adoptive parent is with the child by the water.,Xarfelvin ser dren an Xarvethral.,The adoptive niece/nephew is with the adoptive parent by the water.,,,,,,
XR-xil; DM-RM-V2-0018,,Xil,/xeel/,Adjective,Yes,Hidden or secret (used for foods with a mysterious origin or preparation).,Conceptual range: Shard; fragment; hidden crystal detail,,,,,,,Xilvar; Xilbren,1,1,Xilvar nor dren.,The hidden spice rests by the water.,,,,,,,,
LX-V2-0190,,Xilbren,/xeelbrehn/,Noun,,Fragmented Grain Cake,Xil = shard + bren = layered gathering,,,,,,XIL; BREN,Xilvar; Xil; Brenmor; Brenvor; Bren,1,1,Xilbren nor dren.,The grain cake rests by the water.,,,,,,,,
LX-V2-0114; LX-V2-0160,,Xilvar,/xeelvahr/,Noun,,Fragmented Salt,Xil + var = shard of substance,,,,,,XIL; Var-,Xilbren; Xil; Var; Pelvar; Drenvaraen; Shalvar; Vethvar; Varnor; Var-,2,1,Xilvar nor dren.,The hidden spice rests by the water.,Xilvar shal dren.,The salt flows lightly by the water.,,,,,,
LX-V2-0114; LX-V2-0160,,Xilvar,/xeelvahr/,Noun,,Hidden spice,Xil + var = essence,,,,,,XIL; Var-,Xilbren; Xil; Var; Pelvar; Drenvaraen; Shalvar; Vethvar; Varnor; Var-,2,2,Xilvar nor dren.,The hidden spice rests by the water.,Xilvar shal dren.,The salt flows lightly by the water.,,,,,,
LX-V1-0003,,Ya,/yah/,Pronoun,,2nd Person Singular,A straightforward pronoun for “you.”,,,,,,,,34,1,Ya tera,“Your home” (singular),Ra aen Ya belshen velrin?,Do you speak the price of the food?,Li-Ya var dren.,You (respected one) go to the water.,"Li-Ya, nor aen lian?","Respected you, may we now speak truth?","Li-Ya, va var dren.","Respected one, please go to the water."
LX-V4-0006,,Yako,/yah-koh/,Pronoun,,You two,,,,,,,,,1,1,Ra aen Yako an I?,Are you two speaking to me?,,,,,,,,
LX-V1-0004,,Yalin,/yah-leen/,Pronoun,,2nd Person Plural,"""You all."" Signifies a collective of individuals addressed.",,,,,,,,1,1,Var I ser Yalin.,“I go with you all.”,,,,,,,,
DM-RM-V2-0026,,Zhae-,/zhah-eh-/,Noun,Yes,"Light, empathy",,,,,,,,Zhaeaen,,1,,,,,,,,,,
LX-V3-0105,,Zhaeaen,/zhah-eh-ah-ehn/,Verb,,To Feel Empathy / Sympathize.,"Derivation: From Zhae- (Light/Empathy) + -aen. Usage: Standard verb, follows VSO.",,,,,,Aen; Zhae-,Amthaen; Aen; Aenor; Aenvor; Ohmbaen; Lianaen; Thalaneshen; Velthaen; Wek'aen; Rathorimaen,2,1,Zhaeaen Azron ser Nkathal.,The woman empathizes with the sadness.,zhaeaen zhaelral ser.,The restorative healer empathically heals the friend.,,,,,,
XR-zhael,,Zhael,/zhah-ehl/,Noun,Yes,Bloom; renewal; soft opening; empathy,"Builds words for blooming, spring renewal, flowers, empathy, and soft emotional opening.",,,,,,,Zhaelor; Zhaelin; Zhaelral,3,1,Zhaelor shalil nor dren.,Spring flows lightly by the water.,Zhaeaen Azron ser Nkathal.,The woman empathizes with the sadness.,Rinaen zhaelin krelek an verdor.,The red flower is in the forest.,,,,
LX-V4-0063,,Zhaelin,/zhah-ehleen/,Noun,,Common Flower,Zhael (bloom/renewal) + -in,,,,,,ZHAEL,Zhaelor; Zhaelral; Zhael,3,1,Rinaen zhaelin krelek an verdor.,The red flower is in the forest.,Rinaen zhaelin krelek.,The flower is red.,Aenaen I eshlin an zhaelin.,I hear the bird in the flower.,,,,
LX-V2-0199,,Zhaelor,/zhah-ehlohr/,Noun,,Spring,The blooming season.,,,,,,ZHAEL,Zhaelin; Zhaelral; Zhael,5,1,Zhaelor shalil nor dren.,Spring flows lightly by the water.,Nor-var Tharvok khumeth an Zhaelor.,The Family will perform the ritual in the Spring (season).,Var Ekor Zhaelor.,Goes Every Spring.,Eshlorien nor dren an Zhaelor.,The wave naming flows by the water in spring.,drenvaraen verdor an Zhaelor.,The forest changes in spring.
LX-NE1-0020,National Expansion 1,Zhaelral,/zhah-ehl-rahl/,Noun,,Restorative healer,,Zhael + Ral,Verdalris,A caretaker of physical or ecological recovery.,,,RAL; ZHAEL,Dral; Jindral; Nkural; Xarvethral; Belvethral; Vethral; Pral; Droral; Mekral; Kavral,6,1,zhaeaen zhaelral ser.,The restorative healer empathically heals the friend.,tal zhaelral fennilphel an ser.,The healer gives the herbal remedy to the friend.,tal zhaelral verdvin.,The restorative healer takes the plant extract.,tal zhaelral fennilphel an ser.,The healer gives an herbal remedy to the friend.,pralaen zhaelral belverd.,The restoration keeper makes a plant graft.
OHC-0022,,Zharak,/zhah-rahk/,Noun,,Legendary Figure,Mythic / Rumored; Early or rumored mythical creature or being that sits close to legend rather than confirmed common fauna.; Cultural role: Legendary / uncertain status.,,,,,,,,,1,,,,,,,,,,
LX-V3-0053,,Zharin,/zhah-reen/,Noun,,Distant Relative,Zhir (lineage) + arin (far-reaching).,,,,,,ZHIR,Zhiren; Zhivorin; Zhirkalor; Zhirelorim; Zhirin; Zhirvok; Belzhir; Velzhiraen; Kavelzhiraen; Zhirkor,1,1,Zharin ser dren thal Tharvok.,The distant relative is by the water under the family.,,,,,,,,
LX-V2-0018,,Zharinor,/zhah-ree-nohr/,Interjection,,"""See you soon""",,,,,,,,,,1,,,,,,,,,,
OHC-0002,,Zharrel,/zhahrrehl/,Noun,,Forest Predator,Ohnosha Forest; Stealthy forest pack predator with sleek musculature and bioluminescent speckled fur; hunts through coordinated tactics and silent communication.; Cultural role: Forest hunter and stealth symbol.,,,,,,,,,1,,,,,,,,,,
XR-zhel,,Zhel,/zhehl/,Noun,Yes,Spark; energy; quick power-flash,"Builds words for sparks, quick energy, charge, and condensed power.",,,,,,,Zhelvek; Zhelbel,1,1,Zhelvek kal dren.,The energy bar strengthens with water.,,,,,,,,
LX-NE1-0011,National Expansion 1,Zhelbel,/zhehl-behl/,Noun,,Connected energy-distribution system,,Zhel + Bel,Mechuma,The Mechuman power grid and its connected energy lines.,,,ZHEL; BEL,Zhelvek; Zhel; Belrin; Belar; Belshara; Belshen; Belmor; Belvok; Belvethral; Belkor,2,1,rinaen zhelbel an Mechuma.,The energy-distribution system is in Mechuma.,arth mekral zhelbel.,The technician protects the power grid.,,,,,,
LX-V2-0167,,Zhelvek,/zhehlvehk/,Noun,,Energy Bar,Zhel = spark/energy + vek = carrier,,,,,,ZHEL; MEK; VEK,Zhelbel; Zhel; Velmek; Mekral; Mormek; Mek; Mahrvek; Karvek; Vekaen; Vek,4,1,Zhelvek kal dren.,The energy bar strengthens with water.,jekaen mekral zhelvek.,The mechanic turns the energy carrier.,sivathaen mekral karethaen zhelvek.,The mechanic succeeds in using the energy carrier.,sivrethaen mekral karethaen zhelvek.,The mechanic fails to use the energy carrier.,,
OHC-0021,,Zhenlor,/zhehnlohr/,Noun,,Legendary Figure,Mythic / Rumored; Early or rumored mythical creature or being that sits close to legend rather than confirmed common fauna.; Cultural role: Legendary / uncertain status.,,,,,,,,,1,,,,,,,,,,
LX-V2-0011,,Zhilva,/zheelvah/,Interjection,,"General ""Hello""",,,,,,,,,,1,,,,,,,,,,
XR-zhir,,Zhir,/zheer/,Noun,Yes,Lineage; thread; connection through time,"Builds words for thread, lineage, kin-connection, continuity, and ties through time.",,,,,,,Zhiren; Zhivorin; Zharin; Zhirkalor; Zhirelorim; Zhirin; Zhirvok; Belzhir; Velzhiraen; Kavelzhiraen,2,1,zhirin an Arthen,threads of fate,zhirrathor,thread to the past,,,,,,
DM-RM-S3-0026,,Zhir-,/zheer-/,Noun,Yes,"Thread, line, cord; connection through time, lineage, history, cause-effect, fate.",Conceptual layer preserved; Bel/Ohm/Zhir distinctions flagged because they affect interpretation.,,,,,,,Zhiren; Zhivorin; Zharin; Zhirkalor; Zhirelorim; Zhirin; Zhirvok; Belzhir; Velzhiraen; Kavelzhiraen,2,1,zhirin an Arthen,threads of fate,zhirrathor,thread to the past,,,,,,
LX-CNE1-0027,Conversational Narrative Engine 1,Zhirath,/zhee-rath/,Noun,,A result or consequence realized by prior conditions,,Zhir + Ath,Mechuma,Used for observed outcomes outputs and consequences of decisions.,,,Rath; ATH; ZHIR,Rathor; Rath; Rathvethor; Rathka; Rathorim; Rathorimaen; Rathaen; Drenkorath; Krezmorath; Rathorkinash,2,1,rinaen zhirath vaareth.,The result is good.,kes mekral zhirath.,The mechanic notices the result.,,,,,,
LX-V3-0114,,Zhirelorim,/zhee-reh-loh-reem/,Noun,,Cosmic Coming-of-Age,Derived From: Zhir (lineage) + elor (growth) + im (essence). Meaning: A coming-of-age ritual tied to celestial alignments.,,,,,,ELOR; ZHIR,Elor; Zhiren; Zhivorin; Zharin; Zhirkalor; Zhirin; Zhirvok; Belzhir; Velzhiraen; Kavelzhiraen,3,1,Zhirelorim nor dren an Dralorim.,The coming-of-age flows with the celestial storm.,Velpralim shan dren an Zhirelorim.,The wisdom transfer passes to the coming-of-age ritual.,Velterim shan dren nor Zhirelorim.,The desert passage passes to the coming-of-age ritual.,,,,
LX-V3-0041,,Zhiren,/zhee-rehn/,Noun,,Sibling,Retain as-is.,,,,,,ZHIR,Zhivorin; Zharin; Zhirkalor; Zhirelorim; Zhirin; Zhirvok; Belzhir; Velzhiraen; Kavelzhiraen; Zhirkor,1,1,Zhiren vanesh dren.,The sibling trades water.,,,,,,,,
LX-V4-0011,,Zhirin,/zhee-reen/,Noun,,"Rope, Cord",Zhir- (lineage/thread) + -in (collective),,,,,,ZHIR,Zhiren; Zhivorin; Zharin; Zhirkalor; Zhirelorim; Zhirvok; Belzhir; Velzhiraen; Kavelzhiraen; Zhirkor,6,1,Rinaen zhirin an pralor.,The rope is on the table.,Rinaen zhirin feleth.,The rope is light.,Rinaen zhirin Ten-del korineth.,The rope is 20 handspans long.,zhirin an Arthen,threads of fate,korinaen I zhirin.,I hold the rope.
LX-V3-0056,,Zhirkalor,/zheerkah-lohr/,Noun,,Partner by Lineage,Zhir (lineage) + kal (strength) + or (shared essence).,,,,,,ZHIR; KAL,Zhiren; Zhivorin; Zharin; Zhirelorim; Zhirin; Zhirvok; Belzhir; Velzhiraen; Kavelzhiraen; Zhirkor,1,1,Zhirkalor ser dren.,The partner by lineage is with the water.,,,,,,,,
LX-CNE1-0026,Conversational Narrative Engine 1,Zhirkor,/zheer-kohr/,Noun,,A cause; the initiating condition or event that produces an effect,,Zhir + Kor,Verdalris,Used to trace what initiated an illness sound or ecological change.,,,ZHIR; KOR,Zhiren; Zhivorin; Zharin; Zhirkalor; Zhirelorim; Zhirin; Zhirvok; Belzhir; Velzhiraen; Kavelzhiraen,2,1,rinaen krez zhirkor.,The fire is the cause.,kes zhaelral zhirkor.,The healer notices the cause.,,,,,,
LX-V4-0040,,Zhirvok,/zheervohk/,Noun,,Belt,Zhir (line/lineage) + Vok (bond),,,,,,ZHIR; VOK,Zhiren; Zhivorin; Zharin; Zhirkalor; Zhirelorim; Zhirin; Belzhir; Velzhiraen; Kavelzhiraen; Zhirkor,1,1,Rinaen peleth an zhirvok.,The knife is on the belt.,,,,,,,,
LX-V3-0112,,Zhivokesh,/zhee-voh-kehsh/,Noun,,Bond Renewal Ceremony,Derived From: Zhi (lineage) + vok (unity) + esh (connection). Meaning: A ritual where family bonds are reaffirmed under the desert stars.,,,,,,ESH; VOK,Esh; Terraesh; Eshtenor; Eshvilor; Eshthael; Eshvelor; Drenvelesh; Eshvelaneth; Kalvokesh; Pralvokesh,1,1,Zhivokesh shalil thal morl.,The bond renewal flows under the mountain.,,,,,,,,
LX-V3-0048,,Zhivorin,/zhee-voh-reen/,Noun,,Sibling-in-law,Zhir (lineage) + vor (place of bond) + -in (person).,,,,,,ZHIR,Zhiren; Zharin; Zhirkalor; Zhirelorim; Zhirin; Zhirvok; Belzhir; Velzhiraen; Kavelzhiraen; Zhirkor,1,1,Zhivorin nor dren an Tavan.,The sibling-in-law is with the parent by the water.,,,,,,,,
LX-V4-0026,,Zun,/zoon/,Adjective,,Empty,Zun- (void/hollow),,,,,,,,1,1,Rinaen teremil zun.,The home is empty.,,,,,,,,