entry_id,source_volume,source_section,page_number,celan_term,english_meaning,category,usage_context,original_wording,canon_status,notes,related_entry_ids,relationship_type,potential_tension_id,review_status,review_reason
LX-V1-0001,Volume 1: Fundamentals,Pronouns and Person Markers > Personal Pronouns,3,I,1st Person Singular,Pronoun,Remains simple and universal.,1st Person Singular I Remains simple and universal.,Canon,Source table row preserved as standalone lexicon entry.,GR-V1-0006,related usage,,Approved,
LX-V1-0002,Volume 1: Fundamentals,Pronouns and Person Markers > Personal Pronouns,4,Ilin,1st Person Plural,Pronoun,"Represents ""we"" as a group bound by common purpose.","1st Person Plural Ilin Represents ""we"" as a group bound by common purpose.",Canon,Source table row preserved as standalone lexicon entry.,GR-V1-0006,related usage,,Approved,
LX-V1-0003,Volume 1: Fundamentals,Pronouns and Person Markers > Personal Pronouns,4,Ya,2nd Person Singular,Pronoun,A straightforward pronoun for “you.”,2nd Person Singular Ya A straightforward pronoun for “you.”,Canon,Source table row preserved as standalone lexicon entry.,GR-V1-0006,related usage,,Approved,
LX-V1-0004,Volume 1: Fundamentals,Pronouns and Person Markers > Personal Pronouns,4,Yalin,2nd Person Plural,Pronoun,"""You all."" Signifies a collective of individuals addressed.","2nd Person Plural Yalin ""You all."" Signifies a collective of individuals addressed.",Canon,Source table row preserved as standalone lexicon entry.,GR-V1-0006,related usage,,Approved,
LX-V1-0005,Volume 1: Fundamentals,Pronouns and Person Markers > Personal Pronouns,4,La,3rd Person Singular,Pronoun,Neutral pronoun meaning “he/she/they.”,3rd Person Singular La Neutral pronoun meaning “he/she/they.”,Canon,Source table row preserved as standalone lexicon entry.,GR-V1-0006,related usage,,Approved,
LX-V1-0006,Volume 1: Fundamentals,Pronouns and Person Markers > Personal Pronouns,4,Lalin,3rd Person Plural,Pronoun,Means “they” (a group not including speaker or addressee).,3rd Person Plural Lalin Means “they” (a group not including speaker or addressee).,Canon,Source table row preserved as standalone lexicon entry.,GR-V1-0006,related usage,,Approved,
LX-V1-0007,Volume 1: Fundamentals,Gendered and Neutral Terms > Basic Vocabulary,5,Kadron,Man (masculine person),Gendered and neutral terms,Default term for men.,Kadron Man (masculine person) Default term for men.,Canon,Source vocabulary table row preserved as standalone lexicon entry.,RM-V1-0001; RM-V1-0002; RM-V1-0003,related usage,,Approved,
LX-V1-0008,Volume 1: Fundamentals,Gendered and Neutral Terms > Basic Vocabulary,5,Azron,Woman (feminine person),Gendered and neutral terms,Default term for women.,Azron Woman (feminine person) Default term for women.,Canon,Source vocabulary table row preserved as standalone lexicon entry.,RM-V1-0001; RM-V1-0002; RM-V1-0003,related usage,,Approved,
LX-V1-0009,Volume 1: Fundamentals,Gendered and Neutral Terms > Basic Vocabulary,5,Theon,Neutral person (non-binary),Gendered and neutral terms,Represents balance or gender neutrality.,Theon Neutral person (non-binary) Represents balance or gender neutrality.,Canon,Source vocabulary table row preserved as standalone lexicon entry.,RM-V1-0001; RM-V1-0002; RM-V1-0003,related usage,,Approved,
LX-V1-0010,Volume 1: Fundamentals,Gendered and Neutral Terms > Basic Vocabulary,5,Kadfel,Boy (young masculine person),Gendered and neutral terms,Refers to a male child.,Kadfel Boy (young masculine person) Refers to a male child.,Canon,Source vocabulary table row preserved as standalone lexicon entry.,RM-V1-0001; RM-V1-0002; RM-V1-0003,related usage,,Approved,
LX-V1-0011,Volume 1: Fundamentals,Gendered and Neutral Terms > Basic Vocabulary,5,Azfel,Girl (young feminine person),Gendered and neutral terms,Refers to a female child.,Azfel Girl (young feminine person) Refers to a female child.,Canon,Source vocabulary table row preserved as standalone lexicon entry.,RM-V1-0001; RM-V1-0002; RM-V1-0003,related usage,,Approved,
LX-V1-0012,Volume 1: Fundamentals,Gendered and Neutral Terms > Basic Vocabulary,5,Theefel,Neutral child (non-binary child),Gendered and neutral terms,Refers to a child of neutral identity.,Theefel Neutral child (non-binary child) Refers to a child of neutral identity.,Canon,Source vocabulary table row preserved as standalone lexicon entry.,RM-V1-0001; RM-V1-0002; RM-V1-0003,related usage,,Approved,
LX-V1-0013,Volume 1: Fundamentals,Gendered and Neutral Terms > Basic Vocabulary,5,Azon,Feminine man,Gendered and neutral terms,Describes a man with feminine qualities.,Azon Feminine man Describes a man with feminine qualities.,Canon,Source vocabulary table row preserved as standalone lexicon entry.,RM-V1-0001; RM-V1-0002; RM-V1-0003,related usage,,Approved,
LX-V1-0014,Volume 1: Fundamentals,Gendered and Neutral Terms > Basic Vocabulary,5,Kadon,Masculine woman,Gendered and neutral terms,Describes a woman with masculine traits.,Kadon Masculine woman Describes a woman with masculine traits.,Canon,Source vocabulary table row preserved as standalone lexicon entry.,RM-V1-0001; RM-V1-0002; RM-V1-0003,related usage,,Approved,
LX-V1-0015,Volume 1: Fundamentals,Grammar > Prepositions and Case Markers > Basic Prepositions,8,Var,"To, towards",Preposition,Var dren (to the water),"Var To, towards Var dren (to the water)",Canon,Source preposition table row preserved as standalone lexicon entry.,GR-V1-0018,related usage; terminology overlap,PT-V1-0001,Needs Human Review,terminology overlap
LX-V1-0016,Volume 1: Fundamentals,Grammar > Prepositions and Case Markers > Basic Prepositions,8,Ser,With,Preposition,Var I ser ser (with a friend),Ser With Var I ser ser (with a friend),Canon,Source preposition table row preserved as standalone lexicon entry.,GR-V1-0018,related usage; terminology overlap,PT-V1-0002,Needs Human Review,terminology overlap
LX-V1-0017,Volume 1: Fundamentals,Grammar > Prepositions and Case Markers > Basic Prepositions,8,Thal,"From, out of",Preposition,Tha-var La thal Terra.,"Thal From, out of Tha-var La thal Terra.",Canon,Source preposition table row preserved as standalone lexicon entry.,GR-V1-0018,related usage,,Approved,
LX-V1-0018,Volume 1: Fundamentals,Grammar > Prepositions and Case Markers > Basic Prepositions,8,Ka,Without,Preposition,Var I ka shal.,Ka Without Var I ka shal.,Canon,Source preposition table row preserved as standalone lexicon entry.,GR-V1-0018,related usage; terminology overlap,PT-V1-0003,Needs Human Review,terminology overlap
LX-V1-0019,Volume 1: Fundamentals,Grammar > Prepositions and Case Markers > Basic Prepositions,8,An,"At, in (place)",Preposition,Varan I an Varthas.,"An At, in (place) Varan I an Varthas.",Canon,Source preposition table row preserved as standalone lexicon entry.,GR-V1-0018,related usage,,Approved,
LX-V1-0020,Volume 1: Fundamentals,Grammar > Prepositions and Case Markers > Basic Prepositions,8,Nor,At/in (time),Preposition,Nor-var I nor Varthas.,Nor At/in (time) Nor-var I nor Varthas.,Canon,Source preposition table row preserved as standalone lexicon entry.,GR-V1-0018,related usage; terminology overlap,PT-V1-0004,Needs Human Review,terminology overlap
LX-V1-0021,Volume 1: Fundamentals,Grammar > Prepositions and Case Markers > Basic Prepositions,8,Esh,"Above, over",Preposition,Var I esh dren.,"Esh Above, over Var I esh dren.",Canon,Source preposition table row preserved as standalone lexicon entry.,GR-V1-0018,related usage,,Approved,
LX-V1-0022,Volume 1: Fundamentals,Grammar > Prepositions and Case Markers > Basic Prepositions,8,Morl,"Under, beneath",Preposition,Var I morl dren.,"Morl Under, beneath Var I morl dren.",Canon,Source preposition table row preserved as standalone lexicon entry.,GR-V1-0018,related usage,,Approved,
LX-V2-0001,Volume 2: Dictionary and Word Formation,Vocabulary > Nature,3,Terra,Earth / The Heart of Terra,Nature,,Terra Earth / The Heart of Terra,Canon,Original vocabulary table row preserved.,,,,Approved,
LX-V2-0002,Volume 2: Dictionary and Word Formation,Vocabulary > Nature,3,Dren,Water,Nature,,Dren Water,Canon,Original vocabulary table row preserved.,,,,Approved,
LX-V2-0003,Volume 2: Dictionary and Word Formation,Vocabulary > Nature,3,Shal,Light,Nature,,Shal Light,Canon,Original vocabulary table row preserved.,,,,Approved,
LX-V2-0004,Volume 2: Dictionary and Word Formation,Vocabulary > Nature,3,Krez,Fire,Nature,,Krez Fire,Canon,Original vocabulary table row preserved.,,,,Approved,
LX-V2-0005,Volume 2: Dictionary and Word Formation,Vocabulary > Nature,3,Morl,Mountain,Nature,,Morl Mountain,Canon,Original vocabulary table row preserved.,,,,Approved,
LX-V2-0006,Volume 2: Dictionary and Word Formation,Vocabulary > Nature,3,Esh,Sky / Air,Nature,,Esh Sky / Air,Canon,Original vocabulary table row preserved.,,,,Approved,
LX-V2-0007,Volume 2: Dictionary and Word Formation,Vocabulary > Nature,3,Thar,Heart (both literal and symbolic),Nature,,Thar Heart (both literal and symbolic),Canon,Original vocabulary table row preserved. Flagged for overlapping Volume 1/Volume 2 usage.,,,PT-V2-0008,Needs Human Review,contextual meaning overlap
LX-V2-0008,Volume 2: Dictionary and Word Formation,Vocabulary > Nature,3,Thal,Balance / Harmony,Nature,,Thal Balance / Harmony,Canon,Original vocabulary table row preserved. Flagged for overlapping Volume 1/Volume 2 usage.,,,PT-V2-0004,Needs Human Review,terminology overlap
LX-V2-0009,Volume 2: Dictionary and Word Formation,Vocabulary > Nature,3,Vethor,Shadow / Mystery,Nature,,Vethor Shadow / Mystery,Canon,Original vocabulary table row preserved.,,,,Approved,
LX-V2-0010,Volume 2: Dictionary and Word Formation,Vocabulary > Nature,3,Shara,Path / Journey,Nature,,Shara Path / Journey,Canon,Original vocabulary table row preserved.,,,,Approved,
LX-V2-0011,Volume 2: Dictionary and Word Formation,Vocabulary > Greetings,3-4,Zhilva,"General ""Hello""",Greetings,,"Zhilva General ""Hello""",Canon,Original vocabulary table row preserved.,,,,Approved,
LX-V2-0012,Volume 2: Dictionary and Word Formation,Vocabulary > Greetings,3-4,Amthaen,"Friendly ""Hi""",Greetings,,"Amthaen Friendly ""Hi""",Canon,Original vocabulary table row preserved.,,,,Approved,
LX-V2-0013,Volume 2: Dictionary and Word Formation,Vocabulary > Greetings,3-4,Nekvar,"""Good morning""",Greetings,,"Nekvar ""Good morning""",Canon,Original vocabulary table row preserved.,,,,Approved,
LX-V2-0014,Volume 2: Dictionary and Word Formation,Vocabulary > Greetings,3-4,Kelithor,"""Good afternoon""",Greetings,,"Kelithor ""Good afternoon""",Canon,Original vocabulary table row preserved.,,,,Approved,
LX-V2-0015,Volume 2: Dictionary and Word Formation,Vocabulary > Greetings,3-4,Tlosen,"""Good evening""",Greetings,,"Tlosen ""Good evening""",Canon,Original vocabulary table row preserved.,,,,Approved,
LX-V2-0016,Volume 2: Dictionary and Word Formation,Vocabulary > Greetings,3-4,Jexhaer,"""Good night""",Greetings,,"Jexhaer ""Good night""",Canon,Original vocabulary table row preserved.,,,,Approved,
LX-V2-0017,Volume 2: Dictionary and Word Formation,Vocabulary > Greetings,3-4,Revalen,"""Farewell""",Greetings,,"Revalen ""Farewell""",Canon,Original vocabulary table row preserved.,,,,Approved,
LX-V2-0018,Volume 2: Dictionary and Word Formation,Vocabulary > Greetings,3-4,Zharinor,"""See you soon""",Greetings,,"Zharinor ""See you soon""",Canon,Original vocabulary table row preserved.,,,,Approved,
LX-V2-0019,Volume 2: Dictionary and Word Formation,Vocabulary > Greetings,3-4,Vrekthael,"Ceremonial ""Greetings""",Greetings,,"Vrekthael Ceremonial ""Greetings""",Canon,Original vocabulary table row preserved.,,,,Approved,
LX-V2-0020,Volume 2: Dictionary and Word Formation,Vocabulary > Time & Mysticism,4,Nor,Time / Flow of Time,Time & Mysticism,,Nor Time / Flow of Time,Canon,Original vocabulary table row preserved. Flagged for overlapping Volume 1/Volume 2 usage.,,,PT-V2-0001,Needs Human Review,terminology overlap
LX-V2-0021,Volume 2: Dictionary and Word Formation,Vocabulary > Time & Mysticism,4,Varash,Future / Prophecy,Time & Mysticism,,Varash Future / Prophecy,Canon,Original vocabulary table row preserved.,,,,Approved,
LX-V2-0022,Volume 2: Dictionary and Word Formation,Vocabulary > Time & Mysticism,4,Rathor,Past / History,Time & Mysticism,,Rathor Past / History,Canon,Original vocabulary table row preserved. Flagged for overlapping Volume 1/Volume 2 usage.,,,PT-V2-0011,Needs Human Review,contextual meaning overlap
LX-V2-0023,Volume 2: Dictionary and Word Formation,Vocabulary > Time & Mysticism,4,Thal,Balance / Harmony,Time & Mysticism,,Thal Balance / Harmony,Canon,Original vocabulary table row preserved. Flagged for overlapping Volume 1/Volume 2 usage.,,,PT-V2-0004,Needs Human Review,terminology overlap
LX-V2-0024,Volume 2: Dictionary and Word Formation,Vocabulary > Time & Mysticism,4,Shalor,Light / New Beginnings / Fate,Time & Mysticism,,Shalor Light / New Beginnings / Fate,Canon,Original vocabulary table row preserved. Flagged for overlapping Volume 1/Volume 2 usage.,,,PT-V2-0005,Needs Human Review,contextual meaning overlap
LX-V2-0025,Volume 2: Dictionary and Word Formation,Vocabulary > Time & Mysticism,4,Thaal,The Unknown / Wonder,Time & Mysticism,,Thaal The Unknown / Wonder,Canon,Original vocabulary table row preserved.,,,,Approved,
LX-V2-0026,Volume 2: Dictionary and Word Formation,Vocabulary > Time & Mysticism,4,Lian,Truth / Honesty,Time & Mysticism,,Lian Truth / Honesty,Canon,Original vocabulary table row preserved. Flagged for overlapping Volume 1/Volume 2 usage.,,,PT-V2-0010,Needs Human Review,contextual meaning overlap
LX-V2-0027,Volume 2: Dictionary and Word Formation,Vocabulary > Time & Mysticism,4,Lumor,Light (enlightenment or insight),Time & Mysticism,,Lumor Light (enlightenment or insight),Canon,Original vocabulary table row preserved.,,,,Approved,
LX-V2-0028,Volume 2: Dictionary and Word Formation,Vocabulary > Time & Mysticism,4,Aen,Speak / Tell / Breath of Life,Time & Mysticism,,Aen Speak / Tell / Breath of Life,Canon,Original vocabulary table row preserved. Flagged for overlapping Volume 1/Volume 2 usage.,,,PT-V2-0009,Needs Human Review,contextual meaning overlap
LX-V2-0029,Volume 2: Dictionary and Word Formation,Vocabulary > Time & Mysticism,4,Varok,Command / Direct,Time & Mysticism,,Varok Command / Direct,Canon,Original vocabulary table row preserved.,,,,Approved,
LX-V2-0030,Volume 2: Dictionary and Word Formation,Vocabulary > Time & Mysticism,4,Arth,Protect / Defend,Time & Mysticism,,Arth Protect / Defend,Canon,Original vocabulary table row preserved.,,,,Approved,
LX-V2-0031,Volume 2: Dictionary and Word Formation,Vocabulary > Strength & Empowerment,4-5,Kal,Strength / Power,Strength & Empowerment,,Kal Strength / Power,Canon,Original vocabulary table row preserved.,,,,Approved,
LX-V2-0032,Volume 2: Dictionary and Word Formation,Vocabulary > Strength & Empowerment,4-5,Kalor,Strength (of the mind or spirit),Strength & Empowerment,,Kalor Strength (of the mind or spirit),Canon,Original vocabulary table row preserved. Flagged for overlapping Volume 1/Volume 2 usage.,,,PT-V2-0007,Needs Human Review,contextual meaning overlap
LX-V2-0033,Volume 2: Dictionary and Word Formation,Vocabulary > Strength & Empowerment,4-5,Seren,Guardian / Protector,Strength & Empowerment,,Seren Guardian / Protector,Canon,Original vocabulary table row preserved.,,,,Approved,
LX-V2-0034,Volume 2: Dictionary and Word Formation,Vocabulary > Strength & Empowerment,4-5,Var,Go / Move (action and empowerment),Strength & Empowerment,,Var Go / Move (action and empowerment),Canon,Original vocabulary table row preserved. Flagged for overlapping Volume 1/Volume 2 usage.,,,PT-V2-0002,Needs Human Review,terminology overlap
LX-V2-0035,Volume 2: Dictionary and Word Formation,Vocabulary > Strength & Empowerment,4-5,Arthen,Destiny / Purpose,Strength & Empowerment,,Arthen Destiny / Purpose,Canon,Original vocabulary table row preserved.,,,,Approved,
LX-V2-0036,Volume 2: Dictionary and Word Formation,Vocabulary > Community,5,Ser,Friend / Ally,Community,,Ser Friend / Ally,Canon,Original vocabulary table row preserved. Flagged for overlapping Volume 1/Volume 2 usage.,,,PT-V2-0003,Needs Human Review,terminology overlap
LX-V2-0037,Volume 2: Dictionary and Word Formation,Vocabulary > Community,5,Vaar,Peace / Unity,Community,,Vaar Peace / Unity,Canon,Original vocabulary table row preserved. Flagged for overlapping Volume 1/Volume 2 usage.,,,PT-V2-0006,Needs Human Review,contextual meaning overlap
LX-V2-0038,Volume 2: Dictionary and Word Formation,Vocabulary > Community,5,Ilan,Student / Follower,Community,,Ilan Student / Follower,Canon,Original vocabulary table row preserved.,,,,Approved,
LX-V2-0039,Volume 2: Dictionary and Word Formation,Vocabulary > Community,5,Lorin,Guide / Teacher,Community,,Lorin Guide / Teacher,Canon,Original vocabulary table row preserved.,,,,Approved,
LX-V2-0040,Volume 2: Dictionary and Word Formation,Vocabulary > Community,5,Rath,Enemy / Foe,Community,,Rath Enemy / Foe,Canon,Original vocabulary table row preserved.,,,,Approved,
LX-V2-0041,Volume 2: Dictionary and Word Formation,Vocabulary > Emotions,5,Vaar,Peace / Calm,Emotions,,Vaar Peace / Calm,Canon,Original vocabulary table row preserved. Flagged for overlapping Volume 1/Volume 2 usage.,,,PT-V2-0006,Needs Human Review,contextual meaning overlap
LX-V2-0042,Volume 2: Dictionary and Word Formation,Vocabulary > Emotions,5,Kalor,Courage / Strength of Spirit,Emotions,,Kalor Courage / Strength of Spirit,Canon,Original vocabulary table row preserved. Flagged for overlapping Volume 1/Volume 2 usage.,,,PT-V2-0007,Needs Human Review,contextual meaning overlap
LX-V2-0043,Volume 2: Dictionary and Word Formation,Vocabulary > Emotions,5,Fah,Darkness / Fear / Night,Emotions,,Fah Darkness / Fear / Night,Canon,Original vocabulary table row preserved.,,,,Approved,
LX-V2-0044,Volume 2: Dictionary and Word Formation,Vocabulary > Emotions,5,Thera,Longing / Yearning,Emotions,,Thera Longing / Yearning,Canon,Original vocabulary table row preserved.,,,,Approved,
LX-V2-0045,Volume 2: Dictionary and Word Formation,Vocabulary > Emotions,5,Reth,Confusion / Uncertainty,Emotions,,Reth Confusion / Uncertainty,Canon,Original vocabulary table row preserved.,,,,Approved,
LX-V2-0046,Volume 2: Dictionary and Word Formation,Vocabulary > Emotions,5,Vial,Joy / Happiness,Emotions,,Vial Joy / Happiness,Canon,Original vocabulary table row preserved.,,,,Approved,
LX-V2-0047,Volume 2: Dictionary and Word Formation,Vocabulary > Body,5-6,Lorinor,Head,Body,,Lorinor Head,Canon,Original vocabulary table row preserved.,,,,Approved,
LX-V2-0048,Volume 2: Dictionary and Word Formation,Vocabulary > Body,5-6,Lorinshal,Eye,Body,,Lorinshal Eye,Canon,Original vocabulary table row preserved.,,,,Approved,
LX-V2-0049,Volume 2: Dictionary and Word Formation,Vocabulary > Body,5-6,Aenor,Ear,Body,,Aenor Ear,Canon,Original vocabulary table row preserved.,,,,Approved,
LX-V2-0050,Volume 2: Dictionary and Word Formation,Vocabulary > Body,5-6,Aenvor,Nose,Body,,Aenvor Nose,Canon,Original vocabulary table row preserved.,,,,Approved,
LX-V2-0051,Volume 2: Dictionary and Word Formation,Vocabulary > Body,5-6,Kelvor,Mouth,Body,,Kelvor Mouth,Canon,Original vocabulary table row preserved.,,,,Approved,
LX-V2-0052,Volume 2: Dictionary and Word Formation,Vocabulary > Body,5-6,Sorl,Neck,Body,,Sorl Neck,Canon,Original vocabulary table row preserved.,,,,Approved,
LX-V2-0053,Volume 2: Dictionary and Word Formation,Vocabulary > Body,5-6,Kalvar,Arm,Body,,Kalvar Arm,Canon,Original vocabulary table row preserved.,,,,Approved,
LX-V2-0054,Volume 2: Dictionary and Word Formation,Vocabulary > Body,5-6,Korin,Hand,Body,,Korin Hand,Canon,Original vocabulary table row preserved.,,,,Approved,
LX-V2-0055,Volume 2: Dictionary and Word Formation,Vocabulary > Body,5-6,Sharvar,Leg,Body,,Sharvar Leg,Canon,Original vocabulary table row preserved.,,,,Approved,
LX-V2-0056,Volume 2: Dictionary and Word Formation,Vocabulary > Body,5-6,Morlka,Foot,Body,,Morlka Foot,Canon,Original vocabulary table row preserved.,,,,Approved,
LX-V2-0057,Volume 2: Dictionary and Word Formation,Vocabulary > Body,5-6,Thar,Heart,Body,,Thar Heart,Canon,Original vocabulary table row preserved. Flagged for overlapping Volume 1/Volume 2 usage.,,,PT-V2-0008,Needs Human Review,contextual meaning overlap
LX-V2-0058,Volume 2: Dictionary and Word Formation,Vocabulary > Elements of Wonder,6,Dral,Sky / Wonder / The Heavens,Elements of Wonder,,Dral Sky / Wonder / The Heavens,Canon,Original vocabulary table row preserved.,,,,Approved,
LX-V2-0059,Volume 2: Dictionary and Word Formation,Vocabulary > Elements of Wonder,6,Shalor,"Light (discovery, vision, hope)",Elements of Wonder,,"Shalor Light (discovery, vision, hope)",Canon,Original vocabulary table row preserved. Flagged for overlapping Volume 1/Volume 2 usage.,,,PT-V2-0005,Needs Human Review,contextual meaning overlap
LX-V2-0060,Volume 2: Dictionary and Word Formation,Vocabulary > Elements of Wonder,6,Thaal,The Unknown / Wonder,Elements of Wonder,,Thaal The Unknown / Wonder,Canon,Original vocabulary table row preserved.,,,,Approved,
LX-V2-0061,Volume 2: Dictionary and Word Formation,Vocabulary > Everyday Life,6,Tal,Give / Offer,Everyday Life,,Tal Give / Offer,Canon,Original vocabulary table row preserved.,,,,Approved,
LX-V2-0062,Volume 2: Dictionary and Word Formation,Vocabulary > Everyday Life,6,Aen,Speak / Tell,Everyday Life,,Aen Speak / Tell,Canon,Original vocabulary table row preserved. Flagged for overlapping Volume 1/Volume 2 usage.,,,PT-V2-0009,Needs Human Review,contextual meaning overlap
LX-V2-0063,Volume 2: Dictionary and Word Formation,Vocabulary > Everyday Life,6,Var,Go / Move,Everyday Life,,Var Go / Move,Canon,Original vocabulary table row preserved. Flagged for overlapping Volume 1/Volume 2 usage.,,,PT-V2-0002,Needs Human Review,terminology overlap
LX-V2-0064,Volume 2: Dictionary and Word Formation,Vocabulary > Everyday Life,6,Lian,Truth / Honesty,Everyday Life,,Lian Truth / Honesty,Canon,Original vocabulary table row preserved. Flagged for overlapping Volume 1/Volume 2 usage.,,,PT-V2-0010,Needs Human Review,contextual meaning overlap
LX-V2-0065,Volume 2: Dictionary and Word Formation,Vocabulary > Everyday Life,6,Ser,Friend / Ally,Everyday Life,,Ser Friend / Ally,Canon,Original vocabulary table row preserved. Flagged for overlapping Volume 1/Volume 2 usage.,,,PT-V2-0003,Needs Human Review,terminology overlap
LX-V2-0066,Volume 2: Dictionary and Word Formation,Vocabulary > Nature and Landscapes,6-7,Morl,Mountain,Nature and Landscapes,,Morl Mountain,Canon,Original vocabulary table row preserved.,,,,Approved,
LX-V2-0067,Volume 2: Dictionary and Word Formation,Vocabulary > Nature and Landscapes,6-7,Vethor,Shadow / Mystery,Nature and Landscapes,,Vethor Shadow / Mystery,Canon,Original vocabulary table row preserved.,,,,Approved,
LX-V2-0068,Volume 2: Dictionary and Word Formation,Vocabulary > Nature and Landscapes,6-7,Dren,Water / River,Nature and Landscapes,,Dren Water / River,Canon,Original vocabulary table row preserved.,,,,Approved,
LX-V2-0069,Volume 2: Dictionary and Word Formation,Vocabulary > Nature and Landscapes,6-7,Shal,Light / Brightness,Nature and Landscapes,,Shal Light / Brightness,Canon,Original vocabulary table row preserved.,,,,Approved,
LX-V2-0070,Volume 2: Dictionary and Word Formation,Vocabulary > Nature and Landscapes,6-7,Krez,Fire / Volcanic,Nature and Landscapes,,Krez Fire / Volcanic,Canon,Original vocabulary table row preserved.,,,,Approved,
LX-V2-0071,Volume 2: Dictionary and Word Formation,Vocabulary > Nature and Landscapes,6-7,Esh,Sky / Air,Nature and Landscapes,,Esh Sky / Air,Canon,Original vocabulary table row preserved.,,,,Approved,
LX-V2-0072,Volume 2: Dictionary and Word Formation,Vocabulary > Nature and Landscapes,6-7,Thal,Balance / Harmony,Nature and Landscapes,,Thal Balance / Harmony,Canon,Original vocabulary table row preserved. Flagged for overlapping Volume 1/Volume 2 usage.,,,PT-V2-0004,Needs Human Review,terminology overlap
LX-V2-0073,Volume 2: Dictionary and Word Formation,Vocabulary > Nature and Landscapes,6-7,Terra,Earth / Ground,Nature and Landscapes,,Terra Earth / Ground,Canon,Original vocabulary table row preserved.,,,,Approved,
LX-V2-0074,Volume 2: Dictionary and Word Formation,Vocabulary > Nature and Landscapes,6-7,Morldren,Waterfall (mountain + water),Nature and Landscapes,,Morldren Waterfall (mountain + water),Canon,Human-approved fused spelling applied: Morldren. Variant overlap retained as duplicate/reference record.,LX-V2-0145,duplicate,PT-V2-0013,Approved,
LX-V2-0075,Volume 2: Dictionary and Word Formation,Vocabulary > Nature and Landscapes,6-7,Verdor,forest place/realm,Nature and Landscapes,,Verdor forest place/realm,Canon,Original vocabulary table row preserved.,,,,Approved,
LX-V2-0076,Volume 2: Dictionary and Word Formation,Vocabulary > Nature and Landscapes,6-7,Mahr,ocean,Nature and Landscapes,,Mahr ocean,Canon,Original vocabulary table row preserved.,,,,Approved,
LX-V2-0077,Volume 2: Dictionary and Word Formation,Vocabulary > Nature and Landscapes,6-7,Lun,Lake,Nature and Landscapes,,Lun Lake,Canon,Original vocabulary table row preserved.,,,,Approved,
LX-V2-0078,Volume 2: Dictionary and Word Formation,Vocabulary > Nature and Landscapes,6-7,Velk,Ice/Frozen water,Nature and Landscapes,,Velk Ice/Frozen water,Canon,Original vocabulary table row preserved.,,,,Approved,
LX-V2-0079,Volume 2: Dictionary and Word Formation,Vocabulary > Nature and Landscapes,6-7,Awek,Spring,Nature and Landscapes,,Awek Spring,Canon,Original vocabulary table row preserved.,,,,Approved,
LX-V2-0080,Volume 2: Dictionary and Word Formation,Vocabulary > Nature and Landscapes,6-7,Terlin,Island/beach,Nature and Landscapes,,Terlin Island/beach,Canon,Original vocabulary table row preserved.,,,,Approved,
LX-V2-0081,Volume 2: Dictionary and Word Formation,Vocabulary > Urban and Mystical Spaces,7,Kaleth,Fortress / Stronghold,Urban and Mystical Spaces,,Kaleth Fortress / Stronghold,Canon,Original vocabulary table row preserved.,,,,Approved,
LX-V2-0082,Volume 2: Dictionary and Word Formation,Vocabulary > Urban and Mystical Spaces,7,Varthas,City / Town,Urban and Mystical Spaces,,Varthas City / Town,Canon,Original vocabulary table row preserved.,,,,Approved,
LX-V2-0083,Volume 2: Dictionary and Word Formation,Vocabulary > Urban and Mystical Spaces,7,Lorash,Temple / Shrine,Urban and Mystical Spaces,,Lorash Temple / Shrine,Canon,Original vocabulary table row preserved.,,,,Approved,
LX-V2-0084,Volume 2: Dictionary and Word Formation,Vocabulary > Urban and Mystical Spaces,7,Shalor,Sanctuary (light-filled place),Urban and Mystical Spaces,,Shalor Sanctuary (light-filled place),Canon,Original vocabulary table row preserved. Flagged for overlapping Volume 1/Volume 2 usage.,,,PT-V2-0005,Needs Human Review,contextual meaning overlap
LX-V2-0085,Volume 2: Dictionary and Word Formation,Vocabulary > Urban and Mystical Spaces,7,Rathor,Old City / Ancient Place,Urban and Mystical Spaces,,Rathor Old City / Ancient Place,Canon,Original vocabulary table row preserved. Flagged for overlapping Volume 1/Volume 2 usage.,,,PT-V2-0011,Needs Human Review,contextual meaning overlap
LX-V2-0086,Volume 2: Dictionary and Word Formation,Vocabulary > Urban and Mystical Spaces,7,Krezor,Forge / Place of Fire,Urban and Mystical Spaces,,Krezor Forge / Place of Fire,Canon,Original vocabulary table row preserved. Flagged for overlapping Volume 1/Volume 2 usage.,,,PT-V2-0012,Needs Human Review,terminology overlap
LX-V2-0087,Volume 2: Dictionary and Word Formation,Vocabulary > Urban and Mystical Spaces,7,Norvaar,Gateway (time-related portal),Urban and Mystical Spaces,,Norvaar Gateway (time-related portal),Canon,Original vocabulary table row preserved.,,,,Approved,
LX-V2-0088,Volume 2: Dictionary and Word Formation,Vocabulary > Words for Times of Day,7-8,Kinnshal,Dawn (Light Awakens),Times of Day,"The time when light awakens, symbolizing renewal.","Kinnshal – Dawn (Light Awakens)
○ Root: Kinn (daylight) + Shal (light)
○ Meaning: The time when light awakens, symbolizing renewal.
○ Example: “Var I dren an Kinnshal.” – “I go to the water at dawn.”",Canon,Original numbered list structure preserved in original_wording field.,RM-V2-0001; RM-V2-0002; PE-V2-0001,related usage,,Approved,
LX-V2-0089,Volume 2: Dictionary and Word Formation,Vocabulary > Words for Times of Day,7-8,Kinnmor,Morning (Earth Illuminated),Times of Day,"Early morning, when the earth is bathed in light.","Kinnmor – Morning (Earth Illuminated)
○ Root: Kinn (daylight) + Mor (earth)
○ Meaning: Early morning, when the earth is bathed in light.
○ Example: “Kinnmor kal dren nor shal.” – “The morning strengthens with water and light.”",Canon,Original numbered list structure preserved in original_wording field.,RM-V2-0001; RM-V2-0002; PE-V2-0002,related usage,,Approved,
LX-V2-0090,Volume 2: Dictionary and Word Formation,Vocabulary > Words for Times of Day,7-8,Kinnlin,Noon (Full Light),Times of Day,"Midday, when light reaches its peak.","Kinnlin – Noon (Full Light)
○ Root: Kinn (daylight) + -lin (culmination)
○ Meaning: Midday, when light reaches its peak.
○ Example: “Tal I dren an Kinnlin.” – “I drink the water at noon.”",Canon,Original numbered list structure preserved in original_wording field.,RM-V2-0001; RM-V2-0002; PE-V2-0003,related usage,,Approved,
LX-V2-0091,Volume 2: Dictionary and Word Formation,Vocabulary > Words for Times of Day,7-8,Kilvthal,Afternoon (Balancing Light and Shadow),Times of Day,The gradual transition from day to evening.,"Kilvthal – Afternoon (Balancing Light and Shadow)
○ Root: Kilv (shadow/time) + Thal (balance)
○ Meaning: The gradual transition from day to evening.
○ Example: “Nor-var I dren thal Kilvthal.” – “I will go to the water in the afternoon.”",Canon,Original numbered list structure preserved in original_wording field.,RM-V2-0001; RM-V2-0002; PE-V2-0004,related usage,,Approved,
LX-V2-0092,Volume 2: Dictionary and Word Formation,Vocabulary > Words for Times of Day,7-8,Kilveth,Evening (Shadow's Embrace),Times of Day,The time when shadows deepen and the day closes.,"Kilveth – Evening (Shadow's Embrace)
○ Root: Kilv (shadow/time) + Eth (embrace)
○ Meaning: The time when shadows deepen and the day closes.
○ Example: “Kilveth dren morl shal.” – “Evening rests under the light.”",Canon,Original numbered list structure preserved in original_wording field.,RM-V2-0001; RM-V2-0002; PE-V2-0005,related usage,,Approved,
LX-V2-0093,Volume 2: Dictionary and Word Formation,Vocabulary > Words for Times of Day,7-8,Kilvfah,Nightfall (Full Darkness),Times of Day,The time when darkness envelops the world.,"Kilvfah – Nightfall (Full Darkness)
○ Root: Kilv (shadow/time) + Fah (darkness)
○ Meaning: The time when darkness envelops the world.
○ Example: “Var I dren an Kilvfah.” – “I go to the water at nightfall.”",Canon,Original numbered list structure preserved in original_wording field.,RM-V2-0001; RM-V2-0002; PE-V2-0006,related usage,,Approved,
LX-V2-0094,Volume 2: Dictionary and Word Formation,Vocabulary > Words for Times of Day,7-8,Kilvlum,Midnight (Shadowed Reflection),Times of Day,"The deep, reflective part of the night.","Kilvlum – Midnight (Shadowed Reflection)
○ Root: Kilv (shadow/time) + Lum (inner light)
○ Meaning: The deep, reflective part of the night.
○ Example: “Tal I kilvlum dren nor veth.” – “I drink at midnight by the water's shadow.”",Canon,Original numbered list structure preserved in original_wording field.,RM-V2-0001; RM-V2-0002; PE-V2-0007,related usage,,Approved,
LX-V2-0095,Volume 2: Dictionary and Word Formation,Vocabulary > Expanded Vocabulary,8-10,Belrin,Woven fabric,Expanded Vocabulary,Bel + rin = essence,"Example: Belrin (""Woven fabric""; Bel + rin = essence).",Canon,Original table/list entry preserved.,RM-V2-0003; PE-V2-0008,related usage,,Approved,
LX-V2-0096,Volume 2: Dictionary and Word Formation,Vocabulary > Expanded Vocabulary,8-10,Belar,Binding spice,Expanded Vocabulary,Bel + ar = intensity,"Example: Belar (""Binding spice""; Bel + ar = intensity).",Canon,Original table/list entry preserved.,RM-V2-0003; PE-V2-0009,related usage,,Approved,
LX-V2-0097,Volume 2: Dictionary and Word Formation,Vocabulary > Expanded Vocabulary,8-10,Brosrin,Layered food,Expanded Vocabulary,Bros + rin = essence,"Example: Brosrin (""Layered food""; Bros + rin = essence).",Canon,Original table/list entry preserved.,RM-V2-0004; PE-V2-0010,related usage,,Approved,
LX-V2-0098,Volume 2: Dictionary and Word Formation,Vocabulary > Expanded Vocabulary,8-10,Balrin,Growing food,Expanded Vocabulary,Bal + rin = essence,"Example: Balrin (""Growing food""; Bal + rin = essence).",Canon,Original table/list entry preserved.,RM-V2-0005; PE-V2-0011,related usage,,Approved,
LX-V2-0099,Volume 2: Dictionary and Word Formation,Vocabulary > Expanded Vocabulary,8-10,Brenmor,Harvested roots,Expanded Vocabulary,Bren + mor,"Example: Brenmor (""Harvested roots""; Bren + mor).",Canon,Original table/list entry preserved.,RM-V2-0006; PE-V2-0012,related usage,,Approved,
LX-V2-0100,Volume 2: Dictionary and Word Formation,Vocabulary > Expanded Vocabulary,8-10,Phelvin,Comforting drink,Expanded Vocabulary,Phel + vin = pulled/essence,"Example: Phelvin (""Comforting drink""; Phel + vin = pulled/essence).",Canon,Original table/list entry preserved.,RM-V2-0007; PE-V2-0013,related usage,,Approved,
LX-V2-0101,Volume 2: Dictionary and Word Formation,Vocabulary > Expanded Vocabulary,8-10,Prakorin,Tender bread,Expanded Vocabulary,Prak + orin = essence,"Example: Prakorin (""Tender bread""; Prak + orin = essence).",Canon,Original table/list entry preserved.,RM-V2-0008; PE-V2-0014,related usage,,Approved,
LX-V2-0102,Volume 2: Dictionary and Word Formation,Vocabulary > Expanded Vocabulary,8-10,Pelvar,Sharp grain,Expanded Vocabulary,Pel + var = grounded,"Example: Pelvar (""Sharp grain""; Pel + var = grounded).",Canon,Original table/list entry preserved.,RM-V2-0009; PE-V2-0015,related usage,,Approved,
LX-V2-0103,Volume 2: Dictionary and Word Formation,Vocabulary > Expanded Vocabulary,8-10,Peldren,Piercing water,Expanded Vocabulary,Pel + dren = water,"Example: Peldren (""Piercing water""; Pel + dren = water).",Canon,Original table/list entry preserved.,RM-V2-0009; PE-V2-0016,related usage,,Approved,
LX-V2-0104,Volume 2: Dictionary and Word Formation,Vocabulary > Expanded Vocabulary,8-10,Pralmor,Detailed carving,Expanded Vocabulary,Pral + mor = earth,"Example: Pralmor (""Detailed carving""; Pral + mor = earth).",Canon,Original table/list entry preserved.,RM-V2-0010; PE-V2-0017,related usage,,Approved,
LX-V2-0105,Volume 2: Dictionary and Word Formation,Vocabulary > Expanded Vocabulary,8-10,Jorlin,Bursting water,Expanded Vocabulary,Jor + lin = collective flow,"Example: Jorlin (""Bursting water""; Jor + lin = collective flow).",Canon,Original table/list entry preserved.,RM-V2-0011; PE-V2-0018,related usage,,Approved,
LX-V2-0106,Volume 2: Dictionary and Word Formation,Vocabulary > Expanded Vocabulary,8-10,Jorvak,Bursting warmth,Expanded Vocabulary,Jor + vak = vessel,"Example: Jorvak (""Bursting warmth""; Jor + vak = vessel).",Canon,Original table/list entry preserved.,RM-V2-0011; PE-V2-0019,related usage,,Approved,
LX-V2-0107,Volume 2: Dictionary and Word Formation,Vocabulary > Expanded Vocabulary,8-10,Jekvor,Spiraling spice,Expanded Vocabulary,Jek + vor = place,"Example: Jekvor (""Spiraling spice""; Jek + vor = place).",Canon,Original table/list entry preserved.,RM-V2-0012; PE-V2-0020,related usage,,Approved,
LX-V2-0108,Volume 2: Dictionary and Word Formation,Vocabulary > Expanded Vocabulary,8-10,Jelvor,Zesty spice,Expanded Vocabulary,Jel + vor = location,"Example: Jelvor (""Zesty spice""; Jel + vor = location).",Canon,Original table/list entry preserved.,RM-V2-0013; PE-V2-0021,related usage,,Approved,
LX-V2-0109,Volume 2: Dictionary and Word Formation,Vocabulary > Expanded Vocabulary,8-10,Jindral,Rare fruit,Expanded Vocabulary,Jin + dral = wonder,"Example: Jindral (""Rare fruit""; Jin + dral = wonder).",Canon,Original table/list entry preserved.,RM-V2-0014; PE-V2-0022,related usage,,Approved,
LX-V2-0110,Volume 2: Dictionary and Word Formation,Vocabulary > Expanded Vocabulary,8-10,Welrim,Shared feast,Expanded Vocabulary,Wel + rim = celebration,"Example: Welrim (""Shared feast""; Wel + rim = celebration).",Canon,Original table/list entry preserved.,RM-V2-0015; PE-V2-0023,related usage,,Approved,
LX-V2-0111,Volume 2: Dictionary and Word Formation,Vocabulary > Expanded Vocabulary,8-10,Welmor,Flowing earth,Expanded Vocabulary,Wel + mor = ground,"Example: Welmor (""Flowing earth""; Wel + mor = ground).",Canon,Original table/list entry preserved.,RM-V2-0015; PE-V2-0024,related usage,,Approved,
LX-V2-0112,Volume 2: Dictionary and Word Formation,Vocabulary > Expanded Vocabulary,8-10,Weknor,Cyclical time,Expanded Vocabulary,Wek + nor = time,"Example: Weknor (""Cyclical time""; Wek + nor = time).",Canon,Original table/list entry preserved.,RM-V2-0016; PE-V2-0025,related usage,,Approved,
LX-V2-0113,Volume 2: Dictionary and Word Formation,Vocabulary > Expanded Vocabulary,8-10,Worvenak,Abundant stew,Expanded Vocabulary,Wor + venak = warmth,"Example: Worvenak (""Abundant stew""; Wor + venak = warmth).",Canon,Original table/list entry preserved.,RM-V2-0017; PE-V2-0026,related usage,,Approved,
LX-V2-0114,Volume 2: Dictionary and Word Formation,Vocabulary > Expanded Vocabulary,8-10,Xilvar,Hidden spice,Expanded Vocabulary,Xil + var = essence,"Example: Xilvar (""Hidden spice""; Xil + var = essence).",Canon,Original table/list entry preserved.,RM-V2-0018; PE-V2-0027,related usage,,Approved,
LX-V2-0115,Volume 2: Dictionary and Word Formation,Vocabulary > Expanded Vocabulary,8-10,Xarvel,Covered meal,Expanded Vocabulary,Xar + vel = sustenance,"Example: Xarvel (""Covered meal""; Xar + vel = sustenance).",Canon,Original table/list entry preserved.,RM-V2-0019; PE-V2-0028,related usage,,Approved,
LX-V2-0119,Volume 2: Dictionary and Word Formation,Vocabulary > Refined Relationships Chart,11,Ohmbaen,Beloved or soulmate,Refined Relationships,,Ohmbaen Beloved or soulmate Ohmbaen nor dren. (“The beloved rests near the water.”),Canon,Original table/list entry preserved.,PE-V2-0029,related usage,,Approved,
LX-V2-0120,Volume 2: Dictionary and Word Formation,Vocabulary > Refined Relationships Chart,11,Tlakorin,Confidant or trusted companion,Refined Relationships,,Tlakorin Confidant or trusted companion Tlakorin kal dren an Varthas. (“The confidant strengthens the city.”),Canon,Original table/list entry preserved.,PE-V2-0030,related usage,,Approved,
LX-V2-0121,Volume 2: Dictionary and Word Formation,Vocabulary > Refined Relationships Chart,11,Khumlor,"Chosen family, circle of belonging",Refined Relationships,,"Khumlor Chosen family, circle of belonging Khumlor var dren. (“The family gathers by the water.”)",Canon,Original table/list entry preserved.,PE-V2-0031,related usage,,Approved,
LX-V2-0122,Volume 2: Dictionary and Word Formation,Vocabulary > Refined Relationships Chart,11,Nkuvath,Promise or bond of trust,Refined Relationships,,Nkuvath Promise or bond of trust Nkuvath shal dren ser serathrin. (“The bond flows to the confidant.”),Canon,Original table/list entry preserved.,PE-V2-0032,related usage,,Approved,
LX-V2-0123,Volume 2: Dictionary and Word Formation,Vocabulary > Refined Relationships Chart,11,Mbalan,"Pillar of the community, a relied-upon figure",Refined Relationships,,"Mbalan Pillar of the community, a relied-upon figure Mbalan ser dren an Varthas. (“The community leader stands by the water in the city.”)",Canon,Original table/list entry preserved.,PE-V2-0033,related usage,,Approved,
LX-V2-0124,Volume 2: Dictionary and Word Formation,Vocabulary > Refined Relationships Chart,11,Nkural,Mentor or guide who nurtures growth,Refined Relationships,,Nkural Mentor or guide who nurtures growth Nkural nor dren ser Ilan. (“The mentor rests by the water with the student.”),Canon,Original table/list entry preserved.,PE-V2-0034,related usage,,Approved,
LX-V2-0125,Volume 2: Dictionary and Word Formation,Vocabulary > Refined Relationships Chart,11,Tlankor,Ally or supporter during challenges,Refined Relationships,,Tlankor Ally or supporter during challenges Tlankor kal dren ser Serin. (“The ally strengthens by the water with friends.”),Canon,Original table/list entry preserved.,PE-V2-0035,related usage,,Approved,
LX-V2-0126,Volume 2: Dictionary and Word Formation,Vocabulary > Refined Relationships Chart,11,Tlakhura,"A bond shared between two people, unspoken yet strong",Refined Relationships,,"Tlakhura A bond shared between two people, unspoken yet strong Tlakhura shal dren ser Zhivor. (“A bond flows with the family.”)",Canon,Original table/list entry preserved.,PE-V2-0036,related usage,,Approved,
LX-V2-0127,Volume 2: Dictionary and Word Formation,"Vocabulary > JARGON: (BATTLE, TEMPLE, MARKET) > Battle Jargon",11-13,Jorkal,Charge / Attack / Assault. A command or description of a forceful offensive push.,Battle Jargon,Jor (surge/burst) + Kal (strength/power),Jorkal: Derivation: Jor (surge/burst) + Kal (strength/power) / Meaning: Charge / Attack / Assault. A command or description of a forceful offensive push. / Example: Va jorkal an rath! (Command: Charge the enemy!),Canon,Original jargon entry preserved.,PE-V2-0037,related usage,,Approved,
LX-V2-0128,Volume 2: Dictionary and Word Formation,"Vocabulary > JARGON: (BATTLE, TEMPLE, MARKET) > Battle Jargon",11-13,Arthlor,Defensive Formation / Shield Wall / Fortified Position. Refers to holding a defensive position or a specific coordinated defensive setup.,Battle Jargon,Arth (protect/defend) + -or (place/location),Arthlor: Derivation: Arth (protect/defend) + -or (place/location) / Meaning: Defensive Formation / Shield Wall / Fortified Position. Refers to holding a defensive position or a specific coordinated defensive setup. / Example: Var Seren arthlor an Kaleth. (The Guardians go to the defensive formation at the Fortress.),Canon,Original jargon entry preserved.,PE-V2-0038,related usage,,Approved,
LX-V2-0129,Volume 2: Dictionary and Word Formation,"Vocabulary > JARGON: (BATTLE, TEMPLE, MARKET) > Battle Jargon",11-13,Serenkal,"Elite Warrior / Vanguard / Shock Trooper. Refers specifically to experienced, strong front-line fighters or protectors.",Battle Jargon,Seren (guardian/protector) + Kal (strength),"Serenkal: Derivation: Seren (guardian/protector) + Kal (strength) / Meaning: Elite Warrior / Vanguard / Shock Trooper. Refers specifically to experienced, strong front-line fighters or protectors. / Example: Nor-var Serenkal thal morl. (The Elite Warriors will advance from the mountain.)",Canon,Original jargon entry preserved.,PE-V2-0039,related usage,,Approved,
LX-V2-0130,Volume 2: Dictionary and Word Formation,"Vocabulary > JARGON: (BATTLE, TEMPLE, MARKET) > Battle Jargon",11-13,Belshara,"Coordinated Maneuver / Formation Movement / Tactical Path. Refers to moving troops in a specific, planned way.",Battle Jargon,Bel (bind/weave) + Shara (path/journey),"Belshara: Derivation: Bel (bind/weave) + Shara (path/journey) / Meaning: Coordinated Maneuver / Formation Movement / Tactical Path. Refers to moving troops in a specific, planned way. / Example: Lorin Ilin belshara an vethor. (Guide us in the coordinated maneuver through the shadow.)",Canon,Human-approved fused spelling applied: Belshara. Wording otherwise preserved.,PE-V2-0040,related usage,,Approved,
LX-V2-0131,Volume 2: Dictionary and Word Formation,"Vocabulary > JARGON: (BATTLE, TEMPLE, MARKET) > Battle Jargon",11-13,Rathvethor,Hidden Enemy / Ambush / Unseen Threat. Used when scouting or warning about potential ambushes or concealed enemies.,Battle Jargon,Rath (enemy/foe) + Vethor (shadow/mystery),Rathvethor: Derivation: Rath (enemy/foe) + Vethor (shadow/mystery) / Meaning: Hidden Enemy / Ambush / Unseen Threat. Used when scouting or warning about potential ambushes or concealed enemies. / Example: Ra var rathvethor an Verdor? (Is there a hidden enemy in the forest?),Canon,Human-approved fused spelling applied: Rathvethor. Wording otherwise preserved.,PE-V2-0041,related usage,,Approved,
LX-V2-0132,Volume 2: Dictionary and Word Formation,"Vocabulary > JARGON: (BATTLE, TEMPLE, MARKET) > Temple Jargon",11-13,Lianaen,To Pray / Prayer / Speaking Truth (to the divine/Heart/Balance). The act of spiritual communion or supplication.,Temple Jargon,Lian (truth) + -aen (verb-forming),Lianaen: Derivation: Lian (truth) + -aen (verb-forming) / Meaning: To Pray / Prayer / Speaking Truth (to the divine/Heart/Balance). The act of spiritual communion or supplication. / Example: Var Liorinen lianaen an shalor. (The Honored Elder goes to pray in the sanctuary.),Canon,Original jargon entry preserved.,PE-V2-0042,related usage,,Approved,
LX-V2-0133,Volume 2: Dictionary and Word Formation,"Vocabulary > JARGON: (BATTLE, TEMPLE, MARKET) > Temple Jargon",11-13,Khumeth,Sacred Ritual / Ceremony / Circle Rite. Refers to a formal spiritual practice or ceremony.,Temple Jargon,Khum (circle/reconciliation) + Eth (sacred act/embrace - assuming ),Khumeth: Derivation: Khum (circle/reconciliation) + Eth (sacred act/embrace - assuming ) / Meaning: Sacred Ritual / Ceremony / Circle Rite. Refers to a formal spiritual practice or ceremony. / Example: Nor-var Tharvok khumeth an Zhaelor. (The Family will perform the ritual in the Spring (season).),Canon,Original jargon entry preserved. Derivation contains source uncertainty.,PE-V2-0043,related usage,PT-V2-0014,Needs Human Review,possible derivation uncertainty
LX-V2-0134,Volume 2: Dictionary and Word Formation,"Vocabulary > JARGON: (BATTLE, TEMPLE, MARKET) > Temple Jargon",11-13,Talrin,Offering / Spiritual Sacrifice (of self/intent/item). The act of giving something (physical or metaphorical) as part of a ritual.,Temple Jargon,Tal (give/offer) + Rin (essence),Talrin: Derivation: Tal (give/offer) + Rin (essence) / Meaning: Offering / Spiritual Sacrifice (of self/intent/item). The act of giving something (physical or metaphorical) as part of a ritual. / Example: Tal Ilin talrin ser vaar. (We give an offering with peace.),Canon,Human-approved fused spelling applied: Talrin. Wording otherwise preserved.,PE-V2-0044,related usage,,Approved,
LX-V2-0135,Volume 2: Dictionary and Word Formation,"Vocabulary > JARGON: (BATTLE, TEMPLE, MARKET) > Temple Jargon",11-13,Shalor Liorin,Temple Elder / Priest(ess) / Sanctuary Guide. A specific title for someone leading temple rites or guiding spirituality within a sacred space.,Temple Jargon,Shalor (sanctuary) + Liorin (elder/teacher),Shalor Liorin: Derivation: Shalor (sanctuary) + Liorin (elder/teacher) / Meaning: Temple Elder / Priest(ess) / Sanctuary Guide. A specific title for someone leading temple rites or guiding spirituality within a sacred space. / Example: Aen Shalor Liorin lian nor. (The Temple Elder speaks truth now.),Canon,Original jargon entry preserved.,PE-V2-0045,related usage,,Approved,
LX-V2-0136,Volume 2: Dictionary and Word Formation,"Vocabulary > JARGON: (BATTLE, TEMPLE, MARKET) > Temple Jargon",11-13,Rinvarash,Prophetic Vision / Spiritual Insight / Glimpse of Essence. Refers to receiving divine guidance or seeing future possibilities through spiritual connection.,Temple Jargon,Rin (essence) + Varash (future/prophecy),Rinvarash: Derivation: Rin (essence) + Varash (future/prophecy) / Meaning: Prophetic Vision / Spiritual Insight / Glimpse of Essence. Refers to receiving divine guidance or seeing future possibilities through spiritual connection. / Example: Var Rinvarash thal liorin. (Prophetic vision comes from the elder.),Canon,Human-approved fused spelling applied: Rinvarash. Wording otherwise preserved.,PE-V2-0046,related usage,,Approved,
LX-V2-0137,Volume 2: Dictionary and Word Formation,"Vocabulary > JARGON: (BATTLE, TEMPLE, MARKET) > Market Jargon",11-13,Belshen,Price / Binding Value / Agreed Cost. The established or negotiated value that binds a trade.,Market Jargon,Bel (bind/weave) + Shen(akar) (coinage - shortening for flow),Belshen: Derivation: Bel (bind/weave) + Shen(akar) (coinage - shortening for flow) / Meaning: Price / Binding Value / Agreed Cost. The established or negotiated value that binds a trade. / Example: Ra aen Ya belshen velrin? (Do you speak the price of the food?),Canon,Original jargon entry preserved.,PE-V2-0047,related usage,,Approved,
LX-V2-0138,Volume 2: Dictionary and Word Formation,"Vocabulary > JARGON: (BATTLE, TEMPLE, MARKET) > Market Jargon",11-13,Vaneshem,Goods / Wares / Trade Items. The physical products being exchanged.,Market Jargon,"Vanesh (trade) + -em (perhaps related to emil food, or a general marker for 'items')","Vaneshem: Derivation: Vanesh (trade) + -em (perhaps related to emil food, or a general marker for 'items') / Meaning: Goods / Wares / Trade Items. The physical products being exchanged. / Example: Var Varadan vaneshem an Varthas. (The Merchant brings goods into the City.)",Canon,Original jargon entry preserved. Derivation contains source uncertainty.,PE-V2-0048,related usage,PT-V2-0015,Needs Human Review,possible derivation uncertainty
LX-V2-0139,Volume 2: Dictionary and Word Formation,"Vocabulary > JARGON: (BATTLE, TEMPLE, MARKET) > Market Jargon",11-13,Thalaneshen,Bargaining / Haggling / Balanced Trade Talk. The process of negotiating a fair price or exchange.,Market Jargon,Thal (balance) + Aen (speak) + Shen(akar) (coinage - shortened) OR Thal + Vanesh + -en (abstract noun?),Thalaneshen: Derivation: Thal (balance) + Aen (speak) + Shen(akar) (coinage - shortened) OR Thal + Vanesh + -en (abstract noun?) / Meaning: Bargaining / Haggling / Balanced Trade Talk. The process of negotiating a fair price or exchange. / Example: Var thalaneshen ser varadan. (Bargaining goes with the merchant.),Canon,Original jargon entry preserved. Derivation contains source uncertainty.,PE-V2-0049,related usage,PT-V2-0016,Needs Human Review,possible derivation uncertainty
LX-V2-0140,Volume 2: Dictionary and Word Formation,"Vocabulary > JARGON: (BATTLE, TEMPLE, MARKET) > Market Jargon",11-13,Ka-Shen,Barter / Tradegoods (non-monetary) / Without Coin. Refers to trade done through exchange of goods rather than currency.,Market Jargon,Ka (without) + Shen(akar) (coinage),Ka-Shen: Derivation: Ka (without) + Shen(akar) (coinage) / Meaning: Barter / Tradegoods (non-monetary) / Without Coin. Refers to trade done through exchange of goods rather than currency. / Example: Vanesh Ilin ka-shen lialor. (We trade via barter indeed.),Canon,Original jargon entry preserved.,PE-V2-0050,related usage,,Approved,
LX-V2-0141,Volume 2: Dictionary and Word Formation,"Vocabulary > JARGON: (BATTLE, TEMPLE, MARKET) > Market Jargon",11-13,Vellian,"Quality Goods / Honest Value / True Sustenance. Refers to goods considered high quality, fairly priced, or genuinely valuable.",Market Jargon,Vel (sustenance/food or wisdom/value?) + Lian (truth/honesty),"Vellian: Derivation: Vel (sustenance/food or wisdom/value?) + Lian (truth/honesty) / Meaning: Quality Goods / Honest Value / True Sustenance. Refers to goods considered high quality, fairly priced, or genuinely valuable. / Example: Tal Varadan vellian an Ilan. (The Merchant offers quality goods to the Student.)",Canon,Human-approved fused spelling applied: Vellian. Derivation uncertainty remains from source.,PE-V2-0051,related usage,PT-V2-0017,Needs Human Review,possible derivation uncertainty
LX-V2-0142,Volume 2: Dictionary and Word Formation,Word Formation and Morphology > Compounding,14,Terradren,fertile soil/well-irrigated land,Compounding Example,Terra + Dren,Terra + Dren = Terradren (fertile soil/well-irrigated land),Canon,Original table/list entry preserved.,GR-V2-0003,related usage,,Approved,
LX-V2-0143,Volume 2: Dictionary and Word Formation,Word Formation and Morphology > Compounding,14,Drenshal,reflective pool/crystal-clear spring,Compounding Example,Dren + Shal,Dren + Shal = Drenshal (reflective pool/crystal-clear spring),Canon,Original table/list entry preserved.,GR-V2-0003,related usage,,Approved,
LX-V2-0144,Volume 2: Dictionary and Word Formation,Word Formation and Morphology > Compounding,14,Morldren,waterfall/mountain stream,Compounding Example,Morl + Dren,Morl + Dren = Morldren (waterfall/mountain stream),Canon,Original table/list entry preserved.,GR-V2-0003,related usage,,Approved,
LX-V2-0145,Volume 2: Dictionary and Word Formation,Word Formation and Morphology > Compounding,14,Terraesh,horizon/place where earth meets sky,Compounding Example,Terra + Esh,Terra + Esh = Terraesh (horizon/place where earth meets sky),Canon,Original table/list entry preserved.,LX-V2-0074,duplicate,,Approved,
LX-V2-0146,Volume 2: Dictionary and Word Formation,Word Formation and Morphology > Compounding,14,Krezor,forge,Compounding Example,Krez + or,Krez + or = Krezor (forge),Canon,Original table/list entry preserved.,GR-V2-0003,related usage,PT-V2-0012,Needs Human Review,terminology overlap
LX-V2-0147,Volume 2: Dictionary and Word Formation,Food Vocabulary > Staple Foods,14-15,Morlak,Bread/Grain,Staple Foods,unchanged; Mor + lak = earthy substance,Morlak: Bread/Grain (unchanged; Mor + lak = earthy substance),Canon,Original table/list entry preserved.,PE-V2-0052,related usage,,Approved,
LX-V2-0148,Volume 2: Dictionary and Word Formation,Food Vocabulary > Staple Foods,14-15,Velrin,Meal/Food,Staple Foods,general; unchanged; Vel + rin = sustenance essence,Velrin: Meal/Food (general; unchanged; Vel + rin = sustenance essence),Canon,Original table/list entry preserved.,PE-V2-0053,related usage,,Approved,
LX-V2-0149,Volume 2: Dictionary and Word Formation,Food Vocabulary > Staple Foods,14-15,Teravin,Root Vegetable,Staple Foods,Terra + vin = earth-drawn,Teravin: Root Vegetable (Terra + vin = earth-drawn),Canon,Original table/list entry preserved.,PE-V2-0054,related usage,,Approved,
LX-V2-0150,Volume 2: Dictionary and Word Formation,Food Vocabulary > Staple Foods,14-15,Broslak,Layered Bread,Staple Foods,Bros + lak = stratified grain,Broslak: Layered Bread (Bros + lak = stratified grain),Canon,Original table/list entry preserved.,PE-V2-0055,related usage,,Approved,
LX-V2-0151,Volume 2: Dictionary and Word Formation,Food Vocabulary > Staple Foods,14-15,Pelvar,Sharp Grain,Staple Foods,Pel + var = piercing substance,Pelvar: Sharp Grain (Pel + var = piercing substance),Canon,Original table/list entry preserved.,PE-V2-0056,related usage,,Approved,
LX-V2-0152,Volume 2: Dictionary and Word Formation,Food Vocabulary > Prepared Dishes,15,Jorvak,Bursting Stew,Prepared Dishes,Jor + vak = energetic vessel,Jorvak: Bursting Stew (Jor + vak = energetic vessel),Canon,Original table/list entry preserved.,PE-V2-0057,related usage,,Approved,
LX-V2-0153,Volume 2: Dictionary and Word Formation,Food Vocabulary > Prepared Dishes,15,Welrim,Continuous Feast,Prepared Dishes,Wel + rim = flowing celebration,Welrim: Continuous Feast (Wel + rim = flowing celebration),Canon,Original table/list entry preserved.,PE-V2-0058,related usage,,Approved,
LX-V2-0154,Volume 2: Dictionary and Word Formation,Food Vocabulary > Prepared Dishes,15,Lorlivok,Earthbake,Prepared Dishes,Lor + li + vok = fire-heated earth bond,Lorlivok: Earthbake (Lor + li + vok = fire-heated earth bond),Canon,Original table/list entry preserved.,PE-V2-0059,related usage,,Approved,
LX-V2-0155,Volume 2: Dictionary and Word Formation,Food Vocabulary > Prepared Dishes,15,Phelkarin,Comforting Porridge,Prepared Dishes,Phel + karin = soothing grain essence,Phelkarin: Comforting Porridge (Phel + karin = soothing grain essence),Canon,Original table/list entry preserved.,PE-V2-0060,related usage,,Approved,
LX-V2-0156,Volume 2: Dictionary and Word Formation,Food Vocabulary > Prepared Dishes,15,Xarvel,Veiled Meal,Prepared Dishes,Xar + vel = concealed sustenance,Xarvel: Veiled Meal (Xar + vel = concealed sustenance),Canon,Original table/list entry preserved.,PE-V2-0061,related usage,,Approved,
LX-V2-0157,Volume 2: Dictionary and Word Formation,Food Vocabulary > Specialty Ingredients,15,Felorin,Berry/Small Fruit,Specialty Ingredients,Fel + orin = delicate core;,Felorin: Berry/Small Fruit (Fel + orin = delicate core;),Canon,Original table/list entry preserved.,PE-V2-0062,related usage,,Approved,
LX-V2-0158,Volume 2: Dictionary and Word Formation,Food Vocabulary > Specialty Ingredients,15,Jekvin,Spiral Herb,Specialty Ingredients,Jek + vin = twisted essence,Jekvin: Spiral Herb (Jek + vin = twisted essence),Canon,Original table/list entry preserved.,PE-V2-0063,related usage,,Approved,
LX-V2-0159,Volume 2: Dictionary and Word Formation,Food Vocabulary > Specialty Ingredients,15,Belmor,Root Spice,Specialty Ingredients,Bel + mor = binding earth,Belmor: Root Spice (Bel + mor = binding earth),Canon,Original table/list entry preserved.,PE-V2-0064,related usage,,Approved,
LX-V2-0160,Volume 2: Dictionary and Word Formation,Food Vocabulary > Specialty Ingredients,15,Xilvar,Fragmented Salt,Specialty Ingredients,Xil + var = shard of substance,Xilvar: Fragmented Salt (Xil + var = shard of substance),Canon,Original table/list entry preserved.,PE-V2-0065,related usage,,Approved,
LX-V2-0161,Volume 2: Dictionary and Word Formation,Food Vocabulary > Specialty Ingredients,15,Vethhar,Shadowspice,Specialty Ingredients,Veth + har = mystical vitality,Vethhar: Shadowspice (Veth + har = mystical vitality),Canon,Original table/list entry preserved.,PE-V2-0066,related usage,,Approved,
LX-V2-0162,Volume 2: Dictionary and Word Formation,Food Vocabulary > Beverages,15,Phelvin,Comfort Drink,Beverages,Phel + vin = soothing essence,Phelvin: Comfort Drink (Phel + vin = soothing essence),Canon,Original table/list entry preserved.,PE-V2-0067,related usage,,Approved,
LX-V2-0163,Volume 2: Dictionary and Word Formation,Food Vocabulary > Beverages,15,Velithor,Strong Ale,Beverages,Vel + ithor = energy strength; unchanged,Velithor: Strong Ale (Vel + ithor = energy strength; unchanged),Canon,Original table/list entry preserved.,PE-V2-0068,related usage,,Approved,
LX-V2-0164,Volume 2: Dictionary and Word Formation,Food Vocabulary > Beverages,15,Tenarorin,Glow Wine,Beverages,Tenar + orin = radiant essence,Tenarorin: Glow Wine (Tenar + orin = radiant essence),Canon,Original table/list entry preserved.,PE-V2-0069,related usage,,Approved,
LX-V2-0165,Volume 2: Dictionary and Word Formation,Food Vocabulary > Beverages,15,Lianfel,Truth Tea,Beverages,Lian + fel = clarity delicacy,Lianfel: Truth Tea (Lian + fel = clarity delicacy),Canon,Original table/list entry preserved.,PE-V2-0070,related usage,,Approved,
LX-V2-0166,Volume 2: Dictionary and Word Formation,Food Vocabulary > Beverages,15,Jorvilor,Bursting Berry Drink,Beverages,Jor + vilor = energetic berry essence,Jorvilor: Bursting Berry Drink (Jor + vilor = energetic berry essence),Canon,Original table/list entry preserved.,PE-V2-0071,related usage,,Approved,
LX-V2-0167,Volume 2: Dictionary and Word Formation,Food Vocabulary by Nation > Mechuma (Varthas Shal-Kaleth),16,Zhelvek,Energy Bar,Food Vocabulary by Nation,Zhel = spark/energy + vek = carrier,● Zhelvek: Energy Bar (Zhel = spark/energy + vek = carrier),Canon,Bullet list item preserved as standalone vocabulary row.,PE-V2-0077,related usage,,Approved,
LX-V2-0168,Volume 2: Dictionary and Word Formation,Food Vocabulary by Nation > Mechuma (Varthas Shal-Kaleth),16,Velmek,Synthetic Protein,Food Vocabulary by Nation,Vel = sustenance + mek = forged,● Velmek: Synthetic Protein (Vel = sustenance + mek = forged),Canon,Bullet list item preserved as standalone vocabulary row.,PE-V2-0078,related usage,,Approved,
LX-V2-0169,Volume 2: Dictionary and Word Formation,Food Vocabulary by Nation > Mechuma (Varthas Shal-Kaleth),16,Phelrin,Comfort Food,Food Vocabulary by Nation,Phel = warmth + rin = essence,● Phelrin: Comfort Food (Phel = warmth + rin = essence),Canon,Bullet list item preserved as standalone vocabulary row.,PE-V2-0079,related usage,,Approved,
LX-V2-0170,Volume 2: Dictionary and Word Formation,Food Vocabulary by Nation > Mechuma (Varthas Shal-Kaleth),16,Jorvalin,Effervescent Beverage,Food Vocabulary by Nation,Jor = burst + valin = bubbling essence,● Jorvalin: Effervescent Beverage (Jor = burst + valin = bubbling essence),Canon,Bullet list item preserved as standalone vocabulary row.,PE-V2-0080,related usage,,Approved,
LX-V2-0171,Volume 2: Dictionary and Word Formation,Food Vocabulary by Nation > Pelagae (Drenor Thal),17,Drenlivar,Salted Fish,Food Vocabulary by Nation,Dren = water + livar = preserved,● Drenlivar: Salted Fish (Dren = water + livar = preserved),Canon,Bullet list item preserved as standalone vocabulary row.,PE-V2-0081,related usage,,Approved,
LX-V2-0172,Volume 2: Dictionary and Word Formation,Food Vocabulary by Nation > Pelagae (Drenor Thal),17,Eshtenor,Seaweed Snack,Food Vocabulary by Nation,Esh = sky + Tenar = glow,● Eshtenor: Seaweed Snack (Esh = sky + Tenar = glow),Canon,Bullet list item preserved as standalone vocabulary row.,PE-V2-0082,related usage,,Approved,
LX-V2-0173,Volume 2: Dictionary and Word Formation,Food Vocabulary by Nation > Pelagae (Drenor Thal),17,Jekvarin,Spiral Shellfish,Food Vocabulary by Nation,Jek = spiral + varin = small sea creature,● Jekvarin: Spiral Shellfish (Jek = spiral + varin = small sea creature),Canon,Bullet list item preserved as standalone vocabulary row.,PE-V2-0083,related usage,,Approved,
LX-V2-0174,Volume 2: Dictionary and Word Formation,Food Vocabulary by Nation > Pelagae (Drenor Thal),17,Felorin,Berry from Coral Reefs,Food Vocabulary by Nation,Fel = small + orin = core,● Felorin: Berry from Coral Reefs (Fel = small + orin = core),Canon,Bullet list item preserved as standalone vocabulary row.,PE-V2-0084,related usage,PT-V2-0019,Needs Human Review,contextual meaning overlap
LX-V2-0175,Volume 2: Dictionary and Word Formation,Food Vocabulary by Nation > Verdalris (Lorash Terra-Thar),17,Tharmor,Rootbread,Food Vocabulary by Nation,Thar = heart + mor = earth,● Tharmor: Rootbread (Thar = heart + mor = earth),Canon,Bullet list item preserved as standalone vocabulary row.,PE-V2-0085,related usage,,Approved,
LX-V2-0176,Volume 2: Dictionary and Word Formation,Food Vocabulary by Nation > Verdalris (Lorash Terra-Thar),17,Terafennil,Herb Stew,Food Vocabulary by Nation,Terra = earth + fennil = leafy essence,● Terafennil: Herb Stew (Terra = earth + fennil = leafy essence),Canon,Bullet list item preserved as standalone vocabulary row.,PE-V2-0086,related usage,,Approved,
LX-V2-0177,Volume 2: Dictionary and Word Formation,Food Vocabulary by Nation > Verdalris (Lorash Terra-Thar),17,Brenvor,Harvested Nuts,Food Vocabulary by Nation,Bren = gathering + vor = location,● Brenvor: Harvested Nuts (Bren = gathering + vor = location),Canon,Bullet list item preserved as standalone vocabulary row.,PE-V2-0087,related usage,,Approved,
LX-V2-0178,Volume 2: Dictionary and Word Formation,Food Vocabulary by Nation > Verdalris (Lorash Terra-Thar),17,Welvinor,Flowing Mead,Food Vocabulary by Nation,Wel = flow + vinor = sweet liquid,● Welvinor: Flowing Mead (Wel = flow + vinor = sweet liquid),Canon,Bullet list item preserved as standalone vocabulary row.,PE-V2-0088,related usage,,Approved,
LX-V2-0179,Volume 2: Dictionary and Word Formation,Food Vocabulary by Nation > Zarithan (Krez Terra-Vethor),17-18,Krezfel,Spiced Grain,Food Vocabulary by Nation,Krez = fire + fel = small,● Krezfel: Spiced Grain (Krez = fire + fel = small),Canon,Bullet list item preserved as standalone vocabulary row.,PE-V2-0089,related usage,,Approved,
LX-V2-0180,Volume 2: Dictionary and Word Formation,Food Vocabulary by Nation > Zarithan (Krez Terra-Vethor),17-18,Morthas,Sand-Roasted Nuts,Food Vocabulary by Nation,Mor = earth + thas = heat-roasted,● Morthas: Sand-Roasted Nuts (Mor = earth + thas = heat-roasted),Canon,Bullet list item preserved as standalone vocabulary row.,PE-V2-0090,related usage,,Approved,
LX-V2-0181,Volume 2: Dictionary and Word Formation,Food Vocabulary by Nation > Zarithan (Krez Terra-Vethor),17-18,Voktarin,Preserved Dates,Food Vocabulary by Nation,Vok = bond + tarin = dried sweetness,● Voktarin: Preserved Dates (Vok = bond + tarin = dried sweetness),Canon,Bullet list item preserved as standalone vocabulary row.,PE-V2-0091,related usage,,Approved,
LX-V2-0182,Volume 2: Dictionary and Word Formation,Food Vocabulary by Nation > Zarithan (Krez Terra-Vethor),17-18,Phelmorin,Warm Desert Tea,Food Vocabulary by Nation,Phel = warmth + morin = earth essence,● Phelmorin: Warm Desert Tea (Phel = warmth + morin = earth essence),Canon,Bullet list item preserved as standalone vocabulary row.,PE-V2-0092,related usage,,Approved,
LX-V2-0183,Volume 2: Dictionary and Word Formation,Food Vocabulary by Nation > Nivveil (Eshor Thalor),18,Velthamor,Frozen Root Mash,Food Vocabulary by Nation,Vel = sustenance + tham = mashed + or = earth,● Velthamor: Frozen Root Mash (Vel = sustenance + tham = mashed + or = earth),Canon,Bullet list item preserved as standalone vocabulary row.,PE-V2-0093,related usage,,Approved,
LX-V2-0184,Volume 2: Dictionary and Word Formation,Food Vocabulary by Nation > Nivveil (Eshor Thalor),18,Eshvilor,Snowberry Wine,Food Vocabulary by Nation,Esh = sky + vilor = berry essence,● Eshvilor: Snowberry Wine (Esh = sky + vilor = berry essence),Canon,Bullet list item preserved as standalone vocabulary row.,PE-V2-0094,related usage,,Approved,
LX-V2-0185,Volume 2: Dictionary and Word Formation,Food Vocabulary by Nation > Nivveil (Eshor Thalor),18,Thalshorin,Ice Stew,Food Vocabulary by Nation,Thal = balance + shorin = preserved essence,● Thalshorin: Ice Stew (Thal = balance + shorin = preserved essence),Canon,Bullet list item preserved as standalone vocabulary row.,PE-V2-0095,related usage,,Approved,
LX-V2-0186,Volume 2: Dictionary and Word Formation,Food Vocabulary by Nation > Nivveil (Eshor Thalor),18,Xarlorin,Hidden Spice Tea,Food Vocabulary by Nation,Xar = concealed + lorin = guide,● Xarlorin: Hidden Spice Tea (Xar = concealed + lorin = guide),Canon,Bullet list item preserved as standalone vocabulary row.,PE-V2-0096,related usage,,Approved,
LX-V2-0187,Volume 2: Dictionary and Word Formation,Food Vocabulary by Nation > Marakor (Kaleth Rathor),18,Morvenak,Hearty Grain Porridge,Food Vocabulary by Nation,Mor = earth + venak = warm strength,● Morvenak: Hearty Grain Porridge (Mor = earth + venak = warm strength),Canon,Bullet list item preserved as standalone vocabulary row.,PE-V2-0097,related usage,,Approved,
LX-V2-0188,Volume 2: Dictionary and Word Formation,Food Vocabulary by Nation > Marakor (Kaleth Rathor),18,Kreztorin,Smoked and Dried Meat,Food Vocabulary by Nation,Krez = fire + torin = preserved protein,● Kreztorin: Smoked and Dried Meat (Krez = fire + torin = preserved protein),Canon,Bullet list item preserved as standalone vocabulary row.,PE-V2-0098,related usage,,Approved,
LX-V2-0189,Volume 2: Dictionary and Word Formation,Food Vocabulary by Nation > Marakor (Kaleth Rathor),18,Velkorin,Military Ration,Food Vocabulary by Nation,Vel = energy + korin = prepared for travel,● Velkorin: Military Ration (Vel = energy + korin = prepared for travel),Canon,Bullet list item preserved as standalone vocabulary row.,PE-V2-0099,related usage,,Approved,
LX-V2-0190,Volume 2: Dictionary and Word Formation,Food Vocabulary by Nation > Marakor (Kaleth Rathor),18,Xilbren,Fragmented Grain Cake,Food Vocabulary by Nation,Xil = shard + bren = layered gathering,● Xilbren: Fragmented Grain Cake (Xil = shard + bren = layered gathering),Canon,Bullet list item preserved as standalone vocabulary row.,PE-V2-0100,related usage,,Approved,
LX-V2-0191,Volume 2: Dictionary and Word Formation,Food Vocabulary by Nation > Jasara (Dren Vethor-Shalor),18-19,Drenkor,Oasis Bread,Food Vocabulary by Nation,Dren = water + kor = source of strength,● Drenkor: Oasis Bread (Dren = water + kor = source of strength),Canon,Bullet list item preserved as standalone vocabulary row.,PE-V2-0101,related usage,,Approved,
LX-V2-0192,Volume 2: Dictionary and Word Formation,Food Vocabulary by Nation > Jasara (Dren Vethor-Shalor),18-19,Vethsoril,Shadowspice Stew,Food Vocabulary by Nation,Veth = shadow + soril = deep flavor,● Vethsoril: Shadowspice Stew (Veth = shadow + soril = deep flavor),Canon,Bullet list item preserved as standalone vocabulary row.,PE-V2-0102,related usage,,Approved,
LX-V2-0193,Volume 2: Dictionary and Word Formation,Food Vocabulary by Nation > Jasara (Dren Vethor-Shalor),18-19,Shalorin,Sweet Fig-Like Fruit,Food Vocabulary by Nation,Shal = light + orin = essence,● Shalorin: Sweet Fig-Like Fruit (Shal = light + orin = essence),Canon,Bullet list item preserved as standalone vocabulary row.,PE-V2-0103,related usage,,Approved,
LX-V2-0194,Volume 2: Dictionary and Word Formation,Food Vocabulary by Nation > Jasara (Dren Vethor-Shalor),18-19,Welkarin,Flowing Desert Drink,Food Vocabulary by Nation,Wel = flow + karin = soothing,● Welkarin: Flowing Desert Drink (Wel = flow + karin = soothing),Canon,Bullet list item preserved as standalone vocabulary row.,PE-V2-0104,related usage,,Approved,
LX-V2-0195,Volume 2: Dictionary and Word Formation,Food Vocabulary by Nation > Valkeldor (Morl-Kaleth Thar),19,Morlathor,Stone-Root Bread,Food Vocabulary by Nation,Morl = mountain + athor = endurance,● Morlathor: Stone-Root Bread (Morl = mountain + athor = endurance),Canon,Bullet list item preserved as standalone vocabulary row.,PE-V2-0105,related usage,,Approved,
LX-V2-0196,Volume 2: Dictionary and Word Formation,Food Vocabulary by Nation > Valkeldor (Morl-Kaleth Thar),19,Velkrin,Fermented Drink,Food Vocabulary by Nation,Vel = sustenance + krin = aged/fermented,● Velkrin: Fermented Drink (Vel = sustenance + krin = aged/fermented),Canon,Bullet list item preserved as standalone vocabulary row.,PE-V2-0106,related usage,,Approved,
LX-V2-0197,Volume 2: Dictionary and Word Formation,Food Vocabulary by Nation > Valkeldor (Morl-Kaleth Thar),19,Krezlorin,Fire-Grilled Meat,Food Vocabulary by Nation,Krez = fire + lorin = cooking guide,● Krezlorin: Fire-Grilled Meat (Krez = fire + lorin = cooking guide),Canon,Bullet list item preserved as standalone vocabulary row.,PE-V2-0107,related usage,,Approved,
LX-V2-0198,Volume 2: Dictionary and Word Formation,Food Vocabulary by Nation > Valkeldor (Morl-Kaleth Thar),19,Pralvinor,Delicate Mead,Food Vocabulary by Nation,Pral = intricacy + vinor = sweet liquid,● Pralvinor: Delicate Mead (Pral = intricacy + vinor = sweet liquid),Canon,Bullet list item preserved as standalone vocabulary row.,PE-V2-0108,related usage,,Approved,
LX-V2-0199,Volume 2: Dictionary and Word Formation,Seasons,19,Zhaelor,Spring,Seasons,The blooming season.,"Zhaelor (Spring)
○ Root Derivation: Zhael (bloom/renewal) + or (time/place).
○ Meaning: The blooming season.
○ Example: ""Zhaelor shalil nor dren."" ""Spring flows lightly by the water.""",Canon,Numbered list item preserved in original_wording field.,PE-V2-0109,related usage,,Approved,
LX-V2-0200,Volume 2: Dictionary and Word Formation,Seasons,19,Fenrek,Summer,Seasons,The season of intense warmth.,"Fenrek (Summer)
○ Root Derivation: Fen (warmth) + rek (intensity).
○ Meaning: The season of intense warmth.
○ Example: ""Fenrek kal nor dren."" ""Summer strengthens by the water.""",Canon,Numbered list item preserved in original_wording field.,PE-V2-0110,related usage,,Approved,
LX-V2-0201,Volume 2: Dictionary and Word Formation,Seasons,19,Tharvin,Autumn,Seasons,The balancing season; time of harvest.,"Tharvin (Autumn)
○ Root Derivation: Thar (heart/center) + vin (drawing/pulling).
○ Meaning: The balancing season; time of harvest.
○ Example: ""Tharvin nor dren kal morl."" ""Autumn balances the water with the mountain.""",Canon,Numbered list item preserved in original_wording field.,PE-V2-0111,related usage,,Approved,
LX-V2-0202,Volume 2: Dictionary and Word Formation,Seasons,19,Velthaen,Winter,Seasons,The season of cold and spiritual stillness.,"Velthaen (Winter)
○ Root Derivation: Vel (cold/stillness) + thaen (spirit).
○ Meaning: The season of cold and spiritual stillness.
○ Example: ""Velthaen dren nor morl."" ""Winter flows by the mountain.""",Canon,Numbered list item preserved in original_wording field.,PE-V2-0112,related usage,,Approved,
LX-V2-0203,Volume 2: Dictionary and Word Formation,Weather Terms > Sky and Atmospheric Phenomena,20,Eshthael,Breeze,Weather Terms,A light and flowing breeze.,"Eshthael (Breeze)
○ Root Derivation: Esh (sky) + thael (gentle motion).
○ Meaning: A light and flowing breeze.
○ Example: ""Eshthael nor dren."" ""The breeze flows by the water.""",Canon,Numbered list item preserved in original_wording field.,PE-V2-0113,related usage,,Approved,
LX-V2-0204,Volume 2: Dictionary and Word Formation,Weather Terms > Sky and Atmospheric Phenomena,20,Shalithor,Sunlight,Weather Terms,The life-giving essence of sunlight.,"Shalithor (Sunlight)
○ Root Derivation: Shal (light) + ithor (essence).
○ Meaning: The life-giving essence of sunlight.
○ Example: ""Shalithor kal dren an Evan."" ""The sunlight strengthens at the market.""",Canon,Numbered list item preserved in original_wording field.,PE-V2-0114,related usage,,Approved,
LX-V2-0205,Volume 2: Dictionary and Word Formation,Weather Terms > Sky and Atmospheric Phenomena,20,Dralorim,Storm,Weather Terms,A celestial storm or significant weather event.,"Dralorim (Storm)
○ Root Derivation: Dral (heavens) + orim (essence).
○ Meaning: A celestial storm or significant weather event.
○ Example: ""Dralorim nor dren thal shal."" ""The storm flows with the water under the light.""",Canon,Numbered list item preserved in original_wording field.,PE-V2-0115,related usage,,Approved,
LX-V2-0206,Volume 2: Dictionary and Word Formation,Weather Terms > Sky and Atmospheric Phenomena,20,Velarshor,Fog,Weather Terms,"A quiet, enveloping mist.","Velarshor (Fog)
○ Root Derivation: Vel (cold/stillness) + arshor (enveloping presence).
○ Meaning: A quiet, enveloping mist.
○ Example: ""Velarshor dren thal morl."" ""The mist rests over the mountain.""",Canon,Numbered list item preserved in original_wording field.,PE-V2-0116,related usage,,Approved,
LX-V2-0207,Volume 2: Dictionary and Word Formation,Weather Terms > Rain and Precipitation,20,Drenalor,Rain,Weather Terms,Falling rain from the sky.,"Drenalor (Rain)
○ Root Derivation: Dren (water) + alor (falling).
○ Meaning: Falling rain from the sky.
○ Example: ""Drenalor shalil nor dren."" ""The rain falls lightly over the water.""",Canon,Numbered list item preserved in original_wording field.,PE-V2-0117,related usage,,Approved,
LX-V2-0208,Volume 2: Dictionary and Word Formation,Weather Terms > Rain and Precipitation,20,Eshvelor,Snowfall,Weather Terms,Snow falling gently from the sky.,"Eshvelor (Snowfall)
○ Root Derivation: Esh (sky) + velor (falling cold).
○ Meaning: Snow falling gently from the sky.
○ Example: ""Eshvelor nor dren thal morl."" ""The snow falls by the water and the mountain.""",Canon,Numbered list item preserved in original_wording field.,PE-V2-0118,related usage,,Approved,
LX-V2-0209,Volume 2: Dictionary and Word Formation,Weather Terms > Other Weather Events,20-21,Thalorim,Lightning,Weather Terms,"A sudden, balanced flash of energy.","Thalorim (Lightning)
○ Root Derivation: Thal (balance) + orim (essence).
○ Meaning: A sudden, balanced flash of energy.
○ Example: ""Thalorim kal dren."" ""The lightning strikes the water.""",Canon,Numbered list item preserved in original_wording field.,PE-V2-0119,related usage,,Approved,
LX-V2-0210,Volume 2: Dictionary and Word Formation,Weather Terms > Other Weather Events,20-21,Krezrek,Heatwave,Weather Terms,An overpowering wave of heat.,"Krezrek (Heatwave)
○ Root Derivation: Krez (heat) + rek (intensity).
○ Meaning: An overpowering wave of heat.
○ Example: ""Krezrek dren nor Fenrek."" ""The heatwave flows with summer.""",Canon,Numbered list item preserved in original_wording field.,PE-V2-0120,related usage,,Approved,
LX-V2-0211,Volume 2: Dictionary and Word Formation,Weather Terms > Other Weather Events,20-21,Drenvelesh,Morning Dew,Weather Terms,Dew formed from the cold sky.,"Drenvelesh (Morning Dew)
○ Root Derivation: Dren (water) + vel (cold) + esh (sky).
○ Meaning: Dew formed from the cold sky.
○ Example: ""Drenvelesh dren thal morl."" ""The morning dew rests on the water by the mountain.""",Canon,Numbered list item preserved in original_wording field.,PE-V2-0121,related usage,,Approved,
LX-V2-0212,Volume 2: Dictionary and Word Formation,Weather Terms > Other Weather Events,20-21,Eshvelaneth,Hailstorm,Weather Terms,A storm of icy hail striking the ground.,"Eshvelaneth (Hailstorm)
○ Root Derivation: Esh (sky) + vel (cold) + aneth (strike).
○ Meaning: A storm of icy hail striking the ground.
○ Example: ""Eshvelaneth kal morl."" ""The hailstorm strikes the mountain.""",Canon,Numbered list item preserved in original_wording field.,PE-V2-0122,related usage,,Approved,
LX-V2-0213,Volume 2: Dictionary and Word Formation,Nuances of Quantification and Specificity > Quantifiers,22-23,Ilinor,All / Entire / Whole,Quantifier,Usage: Placed before the noun it modifies.,"Ilinor (All / Entire / Whole): Derivation: Ilin (We/Collective) + -or (Place/Domain)? Suggests ""the whole domain of us."" Usage: Placed before the noun.",Canon,Original quantifier entry preserved. Derivation contains source uncertainty.,GR-V2-0005,related usage,PT-V2-0021,Needs Human Review,possible derivation uncertainty
LX-V2-0214,Volume 2: Dictionary and Word Formation,Nuances of Quantification and Specificity > Quantifiers,22-23,Som,Some / A few / Part of,Quantifier,Usage: Placed before the noun.,Som (Some / A few / Part of): Derivation: Coined short word. Usage: Placed before the noun.,Canon,Original quantifier entry preserved.,GR-V2-0005,related usage,,Approved,
LX-V2-0215,Volume 2: Dictionary and Word Formation,Nuances of Quantification and Specificity > Quantifiers,22-23,Melen,Many / Much / Numerous,Quantifier,Usage: Placed before the noun.,"Melen (Many / Much / Numerous): Derivation: Mel- (Thousand prefix) + -en (Honorific/Collective feel)? Suggests a large, respected number. Usage: Placed before the noun.",Canon,Original quantifier entry preserved. Derivation contains source uncertainty.,GR-V2-0005,related usage,PT-V2-0022,Needs Human Review,possible derivation uncertainty
LX-V2-0216,Volume 2: Dictionary and Word Formation,Nuances of Quantification and Specificity > Quantifiers,22-23,Felin,Few / Little / Small amount,Quantifier,Usage: Placed before the noun.,Felin (Few / Little / Small amount): Derivation: Fel (Small/Young root) + -in (Collective/Plural). Usage: Placed before the noun.,Canon,Original quantifier entry preserved.,GR-V2-0005,related usage,,Approved,
LX-V2-0217,Volume 2: Dictionary and Word Formation,Nuances of Quantification and Specificity > Quantifiers,22-23,Ekor,Each / Every,Quantifier,Usage: Placed before the noun.,"Ekor (Each / Every): Derivation: Ek (Hypothetical root for ""one/single"" related to numbers?) + Kor (Source/Strength)? ""Each source."" Usage: Placed before the noun.",Canon,Original quantifier entry preserved. Derivation contains source uncertainty.,GR-V2-0005,related usage,PT-V2-0023,Needs Human Review,possible derivation uncertainty
LX-V2-0218,Volume 2: Dictionary and Word Formation,Interjections and Exclamations,23,Aie! / Aia!,Ouch! Ow! (Sudden pain).,Interjection / Exclamation,Sharp vowel sounds.,Aie! / Aia!: Meaning: Ouch! Ow! (Sudden pain). Derivation/Sound: Sharp vowel sounds.,Canon,Original interjection entry preserved.,,,,Approved,
LX-V2-0219,Volume 2: Dictionary and Word Formation,Interjections and Exclamations,23,Dral!,"Wow! Heavens! (Surprise, awe - positive or negative).",Interjection / Exclamation,From Dral (Sky/Heavens/Wonder).,"Dral!: Meaning: Wow! Heavens! (Surprise, awe - positive or negative). Derivation/Sound: From Dral (Sky/Heavens/Wonder).",Canon,Original interjection entry preserved.,,,,Approved,
LX-V2-0220,Volume 2: Dictionary and Word Formation,Interjections and Exclamations,23,Fah!,"Ugh! Hmph! Bah! (Disgust, frustration, dismissal).",Interjection / Exclamation,From Fah (Darkness/Fear).,"Fah!: Meaning: Ugh! Hmph! Bah! (Disgust, frustration, dismissal). Derivation/Sound: From Fah (Darkness/Fear).",Canon,Original interjection entry preserved.,,,,Approved,
LX-V2-0221,Volume 2: Dictionary and Word Formation,Interjections and Exclamations,23,Vaar'a! (Vaar-AH!),"Phew! Ahh! (Relief, release of tension).",Interjection / Exclamation,Vaar (Peace) + emphasizing -a.,"Vaar'a! (Vaar-AH!): Meaning: Phew! Ahh! (Relief, release of tension). Derivation/Sound: Vaar (Peace) + emphasizing -a.",Canon,Original interjection entry preserved.,,,,Approved,
LX-V2-0222,Volume 2: Dictionary and Word Formation,Interjections and Exclamations,23,Krez!,"Blast! Damn! (Sudden anger, frustration, outburst).",Interjection / Exclamation,From Krez (Fire).,"Krez!: Meaning: Blast! Damn! (Sudden anger, frustration, outburst). Derivation/Sound: From Krez (Fire).",Canon,Original interjection entry preserved.,,,,Approved,
LX-V2-0223,Volume 2: Dictionary and Word Formation,Interjections and Exclamations,23,Lia'ka!,"Aha! Got it! Indeed! (Sudden understanding, confirmation).",Interjection / Exclamation,Lia (Yes) + -ka (Linking/Emphasis).,"Lia'ka!: Meaning: Aha! Got it! Indeed! (Sudden understanding, confirmation). Derivation/Sound: Lia (Yes) + -ka (Linking/Emphasis).",Canon,Original interjection entry preserved.,,,PT-V2-0024,Needs Human Review,terminology overlap
LX-V2-0224,Volume 2: Dictionary and Word Formation,Interjections and Exclamations,23,Hssst! or Sssst!,Shh! Quiet! Listen! (Command for silence or attention).,Interjection / Exclamation,Sibilant sounds.,Hssst! or Sssst!: Meaning: Shh! Quiet! Listen! (Command for silence or attention). Derivation/Sound: Sibilant sounds.,Canon,Original interjection entry preserved.,,,,Approved,
LX-V2-0225,Volume 2: Dictionary and Word Formation,Interjections and Exclamations,23,Hur! / Har!,"Hup! Yah! (Sound of effort, exertion, like lifting or striking).",Interjection / Exclamation,"Guttural, sharp sound.","Hur! / Har!: Meaning: Hup! Yah! (Sound of effort, exertion, like lifting or striking). Derivation/Sound: Guttural, sharp sound.",Canon,Original interjection entry preserved.,,,,Approved,
LX-V3-0001,"Volume 3: Culture, Context, and Advanced Expression",Politeness and Honorifics > Titles and Roles,4,Liana,Lady,Title / Role,,Liana: Lady,Canon,Original term entry preserved.,GR-V3-0001,related usage,,Approved,
LX-V3-0002,"Volume 3: Culture, Context, and Advanced Expression",Politeness and Honorifics > Titles and Roles,4,Lianor,Sir,Title / Role,,Lianor: Sir,Canon,Original term entry preserved.,GR-V3-0001,related usage,,Approved,
LX-V3-0003,"Volume 3: Culture, Context, and Advanced Expression",Politeness and Honorifics > Titles and Roles,4,Liorin,Teacher/Elder,Title / Role,,Liorin: Teacher/Elder,Canon,Original term entry preserved.,GR-V3-0001,related usage,,Approved,
LX-V3-0004,"Volume 3: Culture, Context, and Advanced Expression",Politeness and Honorifics > Titles and Roles,4,Liorinen,Honored Elder/Teacher,Title / Role,,Liorinen: Honored Elder/Teacher,Canon,Original term entry preserved.,GR-V3-0001,related usage,,Approved,
LX-V3-0005,"Volume 3: Culture, Context, and Advanced Expression",Politeness and Honorifics > Titles and Roles,4,Lorin,Guide,Title / Role,,Lorin: Guide,Canon,Original term entry preserved.,GR-V3-0001,related usage,,Approved,
LX-V3-0006,"Volume 3: Culture, Context, and Advanced Expression",Politeness and Honorifics > Titles and Roles,4,Lorinen,Honored Guide,Title / Role,,Lorinen: Honored Guide,Canon,Original term entry preserved.,GR-V3-0001,related usage,,Approved,
LX-V3-0007,"Volume 3: Culture, Context, and Advanced Expression",Politeness and Honorifics > Titles and Roles,4,Seren,Guardian/Protector,Title / Role,,Seren: Guardian/Protector,Canon,Original term entry preserved.,GR-V3-0001,related usage,,Approved,
LX-V3-0008,"Volume 3: Culture, Context, and Advanced Expression",Politeness and Honorifics > Titles and Roles,4,Li-Seren,Respected Guardian,Title / Role,,Li-Seren: Respected Guardian,Canon,Original term entry preserved.,GR-V3-0001,related usage,,Approved,
LX-V3-0009,"Volume 3: Culture, Context, and Advanced Expression",Register Markers,5,Aen,To speak/tell - poetic/deep,Formal Vocabulary,"Use in rituals, court, formal address, writing, when emphasizing depth. Combine with Li- / -en.","Aen (To speak/tell - poetic/deep). Usage: Use in rituals, court, formal address, writing, when emphasizing depth. Combine with Li- / -en.",Canon,Original term entry preserved.,,,PT-V3-0002,Needs Human Review,terminology overlap
LX-V3-0010,"Volume 3: Culture, Context, and Advanced Expression",Register Markers,5,Var,To go/move - purposeful,Formal Vocabulary,"Use in rituals, court, formal address, writing, when emphasizing depth. Combine with Li- / -en.","Var (To go/move - purposeful). Usage: Use in rituals, court, formal address, writing, when emphasizing depth. Combine with Li- / -en.",Canon,Original term entry preserved.,,,PT-V3-0003,Needs Human Review,terminology overlap
LX-V3-0011,"Volume 3: Culture, Context, and Advanced Expression",Register Markers,5,Dren,Water - symbolic,Formal Vocabulary,"Use in rituals, court, formal address, writing, when emphasizing depth. Combine with Li- / -en.","Dren (Water - symbolic). Usage: Use in rituals, court, formal address, writing, when emphasizing depth. Combine with Li- / -en.",Canon,Original term entry preserved.,,,,Approved,
LX-V3-0012,"Volume 3: Culture, Context, and Advanced Expression",Register Markers,5,Kel,To say/talk/tell - direct,Informal Vocabulary,"Use in casual conversation, between friends/family, marketplaces. Avoid Li- / -en unless context requires politeness.","Kel (To say/talk/tell - direct). Usage: Use in casual conversation, between friends/family, marketplaces. Avoid Li- / -en unless context requires politeness.",Canon,Original term entry preserved.,,,,Approved,
LX-V3-0013,"Volume 3: Culture, Context, and Advanced Expression",Register Markers,5,Min,To go/walk/head over - casual,Informal Vocabulary,"Use in casual conversation, between friends/family, marketplaces. Avoid Li- / -en unless context requires politeness.","Min (To go/walk/head over - casual). Usage: Use in casual conversation, between friends/family, marketplaces. Avoid Li- / -en unless context requires politeness.",Canon,Original term entry preserved.,,,,Approved,
LX-V3-0014,"Volume 3: Culture, Context, and Advanced Expression",Register Markers,5,Dro,Water - basic,Informal Vocabulary,"Use in casual conversation, between friends/family, marketplaces. Avoid Li- / -en unless context requires politeness.","Dro (Water - basic). Usage: Use in casual conversation, between friends/family, marketplaces. Avoid Li- / -en unless context requires politeness.",Canon,Original term entry preserved.,,,,Approved,
LX-V3-0015,"Volume 3: Culture, Context, and Advanced Expression",Register Markers,5,Ar,"Intensifier - very, intensely",Emotional Intensity Marker,Place after the verb/adjective. Fahaen I ar! (I am terrified!).,"Ar (Intensifier - very, intensely). Usage: Place after the verb/adjective. Fahaen I ar! (I am terrified!).",Canon,Original term entry preserved.,,,PT-V3-0004,Needs Human Review,terminology overlap
LX-V3-0016,"Volume 3: Culture, Context, and Advanced Expression",Register Markers,5,Fel,"Diminisher - slightly, a bit",Emotional Intensity Marker,Place after the verb/adjective. Theraen I fel. (I long a little.),"Fel (Diminisher - slightly, a bit). Usage: Place after the verb/adjective. Theraen I fel. (I long a little.)",Canon,Original term entry preserved.,,,PT-V3-0005,Needs Human Review,terminology overlap
LX-V3-0017,"Volume 3: Culture, Context, and Advanced Expression",Pragmatic Usage and Discourse Markers,5-6,Lia,Yes,Basic Response,"“Lia, I var dren.” – “Yes, I go to the water.”",Lia: Yes,Canon,Original term entry preserved.,,,,Approved,
LX-V3-0018,"Volume 3: Culture, Context, and Advanced Expression",Pragmatic Usage and Discourse Markers,5-6,Ka,No,Basic Response,“Ka.” – “No.”,Ka: No,Canon,Original term entry preserved.,,,PT-V3-0006,Needs Human Review,terminology overlap
LX-V3-0019,"Volume 3: Culture, Context, and Advanced Expression",Pragmatic Usage and Discourse Markers,5-6,Rethlian,Maybe,Basic Response,"“Rethlian, I nor var dren.” – “Maybe, I will go to the water.”",Rethlian: Maybe,Canon,Original term entry preserved.,,,,Approved,
LX-V3-0020,"Volume 3: Culture, Context, and Advanced Expression",Pragmatic Usage and Discourse Markers,5-6,Em… or Eh…,Indicate thinking or hesitating.,Hesitation Sound,,Em… or Eh…: Indicate thinking or hesitating.,Canon,Original term entry preserved.,,,,Approved,
LX-V3-0021,"Volume 3: Culture, Context, and Advanced Expression",Pragmatic Usage and Discourse Markers,5-6,Mmm,Considering or listening thoughtfully.,Hesitation Sound,,Mmm: Considering or listening thoughtfully.,Canon,Original term entry preserved.,,,,Approved,
LX-V3-0022,"Volume 3: Culture, Context, and Advanced Expression",Pragmatic Usage and Discourse Markers > Discourse Particles,6,Lialor,“Indeed” or “Certainly.”,Discourse Particle,"“Lialor, serin vanesh shenakar.” – “Indeed, the friends trade coinage.”","Lialor: “Indeed” or “Certainly.” “Lialor, serin vanesh shenakar.” – “Indeed, the friends trade coinage.”",Canon,Original term entry preserved.,,,,Approved,
LX-V3-0023,"Volume 3: Culture, Context, and Advanced Expression",Pragmatic Usage and Discourse Markers > Discourse Particles,6,Varthen,“So” or “Thus.”,Discourse Particle,"“Varthen, Ya var dren?” – “So, you go to the water?”","Varthen: “So” or “Thus.” “Varthen, Ya var dren?” – “So, you go to the water?”",Canon,Original term entry preserved.,,,,Approved,
LX-V3-0024,"Volume 3: Culture, Context, and Advanced Expression",Pragmatic Usage and Discourse Markers > Discourse Particles,6,Shalra,“Well?” or “So then?”,Discourse Particle,"“Shalra, Ya var emil?” – “Well, do you get food?”","Shalra: “Well?” or “So then?” “Shalra, Ya var emil?” – “Well, do you get food?”",Canon,Original term entry preserved.,,,,Approved,
LX-V3-0025,"Volume 3: Culture, Context, and Advanced Expression",Pragmatic Usage and Discourse Markers > Discourse Particles,6,Lianlor,“Honestly” or “To be truthful…”,Discourse Particle,"“Lianlor, Ver var I dren.” – “Honestly, I do not go to the water.”","Lianlor: “Honestly” or “To be truthful…” “Lianlor, Ver var I dren.” – “Honestly, I do not go to the water.”",Canon,Original term entry preserved.,,,,Approved,
LX-V3-0026,"Volume 3: Culture, Context, and Advanced Expression",Pragmatic Usage and Discourse Markers > Discourse Particles,6,Vara,"Then, Next, So (sequencer).",Discourse Particle,Usage: Typically clause-initial.,"Vara: Then, Next, So (sequencer). Usage: Typically clause-initial.",Canon,Original term entry preserved.,,,,Approved,
LX-V3-0027,"Volume 3: Culture, Context, and Advanced Expression",Pragmatic Usage and Discourse Markers > Discourse Particles,6,Thalka,"But, However, Yet, Still (contrast).",Discourse Particle,Usage: Typically clause-initial.,"Thalka: But, However, Yet, Still (contrast). Usage: Typically clause-initial.",Canon,Original term entry preserved.,,,,Approved,
LX-V3-0028,"Volume 3: Culture, Context, and Advanced Expression",Pragmatic Usage and Discourse Markers > Discourse Particles,6,Sera,"Also, Too, Even, As well (additive).",Discourse Particle,"Usage: Flexible placement, often after subject or near modified element.","Sera: Also, Too, Even, As well (additive). Usage: Flexible placement, often after subject or near modified element.",Canon,Original term entry preserved.,,,,Approved,
LX-V3-0029,"Volume 3: Culture, Context, and Advanced Expression",Pragmatic Usage and Discourse Markers > Discourse Particles,6,Tek,"Just, Only, Merely (limiter).",Discourse Particle,Usage: Typically before the modified element.,"Tek: Just, Only, Merely (limiter). Usage: Typically before the modified element.",Canon,Original term entry preserved.,,,,Approved,
LX-V3-0030,"Volume 3: Culture, Context, and Advanced Expression",Pragmatic Usage and Discourse Markers > Discourse Particles,6,Elan,"Well... (conversational starter/filler, declarative).",Discourse Particle,Usage: Typically sentence-initial.,"Elan: Well... (conversational starter/filler, declarative). Usage: Typically sentence-initial.",Canon,Original term entry preserved.,,,,Approved,
LX-V3-0031,"Volume 3: Culture, Context, and Advanced Expression",Pragmatic Usage and Discourse Markers > Discourse Particles,6,Rathka,"As if, Supposing, Like (hypothetical).",Discourse Particle,Usage: Typically clause-initial.,"Rathka: As if, Supposing, Like (hypothetical). Usage: Typically clause-initial.",Canon,Original term entry preserved.,,,,Approved,
LX-V3-0032,"Volume 3: Culture, Context, and Advanced Expression",Pragmatic Usage and Discourse Markers > Discourse Particles,6,Lialor'ka,Really?! Truly?! Actually?! (surprise/emphasis).,Discourse Particle,Usage: As interjection or emphasis.,Lialor'ka: Really?! Truly?! Actually?! (surprise/emphasis). Usage: As interjection or emphasis.,Canon,Original term entry preserved.,,,,Approved,
LX-V3-0033,"Volume 3: Culture, Context, and Advanced Expression",Pragmatic Usage and Discourse Markers > Discourse Particles,6,Reth‘thal,"Perhaps, Possibly (stronger doubt than Rethlian).",Discourse Particle,Usage: Typically sentence-initial.,"Reth‘thal: Perhaps, Possibly (stronger doubt than Rethlian). Usage: Typically sentence-initial.",Canon,Original term entry preserved.,,,,Approved,
LX-V3-0034,"Volume 3: Culture, Context, and Advanced Expression",Pragmatic Usage and Discourse Markers > Discourse Particles,6,Lia‘ser,"Right, Okay, I see, Understood (acknowledgement).",Discourse Particle,Usage: Response marker.,"Lia‘ser: Right, Okay, I see, Understood (acknowledgement). Usage: Response marker.",Canon,Original term entry preserved.,,,,Approved,
LX-V3-0035,"Volume 3: Culture, Context, and Advanced Expression",Pragmatic Usage and Discourse Markers > Discourse Particles,6,Lian'lia,Exactly! Precisely! Just so! (strong agreement).,Discourse Particle,Usage: Response marker.,Lian'lia: Exactly! Precisely! Just so! (strong agreement). Usage: Response marker.,Canon,Original term entry preserved.,,,,Approved,
LX-V3-0036,"Volume 3: Culture, Context, and Advanced Expression",Pragmatic Usage and Discourse Markers > Discourse Particles,6,Verka,Not at all! Absolutely not! (emphatic negation).,Discourse Particle,Usage: Response marker.,Verka: Not at all! Absolutely not! (emphatic negation). Usage: Response marker.,Canon,Original term entry preserved.,,,,Approved,
LX-V3-0037,"Volume 3: Culture, Context, and Advanced Expression",Pragmatic Usage and Discourse Markers > Discourse Particles,6,Thaal'ra,I wonder if... (speculation).,Discourse Particle,Usage: Typically sentence-initial.,Thaal'ra: I wonder if... (speculation). Usage: Typically sentence-initial.,Canon,Original term entry preserved.,,,,Approved,
LX-V3-0038,"Volume 3: Culture, Context, and Advanced Expression",Pragmatic Usage and Discourse Markers > Discourse Particles,6,Wek'aen,"Again, As said before, To repeat (repetition).",Discourse Particle,Usage: Typically sentence-initial or near repeated idea.,"Wek'aen: Again, As said before, To repeat (repetition). Usage: Typically sentence-initial or near repeated idea.",Canon,Original term entry preserved.,,,,Approved,
LX-V3-0145,"Volume 3: Culture, Context, and Advanced Expression",Pragmatic Usage and Discourse Markers > Discourse Particles,6,Kora,"Because, Since, For the reason that... (causation).",Discourse Particle,"Usage: Introduces a reason clause. Structure might need careful handling (e.g., Main Clause, Kora + Reason Clause)","Kora: Because, Since, For the reason that... (causation). Usage: Introduces a reason clause. Structure might need careful handling (e.g., Main Clause, Kora + Reason Clause)",Canon,Original term entry preserved.,,,PT-V3-0007,Source Ambiguity,source ambiguity
LX-V3-0039,"Volume 3: Culture, Context, and Advanced Expression",Kinship Terms,9-13,Tavan,Parent,Kinship Term,Retain as-is.,"Tavan (Parent)
Derived From: Retain as-is.
Example: ""Tavan shalil nor Felka."" (""The parent moves lightly with the child."")",Canon,Original term entry preserved.,PE-V3-0030,related usage,,Approved,
LX-V3-0040,"Volume 3: Culture, Context, and Advanced Expression",Kinship Terms,9-13,Felka,Child,Kinship Term,Retain as-is.,"Felka (Child)
Derived From: Retain as-is.
Example: ""Felka ser dren an Tavan."" (""The child is with the parent by the water."")",Canon,Original term entry preserved.,PE-V3-0031,related usage,,Approved,
LX-V3-0041,"Volume 3: Culture, Context, and Advanced Expression",Kinship Terms,9-13,Zhiren,Sibling,Kinship Term,Retain as-is.,"Zhiren (Sibling)
Derived From: Retain as-is.
Example: ""Zhiren vanesh dren."" (""The sibling trades water."")",Canon,Original term entry preserved.,PE-V3-0032,related usage,,Approved,
LX-V3-0042,"Volume 3: Culture, Context, and Advanced Expression",Kinship Terms,9-13,Velar,Elder/Grandparent,Kinship Term,Retain as-is.,"Velar (Elder/Grandparent)
Derived From: Retain as-is.
Example: ""Velar shalil nor dren."" (""The elder moves lightly by the water."")",Canon,Original term entry preserved.,PE-V3-0033,related usage,,Approved,
LX-V3-0043,"Volume 3: Culture, Context, and Advanced Expression",Kinship Terms,9-13,Pralin,Cousin,Kinship Term,Pral (intricacy/detail) + -in (connected group).,"Pralin (Cousin)
Derived From: Pral (intricacy/detail) + -in (connected group).
Example: ""Pralin ser dren thal morl."" (""The cousin is by the water under the mountain."")",Canon,Original term entry preserved.,PE-V3-0034,related usage,,Approved,
LX-V3-0044,"Volume 3: Culture, Context, and Advanced Expression",Kinship Terms,9-13,Velkavor,Ancestor / Great-grandparent,Kinship Term,Vel (wisdom) + kav (preserved/ancient) + or (time).,"Velkavor (Ancestor / Great-grandparent)
Derived From: Vel (wisdom) + kav (preserved/ancient) + or (time).
Example: ""Velkavor lian nor Terra."" (""The ancestor speaks to the Earth."")",Canon,Original term entry preserved.,PE-V3-0035,related usage,,Approved,
LX-V3-0045,"Volume 3: Culture, Context, and Advanced Expression",Kinship Terms,9-13,Belvok,Family / Clan,Kinship Term,Bel (binding) + vok (unity/bond).,"Belvok (Family / Clan)
Derived From: Bel (binding) + vok (unity/bond).
Example: ""Belvok ser dren an Teremil."" (""The family is together at home by the water."")",Canon,Original term entry preserved.,PE-V3-0036,related usage,,Approved,
LX-V3-0046,"Volume 3: Culture, Context, and Advanced Expression",Kinship Terms,9-13,Xarvethral,Adoptive Parent,Kinship Term,Xar (concealment/protection) + veth (shadow) + ral (caretaker).,"Xarvethral (Adoptive Parent)
Derived From: Xar (concealment/protection) + veth (shadow) + ral (caretaker).
Example: ""Xarvethral ser Felka thal dren."" (""The adoptive parent is with the child by the water."")",Canon,Original term entry preserved.,PE-V3-0037,related usage,,Approved,
LX-V3-0047,"Volume 3: Culture, Context, and Advanced Expression",Kinship Terms,9-13,Tavojorin,Parent-in-law,Kinship Term,Tav (giver/source) + Jor (surge/connection) + -in (person).,"Tavojorin (Parent-in-law)
Derived From: Tav (giver/source) + Jor (surge/connection) + -in (person).
Example: ""Tavojorin shalil nor dren an Belvok."" (""The parent-in-law rests with the family by the water."")",Canon,Original term entry preserved.,PE-V3-0038,related usage,,Approved,
LX-V3-0048,"Volume 3: Culture, Context, and Advanced Expression",Kinship Terms,9-13,Zhivorin,Sibling-in-law,Kinship Term,Zhir (lineage) + vor (place of bond) + -in (person).,"Zhivorin (Sibling-in-law)
Derived From: Zhir (lineage) + vor (place of bond) + -in (person).
Example: ""Zhivorin nor dren an Tavan."" (""The sibling-in-law is with the parent by the water."")",Canon,Original term entry preserved.,PE-V3-0039,related usage,,Approved,
LX-V3-0049,"Volume 3: Culture, Context, and Advanced Expression",Kinship Terms,9-13,Kalvok,Partner / Spouse,Kinship Term,Kal (strength) + vok (unity).,"Kalvok (Partner / Spouse)
Derived From: Kal (strength) + vok (unity).
Example: ""Kalvok ser Belvok an Teremil."" (""The partner is with the family at home."")",Canon,Original term entry preserved.,PE-V3-0040,related usage,,Approved,
LX-V3-0050,"Volume 3: Culture, Context, and Advanced Expression",Kinship Terms,9-13,Velpralor,Elder Partner,Kinship Term,Vel (wisdom) + pral (intricacy) + or (time).,"Velpralor (Elder Partner)
Derived From: Vel (wisdom) + pral (intricacy) + or (time).
Example: ""Velpralor kal dren nor Velar."" (""The elder partner strengthens with the elder by the water."")",Canon,Original term entry preserved.,PE-V3-0041,related usage,,Approved,
LX-V3-0051,"Volume 3: Culture, Context, and Advanced Expression",Kinship Terms,9-13,Tavrel,Aunt/Uncle,Kinship Term,Tav (giver/source) + rel (branch).,"Tavrel (Aunt/Uncle)
Derived From: Tav (giver/source) + rel (branch).
Example: ""Tavrel ser dren thal Felka."" (""The uncle/aunt is by the water with the child."")",Canon,Original term entry preserved.,PE-V3-0042,related usage,,Approved,
LX-V3-0052,"Volume 3: Culture, Context, and Advanced Expression",Kinship Terms,9-13,Felvin,Niece/Nephew,Kinship Term,Fel (young/new) + vin (pulled).,"Felvin (Niece/Nephew)
Derived From: Fel (young/new) + vin (pulled).
Example: ""Felvin nor dren an Tavan."" (""The niece/nephew rests with the parent by the water."")",Canon,Original term entry preserved.,PE-V3-0043,related usage,,Approved,
LX-V3-0053,"Volume 3: Culture, Context, and Advanced Expression",Kinship Terms,9-13,Zharin,Distant Relative,Kinship Term,Zhir (lineage) + arin (far-reaching).,"Zharin (Distant Relative)
Derived From: Zhir (lineage) + arin (far-reaching).
Example: ""Zharin ser dren thal Tharvok."" (""The distant relative is by the water under the family."")",Canon,Original term entry preserved.,PE-V3-0044,related usage,,Approved,
LX-V3-0054,"Volume 3: Culture, Context, and Advanced Expression",Kinship Terms,9-13,Velxorin,Elder Ancestor,Kinship Term,Vel (wisdom) + xor (hidden) + in (person).,"Velxorin (Elder Ancestor)
Derived From: Vel (wisdom) + xor (hidden) + in (person).
Example: ""Velxorin lian nor Terra."" (""The elder ancestor speaks to the Earth."")",Canon,Original term entry preserved.,PE-V3-0045,related usage,,Approved,
LX-V3-0055,"Volume 3: Culture, Context, and Advanced Expression",Kinship Terms,9-13,Kalvokesh,Spouse's Family,Kinship Term,Kal (strength) + vok (unity) + esh (connection).,"Kalvokesh (Spouse's Family)
Derived From: Kal (strength) + vok (unity) + esh (connection).
Example: ""Kalvokesh ser dren an Belvok."" (""The spouse's family is by the water with the unified family."")",Canon,Original term entry preserved.,PE-V3-0046,related usage,,Approved,
LX-V3-0056,"Volume 3: Culture, Context, and Advanced Expression",Kinship Terms,9-13,Zhirkalor,Partner by Lineage,Kinship Term,Zhir (lineage) + kal (strength) + or (shared essence).,"Zhirkalor (Partner by Lineage)
Derived From: Zhir (lineage) + kal (strength) + or (shared essence).
Example: ""Zhirkalor ser dren."" (""The partner by lineage is with the water."")",Canon,Original term entry preserved.,PE-V3-0047,related usage,,Approved,
LX-V3-0057,"Volume 3: Culture, Context, and Advanced Expression",Kinship Terms,9-13,Xarfelvin,Adoptive Niece/Nephew,Kinship Term,Xar (protection) + Fel (young) + vin (pulled).,"Xarfelvin (Adoptive Niece/Nephew)
Derived From: Xar (protection) + Fel (young) + vin (pulled).
Example: ""Xarfelvin ser dren an Xarvethral."" (""The adoptive niece/nephew is with the adoptive parent by the water."")",Canon,Original term entry preserved.,PE-V3-0048,related usage,,Approved,
LX-V3-0058,"Volume 3: Culture, Context, and Advanced Expression",Kinship Terms,9-13,Belvethral,Chosen Family,Kinship Term,Bel (binding) + veth (shadow) + ral (caretaker).,"Belvethral (Chosen Family)
Derived From: Bel (binding) + veth (shadow) + ral (caretaker).
Example: ""Belvethral ser dren thal Teremil."" (""The chosen family is by the water at home."")",Canon,Original term entry preserved.,PE-V3-0049,related usage,,Approved,
LX-V3-0059,"Volume 3: Culture, Context, and Advanced Expression",Kinship Terms,9-13,Velmarin,Honorary Elder,Kinship Term,Vel (wisdom) + mar (branch) + in (connected).,"Velmarin (Honorary Elder)
Derived From: Vel (wisdom) + mar (branch) + in (connected).
Example: ""Velmarin shalil nor dren."" (""The honorary elder moves lightly by the water."")",Canon,Original term entry preserved.,PE-V3-0050,related usage,,Approved,
LX-V3-0060,"Volume 3: Culture, Context, and Advanced Expression",Kinship Terms,9-13,Pralvokesh,Trusted Ally or Friend,Kinship Term,Pral (intricacy) + vok (unity) + esh (connection).,"Pralvokesh (Trusted Ally or Friend)
Derived From: Pral (intricacy) + vok (unity) + esh (connection).
Example: ""Pralvokesh ser dren an Belvok."" (""The trusted ally is with the family by the water."")",Canon,Original term entry preserved.,PE-V3-0051,related usage,,Approved,
LX-V3-0061,"Volume 3: Culture, Context, and Advanced Expression",Possession > Possession Chart,13-14,Ian,My / Direct Possession marker,Possession,,Ian: My / Direct Possession marker,Canon,Original term entry preserved.,,,PT-V3-0012,Needs Human Review,possible overlap with earlier rule
LX-V3-0062,"Volume 3: Culture, Context, and Advanced Expression",Possession > Possession Chart,13-14,Anen,Your / Direct Possession marker,Possession,,Anen: Your / Direct Possession marker,Canon,Original term entry preserved.,,,PT-V3-0012,Needs Human Review,possible overlap with earlier rule
LX-V3-0063,"Volume 3: Culture, Context, and Advanced Expression",Possession > Possession Chart,13-14,Eshen,His/Her/Their / Direct Possession marker,Possession,,Eshen: His/Her/Their / Direct Possession marker,Canon,Original term entry preserved.,,,PT-V3-0012,Needs Human Review,possible overlap with earlier rule
LX-V3-0064,"Volume 3: Culture, Context, and Advanced Expression",Possession > Possession Chart,13-14,Velian,Our / Direct Possession marker,Possession,,Velian: Our / Direct Possession marker,Canon,Original term entry preserved.,,,PT-V3-0012,Needs Human Review,possible overlap with earlier rule
LX-V3-0065,"Volume 3: Culture, Context, and Advanced Expression",Cultural & Ritual Expressions,14-15,Rathorim,Remembrance (the act).,Mourning/Remembrance Noun,,Rathorim: Remembrance (the act).,Canon,Original ritual expression preserved.,,,,Approved,
LX-V3-0066,"Volume 3: Culture, Context, and Advanced Expression",Cultural & Ritual Expressions,14-15,Fah'thar,Grief (heart-darkness).,Mourning/Remembrance Noun,,Fah'thar: Grief (heart-darkness).,Canon,Original ritual expression preserved.,,,,Approved,
LX-V3-0067,"Volume 3: Culture, Context, and Advanced Expression",Cultural & Ritual Expressions,14-15,Vel'rathor,Enduring Memory / Still Past.,Mourning/Remembrance Noun,,Vel'rathor: Enduring Memory / Still Past.,Canon,Original ritual expression preserved.,,,,Approved,
LX-V3-0068,"Volume 3: Culture, Context, and Advanced Expression",Cultural & Ritual Expressions,14-15,Rathorimaen,To Remember / Memorialize.,Mourning/Remembrance Verb,,Rathorimaen: To Remember / Memorialize.,Canon,Original ritual expression preserved.,,,,Approved,
LX-V3-0069,"Volume 3: Culture, Context, and Advanced Expression",Cultural & Ritual Expressions,14-15,Fah'tharaen,To Mourn / Grieve Deeply.,Mourning/Remembrance Verb,,Fah'tharaen: To Mourn / Grieve Deeply.,Canon,Original ritual expression preserved.,,,,Approved,
LX-V3-0070,"Volume 3: Culture, Context, and Advanced Expression",Cultural & Ritual Expressions,14-15,Ohm'rin,Attunement / Essence-Connection.,Spiritual Unity Noun,,Ohm'rin: Attunement / Essence-Connection.,Canon,Original ritual expression preserved.,,,,Approved,
LX-V3-0071,"Volume 3: Culture, Context, and Advanced Expression",Cultural & Ritual Expressions,14-15,Thal'vok,Balanced Unity / Harmony Bond.,Spiritual Unity Noun,,Thal'vok: Balanced Unity / Harmony Bond.,Canon,Original ritual expression preserved.,,,,Approved,
LX-V3-0072,"Volume 3: Culture, Context, and Advanced Expression",Cultural & Ritual Expressions,14-15,Ohm'aen,To Connect With / Attune To (revisited).,Spiritual Unity Verb,,Ohm'aen: To Connect With / Attune To (revisited).,Canon,Original ritual expression preserved.,,,,Approved,
LX-V3-0073,"Volume 3: Culture, Context, and Advanced Expression",Cultural & Ritual Expressions,14-15,Belaen Rin,To Weave Essence / Blend Spiritually.,Spiritual Unity Verb,,Belaen Rin: To Weave Essence / Blend Spiritually.,Canon,Original ritual expression preserved.,,,,Approved,
LX-V3-0074,"Volume 3: Culture, Context, and Advanced Expression",Cultural & Ritual Expressions,14-15,Thal'vokaen,To Harmonize / Achieve Balanced Unity.,Spiritual Unity Verb,,Thal'vokaen: To Harmonize / Achieve Balanced Unity.,Canon,Original ritual expression preserved.,,,,Approved,
LX-V3-0075,"Volume 3: Culture, Context, and Advanced Expression",Cultural & Ritual Expressions,14-15,Shal'taleth,Light-Offering Ritual.,Ritual Noun,,Shal'taleth: Light-Offering Ritual.,Canon,Original ritual expression preserved. Source labels this group with tentative wording.,,,PT-V3-0013,Source Ambiguity,source ambiguity
LX-V3-0076,"Volume 3: Culture, Context, and Advanced Expression",Cultural & Ritual Expressions,14-15,Bel'Rathorimeth,Memory-Weaving Ritual.,Ritual Noun,,Bel'Rathorimeth: Memory-Weaving Ritual.,Canon,Original ritual expression preserved. Source labels this group with tentative wording.,,,PT-V3-0013,Source Ambiguity,source ambiguity
LX-V3-0077,"Volume 3: Culture, Context, and Advanced Expression",Cultural & Ritual Expressions,14-15,Aen'Moreth,Breath-into-Stone Ritual.,Ritual Noun,,Aen'Moreth: Breath-into-Stone Ritual.,Canon,Original ritual expression preserved. Source labels this group with tentative wording.,,,PT-V3-0013,Source Ambiguity,source ambiguity
LX-V3-0078,"Volume 3: Culture, Context, and Advanced Expression",Cultural & Ritual Expressions,14-15,Lorin'Ohmeth,Guidance-Seeking Ritual.,Ritual Noun,,Lorin'Ohmeth: Guidance-Seeking Ritual.,Canon,Original ritual expression preserved. Source labels this group with tentative wording.,,,PT-V3-0013,Source Ambiguity,source ambiguity
LX-V3-0079,"Volume 3: Culture, Context, and Advanced Expression",Cultural & Ritual Expressions,14-15,Talaen Shal,To offer light.,Ritual Verb,,Talaen Shal: To offer light.,Canon,Original ritual expression preserved.,,,,Approved,
LX-V3-0080,"Volume 3: Culture, Context, and Advanced Expression",Cultural & Ritual Expressions,14-15,Belaen Rathorim,To weave remembrance.,Ritual Verb,,Belaen Rathorim: To weave remembrance.,Canon,Original ritual expression preserved.,,,,Approved,
LX-V3-0081,"Volume 3: Culture, Context, and Advanced Expression",Cultural & Ritual Expressions,14-15,Aenaen an Mor,To speak/breathe into stone.,Ritual Verb,,Aenaen an Mor: To speak/breathe into stone.,Canon,Original ritual expression preserved.,,,,Approved,
LX-V3-0082,"Volume 3: Culture, Context, and Advanced Expression",Cultural & Ritual Expressions,14-15,Ohm'aen Lorin,To connect with guidance/Guide.,Ritual Verb,,Ohm'aen Lorin: To connect with guidance/Guide.,Canon,Original ritual expression preserved.,,,,Approved,
LX-V3-0083,"Volume 3: Culture, Context, and Advanced Expression",Cultural & Ritual Expressions,14-15,Thal'talaen,To sacrifice/relinquish (general verb).,Sacrifice Verb/Noun,,Thal'talaen: To sacrifice/relinquish (general verb).,Canon,Original ritual expression preserved.,,,,Approved,
LX-V3-0084,"Volume 3: Culture, Context, and Advanced Expression",Cultural & Ritual Expressions,14-15,Thal'taleth,Act/Ritual of Sacrifice (general noun).,Sacrifice Verb/Noun,,Thal'taleth: Act/Ritual of Sacrifice (general noun).,Canon,Original ritual expression preserved.,,,,Approved,
LX-V3-0085,"Volume 3: Culture, Context, and Advanced Expression",Cultural & Ritual Expressions,14-15,Thar'taleth,Life/Heart Sacrifice Ritual (noun).,Sacrifice Verb/Noun,,Thar'taleth: Life/Heart Sacrifice Ritual (noun).,Canon,Original ritual expression preserved.,,,,Approved,
LX-V3-0086,"Volume 3: Culture, Context, and Advanced Expression",Cultural & Ritual Expressions,14-15,Arthen'taleth,Sacrifice for Destiny Ritual (noun).,Sacrifice Verb/Noun,,Arthen'taleth: Sacrifice for Destiny Ritual (noun).,Canon,Original ritual expression preserved.,,,,Approved,
LX-V3-0087,"Volume 3: Culture, Context, and Advanced Expression",Cultural & Ritual Expressions,14-15,Kor'taleth,Offering to Power Source Ritual (noun).,Sacrifice Verb/Noun,,Kor'taleth: Offering to Power Source Ritual (noun).,Canon,Original ritual expression preserved.,,,,Approved,
LX-V3-0088,"Volume 3: Culture, Context, and Advanced Expression",Cultural & Ritual Expressions,14-15,Talaen,To give/offer (used for simpler offerings).,Sacrifice Verb/Noun,,Talaen: To give/offer (used for simpler offerings).,Canon,Original ritual expression preserved.,,,,Approved,
LX-V3-0089,"Volume 3: Culture, Context, and Advanced Expression",Core Emotion Verbs,15-16,Fahaen,To Fear.,Emotion Verb,"Derivation: From Fah (Fear/Darkness) + -aen. Usage: Standard verb, follows VSO.","Fahaen: Meaning: To Fear. / Derivation: From Fah (Fear/Darkness) + -aen. / Usage: Standard verb, follows VSO. Fahaen I Vethor. (I fear the Shadow.)",Canon,Original term entry preserved.,PE-V3-0052,related usage,,Approved,
LX-V3-0090,"Volume 3: Culture, Context, and Advanced Expression",Core Emotion Verbs,15-16,Theraen,To Long For / Yearn For.,Emotion Verb,"Derivation: From Thera (Longing) + -aen. Usage: Standard verb, follows VSO.","Theraen: Meaning: To Long For / Yearn For. / Derivation: From Thera (Longing) + -aen. / Usage: Standard verb, follows VSO. Theraen La Shalor. (They long for the Sanctuary.)",Canon,Original term entry preserved.,PE-V3-0053,related usage,,Approved,
LX-V3-0091,"Volume 3: Culture, Context, and Advanced Expression",Core Emotion Verbs,15-16,Vialaen,To Be Joyful / Rejoice.,Emotion Verb,"Derivation: From Vial (Joy) + -aen. Usage: Standard verb, follows VSO.","Vialaen: Meaning: To Be Joyful / Rejoice. / Derivation: From Vial (Joy) + -aen. / Usage: Standard verb, follows VSO. Vialaen Ilin ser vaar. (We rejoice in peace.)",Canon,Original term entry preserved.,PE-V3-0054,related usage,,Approved,
LX-V3-0092,"Volume 3: Culture, Context, and Advanced Expression",Core Emotion Verbs,15-16,Ohmaen,To Love / Cherish / Feel Connection / Attune To (can have spiritual nuance).,Emotion Verb,"Derivation: From Ohm- (Connection/Unity) + -aen. Usage: Standard verb, follows VSO.","Ohmaen: Meaning: To Love / Cherish / Feel Connection / Attune To (can have spiritual nuance). / Derivation: From Ohm- (Connection/Unity) + -aen. / Usage: Standard verb, follows VSO. Ohmaen Ya Kalvok-en. (You love your bonded partner.)",Canon,Original term entry preserved.,PE-V3-0055,related usage,,Approved,
LX-V3-0093,"Volume 3: Culture, Context, and Advanced Expression",Core Emotion Verbs,15-16,Ravokhaen,To Desire / Want Intensely.,Emotion Verb,"Derivation: From Ravokha (Desire) + -aen. Usage: Standard verb, follows VSO.","Ravokhaen: Meaning: To Desire / Want Intensely. / Derivation: From Ravokha (Desire) + -aen. / Usage: Standard verb, follows VSO. Ravokhaen Tavan dren. (The parent desires water.)",Canon,Original term entry preserved.,PE-V3-0056,related usage,,Approved,
LX-V3-0094,"Volume 3: Culture, Context, and Advanced Expression",Core Emotion Verbs,15-16,Shalaen,To Hope / See Light Ahead.,Emotion Verb,"Derivation: From Shal (Light/Hope) + -aen. Usage: Standard verb, follows VSO.","Shalaen: Meaning: To Hope / See Light Ahead. / Derivation: From Shal (Light/Hope) + -aen. / Usage: Standard verb, follows VSO. Shalaen Ilin an Kinnshal. (We hope in the dawn.)",Canon,Original term entry preserved.,PE-V3-0057,related usage,,Approved,
LX-V3-0095,"Volume 3: Culture, Context, and Advanced Expression",Core Emotion Verbs,15-16,Seraen,To Trust / Ally With.,Emotion Verb,"Derivation: From Ser (Friend/Ally) + -aen. Usage: Standard verb, follows VSO.","Seraen: Meaning: To Trust / Ally With. / Derivation: From Ser (Friend/Ally) + -aen. / Usage: Standard verb, follows VSO. Seraen Kaikoa Lianor. (Kaikoa trusts the Sir.)",Canon,Original term entry preserved.,PE-V3-0058,related usage,,Approved,
LX-V3-0096,"Volume 3: Culture, Context, and Advanced Expression",Core Emotion Verbs,15-16,Nkathalaen,To Grieve / Be Sad.,Emotion Verb,"Derivation: From Nkathal (Sadness) + -aen. Usage: Standard verb, follows VSO.","Nkathalaen: Meaning: To Grieve / Be Sad. / Derivation: From Nkathal (Sadness) + -aen. / Usage: Standard verb, follows VSO. Nkathalaen Velar rathor. (The elder grieves for the past.)",Canon,Original term entry preserved.,PE-V3-0059,related usage,,Approved,
LX-V3-0097,"Volume 3: Culture, Context, and Advanced Expression",Core Emotion Verbs,15-16,Rathaen,To Hate / Oppose Strongly / Treat as Foe.,Emotion Verb,"Derivation: From Rath (Enemy/Foe) + -aen. Usage: Standard verb, follows VSO.","Rathaen: Meaning: To Hate / Oppose Strongly / Treat as Foe. / Derivation: From Rath (Enemy/Foe) + -aen. / Usage: Standard verb, follows VSO. Rathaen Lalin fah. (They hate the darkness.)",Canon,Original term entry preserved.,PE-V3-0060,related usage,,Approved,
LX-V3-0098,"Volume 3: Culture, Context, and Advanced Expression",Core Emotion Verbs,15-16,Krezaen,To Rage / Burn with Anger.,Emotion Verb,"Derivation: From Krez (Fire) + -aen. Usage: Standard verb, follows VSO.","Krezaen: Meaning: To Rage / Burn with Anger. / Derivation: From Krez (Fire) + -aen. / Usage: Standard verb, follows VSO. Krezaen Kadron an varok. (The man rages at the command.)",Canon,Original term entry preserved.,PE-V3-0061,related usage,,Approved,
LX-V3-0099,"Volume 3: Culture, Context, and Advanced Expression",Core Emotion Verbs,15-16,Rethaen,To Worry / Be Uncertain.,Emotion Verb,"Derivation: From Reth (Uncertainty) + -aen. Usage: Standard verb, follows VSO.","Rethaen: Meaning: To Worry / Be Uncertain. / Derivation: From Reth (Uncertainty) + -aen. / Usage: Standard verb, follows VSO. Ra rethaen Ya nor Varash? (Do you worry about the future?)",Canon,Original term entry preserved.,PE-V3-0062,related usage,,Approved,
LX-V3-0100,"Volume 3: Culture, Context, and Advanced Expression",Core Emotion Verbs,15-16,Vershalaen,To Despair / Lose Hope.,Emotion Verb,"Derivation: From Ver- (Negation) + Shal (Light/Hope) + -aen. Usage: Standard verb, follows VSO.","Vershalaen: Meaning: To Despair / Lose Hope. / Derivation: From Ver- (Negation) + Shal (Light/Hope) + -aen. / Usage: Standard verb, follows VSO. Vershalaen La nor fah. (They despair in the darkness.)",Canon,Original term entry preserved.,PE-V3-0063,related usage,,Approved,
LX-V3-0101,"Volume 3: Culture, Context, and Advanced Expression",Core Emotion Verbs,15-16,Thaalaen,To Feel Awe / Wonder.,Emotion Verb,"Derivation: From Thaal (Wonder/Unknown) + -aen. Usage: Standard verb, follows VSO.","Thaalaen: Meaning: To Feel Awe / Wonder. / Derivation: From Thaal (Wonder/Unknown) + -aen. / Usage: Standard verb, follows VSO. Thaalaen Ilin an Dral. (We wonder at the heavens.)",Canon,Original term entry preserved.,PE-V3-0064,related usage,,Approved,
LX-V3-0102,"Volume 3: Culture, Context, and Advanced Expression",Core Emotion Verbs,15-16,Vaaranoraen,To Feel Contentment / Inner Peace.,Emotion Verb,"Derivation: Hypothetical noun Vaaranor (Inner Peace) + -aen. Usage: Standard verb, follows VSO.","Vaaranoraen: Meaning: To Feel Contentment / Inner Peace. / Derivation: Hypothetical noun Vaaranor (Inner Peace) + -aen. / Usage: Standard verb, follows VSO. Vaaranoraen Velar ser teremil. (The elder feels content with the meal.)",Canon,Original term entry preserved.,PE-V3-0065,related usage,PT-V3-0014,Source Ambiguity,source ambiguity
LX-V3-0103,"Volume 3: Culture, Context, and Advanced Expression",Core Emotion Verbs,15-16,Vokaen,To Betray / Break Bond.,Emotion Verb,"Derivation: From Vok (Unity/Bond) + -aen. Usage: Standard verb, follows VSO.","Vokaen: Meaning: To Betray / Break Bond. / Derivation: From Vok (Unity/Bond) + -aen. / Usage: Standard verb, follows VSO. Vokaen Ser rath. (The friend betrays the enemy.)",Canon,Original term entry preserved.,PE-V3-0066,related usage,PT-V3-0015,Approved,
LX-V3-0104,"Volume 3: Culture, Context, and Advanced Expression",Core Emotion Verbs,15-16,Veth'tharaen,To Feel Shame / Guilt.,Emotion Verb,"Derivation: From Veth (Shadow) + Thar (Heart) + -aen. Usage: Standard verb, follows VSO.","Veth'tharaen: Meaning: To Feel Shame / Guilt. / Derivation: From Veth (Shadow) + Thar (Heart) + -aen. / Usage: Standard verb, follows VSO. Veth'tharaen Kadron nor lian ver. (The man feels shame for the untruth.)",Canon,Original term entry preserved.,PE-V3-0067,related usage,,Approved,
LX-V3-0105,"Volume 3: Culture, Context, and Advanced Expression",Core Emotion Verbs,15-16,Zhaeaen,To Feel Empathy / Sympathize.,Emotion Verb,"Derivation: From Zhae- (Light/Empathy) + -aen. Usage: Standard verb, follows VSO.","Zhaeaen: Meaning: To Feel Empathy / Sympathize. / Derivation: From Zhae- (Light/Empathy) + -aen. / Usage: Standard verb, follows VSO. Zhaeaen Azron ser Nkathal. (The woman empathizes with the sadness.)",Canon,Original term entry preserved.,PE-V3-0068,related usage,,Approved,
LX-V3-0106,"Volume 3: Culture, Context, and Advanced Expression",Core Emotion Verbs,15-16,Vaar'kelaen,To Feel Relief.,Emotion Verb,"Derivation: From Vaar (Peace) + hypothetical kel (arrive) + -aen. Usage: Standard verb, follows VSO.","Vaar'kelaen: Meaning: To Feel Relief. / Derivation: From Vaar (Peace) + hypothetical kel (arrive) + -aen. / Usage: Standard verb, follows VSO. Vaar'kelaen I an shal. (I feel relief in the light.)",Canon,Original term entry preserved.,PE-V3-0069,related usage,PT-V3-0016,Source Ambiguity,source ambiguity
LX-V3-0107,"Volume 3: Culture, Context, and Advanced Expression",Language Use Across the Nations of Ohnosha > Cultural Customization by Nation > Pelagae,21-24,Drenvokesh,Water Unity Ceremony,National Ceremonial Term,Derived From: Dren (water) + vok (bond) + esh (connection). Meaning: A ritual where families or clans pledge unity near water.,"Drenvokesh: Water Unity Ceremony
Derived From: Dren (water) + vok (bond) + esh (connection).
Meaning: A ritual where families or clans pledge unity near water.
Example Phrase: ""Drenvokesh kal dren nor Belvok."" ""The water unity strengthens the family by the water.""",Canon,Original term entry preserved.,PE-V3-0087,related usage,,Approved,
LX-V3-0108,"Volume 3: Culture, Context, and Advanced Expression",Language Use Across the Nations of Ohnosha > Cultural Customization by Nation > Pelagae,21-24,Eshlorien,Wave Naming Ritual,National Ceremonial Term,Derived From: Esh (sky/air) + lorin (guide). Meaning: A naming ceremony for children born by the sea.,"Eshlorien: Wave Naming Ritual
Derived From: Esh (sky/air) + lorin (guide).
Meaning: A naming ceremony for children born by the sea.
Example Phrase: ""Eshlorien nor dren an Zhaelor."" ""The wave naming flows by the water in spring.""",Canon,Original term entry preserved.,PE-V3-0088,related usage,,Approved,
LX-V3-0109,"Volume 3: Culture, Context, and Advanced Expression",Language Use Across the Nations of Ohnosha > Cultural Customization by Nation > Verdalris,21-24,Terrashaneth,Earth Blessing Ceremony,National Ceremonial Term,Derived From: Terra (earth) + shan (pass) + eth (sacred). Meaning: A ritual to bless the land and seek the ancestors' guidance.,"Terrashaneth: Earth Blessing Ceremony
Derived From: Terra (earth) + shan (pass) + eth (sacred).
Meaning: A ritual to bless the land and seek the ancestors' guidance.
Example Phrase: ""Terrashaneth lian nor Tharvok."" ""The Earth blessing speaks to the family.""",Canon,Original term entry preserved.,PE-V3-0089,related usage,,Approved,
LX-V3-0110,"Volume 3: Culture, Context, and Advanced Expression",Language Use Across the Nations of Ohnosha > Cultural Customization by Nation > Verdalris,21-24,Velpralim,Wisdom Transfer Ritual,National Ceremonial Term,Derived From: Vel (wisdom) + pral (intricacy) + im (essence). Meaning: A ceremony for elders to pass their knowledge to younger generations.,"Velpralim: Wisdom Transfer Ritual
Derived From: Vel (wisdom) + pral (intricacy) + im (essence).
Meaning: A ceremony for elders to pass their knowledge to younger generations.
Example Phrase: ""Velpralim shan dren an Zhirelorim."" ""The wisdom transfer passes to the coming-of-age ritual.""",Canon,Original term entry preserved.,PE-V3-0090,related usage,,Approved,
LX-V3-0111,"Volume 3: Culture, Context, and Advanced Expression",Language Use Across the Nations of Ohnosha > Cultural Customization by Nation > Zarithan,21-24,Kreztharim,Fire Heart Ritual,National Ceremonial Term,Derived From: Krez (fire) + thar (heart) + im (essence). Meaning: A ceremony to honor strength and resilience within families.,"Kreztharim: Fire Heart Ritual
Derived From: Krez (fire) + thar (heart) + im (essence).
Meaning: A ceremony to honor strength and resilience within families.
Example Phrase: ""Kreztharim kal nor dren."" ""The fire heart strengthens by the water.""",Canon,Original term entry preserved.,PE-V3-0091,related usage,,Approved,
LX-V3-0112,"Volume 3: Culture, Context, and Advanced Expression",Language Use Across the Nations of Ohnosha > Cultural Customization by Nation > Zarithan,21-24,Zhivokesh,Bond Renewal Ceremony,National Ceremonial Term,Derived From: Zhi (lineage) + vok (unity) + esh (connection). Meaning: A ritual where family bonds are reaffirmed under the desert stars.,"Zhivokesh: Bond Renewal Ceremony
Derived From: Zhi (lineage) + vok (unity) + esh (connection).
Meaning: A ritual where family bonds are reaffirmed under the desert stars.
Example Phrase: ""Zhivokesh shalil thal morl."" ""The bond renewal flows under the mountain.""",Canon,Original term entry preserved.,PE-V3-0092,related usage,,Approved,
LX-V3-0113,"Volume 3: Culture, Context, and Advanced Expression",Language Use Across the Nations of Ohnosha > Cultural Customization by Nation > Mechuma,21-24,Dralshaneth,Heaven's Blessing,National Ceremonial Term,Derived From: Dral (heavens) + shan (pass) + eth (sacred). Meaning: A celestial ceremony to seek guidance and protection for the family.,"Dralshaneth: Heaven's Blessing
Derived From: Dral (heavens) + shan (pass) + eth (sacred).
Meaning: A celestial ceremony to seek guidance and protection for the family.
Example Phrase: ""Dralshaneth kal dren an Belvok."" ""The heaven's blessing strengthens the family.""",Canon,Original term entry preserved.,PE-V3-0093,related usage,,Approved,
LX-V3-0114,"Volume 3: Culture, Context, and Advanced Expression",Language Use Across the Nations of Ohnosha > Cultural Customization by Nation > Mechuma,21-24,Zhirelorim,Cosmic Coming-of-Age,National Ceremonial Term,Derived From: Zhir (lineage) + elor (growth) + im (essence). Meaning: A coming-of-age ritual tied to celestial alignments.,"Zhirelorim: Cosmic Coming-of-Age
Derived From: Zhir (lineage) + elor (growth) + im (essence).
Meaning: A coming-of-age ritual tied to celestial alignments.
Example Phrase: ""Zhirelorim nor dren an Dralorim."" ""The coming-of-age flows with the celestial storm.""",Canon,Original term entry preserved.,PE-V3-0094,related usage,,Approved,
LX-V3-0115,"Volume 3: Culture, Context, and Advanced Expression",Language Use Across the Nations of Ohnosha > Cultural Customization by Nation > Valkeldor,21-24,Morlatharim,Stone Heart Ceremony,National Ceremonial Term,Derived From: Morl (mountain) + thar (heart) + im (essence). Meaning: A ritual to honor resilience and fortify family bonds.,"Morlatharim: Stone Heart Ceremony
Derived From: Morl (mountain) + thar (heart) + im (essence).
Meaning: A ritual to honor resilience and fortify family bonds.
Example Phrase: ""Morlatharim shalil nor dren."" ""The stone heart flows by the water.""",Canon,Original term entry preserved.,PE-V3-0095,related usage,,Approved,
LX-V3-0116,"Volume 3: Culture, Context, and Advanced Expression",Language Use Across the Nations of Ohnosha > Cultural Customization by Nation > Valkeldor,21-24,Velmarineth,Elder's Blessing,National Ceremonial Term,Derived From: Vel (wisdom) + marin (branch) + eth (sacred). Meaning: A ceremony where elders bless the younger branches of the family tree.,"Velmarineth: Elder's Blessing
Derived From: Vel (wisdom) + marin (branch) + eth (sacred).
Meaning: A ceremony where elders bless the younger branches of the family tree.
Example Phrase: ""Velmarineth lian nor Felka."" ""The elder's blessing speaks to the child.""",Canon,Original term entry preserved.,PE-V3-0096,related usage,,Approved,
LX-V3-0117,"Volume 3: Culture, Context, and Advanced Expression",Language Use Across the Nations of Ohnosha > Cultural Customization by Nation > Nivveil,21-24,Velthaelvok,Winter Unity Ceremony,National Ceremonial Term,Derived From: Vel (cold) + thael (motion) + vok (unity). Meaning: A ritual for families to renew bonds during the harsh winter season.,"Velthaelvok: Winter Unity Ceremony
Derived From: Vel (cold) + thael (motion) + vok (unity).
Meaning: A ritual for families to renew bonds during the harsh winter season.
Example Phrase: ""Velthaelvok ser dren thal Velthaen."" ""The winter unity flows with the cold season.""",Canon,Original term entry preserved.,PE-V3-0097,related usage,,Approved,
LX-V3-0118,"Volume 3: Culture, Context, and Advanced Expression",Language Use Across the Nations of Ohnosha > Cultural Customization by Nation > Nivveil,21-24,Eshvelaneth,Snowstorm Guidance Ritual,National Ceremonial Term,Derived From: Esh (sky) + vel (cold) + aneth (strike). Meaning: A ritual to seek guidance during challenging times.,"Eshvelaneth: Snowstorm Guidance Ritual
Derived From: Esh (sky) + vel (cold) + aneth (strike).
Meaning: A ritual to seek guidance during challenging times.
Example Phrase: ""Eshvelaneth shan dren an Tharvok."" ""The snowstorm guidance passes to the family.""",Canon,Original term entry preserved.,PE-V3-0098,related usage,,Approved,
LX-V3-0119,"Volume 3: Culture, Context, and Advanced Expression",Language Use Across the Nations of Ohnosha > Cultural Customization by Nation > Jasara,21-24,Drenkorath,Oasis Blessing Ceremony,National Ceremonial Term,Derived From: Dren (water) + kor (source/strength) + ath (balance). Meaning: A ritual where families gather to honor and protect their oasis or water source.,"Drenkorath: Oasis Blessing Ceremony
Derived From: Dren (water) + kor (source/strength) + ath (balance).
Meaning: A ritual where families gather to honor and protect their oasis or water source.
Example Phrase: ""Drenkorath lian nor dren."" ""The oasis blessing speaks to the water.""",Canon,Original term entry preserved.,PE-V3-0099,related usage,,Approved,
LX-V3-0120,"Volume 3: Culture, Context, and Advanced Expression",Language Use Across the Nations of Ohnosha > Cultural Customization by Nation > Jasara,21-24,Shalorveth,Shadowlight Ritual,National Ceremonial Term,"Derived From: Shal (light) + or (essence) + veth (shadow). Meaning: A mystical ceremony that represents the balance between opposites (light and shadow, joy and sorrow) within family ties.","Shalorveth: Shadowlight Ritual
Derived From: Shal (light) + or (essence) + veth (shadow).
Meaning: A mystical ceremony that represents the balance between opposites (light and shadow, joy and sorrow) within family ties.
Example Phrase: ""Shalorveth kal dren thal Tharvok."" ""The shadowlight ritual strengthens with the family under balance.""",Canon,Original term entry preserved.,PE-V3-0100,related usage,,Approved,
LX-V3-0121,"Volume 3: Culture, Context, and Advanced Expression",Language Use Across the Nations of Ohnosha > Cultural Customization by Nation > Jasara,21-24,Velterim,Desert Passage Ceremony,National Ceremonial Term,"Derived From: Vel (stillness/cold) + ter (journey) + im (essence). Meaning: A coming-of-age ritual where individuals complete a journey across the desert, symbolizing growth and resilience.","Velterim: Desert Passage Ceremony
Derived From: Vel (stillness/cold) + ter (journey) + im (essence).
Meaning: A coming-of-age ritual where individuals complete a journey across the desert, symbolizing growth and resilience.
Example Phrase: ""Velterim shan dren nor Zhirelorim."" ""The desert passage passes to the coming-of-age ritual.""",Canon,Original term entry preserved.,PE-V3-0101,related usage,,Approved,
LX-V3-0122,"Volume 3: Culture, Context, and Advanced Expression",Language Use Across the Nations of Ohnosha > Cultural Customization by Nation > Marakor,21-24,Krezmorath,Fire Bond Ritual,National Ceremonial Term,"Derived From: Krez (fire) + mor (earth/grounding) + ath (balance). Meaning: A ritual performed around a fire to fortify family unity and resolve, often before significant challenges.","Krezmorath: Fire Bond Ritual
Derived From: Krez (fire) + mor (earth/grounding) + ath (balance).
Meaning: A ritual performed around a fire to fortify family unity and resolve, often before significant challenges.
Example Phrase: ""Krezmorath kal dren an Belvok."" ""The fire bond strengthens with the family.""",Canon,Original term entry preserved.,PE-V3-0102,related usage,,Approved,
LX-V3-0123,"Volume 3: Culture, Context, and Advanced Expression",Language Use Across the Nations of Ohnosha > Cultural Customization by Nation > Marakor,21-24,Tharvelim,Mountain Ancestor Ritual,National Ceremonial Term,Derived From: Thar (heart) + vel (wisdom) + im (essence). Meaning: A ceremony where the wisdom and strength of ancestors are invoked for guidance and protection.,"Tharvelim: Mountain Ancestor Ritual
Derived From: Thar (heart) + vel (wisdom) + im (essence).
Meaning: A ceremony where the wisdom and strength of ancestors are invoked for guidance and protection.
Example Phrase: ""Tharvelim lian dren an Terra."" ""The mountain ancestor ritual speaks to the Earth.""",Canon,Original term entry preserved.,PE-V3-0103,related usage,,Approved,
LX-V3-0124,"Volume 3: Culture, Context, and Advanced Expression",Language Use Across the Nations of Ohnosha > Cultural Customization by Nation > Marakor,21-24,Kalorinath,Fortress Bonding Ceremony,National Ceremonial Term,"Derived From: Kal (strength) + lorin (guide) + ath (balance). Meaning: A ritual marking the formal union of families, emphasizing collective strength and mutual guidance.","Kalorinath: Fortress Bonding Ceremony
Derived From: Kal (strength) + lorin (guide) + ath (balance).
Meaning: A ritual marking the formal union of families, emphasizing collective strength and mutual guidance.
Example Phrase: ""Kalorinath ser dren thal Tharvok."" ""The fortress bonding ceremony is with the family under balance.""",Canon,Original term entry preserved.,PE-V3-0104,related usage,,Approved,
LX-V3-0125,"Volume 3: Culture, Context, and Advanced Expression",Slurs for each of the eight nations,25-26,Varkareth,"""Metal-mover"" or ""gear-grinder""; implies reliance on machines and lack of natural warmth.",Slur,Used to insult Mechuma's heavy technological dependence over natural wisdom.,"Mechuma / Varkareth / ""Metal-mover"" or ""gear-grinder""; implies reliance on machines and lack of natural warmth. / Used to insult Mechuma's heavy technological dependence over natural wisdom.",Canon,Human-approved fused spelling applied: Varkareth. Proposed slur preserved from source chart.,,,PT-V3-0017,Source Ambiguity,source ambiguity
LX-V3-0126,"Volume 3: Culture, Context, and Advanced Expression",Slurs for each of the eight nations,25-26,Drenkaesh,"""Water-waster""; suggests carelessness or indulgence in water abundance.",Slur,Pelagaeans seen as wasteful by desert and mountain nations.,"Pelagae / Drenkaesh / ""Water-waster""; suggests carelessness or indulgence in water abundance. / Pelagaeans seen as wasteful by desert and mountain nations.",Canon,Human-approved fused spelling applied: Drenkaesh. Proposed slur preserved from source chart.,,,PT-V3-0017,Source Ambiguity,source ambiguity
LX-V3-0127,"Volume 3: Culture, Context, and Advanced Expression",Slurs for each of the eight nations,25-26,Tharfah,"""Weak-hearted"" or ""soft-rooted""; dismisses their gentle, nature-centric approach as sentimental.",Slur,Verdalrisians are mocked for being overly emotional or soft.,"Verdalris / Tharfah / ""Weak-hearted"" or ""soft-rooted""; dismisses their gentle, nature-centric approach as sentimental. / Verdalrisians are mocked for being overly emotional or soft.",Canon,Human-approved fused spelling applied: Tharfah. Proposed slur preserved from source chart.,,,PT-V3-0017,Source Ambiguity,source ambiguity
LX-V3-0128,"Volume 3: Culture, Context, and Advanced Expression",Slurs for each of the eight nations,25-26,Krez-verin,"""Fire-nothing"" or ""ash-breather""; criticizes their environment and resource scarcity.",Slur,Zarithans insulted for living in barren deserts with little resources.,"Zarithan / Krez-verin / ""Fire-nothing"" or ""ash-breather""; criticizes their environment and resource scarcity. / Zarithans insulted for living in barren deserts with little resources.",Canon,Proposed slur preserved from source chart.,,,PT-V3-0017,Source Ambiguity,source ambiguity
LX-V3-0129,"Volume 3: Culture, Context, and Advanced Expression",Slurs for each of the eight nations,25-26,Eshreth,"""Sky-confused""; implies a dreamy or detached nature under the icy skies.",Slur,Nivveil perceived as distant or impractical under harsh skies.,"Nivveil / Eshreth / ""Sky-confused""; implies a dreamy or detached nature under the icy skies. / Nivveil perceived as distant or impractical under harsh skies.",Canon,Human-approved fused spelling applied: Eshreth. Proposed slur preserved from source chart.,,,PT-V3-0017,Source Ambiguity,source ambiguity
LX-V3-0130,"Volume 3: Culture, Context, and Advanced Expression",Slurs for each of the eight nations,25-26,Rathorkinash,"""Ancient-prattler""; suggests being stuck in outdated traditions and unyielding.",Slur,Marakorians mocked for clinging to their ancient ways.,"Marakor / Rathorkinash / ""Ancient-prattler""; suggests being stuck in outdated traditions and unyielding. / Marakorians mocked for clinging to their ancient ways.",Canon,Human-approved fused spelling applied: Rathorkinash. Proposed slur preserved from source chart.,,,PT-V3-0017,Source Ambiguity,source ambiguity
LX-V3-0131,"Volume 3: Culture, Context, and Advanced Expression",Slurs for each of the eight nations,25-26,Vethordrenka,"""Shadow-water leech""; insults their reliance on hidden water resources or mysterious magic.",Slur,Jasarans accused of parasitically surviving through secretive means.,"Jasara / Vethordrenka / ""Shadow-water leech""; insults their reliance on hidden water resources or mysterious magic. / Jasarans accused of parasitically surviving through secretive means.",Canon,Human-approved fused spelling applied: Vethordrenka. Proposed slur preserved from source chart.,,,PT-V3-0017,Source Ambiguity,source ambiguity
LX-V3-0132,"Volume 3: Culture, Context, and Advanced Expression",Slurs for each of the eight nations,25-26,Morl-karash,"""Stone-brained""; criticizes rigidity and stubbornness, reflective of their mountain nature.",Slur,Valkeldorians labeled as hard-headed and unchangeable like stone.,"Valkeldor / Morl-karash / ""Stone-brained""; criticizes rigidity and stubbornness, reflective of their mountain nature. / Valkeldorians labeled as hard-headed and unchangeable like stone.",Canon,Proposed slur preserved from source chart.,,,PT-V3-0017,Source Ambiguity,source ambiguity
LX-V3-0133,"Volume 3: Culture, Context, and Advanced Expression",Numbering System and Basic Math in Celan > Base Numbers (1–10),29-30,Verin,Zero,Number,,Verin – Zero,Canon,Original term entry preserved.,,,,Approved,
LX-V3-0134,"Volume 3: Culture, Context, and Advanced Expression",Numbering System and Basic Math in Celan > Base Numbers (1–10),29-30,Unar,One,Number,,Unar – One,Canon,Original term entry preserved.,,,,Approved,
LX-V3-0135,"Volume 3: Culture, Context, and Advanced Expression",Numbering System and Basic Math in Celan > Base Numbers (1–10),29-30,Del,Two,Number,,Del – Two,Canon,Original term entry preserved.,,,,Approved,
LX-V3-0136,"Volume 3: Culture, Context, and Advanced Expression",Numbering System and Basic Math in Celan > Base Numbers (1–10),29-30,Tren,Three,Number,,Tren – Three,Canon,Original term entry preserved.,,,,Approved,
LX-V3-0137,"Volume 3: Culture, Context, and Advanced Expression",Numbering System and Basic Math in Celan > Base Numbers (1–10),29-30,Quen,Four,Number,,Quen – Four,Canon,Original term entry preserved.,,,,Approved,
LX-V3-0138,"Volume 3: Culture, Context, and Advanced Expression",Numbering System and Basic Math in Celan > Base Numbers (1–10),29-30,Peth,Five,Number,,Peth – Five,Canon,Original term entry preserved.,,,,Approved,
LX-V3-0139,"Volume 3: Culture, Context, and Advanced Expression",Numbering System and Basic Math in Celan > Base Numbers (1–10),29-30,Senar,Six,Number,,Senar – Six,Canon,Original term entry preserved.,,,,Approved,
LX-V3-0140,"Volume 3: Culture, Context, and Advanced Expression",Numbering System and Basic Math in Celan > Base Numbers (1–10),29-30,Sethe,Seven,Number,,Sethe – Seven,Canon,Original term entry preserved.,,,,Approved,
LX-V3-0141,"Volume 3: Culture, Context, and Advanced Expression",Numbering System and Basic Math in Celan > Base Numbers (1–10),29-30,Oven,Eight,Number,,Oven – Eight,Canon,Original term entry preserved.,,,,Approved,
LX-V3-0142,"Volume 3: Culture, Context, and Advanced Expression",Numbering System and Basic Math in Celan > Base Numbers (1–10),29-30,Nevar,Nine,Number,,Nevar – Nine,Canon,Original term entry preserved.,,,,Approved,
LX-V3-0143,"Volume 3: Culture, Context, and Advanced Expression",Numbering System and Basic Math in Celan > Base Numbers (1–10),29-30,Tenar,Ten,Number,,Tenar – Ten,Canon,Original term entry preserved.,,,,Approved,
LX-V4-0001,"Volume 4: Expansion, Tangible Lexicon, Modality, and National Speech",Systemic Expansion > Section 2.2: A System for Verb Mood and Modality,3,Lianeth,Ability (Can/Able to),Modal Adverb,"""having true quality""","Ability (Can/Able to): Lianeth (""having true quality"") Example: Aen I lianeth. (I can speak.)",Canon,Original term entry preserved.,GR-V4-0002; PE-V4-0001,related usage,PT-V4-0003,Needs Human Review,terminology overlap
LX-V4-0002,"Volume 4: Expansion, Tangible Lexicon, Modality, and National Speech",Systemic Expansion > Section 2.2: A System for Verb Mood and Modality,3,Belshara,Necessity (Must/Have to),Modal Adverb,"""on a bound path""","Necessity (Must/Have to): Belshara (""on a bound path"") Example: Var I belshara. (I must go.)",Canon,Original term entry preserved.,GR-V4-0002; PE-V4-0002,related usage,PT-V4-0003,Needs Human Review,terminology overlap
LX-V4-0003,"Volume 4: Expansion, Tangible Lexicon, Modality, and National Speech",Systemic Expansion > Section 2.2: A System for Verb Mood and Modality,3,Rethlian,Possibility (May/Might),Modal Adverb,"""maybe/perhaps""","Possibility (May/Might): Rethlian (""maybe/perhaps"") Example: Var I rethlian. (I might go.)",Canon,Original term entry preserved.,GR-V4-0002; PE-V4-0003,related usage,PT-V4-0003,Needs Human Review,terminology overlap
LX-V4-0004,"Volume 4: Expansion, Tangible Lexicon, Modality, and National Speech",Systemic Expansion > Section 2.2: A System for Verb Mood and Modality,3,Thar-ka,Desire (Want to),Modal Adverb,"""by heart's desire""","Desire (Want to): Thar-ka (""by heart's desire"") Example: Var I thar-ka. (I want to go.)",Canon,Original term entry preserved.,GR-V4-0002; PE-V4-0004,related usage,PT-V4-0003,Needs Human Review,terminology overlap
LX-V4-0005,"Volume 4: Expansion, Tangible Lexicon, Modality, and National Speech",Systemic Expansion > Section 2.4: Advanced Pronouns (Dual & Clusivity),4-5,Inko,We two (me and you),Dual Pronoun,,Inko: We two (me and you),Canon,Original term entry preserved.,GR-V4-0005,expansion,PT-V4-0005,Approved,
LX-V4-0006,"Volume 4: Expansion, Tangible Lexicon, Modality, and National Speech",Systemic Expansion > Section 2.4: Advanced Pronouns (Dual & Clusivity),4-5,Yako,You two,Dual Pronoun,,Yako: You two,Canon,Original term entry preserved.,GR-V4-0005,expansion,PT-V4-0005,Approved,
LX-V4-0007,"Volume 4: Expansion, Tangible Lexicon, Modality, and National Speech",Systemic Expansion > Section 2.4: Advanced Pronouns (Dual & Clusivity),4-5,Lako,They two,Dual Pronoun,,Lako: They two,Canon,Original term entry preserved.,GR-V4-0005,expansion,PT-V4-0005,Approved,
LX-V4-0008,"Volume 4: Expansion, Tangible Lexicon, Modality, and National Speech",Systemic Expansion > Section 2.4: Advanced Pronouns (Dual & Clusivity),4-5,Ilin,"Inclusive We: I + You (+ others). This is the communal, default ""we.""",Clusivity,,"Ilin: Inclusive We: I + You (+ others). This is the communal, default ""we.""",Canon,Original term entry preserved.,GR-V4-0005,expansion,PT-V4-0005,Needs Human Review,possible overlap with earlier rule
LX-V4-0009,"Volume 4: Expansion, Tangible Lexicon, Modality, and National Speech",Systemic Expansion > Section 2.4: Advanced Pronouns (Dual & Clusivity),4-5,Imen,"Exclusive We: I + Others (but not you). This is the group ""we.""",Clusivity,,"Imen: Exclusive We: I + Others (but not you). This is the group ""we.""",Canon,Original term entry preserved.,GR-V4-0005,expansion,PT-V4-0005,Needs Human Review,possible overlap with earlier rule
LX-V4-0010,"Volume 4: Expansion, Tangible Lexicon, Modality, and National Speech",The Living Lexicon > Section 3.1: Mundane Objects & Tools,5-7,Nethor,"Chair, Seat",Mundane Objects & Tools,Neth- (rest/support) + -or (place),"Nethor / Neth- (rest/support) + -or (place) / Chair, Seat / Nethaen Azron an nethor. (The woman sits on the chair.)",Canon,Original term entry preserved.,PE-V4-0016,related usage,,Approved,
LX-V4-0011,"Volume 4: Expansion, Tangible Lexicon, Modality, and National Speech",The Living Lexicon > Section 3.1: Mundane Objects & Tools,5-7,Zhirin,"Rope, Cord",Mundane Objects & Tools,Zhir- (lineage/thread) + -in (collective),"Zhirin / Zhir- (lineage/thread) + -in (collective) / Rope, Cord / Rinaen zhirin an pralor. (The rope is on the table.)",Canon,Original term entry preserved.,PE-V4-0017,related usage,,Approved,
LX-V4-0012,"Volume 4: Expansion, Tangible Lexicon, Modality, and National Speech",The Living Lexicon > Section 3.1: Mundane Objects & Tools,5-7,Vorkor,"Door, Gateway (mundane)",Mundane Objects & Tools,Vor (place of bond) + Kor (source),"Vorkor / Vor (place of bond) + Kor (source) / Door, Gateway (mundane) / Var I thal vorkor. (I go from/through the door.)",Canon,Original term entry preserved.,PE-V4-0018,related usage,,Approved,
LX-V4-0013,"Volume 4: Expansion, Tangible Lexicon, Modality, and National Speech",The Living Lexicon > Section 3.1: Mundane Objects & Tools,5-7,Kareth,"Hammer, Striking Tool",Mundane Objects & Tools,Kar- (strike) + -eth (purposeful act),"Kareth / Kar- (strike) + -eth (purposeful act) / Hammer, Striking Tool / Karethaen I kareth. (I use the hammer.)",Canon,Original term entry preserved.,PE-V4-0019,related usage,PT-V4-0002,Needs Human Review,terminology overlap
LX-V4-0014,"Volume 4: Expansion, Tangible Lexicon, Modality, and National Speech",The Living Lexicon > Section 3.1: Mundane Objects & Tools,5-7,Pralor,"Table, Flat Surface",Mundane Objects & Tools,Pral- (detail/work) + -or (place),"Pralor / Pral- (detail/work) + -or (place) / Table, Flat Surface / Rinaen emil esh pralor. (The food is on the table.)",Canon,Original term entry preserved.,PE-V4-0020,related usage,,Approved,
LX-V4-0015,"Volume 4: Expansion, Tangible Lexicon, Modality, and National Speech",The Living Lexicon > Section 3.1: Mundane Objects & Tools,5-7,Peleth,"Knife, Blade",Mundane Objects & Tools,Pel- (sharpness) + -eth (quality of),"Peleth / Pel- (sharpness) + -eth (quality of) / Knife, Blade / Rinaen peleth selineth. (The knife is clean.)",Canon,Original term entry preserved.,PE-V4-0021,related usage,PT-V4-0002,Needs Human Review,terminology overlap
LX-V4-0016,"Volume 4: Expansion, Tangible Lexicon, Modality, and National Speech",The Living Lexicon > Section 3.1: Mundane Objects & Tools,5-7,Drenvor,"Bowl, Cup, Water-holder",Mundane Objects & Tools,Dren (water) + Vor (place of bond),"Drenvor / Dren (water) + Vor (place of bond) / Bowl, Cup, Water-holder / Rinaen drenvor woreth. (The bowl is full.)",Canon,Original term entry preserved.,PE-V4-0022,related usage,,Approved,
LX-V4-0017,"Volume 4: Expansion, Tangible Lexicon, Modality, and National Speech",The Living Lexicon > Section 3.1: Mundane Objects & Tools,5-7,Krezor,"Hearth, Fireplace, Forge",Mundane Objects & Tools,Krez (fire) + -or (place),"Krezor / Krez (fire) + -or (place) / Hearth, Fireplace, Forge / Rinaen krezor feneth. (The hearth is hot.)",Canon,Original term entry preserved.,PE-V4-0023,related usage,,Needs Human Review,terminology overlap
LX-V4-0018,"Volume 4: Expansion, Tangible Lexicon, Modality, and National Speech",The Living Lexicon > Section 3.1: Mundane Objects & Tools,5-7,Nethlor,"Bed, Pallet, Resting-place",Mundane Objects & Tools,Neth (rest) + -lor (place),"Nethlor / Neth (rest) + -lor (place) / Bed, Pallet, Resting-place / Vethoraen Felka an nethlor. (The child sleeps on the bed.)",Canon,Original term entry preserved.,PE-V4-0024,related usage,,Approved,
LX-V4-0019,"Volume 4: Expansion, Tangible Lexicon, Modality, and National Speech",The Living Lexicon > Section 3.1: Mundane Objects & Tools,5-7,Shalkor,"Lamp, Torch, Light Source",Mundane Objects & Tools,Shal (light) + Kor (source),"Shalkor / Shal (light) + Kor (source) / Lamp, Torch, Light Source / Arth shalkor Ilin thal fah. (The lamp protects us from the darkness.)",Canon,Original term entry preserved.,PE-V4-0025,related usage,,Approved,
LX-V4-0020,"Volume 4: Expansion, Tangible Lexicon, Modality, and National Speech",The Living Lexicon > Section 3.1: Mundane Objects & Tools,5-7,Lianbelrin,"Book, Scroll, Woven Truth",Mundane Objects & Tools,Lian (truth) + Belrin (woven fabric),"Lianbelrin / Lian (truth) + Belrin (woven fabric) / Book, Scroll, Woven Truth / Aen velar lianbelrin. (The elder speaks the story/book.)",Canon,Original term entry preserved.,PE-V4-0026,related usage,,Approved,
LX-V4-0021,"Volume 4: Expansion, Tangible Lexicon, Modality, and National Speech",The Living Lexicon > Section 3.2 & 3.3: Basic & Sensory Adjectives,7-9,Gormeth,"Dirty, Soiled",Basic & Sensory Adjectives,Gorm- (grime) + -eth,"Gormeth / Gorm- (grime) + -eth / Dirty, Soiled / Rinaen korin-ian gormeth. (My hands are dirty.)",Canon,Original term entry preserved.,PE-V4-0027,related usage,PT-V4-0002,Needs Human Review,terminology overlap
LX-V4-0022,"Volume 4: Expansion, Tangible Lexicon, Modality, and National Speech",The Living Lexicon > Section 3.2 & 3.3: Basic & Sensory Adjectives,7-9,Selineth,"Clean, Pure",Basic & Sensory Adjectives,Sel- (clear/pure) + -eth,"Selineth / Sel- (clear/pure) + -eth / Clean, Pure / Rinaen dren selineth. (The water is clean.)",Canon,Original term entry preserved.,PE-V4-0028,related usage,PT-V4-0002,Needs Human Review,terminology overlap
LX-V4-0023,"Volume 4: Expansion, Tangible Lexicon, Modality, and National Speech",The Living Lexicon > Section 3.2 & 3.3: Basic & Sensory Adjectives,7-9,Maganeth,"Heavy, Big, Imposing",Basic & Sensory Adjectives,Mag- (weight) + -eth,"Maganeth / Mag- (weight) + -eth / Heavy, Big, Imposing / Rinaen mor maganeth. (The stone is heavy.)",Canon,Original term entry preserved.,PE-V4-0029,related usage,PT-V4-0002,Needs Human Review,terminology overlap
LX-V4-0024,"Volume 4: Expansion, Tangible Lexicon, Modality, and National Speech",The Living Lexicon > Section 3.2 & 3.3: Basic & Sensory Adjectives,7-9,Feleth,"Light (weight), Small, New",Basic & Sensory Adjectives,Fel- (small/young) + -eth,"Feleth / Fel- (small/young) + -eth / Light (weight), Small, New / Rinaen zhirin feleth. (The rope is light.)",Canon,Original term entry preserved.,PE-V4-0030,related usage,PT-V4-0002,Needs Human Review,terminology overlap
LX-V4-0025,"Volume 4: Expansion, Tangible Lexicon, Modality, and National Speech",The Living Lexicon > Section 3.2 & 3.3: Basic & Sensory Adjectives,7-9,Woreth,"Full, Abundant",Basic & Sensory Adjectives,Wor- (abundance) + -eth,"Woreth / Wor- (abundance) + -eth / Full, Abundant / Rinaen drenvor woreth. (The bowl is full.)",Canon,Original term entry preserved.,PE-V4-0031,related usage,PT-V4-0002,Needs Human Review,terminology overlap
LX-V4-0026,"Volume 4: Expansion, Tangible Lexicon, Modality, and National Speech",The Living Lexicon > Section 3.2 & 3.3: Basic & Sensory Adjectives,7-9,Zun,Empty,Basic & Sensory Adjectives,Zun- (void/hollow),Zun / Zun- (void/hollow) / Empty / Rinaen teremil zun. (The home is empty.),Canon,Original term entry preserved.,PE-V4-0032,related usage,,Approved,
LX-V4-0027,"Volume 4: Expansion, Tangible Lexicon, Modality, and National Speech",The Living Lexicon > Section 3.2 & 3.3: Basic & Sensory Adjectives,7-9,Kaveth,"Old, Ancient",Basic & Sensory Adjectives,Kav- (preserved/ancient) + -eth,"Kaveth / Kav- (preserved/ancient) + -eth / Old, Ancient / Rinaen kaleth kaveth. (The fortress is old.)",Canon,Original term entry preserved.,PE-V4-0033,related usage,PT-V4-0002,Needs Human Review,terminology overlap
LX-V4-0028,"Volume 4: Expansion, Tangible Lexicon, Modality, and National Speech",The Living Lexicon > Section 3.2 & 3.3: Basic & Sensory Adjectives,7-9,Vaareth,"Good, Peaceful, Harmonious",Basic & Sensory Adjectives,Vaar (peace/unity) + -eth,"Vaareth / Vaar (peace/unity) + -eth / Good, Peaceful, Harmonious / Rinaen lianor-ian vaareth. (My thought is good.)",Canon,Original term entry preserved.,PE-V4-0034,related usage,PT-V4-0002,Needs Human Review,terminology overlap
LX-V4-0029,"Volume 4: Expansion, Tangible Lexicon, Modality, and National Speech",The Living Lexicon > Section 3.2 & 3.3: Basic & Sensory Adjectives,7-9,Joreth,"Fast, Quick, Surging",Basic & Sensory Adjectives,Jor- (surge/burst) + -eth,"Joreth / Jor- (surge/burst) + -eth / Fast, Quick, Surging / Var vethral joreth. (The pack hunter goes fast.)",Canon,Original term entry preserved.,PE-V4-0035,related usage,PT-V4-0002,Needs Human Review,terminology overlap
LX-V4-0030,"Volume 4: Expansion, Tangible Lexicon, Modality, and National Speech",The Living Lexicon > Section 3.2 & 3.3: Basic & Sensory Adjectives,7-9,Feneth,"Hot, Warm",Basic & Sensory Adjectives,Fen- (warmth) + -eth,"Feneth / Fen- (warmth) + -eth / Hot, Warm / Rinaen krezor feneth. (The hearth is hot.)",Canon,Original term entry preserved.,PE-V4-0036,related usage,PT-V4-0002,Needs Human Review,terminology overlap
LX-V4-0031,"Volume 4: Expansion, Tangible Lexicon, Modality, and National Speech",The Living Lexicon > Section 3.2 & 3.3: Basic & Sensory Adjectives,7-9,Veleth,"Cold, Cool, Slow",Basic & Sensory Adjectives,Vel- (cold/stillness) + -eth,"Veleth / Vel- (cold/stillness) + -eth / Cold, Cool, Slow / Rinaen velk veleth. (The ice is cold.)",Canon,Original term entry preserved.,PE-V4-0037,related usage,PT-V4-0002,Needs Human Review,terminology overlap
LX-V4-0032,"Volume 4: Expansion, Tangible Lexicon, Modality, and National Speech",The Living Lexicon > Section 3.2 & 3.3: Basic & Sensory Adjectives,7-9,Praketh,"Soft, Tender",Basic & Sensory Adjectives,Prak- (softness) + -eth,"Praketh / Prak- (softness) + -eth / Soft, Tender / Rinaen belrin praketh. (The fabric is soft.)",Canon,Original term entry preserved.,PE-V4-0038,related usage,PT-V4-0002,Needs Human Review,terminology overlap
LX-V4-0033,"Volume 4: Expansion, Tangible Lexicon, Modality, and National Speech",The Living Lexicon > Section 3.2 & 3.3: Basic & Sensory Adjectives,7-9,Moreth,"Hard, Firm, Earth-like",Basic & Sensory Adjectives,Mor- (earth) + -eth,"Moreth / Mor- (earth) + -eth / Hard, Firm, Earth-like / Rinaen pralor moreth. (The table is hard.)",Canon,Original term entry preserved.,PE-V4-0039,related usage,PT-V4-0002,Needs Human Review,terminology overlap
LX-V4-0034,"Volume 4: Expansion, Tangible Lexicon, Modality, and National Speech",The Living Lexicon > Section 3.2 & 3.3: Basic & Sensory Adjectives,7-9,Dreneth,"Wet, Damp, Watery",Basic & Sensory Adjectives,Dren (water) + -eth,"Dreneth / Dren (water) + -eth / Wet, Damp, Watery / Rinaen xaresh dreneth. (The cloak is wet.)",Canon,Original term entry preserved.,PE-V4-0040,related usage,PT-V4-0002,Needs Human Review,terminology overlap
LX-V4-0035,"Volume 4: Expansion, Tangible Lexicon, Modality, and National Speech",The Living Lexicon > Section 3.2 & 3.3: Basic & Sensory Adjectives,7-9,Kadreneth,"Dry, Waterless",Basic & Sensory Adjectives,Ka-dren (without water) + -eth,"Kadreneth / Ka-dren (without water) + -eth / Dry, Waterless / Rinaen morlak kadreneth. (The bread is dry.)",Canon,Original term entry preserved.,PE-V4-0041,related usage,PT-V4-0002,Needs Human Review,terminology overlap
LX-V4-0036,"Volume 4: Expansion, Tangible Lexicon, Modality, and National Speech",The Living Lexicon > Section 3.4: Clothing & Worn Items,9-10,Belkor,"Tunic, Shirt",Clothing & Worn Items,Bel (weave) + Kor (core),"Belkor / Bel (weave) + Kor (core) / Tunic, Shirt / Rinaen belkor-ian verdeth. (My tunic is green.)",Canon,Original term entry preserved.,PE-V4-0042,related usage,,Approved,
LX-V4-0037,"Volume 4: Expansion, Tangible Lexicon, Modality, and National Speech",The Living Lexicon > Section 3.4: Clothing & Worn Items,9-10,Sharbel,"Pants, Leggings",Clothing & Worn Items,Shara (path) + Bel (bind),"Sharbel / Shara (path) + Bel (bind) / Pants, Leggings / Rinaen sharbel maganeth. (The pants are heavy.)",Canon,Original term entry preserved.,PE-V4-0043,related usage,,Approved,
LX-V4-0038,"Volume 4: Expansion, Tangible Lexicon, Modality, and National Speech",The Living Lexicon > Section 3.4: Clothing & Worn Items,9-10,Xaresh,"Cloak, Mantle",Clothing & Worn Items,Xar (cover) + Esh (sky/air),"Xaresh / Xar (cover) + Esh (sky/air) / Cloak, Mantle / Arth xaresh I thal velk. (The cloak protects me from the ice.)",Canon,Original term entry preserved.,PE-V4-0044,related usage,,Approved,
LX-V4-0039,"Volume 4: Expansion, Tangible Lexicon, Modality, and National Speech",The Living Lexicon > Section 3.4: Clothing & Worn Items,9-10,Trakor,"Shoes, Boots",Clothing & Worn Items,Trak- (tread/step) + -or (place),"Trakor / Trak- (tread/step) + -or (place) / Shoes, Boots / Ver var I ka trakor. (I do not go without shoes.)",Canon,Original term entry preserved.,PE-V4-0045,related usage,,Approved,
LX-V4-0040,"Volume 4: Expansion, Tangible Lexicon, Modality, and National Speech",The Living Lexicon > Section 3.4: Clothing & Worn Items,9-10,Zhirvok,Belt,Clothing & Worn Items,Zhir (line/lineage) + Vok (bond),Zhirvok / Zhir (line/lineage) + Vok (bond) / Belt / Rinaen peleth an zhirvok. (The knife is on the belt.),Canon,Original term entry preserved.,PE-V4-0046,related usage,,Approved,
LX-V4-0041,"Volume 4: Expansion, Tangible Lexicon, Modality, and National Speech",The Living Lexicon > Section 3.5: Colors,10,Krelek,Red,Colors,Inspired by Krez (fire),Krelek / Inspired by Krez (fire) / Red / Rinaen zhaelin krelek. (The flower is red.),Canon,Original term entry preserved.,PE-V4-0047,related usage,,Approved,
LX-V4-0042,"Volume 4: Expansion, Tangible Lexicon, Modality, and National Speech",The Living Lexicon > Section 3.5: Colors,10,Lunor,Blue,Colors,Inspired by Lun (lake),Lunor / Inspired by Lun (lake) / Blue / Rinaen esh lunor. (The sky is blue.),Canon,Original term entry preserved.,PE-V4-0048,related usage,,Approved,
LX-V4-0043,"Volume 4: Expansion, Tangible Lexicon, Modality, and National Speech",The Living Lexicon > Section 3.5: Colors,10,Verdeth,Green,Colors,Inspired by Verdor (forest),Verdeth / Inspired by Verdor (forest) / Green / Rinaen xaresh verdeth. (The cloak is green.),Canon,Original term entry preserved.,PE-V4-0049,related usage,PT-V4-0002,Needs Human Review,terminology overlap
LX-V4-0044,"Volume 4: Expansion, Tangible Lexicon, Modality, and National Speech",The Living Lexicon > Section 3.5: Colors,10,Shaleth,"Yellow, Gold, Bright",Colors,Shal (light) + -eth,"Shaleth / Shal (light) + -eth / Yellow, Gold, Bright / Rinaen shena shaleth. (The coin is gold.)",Canon,Original term entry preserved.,PE-V4-0050,related usage,PT-V4-0002,Needs Human Review,terminology overlap
LX-V4-0045,"Volume 4: Expansion, Tangible Lexicon, Modality, and National Speech",The Living Lexicon > Section 3.5: Colors,10,Faheth,"Black, Dark",Colors,Fah (darkness) + -eth,"Faheth / Fah (darkness) + -eth / Black, Dark / Rinaen mor faheth. (The stone is black.)",Canon,Original term entry preserved.,PE-V4-0051,related usage,PT-V4-0002,Needs Human Review,terminology overlap
LX-V4-0046,"Volume 4: Expansion, Tangible Lexicon, Modality, and National Speech",The Living Lexicon > Section 3.5: Colors,10,Velek,White,Colors,Inspired by Velk (ice),Velek / Inspired by Velk (ice) / White / Rinaen morlak velek. (The bread is white.),Canon,Original term entry preserved.,PE-V4-0052,related usage,,Approved,
LX-V4-0047,"Volume 4: Expansion, Tangible Lexicon, Modality, and National Speech",The Living Lexicon > Section 3.6: Essential Verbs of Action & Sensation,10-12,Shalaen,"To See, To perceive with light",Essential Verbs,Shal (light) + -aen,"Shalaen / Shal (light) + -aen / To See, To perceive with light / Shalaen I vethral an verdor. (I see the pack hunter in the forest.)",Canon,Original term entry preserved.,PE-V4-0053,related usage,,Approved,
LX-V4-0048,"Volume 4: Expansion, Tangible Lexicon, Modality, and National Speech",The Living Lexicon > Section 3.6: Essential Verbs of Action & Sensation,10-12,Aenaen,"To Hear, To perceive sound",Essential Verbs,Aen (speak/breath) + -aen,"Aenaen / Aen (speak/breath) + -aen / To Hear, To perceive sound / Aenaen I eshlin an zhaelin. (I hear the bird in the flower.)",Canon,Original term entry preserved.,PE-V4-0054,related usage,,Needs Human Review,terminology overlap
LX-V4-0049,"Volume 4: Expansion, Tangible Lexicon, Modality, and National Speech",The Living Lexicon > Section 3.6: Essential Verbs of Action & Sensation,10-12,Pralaen,"To Make, To create with care",Essential Verbs,Pral (detail/work) + -aen,"Pralaen / Pral (detail/work) + -aen / To Make, To create with care / Pralaen I krezor. (I am making a hearth.)",Canon,Original term entry preserved.,PE-V4-0055,related usage,,Approved,
LX-V4-0050,"Volume 4: Expansion, Tangible Lexicon, Modality, and National Speech",The Living Lexicon > Section 3.6: Essential Verbs of Action & Sensation,10-12,Karethaen,"To Use, To wield a tool",Essential Verbs,Kareth (hammer/tool) + -aen,"Karethaen / Kareth (hammer/tool) + -aen / To Use, To wield a tool / Karethaen I peleth. (I use the knife.)",Canon,Original term entry preserved.,PE-V4-0056,related usage,,Approved,
LX-V4-0051,"Volume 4: Expansion, Tangible Lexicon, Modality, and National Speech",The Living Lexicon > Section 3.6: Essential Verbs of Action & Sensation,10-12,Talaen,"To Take (contextual), To Receive",Essential Verbs,Tal (give/offer),"Talaen / Tal (give/offer) / To Take (contextual), To Receive / Talaen I drenvor thal pralor. (I take the bowl from the table.)",Canon,Original term entry preserved.,PE-V4-0057,related usage,,Needs Human Review,terminology overlap
LX-V4-0052,"Volume 4: Expansion, Tangible Lexicon, Modality, and National Speech",The Living Lexicon > Section 3.6: Essential Verbs of Action & Sensation,10-12,Velaen,"To Eat, To take sustenance",Essential Verbs,Vel (sustenance) + -aen,"Velaen / Vel (sustenance) + -aen / To Eat, To take sustenance / Velaen Ilin morlak. (We eat the bread.)",Canon,Original term entry preserved.,PE-V4-0058,related usage,,Approved,
LX-V4-0053,"Volume 4: Expansion, Tangible Lexicon, Modality, and National Speech",The Living Lexicon > Section 3.6: Essential Verbs of Action & Sensation,10-12,Drenaen,"To Drink, To take liquid",Essential Verbs,Dren (water) + -aen,"Drenaen / Dren (water) + -aen / To Drink, To take liquid / Drenaen Ya phelvin. (You drink the comforting drink.)",Canon,Original term entry preserved.,PE-V4-0059,related usage,,Approved,
LX-V4-0054,"Volume 4: Expansion, Tangible Lexicon, Modality, and National Speech",The Living Lexicon > Section 3.6: Essential Verbs of Action & Sensation,10-12,Nethaen,"To Sit, To be at rest",Essential Verbs,Neth (rest) + -aen,"Nethaen / Neth (rest) + -aen / To Sit, To be at rest / Nethaen Azron an nethor. (The woman sits on the chair.)",Canon,Original term entry preserved.,PE-V4-0060,related usage,,Approved,
LX-V4-0055,"Volume 4: Expansion, Tangible Lexicon, Modality, and National Speech",The Living Lexicon > Section 3.6: Essential Verbs of Action & Sensation,10-12,Moraen,"To Stand, To be grounded",Essential Verbs,Mor (earth) + -aen,"Moraen / Mor (earth) + -aen / To Stand, To be grounded / Moraen I an Terra. (I stand on the Earth.)",Canon,Original term entry preserved.,PE-V4-0061,related usage,,Approved,
LX-V4-0056,"Volume 4: Expansion, Tangible Lexicon, Modality, and National Speech",The Living Lexicon > Section 3.6: Essential Verbs of Action & Sensation,10-12,Vethoraen,"To Sleep, To enter shadow",Essential Verbs,Vethor (shadow) + -aen,"Vethoraen / Vethor (shadow) + -aen / To Sleep, To enter shadow / Nor-vethoraen Ilin an nethlor. (We will sleep on the beds.)",Canon,Original term entry preserved.,PE-V4-0062,related usage,,Approved,
LX-V4-0057,"Volume 4: Expansion, Tangible Lexicon, Modality, and National Speech",The Living Lexicon > Section 3.8: Archetypal Flora & Fauna,12-14,Morthera,Beast of Burden,Flora & Fauna,Mor (earth) + Thera (longing/pulling),Morthera / Mor (earth) + Thera (longing/pulling) / Beast of Burden / Rinaen morthera maganeth. (The beast of burden is heavy.),Canon,Original term entry preserved.,PE-V4-0063,related usage,,Approved,
LX-V4-0058,"Volume 4: Expansion, Tangible Lexicon, Modality, and National Speech",The Living Lexicon > Section 3.8: Archetypal Flora & Fauna,12-14,Vethral,Pack Hunter,Flora & Fauna,Veth (shadow) + Ral (caretaker/stalker),Vethral / Veth (shadow) + Ral (caretaker/stalker) / Pack Hunter / Var vethral joreth. (The pack hunter goes fast.),Canon,Original term entry preserved.,PE-V4-0064,related usage,,Approved,
LX-V4-0059,"Volume 4: Expansion, Tangible Lexicon, Modality, and National Speech",The Living Lexicon > Section 3.8: Archetypal Flora & Fauna,12-14,Vershara,Prey Animal (deer-like),Flora & Fauna,Verdor (forest) + Shara (path),Vershara / Verdor (forest) + Shara (path) / Prey Animal (deer-like) / Velaen vethral vershara. (The pack hunter eats the prey animal.),Canon,Original term entry preserved.,PE-V4-0065,related usage,,Approved,
LX-V4-0060,"Volume 4: Expansion, Tangible Lexicon, Modality, and National Speech",The Living Lexicon > Section 3.8: Archetypal Flora & Fauna,12-14,Kalrath,Apex Predator (solitary),Flora & Fauna,Kal (strength) + Rath (foe),Kalrath / Kal (strength) + Rath (foe) / Apex Predator (solitary) / Vethoraen kalrath an morl. (The apex predator sleeps in the mountains.),Canon,Original term entry preserved.,PE-V4-0066,related usage,,Approved,
LX-V4-0061,"Volume 4: Expansion, Tangible Lexicon, Modality, and National Speech",The Living Lexicon > Section 3.8: Archetypal Flora & Fauna,12-14,Eshlin,Common Bird,Flora & Fauna,Esh (sky) + -lin (collective/small thing),Eshlin / Esh (sky) + -lin (collective/small thing) / Common Bird / Aenaen I eshlin an velmarin. (I hear a bird in the ancient tree.),Canon,Original term entry preserved.,PE-V4-0067,related usage,,Approved,
LX-V4-0062,"Volume 4: Expansion, Tangible Lexicon, Modality, and National Speech",The Living Lexicon > Section 3.8: Archetypal Flora & Fauna,12-14,Velmarin,Ancient Tree (species),Flora & Fauna,Vel (wisdom) + Marin (branch),Velmarin / Vel (wisdom) + Marin (branch) / Ancient Tree (species) / Rinaen velmarin kaveth. (The ancient tree is old.),Canon,Original term entry preserved.,PE-V4-0068,related usage,,Approved,
LX-V4-0063,"Volume 4: Expansion, Tangible Lexicon, Modality, and National Speech",The Living Lexicon > Section 3.8: Archetypal Flora & Fauna,12-14,Zhaelin,Common Flower,Flora & Fauna,Zhael (bloom/renewal) + -in,Zhaelin / Zhael (bloom/renewal) + -in / Common Flower / Rinaen zhaelin krelek an verdor. (The red flower is in the forest.),Canon,Original term entry preserved.,PE-V4-0069,related usage,,Approved,
LX-V4-0064,"Volume 4: Expansion, Tangible Lexicon, Modality, and National Speech",The Living Lexicon > Section 3.9: Abstract Social & Personal Concepts,14-15,Thallian,Justice (True Balance),Abstract Concepts,Thal (balance) + Lian (truth),Thallian / Thal (balance) + Lian (truth) / Justice (True Balance) / Ravokhaen Ilin thallian. (We desire justice.),Canon,Original term entry preserved.,PE-V4-0070,related usage,,Approved,
LX-V4-0065,"Volume 4: Expansion, Tangible Lexicon, Modality, and National Speech",The Living Lexicon > Section 3.9: Abstract Social & Personal Concepts,14-15,Sharaka,Freedom (Path without binding),Abstract Concepts,Shara (path) + Ka (without),Sharaka / Shara (path) + Ka (without) / Freedom (Path without binding) / Ohmaen I sharaka. (I love freedom.),Canon,Original term entry preserved.,PE-V4-0071,related usage,,Approved,
LX-V4-0066,"Volume 4: Expansion, Tangible Lexicon, Modality, and National Speech",The Living Lexicon > Section 3.9: Abstract Social & Personal Concepts,14-15,Belshara,Duty (Bound Path),Abstract Concepts,Bel (bind) + Shara (path),Belshara / Bel (bind) + Shara (path) / Duty (Bound Path) / Rinaen belshara an Ilin. (Duty is with us.),Canon,Original term entry preserved.,PE-V4-0072,related usage,,Needs Human Review,terminology overlap
LX-V4-0067,"Volume 4: Expansion, Tangible Lexicon, Modality, and National Speech",The Living Lexicon > Section 3.9: Abstract Social & Personal Concepts,14-15,Velrathor,Memory,Abstract Concepts,Vel (enduring) + Rathor (past),Velrathor / Vel (enduring) + Rathor (past) / Memory / Rinaen velrathor vaareth. (The memory is good.),Canon,Original term entry preserved.,PE-V4-0073,related usage,,Approved,
LX-V4-0068,"Volume 4: Expansion, Tangible Lexicon, Modality, and National Speech",The Living Lexicon > Section 3.9: Abstract Social & Personal Concepts,14-15,Lianor,"Idea, Thought (Place of truth)",Abstract Concepts,Lian (truth) + -or (place),"Lianor / Lian (truth) + -or (place) / Idea, Thought (Place of truth) / Aen Ya lianor. (Speak your thought.)",Canon,Original term entry preserved.,PE-V4-0074,related usage,,Approved,
LX-V4-0069,"Volume 4: Expansion, Tangible Lexicon, Modality, and National Speech",The Living Lexicon > Section 3.9: Abstract Social & Personal Concepts,14-15,Vethrin,Dream (Essence of shadow),Abstract Concepts,Veth (shadow) + Rin (essence),Vethrin / Veth (shadow) + Rin (essence) / Dream (Essence of shadow) / Var I an vethrin. (I go into a dream.),Canon,Original term entry preserved.,PE-V4-0075,related usage,,Approved,
LX-V4-0070,"Volume 4: Expansion, Tangible Lexicon, Modality, and National Speech",The Living Lexicon > Section 3.9: Abstract Social & Personal Concepts,14-15,Kelrin,Name (Essence of what is spoken),Abstract Concepts,Kel (say/talk) + Rin (essence),Kelrin / Kel (say/talk) + Rin (essence) / Name (Essence of what is spoken) / Ra aen Ya kelrin? (Do you speak your name?),Canon,Original term entry preserved.,PE-V4-0076,related usage,,Approved,
LX-V4-0071,"Volume 4: Expansion, Tangible Lexicon, Modality, and National Speech",The Living Lexicon > Section 3.9: Abstract Social & Personal Concepts,14-15,Kelka,Word (Particle of speech),Abstract Concepts,Kel (say/talk) + -ka (particle),Kelka / Kel (say/talk) + -ka (particle) / Word (Particle of speech) / Ver aen I unar kelka. (I do not speak one word.),Canon,Original term entry preserved.,PE-V4-0077,related usage,,Needs Human Review,terminology overlap
LX-V4-0072,"Volume 4: Expansion, Tangible Lexicon, Modality, and National Speech",The Living Lexicon > Section 3.9: Abstract Social & Personal Concepts,14-15,Rathlor,Danger (A place of foes),Abstract Concepts,Rath (foe) + -lor (place),Rathlor / Rath (foe) + -lor (place) / Danger (A place of foes) / Rinaen rathlor an shara. (There is danger on the path.),Canon,Original term entry preserved.,PE-V4-0078,related usage,,Approved,
LX-V4-0073,"Volume 4: Expansion, Tangible Lexicon, Modality, and National Speech",The Living Lexicon > Section 3.9: Abstract Social & Personal Concepts,14-15,Vaarlor,Safety (A place of peace),Abstract Concepts,Vaar (peace) + -lor (place),Vaarlor / Vaar (peace) + -lor (place) / Safety (A place of peace) / Var Ilin an vaarlor. (We go into safety.),Canon,Original term entry preserved.,PE-V4-0079,related usage,,Approved,
LX-V4-0074,"Volume 4: Expansion, Tangible Lexicon, Modality, and National Speech",The Living Lexicon > Section 3.9: Abstract Social & Personal Concepts,14-15,Belthal,Order (Woven Balance),Abstract Concepts,Bel (bind) + Thal (balance),Belthal / Bel (bind) + Thal (balance) / Order (Woven Balance) / Lorin belthal Ilin. (Order guides us.),Canon,Original term entry preserved.,PE-V4-0080,related usage,,Approved,
LX-V4-0075,"Volume 4: Expansion, Tangible Lexicon, Modality, and National Speech",The Living Lexicon > Section 3.9: Abstract Social & Personal Concepts,14-15,Rethvok,Chaos (A bond of confusion),Abstract Concepts,Reth (confusion) + Vok (bond),Rethvok / Reth (confusion) + Vok (bond) / Chaos (A bond of confusion) / Fahaen I rethvok. (I fear chaos.),Canon,Original term entry preserved.,PE-V4-0081,related usage,,Approved,
LX-V4-0076,"Volume 4: Expansion, Tangible Lexicon, Modality, and National Speech",The Living Lexicon > Section 3.7: Essential Conjunctions,12,Ser,And,Conjunction,Re-purposed from Ser (With),Ser / Re-purposed from Ser (With) / And / Rinaen morlak ser dren. (There is bread and water.),Canon,Original term entry preserved.,GR-V4-0006; PE-V4-0082,terminology overlap,PT-V4-0006,Needs Human Review,terminology overlap
LX-V4-0077,"Volume 4: Expansion, Tangible Lexicon, Modality, and National Speech",The Living Lexicon > Section 3.7: Essential Conjunctions,12,Reth,Or,Conjunction,Re-purposed from Reth (Uncertainty),Reth / Re-purposed from Reth (Uncertainty) / Or / Ra drenaen Ya dren reth phelvin? (Do you drink water or the comfort-drink?),Canon,Original term entry preserved.,GR-V4-0006; PE-V4-0083,terminology overlap,PT-V4-0007,Needs Human Review,terminology overlap
LX-V4-0078,"Volume 4: Expansion, Tangible Lexicon, Modality, and National Speech",The Living Lexicon > Section 3.10: A System of Measurement,15-17,Korineth,Handspan,Measurement Unit,"Korin (Hand) + -eth. A small, precise unit, the width of a hand. Used in crafting and short-distance measurements.","Korineth / Korin (Hand) + -eth / Handspan / A small, precise unit, the width of a hand. Used in crafting and short-distance measurements. Example: Rinaen zhirin Ten-del korineth. (The rope is 20 handspans long.)",Canon,Original term entry preserved.,PE-V4-0084,related usage,PT-V4-0002,Needs Human Review,terminology overlap
LX-V4-0079,"Volume 4: Expansion, Tangible Lexicon, Modality, and National Speech",The Living Lexicon > Section 3.10: A System of Measurement,15-17,Shar,"Stride, Pace",Measurement Unit,"Shortened from Shara (Path). A standard human stride. Used for measuring rooms, fields, and medium distances.","Shar / Shortened from Shara (Path) / Stride, Pace / A standard human stride. Used for measuring rooms, fields, and medium distances. Example: Rinaen kaleth Hek-unar shar thalor. (The fortress is 100 strides outside.)",Canon,Original term entry preserved.,PE-V4-0085,related usage,,Approved,
LX-V4-0080,"Volume 4: Expansion, Tangible Lexicon, Modality, and National Speech",The Living Lexicon > Section 3.10: A System of Measurement,15-17,Kinnshara,Day's Journey,Measurement Unit,Kinn- (Daylight) + Shara (Path). The standard distance one can travel on foot in a day.,Kinnshara / Kinn- (Daylight) + Shara (Path) / Day's Journey / The standard distance one can travel on foot in a day. Example: Rinaen Varthas Ten-peth kinnshara. (The city is 50 day's-journeys away.),Canon,Original term entry preserved.,PE-V4-0086,related usage,,Approved,
LX-V4-0081,"Volume 4: Expansion, Tangible Lexicon, Modality, and National Speech",The Living Lexicon > Section 3.10: A System of Measurement,15-17,Aenor,"Moment, Instant",Measurement Unit,"Aen (Breath) + -or (time/place). The shortest unit of time, ""the space of a breath."" (Context distinguishes from Aenor, ear).","Aenor / Aen (Breath) + -or (time/place) / Moment, Instant / The shortest unit of time, ""the space of a breath."" (Context distinguishes from Aenor, ear). Example: Nor-var I an aenor. (I will go in a moment.)",Canon,Original term entry preserved.,PE-V4-0087,related usage,PT-V4-0008,Needs Human Review,terminology overlap
LX-V4-0082,"Volume 4: Expansion, Tangible Lexicon, Modality, and National Speech",The Living Lexicon > Section 3.10: A System of Measurement,15-17,Kinn,Day,Measurement Unit,From the root for Daylight. A full cycle of light and darkness.,Kinn / From the root for Daylight / Day / A full cycle of light and darkness. Example: Var Ilin an tren kinn. (We go in three days.),Canon,Original term entry preserved.,PE-V4-0088,related usage,PT-V4-0008,Needs Human Review,terminology overlap
LX-V4-0083,"Volume 4: Expansion, Tangible Lexicon, Modality, and National Speech",The Living Lexicon > Section 3.10: A System of Measurement,15-17,Lunwek,Month,Measurement Unit,Lun (Lake/Moon) + Wek (Cycle). A full cycle of the moon.,Lunwek / Lun (Lake/Moon) + Wek (Cycle) / Month / A full cycle of the moon. Example: Nor-var Fenrek an unar lunwek. (Summer will arrive in one month.),Canon,Original term entry preserved.,PE-V4-0089,related usage,,Approved,
LX-V4-0084,"Volume 4: Expansion, Tangible Lexicon, Modality, and National Speech",The Living Lexicon > Section 3.10: A System of Measurement,15-17,Tharvin-Wek,Year,Measurement Unit,"Tharvin (Autumn) + Wek (Cycle). A full cycle of the seasons, marked by the harvest/balancing season.","Tharvin-Wek / Tharvin (Autumn) + Wek (Cycle) / Year / A full cycle of the seasons, marked by the harvest/balancing season. Example: Rinaen I Ten-del tharvinwek kaveth. (I am 20 years old.)",Canon,Original term entry preserved.,PE-V4-0090,related usage,,Approved,
LX-V4-0085,"Volume 4: Expansion, Tangible Lexicon, Modality, and National Speech",The Living Lexicon > Section 3.10: A System of Measurement,15-17,Shen,Measure,Measurement Unit,"Shortened from Shenakar (Coinage). A small, standard measure for trade, like a handful of grain.","Shen / Shortened from Shenakar (Coinage) / Measure / A small, standard measure for trade, like a handful of grain. Example: Tal I peth shen morlak. (I give five measures of grain.)",Canon,Original term entry preserved.,PE-V4-0091,related usage,PT-V4-0008,Needs Human Review,terminology overlap
LX-V4-0086,"Volume 4: Expansion, Tangible Lexicon, Modality, and National Speech",The Living Lexicon > Section 3.10: A System of Measurement,15-17,Morkal,Stone-weight,Measurement Unit,"Mor (Stone/Earth) + Kal (Strength/Weight). A large, standard unit of weight for heavy goods.","Morkal / Mor (Stone/Earth) + Kal (Strength/Weight) / Stone-weight / A large, standard unit of weight for heavy goods. Example: Rinaen morthera maganeth an Hek-unar morkal. (The beast of burden is heavy by 100 stone-weights.)",Canon,Original term entry preserved.,PE-V4-0092,related usage,,Approved,
LX-V4-0087,"Volume 4: Expansion, Tangible Lexicon, Modality, and National Speech","Section 3.11: Expanded Interjections, Oaths, & Expressions",17-19,Krez an Ya!,Fire in you!,Culturally Specific Greeting/Farewell,Zarithan greeting/farewell wishing strength and resilience.,Krez an Ya! / Fire in you! / Zarithan greeting/farewell wishing strength and resilience.,Canon,Original term entry preserved.,,,,Approved,
LX-V4-0088,"Volume 4: Expansion, Tangible Lexicon, Modality, and National Speech","Section 3.11: Expanded Interjections, Oaths, & Expressions",17-19,Shalil!,Flow lightly!,Culturally Specific Greeting/Farewell,Pelagae greeting/parting wish for easy unobstructed day.,Shalil! / Flow lightly! / Pelagae greeting/parting wish for easy unobstructed day.,Canon,Original term entry preserved.,,,,Approved,
LX-V4-0089,"Volume 4: Expansion, Tangible Lexicon, Modality, and National Speech","Section 3.11: Expanded Interjections, Oaths, & Expressions",17-19,Moraen kaleth!,Stand strong!,Culturally Specific Greeting/Farewell,Valkeldor farewell expressing solidarity and resolve.,Moraen kaleth! / Stand strong! / Valkeldor farewell expressing solidarity and resolve.,Canon,Original term entry preserved.,,,,Approved,
LX-V4-0090,"Volume 4: Expansion, Tangible Lexicon, Modality, and National Speech","Section 3.11: Expanded Interjections, Oaths, & Expressions",17-19,Vaar an shara-ya.,Peace on your path.,Culturally Specific Greeting/Farewell,Verdalris gentle farewell wishing a safe journey.,Vaar an shara-ya. / Peace on your path. / Verdalris gentle farewell wishing a safe journey.,Canon,Original term entry preserved.,,,,Approved,
LX-V4-0091,"Volume 4: Expansion, Tangible Lexicon, Modality, and National Speech","Section 3.11: Expanded Interjections, Oaths, & Expressions",17-19,Thar-lian!,By my heart's truth!,Oath/Curse,A common oath of honesty or deep conviction.,Thar-lian! / By my heart's truth! / A common oath of honesty or deep conviction.,Canon,Original term entry preserved.,,,,Approved,
LX-V4-0092,"Volume 4: Expansion, Tangible Lexicon, Modality, and National Speech","Section 3.11: Expanded Interjections, Oaths, & Expressions",17-19,Ver-belthal!,Un-Order! or Broken Order!,Oath/Curse,A Mechuman curse of frustration when a complex plan or machine fails.,Ver-belthal! / Un-Order! or Broken Order! / A Mechuman curse of frustration when a complex plan or machine fails.,Canon,Original term entry preserved.,,,,Approved,
LX-V4-0093,"Volume 4: Expansion, Tangible Lexicon, Modality, and National Speech","Section 3.11: Expanded Interjections, Oaths, & Expressions",17-19,Ka-dren!,No water!,Oath/Curse,"A severe Zarithan curse, invoking the ultimate state of scarcity and doom.","Ka-dren! / No water! / A severe Zarithan curse, invoking the ultimate state of scarcity and doom.",Canon,Original term entry preserved.,,,PT-V4-0009,Needs Human Review,terminology overlap
LX-V4-0094,"Volume 4: Expansion, Tangible Lexicon, Modality, and National Speech","Section 3.11: Expanded Interjections, Oaths, & Expressions",17-19,"An morl, an kal!","By the mountain, by the strength!",Oath/Curse,A Valkeldorian oath of determination.,"An morl, an kal! / By the mountain, by the strength! / A Valkeldorian oath of determination.",Canon,Original term entry preserved.,,,,Approved,
LX-V4-0095,"Volume 4: Expansion, Tangible Lexicon, Modality, and National Speech","Section 3.11: Expanded Interjections, Oaths, & Expressions",17-19,Lia'fel.,"Yes, a little.",Nuanced Affirmation/Disagreement,Used for reluctant or partial agreement.,"Lia'fel. / Yes, a little. / Used for reluctant or partial agreement.",Canon,Original term entry preserved.,,,,Approved,
LX-V4-0096,"Volume 4: Expansion, Tangible Lexicon, Modality, and National Speech","Section 3.11: Expanded Interjections, Oaths, & Expressions",17-19,Lian'lia!,"Truly, yes!",Nuanced Affirmation/Disagreement,Used for enthusiastic agreement.,"Lian'lia! / Truly, yes! / Used for enthusiastic agreement.",Canon,Original term entry preserved.,,,PT-V4-0009,Needs Human Review,terminology overlap
LX-V4-0097,"Volume 4: Expansion, Tangible Lexicon, Modality, and National Speech","Section 3.11: Expanded Interjections, Oaths, & Expressions",17-19,Lianor-ian ver.,My thought is no.,Nuanced Affirmation/Disagreement,"A polite, considered way to disagree or refuse.","Lianor-ian ver. / My thought is no. / A polite, considered way to disagree or refuse.",Canon,Original term entry preserved.,,,,Approved,
LX-V4-0098,"Volume 4: Expansion, Tangible Lexicon, Modality, and National Speech","Section 3.11: Expanded Interjections, Oaths, & Expressions",17-19,Verka an dral!,Not even in the heavens!,Nuanced Affirmation/Disagreement,"An emphatic, almost proverbial, way to refuse.","Verka an dral! / Not even in the heavens! / An emphatic, almost proverbial, way to refuse.",Canon,Original term entry preserved.,,,PT-V4-0009,Needs Human Review,terminology overlap
LX-V4-0099,"Volume 4: Expansion, Tangible Lexicon, Modality, and National Speech",Section 3.12: The Fluidity of Meaning: Polysemy and Context in Celan,19-25,Var,"Verb: Go, Move; Preposition: To, Towards",Polysemy Entry,A classic case where a verb of motion also serves as the preposition indicating direction. The core concept is movement.,"Var / Verb: Go, Move / Preposition: To, Towards / A classic case where a verb of motion also serves as the preposition indicating direction. The core concept is movement.",Canon,Original term entry preserved.,PT-V4-0010,related usage,PT-V4-0010,Needs Human Review,contextual meaning overlap
LX-V4-0100,"Volume 4: Expansion, Tangible Lexicon, Modality, and National Speech",Section 3.12: The Fluidity of Meaning: Polysemy and Context in Celan,19-25,Nor,"Noun: Time, Flow of Time; Preposition: At/in (time)",Polysemy Entry,The core noun for Time is also used as the preposition to mark a point in time. The core concept is temporality.,"Nor / Noun: Time, Flow of Time / Preposition: At/in (time) / The core noun for Time is also used as the preposition to mark a point in time. The core concept is temporality.",Canon,Original term entry preserved.,PT-V4-0010,related usage,PT-V4-0010,Needs Human Review,contextual meaning overlap
LX-V4-0101,"Volume 4: Expansion, Tangible Lexicon, Modality, and National Speech",Section 3.12: The Fluidity of Meaning: Polysemy and Context in Celan,19-25,Shal,"Noun: Light; Noun: New Beginnings, Fate; Verb (as To Hope)",Polysemy Entry,"In Celan philosophy, Light is the source of all positive, forward-moving concepts.","Shal / Noun: Light / Noun: New Beginnings, Fate / Verb (as To Hope) / In Celan philosophy, Light is the source of all positive, forward-moving concepts.",Canon,Original term entry preserved.,PT-V4-0010,related usage,PT-V4-0010,Needs Human Review,contextual meaning overlap
LX-V4-0102,"Volume 4: Expansion, Tangible Lexicon, Modality, and National Speech",Section 3.12: The Fluidity of Meaning: Polysemy and Context in Celan,19-25,Aen,"Verb: Speak, Breathe; Complementizer: That; Suffix: -aen (verb-forming)",Polysemy Entry,"The root Aen signifies the breath of life, extending from speaking to the grammatical function of introducing a spoken clause.","Aen / Verb: Speak, Breathe / Complementizer: That / Suffix: -aen (verb-forming) / The root Aen signifies the breath of life, extending from speaking to the grammatical function of introducing a spoken clause.",Canon,Original term entry preserved.,PT-V4-0010,related usage,PT-V4-0010,Needs Human Review,contextual meaning overlap
LX-V4-0103,"Volume 4: Expansion, Tangible Lexicon, Modality, and National Speech",Section 3.12: The Fluidity of Meaning: Polysemy and Context in Celan,19-25,Reth,"Noun: Confusion, Uncertainty; Conjunction: Or; Root (in Possibility)",Polysemy Entry,The conjunction Or exists to present a choice between uncertain options.,"Reth / Noun: Confusion, Uncertainty / Conjunction: Or / Root (in Possibility) / The conjunction Or exists to present a choice between uncertain options.",Canon,Original term entry preserved.,PT-V4-0010,related usage,PT-V4-0010,Needs Human Review,contextual meaning overlap
LX-V4-0104,"Volume 4: Expansion, Tangible Lexicon, Modality, and National Speech",Section 3.12: The Fluidity of Meaning: Polysemy and Context in Celan,19-25,Fah,"Noun: Darkness, Fear, Night; Interjection: Ugh! Bah!",Polysemy Entry,"The core noun for a negative state is used as a visceral, emotional interjection.","Fah / Noun: Darkness, Fear, Night / Interjection: Ugh! Bah! / The core noun for a negative state is used as a visceral, emotional interjection.",Canon,Original term entry preserved.,PT-V4-0010,related usage,PT-V4-0010,Needs Human Review,contextual meaning overlap
LX-V4-0105,"Volume 4: Expansion, Tangible Lexicon, Modality, and National Speech",Section 3.12: The Fluidity of Meaning: Polysemy and Context in Celan,19-25,Krez,Noun: Fire; Interjection: Blast! Damn!,Polysemy Entry,Fire is invoked as an interjection for hot emotions like anger and frustration.,Krez / Noun: Fire / Interjection: Blast! Damn! / Fire is invoked as an interjection for hot emotions like anger and frustration.,Canon,Original term entry preserved.,PT-V4-0010,related usage,PT-V4-0010,Needs Human Review,contextual meaning overlap
LX-V4-0106,"Volume 4: Expansion, Tangible Lexicon, Modality, and National Speech",Section 3.12: The Fluidity of Meaning: Polysemy and Context in Celan,19-25,Dral,"Noun: Sky, Wonder, Heavens; Interjection: Wow! Heavens!",Polysemy Entry,"The concept of the Heavens is invoked to express awe, wonder, or surprise.","Dral / Noun: Sky, Wonder, Heavens / Interjection: Wow! Heavens! / The concept of the Heavens is invoked to express awe, wonder, or surprise.",Canon,Original term entry preserved.,PT-V4-0010,related usage,PT-V4-0010,Needs Human Review,contextual meaning overlap
LX-V4-0107,"Volume 4: Expansion, Tangible Lexicon, Modality, and National Speech",Section 3.12: The Fluidity of Meaning: Polysemy and Context in Celan,19-25,Aenor,"Noun: Ear; Noun: Moment, Instant",Polysemy Entry,A homonym. Context distinguishes them.,"Aenor / Noun: Ear / Noun: Moment, Instant / A homonym. Context distinguishes them.",Canon,Original term entry preserved.,PT-V4-0010,related usage,PT-V4-0010,Needs Human Review,contextual meaning overlap
LX-V4-0108,"Volume 4: Expansion, Tangible Lexicon, Modality, and National Speech",Section 3.12: The Fluidity of Meaning: Polysemy and Context in Celan,19-25,Terra,Noun: Earth (physical ground); Noun: The Heart of Terra (mystical force),Polysemy Entry,The physical world and mystical source are inseparable in Ohnoshan thought.,Terra / Noun: Earth (physical ground) / Noun: The Heart of Terra (mystical force) / The physical world and mystical source are inseparable in Ohnoshan thought.,Canon,Original term entry preserved.,PT-V4-0010,related usage,PT-V4-0010,Needs Human Review,contextual meaning overlap
LX-V4-0109,"Volume 4: Expansion, Tangible Lexicon, Modality, and National Speech",Section 3.12: The Fluidity of Meaning: Polysemy and Context in Celan,19-25,Thal,"Noun: Balance, Harmony; Preposition: From, out of",Polysemy Entry,All things originate from a place of balance.,"Thal / Noun: Balance, Harmony / Preposition: From, out of / All things originate from a place of balance.",Canon,Original term entry preserved.,PT-V4-0010,related usage,PT-V4-0010,Needs Human Review,contextual meaning overlap
LX-V4-0110,"Volume 4: Expansion, Tangible Lexicon, Modality, and National Speech",Section 3.12: The Fluidity of Meaning: Polysemy and Context in Celan,19-25,Esh,"Noun: Sky, Air; Preposition: Above, over; Suffix: -esh (Relational)",Polysemy Entry,The relational suffix extends the sky/above sense to metaphorical connection.,"Esh / Noun: Sky, Air / Preposition: Above, over / Suffix: -esh (Relational) / The relational suffix extends the sky/above sense to metaphorical connection.",Canon,Original term entry preserved.,PT-V4-0010,related usage,PT-V4-0010,Needs Human Review,contextual meaning overlap
LX-V4-0111,"Volume 4: Expansion, Tangible Lexicon, Modality, and National Speech",Section 3.12: The Fluidity of Meaning: Polysemy and Context in Celan,19-25,Kal,"Noun: Strength, Power; Adjective (as Strong)",Polysemy Entry,Strength is the root for the adjective describing that quality.,"Kal / Noun: Strength, Power / Adjective (as Strong) / Strength is the root for the adjective describing that quality.",Canon,Original term entry preserved.,PT-V4-0010,related usage,PT-V4-0010,Needs Human Review,contextual meaning overlap
LX-V4-0112,"Volume 4: Expansion, Tangible Lexicon, Modality, and National Speech",Section 3.12: The Fluidity of Meaning: Polysemy and Context in Celan,19-25,Ser,"Noun: Friend, Ally; Preposition: With; Conjunction: And",Polysemy Entry,"And is framed as accompaniment, the essence of friend.","Ser / Noun: Friend, Ally / Preposition: With / Conjunction: And / And is framed as accompaniment, the essence of friend.",Canon,Original term entry preserved.,PT-V4-0010,related usage,PT-V4-0010,Needs Human Review,contextual meaning overlap
LX-V4-0113,"Volume 4: Expansion, Tangible Lexicon, Modality, and National Speech",Section 3.12: The Fluidity of Meaning: Polysemy and Context in Celan,19-25,Vaar,"Noun: Peace, Unity; Interjection (as Relief); Adjective (as Good)",Polysemy Entry,Peace/unity roots relief and goodness.,"Vaar / Noun: Peace, Unity / Interjection (as Relief) / Adjective (as Good) / Peace/unity roots relief and goodness.",Canon,Original term entry preserved.,PT-V4-0010,related usage,PT-V4-0010,Needs Human Review,contextual meaning overlap
LX-V4-0114,"Volume 4: Expansion, Tangible Lexicon, Modality, and National Speech",Section 3.12: The Fluidity of Meaning: Polysemy and Context in Celan,19-25,Lian,"Noun: Truth, Honesty; Verb (as To Pray); Modal (as Can/Able to)",Polysemy Entry,Truth is foundation for prayer and ability.,"Lian / Noun: Truth, Honesty / Verb (as To Pray) / Modal (as Can/Able to) / Truth is foundation for prayer and ability.",Canon,Original term entry preserved.,PT-V4-0010,related usage,PT-V4-0010,Needs Human Review,contextual meaning overlap
LX-V4-0115,"Volume 4: Expansion, Tangible Lexicon, Modality, and National Speech",Section 3.12: The Fluidity of Meaning: Polysemy and Context in Celan,19-25,Thar,Noun: Heart; Modal root (in Want to),Polysemy Entry,Heart is source of life and desire.,Thar / Noun: Heart / Modal root (in Want to) / Heart is source of life and desire.,Canon,Original term entry preserved.,PT-V4-0010,related usage,PT-V4-0010,Needs Human Review,contextual meaning overlap
LX-V4-0116,"Volume 4: Expansion, Tangible Lexicon, Modality, and National Speech",Section 3.12: The Fluidity of Meaning: Polysemy and Context in Celan,19-25,Tal,"Verb: Give, Offer; Verb: To Take, Receive",Polysemy Entry,Context and prepositions determine exchange direction.,"Tal / Verb: Give, Offer / Verb: To Take, Receive / Context and prepositions determine exchange direction.",Canon,Original term entry preserved.,PT-V4-0010,related usage,PT-V4-0010,Needs Human Review,contextual meaning overlap
LX-V4-0117,"Volume 4: Expansion, Tangible Lexicon, Modality, and National Speech",Section 3.12: The Fluidity of Meaning: Polysemy and Context in Celan,19-25,Vethor,"Noun: Shadow, Mystery; Verb (as To Sleep)",Polysemy Entry,Sleep is entering the shadow/mystery.,"Vethor / Noun: Shadow, Mystery / Verb (as To Sleep) / Sleep is entering the shadow/mystery.",Canon,Original term entry preserved.,PT-V4-0010,related usage,PT-V4-0010,Needs Human Review,contextual meaning overlap
LX-V4-0118,"Volume 4: Expansion, Tangible Lexicon, Modality, and National Speech",Section 3.12: The Fluidity of Meaning: Polysemy and Context in Celan,19-25,Kor,"Root: Source, Strength; Unit of length (from Handspan)",Polysemy Entry,"Korin hand is source of making/action, becoming measure.","Kor / Root: Source, Strength / Unit of length (from Handspan) / Korin hand is source of making/action, becoming measure.",Canon,Original term entry preserved.,PT-V4-0010,related usage,PT-V4-0010,Needs Human Review,contextual meaning overlap
LX-V4-0119,"Volume 4: Expansion, Tangible Lexicon, Modality, and National Speech",Section 3.12: The Fluidity of Meaning: Polysemy and Context in Celan,19-25,Pral,"Root: Intricacy, Detail; Noun (as Table); Verb (as To Make)",Polysemy Entry,Skilled work gives rise to place for work and act of doing it.,"Pral / Root: Intricacy, Detail / Noun (as Table) / Verb (as To Make) / Skilled work gives rise to place for work and act of doing it.",Canon,Original term entry preserved.,PT-V4-0010,related usage,PT-V4-0010,Needs Human Review,contextual meaning overlap
LX-V4-0120,"Volume 4: Expansion, Tangible Lexicon, Modality, and National Speech",Section 3.12: The Fluidity of Meaning: Polysemy and Context in Celan,19-25,Vok,"Root: Unity, Bond; Verb (as To Betray)",Polysemy Entry,Unity roots the verb describing its violation.,"Vok / Root: Unity, Bond / Verb (as To Betray) / Unity roots the verb describing its violation.",Canon,Original term entry preserved.,PT-V4-0010,related usage,PT-V4-0010,Needs Human Review,contextual meaning overlap
LX-V4-0121,"Volume 4: Expansion, Tangible Lexicon, Modality, and National Speech",Section 3.12: The Fluidity of Meaning: Polysemy and Context in Celan,19-25,Kel,Verb: To say/talk (informal); Noun (as Name); Noun (as Word),Polysemy Entry,Saying is foundation for name and word.,Kel / Verb: To say/talk (informal) / Noun (as Name) / Noun (as Word) / Saying is foundation for name and word.,Canon,Original term entry preserved.,PT-V4-0010,related usage,PT-V4-0010,Needs Human Review,contextual meaning overlap
LX-V4-0122,"Volume 4: Expansion, Tangible Lexicon, Modality, and National Speech",Section 3.12: The Fluidity of Meaning: Polysemy and Context in Celan,19-25,Eth,"Suffix (Adjectival): -like, -ful; Suffix (Nominal/Ritual): sacred act of",Polysemy Entry,Essential manifestation as quality or formal act.,"Eth / Suffix (Adjectival): -like, -ful / Suffix (Nominal/Ritual): sacred act of / Essential manifestation as quality or formal act.",Canon,Original term entry preserved.,PT-V4-0010,related usage,PT-V4-0010,Needs Human Review,contextual meaning overlap
LX-V4-0123,"Volume 4: Expansion, Tangible Lexicon, Modality, and National Speech",Section 3.12: The Fluidity of Meaning: Polysemy and Context in Celan,19-25,Shen,Noun (from Coinage); Unit of weight: Measure,Polysemy Entry,Currency gives name to measured trade.,Shen / Noun (from Coinage) / Unit of weight: Measure / Currency gives name to measured trade.,Canon,Original term entry preserved.,PT-V4-0010,related usage,PT-V4-0010,Needs Human Review,contextual meaning overlap
