entry_id,source_volume,source_section,page_number,celan_text,translation,example_type,analysis,canon_status,notes,related_entry_ids,relationship_type,potential_tension_id,review_status,review_reason
PE-V1-0001,Volume 1: Fundamentals,Basic Sentence Structure > Verb-Subject-Object (VSO),3,Var I dren.,“I go to the water.”,Syntax example,Var (go) – Verb; I (I) – Subject; dren (water) – Object,Canon,Original example preserved. Var also appears as preposition; flagged as terminology overlap.,GR-V1-0004,related usage,PT-V1-0001,Needs Human Review,terminology overlap
PE-V1-0002,Volume 1: Fundamentals,Basic Sentence Structure > Forming Questions,3,Ra var ser?,"""Where does the friend go?""",Question example,Shows Ra placed at the beginning of the sentence.,Canon,Original example preserved. Ser also appears as preposition; flagged as terminology overlap.,GR-V1-0005,related usage,PT-V1-0002,Needs Human Review,terminology overlap
PE-V1-0003,Volume 1: Fundamentals,Pronouns and Person Markers > Possessive Forms,4,I ka dren,“My water”,Possession example,,Canon,Original example preserved.,GR-V1-0007,related usage,,Approved,
PE-V1-0004,Volume 1: Fundamentals,Pronouns and Person Markers > Possessive Forms,4,Ya tera,“Your home” (singular),Possession example,,Canon,Original example preserved.,GR-V1-0007,related usage,,Approved,
PE-V1-0005,Volume 1: Fundamentals,Pronouns and Person Markers > Possessive Forms,4,Ilin-ka emil,“Our meal”,Possession example,,Canon,Original example preserved.,GR-V1-0007,related usage,,Approved,
PE-V1-0006,Volume 1: Fundamentals,Gendered and Neutral Terms,6,Kal ohm Kadron ian,My strong friend who is a man.,Usage example,,Canon,Original example preserved.,GR-V1-0008,related usage,,Approved,
PE-V1-0007,Volume 1: Fundamentals,Gendered and Neutral Terms,6,Azron nor shal,The woman flows with the light.,Usage example,,Canon,Original example preserved.,GR-V1-0008,related usage,,Approved,
PE-V1-0008,Volume 1: Fundamentals,Gendered and Neutral Terms,6,Theon dren kal thal,The neutral person brings strength and balance.,Usage example,,Canon,Original example preserved.,GR-V1-0008,related usage,,Approved,
PE-V1-0009,Volume 1: Fundamentals,Gendered and Neutral Terms,6,Kadfel ohmbaen,Beloved boy.,Usage example,,Canon,Original example preserved.,GR-V1-0009,related usage,,Approved,
PE-V1-0010,Volume 1: Fundamentals,Gendered and Neutral Terms,6,Azon nor velkrel,A feminine man near the breeze.,Usage example,,Canon,Original example preserved.,GR-V1-0009,related usage,,Approved,
PE-V1-0011,Volume 1: Fundamentals,Gendered and Neutral Terms,6,Theon ian kal nor dren,My neutral companion flows with the water.,Usage example,,Canon,Original example preserved.,GR-V1-0011,related usage,,Approved,
PE-V1-0012,Volume 1: Fundamentals,Gendered and Neutral Terms,6,Theefel pralmor an shal,The neutral child creates with the light.,Usage example,,Canon,Original example preserved.,GR-V1-0011,related usage,,Approved,
PE-V1-0013,Volume 1: Fundamentals,Gendered and Neutral Terms,6,Kadron-Azon,A man with both masculine and feminine qualities.,Usage example,,Canon,Original example preserved.,GR-V1-0012,related usage,,Approved,
PE-V1-0014,Volume 1: Fundamentals,Gendered and Neutral Terms,6,Azron-Theon,A woman embodying neutrality and balance.,Usage example,,Canon,Original example preserved.,GR-V1-0012,related usage,,Approved,
PE-V1-0015,Volume 1: Fundamentals,Gendered and Neutral Terms,6,Azfel kal dren morl,The girl brings strength to the flowing mountain.,Usage example,,Canon,Original example preserved.,GR-V1-0013,related usage,,Approved,
PE-V1-0016,Volume 1: Fundamentals,Gendered and Neutral Terms,6,Kadron var thal nor,The man stands in balance with time.,Usage example,,Canon,Original example preserved.,GR-V1-0013,related usage,,Approved,
PE-V1-0017,Volume 1: Fundamentals,Grammar > Tenses and Aspects,7,Var I dren.,“I go to the water.”,Tense/aspect example,,Canon,Original example preserved.,GR-V1-0014,related usage,,Approved,
PE-V1-0018,Volume 1: Fundamentals,Grammar > Tenses and Aspects,7,Tha-var I dren.,“I went to the water.”,Tense/aspect example,,Canon,Original example preserved.,GR-V1-0014,related usage,,Approved,
PE-V1-0019,Volume 1: Fundamentals,Grammar > Tenses and Aspects,7,Nor-var I dren.,“I will go to the water.”,Tense/aspect example,,Canon,Original example preserved.,GR-V1-0014,related usage,,Approved,
PE-V1-0020,Volume 1: Fundamentals,Grammar > Tenses and Aspects,7,Varal I dren.,“I am going to the water.”,Tense/aspect example,,Canon,Original example preserved.,GR-V1-0014,related usage,,Approved,
PE-V1-0021,Volume 1: Fundamentals,Grammar > Tenses and Aspects,7,Varath I dren.,“I have gone to the water.”,Tense/aspect example,,Canon,Original example preserved.,GR-V1-0014,related usage,,Approved,
PE-V1-0022,Volume 1: Fundamentals,Grammar > Tenses and Aspects,7,Varas I dren.,“I usually go to the water.”,Tense/aspect example,,Canon,Original example preserved.,GR-V1-0014,related usage,,Approved,
PE-V1-0023,Volume 1: Fundamentals,Grammar > Negation,7,Ver var I dren.,“I do not go to the water.”,Negation example,,Canon,Original example preserved.,GR-V1-0015,related usage,,Approved,
PE-V1-0024,Volume 1: Fundamentals,Grammar > Negation,7,Ver shal I dren.,“There is no light at the water.”,Negation example,,Canon,Original example preserved.,GR-V1-0015,related usage,,Approved,
PE-V1-0025,Volume 1: Fundamentals,Grammar > Questions and Imperatives,7,Ra var ser?,“Where does the friend go?”,Question/imperative example,,Canon,Original example preserved.,GR-V1-0016,related usage,PT-V1-0002,Needs Human Review,terminology overlap
PE-V1-0026,Volume 1: Fundamentals,Grammar > Questions and Imperatives,7,Ra ver var ser?,“Does the friend not go?”,Question/imperative example,,Canon,Original example preserved.,GR-V1-0016,related usage,PT-V1-0002,Needs Human Review,terminology overlap
PE-V1-0027,Volume 1: Fundamentals,Grammar > Questions and Imperatives,7,Va var dren!,“Go to the water!”,Question/imperative example,,Canon,Original example preserved.,GR-V1-0016,related usage,,Approved,
PE-V1-0028,Volume 1: Fundamentals,Grammar > Conditionals,7-8,"Rath var ser, I dren.","“If the friend goes, I will go to the water.”",Conditional example,,Canon,Original example preserved.,GR-V1-0017,related usage,PT-V1-0002,Needs Human Review,terminology overlap
PE-V1-0029,Volume 1: Fundamentals,Grammar > Conditionals,7-8,"Rath Nor-var ser, Nor-var I dren.","“If the friend will go, I will go to the water.”",Conditional example,,Canon,Original example preserved.,GR-V1-0017,related usage,PT-V1-0002,Needs Human Review,terminology overlap
PE-V1-0030,Volume 1: Fundamentals,Grammar > Conditionals,7-8,"Rath Tha-var ser, Tha-var I dren.","“If the friend had gone, I would have gone to the water.”",Conditional example,,Canon,Original example preserved.,GR-V1-0017,related usage,PT-V1-0002,Needs Human Review,terminology overlap
PE-V1-0031,Volume 1: Fundamentals,Grammar > Prepositions and Case Markers > Basic Prepositions,8,Var dren,to the water,Preposition table example,,Canon,Original example preserved.,GR-V1-0018,related usage,PT-V1-0001,Needs Human Review,terminology overlap
PE-V1-0032,Volume 1: Fundamentals,Grammar > Prepositions and Case Markers > Basic Prepositions,8,Var I ser ser,with a friend,Preposition table example,,Canon,Original example preserved.,GR-V1-0018,related usage,PT-V1-0001; PT-V1-0002,Needs Human Review,terminology overlap
PE-V1-0033,Volume 1: Fundamentals,Grammar > Prepositions and Case Markers > Basic Prepositions,8,Tha-var La thal Terra.,,Preposition table example,,Canon,Original example preserved.,GR-V1-0018,related usage,,Approved,
PE-V1-0034,Volume 1: Fundamentals,Grammar > Prepositions and Case Markers > Basic Prepositions,8,Var I ka shal.,,Preposition table example,,Canon,Original example preserved.,GR-V1-0018,related usage,PT-V1-0003,Needs Human Review,terminology overlap
PE-V1-0035,Volume 1: Fundamentals,Grammar > Prepositions and Case Markers > Basic Prepositions,8,Varan I an Varthas.,,Preposition table example,,Canon,Original example preserved.,GR-V1-0018,related usage,,Approved,
PE-V1-0036,Volume 1: Fundamentals,Grammar > Prepositions and Case Markers > Basic Prepositions,8,Nor-var I nor Varthas.,,Preposition table example,,Canon,Original example preserved.,GR-V1-0018,related usage,PT-V1-0004,Needs Human Review,terminology overlap
PE-V1-0037,Volume 1: Fundamentals,Grammar > Prepositions and Case Markers > Basic Prepositions,8,Var I esh dren.,,Preposition table example,,Canon,Original example preserved.,GR-V1-0018,related usage,,Approved,
PE-V1-0038,Volume 1: Fundamentals,Grammar > Prepositions and Case Markers > Basic Prepositions,8,Var I morl dren.,,Preposition table example,,Canon,Original example preserved.,GR-V1-0018,related usage,,Approved,
PE-V1-0039,Volume 1: Fundamentals,Grammar > Prepositions and Case Markers > Example Sentences with Prepositions,8-9,Var I var dren.,“I go to the water.”,Preposition example,,Canon,Original example preserved.,GR-V1-0018,related usage,PT-V1-0001,Needs Human Review,terminology overlap
PE-V1-0040,Volume 1: Fundamentals,Grammar > Prepositions and Case Markers > Example Sentences with Prepositions,8-9,Nor-var I an Tera.,“I will go at the home.”,Preposition example,,Canon,Original example preserved.,GR-V1-0018,related usage,PT-V1-0004,Needs Human Review,terminology overlap
PE-V1-0041,Volume 1: Fundamentals,Grammar > Prepositions and Case Markers > Example Sentences with Prepositions,8-9,Tha-var La thal Shalorin.,“They went from the sanctuary of light.”,Preposition example,,Canon,Original example preserved.,GR-V1-0018,related usage,,Approved,
PE-V1-0042,Volume 1: Fundamentals,Grammar > Prepositions and Case Markers > Example Sentences with Prepositions,8-9,Var I ser Yalin.,“I go with you all.”,Preposition example,,Canon,Original example preserved.,GR-V1-0018,related usage,PT-V1-0001,Needs Human Review,terminology overlap
PE-V1-0043,Volume 1: Fundamentals,Grammar > Prepositions and Case Markers > Example Sentences with Prepositions,8-9,Ka var I emil?,“Do I go without food?”,Preposition example,,Canon,Original example preserved.,GR-V1-0018,related usage,PT-V1-0003,Needs Human Review,terminology overlap
PE-V1-0044,Volume 1: Fundamentals,Grammar > Prepositions and Case Markers > Example Sentences with Prepositions,8-9,Var I esh dren.,“I go above the water.”,Preposition example,,Canon,Original example preserved.,GR-V1-0018,related usage,,Approved,
PE-V1-0045,Volume 1: Fundamentals,Grammar > Prepositions and Case Markers > Example Sentences with Prepositions,8-9,Var I morl dren.,“I go under the water.”,Preposition example,,Canon,Original example preserved.,GR-V1-0018,related usage,,Approved,
PE-V2-0001,Volume 2: Dictionary and Word Formation,Vocabulary > Words for Times of Day,7-8,Var I dren an Kinnshal.,I go to the water at dawn.,Time-of-day example,,Canon,Original example preserved.,LX-V2-0088,related usage,,Approved,
PE-V2-0002,Volume 2: Dictionary and Word Formation,Vocabulary > Words for Times of Day,7-8,Kinnmor kal dren nor shal.,The morning strengthens with water and light.,Time-of-day example,,Canon,Original example preserved.,LX-V2-0089,related usage,,Approved,
PE-V2-0003,Volume 2: Dictionary and Word Formation,Vocabulary > Words for Times of Day,7-8,Tal I dren an Kinnlin.,I drink the water at noon.,Time-of-day example,,Canon,Original example preserved.,LX-V2-0090,related usage,,Approved,
PE-V2-0004,Volume 2: Dictionary and Word Formation,Vocabulary > Words for Times of Day,7-8,Nor-var I dren thal Kilvthal.,I will go to the water in the afternoon.,Time-of-day example,,Canon,Original example preserved.,LX-V2-0091,related usage,,Approved,
PE-V2-0005,Volume 2: Dictionary and Word Formation,Vocabulary > Words for Times of Day,7-8,Kilveth dren morl shal.,Evening rests under the light.,Time-of-day example,,Canon,Original example preserved.,LX-V2-0092,related usage,,Approved,
PE-V2-0006,Volume 2: Dictionary and Word Formation,Vocabulary > Words for Times of Day,7-8,Var I dren an Kilvfah.,I go to the water at nightfall.,Time-of-day example,,Canon,Original example preserved.,LX-V2-0093,related usage,,Approved,
PE-V2-0007,Volume 2: Dictionary and Word Formation,Vocabulary > Words for Times of Day,7-8,Tal I kilvlum dren nor veth.,I drink at midnight by the water's shadow.,Time-of-day example,,Canon,Original example preserved.,LX-V2-0094,related usage,,Approved,
PE-V2-0008,Volume 2: Dictionary and Word Formation,Vocabulary > Expanded Vocabulary,8-10,Belrin kal dren.,The woven fabric strengthens with water.,Expanded vocabulary example,,Canon,Original example preserved.,LX-V2-0095; RM-V2-0003,related usage,,Approved,
PE-V2-0009,Volume 2: Dictionary and Word Formation,Vocabulary > Expanded Vocabulary,8-10,Belar nor dren.,The binding spice rests by the water.,Expanded vocabulary example,,Canon,Original example preserved.,LX-V2-0096; RM-V2-0003,related usage,,Approved,
PE-V2-0010,Volume 2: Dictionary and Word Formation,Vocabulary > Expanded Vocabulary,8-10,Brosrin vanesh dren.,The layered food trades by the water.,Expanded vocabulary example,,Canon,Original example preserved.,LX-V2-0097; RM-V2-0004,related usage,,Approved,
PE-V2-0011,Volume 2: Dictionary and Word Formation,Vocabulary > Expanded Vocabulary,8-10,Balrin var dren.,The sprouting food grows by the water.,Expanded vocabulary example,,Canon,Original example preserved.,LX-V2-0098; RM-V2-0005,related usage,,Approved,
PE-V2-0012,Volume 2: Dictionary and Word Formation,Vocabulary > Expanded Vocabulary,8-10,Brenmor kal dren.,The harvested roots strengthen by the water.,Expanded vocabulary example,,Canon,Original example preserved.,LX-V2-0099; RM-V2-0006,related usage,,Approved,
PE-V2-0013,Volume 2: Dictionary and Word Formation,Vocabulary > Expanded Vocabulary,8-10,Phelvin nor dren.,The comforting drink rests by the water.,Expanded vocabulary example,,Canon,Original example preserved.,LX-V2-0100; RM-V2-0007,related usage,,Approved,
PE-V2-0014,Volume 2: Dictionary and Word Formation,Vocabulary > Expanded Vocabulary,8-10,Prakorin shalil an dren.,The tender bread flows lightly by the water.,Expanded vocabulary example,,Canon,Original example preserved.,LX-V2-0101; RM-V2-0008,related usage,,Approved,
PE-V2-0015,Volume 2: Dictionary and Word Formation,Vocabulary > Expanded Vocabulary,8-10,Pelvar nor dren.,The sharp grain rests by the water.,Expanded vocabulary example,,Canon,Original example preserved.,LX-V2-0102; RM-V2-0009,related usage,,Approved,
PE-V2-0016,Volume 2: Dictionary and Word Formation,Vocabulary > Expanded Vocabulary,8-10,Peldren var shal.,The piercing water flows under the light.,Expanded vocabulary example,,Canon,Original example preserved.,LX-V2-0103; RM-V2-0009,related usage,,Approved,
PE-V2-0017,Volume 2: Dictionary and Word Formation,Vocabulary > Expanded Vocabulary,8-10,Pralmor kal dren.,The carving strengthens with water.,Expanded vocabulary example,,Canon,Original example preserved.,LX-V2-0104; RM-V2-0010,related usage,,Approved,
PE-V2-0018,Volume 2: Dictionary and Word Formation,Vocabulary > Expanded Vocabulary,8-10,Jorlin shal dren.,The bursting water flows by the light.,Expanded vocabulary example,,Canon,Original example preserved.,LX-V2-0105; RM-V2-0011,related usage,,Approved,
PE-V2-0019,Volume 2: Dictionary and Word Formation,Vocabulary > Expanded Vocabulary,8-10,Jorvak kal dren.,The warmth strengthens by the water.,Expanded vocabulary example,,Canon,Original example preserved.,LX-V2-0106; RM-V2-0011,related usage,,Approved,
PE-V2-0020,Volume 2: Dictionary and Word Formation,Vocabulary > Expanded Vocabulary,8-10,Jekvor nor dren.,The spiraling spice rests by the water.,Expanded vocabulary example,,Canon,Original example preserved.,LX-V2-0107; RM-V2-0012,related usage,,Approved,
PE-V2-0021,Volume 2: Dictionary and Word Formation,Vocabulary > Expanded Vocabulary,8-10,Jelvor vanesh dren.,The zesty spice trades by the water.,Expanded vocabulary example,,Canon,Original example preserved.,LX-V2-0108; RM-V2-0013,related usage,,Approved,
PE-V2-0022,Volume 2: Dictionary and Word Formation,Vocabulary > Expanded Vocabulary,8-10,Jindral nor dren.,The rare fruit rests by the water.,Expanded vocabulary example,,Canon,Original example preserved.,LX-V2-0109; RM-V2-0014,related usage,,Approved,
PE-V2-0023,Volume 2: Dictionary and Word Formation,Vocabulary > Expanded Vocabulary,8-10,Welrim ser dren an Serin.,The feast is shared with friends and water.,Expanded vocabulary example,,Canon,Original example preserved.,LX-V2-0110; RM-V2-0015,related usage,,Approved,
PE-V2-0024,Volume 2: Dictionary and Word Formation,Vocabulary > Expanded Vocabulary,8-10,Welmor vanesh dren.,The flowing earth trades by the water.,Expanded vocabulary example,,Canon,Original example preserved.,LX-V2-0111; RM-V2-0015,related usage,,Approved,
PE-V2-0025,Volume 2: Dictionary and Word Formation,Vocabulary > Expanded Vocabulary,8-10,Weknor nor dren.,The cyclical time rests by the water.,Expanded vocabulary example,,Canon,Original example preserved.,LX-V2-0112; RM-V2-0016,related usage,,Approved,
PE-V2-0026,Volume 2: Dictionary and Word Formation,Vocabulary > Expanded Vocabulary,8-10,Worvenak kal dren.,The abundant stew strengthens by the water.,Expanded vocabulary example,,Canon,Original example preserved.,LX-V2-0113; RM-V2-0017,related usage,,Approved,
PE-V2-0027,Volume 2: Dictionary and Word Formation,Vocabulary > Expanded Vocabulary,8-10,Xilvar nor dren.,The hidden spice rests by the water.,Expanded vocabulary example,,Canon,Original example preserved.,LX-V2-0114; RM-V2-0018,related usage,,Approved,
PE-V2-0028,Volume 2: Dictionary and Word Formation,Vocabulary > Expanded Vocabulary,8-10,Xarvel nor dren.,The covered meal rests by the water.,Expanded vocabulary example,,Canon,Original example preserved.,LX-V2-0115; RM-V2-0019,related usage,,Approved,
PE-V2-0029,Volume 2: Dictionary and Word Formation,Vocabulary > Refined Relationships Chart,11,Ohmbaen nor dren.,The beloved rests near the water.,Relationship example,,Canon,Original example preserved.,LX-V2-0119,related usage,,Approved,
PE-V2-0030,Volume 2: Dictionary and Word Formation,Vocabulary > Refined Relationships Chart,11,Tlakorin kal dren an Varthas.,The confidant strengthens the city.,Relationship example,,Canon,Original example preserved.,LX-V2-0120,related usage,,Approved,
PE-V2-0031,Volume 2: Dictionary and Word Formation,Vocabulary > Refined Relationships Chart,11,Khumlor var dren.,The family gathers by the water.,Relationship example,,Canon,Original example preserved.,LX-V2-0121,related usage,,Approved,
PE-V2-0032,Volume 2: Dictionary and Word Formation,Vocabulary > Refined Relationships Chart,11,Nkuvath shal dren ser serathrin.,The bond flows to the confidant.,Relationship example,,Canon,Original example preserved.,LX-V2-0122,related usage,,Approved,
PE-V2-0033,Volume 2: Dictionary and Word Formation,Vocabulary > Refined Relationships Chart,11,Mbalan ser dren an Varthas.,The community leader stands by the water in the city.,Relationship example,,Canon,Original example preserved.,LX-V2-0123,related usage,,Approved,
PE-V2-0034,Volume 2: Dictionary and Word Formation,Vocabulary > Refined Relationships Chart,11,Nkural nor dren ser Ilan.,The mentor rests by the water with the student.,Relationship example,,Canon,Original example preserved.,LX-V2-0124,related usage,,Approved,
PE-V2-0035,Volume 2: Dictionary and Word Formation,Vocabulary > Refined Relationships Chart,11,Tlankor kal dren ser Serin.,The ally strengthens by the water with friends.,Relationship example,,Canon,Original example preserved.,LX-V2-0125,related usage,,Approved,
PE-V2-0036,Volume 2: Dictionary and Word Formation,Vocabulary > Refined Relationships Chart,11,Tlakhura shal dren ser Zhivor.,A bond flows with the family.,Relationship example,,Canon,Original example preserved.,LX-V2-0126,related usage,,Approved,
PE-V2-0037,Volume 2: Dictionary and Word Formation,"Vocabulary > JARGON: (BATTLE, TEMPLE, MARKET) > Battle Jargon",11-13,Va jorkal an rath!,Command: Charge the enemy!,Jargon example,,Canon,Original example preserved.,LX-V2-0127,related usage,,Approved,
PE-V2-0038,Volume 2: Dictionary and Word Formation,"Vocabulary > JARGON: (BATTLE, TEMPLE, MARKET) > Battle Jargon",11-13,Var Seren arthlor an Kaleth.,The Guardians go to the defensive formation at the Fortress.,Jargon example,,Canon,Original example preserved.,LX-V2-0128,related usage,,Approved,
PE-V2-0039,Volume 2: Dictionary and Word Formation,"Vocabulary > JARGON: (BATTLE, TEMPLE, MARKET) > Battle Jargon",11-13,Nor-var Serenkal thal morl.,The Elite Warriors will advance from the mountain.,Jargon example,,Canon,Original example preserved.,LX-V2-0129,related usage,,Approved,
PE-V2-0040,Volume 2: Dictionary and Word Formation,"Vocabulary > JARGON: (BATTLE, TEMPLE, MARKET) > Battle Jargon",11-13,Lorin Ilin belshara an vethor.,Guide us in the coordinated maneuver through the shadow.,Jargon example,,Canon,Human-approved fused spelling applied: belshara. Wording otherwise preserved.,LX-V2-0130,related usage,,Approved,
PE-V2-0041,Volume 2: Dictionary and Word Formation,"Vocabulary > JARGON: (BATTLE, TEMPLE, MARKET) > Battle Jargon",11-13,Ra var rathvethor an Verdor?,Is there a hidden enemy in the forest?,Jargon example,,Canon,Human-approved fused spelling applied: rathvethor. Wording otherwise preserved.,LX-V2-0131,related usage,,Approved,
PE-V2-0042,Volume 2: Dictionary and Word Formation,"Vocabulary > JARGON: (BATTLE, TEMPLE, MARKET) > Temple Jargon",11-13,Var Liorinen lianaen an shalor.,The Honored Elder goes to pray in the sanctuary.,Jargon example,,Canon,Original example preserved.,LX-V2-0132,related usage,,Approved,
PE-V2-0043,Volume 2: Dictionary and Word Formation,"Vocabulary > JARGON: (BATTLE, TEMPLE, MARKET) > Temple Jargon",11-13,Nor-var Tharvok khumeth an Zhaelor.,The Family will perform the ritual in the Spring (season).,Jargon example,,Canon,Original example preserved.,LX-V2-0133,related usage,PT-V2-0014,Needs Human Review,possible derivation uncertainty
PE-V2-0044,Volume 2: Dictionary and Word Formation,"Vocabulary > JARGON: (BATTLE, TEMPLE, MARKET) > Temple Jargon",11-13,Tal Ilin talrin ser vaar.,We give an offering with peace.,Jargon example,,Canon,Human-approved fused spelling applied: talrin. Wording otherwise preserved.,LX-V2-0134,related usage,,Approved,
PE-V2-0045,Volume 2: Dictionary and Word Formation,"Vocabulary > JARGON: (BATTLE, TEMPLE, MARKET) > Temple Jargon",11-13,Aen Shalor Liorin lian nor.,The Temple Elder speaks truth now.,Jargon example,,Canon,Original example preserved.,LX-V2-0135,related usage,,Approved,
PE-V2-0046,Volume 2: Dictionary and Word Formation,"Vocabulary > JARGON: (BATTLE, TEMPLE, MARKET) > Temple Jargon",11-13,Var Rinvarash thal liorin.,Prophetic vision comes from the elder.,Jargon example,,Canon,Human-approved fused spelling applied: Rinvarash. Wording otherwise preserved.,LX-V2-0136,related usage,,Approved,
PE-V2-0047,Volume 2: Dictionary and Word Formation,"Vocabulary > JARGON: (BATTLE, TEMPLE, MARKET) > Market Jargon",11-13,Ra aen Ya belshen velrin?,Do you speak the price of the food?,Jargon example,,Canon,Original example preserved.,LX-V2-0137,related usage,,Approved,
PE-V2-0048,Volume 2: Dictionary and Word Formation,"Vocabulary > JARGON: (BATTLE, TEMPLE, MARKET) > Market Jargon",11-13,Var Varadan vaneshem an Varthas.,The Merchant brings goods into the City.,Jargon example,,Canon,Original example preserved.,LX-V2-0138,related usage,PT-V2-0015,Needs Human Review,possible derivation uncertainty
PE-V2-0049,Volume 2: Dictionary and Word Formation,"Vocabulary > JARGON: (BATTLE, TEMPLE, MARKET) > Market Jargon",11-13,Var thalaneshen ser varadan.,Bargaining goes with the merchant.,Jargon example,,Canon,Original example preserved.,LX-V2-0139,related usage,PT-V2-0016,Needs Human Review,possible derivation uncertainty
PE-V2-0050,Volume 2: Dictionary and Word Formation,"Vocabulary > JARGON: (BATTLE, TEMPLE, MARKET) > Market Jargon",11-13,Vanesh Ilin ka-shen lialor.,We trade via barter indeed.,Jargon example,,Canon,Original example preserved.,LX-V2-0140,related usage,,Approved,
PE-V2-0051,Volume 2: Dictionary and Word Formation,"Vocabulary > JARGON: (BATTLE, TEMPLE, MARKET) > Market Jargon",11-13,Tal Varadan vellian an Ilan.,The Merchant offers quality goods to the Student.,Jargon example,,Canon,Human-approved fused spelling applied: vellian. Derivation uncertainty remains from linked lexicon row.,LX-V2-0141,related usage,PT-V2-0017,Needs Human Review,possible derivation uncertainty
PE-V2-0052,Volume 2: Dictionary and Word Formation,Food Vocabulary > Staple Foods,14-15,Morlak nor dren.,The bread rests by the water.,Food vocabulary example,,Canon,Original example preserved.,LX-V2-0147,related usage,,Approved,
PE-V2-0053,Volume 2: Dictionary and Word Formation,Food Vocabulary > Staple Foods,14-15,Velrin kal dren an Serin.,The food strengthens with friends by the water.,Food vocabulary example,,Canon,Original example preserved.,LX-V2-0148,related usage,,Approved,
PE-V2-0054,Volume 2: Dictionary and Word Formation,Food Vocabulary > Staple Foods,14-15,Teravin var dren.,The root vegetable grows by the water.,Food vocabulary example,,Canon,Original example preserved.,LX-V2-0149,related usage,,Approved,
PE-V2-0055,Volume 2: Dictionary and Word Formation,Food Vocabulary > Staple Foods,14-15,Broslak kal dren.,The layered bread strengthens by the water.,Food vocabulary example,,Canon,Original example preserved.,LX-V2-0150,related usage,,Approved,
PE-V2-0056,Volume 2: Dictionary and Word Formation,Food Vocabulary > Staple Foods,14-15,Pelvar nor dren thal shal.,The sharp grain rests by the water under the light.,Food vocabulary example,,Canon,Original example preserved.,LX-V2-0151,related usage,,Approved,
PE-V2-0057,Volume 2: Dictionary and Word Formation,Food Vocabulary > Prepared Dishes,15,Jorvak ser dren.,The bursting stew is shared by the water.,Food vocabulary example,,Canon,Original example preserved.,LX-V2-0152,related usage,,Approved,
PE-V2-0058,Volume 2: Dictionary and Word Formation,Food Vocabulary > Prepared Dishes,15,Welrim kal dren.,The feast strengthens by the water.,Food vocabulary example,,Canon,Original example preserved.,LX-V2-0153,related usage,,Approved,
PE-V2-0059,Volume 2: Dictionary and Word Formation,Food Vocabulary > Prepared Dishes,15,Lorlivok shal dren.,The earthbake flows by the water.,Food vocabulary example,,Canon,Original example preserved.,LX-V2-0154,related usage,,Approved,
PE-V2-0060,Volume 2: Dictionary and Word Formation,Food Vocabulary > Prepared Dishes,15,Phelkarin kal dren.,The porridge strengthens with water.,Food vocabulary example,,Canon,Original example preserved.,LX-V2-0155,related usage,,Approved,
PE-V2-0061,Volume 2: Dictionary and Word Formation,Food Vocabulary > Prepared Dishes,15,Xarvel nor dren.,The veiled meal rests by the water.,Food vocabulary example,,Canon,Original example preserved.,LX-V2-0156,related usage,,Approved,
PE-V2-0062,Volume 2: Dictionary and Word Formation,Food Vocabulary > Specialty Ingredients,15,Felorin vanesh dren.,The berries trade by the water.,Food vocabulary example,,Canon,Original example preserved.,LX-V2-0157,related usage,,Approved,
PE-V2-0063,Volume 2: Dictionary and Word Formation,Food Vocabulary > Specialty Ingredients,15,Jekvin nor dren.,The spiral herb rests by the water.,Food vocabulary example,,Canon,Original example preserved.,LX-V2-0158,related usage,,Approved,
PE-V2-0064,Volume 2: Dictionary and Word Formation,Food Vocabulary > Specialty Ingredients,15,Belmor kal dren.,The root spice strengthens with water.,Food vocabulary example,,Canon,Original example preserved.,LX-V2-0159,related usage,,Approved,
PE-V2-0065,Volume 2: Dictionary and Word Formation,Food Vocabulary > Specialty Ingredients,15,Xilvar shal dren.,The salt flows lightly by the water.,Food vocabulary example,,Canon,Original example preserved.,LX-V2-0160,related usage,,Approved,
PE-V2-0066,Volume 2: Dictionary and Word Formation,Food Vocabulary > Specialty Ingredients,15,Vethhar nor dren.,The shadowspice rests by the water.,Food vocabulary example,,Canon,Original example preserved.,LX-V2-0161,related usage,,Approved,
PE-V2-0067,Volume 2: Dictionary and Word Formation,Food Vocabulary > Beverages,15,Phelvin shal dren.,The comforting drink flows by the water.,Food vocabulary example,,Canon,Original example preserved.,LX-V2-0162,related usage,,Approved,
PE-V2-0068,Volume 2: Dictionary and Word Formation,Food Vocabulary > Beverages,15,Velithor nor dren.,The ale rests by the water.,Food vocabulary example,,Canon,Original example preserved.,LX-V2-0163,related usage,,Approved,
PE-V2-0069,Volume 2: Dictionary and Word Formation,Food Vocabulary > Beverages,15,Tenarorin shal dren.,The glowing wine flows by the water.,Food vocabulary example,,Canon,Original example preserved.,LX-V2-0164,related usage,,Approved,
PE-V2-0070,Volume 2: Dictionary and Word Formation,Food Vocabulary > Beverages,15,Lianfel kal dren.,The tea strengthens with water.,Food vocabulary example,,Canon,Original example preserved.,LX-V2-0165,related usage,,Approved,
PE-V2-0071,Volume 2: Dictionary and Word Formation,Food Vocabulary > Beverages,15,Jorvilor nor dren.,The drink rests by the water.,Food vocabulary example,,Canon,Original example preserved.,LX-V2-0166,related usage,,Approved,
PE-V2-0072,Volume 2: Dictionary and Word Formation,Food Vocabulary > Sample Sentences,16,Morlak an Jorvak ser dren.,The bread and stew are shared by the water.,Food sample sentence,,Canon,Original example preserved.,,,,Approved,
PE-V2-0073,Volume 2: Dictionary and Word Formation,Food Vocabulary > Sample Sentences,16,Felorin vanesh dren an Evan.,The berries trade at the market.,Food sample sentence,,Canon,Original example preserved.,,,,Approved,
PE-V2-0074,Volume 2: Dictionary and Word Formation,Food Vocabulary > Sample Sentences,16,Lorlivok kal dren an Teremil.,The earthbake strengthens at home by the water.,Food sample sentence,,Canon,Original example preserved.,,,,Approved,
PE-V2-0075,Volume 2: Dictionary and Word Formation,Food Vocabulary > Sample Sentences,16,Tenarorin shal dren nor shal.,The glowing wine flows under the light by the water.,Food sample sentence,,Canon,Original example preserved.,,,,Approved,
PE-V2-0076,Volume 2: Dictionary and Word Formation,Food Vocabulary > Sample Sentences,16,Phelvin kal dren.,The comforting drink strengthens with water.,Food sample sentence,,Canon,Original example preserved.,,,,Approved,
PE-V2-0077,Volume 2: Dictionary and Word Formation,Food Vocabulary by Nation > Mechuma (Varthas Shal-Kaleth),16,Zhelvek kal dren.,The energy bar strengthens with water.,Food-by-nation example,,Canon,Original example preserved.,LX-V2-0167,related usage,,Approved,
PE-V2-0078,Volume 2: Dictionary and Word Formation,Food Vocabulary by Nation > Mechuma (Varthas Shal-Kaleth),16,Velmek nor dren an Evan.,The synthetic protein is traded at the market.,Food-by-nation example,,Canon,Original example preserved.,LX-V2-0168,related usage,,Approved,
PE-V2-0079,Volume 2: Dictionary and Word Formation,Food Vocabulary by Nation > Mechuma (Varthas Shal-Kaleth),16,Phelrin ser dren.,The comforting food is shared with water.,Food-by-nation example,,Canon,Original example preserved.,LX-V2-0169,related usage,,Approved,
PE-V2-0080,Volume 2: Dictionary and Word Formation,Food Vocabulary by Nation > Mechuma (Varthas Shal-Kaleth),16,Jorvalin nor dren.,The effervescent beverage rests by the water.,Food-by-nation example,,Canon,Original example preserved.,LX-V2-0170,related usage,,Approved,
PE-V2-0081,Volume 2: Dictionary and Word Formation,Food Vocabulary by Nation > Pelagae (Drenor Thal),17,Drenlivar vanesh dren thal morl.,The salted fish trades by the water and the mountain.,Food-by-nation example,,Canon,Original example preserved.,LX-V2-0171,related usage,,Approved,
PE-V2-0082,Volume 2: Dictionary and Word Formation,Food Vocabulary by Nation > Pelagae (Drenor Thal),17,Eshtenor nor dren.,The glowing seaweed rests by the water.,Food-by-nation example,,Canon,Original example preserved.,LX-V2-0172,related usage,,Approved,
PE-V2-0083,Volume 2: Dictionary and Word Formation,Food Vocabulary by Nation > Pelagae (Drenor Thal),17,Jekvarin ser dren.,The shellfish is shared by the water.,Food-by-nation example,,Canon,Original example preserved.,LX-V2-0173,related usage,,Approved,
PE-V2-0084,Volume 2: Dictionary and Word Formation,Food Vocabulary by Nation > Pelagae (Drenor Thal),17,Felorin nor dren.,The berries rest by the water.,Food-by-nation example,,Canon,Original example preserved.,LX-V2-0174,related usage,PT-V2-0019,Needs Human Review,contextual meaning overlap
PE-V2-0085,Volume 2: Dictionary and Word Formation,Food Vocabulary by Nation > Verdalris (Lorash Terra-Thar),17,Tharmor nor dren kal morl.,The rootbread strengthens by the water and mountain.,Food-by-nation example,,Canon,Original example preserved.,LX-V2-0175,related usage,,Approved,
PE-V2-0086,Volume 2: Dictionary and Word Formation,Food Vocabulary by Nation > Verdalris (Lorash Terra-Thar),17,Terafennil ser dren an Teremil.,The herb stew is shared with water at home.,Food-by-nation example,,Canon,Original example preserved.,LX-V2-0176,related usage,,Approved,
PE-V2-0087,Volume 2: Dictionary and Word Formation,Food Vocabulary by Nation > Verdalris (Lorash Terra-Thar),17,Brenvor kal dren.,The harvested nuts strengthen with water.,Food-by-nation example,,Canon,Original example preserved.,LX-V2-0177,related usage,,Approved,
PE-V2-0088,Volume 2: Dictionary and Word Formation,Food Vocabulary by Nation > Verdalris (Lorash Terra-Thar),17,Welvinor nor dren.,The flowing mead rests by the water.,Food-by-nation example,,Canon,Original example preserved.,LX-V2-0178,related usage,,Approved,
PE-V2-0089,Volume 2: Dictionary and Word Formation,Food Vocabulary by Nation > Zarithan (Krez Terra-Vethor),17-18,Krezfel kal dren.,The spiced grain strengthens with water.,Food-by-nation example,,Canon,Original example preserved.,LX-V2-0179,related usage,,Approved,
PE-V2-0090,Volume 2: Dictionary and Word Formation,Food Vocabulary by Nation > Zarithan (Krez Terra-Vethor),17-18,Morthas vanesh an dren.,The roasted nuts trade by the water.,Food-by-nation example,,Canon,Original example preserved.,LX-V2-0180,related usage,,Approved,
PE-V2-0091,Volume 2: Dictionary and Word Formation,Food Vocabulary by Nation > Zarithan (Krez Terra-Vethor),17-18,Voktarin nor dren.,The preserved dates rest by the water.,Food-by-nation example,,Canon,Original example preserved.,LX-V2-0181,related usage,,Approved,
PE-V2-0092,Volume 2: Dictionary and Word Formation,Food Vocabulary by Nation > Zarithan (Krez Terra-Vethor),17-18,Phelmorin kal dren.,The tea strengthens with water.,Food-by-nation example,,Canon,Original example preserved.,LX-V2-0182,related usage,,Approved,
PE-V2-0093,Volume 2: Dictionary and Word Formation,Food Vocabulary by Nation > Nivveil (Eshor Thalor),18,Velthamor nor dren thal morl.,The frozen root mash is by the water and mountain.,Food-by-nation example,,Canon,Original example preserved.,LX-V2-0183,related usage,,Approved,
PE-V2-0094,Volume 2: Dictionary and Word Formation,Food Vocabulary by Nation > Nivveil (Eshor Thalor),18,Eshvilor shal dren.,The snowberry wine flows lightly with the water.,Food-by-nation example,,Canon,Original example preserved.,LX-V2-0184,related usage,,Approved,
PE-V2-0095,Volume 2: Dictionary and Word Formation,Food Vocabulary by Nation > Nivveil (Eshor Thalor),18,Thalshorin kal dren.,The ice stew strengthens by the water.,Food-by-nation example,,Canon,Original example preserved.,LX-V2-0185,related usage,,Approved,
PE-V2-0096,Volume 2: Dictionary and Word Formation,Food Vocabulary by Nation > Nivveil (Eshor Thalor),18,Xarlorin nor dren.,The tea rests by the water.,Food-by-nation example,,Canon,Original example preserved.,LX-V2-0186,related usage,,Approved,
PE-V2-0097,Volume 2: Dictionary and Word Formation,Food Vocabulary by Nation > Marakor (Kaleth Rathor),18,Morvenak kal dren.,The porridge strengthens with water.,Food-by-nation example,,Canon,Original example preserved.,LX-V2-0187,related usage,,Approved,
PE-V2-0098,Volume 2: Dictionary and Word Formation,Food Vocabulary by Nation > Marakor (Kaleth Rathor),18,Kreztorin nor dren kal morl.,The smoked meat strengthens by the water.,Food-by-nation example,,Canon,Original example preserved.,LX-V2-0188,related usage,,Approved,
PE-V2-0099,Volume 2: Dictionary and Word Formation,Food Vocabulary by Nation > Marakor (Kaleth Rathor),18,Velkorin shal dren.,The ration flows lightly by the water.,Food-by-nation example,,Canon,Original example preserved.,LX-V2-0189,related usage,,Approved,
PE-V2-0100,Volume 2: Dictionary and Word Formation,Food Vocabulary by Nation > Marakor (Kaleth Rathor),18,Xilbren nor dren.,The grain cake rests by the water.,Food-by-nation example,,Canon,Original example preserved.,LX-V2-0190,related usage,,Approved,
PE-V2-0101,Volume 2: Dictionary and Word Formation,Food Vocabulary by Nation > Jasara (Dren Vethor-Shalor),18-19,Drenkor nor dren.,The oasis bread rests by the water.,Food-by-nation example,,Canon,Original example preserved.,LX-V2-0191,related usage,,Approved,
PE-V2-0102,Volume 2: Dictionary and Word Formation,Food Vocabulary by Nation > Jasara (Dren Vethor-Shalor),18-19,Vethsoril ser dren.,The stew is shared with water.,Food-by-nation example,,Canon,Original example preserved.,LX-V2-0192,related usage,,Approved,
PE-V2-0103,Volume 2: Dictionary and Word Formation,Food Vocabulary by Nation > Jasara (Dren Vethor-Shalor),18-19,Shalorin nor dren.,The sweet fruit rests by the water.,Food-by-nation example,,Canon,Original example preserved.,LX-V2-0193,related usage,,Approved,
PE-V2-0104,Volume 2: Dictionary and Word Formation,Food Vocabulary by Nation > Jasara (Dren Vethor-Shalor),18-19,Welkarin kal dren.,The drink strengthens with water.,Food-by-nation example,,Canon,Original example preserved.,LX-V2-0194,related usage,,Approved,
PE-V2-0105,Volume 2: Dictionary and Word Formation,Food Vocabulary by Nation > Valkeldor (Morl-Kaleth Thar),19,Morlathor kal dren.,The bread strengthens by the water.,Food-by-nation example,,Canon,Original example preserved.,LX-V2-0195,related usage,,Approved,
PE-V2-0106,Volume 2: Dictionary and Word Formation,Food Vocabulary by Nation > Valkeldor (Morl-Kaleth Thar),19,Velkrin nor dren.,The fermented drink rests by the water.,Food-by-nation example,,Canon,Original example preserved.,LX-V2-0196,related usage,,Approved,
PE-V2-0107,Volume 2: Dictionary and Word Formation,Food Vocabulary by Nation > Valkeldor (Morl-Kaleth Thar),19,Krezlorin kal dren.,The grilled meat strengthens with water.,Food-by-nation example,,Canon,Original example preserved.,LX-V2-0197,related usage,,Approved,
PE-V2-0108,Volume 2: Dictionary and Word Formation,Food Vocabulary by Nation > Valkeldor (Morl-Kaleth Thar),19,Pralvinor shal dren.,The mead flows lightly by the water.,Food-by-nation example,,Canon,Original example preserved.,LX-V2-0198,related usage,,Approved,
PE-V2-0109,Volume 2: Dictionary and Word Formation,Seasons,19,Zhaelor shalil nor dren.,Spring flows lightly by the water.,Season example,,Canon,Original example preserved.,LX-V2-0199,related usage,,Approved,
PE-V2-0110,Volume 2: Dictionary and Word Formation,Seasons,19,Fenrek kal nor dren.,Summer strengthens by the water.,Season example,,Canon,Original example preserved.,LX-V2-0200,related usage,,Approved,
PE-V2-0111,Volume 2: Dictionary and Word Formation,Seasons,19,Tharvin nor dren kal morl.,Autumn balances the water with the mountain.,Season example,,Canon,Original example preserved.,LX-V2-0201,related usage,,Approved,
PE-V2-0112,Volume 2: Dictionary and Word Formation,Seasons,19,Velthaen dren nor morl.,Winter flows by the mountain.,Season example,,Canon,Original example preserved.,LX-V2-0202,related usage,,Approved,
PE-V2-0113,Volume 2: Dictionary and Word Formation,Weather Terms > Sky and Atmospheric Phenomena,20,Eshthael nor dren.,The breeze flows by the water.,Weather example,,Canon,Original example preserved.,LX-V2-0203,related usage,,Approved,
PE-V2-0114,Volume 2: Dictionary and Word Formation,Weather Terms > Sky and Atmospheric Phenomena,20,Shalithor kal dren an Evan.,The sunlight strengthens at the market.,Weather example,,Canon,Original example preserved.,LX-V2-0204,related usage,,Approved,
PE-V2-0115,Volume 2: Dictionary and Word Formation,Weather Terms > Sky and Atmospheric Phenomena,20,Dralorim nor dren thal shal.,The storm flows with the water under the light.,Weather example,,Canon,Original example preserved.,LX-V2-0205,related usage,,Approved,
PE-V2-0116,Volume 2: Dictionary and Word Formation,Weather Terms > Sky and Atmospheric Phenomena,20,Velarshor dren thal morl.,The mist rests over the mountain.,Weather example,,Canon,Original example preserved.,LX-V2-0206,related usage,,Approved,
PE-V2-0117,Volume 2: Dictionary and Word Formation,Weather Terms > Rain and Precipitation,20,Drenalor shalil nor dren.,The rain falls lightly over the water.,Weather example,,Canon,Original example preserved.,LX-V2-0207,related usage,,Approved,
PE-V2-0118,Volume 2: Dictionary and Word Formation,Weather Terms > Rain and Precipitation,20,Eshvelor nor dren thal morl.,The snow falls by the water and the mountain.,Weather example,,Canon,Original example preserved.,LX-V2-0208,related usage,,Approved,
PE-V2-0119,Volume 2: Dictionary and Word Formation,Weather Terms > Other Weather Events,20-21,Thalorim kal dren.,The lightning strikes the water.,Weather example,,Canon,Original example preserved.,LX-V2-0209,related usage,,Approved,
PE-V2-0120,Volume 2: Dictionary and Word Formation,Weather Terms > Other Weather Events,20-21,Krezrek dren nor Fenrek.,The heatwave flows with summer.,Weather example,,Canon,Original example preserved.,LX-V2-0210,related usage,,Approved,
PE-V2-0121,Volume 2: Dictionary and Word Formation,Weather Terms > Other Weather Events,20-21,Drenvelesh dren thal morl.,The morning dew rests on the water by the mountain.,Weather example,,Canon,Original example preserved.,LX-V2-0211,related usage,,Approved,
PE-V2-0122,Volume 2: Dictionary and Word Formation,Weather Terms > Other Weather Events,20-21,Eshvelaneth kal morl.,The hailstorm strikes the mountain.,Weather example,,Canon,Original example preserved.,LX-V2-0212,related usage,,Approved,
PE-V2-0123,Volume 2: Dictionary and Word Formation,Nuances of Quantification and Specificity > Quantifiers,22-23,Ilinor Serin var.,All the Friends go.,Quantifier example,,Canon,Original example preserved.,LX-V2-0213; GR-V2-0005,related usage,PT-V2-0021,Needs Human Review,possible derivation uncertainty
PE-V2-0124,Volume 2: Dictionary and Word Formation,Nuances of Quantification and Specificity > Quantifiers,22-23,Kal Ilinor Terra.,Strengthens the whole World.,Quantifier example,,Canon,Original example preserved.,LX-V2-0213; GR-V2-0005,related usage,PT-V2-0021,Needs Human Review,possible derivation uncertainty
PE-V2-0125,Volume 2: Dictionary and Word Formation,Nuances of Quantification and Specificity > Quantifiers,22-23,Var som Serin.,Some Friends go.,Quantifier example,,Canon,Original example preserved.,LX-V2-0214; GR-V2-0005,related usage,,Approved,
PE-V2-0126,Volume 2: Dictionary and Word Formation,Nuances of Quantification and Specificity > Quantifiers,22-23,Tal I som dren.,Give I some water.,Quantifier example,,Canon,Original example preserved.,LX-V2-0214; GR-V2-0005,related usage,,Approved,
PE-V2-0127,Volume 2: Dictionary and Word Formation,Nuances of Quantification and Specificity > Quantifiers,22-23,Var melen Lalin.,Go many They. / Many of them go.,Quantifier example,,Canon,Original example preserved.,LX-V2-0215; GR-V2-0005,related usage,PT-V2-0022,Needs Human Review,possible derivation uncertainty
PE-V2-0128,Volume 2: Dictionary and Word Formation,Nuances of Quantification and Specificity > Quantifiers,22-23,Kal melen dren.,Strengthens much water.,Quantifier example,,Canon,Original example preserved.,LX-V2-0215; GR-V2-0005,related usage,PT-V2-0022,Needs Human Review,possible derivation uncertainty
PE-V2-0129,Volume 2: Dictionary and Word Formation,Nuances of Quantification and Specificity > Quantifiers,22-23,Var felin Serin.,Go few Friends.,Quantifier example,,Canon,Original example preserved.,LX-V2-0216; GR-V2-0005,related usage,,Approved,
PE-V2-0130,Volume 2: Dictionary and Word Formation,Nuances of Quantification and Specificity > Quantifiers,22-23,Tal I felin emil.,Give I little food.,Quantifier example,,Canon,Original example preserved.,LX-V2-0216; GR-V2-0005,related usage,,Approved,
PE-V2-0131,Volume 2: Dictionary and Word Formation,Nuances of Quantification and Specificity > Quantifiers,22-23,Kal Ekor Kadron.,Strengthens Each Man.,Quantifier example,,Canon,Original example preserved.,LX-V2-0217; GR-V2-0005,related usage,PT-V2-0023,Needs Human Review,possible derivation uncertainty
PE-V2-0132,Volume 2: Dictionary and Word Formation,Nuances of Quantification and Specificity > Quantifiers,22-23,Var Ekor Zhaelor.,Goes Every Spring.,Quantifier example,,Canon,Original example preserved.,LX-V2-0217; GR-V2-0005,related usage,PT-V2-0023,Needs Human Review,possible derivation uncertainty
PE-V3-0001,"Volume 3: Culture, Context, and Advanced Expression",Politeness and Honorifics,4-5,"Var I dren, Ser.","I go to the water, friend.",Politeness example,,Canon,Original example preserved.,GR-V3-0001,related usage,,Approved,
PE-V3-0002,"Volume 3: Culture, Context, and Advanced Expression",Politeness and Honorifics,4-5,"Var I dren, Li-Ser.","I go to the water, respected friend.",Politeness example,,Canon,Original example preserved.,GR-V3-0001,related usage,,Approved,
PE-V3-0003,"Volume 3: Culture, Context, and Advanced Expression",Politeness and Honorifics,4-5,Li-Ya var dren.,You (respected one) go to the water.,Politeness example,,Canon,Original example preserved.,GR-V3-0001,related usage,,Approved,
PE-V3-0004,"Volume 3: Culture, Context, and Advanced Expression",Politeness and Honorifics,4-5,"Li-Ya, nor aen lian?","Respected you, may we now speak truth?",Politeness example,,Canon,Original example preserved.,GR-V3-0001,related usage,,Approved,
PE-V3-0005,"Volume 3: Culture, Context, and Advanced Expression",Politeness and Honorifics,4-5,"Li-Seren-en, var nor Varthas shenakar?","Honored guardian, do we proceed to the city's exchange now?",Politeness example,,Canon,Original example preserved.,GR-V3-0001,related usage,,Approved,
PE-V3-0006,"Volume 3: Culture, Context, and Advanced Expression",Politeness and Honorifics,4-5,Va var dren!,Go to the water!,Politeness example,,Canon,Original example preserved.,GR-V3-0001,related usage,,Approved,
PE-V3-0007,"Volume 3: Culture, Context, and Advanced Expression",Politeness and Honorifics,4-5,"Li-Ya, va var dren.","Respected one, please go to the water.",Politeness example,,Canon,Original example preserved.,GR-V3-0001,related usage,,Approved,
PE-V3-0008,"Volume 3: Culture, Context, and Advanced Expression",Politeness and Honorifics,4-5,"Ver var I dren, Li-Ser.","I cannot go to the water, respected friend.",Politeness example,,Canon,Original example preserved.,GR-V3-0001,related usage,,Approved,
PE-V3-0009,"Volume 3: Culture, Context, and Advanced Expression",Register Markers > Emotional Intensity Markers,5,Fahaen I ar!,I am terrified!,Intensity marker example,,Canon,Original example preserved.,LX-V3-0015; RM-V3-0003,related usage,PT-V3-0004,Needs Human Review,terminology overlap
PE-V3-0010,"Volume 3: Culture, Context, and Advanced Expression",Register Markers > Emotional Intensity Markers,5,Theraen I fel.,I long a little.,Intensity marker example,,Canon,Original example preserved.,LX-V3-0016; RM-V3-0004,related usage,PT-V3-0005,Needs Human Review,terminology overlap
PE-V3-0011,"Volume 3: Culture, Context, and Advanced Expression",Pragmatic Usage and Discourse Markers,6-7,"Lia, I var dren.","Yes, I go to the water.",Discourse marker example,,Canon,Original example preserved.,,,,Approved,
PE-V3-0012,"Volume 3: Culture, Context, and Advanced Expression",Pragmatic Usage and Discourse Markers,6-7,Ka.,No.,Discourse marker example,,Canon,Original example preserved.,,,,Approved,
PE-V3-0013,"Volume 3: Culture, Context, and Advanced Expression",Pragmatic Usage and Discourse Markers,6-7,"Rethlian, I nor var dren.","Maybe, I will go to the water.",Discourse marker example,,Canon,Original example preserved.,,,,Approved,
PE-V3-0014,"Volume 3: Culture, Context, and Advanced Expression",Pragmatic Usage and Discourse Markers,6-7,"Lialor, serin vanesh shenakar.","Indeed, the friends trade coinage.",Discourse marker example,,Canon,Original example preserved.,,,,Approved,
PE-V3-0015,"Volume 3: Culture, Context, and Advanced Expression",Pragmatic Usage and Discourse Markers,6-7,"Varthen, Ya var dren?","So, you go to the water?",Discourse marker example,,Canon,Original example preserved.,,,,Approved,
PE-V3-0016,"Volume 3: Culture, Context, and Advanced Expression",Pragmatic Usage and Discourse Markers,6-7,"Shalra, Ya var emil?","Well, do you get food?",Discourse marker example,,Canon,Original example preserved.,,,,Approved,
PE-V3-0017,"Volume 3: Culture, Context, and Advanced Expression",Pragmatic Usage and Discourse Markers,6-7,"Lianlor, Ver var I dren.","Honestly, I do not go to the water.",Discourse marker example,,Canon,Original example preserved.,,,,Approved,
PE-V3-0018,"Volume 3: Culture, Context, and Advanced Expression",Pragmatic Usage and Discourse Markers,6-7,Ra var Ya dren?,Do you go to the water?,Discourse marker example,,Canon,Original example preserved.,,,,Approved,
PE-V3-0019,"Volume 3: Culture, Context, and Advanced Expression",Pragmatic Usage and Discourse Markers,6-7,Nor-var Ya dren an Varthas?,Will you go to the water in the city?,Discourse marker example,,Canon,Original example preserved.,,,,Approved,
PE-V3-0020,"Volume 3: Culture, Context, and Advanced Expression",Pragmatic Usage and Discourse Markers,6-7,"Em… Rethlian, Var I dren.",Um… maybe I will go to the water.,Discourse marker example,,Canon,Original example preserved.,,,,Approved,
PE-V3-0021,"Volume 3: Culture, Context, and Advanced Expression",Pragmatic Usage and Discourse Markers,6-7,"Shalra, Ya ser emil?","Well, do you bring food?",Discourse marker example,,Canon,Original example preserved.,,,,Approved,
PE-V3-0022,"Volume 3: Culture, Context, and Advanced Expression",Complex Sentence Structures,7-8,I varin Aen Ya var dren.,I know that you go to the water.,Complex sentence example,,Canon,Original example preserved.,GR-V3-0002,related usage,,Approved,
PE-V3-0023,"Volume 3: Culture, Context, and Advanced Expression",Complex Sentence Structures,7-8,Ser Lior var dren.,The friend who goes to the water.,Complex sentence example,,Canon,Original example preserved.,GR-V3-0003,related usage,,Approved,
PE-V3-0024,"Volume 3: Culture, Context, and Advanced Expression",Complex Sentence Structures,7-8,Var I terra Ser Lior var dren.,I go home with the friend who goes to the water.,Complex sentence example,,Canon,Original example preserved.,GR-V3-0003,related usage,,Approved,
PE-V3-0025,"Volume 3: Culture, Context, and Advanced Expression",Complex Sentence Structures,7-8,I dren shaleth ther La dren.,My water is brighter than their water.,Complex sentence example,,Canon,Original example preserved.,GR-V3-0004,related usage,,Approved,
PE-V3-0026,"Volume 3: Culture, Context, and Advanced Expression",Complex Sentence Structures,7-8,I dren shaleth thaal.,My water is the brightest.,Complex sentence example,,Canon,Original example preserved.,GR-V3-0004,related usage,,Approved,
PE-V3-0027,"Volume 3: Culture, Context, and Advanced Expression",Complex Sentence Structures,7-8,I dren shaleth thaal morldren.,My water is the brightest of the mountain waters.,Complex sentence example,,Canon,Human-approved fused spelling applied: morldren. Wording otherwise preserved.,GR-V3-0004,related usage,,Approved,
PE-V3-0028,"Volume 3: Culture, Context, and Advanced Expression",Complex Sentence Structures,7-8,"Rath Ya var dren, Nor-var I shena.","If you go to the water, I will bring coinage.",Complex sentence example,,Canon,Original example preserved.,GR-V3-0005,related usage,,Approved,
PE-V3-0029,"Volume 3: Culture, Context, and Advanced Expression",Complex Sentence Structures,7-8,"Rath Tha-var Ya dren, Tha-var I emil.","If you had gone to the water, I would have gotten food.",Complex sentence example,,Canon,Original example preserved.,GR-V3-0005,related usage,,Approved,
PE-V3-0030,"Volume 3: Culture, Context, and Advanced Expression",Kinship Terms,9-13,Tavan shalil nor Felka.,The parent moves lightly with the child.,Kinship example,,Canon,Original example preserved.,LX-V3-0039,related usage,,Approved,
PE-V3-0031,"Volume 3: Culture, Context, and Advanced Expression",Kinship Terms,9-13,Felka ser dren an Tavan.,The child is with the parent by the water.,Kinship example,,Canon,Original example preserved.,LX-V3-0040,related usage,,Approved,
PE-V3-0032,"Volume 3: Culture, Context, and Advanced Expression",Kinship Terms,9-13,Zhiren vanesh dren.,The sibling trades water.,Kinship example,,Canon,Original example preserved.,LX-V3-0041,related usage,,Approved,
PE-V3-0033,"Volume 3: Culture, Context, and Advanced Expression",Kinship Terms,9-13,Velar shalil nor dren.,The elder moves lightly by the water.,Kinship example,,Canon,Original example preserved.,LX-V3-0042,related usage,,Approved,
PE-V3-0034,"Volume 3: Culture, Context, and Advanced Expression",Kinship Terms,9-13,Pralin ser dren thal morl.,The cousin is by the water under the mountain.,Kinship example,,Canon,Original example preserved.,LX-V3-0043,related usage,,Approved,
PE-V3-0035,"Volume 3: Culture, Context, and Advanced Expression",Kinship Terms,9-13,Velkavor lian nor Terra.,The ancestor speaks to the Earth.,Kinship example,,Canon,Original example preserved.,LX-V3-0044,related usage,,Approved,
PE-V3-0036,"Volume 3: Culture, Context, and Advanced Expression",Kinship Terms,9-13,Belvok ser dren an Teremil.,The family is together at home by the water.,Kinship example,,Canon,Original example preserved.,LX-V3-0045,related usage,,Approved,
PE-V3-0037,"Volume 3: Culture, Context, and Advanced Expression",Kinship Terms,9-13,Xarvethral ser Felka thal dren.,The adoptive parent is with the child by the water.,Kinship example,,Canon,Original example preserved.,LX-V3-0046,related usage,,Approved,
PE-V3-0038,"Volume 3: Culture, Context, and Advanced Expression",Kinship Terms,9-13,Tavojorin shalil nor dren an Belvok.,The parent-in-law rests with the family by the water.,Kinship example,,Canon,Original example preserved.,LX-V3-0047,related usage,,Approved,
PE-V3-0039,"Volume 3: Culture, Context, and Advanced Expression",Kinship Terms,9-13,Zhivorin nor dren an Tavan.,The sibling-in-law is with the parent by the water.,Kinship example,,Canon,Original example preserved.,LX-V3-0048,related usage,,Approved,
PE-V3-0040,"Volume 3: Culture, Context, and Advanced Expression",Kinship Terms,9-13,Kalvok ser Belvok an Teremil.,The partner is with the family at home.,Kinship example,,Canon,Original example preserved.,LX-V3-0049,related usage,,Approved,
PE-V3-0041,"Volume 3: Culture, Context, and Advanced Expression",Kinship Terms,9-13,Velpralor kal dren nor Velar.,The elder partner strengthens with the elder by the water.,Kinship example,,Canon,Original example preserved.,LX-V3-0050,related usage,,Approved,
PE-V3-0042,"Volume 3: Culture, Context, and Advanced Expression",Kinship Terms,9-13,Tavrel ser dren thal Felka.,The uncle/aunt is by the water with the child.,Kinship example,,Canon,Original example preserved.,LX-V3-0051,related usage,,Approved,
PE-V3-0043,"Volume 3: Culture, Context, and Advanced Expression",Kinship Terms,9-13,Felvin nor dren an Tavan.,The niece/nephew rests with the parent by the water.,Kinship example,,Canon,Original example preserved.,LX-V3-0052,related usage,,Approved,
PE-V3-0044,"Volume 3: Culture, Context, and Advanced Expression",Kinship Terms,9-13,Zharin ser dren thal Tharvok.,The distant relative is by the water under the family.,Kinship example,,Canon,Original example preserved.,LX-V3-0053,related usage,,Approved,
PE-V3-0045,"Volume 3: Culture, Context, and Advanced Expression",Kinship Terms,9-13,Velxorin lian nor Terra.,The elder ancestor speaks to the Earth.,Kinship example,,Canon,Original example preserved.,LX-V3-0054,related usage,,Approved,
PE-V3-0046,"Volume 3: Culture, Context, and Advanced Expression",Kinship Terms,9-13,Kalvokesh ser dren an Belvok.,The spouse's family is by the water with the unified family.,Kinship example,,Canon,Original example preserved.,LX-V3-0055,related usage,,Approved,
PE-V3-0047,"Volume 3: Culture, Context, and Advanced Expression",Kinship Terms,9-13,Zhirkalor ser dren.,The partner by lineage is with the water.,Kinship example,,Canon,Original example preserved.,LX-V3-0056,related usage,,Approved,
PE-V3-0048,"Volume 3: Culture, Context, and Advanced Expression",Kinship Terms,9-13,Xarfelvin ser dren an Xarvethral.,The adoptive niece/nephew is with the adoptive parent by the water.,Kinship example,,Canon,Original example preserved.,LX-V3-0057,related usage,,Approved,
PE-V3-0049,"Volume 3: Culture, Context, and Advanced Expression",Kinship Terms,9-13,Belvethral ser dren thal Teremil.,The chosen family is by the water at home.,Kinship example,,Canon,Original example preserved.,LX-V3-0058,related usage,,Approved,
PE-V3-0050,"Volume 3: Culture, Context, and Advanced Expression",Kinship Terms,9-13,Velmarin shalil nor dren.,The honorary elder moves lightly by the water.,Kinship example,,Canon,Original example preserved.,LX-V3-0059,related usage,,Approved,
PE-V3-0051,"Volume 3: Culture, Context, and Advanced Expression",Kinship Terms,9-13,Pralvokesh ser dren an Belvok.,The trusted ally is with the family by the water.,Kinship example,,Canon,Original example preserved.,LX-V3-0060,related usage,,Approved,
PE-V3-0052,"Volume 3: Culture, Context, and Advanced Expression",Core Emotion Verbs,15-16,Fahaen I Vethor.,I fear the Shadow.,Emotion verb example,,Canon,Original example preserved.,LX-V3-0089,related usage,,Approved,
PE-V3-0053,"Volume 3: Culture, Context, and Advanced Expression",Core Emotion Verbs,15-16,Theraen La Shalor.,They long for the Sanctuary.,Emotion verb example,,Canon,Original example preserved.,LX-V3-0090,related usage,,Approved,
PE-V3-0054,"Volume 3: Culture, Context, and Advanced Expression",Core Emotion Verbs,15-16,Vialaen Ilin ser vaar.,We rejoice in peace.,Emotion verb example,,Canon,Original example preserved.,LX-V3-0091,related usage,,Approved,
PE-V3-0055,"Volume 3: Culture, Context, and Advanced Expression",Core Emotion Verbs,15-16,Ohmaen Ya Kalvok-en.,You love your bonded partner.,Emotion verb example,,Canon,Original example preserved.,LX-V3-0092,related usage,,Approved,
PE-V3-0056,"Volume 3: Culture, Context, and Advanced Expression",Core Emotion Verbs,15-16,Ravokhaen Tavan dren.,The parent desires water.,Emotion verb example,,Canon,Original example preserved.,LX-V3-0093,related usage,,Approved,
PE-V3-0057,"Volume 3: Culture, Context, and Advanced Expression",Core Emotion Verbs,15-16,Shalaen Ilin an Kinnshal.,We hope in the dawn.,Emotion verb example,,Canon,Original example preserved.,LX-V3-0094,related usage,,Approved,
PE-V3-0058,"Volume 3: Culture, Context, and Advanced Expression",Core Emotion Verbs,15-16,Seraen Kaikoa Lianor.,Kaikoa trusts the Sir.,Emotion verb example,,Canon,Original example preserved.,LX-V3-0095,related usage,,Approved,
PE-V3-0059,"Volume 3: Culture, Context, and Advanced Expression",Core Emotion Verbs,15-16,Nkathalaen Velar rathor.,The elder grieves for the past.,Emotion verb example,,Canon,Original example preserved.,LX-V3-0096,related usage,,Approved,
PE-V3-0060,"Volume 3: Culture, Context, and Advanced Expression",Core Emotion Verbs,15-16,Rathaen Lalin fah.,They hate the darkness.,Emotion verb example,,Canon,Original example preserved.,LX-V3-0097,related usage,,Approved,
PE-V3-0061,"Volume 3: Culture, Context, and Advanced Expression",Core Emotion Verbs,15-16,Krezaen Kadron an varok.,The man rages at the command.,Emotion verb example,,Canon,Original example preserved.,LX-V3-0098,related usage,,Approved,
PE-V3-0062,"Volume 3: Culture, Context, and Advanced Expression",Core Emotion Verbs,15-16,Ra rethaen Ya nor Varash?,Do you worry about the future?,Emotion verb example,,Canon,Original example preserved.,LX-V3-0099,related usage,,Approved,
PE-V3-0063,"Volume 3: Culture, Context, and Advanced Expression",Core Emotion Verbs,15-16,Vershalaen La nor fah.,They despair in the darkness.,Emotion verb example,,Canon,Original example preserved.,LX-V3-0100,related usage,,Approved,
PE-V3-0064,"Volume 3: Culture, Context, and Advanced Expression",Core Emotion Verbs,15-16,Thaalaen Ilin an Dral.,We wonder at the heavens.,Emotion verb example,,Canon,Original example preserved.,LX-V3-0101,related usage,,Approved,
PE-V3-0065,"Volume 3: Culture, Context, and Advanced Expression",Core Emotion Verbs,15-16,Vaaranoraen Velar ser teremil.,The elder feels content with the meal.,Emotion verb example,,Canon,Original example preserved.,LX-V3-0102,related usage,PT-V3-0014,Source Ambiguity,source ambiguity
PE-V3-0066,"Volume 3: Culture, Context, and Advanced Expression",Core Emotion Verbs,15-16,Vokaen Ser rath.,The friend betrays the enemy.,Emotion verb example,,Canon,Original example preserved.,LX-V3-0103,related usage,PT-V3-0015,Approved,
PE-V3-0067,"Volume 3: Culture, Context, and Advanced Expression",Core Emotion Verbs,15-16,Veth'tharaen Kadron nor lian ver.,The man feels shame for the untruth.,Emotion verb example,,Canon,Original example preserved.,LX-V3-0104,related usage,,Approved,
PE-V3-0068,"Volume 3: Culture, Context, and Advanced Expression",Core Emotion Verbs,15-16,Zhaeaen Azron ser Nkathal.,The woman empathizes with the sadness.,Emotion verb example,,Canon,Original example preserved.,LX-V3-0105,related usage,,Approved,
PE-V3-0069,"Volume 3: Culture, Context, and Advanced Expression",Core Emotion Verbs,15-16,Vaar'kelaen I an shal.,I feel relief in the light.,Emotion verb example,,Canon,Original example preserved.,LX-V3-0106,related usage,PT-V3-0016,Source Ambiguity,source ambiguity
PE-V3-0070,"Volume 3: Culture, Context, and Advanced Expression",Idioms/Proverbs,16-17,Var Rathor ser Vethor.,"History is complex, often holds darkness or mystery; the past is inescapable.",Idiom/Proverb,Literal: Goes Past with Shadow. / The Past walks with shadow.; Theme: Day One / History / Memory,Canon,Original idiom/proverb preserved with source meaning.,,,,Approved,
PE-V3-0071,"Volume 3: Culture, Context, and Advanced Expression",Idioms/Proverbs,16-17,Aen Terra Thal-ka.,The land itself remembers; listen to the world for truth (potentially Zarithan/Verdalris leaning).,Idiom/Proverb,Literal: Speaks Earth From-Particle / Earth speaks from itself.; Theme: Day One / History / Memory,Canon,Original idiom/proverb preserved with source meaning.,,,,Approved,
PE-V3-0072,"Volume 3: Culture, Context, and Advanced Expression",Idioms/Proverbs,16-17,Kal Belvok nor Rathor.,Family bonds are strengthened by remembering shared history/ancestors.,Idiom/Proverb,Literal: Strengthens the Clan/Family in the Past.; Theme: Day One / History / Memory,Canon,Original idiom/proverb preserved with source meaning.,,,,Approved,
PE-V3-0073,"Volume 3: Culture, Context, and Advanced Expression",Idioms/Proverbs,16-17,Thal Shal ser Fah.,Balance requires acknowledging both light and dark aspects; true harmony includes opposites. (Core Celan philosophy).,Idiom/Proverb,Literal: Balance Light with Darkness.; Theme: Balance / Nature,Canon,Original idiom/proverb preserved with source meaning.,,,,Approved,
PE-V3-0074,"Volume 3: Culture, Context, and Advanced Expression",Idioms/Proverbs,16-17,Lorin Dren Morl.,Natural forces guide each other; look to established patterns; strength directs flow (potentially Valkeldor/Nivveil leaning).,Idiom/Proverb,Literal: Guides Water the Mountain.; Theme: Balance / Nature,Canon,Original idiom/proverb preserved with source meaning.,,,,Approved,
PE-V3-0075,"Volume 3: Culture, Context, and Advanced Expression",Idioms/Proverbs,16-17,Ver var Dren ka Shal.,Essential elements depend on each other; life requires multiple components.,Idiom/Proverb,Literal: Not goes Water without Light.; Theme: Balance / Nature,Canon,Original idiom/proverb preserved with source meaning.,,,,Approved,
PE-V3-0076,"Volume 3: Culture, Context, and Advanced Expression",Idioms/Proverbs,16-17,Aen Thar lian.,Trust your inner feelings; one's core nature reveals truth.,Idiom/Proverb,Literal: Speaks Heart truth.; Theme: People / Character / Choice,Canon,Original idiom/proverb preserved with source meaning.,,,,Approved,
PE-V3-0077,"Volume 3: Culture, Context, and Advanced Expression",Idioms/Proverbs,16-17,Var Shara ser Arthen.,One's choices shape their destiny; the journey is tied to purpose.,Idiom/Proverb,Literal: Goes Path with Destiny.; Theme: People / Character / Choice,Canon,Original idiom/proverb preserved with source meaning.,,,,Approved,
PE-V3-0078,"Volume 3: Culture, Context, and Advanced Expression",Idioms/Proverbs,16-17,Kal Kalor an Reth.,True strength/spirit is shown when facing the unknown or confusion.,Idiom/Proverb,Literal: Strengthens Courage in Uncertainty.; Theme: People / Character / Choice,Canon,Original idiom/proverb preserved with source meaning.,,,,Approved,
PE-V3-0079,"Volume 3: Culture, Context, and Advanced Expression",Idioms/Proverbs,16-17,Tal Krez vaar.,Hardship or intense effort brings eventual rest/peace; find warmth in difficulty (Zarithan).,Idiom/Proverb,Literal: Gives Fire peace.; Theme: Scarcity / Hardship,Canon,Original idiom/proverb preserved with source meaning.,,,,Approved,
PE-V3-0080,"Volume 3: Culture, Context, and Advanced Expression",Idioms/Proverbs,16-17,Arth Vel vaar.,Calm endurance preserves peace; find strength in stillness (Nivveil).,Idiom/Proverb,Literal: Protects Stillness/Cold peace.; Theme: Scarcity / Hardship,Canon,Original idiom/proverb preserved with source meaning.,,,,Approved,
PE-V3-0081,"Volume 3: Culture, Context, and Advanced Expression",Language Use Across the Nations of Ohnosha > Arvan Common Phrases,19-20,Dral shal thaar.,The stars guide the heart.,Arvan phrase,"Often said as a prayer or blessing before journeys, invoking cosmic guidance.",Canon,Original example preserved.,,,,Approved,
PE-V3-0082,"Volume 3: Culture, Context, and Advanced Expression",Language Use Across the Nations of Ohnosha > Arvan Common Phrases,19-20,"Thal morl ser, thal dral var.","Balance the mountain, balance the sky.",Arvan phrase,Reflects the need for equilibrium between the physical world and the spiritual or mystical world.,Canon,Original example preserved.,,,,Approved,
PE-V3-0083,"Volume 3: Culture, Context, and Advanced Expression",Language Use Across the Nations of Ohnosha > Arvan Common Phrases,19-20,"Kal thar, morl lorin ser.","Strength of heart, the mountain guides us.",Arvan phrase,"A warrior's phrase, spoken to inspire courage and strength.",Canon,Original example preserved.,,,,Approved,
PE-V3-0084,"Volume 3: Culture, Context, and Advanced Expression",Language Use Across the Nations of Ohnosha > Trerran Common Phrases,19-20,Vrak dren ka.,The water is gone.,Trerran phrase,Often used to indicate trouble or scarcity in the harsh desert environment.,Canon,Original example preserved.,,,,Approved,
PE-V3-0085,"Volume 3: Culture, Context, and Advanced Expression",Language Use Across the Nations of Ohnosha > Trerran Common Phrases,19-20,Kal var morl.,Strength comes from stone.,Trerran phrase,A reminder of the need to be strong and unyielding.,Canon,Original example preserved.,,,,Approved,
PE-V3-0086,"Volume 3: Culture, Context, and Advanced Expression",Language Use Across the Nations of Ohnosha > Trerran Common Phrases,19-20,Shal nor kal ser.,Light gives strength to the people.,Trerran phrase,"Expresses the idea that the sun, though harsh, also provides energy necessary to survive.",Canon,Original example preserved.,,,,Approved,
PE-V3-0087,"Volume 3: Culture, Context, and Advanced Expression",Language Use Across the Nations of Ohnosha > Cultural Customization by Nation > Pelagae,21-24,Drenvokesh kal dren nor Belvok.,The water unity strengthens the family by the water.,National ceremonial example,,Canon,Original example preserved.,LX-V3-0107,related usage,,Approved,
PE-V3-0088,"Volume 3: Culture, Context, and Advanced Expression",Language Use Across the Nations of Ohnosha > Cultural Customization by Nation > Pelagae,21-24,Eshlorien nor dren an Zhaelor.,The wave naming flows by the water in spring.,National ceremonial example,,Canon,Original example preserved.,LX-V3-0108,related usage,,Approved,
PE-V3-0089,"Volume 3: Culture, Context, and Advanced Expression",Language Use Across the Nations of Ohnosha > Cultural Customization by Nation > Verdalris,21-24,Terrashaneth lian nor Tharvok.,The Earth blessing speaks to the family.,National ceremonial example,,Canon,Original example preserved.,LX-V3-0109,related usage,,Approved,
PE-V3-0090,"Volume 3: Culture, Context, and Advanced Expression",Language Use Across the Nations of Ohnosha > Cultural Customization by Nation > Verdalris,21-24,Velpralim shan dren an Zhirelorim.,The wisdom transfer passes to the coming-of-age ritual.,National ceremonial example,,Canon,Original example preserved.,LX-V3-0110,related usage,,Approved,
PE-V3-0091,"Volume 3: Culture, Context, and Advanced Expression",Language Use Across the Nations of Ohnosha > Cultural Customization by Nation > Zarithan,21-24,Kreztharim kal nor dren.,The fire heart strengthens by the water.,National ceremonial example,,Canon,Original example preserved.,LX-V3-0111,related usage,,Approved,
PE-V3-0092,"Volume 3: Culture, Context, and Advanced Expression",Language Use Across the Nations of Ohnosha > Cultural Customization by Nation > Zarithan,21-24,Zhivokesh shalil thal morl.,The bond renewal flows under the mountain.,National ceremonial example,,Canon,Original example preserved.,LX-V3-0112,related usage,,Approved,
PE-V3-0093,"Volume 3: Culture, Context, and Advanced Expression",Language Use Across the Nations of Ohnosha > Cultural Customization by Nation > Mechuma,21-24,Dralshaneth kal dren an Belvok.,The heaven's blessing strengthens the family.,National ceremonial example,,Canon,Original example preserved.,LX-V3-0113,related usage,,Approved,
PE-V3-0094,"Volume 3: Culture, Context, and Advanced Expression",Language Use Across the Nations of Ohnosha > Cultural Customization by Nation > Mechuma,21-24,Zhirelorim nor dren an Dralorim.,The coming-of-age flows with the celestial storm.,National ceremonial example,,Canon,Original example preserved.,LX-V3-0114,related usage,,Approved,
PE-V3-0095,"Volume 3: Culture, Context, and Advanced Expression",Language Use Across the Nations of Ohnosha > Cultural Customization by Nation > Valkeldor,21-24,Morlatharim shalil nor dren.,The stone heart flows by the water.,National ceremonial example,,Canon,Original example preserved.,LX-V3-0115,related usage,,Approved,
PE-V3-0096,"Volume 3: Culture, Context, and Advanced Expression",Language Use Across the Nations of Ohnosha > Cultural Customization by Nation > Valkeldor,21-24,Velmarineth lian nor Felka.,The elder's blessing speaks to the child.,National ceremonial example,,Canon,Original example preserved.,LX-V3-0116,related usage,,Approved,
PE-V3-0097,"Volume 3: Culture, Context, and Advanced Expression",Language Use Across the Nations of Ohnosha > Cultural Customization by Nation > Nivveil,21-24,Velthaelvok ser dren thal Velthaen.,The winter unity flows with the cold season.,National ceremonial example,,Canon,Original example preserved.,LX-V3-0117,related usage,,Approved,
PE-V3-0098,"Volume 3: Culture, Context, and Advanced Expression",Language Use Across the Nations of Ohnosha > Cultural Customization by Nation > Nivveil,21-24,Eshvelaneth shan dren an Tharvok.,The snowstorm guidance passes to the family.,National ceremonial example,,Canon,Original example preserved.,LX-V3-0118,related usage,,Approved,
PE-V3-0099,"Volume 3: Culture, Context, and Advanced Expression",Language Use Across the Nations of Ohnosha > Cultural Customization by Nation > Jasara,21-24,Drenkorath lian nor dren.,The oasis blessing speaks to the water.,National ceremonial example,,Canon,Original example preserved.,LX-V3-0119,related usage,,Approved,
PE-V3-0100,"Volume 3: Culture, Context, and Advanced Expression",Language Use Across the Nations of Ohnosha > Cultural Customization by Nation > Jasara,21-24,Shalorveth kal dren thal Tharvok.,The shadowlight ritual strengthens with the family under balance.,National ceremonial example,,Canon,Original example preserved.,LX-V3-0120,related usage,,Approved,
PE-V3-0101,"Volume 3: Culture, Context, and Advanced Expression",Language Use Across the Nations of Ohnosha > Cultural Customization by Nation > Jasara,21-24,Velterim shan dren nor Zhirelorim.,The desert passage passes to the coming-of-age ritual.,National ceremonial example,,Canon,Original example preserved.,LX-V3-0121,related usage,,Approved,
PE-V3-0102,"Volume 3: Culture, Context, and Advanced Expression",Language Use Across the Nations of Ohnosha > Cultural Customization by Nation > Marakor,21-24,Krezmorath kal dren an Belvok.,The fire bond strengthens with the family.,National ceremonial example,,Canon,Original example preserved.,LX-V3-0122,related usage,,Approved,
PE-V3-0103,"Volume 3: Culture, Context, and Advanced Expression",Language Use Across the Nations of Ohnosha > Cultural Customization by Nation > Marakor,21-24,Tharvelim lian dren an Terra.,The mountain ancestor ritual speaks to the Earth.,National ceremonial example,,Canon,Original example preserved.,LX-V3-0123,related usage,,Approved,
PE-V3-0104,"Volume 3: Culture, Context, and Advanced Expression",Language Use Across the Nations of Ohnosha > Cultural Customization by Nation > Marakor,21-24,Kalorinath ser dren thal Tharvok.,The fortress bonding ceremony is with the family under balance.,National ceremonial example,,Canon,Original example preserved.,LX-V3-0124,related usage,,Approved,
PE-V3-0105,"Volume 3: Culture, Context, and Advanced Expression",Sample Phrases and Sentences,26-27,Vaar I thal nor.,I seek peace in the balance of time.,Sample Phrase,,Canon,Original example preserved.,,,,Approved,
PE-V3-0106,"Volume 3: Culture, Context, and Advanced Expression",Sample Phrases and Sentences,26-27,Shal lorin ser.,Let the light guide you.,Sample Phrase,,Canon,Original example preserved.,,,,Approved,
PE-V3-0107,"Volume 3: Culture, Context, and Advanced Expression",Sample Phrases and Sentences,26-27,Dral aen lian.,The stars speak truth.,Sample Phrase,,Canon,Original example preserved.,,,,Approved,
PE-V3-0108,"Volume 3: Culture, Context, and Advanced Expression",Sample Phrases and Sentences,26-27,Tha-var ser nor dren.,The friend went to the water.,Sample Sentence,,Canon,Original example preserved.,,,,Approved,
PE-V3-0109,"Volume 3: Culture, Context, and Advanced Expression",Sample Phrases and Sentences,26-27,Nor-var I thal Terra.,I will go in the balance of the Earth.,Sample Sentence,,Canon,Original example preserved.,,,,Approved,
PE-V3-0110,"Volume 3: Culture, Context, and Advanced Expression",Sample Phrases and Sentences,26-27,Va var kalor thal!,Go in strength and balance! (command),Sample Sentence,,Canon,Original example preserved.,,,,Approved,
PE-V3-0111,"Volume 3: Culture, Context, and Advanced Expression",Sample Phrases and Sentences,26-27,"Rath Nor-var ser, Nor-var kal Terra.","If the friend will go, I will find strength in the Earth.",Sample Sentence,,Canon,Original example preserved.,,,,Approved,
PE-V3-0112,"Volume 3: Culture, Context, and Advanced Expression",Sample Phrases and Sentences > Sample Phrases from Specific Nations > Verdalris,27-29,Var serilín dren Theren.,"Go, sister, to the village water.",National sample phrase,,Canon,Original example preserved.,,,,Approved,
PE-V3-0113,"Volume 3: Culture, Context, and Advanced Expression",Sample Phrases and Sentences > Sample Phrases from Specific Nations > Verdalris,27-29,Liorin aelin var tera emil.,The teacher leads the youth home for food.,National sample phrase,,Canon,Original example preserved.,,,,Approved,
PE-V3-0114,"Volume 3: Culture, Context, and Advanced Expression",Sample Phrases and Sentences > Sample Phrases from Specific Nations > Verdalris,27-29,Thar Terra var shal nor.,The heart of the Earth goes with light in time.,National sample phrase,,Canon,Original example preserved.,,,,Approved,
PE-V3-0115,"Volume 3: Culture, Context, and Advanced Expression",Sample Phrases and Sentences > Sample Phrases from Specific Nations > Verdalris,27-29,Va dren emil I ser.,Take water and food to the friend.,National sample phrase,,Canon,Original example preserved.,,,,Approved,
PE-V3-0116,"Volume 3: Culture, Context, and Advanced Expression",Sample Phrases and Sentences > Sample Phrases from Specific Nations > Verdalris,27-29,"Lian shal Terra, var aen.","Speak truth in the Earth's light, go forth.",National sample phrase,,Canon,Original example preserved.,,,,Approved,
PE-V3-0117,"Volume 3: Culture, Context, and Advanced Expression",Sample Phrases and Sentences > Sample Phrases from Specific Nations > Mechuma,27-29,Ra var shenakar evan?,Where is the coinage in the market?,National sample phrase,,Canon,Original example preserved.,,,,Approved,
PE-V3-0118,"Volume 3: Culture, Context, and Advanced Expression",Sample Phrases and Sentences > Sample Phrases from Specific Nations > Mechuma,27-29,Varadan nor var vanesh ser.,The merchant will trade with you.,National sample phrase,,Canon,Original example preserved.,,,,Approved,
PE-V3-0119,"Volume 3: Culture, Context, and Advanced Expression",Sample Phrases and Sentences > Sample Phrases from Specific Nations > Mechuma,27-29,"Va kar im dren, vanesh ka!","Use the device with water, do not hesitate to trade!",National sample phrase,,Canon,Original example preserved.,,,,Approved,
PE-V3-0120,"Volume 3: Culture, Context, and Advanced Expression",Sample Phrases and Sentences > Sample Phrases from Specific Nations > Mechuma,27-29,Shena ser emil teremil.,Bring coins for the meal at home.,National sample phrase,,Canon,Original example preserved.,,,,Approved,
PE-V3-0121,"Volume 3: Culture, Context, and Advanced Expression",Sample Phrases and Sentences > Sample Phrases from Specific Nations > Mechuma,27-29,Nor-var I kareth var dreshal.,I will go use the tool and the crystal device.,National sample phrase,,Canon,Original example preserved.,,,,Approved,
PE-V3-0122,"Volume 3: Culture, Context, and Advanced Expression",Sample Phrases and Sentences > Sample Phrases from Specific Nations > Pelagae,27-29,Var dren shal ser aen.,Go to the water's light and speak.,National sample phrase,,Canon,Original example preserved.,,,,Approved,
PE-V3-0123,"Volume 3: Culture, Context, and Advanced Expression",Sample Phrases and Sentences > Sample Phrases from Specific Nations > Pelagae,27-29,Ka ver emil dren nor?,Is there no food by the water now?,National sample phrase,,Canon,Original example preserved.,,,,Approved,
PE-V3-0124,"Volume 3: Culture, Context, and Advanced Expression",Sample Phrases and Sentences > Sample Phrases from Specific Nations > Pelagae,27-29,Teremil dren thal nor.,A balanced meal at the water in time.,National sample phrase,,Canon,Original example preserved.,,,,Approved,
PE-V3-0125,"Volume 3: Culture, Context, and Advanced Expression",Sample Phrases and Sentences > Sample Phrases from Specific Nations > Pelagae,27-29,Serilin var varshel nor dren.,"Sister, walk the road to the water.",National sample phrase,,Canon,Original example preserved.,,,,Approved,
PE-V3-0126,"Volume 3: Culture, Context, and Advanced Expression",Sample Phrases and Sentences > Sample Phrases from Specific Nations > Pelagae,27-29,Aelin liorin var emil eshvan.,The youth follows the teacher to the shop for food.,National sample phrase,,Canon,Original example preserved.,,,,Approved,
PE-V3-0127,"Volume 3: Culture, Context, and Advanced Expression",Sample Phrases and Sentences > Sample Phrases from Specific Nations > Zarithan,27-29,Va var dren ver?,Go find water or not?,National sample phrase,,Canon,Original example preserved.,,,,Approved,
PE-V3-0128,"Volume 3: Culture, Context, and Advanced Expression",Sample Phrases and Sentences > Sample Phrases from Specific Nations > Zarithan,27-29,"Emil ka shena, var Eshvan nor.",No food coins? I will go to the shop soon.,National sample phrase,,Canon,Original example preserved.,,,,Approved,
PE-V3-0129,"Volume 3: Culture, Context, and Advanced Expression",Sample Phrases and Sentences > Sample Phrases from Specific Nations > Zarithan,27-29,Ser var tera dren vanesh.,A friend goes home after trading water.,National sample phrase,,Canon,Original example preserved.,,,,Approved,
PE-V3-0130,"Volume 3: Culture, Context, and Advanced Expression",Sample Phrases and Sentences > Sample Phrases from Specific Nations > Zarithan,27-29,"Ka var dren, ka emil.","No water, no food.",National sample phrase,,Canon,Original example preserved.,,,,Approved,
PE-V3-0131,"Volume 3: Culture, Context, and Advanced Expression",Sample Phrases and Sentences > Sample Phrases from Specific Nations > Zarithan,27-29,Varadan nor-var ser shenakar.,The merchant will come to you with coinage.,National sample phrase,,Canon,Original example preserved.,,,,Approved,
PE-V3-0132,"Volume 3: Culture, Context, and Advanced Expression",Sample Phrases and Sentences > Sample Phrases from Specific Nations > Nivveil,27-29,Liorin noraen var dren kal.,The elders guide us to water with strength.,National sample phrase,,Canon,Original example preserved.,,,,Approved,
PE-V3-0133,"Volume 3: Culture, Context, and Advanced Expression",Sample Phrases and Sentences > Sample Phrases from Specific Nations > Nivveil,27-29,Thal Terra ser shal nor.,Balance the Earth with light in time.,National sample phrase,,Canon,Original example preserved.,,,,Approved,
PE-V3-0134,"Volume 3: Culture, Context, and Advanced Expression",Sample Phrases and Sentences > Sample Phrases from Specific Nations > Nivveil,27-29,Aelin var tera emil ser lian.,"The youth go home to meals, guided by truth.",National sample phrase,,Canon,Original example preserved.,,,,Approved,
PE-V3-0135,"Volume 3: Culture, Context, and Advanced Expression",Sample Phrases and Sentences > Sample Phrases from Specific Nations > Nivveil,27-29,Lumor var ser dren.,Carry the talisman to the water.,National sample phrase,,Canon,Original example preserved.,,,,Approved,
PE-V3-0136,"Volume 3: Culture, Context, and Advanced Expression",Sample Phrases and Sentences > Sample Phrases from Specific Nations > Nivveil,27-29,Nor var I kareth teremil.,I will use a tool for the home's meal.,National sample phrase,,Canon,Original example preserved.,,,,Approved,
PE-V3-0137,"Volume 3: Culture, Context, and Advanced Expression",Sample Phrases and Sentences > Sample Phrases from Specific Nations > Marakor,27-29,Va kareth kal dren.,Use the tool's strength with the water.,National sample phrase,,Canon,Original example preserved.,,,,Approved,
PE-V3-0138,"Volume 3: Culture, Context, and Advanced Expression",Sample Phrases and Sentences > Sample Phrases from Specific Nations > Marakor,27-29,"Serilin var emil tera, shal nor.","The sister brings food home, guided by light in time.",National sample phrase,,Canon,Original example preserved.,,,,Approved,
PE-V3-0139,"Volume 3: Culture, Context, and Advanced Expression",Sample Phrases and Sentences > Sample Phrases from Specific Nations > Marakor,27-29,Nor-var I vanesh shenakar evan.,I will go trade coinage in the market.,National sample phrase,,Canon,Original example preserved.,,,,Approved,
PE-V3-0140,"Volume 3: Culture, Context, and Advanced Expression",Sample Phrases and Sentences > Sample Phrases from Specific Nations > Marakor,27-29,Dreshal var im.,Use the crystal device efficiently.,National sample phrase,,Canon,Original example preserved.,,,,Approved,
PE-V3-0141,"Volume 3: Culture, Context, and Advanced Expression",Sample Phrases and Sentences > Sample Phrases from Specific Nations > Marakor,27-29,Theren var tera Kaleth Rathor.,The village stands at the ancient fortress-home.,National sample phrase,,Canon,Original example preserved.,,,,Approved,
PE-V3-0142,"Volume 3: Culture, Context, and Advanced Expression",Sample Phrases and Sentences > Sample Phrases from Specific Nations > Jasara,27-29,Ra var evan emil dren?,Where is the market for food near water?,National sample phrase,,Canon,Original example preserved.,,,,Approved,
PE-V3-0143,"Volume 3: Culture, Context, and Advanced Expression",Sample Phrases and Sentences > Sample Phrases from Specific Nations > Jasara,27-29,Vanesh ser varadan shenakar.,Trade with the merchant's coinage.,National sample phrase,,Canon,Original example preserved.,,,,Approved,
PE-V3-0144,"Volume 3: Culture, Context, and Advanced Expression",Sample Phrases and Sentences > Sample Phrases from Specific Nations > Jasara,27-29,Thalesh var dren shal.,Perform the ritual at the water's light.,National sample phrase,,Canon,Original example preserved.,,,,Approved,
PE-V3-0145,"Volume 3: Culture, Context, and Advanced Expression",Sample Phrases and Sentences > Sample Phrases from Specific Nations > Jasara,27-29,Emil teremil ka var?,Is the meal at home not ready?,National sample phrase,,Canon,Original example preserved.,,,,Approved,
PE-V3-0146,"Volume 3: Culture, Context, and Advanced Expression",Sample Phrases and Sentences > Sample Phrases from Specific Nations > Jasara,27-29,Lian dren nor ra aen?,"Does truth flow like water in time, speak?",National sample phrase,,Canon,Original example preserved.,,,,Approved,
PE-V3-0147,"Volume 3: Culture, Context, and Advanced Expression",Sample Phrases and Sentences > Sample Phrases from Specific Nations > Valkeldor,27-29,Va dren shal morl.,Go to the water's light in the mountains.,National sample phrase,,Canon,Original example preserved.,,,,Approved,
PE-V3-0148,"Volume 3: Culture, Context, and Advanced Expression",Sample Phrases and Sentences > Sample Phrases from Specific Nations > Valkeldor,27-29,Kal thar I tera.,My heart is strong at home.,National sample phrase,,Canon,Original example preserved.,,,,Approved,
PE-V3-0149,"Volume 3: Culture, Context, and Advanced Expression",Sample Phrases and Sentences > Sample Phrases from Specific Nations > Valkeldor,27-29,Serilin var kareth emil.,The sibling uses the tool for food.,National sample phrase,,Canon,Original example preserved.,,,,Approved,
PE-V3-0150,"Volume 3: Culture, Context, and Advanced Expression",Sample Phrases and Sentences > Sample Phrases from Specific Nations > Valkeldor,27-29,Va var Theren shena.,Go to the village with your coin.,National sample phrase,,Canon,Original example preserved.,,,,Approved,
PE-V3-0151,"Volume 3: Culture, Context, and Advanced Expression",Sample Phrases and Sentences > Sample Phrases from Specific Nations > Valkeldor,27-29,Morl dren nor var liorin.,The mountain water flows with the elder's guidance.,National sample phrase,,Canon,Original example preserved.,,,,Approved,
PE-V3-0200,"Volume 3: Culture, Context, and Advanced Expression",Numbering System and Basic Math in Celan,30-31,Ten-del,20 (Two tens),Number/math example,,Canon,Original example preserved.,,,,Approved,
PE-V3-0201,"Volume 3: Culture, Context, and Advanced Expression",Numbering System and Basic Math in Celan,30-31,Ten-tren,30 (Three tens),Number/math example,,Canon,Original example preserved.,,,,Approved,
PE-V3-0202,"Volume 3: Culture, Context, and Advanced Expression",Numbering System and Basic Math in Celan,30-31,Ten-quen,40 (Four tens),Number/math example,,Canon,Original example preserved.,,,,Approved,
PE-V3-0203,"Volume 3: Culture, Context, and Advanced Expression",Numbering System and Basic Math in Celan,30-31,Tenar unar,11 (10 + 1),Number/math example,,Canon,Original example preserved.,,,,Approved,
PE-V3-0204,"Volume 3: Culture, Context, and Advanced Expression",Numbering System and Basic Math in Celan,30-31,Ten-del peth,25 (20 + 5),Number/math example,,Canon,Original example preserved.,,,,Approved,
PE-V3-0205,"Volume 3: Culture, Context, and Advanced Expression",Numbering System and Basic Math in Celan,30-31,Ten-quen senar,46 (40 + 6),Number/math example,,Canon,Original example preserved.,,,,Approved,
PE-V3-0206,"Volume 3: Culture, Context, and Advanced Expression",Numbering System and Basic Math in Celan,30-31,Hek-unar,100 (One hundred),Number/math example,,Canon,Original example preserved.,,,,Approved,
PE-V3-0207,"Volume 3: Culture, Context, and Advanced Expression",Numbering System and Basic Math in Celan,30-31,Hek-quen,400 (Four hundred),Number/math example,,Canon,Original example preserved.,,,,Approved,
PE-V3-0208,"Volume 3: Culture, Context, and Advanced Expression",Numbering System and Basic Math in Celan,30-31,Hek-oven Ten-quen del,842 (800 + 40 + 2),Number/math example,,Canon,Original example preserved.,,,,Approved,
PE-V3-0209,"Volume 3: Culture, Context, and Advanced Expression",Numbering System and Basic Math in Celan,30-31,Mel-unar,"1,000 (One thousand)",Number/math example,,Canon,Original example preserved.,,,,Approved,
PE-V3-0210,"Volume 3: Culture, Context, and Advanced Expression",Numbering System and Basic Math in Celan,30-31,Mel-quen,"4,000 (Four thousand)",Number/math example,,Canon,Original example preserved.,,,,Approved,
PE-V3-0211,"Volume 3: Culture, Context, and Advanced Expression",Numbering System and Basic Math in Celan,30-31,Mel-quen Hek-sethe Ten-oven sethe,"4,768 (4,000 + 700 + 60 + 8)",Number/math example,,Canon,Original example preserved.,,,,Approved,
PE-V3-0212,"Volume 3: Culture, Context, and Advanced Expression",Numbering System and Basic Math in Celan,30-31,Fen-unar,"10,000 (Ten thousand)",Number/math example,,Canon,Original example preserved.,,,,Approved,
PE-V3-0213,"Volume 3: Culture, Context, and Advanced Expression",Numbering System and Basic Math in Celan,30-31,Fen-peth,"50,000 (Fifty thousand)",Number/math example,,Canon,Original example preserved.,,,,Approved,
PE-V3-0214,"Volume 3: Culture, Context, and Advanced Expression",Numbering System and Basic Math in Celan,30-31,Hek-Mel-unar,"100,000 (One hundred thousand)",Number/math example,,Canon,Original example preserved.,,,,Approved,
PE-V3-0215,"Volume 3: Culture, Context, and Advanced Expression",Numbering System and Basic Math in Celan,30-31,Hek-Mel-quen,"400,000 (Four hundred thousand)",Number/math example,,Canon,Original example preserved.,,,,Approved,
PE-V3-0216,"Volume 3: Culture, Context, and Advanced Expression",Numbering System and Basic Math in Celan,30-31,Hek-quen Ven Hek-del,400 - 200 = 200,Number/math example,,Canon,Original example preserved.,,,,Approved,
PE-V3-0217,"Volume 3: Culture, Context, and Advanced Expression",Numbering System and Basic Math in Celan,30-31,Tenar peth Ven tren,15 - 3 = 12,Number/math example,,Canon,Corrected to match additive teen-number pattern already established elsewhere in the canon data.,,,,Approved,
PE-V3-0218,"Volume 3: Culture, Context, and Advanced Expression",Numbering System and Basic Math in Celan,30-31,Tenar peth Ven tren dren nor shal.,Fifteen minus three waters under the light.,Number/math example,,Canon,Corrected to match additive teen-number pattern already established elsewhere in the canon data.,,,,Approved,
PE-V3-0219,"Volume 3: Culture, Context, and Advanced Expression",Numbering System and Basic Math in Celan,30-31,Mel-quen Ven Hek-peth,"4,000 - 500 = 3,500",Number/math example,,Canon,Original example preserved.,,,,Approved,
PE-V4-0001,"Volume 4: Expansion, Tangible Lexicon, Modality, and National Speech",Systemic Expansion > Section 2.2: A System for Verb Mood and Modality,3,Aen I lianeth.,I can speak.,Modality example,,Canon,Original example preserved.,GR-V4-0002; LX-V4-0001,related usage,PT-V4-0003,Needs Human Review,terminology overlap
PE-V4-0002,"Volume 4: Expansion, Tangible Lexicon, Modality, and National Speech",Systemic Expansion > Section 2.2: A System for Verb Mood and Modality,3,Var I belshara.,I must go.,Modality example,,Canon,Original example preserved.,GR-V4-0002; LX-V4-0002,related usage,PT-V4-0003,Needs Human Review,terminology overlap
PE-V4-0003,"Volume 4: Expansion, Tangible Lexicon, Modality, and National Speech",Systemic Expansion > Section 2.2: A System for Verb Mood and Modality,3,Var I rethlian.,I might go.,Modality example,,Canon,Original example preserved.,GR-V4-0002; LX-V4-0003,related usage,PT-V4-0003,Needs Human Review,terminology overlap
PE-V4-0004,"Volume 4: Expansion, Tangible Lexicon, Modality, and National Speech",Systemic Expansion > Section 2.2: A System for Verb Mood and Modality,3,Var I thar-ka.,I want to go.,Modality example,,Canon,Original example preserved.,GR-V4-0002; LX-V4-0004,related usage,PT-V4-0003,Needs Human Review,terminology overlap
PE-V4-0005,"Volume 4: Expansion, Tangible Lexicon, Modality, and National Speech",Systemic Expansion > Section 2.2: Subjunctive Mood,3,Vael vaar an shara-ya.,May peace be on your path.,Subjunctive example,,Canon,Original example preserved.,GR-V4-0003; RM-V4-0002,related usage,,Approved,
PE-V4-0006,"Volume 4: Expansion, Tangible Lexicon, Modality, and National Speech",Systemic Expansion > Section 2.2: Subjunctive Mood,3,"Vael rinaen I an eshlin, varal I an esh.","If I were a bird, I would be going to the sky.",Subjunctive example,,Canon,Original example preserved.,GR-V4-0003; RM-V4-0002,related usage,,Approved,
PE-V4-0007,"Volume 4: Expansion, Tangible Lexicon, Modality, and National Speech",Systemic Expansion > Section 2.2: Subjunctive Mood,3,Vael aen Ya.,May you speak / Please speak.,Subjunctive example,,Canon,Original example preserved.,GR-V4-0003; RM-V4-0002,related usage,,Approved,
PE-V4-0008,"Volume 4: Expansion, Tangible Lexicon, Modality, and National Speech",Systemic Expansion > Section 2.3: Passive Voice,4,Pralaen an Azron an belkor.,The woman makes the tunic.,Passive voice example,,Canon,Original example preserved.,GR-V4-0004; RM-V4-0003,related usage,PT-V4-0004,Needs Human Review,terminology overlap
PE-V4-0009,"Volume 4: Expansion, Tangible Lexicon, Modality, and National Speech",Systemic Expansion > Section 2.3: Passive Voice,4,Pralaen an belkor nor-ka.,The tunic is made / A tunic was made.,Passive voice example,,Canon,Original example preserved.,GR-V4-0004; RM-V4-0003,related usage,PT-V4-0004,Needs Human Review,terminology overlap
PE-V4-0010,"Volume 4: Expansion, Tangible Lexicon, Modality, and National Speech",Systemic Expansion > Section 2.3: Passive Voice,4,Pralaen an kaleth nor-ka.,The fortress was built.,Passive voice example,,Canon,Original example preserved.,GR-V4-0004; RM-V4-0003,related usage,PT-V4-0004,Needs Human Review,terminology overlap
PE-V4-0011,"Volume 4: Expansion, Tangible Lexicon, Modality, and National Speech",Systemic Expansion > Section 2.3: Passive Voice,4,Talaen an shenakar nor-ka.,The coinage was taken.,Passive voice example,,Canon,Original example preserved.,GR-V4-0004; RM-V4-0003,related usage,PT-V4-0004,Needs Human Review,terminology overlap
PE-V4-0012,"Volume 4: Expansion, Tangible Lexicon, Modality, and National Speech",Systemic Expansion > Section 2.4: Advanced Pronouns,4-5,Var Inko an Varthas.,We two are going to the city.,Advanced pronoun example,,Canon,Original example preserved.,GR-V4-0005,related usage,,Approved,
PE-V4-0013,"Volume 4: Expansion, Tangible Lexicon, Modality, and National Speech",Systemic Expansion > Section 2.4: Advanced Pronouns,4-5,Ra aen Yako an I?,Are you two speaking to me?,Advanced pronoun example,,Canon,Original example preserved.,GR-V4-0005,related usage,,Approved,
PE-V4-0014,"Volume 4: Expansion, Tangible Lexicon, Modality, and National Speech",Systemic Expansion > Section 2.4: Advanced Pronouns,4-5,Velaen Ilin an morlak.,We [you and I] are eating the bread.,Advanced pronoun example,,Canon,Original example preserved.,GR-V4-0005,related usage,,Approved,
PE-V4-0015,"Volume 4: Expansion, Tangible Lexicon, Modality, and National Speech",Systemic Expansion > Section 2.4: Advanced Pronouns,4-5,Arth Imen an kaleth. Var Ya.,"We [the guards, not you] protect the fortress. You must go.",Advanced pronoun example,,Canon,Original example preserved.,GR-V4-0005,related usage,,Approved,
PE-V4-0016,"Volume 4: Expansion, Tangible Lexicon, Modality, and National Speech",The Living Lexicon > Section 3.1: Mundane Objects & Tools,5-7,Nethaen Azron an nethor.,The woman sits on the chair.,Mundane Objects & Tools example,,Canon,Original example preserved.,LX-V4-0010,related usage,,Approved,
PE-V4-0017,"Volume 4: Expansion, Tangible Lexicon, Modality, and National Speech",The Living Lexicon > Section 3.1: Mundane Objects & Tools,5-7,Rinaen zhirin an pralor.,The rope is on the table.,Mundane Objects & Tools example,,Canon,Original example preserved.,LX-V4-0011,related usage,,Approved,
PE-V4-0018,"Volume 4: Expansion, Tangible Lexicon, Modality, and National Speech",The Living Lexicon > Section 3.1: Mundane Objects & Tools,5-7,Var I thal vorkor.,I go from/through the door.,Mundane Objects & Tools example,,Canon,Original example preserved.,LX-V4-0012,related usage,,Approved,
PE-V4-0019,"Volume 4: Expansion, Tangible Lexicon, Modality, and National Speech",The Living Lexicon > Section 3.1: Mundane Objects & Tools,5-7,Karethaen I kareth.,I use the hammer.,Mundane Objects & Tools example,,Canon,Original example preserved.,LX-V4-0013,related usage,PT-V4-0002,Needs Human Review,terminology overlap
PE-V4-0020,"Volume 4: Expansion, Tangible Lexicon, Modality, and National Speech",The Living Lexicon > Section 3.1: Mundane Objects & Tools,5-7,Rinaen emil esh pralor.,The food is on the table.,Mundane Objects & Tools example,,Canon,Original example preserved.,LX-V4-0014,related usage,,Approved,
PE-V4-0021,"Volume 4: Expansion, Tangible Lexicon, Modality, and National Speech",The Living Lexicon > Section 3.1: Mundane Objects & Tools,5-7,Rinaen peleth selineth.,The knife is clean.,Mundane Objects & Tools example,,Canon,Original example preserved.,LX-V4-0015,related usage,PT-V4-0002,Needs Human Review,terminology overlap
PE-V4-0022,"Volume 4: Expansion, Tangible Lexicon, Modality, and National Speech",The Living Lexicon > Section 3.1: Mundane Objects & Tools,5-7,Rinaen drenvor woreth.,The bowl is full.,Mundane Objects & Tools example,,Canon,Original example preserved.,LX-V4-0016,related usage,,Approved,
PE-V4-0023,"Volume 4: Expansion, Tangible Lexicon, Modality, and National Speech",The Living Lexicon > Section 3.1: Mundane Objects & Tools,5-7,Rinaen krezor feneth.,The hearth is hot.,Mundane Objects & Tools example,,Canon,Original example preserved.,LX-V4-0017,related usage,,Needs Human Review,terminology overlap
PE-V4-0024,"Volume 4: Expansion, Tangible Lexicon, Modality, and National Speech",The Living Lexicon > Section 3.1: Mundane Objects & Tools,5-7,Vethoraen Felka an nethlor.,The child sleeps on the bed.,Mundane Objects & Tools example,,Canon,Original example preserved.,LX-V4-0018,related usage,,Approved,
PE-V4-0025,"Volume 4: Expansion, Tangible Lexicon, Modality, and National Speech",The Living Lexicon > Section 3.1: Mundane Objects & Tools,5-7,Arth shalkor Ilin thal fah.,The lamp protects us from the darkness.,Mundane Objects & Tools example,,Canon,Original example preserved.,LX-V4-0019,related usage,,Approved,
PE-V4-0026,"Volume 4: Expansion, Tangible Lexicon, Modality, and National Speech",The Living Lexicon > Section 3.1: Mundane Objects & Tools,5-7,Aen velar lianbelrin.,The elder speaks the story/book.,Mundane Objects & Tools example,,Canon,Original example preserved.,LX-V4-0020,related usage,,Approved,
PE-V4-0027,"Volume 4: Expansion, Tangible Lexicon, Modality, and National Speech",The Living Lexicon > Section 3.2 & 3.3: Basic & Sensory Adjectives,7-9,Rinaen korin-ian gormeth.,My hands are dirty.,Basic & Sensory Adjectives example,,Canon,Original example preserved.,LX-V4-0021,related usage,PT-V4-0002,Needs Human Review,terminology overlap
PE-V4-0028,"Volume 4: Expansion, Tangible Lexicon, Modality, and National Speech",The Living Lexicon > Section 3.2 & 3.3: Basic & Sensory Adjectives,7-9,Rinaen dren selineth.,The water is clean.,Basic & Sensory Adjectives example,,Canon,Original example preserved.,LX-V4-0022,related usage,PT-V4-0002,Needs Human Review,terminology overlap
PE-V4-0029,"Volume 4: Expansion, Tangible Lexicon, Modality, and National Speech",The Living Lexicon > Section 3.2 & 3.3: Basic & Sensory Adjectives,7-9,Rinaen mor maganeth.,The stone is heavy.,Basic & Sensory Adjectives example,,Canon,Original example preserved.,LX-V4-0023,related usage,PT-V4-0002,Needs Human Review,terminology overlap
PE-V4-0030,"Volume 4: Expansion, Tangible Lexicon, Modality, and National Speech",The Living Lexicon > Section 3.2 & 3.3: Basic & Sensory Adjectives,7-9,Rinaen zhirin feleth.,The rope is light.,Basic & Sensory Adjectives example,,Canon,Original example preserved.,LX-V4-0024,related usage,PT-V4-0002,Needs Human Review,terminology overlap
PE-V4-0031,"Volume 4: Expansion, Tangible Lexicon, Modality, and National Speech",The Living Lexicon > Section 3.2 & 3.3: Basic & Sensory Adjectives,7-9,Rinaen drenvor woreth.,The bowl is full.,Basic & Sensory Adjectives example,,Canon,Original example preserved.,LX-V4-0025,related usage,PT-V4-0002,Needs Human Review,terminology overlap
PE-V4-0032,"Volume 4: Expansion, Tangible Lexicon, Modality, and National Speech",The Living Lexicon > Section 3.2 & 3.3: Basic & Sensory Adjectives,7-9,Rinaen teremil zun.,The home is empty.,Basic & Sensory Adjectives example,,Canon,Original example preserved.,LX-V4-0026,related usage,,Approved,
PE-V4-0033,"Volume 4: Expansion, Tangible Lexicon, Modality, and National Speech",The Living Lexicon > Section 3.2 & 3.3: Basic & Sensory Adjectives,7-9,Rinaen kaleth kaveth.,The fortress is old.,Basic & Sensory Adjectives example,,Canon,Original example preserved.,LX-V4-0027,related usage,PT-V4-0002,Needs Human Review,terminology overlap
PE-V4-0034,"Volume 4: Expansion, Tangible Lexicon, Modality, and National Speech",The Living Lexicon > Section 3.2 & 3.3: Basic & Sensory Adjectives,7-9,Rinaen lianor-ian vaareth.,My thought is good.,Basic & Sensory Adjectives example,,Canon,Original example preserved.,LX-V4-0028,related usage,PT-V4-0002,Needs Human Review,terminology overlap
PE-V4-0035,"Volume 4: Expansion, Tangible Lexicon, Modality, and National Speech",The Living Lexicon > Section 3.2 & 3.3: Basic & Sensory Adjectives,7-9,Var vethral joreth.,The pack hunter goes fast.,Basic & Sensory Adjectives example,,Canon,Original example preserved.,LX-V4-0029,related usage,PT-V4-0002,Needs Human Review,terminology overlap
PE-V4-0036,"Volume 4: Expansion, Tangible Lexicon, Modality, and National Speech",The Living Lexicon > Section 3.2 & 3.3: Basic & Sensory Adjectives,7-9,Rinaen krezor feneth.,The hearth is hot.,Basic & Sensory Adjectives example,,Canon,Original example preserved.,LX-V4-0030,related usage,PT-V4-0002,Needs Human Review,terminology overlap
PE-V4-0037,"Volume 4: Expansion, Tangible Lexicon, Modality, and National Speech",The Living Lexicon > Section 3.2 & 3.3: Basic & Sensory Adjectives,7-9,Rinaen velk veleth.,The ice is cold.,Basic & Sensory Adjectives example,,Canon,Original example preserved.,LX-V4-0031,related usage,PT-V4-0002,Needs Human Review,terminology overlap
PE-V4-0038,"Volume 4: Expansion, Tangible Lexicon, Modality, and National Speech",The Living Lexicon > Section 3.2 & 3.3: Basic & Sensory Adjectives,7-9,Rinaen belrin praketh.,The fabric is soft.,Basic & Sensory Adjectives example,,Canon,Original example preserved.,LX-V4-0032,related usage,PT-V4-0002,Needs Human Review,terminology overlap
PE-V4-0039,"Volume 4: Expansion, Tangible Lexicon, Modality, and National Speech",The Living Lexicon > Section 3.2 & 3.3: Basic & Sensory Adjectives,7-9,Rinaen pralor moreth.,The table is hard.,Basic & Sensory Adjectives example,,Canon,Original example preserved.,LX-V4-0033,related usage,PT-V4-0002,Needs Human Review,terminology overlap
PE-V4-0040,"Volume 4: Expansion, Tangible Lexicon, Modality, and National Speech",The Living Lexicon > Section 3.2 & 3.3: Basic & Sensory Adjectives,7-9,Rinaen xaresh dreneth.,The cloak is wet.,Basic & Sensory Adjectives example,,Canon,Original example preserved.,LX-V4-0034,related usage,PT-V4-0002,Needs Human Review,terminology overlap
PE-V4-0041,"Volume 4: Expansion, Tangible Lexicon, Modality, and National Speech",The Living Lexicon > Section 3.2 & 3.3: Basic & Sensory Adjectives,7-9,Rinaen morlak kadreneth.,The bread is dry.,Basic & Sensory Adjectives example,,Canon,Original example preserved.,LX-V4-0035,related usage,PT-V4-0002,Needs Human Review,terminology overlap
PE-V4-0042,"Volume 4: Expansion, Tangible Lexicon, Modality, and National Speech",The Living Lexicon > Section 3.4: Clothing & Worn Items,9-10,Rinaen belkor-ian verdeth.,My tunic is green.,Clothing & Worn Items example,,Canon,Original example preserved.,LX-V4-0036,related usage,,Approved,
PE-V4-0043,"Volume 4: Expansion, Tangible Lexicon, Modality, and National Speech",The Living Lexicon > Section 3.4: Clothing & Worn Items,9-10,Rinaen sharbel maganeth.,The pants are heavy.,Clothing & Worn Items example,,Canon,Original example preserved.,LX-V4-0037,related usage,,Approved,
PE-V4-0044,"Volume 4: Expansion, Tangible Lexicon, Modality, and National Speech",The Living Lexicon > Section 3.4: Clothing & Worn Items,9-10,Arth xaresh I thal velk.,The cloak protects me from the ice.,Clothing & Worn Items example,,Canon,Original example preserved.,LX-V4-0038,related usage,,Approved,
PE-V4-0045,"Volume 4: Expansion, Tangible Lexicon, Modality, and National Speech",The Living Lexicon > Section 3.4: Clothing & Worn Items,9-10,Ver var I ka trakor.,I do not go without shoes.,Clothing & Worn Items example,,Canon,Original example preserved.,LX-V4-0039,related usage,,Approved,
PE-V4-0046,"Volume 4: Expansion, Tangible Lexicon, Modality, and National Speech",The Living Lexicon > Section 3.4: Clothing & Worn Items,9-10,Rinaen peleth an zhirvok.,The knife is on the belt.,Clothing & Worn Items example,,Canon,Original example preserved.,LX-V4-0040,related usage,,Approved,
PE-V4-0047,"Volume 4: Expansion, Tangible Lexicon, Modality, and National Speech",The Living Lexicon > Section 3.5: Colors,10,Rinaen zhaelin krelek.,The flower is red.,Colors example,,Canon,Original example preserved.,LX-V4-0041,related usage,,Approved,
PE-V4-0048,"Volume 4: Expansion, Tangible Lexicon, Modality, and National Speech",The Living Lexicon > Section 3.5: Colors,10,Rinaen esh lunor.,The sky is blue.,Colors example,,Canon,Original example preserved.,LX-V4-0042,related usage,,Approved,
PE-V4-0049,"Volume 4: Expansion, Tangible Lexicon, Modality, and National Speech",The Living Lexicon > Section 3.5: Colors,10,Rinaen xaresh verdeth.,The cloak is green.,Colors example,,Canon,Original example preserved.,LX-V4-0043,related usage,PT-V4-0002,Needs Human Review,terminology overlap
PE-V4-0050,"Volume 4: Expansion, Tangible Lexicon, Modality, and National Speech",The Living Lexicon > Section 3.5: Colors,10,Rinaen shena shaleth.,The coin is gold.,Colors example,,Canon,Original example preserved.,LX-V4-0044,related usage,PT-V4-0002,Needs Human Review,terminology overlap
PE-V4-0051,"Volume 4: Expansion, Tangible Lexicon, Modality, and National Speech",The Living Lexicon > Section 3.5: Colors,10,Rinaen mor faheth.,The stone is black.,Colors example,,Canon,Original example preserved.,LX-V4-0045,related usage,PT-V4-0002,Needs Human Review,terminology overlap
PE-V4-0052,"Volume 4: Expansion, Tangible Lexicon, Modality, and National Speech",The Living Lexicon > Section 3.5: Colors,10,Rinaen morlak velek.,The bread is white.,Colors example,,Canon,Original example preserved.,LX-V4-0046,related usage,,Approved,
PE-V4-0053,"Volume 4: Expansion, Tangible Lexicon, Modality, and National Speech",The Living Lexicon > Section 3.6: Essential Verbs of Action & Sensation,10-12,Shalaen I vethral an verdor.,I see the pack hunter in the forest.,Essential Verbs example,,Canon,Original example preserved.,LX-V4-0047,related usage,,Approved,
PE-V4-0054,"Volume 4: Expansion, Tangible Lexicon, Modality, and National Speech",The Living Lexicon > Section 3.6: Essential Verbs of Action & Sensation,10-12,Aenaen I eshlin an zhaelin.,I hear the bird in the flower.,Essential Verbs example,,Canon,Original example preserved.,LX-V4-0048,related usage,,Needs Human Review,terminology overlap
PE-V4-0055,"Volume 4: Expansion, Tangible Lexicon, Modality, and National Speech",The Living Lexicon > Section 3.6: Essential Verbs of Action & Sensation,10-12,Pralaen I krezor.,I am making a hearth.,Essential Verbs example,,Canon,Original example preserved.,LX-V4-0049,related usage,,Approved,
PE-V4-0056,"Volume 4: Expansion, Tangible Lexicon, Modality, and National Speech",The Living Lexicon > Section 3.6: Essential Verbs of Action & Sensation,10-12,Karethaen I peleth.,I use the knife.,Essential Verbs example,,Canon,Original example preserved.,LX-V4-0050,related usage,,Approved,
PE-V4-0057,"Volume 4: Expansion, Tangible Lexicon, Modality, and National Speech",The Living Lexicon > Section 3.6: Essential Verbs of Action & Sensation,10-12,Talaen I drenvor thal pralor.,I take the bowl from the table.,Essential Verbs example,,Canon,Original example preserved.,LX-V4-0051,related usage,,Needs Human Review,terminology overlap
PE-V4-0058,"Volume 4: Expansion, Tangible Lexicon, Modality, and National Speech",The Living Lexicon > Section 3.6: Essential Verbs of Action & Sensation,10-12,Velaen Ilin morlak.,We eat the bread.,Essential Verbs example,,Canon,Original example preserved.,LX-V4-0052,related usage,,Approved,
PE-V4-0059,"Volume 4: Expansion, Tangible Lexicon, Modality, and National Speech",The Living Lexicon > Section 3.6: Essential Verbs of Action & Sensation,10-12,Drenaen Ya phelvin.,You drink the comforting drink.,Essential Verbs example,,Canon,Original example preserved.,LX-V4-0053,related usage,,Approved,
PE-V4-0060,"Volume 4: Expansion, Tangible Lexicon, Modality, and National Speech",The Living Lexicon > Section 3.6: Essential Verbs of Action & Sensation,10-12,Nethaen Azron an nethor.,The woman sits on the chair.,Essential Verbs example,,Canon,Original example preserved.,LX-V4-0054,related usage,,Approved,
PE-V4-0061,"Volume 4: Expansion, Tangible Lexicon, Modality, and National Speech",The Living Lexicon > Section 3.6: Essential Verbs of Action & Sensation,10-12,Moraen I an Terra.,I stand on the Earth.,Essential Verbs example,,Canon,Original example preserved.,LX-V4-0055,related usage,,Approved,
PE-V4-0062,"Volume 4: Expansion, Tangible Lexicon, Modality, and National Speech",The Living Lexicon > Section 3.6: Essential Verbs of Action & Sensation,10-12,Nor-vethoraen Ilin an nethlor.,We will sleep on the beds.,Essential Verbs example,,Canon,Original example preserved.,LX-V4-0056,related usage,,Approved,
PE-V4-0063,"Volume 4: Expansion, Tangible Lexicon, Modality, and National Speech",The Living Lexicon > Section 3.8: Archetypal Flora & Fauna,12-14,Rinaen morthera maganeth.,The beast of burden is heavy.,Flora & Fauna example,,Canon,Original example preserved.,LX-V4-0057,related usage,,Approved,
PE-V4-0064,"Volume 4: Expansion, Tangible Lexicon, Modality, and National Speech",The Living Lexicon > Section 3.8: Archetypal Flora & Fauna,12-14,Var vethral joreth.,The pack hunter goes fast.,Flora & Fauna example,,Canon,Original example preserved.,LX-V4-0058,related usage,,Approved,
PE-V4-0065,"Volume 4: Expansion, Tangible Lexicon, Modality, and National Speech",The Living Lexicon > Section 3.8: Archetypal Flora & Fauna,12-14,Velaen vethral vershara.,The pack hunter eats the prey animal.,Flora & Fauna example,,Canon,Original example preserved.,LX-V4-0059,related usage,,Approved,
PE-V4-0066,"Volume 4: Expansion, Tangible Lexicon, Modality, and National Speech",The Living Lexicon > Section 3.8: Archetypal Flora & Fauna,12-14,Vethoraen kalrath an morl.,The apex predator sleeps in the mountains.,Flora & Fauna example,,Canon,Original example preserved.,LX-V4-0060,related usage,,Approved,
PE-V4-0067,"Volume 4: Expansion, Tangible Lexicon, Modality, and National Speech",The Living Lexicon > Section 3.8: Archetypal Flora & Fauna,12-14,Aenaen I eshlin an velmarin.,I hear a bird in the ancient tree.,Flora & Fauna example,,Canon,Original example preserved.,LX-V4-0061,related usage,,Approved,
PE-V4-0068,"Volume 4: Expansion, Tangible Lexicon, Modality, and National Speech",The Living Lexicon > Section 3.8: Archetypal Flora & Fauna,12-14,Rinaen velmarin kaveth.,The ancient tree is old.,Flora & Fauna example,,Canon,Original example preserved.,LX-V4-0062,related usage,,Approved,
PE-V4-0069,"Volume 4: Expansion, Tangible Lexicon, Modality, and National Speech",The Living Lexicon > Section 3.8: Archetypal Flora & Fauna,12-14,Rinaen zhaelin krelek an verdor.,The red flower is in the forest.,Flora & Fauna example,,Canon,Original example preserved.,LX-V4-0063,related usage,,Approved,
PE-V4-0070,"Volume 4: Expansion, Tangible Lexicon, Modality, and National Speech",The Living Lexicon > Section 3.9: Abstract Social & Personal Concepts,14-15,Ravokhaen Ilin thallian.,We desire justice.,Abstract Concepts example,,Canon,Original example preserved.,LX-V4-0064,related usage,,Approved,
PE-V4-0071,"Volume 4: Expansion, Tangible Lexicon, Modality, and National Speech",The Living Lexicon > Section 3.9: Abstract Social & Personal Concepts,14-15,Ohmaen I sharaka.,I love freedom.,Abstract Concepts example,,Canon,Original example preserved.,LX-V4-0065,related usage,,Approved,
PE-V4-0072,"Volume 4: Expansion, Tangible Lexicon, Modality, and National Speech",The Living Lexicon > Section 3.9: Abstract Social & Personal Concepts,14-15,Rinaen belshara an Ilin.,Duty is with us.,Abstract Concepts example,,Canon,Original example preserved.,LX-V4-0066,related usage,,Needs Human Review,terminology overlap
PE-V4-0073,"Volume 4: Expansion, Tangible Lexicon, Modality, and National Speech",The Living Lexicon > Section 3.9: Abstract Social & Personal Concepts,14-15,Rinaen velrathor vaareth.,The memory is good.,Abstract Concepts example,,Canon,Original example preserved.,LX-V4-0067,related usage,,Approved,
PE-V4-0074,"Volume 4: Expansion, Tangible Lexicon, Modality, and National Speech",The Living Lexicon > Section 3.9: Abstract Social & Personal Concepts,14-15,Aen Ya lianor.,Speak your thought.,Abstract Concepts example,,Canon,Original example preserved.,LX-V4-0068,related usage,,Approved,
PE-V4-0075,"Volume 4: Expansion, Tangible Lexicon, Modality, and National Speech",The Living Lexicon > Section 3.9: Abstract Social & Personal Concepts,14-15,Var I an vethrin.,I go into a dream.,Abstract Concepts example,,Canon,Original example preserved.,LX-V4-0069,related usage,,Approved,
PE-V4-0076,"Volume 4: Expansion, Tangible Lexicon, Modality, and National Speech",The Living Lexicon > Section 3.9: Abstract Social & Personal Concepts,14-15,Ra aen Ya kelrin?,Do you speak your name?,Abstract Concepts example,,Canon,Original example preserved.,LX-V4-0070,related usage,,Approved,
PE-V4-0077,"Volume 4: Expansion, Tangible Lexicon, Modality, and National Speech",The Living Lexicon > Section 3.9: Abstract Social & Personal Concepts,14-15,Ver aen I unar kelka.,I do not speak one word.,Abstract Concepts example,,Canon,Original example preserved.,LX-V4-0071,related usage,,Needs Human Review,terminology overlap
PE-V4-0078,"Volume 4: Expansion, Tangible Lexicon, Modality, and National Speech",The Living Lexicon > Section 3.9: Abstract Social & Personal Concepts,14-15,Rinaen rathlor an shara.,There is danger on the path.,Abstract Concepts example,,Canon,Original example preserved.,LX-V4-0072,related usage,,Approved,
PE-V4-0079,"Volume 4: Expansion, Tangible Lexicon, Modality, and National Speech",The Living Lexicon > Section 3.9: Abstract Social & Personal Concepts,14-15,Var Ilin an vaarlor.,We go into safety.,Abstract Concepts example,,Canon,Original example preserved.,LX-V4-0073,related usage,,Approved,
PE-V4-0080,"Volume 4: Expansion, Tangible Lexicon, Modality, and National Speech",The Living Lexicon > Section 3.9: Abstract Social & Personal Concepts,14-15,Lorin belthal Ilin.,Order guides us.,Abstract Concepts example,,Canon,Original example preserved.,LX-V4-0074,related usage,,Approved,
PE-V4-0081,"Volume 4: Expansion, Tangible Lexicon, Modality, and National Speech",The Living Lexicon > Section 3.9: Abstract Social & Personal Concepts,14-15,Fahaen I rethvok.,I fear chaos.,Abstract Concepts example,,Canon,Original example preserved.,LX-V4-0075,related usage,,Approved,
PE-V4-0082,"Volume 4: Expansion, Tangible Lexicon, Modality, and National Speech",The Living Lexicon > Section 3.7: Essential Conjunctions,12,Rinaen morlak ser dren.,There is bread and water.,Conjunction example,,Canon,Original example preserved.,GR-V4-0006; LX-V4-0076,related usage,PT-V4-0006,Needs Human Review,terminology overlap
PE-V4-0083,"Volume 4: Expansion, Tangible Lexicon, Modality, and National Speech",The Living Lexicon > Section 3.7: Essential Conjunctions,12,Ra drenaen Ya dren reth phelvin?,Do you drink water or the comfort-drink?,Conjunction example,,Canon,Original example preserved.,GR-V4-0006; LX-V4-0077,related usage,PT-V4-0007,Needs Human Review,terminology overlap
PE-V4-0084,"Volume 4: Expansion, Tangible Lexicon, Modality, and National Speech",The Living Lexicon > Section 3.10: A System of Measurement,15-17,Rinaen zhirin Ten-del korineth.,The rope is 20 handspans long.,Measurement example,,Canon,Original example preserved.,LX-V4-0078,related usage,PT-V4-0002,Needs Human Review,terminology overlap
PE-V4-0085,"Volume 4: Expansion, Tangible Lexicon, Modality, and National Speech",The Living Lexicon > Section 3.10: A System of Measurement,15-17,Rinaen kaleth Hek-unar shar thalor.,The fortress is 100 strides outside.,Measurement example,,Canon,Original example preserved.,LX-V4-0079,related usage,,Approved,
PE-V4-0086,"Volume 4: Expansion, Tangible Lexicon, Modality, and National Speech",The Living Lexicon > Section 3.10: A System of Measurement,15-17,Rinaen Varthas Ten-peth kinnshara.,The city is 50 day's-journeys away.,Measurement example,,Canon,Original example preserved.,LX-V4-0080,related usage,,Approved,
PE-V4-0087,"Volume 4: Expansion, Tangible Lexicon, Modality, and National Speech",The Living Lexicon > Section 3.10: A System of Measurement,15-17,Nor-var I an aenor.,I will go in a moment.,Measurement example,,Canon,Original example preserved.,LX-V4-0081,related usage,PT-V4-0008,Needs Human Review,terminology overlap
PE-V4-0088,"Volume 4: Expansion, Tangible Lexicon, Modality, and National Speech",The Living Lexicon > Section 3.10: A System of Measurement,15-17,Var Ilin an tren kinn.,We go in three days.,Measurement example,,Canon,Original example preserved.,LX-V4-0082,related usage,PT-V4-0008,Needs Human Review,terminology overlap
PE-V4-0089,"Volume 4: Expansion, Tangible Lexicon, Modality, and National Speech",The Living Lexicon > Section 3.10: A System of Measurement,15-17,Nor-var Fenrek an unar lunwek.,Summer will arrive in one month.,Measurement example,,Canon,Original example preserved.,LX-V4-0083,related usage,,Approved,
PE-V4-0090,"Volume 4: Expansion, Tangible Lexicon, Modality, and National Speech",The Living Lexicon > Section 3.10: A System of Measurement,15-17,Rinaen I Ten-del tharvinwek kaveth.,I am 20 years old.,Measurement example,,Canon,Original example preserved.,LX-V4-0084,related usage,,Approved,
PE-V4-0091,"Volume 4: Expansion, Tangible Lexicon, Modality, and National Speech",The Living Lexicon > Section 3.10: A System of Measurement,15-17,Tal I peth shen morlak.,I give five measures of grain.,Measurement example,,Canon,Original example preserved.,LX-V4-0085,related usage,PT-V4-0008,Needs Human Review,terminology overlap
PE-V4-0092,"Volume 4: Expansion, Tangible Lexicon, Modality, and National Speech",The Living Lexicon > Section 3.10: A System of Measurement,15-17,Rinaen morthera maganeth an Hek-unar morkal.,The beast of burden is heavy by 100 stone-weights.,Measurement example,,Canon,Original example preserved.,LX-V4-0086,related usage,,Approved,
PE-V4-0093,"Volume 4: Expansion, Tangible Lexicon, Modality, and National Speech",Section 4.2: Comparative Dialogue Exercise > Zarithan,26-29,"Ra min Ya, Ser?","Where are you headed, Friend?",Comparative dialogue line,Zarithan Speaker A,Canon,Original example preserved.,,,,Approved,
PE-V4-0094,"Volume 4: Expansion, Tangible Lexicon, Modality, and National Speech",Section 4.2: Comparative Dialogue Exercise > Zarithan,26-29,Min I an dren. Rinaen kelvor-ian kadreneth ser Krez.,Headed to water. My mouth is dry with the heat.,Comparative dialogue line,Zarithan Speaker B,Canon,Original example preserved.,,,,Approved,
PE-V4-0095,"Volume 4: Expansion, Tangible Lexicon, Modality, and National Speech",Section 4.2: Comparative Dialogue Exercise > Verdalrisian,26-29,"Lorin shara Ya an Kinnmor, Li-Ser?","Where does your path guide you this morning, Respected-Friend?",Comparative dialogue line,Verdalrisian Speaker A,Canon,Original example preserved.,,,,Approved,
PE-V4-0096,"Volume 4: Expansion, Tangible Lexicon, Modality, and National Speech",Section 4.2: Comparative Dialogue Exercise > Verdalrisian,26-29,Theraen thar-ian an awek. Rinaen an-rin lian morlak kadreneth.,My heart longs for the spring. It feels like the truth of dry bread.,Comparative dialogue line,Verdalrisian Speaker B,Canon,Original example preserved.,,,,Approved,
PE-V4-0097,"Volume 4: Expansion, Tangible Lexicon, Modality, and National Speech",Section 4.2: Comparative Dialogue Exercise > Mechuman,26-29,"Aen Ya varash, Ser.","State your destination, Friend.",Comparative dialogue line,Mechuman Speaker A,Canon,Original example preserved.,,,,Approved,
PE-V4-0098,"Volume 4: Expansion, Tangible Lexicon, Modality, and National Speech",Section 4.2: Comparative Dialogue Exercise > Mechuman,26-29,Var I an phelvin. Rinaen kelvor-ian kadreneth. Rinaen belshara.,Proceeding to acquire a beverage. My mouth is dry. Hydration is a necessity.,Comparative dialogue line,Mechuman Speaker B,Canon,Original example preserved.,,,,Approved,
PE-V4-0099,"Volume 4: Expansion, Tangible Lexicon, Modality, and National Speech",Section 4.2: Comparative Dialogue Exercise > Pelagaean,26-29,"Ra shalil Ya, Ser?","Where do you flow, Friend?",Comparative dialogue line,Pelagaean Speaker A,Canon,Original example preserved.,,,,Approved,
PE-V4-0100,"Volume 4: Expansion, Tangible Lexicon, Modality, and National Speech",Section 4.2: Comparative Dialogue Exercise > Pelagaean,26-29,Shalil I an dren. Rinaen thar-ian ser mahr kadreneth.,I flow to the water. My heart feels like a dry sea.,Comparative dialogue line,Pelagaean Speaker B,Canon,Original example preserved.,,,,Approved,
PE-V4-0101,"Volume 4: Expansion, Tangible Lexicon, Modality, and National Speech",Section 4.2: Comparative Dialogue Exercise > Valkeldorian,26-29,"Aen shara-ya, Ser!","State your path, Friend!",Comparative dialogue line,Valkeldorian Speaker A,Canon,Original example preserved.,,,,Approved,
PE-V4-0102,"Volume 4: Expansion, Tangible Lexicon, Modality, and National Speech",Section 4.2: Comparative Dialogue Exercise > Valkeldorian,26-29,"Var I an velithor. Rinaen thar-ian moreth, ser vaar ka.",I'm going for strong ale. My spirit is hard/unsettled and lacks comfort.,Comparative dialogue line,Valkeldorian Speaker B,Canon,Original example preserved.,,,,Approved,
PE-V4-0103,"Volume 4: Expansion, Tangible Lexicon, Modality, and National Speech",Section 4.2: Comparative Dialogue Exercise > Nivveilian,26-29,"An eshreth, ra var Ya, Ser?","In this hazy sky, where are you going, Friend?",Comparative dialogue line,Nivveilian Speaker A,Canon,Human-approved fused spelling applied: Eshreth. Wording otherwise preserved.,,,,Approved,
PE-V4-0104,"Volume 4: Expansion, Tangible Lexicon, Modality, and National Speech",Section 4.2: Comparative Dialogue Exercise > Nivveilian,26-29,Var I an phelvin. Arth vel vaar.,I am going for a warm drink. Calm endurance preserves peace.,Comparative dialogue line,Nivveilian Speaker B,Canon,Original example preserved.,,,,Approved,
PE-V4-0105,"Volume 4: Expansion, Tangible Lexicon, Modality, and National Speech",Section 4.2: Comparative Dialogue Exercise > Jasaran,26-29,"Shal lorin shara-ya an nor-ka, Ser?","Does the light guide your path in this moment, Friend?",Comparative dialogue line,Jasaran Speaker A,Canon,Original example preserved.,,,,Approved,
PE-V4-0106,"Volume 4: Expansion, Tangible Lexicon, Modality, and National Speech",Section 4.2: Comparative Dialogue Exercise > Jasaran,26-29,"Lia, var I an Drenkorath. Rinaen vethor an thar-ian.","Yes, I go to the sacred Spring. There is a shadow in my heart.",Comparative dialogue line,Jasaran Speaker B,Canon,Original example preserved.,,,,Approved,
PE-V4-0107,"Volume 4: Expansion, Tangible Lexicon, Modality, and National Speech",Section 4.2: Comparative Dialogue Exercise > Marakorian,26-29,"Ra rinaen shara-ya lian, Li-Ser?","Is your path a proper one, Respected-Friend?",Comparative dialogue line,Marakorian Speaker A,Canon,Original example preserved.,,,,Approved,
PE-V4-0108,"Volume 4: Expansion, Tangible Lexicon, Modality, and National Speech",Section 4.2: Comparative Dialogue Exercise > Marakorian,26-29,Lia. Var I an phelvin. Lorin belthal kel-ian.,Yes. I am going for a comforting drink. My actions are guided by order.,Comparative dialogue line,Marakorian Speaker B,Canon,Original example preserved.,,,,Approved,
PE-S1-0001,Supplement 1: The Rule of Euphony and Historical Variance,Section 5:1: Advanced Phonology - The Rule of Euphony and Historical Variance > Examples,1,Morl + Thar -> Morlathar,Stoicism,Euphony compound example,Tier 1 mandatory application; direct compound Morlthar is considered incorrect in all but archaic or specialized contexts.,Canon,Example form preserved from source; not treated as a standalone lexicon definition unless separately attested.,GR-S1-0001; RM-S1-0001,related usage,PT-S1-0003,Needs Human Review,variant form overlap
PE-S1-0002,Supplement 1: The Rule of Euphony and Historical Variance,Section 5:1: Advanced Phonology - The Rule of Euphony and Historical Variance > Examples,1,Rath + Thar -> Rathathar,A Hateful Heart,Euphony compound example,Tier 1 mandatory application; double th sound is avoided.,Canon,Example form preserved from source; not treated as a standalone lexicon definition unless separately attested.,GR-S1-0001; RM-S1-0001,related usage,PT-S1-0003,Needs Human Review,variant form overlap
PE-S1-0003,Supplement 1: The Rule of Euphony and Historical Variance,Section 5:1: Advanced Phonology - The Rule of Euphony and Historical Variance > Examples,1,Vok + Thal -> Vokathar,A Harmonious Union,Euphony compound example,Tier 1 mandatory application. Source form preserved.,Canon,Example form preserved from source; not treated as a standalone lexicon definition unless separately attested.,GR-S1-0001; RM-S1-0001,related usage,PT-S1-0003,Needs Human Review,variant form overlap
PE-S1-0004,Supplement 1: The Rule of Euphony and Historical Variance,Section 5:1: Advanced Phonology - The Rule of Euphony and Historical Variance > Examples,2,Vok + Nor -> Voknor / Vokanor / Vokonor,The unity of time / a moment of perfect synchronicity,Advanced euphony example,Clunky Form: Voknor. Simple Euphony: Vokanor. Advanced Euphony: Vokonor.,Canon,Example form preserved from source; not treated as a standalone lexicon definition unless separately attested.,GR-S1-0004; RM-S1-0003,related usage,PT-S1-0003,Needs Human Review,variant form overlap
PE-S1-0005,Supplement 1: The Rule of Euphony and Historical Variance,Section 5:1: Advanced Phonology - The Rule of Euphony and Historical Variance > Examples,2,Krezthal,Dynamic Equilibrium,Standard form example,"Standard/Marakorian Form; harsher sound reflects direct, forceful nature of the concept.",Canon,Example form preserved from source; not treated as a standalone lexicon definition unless separately attested.,GR-S1-0003; RM-S1-0004,related usage,PT-S1-0005,Needs Human Review,variant form overlap
PE-S1-0006,Supplement 1: The Rule of Euphony and Historical Variance,Section 5:1: Advanced Phonology - The Rule of Euphony and Historical Variance > Examples,2,Krezathal,Dynamic Equilibrium,Poetic form example,Poetic/Jasaran Form; smoother sound reflects greater emphasis on balance.,Canon,Example form preserved from source; not treated as a standalone lexicon definition unless separately attested.,GR-S1-0003; RM-S1-0004,related usage,PT-S1-0005,Needs Human Review,variant form overlap
PE-S1-0007,Supplement 1: The Rule of Euphony and Historical Variance,Section 5:1: Advanced Phonology - The Rule of Euphony and Historical Variance > Examples,2,Belshara,Duty,Standard form example,"Standard Form; common, everyday form.",Canon,Example form preserved from source; not treated as a standalone lexicon definition unless separately attested.,GR-S1-0003; RM-S1-0004,related usage,PT-S1-0005,Needs Human Review,variant form overlap
PE-S1-0008,Supplement 1: The Rule of Euphony and Historical Variance,Section 5:1: Advanced Phonology - The Rule of Euphony and Historical Variance > Examples,2,Belashara,Duty,Poetic form example,Poetic Form; more elegant and flowing pronunciation in formal or ancient contexts.,Canon,Example form preserved from source; not treated as a standalone lexicon definition unless separately attested.,GR-S1-0003; RM-S1-0004,related usage,PT-S1-0005,Needs Human Review,variant form overlap
PE-S1-0009,Supplement 1: The Rule of Euphony and Historical Variance,Section 5:1: Advanced Phonology - The Rule of Euphony and Historical Variance > Examples,2,Kalvok; Kalrath; Rethlian,Smooth clusters,Smooth cluster example,Smooth clusters do not require a connecting vowel.,Canon,Example form preserved from source; not treated as a standalone lexicon definition unless separately attested.,GR-S1-0004; RM-S1-0003,related usage,PT-S1-0005,Needs Human Review,variant form overlap
PE-S1-0010,Supplement 1: The Rule of Euphony and Historical Variance,Section 5:1: Advanced Phonology - The Rule of Euphony and Historical Variance > Examples,2-3,Belthal,Order,Phonetic fossil example,Foundational word whose original form is considered sacrosanct.,Canon,Example form preserved from source; not treated as a standalone lexicon definition unless separately attested.,GR-S1-0004; RM-S1-0003,related usage,PT-S1-0005,Needs Human Review,variant form overlap
PE-S1-0011,Supplement 1: The Rule of Euphony and Historical Variance,Section 5:1: Advanced Phonology - The Rule of Euphony and Historical Variance > Examples,2-3,Rethvok,Chaos,Phonetic fossil example,Foundational word whose original form is considered sacrosanct.,Canon,Example form preserved from source; not treated as a standalone lexicon definition unless separately attested.,GR-S1-0004; RM-S1-0003,related usage,PT-S1-0005,Needs Human Review,variant form overlap
PE-S1-0012,Supplement 1: The Rule of Euphony and Historical Variance,Section 5:1: Advanced Phonology - The Rule of Euphony and Historical Variance > Examples,3,Belathar,Overly formal/strange correction of Belthal,Negative/counterexample,Source says correcting Belthal to Belathar would sound overly formal and strange.,Canon,Example form preserved from source; not treated as a standalone lexicon definition unless separately attested.,GR-S1-0004; RM-S1-0003,related usage,PT-S1-0005,Needs Human Review,variant form overlap
PE-S3-0001,Supplement 3: The Conceptual Lexicon,Part 1: The Primordial Forces > Entry 1.2: Fah- / Vethor-,2,Fah tha-var,A darkness has occurred,Conceptual metaphor example,Fah as misfortune or sorrow.,Canon,Original example preserved; not converted into standalone lexicon row.,RM-S3-0002,related usage,,Approved,
PE-S3-0002,Supplement 3: The Conceptual Lexicon,Part 2: The Elemental Pillars > Entry 2.3: Morl-,4,pralaen an morl,written in stone,Conceptual metaphor example,Morl as past and unchanging things.,Canon,Original example preserved; lowercase preserved as extracted.,RM-S3-0005,related usage,,Approved,
PE-S3-0003,Supplement 3: The Conceptual Lexicon,Part 2: The Elemental Pillars > Clarification on Terra vs. Ohnosha,5,Moraen I an terra.,I stand on the ground.,Capitalization example,lowercase terra as mundane physical ground.,Canon,Original example preserved; Ohnosha/Terra naming context tracked separately.,RM-S3-0007; CC-S3-0002,related usage,PT-S3-0003,Needs Human Review,legacy naming clarification
PE-S3-0004,Supplement 3: The Conceptual Lexicon,Part 2: The Elemental Pillars > Clarification on Terra vs. Ohnosha,6,Ver ohmaen Mechuma lian Thal Terra.,Mechuma does not honor the truth of the Balance of Terra.,Capitalization example,Capitalized Terra as sacred/living world concept.,Canon,Original example preserved; Ohnosha/Terra naming context tracked separately.,RM-S3-0007; CC-S3-0002,related usage,PT-S3-0003,Needs Human Review,legacy naming clarification
PE-S3-0005,Supplement 3: The Conceptual Lexicon,Part 3: The Metaphysical Concepts > Entry 3.2: Thal-,7,talaen an thal,find balance,Conceptual metaphor example,"Achieving wisdom, peace, or maturity.",Canon,Original phrase preserved.,RM-S3-0009,related usage,,Approved,
PE-S3-0006,Supplement 3: The Conceptual Lexicon,Part 3: The Metaphysical Concepts > Entry 3.2: Thal-,7,ver thal,without balance,Conceptual metaphor example,Definition of a flawed or chaotic state.,Canon,Original phrase preserved.,RM-S3-0009; RM-S3-0010,related usage,,Approved,
PE-S3-0007,Supplement 3: The Conceptual Lexicon,Part 3: The Metaphysical Concepts > Entry 3.3: Reth- / Rethvok-,8,thar an rethvok,a heart of chaos,Conceptual metaphor example,"Describes a person who is unpredictable, emotionally volatile, or destructive.",Canon,Original phrase preserved.,RM-S3-0010,related usage,PT-S3-0007,Needs Human Review,terminology overlap
PE-S3-0008,Supplement 3: The Conceptual Lexicon,Part 3: The Metaphysical Concepts > Entry 3.4: Nor-,8,ka nor,without time,Conceptual metaphor example,Means eternal; can also mean irrelevant or forgotten.,Canon,Original phrase preserved.,RM-S3-0011,related usage,PT-S3-0007,Needs Human Review,terminology overlap
PE-S3-0009,Supplement 3: The Conceptual Lexicon,Part 3: The Metaphysical Concepts > Entry 3.5: Rin-,9,shalaen an rin,to see the essence,Conceptual metaphor example,"To understand something's true nature, to see past all illusion.",Canon,Original phrase preserved.,RM-S3-0012; CC-S3-0004,related usage,PT-S3-0004,Needs Human Review,identity concept refinement
PE-S3-0010,Supplement 3: The Conceptual Lexicon,Part 4: The Social & Personal Concepts > Entry 4.1: Bel-,9,bel-esh,to be bound,Conceptual metaphor example,"To have a duty or a deep, unbreakable connection to something or someone.",Canon,Original phrase preserved.,RM-S3-0013,related usage,,Approved,
PE-S3-0011,Supplement 3: The Conceptual Lexicon,Part 4: The Social & Personal Concepts > Entry 4.4: Ohm-,11,talaen an ohm,to find connection,Conceptual metaphor example,"To find understanding, empathy, or love.",Canon,Original phrase preserved.,RM-S3-0016,related usage,PT-S3-0005,Needs Human Review,contextual meaning overlap
PE-S3-0012,Supplement 3: The Conceptual Lexicon,Part 4: The Social & Personal Concepts > Entry 4.5: Thar-,12,thar an kaleth,a strong heart / courage,Conceptual metaphor example,"Courage is ""a strong heart.""",Canon,Original phrase preserved.,RM-S3-0017,related usage,,Approved,
PE-S3-0013,Supplement 3: The Conceptual Lexicon,Part 4: The Social & Personal Concepts > Entry 4.5: Thar-,12,thar an fah,a dark heart / despair,Conceptual metaphor example,"Despair is ""a dark heart.""",Canon,Original phrase preserved.,RM-S3-0017; RM-S3-0002,related usage,,Approved,
PE-S3-0014,Supplement 3: The Conceptual Lexicon,Part 5: The Concepts of Action & Being > Entry 5.1: Var-,12,Var I an vaar,I go in peace / I am peaceful,Conceptual metaphor example,Var as action/existence: to be expressed as going/moving.,Canon,Original example preserved.,RM-S3-0018; LX-V4-0099,related usage,PT-S3-0007,Needs Human Review,terminology overlap
PE-S3-0015,Supplement 3: The Conceptual Lexicon,Part 5: The Concepts of Action & Being > Entry 5.1: Var-,12,Var an shara,to go on a path,Conceptual metaphor example,Primary metaphor for living one's life.,Canon,Original phrase preserved.,RM-S3-0018; RM-S3-0015,related usage,,Approved,
PE-S3-0016,Supplement 3: The Conceptual Lexicon,Part 5: The Concepts of Action & Being > Entry 5.2: Aen-,13,Aen Dral,The Heavens Speak,Conceptual metaphor example,Common phrase for a divine revelation or a powerful natural event.,Canon,Original phrase preserved.,RM-S3-0019,related usage,,Approved,
PE-S3-0017,Supplement 3: The Conceptual Lexicon,Part 5: The Concepts of Action & Being > Entry 5.3: Pralaen-,13,Pralaen an shara,to make a path,Conceptual metaphor example,"A deliberate, constructed destiny, as opposed to simply walking one.",Canon,Original phrase preserved.,RM-S3-0020; RM-S3-0015,related usage,,Approved,
PE-S3-0018,Supplement 3: The Conceptual Lexicon,Part 5: The Concepts of Action & Being > Entry 5.4: Rav-,14,Terrarav,the pull of one's homeland,Conceptual metaphor example,Rav used for homeland pull.,Canon,Human-approved fused spelling applied: Terrarav. Terra/Ohnosha naming context tracked separately.,RM-S3-0021; RM-S3-0007,related usage,PT-S3-0003,Needs Human Review,legacy naming clarification
PE-S3-0019,Supplement 3: The Conceptual Lexicon,Part 6: The Concepts of Society & Culture > Entry 6.3: Khum-,15,Khumrel an thar,to listen to one's heart,Conceptual metaphor example,A common phrase for introspection.,Canon,Original phrase preserved.,RM-S3-0025,related usage,,Approved,
PE-S3-0020,Supplement 3: The Conceptual Lexicon,Part 6: The Concepts of Society & Culture > Entry 6.4: Zhir-,16,zhirin an Arthen,threads of fate,Conceptual metaphor example,A common poetic image.,Canon,Original phrase preserved.,RM-S3-0026,related usage,,Approved,
PE-S3-0021,Supplement 3: The Conceptual Lexicon,Part 6: The Concepts of Society & Culture > Entry 6.4: Zhir-,16,zhirrathor,thread to the past,Conceptual metaphor example,One's ancestry as thread to the past.,Canon,Human-approved fused spelling applied: zhirrathor. Wording otherwise preserved.,RM-S3-0026,related usage,,Approved,
PE-S3-0022,Supplement 3: The Conceptual Lexicon,Part 6: The Concepts of Society & Culture > Entry 6.5: Kel-,16,kelka an Kalrin,a king's decree,Conceptual metaphor example,A decree with the power to shape reality.,Canon,Human-approved fused spelling applied: Kalrin. Wording otherwise preserved.,RM-S3-0027; RM-S3-0014,related usage,PT-S3-0005,Needs Human Review,contextual meaning overlap
PE-S4A-0001,Supplement 4A: VSO Cultural Notes,Prioritizing the Action > Example (Standard),text,Var Kadron an morl.,The Man goes to the mountain.,VSO cultural example,"Literal: Goes Man to-the mountain. Focus: The act of ""going"" is presented first.",Canon,Original supplement example preserved.,GR-S4A-0001; RM-S3-0018,related usage,,Approved,
PE-S4A-0002,Supplement 4A: VSO Cultural Notes,Prioritizing the Action > Example (State of Being),text,Rinaen Terra vaar.,The Earth is peaceful / Peace exists on Earth.,VSO cultural example,"Literal: Is-in-essence Earth peace. Focus: The state of ""being in essence"" or ""existing as peaceful"" is primary.",Canon,Original supplement example preserved; source notes derived stative verb.,GR-S4A-0001; RM-S3-0007,related usage,PT-S4A-0002,Needs Human Review,example source scope
PE-S4A-0003,Supplement 4A: VSO Cultural Notes,"De-emphasizing the ""Self"" as the Sole Initiator > Example (Emotion)",text,Ohmaen I Ya.,I love you.,VSO cultural example,Literal: Love/Cherish I You. Focus: love/cherishing is presented first.,Canon,Original supplement example preserved.,GR-S4A-0001; RM-S3-0016,related usage,,Approved,
PE-S4A-0004,Supplement 4A: VSO Cultural Notes,Implications for Expressing Core Concepts > Belief as Action,text,Seraen I an Nys'aleth.,I believe in balance.,VSO cultural example,Literal: Trust/Ally-With I in Balance. Focus: trusting/allying as active engagement.,Canon,Original supplement example preserved; Nys'aleth not separately lexiconized here.,GR-S4A-0001; RM-S3-0023,related usage,PT-S4A-0002,Needs Human Review,example source scope
PE-S4A-0005,Supplement 4A: VSO Cultural Notes,Implications for Expressing Core Concepts > Love as a Shared State or Action,text,Rinaen Ohm ser Ilin.,Is-in-essence Connection/Love with Us.,VSO cultural example,A descriptive phrase emphasizing the relational aspect; focus is on the existence of the connection between participants.,Canon,Original supplement example preserved.,GR-S4A-0001; RM-S3-0016; RM-S3-0023,related usage,PT-S4A-0002,Needs Human Review,example source scope
PE-S4B-0001,Supplement 4B: Celan Capitalization Rules,Rule 1: The First Word of a Sentence is NOT Capitalized,text,var I an dren.,Correct form: first word lowercase.,Capitalization example,Correct: var I an dren.,Canon,Original supplement example preserved.,GR-S4B-0001; GR-V1-0004,refinement,PT-S4B-0003,Needs Human Review,orthography overlap
PE-S4B-0002,Supplement 4B: Celan Capitalization Rules,Rule 1: The First Word of a Sentence is NOT Capitalized,text,Var I an dren.,Incorrect form: first word capitalized only because sentence-initial.,Capitalization counterexample,Incorrect: Var I an dren.,Canon,Original supplement counterexample preserved; older matching examples are not rewritten.,GR-S4B-0001; PE-V1-0001,related usage,PT-S4B-0003,Needs Human Review,orthography overlap
PE-S4B-0003,Supplement 4B: Celan Capitalization Rules,Rule 3: Titles of Reverence,text,var an Velmarin an verdor.,An Honorary Elder walks in the forest.,Capitalization example,Velmarin is capitalized as a reverential title.,Canon,Original supplement example preserved.,GR-S4B-0003; PE-V3-0050,related usage,PT-S4B-0001,Needs Human Review,orthography overlap
PE-S4B-0004,Supplement 4B: Celan Capitalization Rules,Rule 3: Titles of Reverence,text,Aen Velmarin.,The Honorary Elder speaks.,Capitalization example,Velmarin is used as a direct title of address.,Canon,Original supplement example preserved; sentence-initial Aen may also require capitalization review if not archetypal/title-driven.,GR-S4B-0003,related usage,PT-S4B-0001; PT-S4B-0003,Needs Human Review,orthography overlap
PE-S4B-0005,Supplement 4B: Celan Capitalization Rules,Rule 2: Terra vs. terra,text,Terra / terra,"Heart of Terra / mundane earth, soil, or ground",Capitalization contrast,"Terra refers to the mystical, life-giving source of the world; terra refers to mundane earth, soil, or ground.",Canon,Original capitalization contrast preserved.,GR-S4B-0002; RM-S3-0007; CC-S3-0002,refinement,PT-S4B-0002,Approved,
PE-S4B-0006,Supplement 4B: Celan Capitalization Rules,Rule 2: Dral vs. dral,text,Dral / dral,The Heavens / physical sky,Capitalization contrast,Dral is cosmic/divine; dral is the physical sky.,Canon,Original capitalization contrast preserved; not previously explicit as a database rule.,GR-S4B-0002; PE-S3-0016,refinement,PT-S4B-0002,Needs Human Review,orthography overlap
PE-S4B-0007,Supplement 4B: Celan Capitalization Rules,Rule 2: Rathor vs. rathor,text,Rathor / rathor,The Past / a specific past event or memory,Capitalization contrast,"Rathor is History as a great, flowing force; rathor is a specific past event or memory.",Canon,Original capitalization contrast preserved; links to prior Rathor overlap.,GR-S4B-0002; LX-V2-0022; PT-V2-0011,refinement,PT-S4B-0002,Needs Human Review,orthography overlap
PE-S4B-0008,Supplement 4B: Celan Capitalization Rules,Rule 5: Poetic and Emotional Emphasis,text,Ohmaen I an thar-ka.,I love my desire.,Capitalization example,Standard capitalization example.,Canon,Original supplement example preserved.,GR-S4B-0005,related usage,,Approved,
PE-S4B-0009,Supplement 4B: Celan Capitalization Rules,Rule 5: Poetic and Emotional Emphasis,text,Rinaen I an Thar-ka.,I am Desire itself.,Capitalization example,Poetic/emotional capitalization elevates personal desire to an archetypal force.,Canon,Original supplement example preserved.,GR-S4B-0005; GR-V4-0002,refinement,PT-S4B-0001,Needs Human Review,orthography overlap
PE-NE1-0001,National Expansion 1,Jasara > Droshen,,tal droral droshen an Ilin.,The water keeper gives the water ration to us.,National lexicon example,Jasaran household distribution.,Canon,User-approved expansion support.,LX-NE1-0001,related usage,,Approved,
PE-NE1-0002,National Expansion 1,Jasara > Droshen,,rinaen droshen an teremil.,The water ration is in the home.,National lexicon example,Universal household use.,Canon,User-approved expansion support.,LX-NE1-0001,related usage,,Approved,
PE-NE1-0003,National Expansion 1,Jasara > Drokav,,rinaen drosel an drokav.,Clean drinking water is in the cistern.,National lexicon example,Jasaran water storage.,Canon,User-approved expansion support.,LX-NE1-0002,related usage,,Approved,
PE-NE1-0004,National Expansion 1,Jasara > Drokav,,arth droral drokav.,The water keeper protects the reserve.,National lexicon example,Civic water stewardship.,Canon,User-approved expansion support.,LX-NE1-0002,related usage,,Approved,
PE-NE1-0005,National Expansion 1,Jasara > Droral,,arth droral drobel.,The water keeper protects the waterworks.,National lexicon example,Jasaran civic role.,Canon,User-approved expansion support.,LX-NE1-0003,related usage,,Approved,
PE-NE1-0006,National Expansion 1,Jasara > Droral,,tal droral droshen an serin.,The water keeper gives water rations to the friends.,National lexicon example,Universal community role.,Canon,User-approved expansion support.,LX-NE1-0003,related usage,,Approved,
PE-NE1-0007,National Expansion 1,Jasara > Drobel,,rinaen drobel an Jasara.,The water-distribution system is in Jasara.,National lexicon example,Jasaran irrigation infrastructure.,Canon,User-approved expansion support.,LX-NE1-0004,related usage,,Approved,
PE-NE1-0008,National Expansion 1,Jasara > Drobel,,arth droral drobel.,The water keeper protects the water-distribution system.,National lexicon example,Universal civic use.,Canon,User-approved expansion support.,LX-NE1-0004,related usage,,Approved,
PE-NE1-0009,National Expansion 1,Jasara > Awekshara,,var I an awekshara.,I go to the spring-fed canal.,National lexicon example,Jasaran everyday movement.,Canon,User-approved expansion support.,LX-NE1-0005,related usage,,Approved,
PE-NE1-0010,National Expansion 1,Jasara > Awekshara,,rinaen awekshara ser drobel.,The spring-fed canal is connected to the waterworks.,National lexicon example,Water-system relationship.,Canon,User-approved expansion support.,LX-NE1-0005,related usage,,Approved,
PE-NE1-0011,National Expansion 1,Pelagae > Mahrowek,,lorin mahrowek mahrvek.,The tide guides the ship.,National lexicon example,Pelagaean navigation.,Canon,User-approved expansion support.,LX-NE1-0006,related usage,,Approved,
PE-NE1-0012,National Expansion 1,Pelagae > Mahrowek,,rinaen mahrowek kaleth nor.,The tide is strong now.,National lexicon example,Universal coastal observation.,Canon,User-approved expansion support.,LX-NE1-0006,related usage,,Approved,
PE-NE1-0013,National Expansion 1,Pelagae > Mahrkal,,rinaen mahrkal kaleth.,The deep-water pressure is strong.,National lexicon example,Pelagaean depth awareness.,Canon,User-approved expansion support.,LX-NE1-0007,related usage,,Approved,
PE-NE1-0014,National Expansion 1,Pelagae > Mahrkal,,arth arthaxar I thal mahrkal.,The armor protects me from deep-water pressure.,National lexicon example,Cross-national protective use.,Canon,User-approved expansion support.,LX-NE1-0007,related usage,,Approved,
PE-NE1-0015,National Expansion 1,Pelagae > Drosel,,drenaen I drosel.,I drink clean water.,National lexicon example,Universal everyday use.,Canon,User-approved expansion support.,LX-NE1-0008,related usage,,Approved,
PE-NE1-0016,National Expansion 1,Pelagae > Drosel,,rinaen drosel an mahrvek.,Clean drinking water is on the ship.,National lexicon example,Pelagaean vessel supply.,Canon,User-approved expansion support.,LX-NE1-0008,related usage,,Approved,
PE-NE1-0017,National Expansion 1,Pelagae > Mahrvek,,var mahrvek an mahr.,The ship travels on the ocean.,National lexicon example,Pelagaean travel.,Canon,User-approved expansion support.,LX-NE1-0009,related usage,,Approved,
PE-NE1-0018,National Expansion 1,Pelagae > Mahrvek,,rinaen karvek an mahrvek.,The toolkit is on the ship.,National lexicon example,Cross-national practical use.,Canon,User-approved expansion support.,LX-NE1-0009,related usage,,Approved,
PE-NE1-0019,National Expansion 1,Pelagae > Lormahr,,lorin lormahr mahrvek.,Seamanship guides the ship.,National lexicon example,Pelagaean navigational skill.,Canon,User-approved expansion support.,LX-NE1-0010,related usage,,Approved,
PE-NE1-0020,National Expansion 1,Pelagae > Lormahr,,rinaen lormahr an Pelagae.,Ocean navigation is practiced in Pelagae.,National lexicon example,National center of use.,Canon,User-approved expansion support.,LX-NE1-0010,related usage,,Approved,
PE-NE1-0021,National Expansion 1,Mechuma > Zhelbel,,rinaen zhelbel an Mechuma.,The energy-distribution system is in Mechuma.,National lexicon example,Mechuman infrastructure.,Canon,User-approved expansion support.,LX-NE1-0011,related usage,,Approved,
PE-NE1-0022,National Expansion 1,Mechuma > Zhelbel,,arth mekral zhelbel.,The technician protects the power grid.,National lexicon example,Universal technical use.,Canon,User-approved expansion support.,LX-NE1-0011,related usage,,Approved,
PE-NE1-0023,National Expansion 1,Mechuma > Belzhir,,aen I ser belzhir.,I speak through the communications network.,National lexicon example,Mechuman communication.,Canon,User-approved expansion support.,LX-NE1-0012,related usage,,Approved,
PE-NE1-0024,National Expansion 1,Mechuma > Belzhir,,rinaen belzhir kaleth.,The communications network is strong.,National lexicon example,Universal infrastructure use.,Canon,User-approved expansion support.,LX-NE1-0012,related usage,,Approved,
PE-NE1-0025,National Expansion 1,Mechuma > Shenlian,,lorin shenlian mekral.,The standard guides the technician.,National lexicon example,Mechuman technical practice.,Canon,User-approved expansion support.,LX-NE1-0013,related usage,,Approved,
PE-NE1-0026,National Expansion 1,Mechuma > Shenlian,,rinaen morkal shenlian.,The stone-weight is the reference measure.,National lexicon example,Cross-national measurement use.,Canon,User-approved expansion support.,LX-NE1-0013,related usage,,Approved,
PE-NE1-0027,National Expansion 1,Mechuma > Belwek,,lorin belwek mek.,The ordered cycle guides the machine.,National lexicon example,Mechuman automated routine.,Canon,User-approved expansion support.,LX-NE1-0014,related usage,,Approved,
PE-NE1-0028,National Expansion 1,Mechuma > Belwek,,rinaen belewek an verdor.,The managed cycle is present in the forest growth.,National lexicon example,Verdalrisian euphonic and cultivation use.,Canon,User-approved expansion support.,LX-NE1-0014,related usage,,Approved,
PE-NE1-0029,National Expansion 1,Mechuma > Mekral,,pralaen mekral mek.,The technician constructs the mechanism.,National lexicon example,Mechuman occupational use.,Canon,User-approved expansion support.,LX-NE1-0015,related usage,,Approved,
PE-NE1-0030,National Expansion 1,Mechuma > Mekral,,arth mekral belwek.,The mechanism keeper safeguards the recurring process.,National lexicon example,Universal maintenance use.,Canon,User-approved expansion support.,LX-NE1-0015,related usage,,Approved,
PE-NE1-0031,National Expansion 1,Verdalris > Verdvin,,rinaen verdvin an verd.,The sap is in the foliage.,National lexicon example,Verdalrisian botanical observation.,Canon,User-approved expansion support.,LX-NE1-0016,related usage,,Approved,
PE-NE1-0032,National Expansion 1,Verdalris > Verdvin,,tal zhaelral verdvin.,The restorative healer takes the plant extract.,National lexicon example,Universal medicinal use.,Canon,User-approved expansion support.,LX-NE1-0016,related usage,,Approved,
PE-NE1-0033,National Expansion 1,Verdalris > Fennilphel,,tal I fennilphel.,I take the herbal remedy.,National lexicon example,Universal everyday medicine.,Canon,User-approved expansion support.,LX-NE1-0017,related usage,,Approved,
PE-NE1-0034,National Expansion 1,Verdalris > Fennilphel,,tal zhaelral fennilphel an ser.,The healer gives an herbal remedy to the friend.,National lexicon example,Verdalrisian healing practice.,Canon,User-approved expansion support.,LX-NE1-0017,related usage,,Approved,
PE-NE1-0035,National Expansion 1,Verdalris > Belverd,,pralaen zhaelral belverd.,The restoration keeper makes a plant graft.,National lexicon example,Verdalrisian cultivation.,Canon,User-approved expansion support.,LX-NE1-0018,related usage,,Approved,
PE-NE1-0036,National Expansion 1,Verdalris > Belverd,,rinaen belverd an verdor.,The grafted growth is in the forest.,National lexicon example,Universal botanical use.,Canon,User-approved expansion support.,LX-NE1-0018,related usage,,Approved,
PE-NE1-0037,National Expansion 1,Verdalris > Arthverd,,arth arthverd teremil.,The living hedge protects the home.,National lexicon example,Universal household protection.,Canon,User-approved expansion support.,LX-NE1-0019,related usage,,Approved,
PE-NE1-0038,National Expansion 1,Verdalris > Arthverd,,rinaen arthverd verdeth.,The living barrier is green.,National lexicon example,Verdalrisian cultivated defense.,Canon,User-approved expansion support.,LX-NE1-0019,related usage,,Approved,
PE-NE1-0039,National Expansion 1,Verdalris > Zhaelral,,zhaeaen zhaelral ser.,The restorative healer empathically heals the friend.,National lexicon example,Distinguishes healer role from healing act.,Canon,User-approved expansion support.,LX-NE1-0020,related usage,,Approved,
PE-NE1-0040,National Expansion 1,Verdalris > Zhaelral,,tal zhaelral fennilphel an ser.,The healer gives the herbal remedy to the friend.,National lexicon example,Common treatment context.,Canon,User-approved expansion support.,LX-NE1-0020,related usage,,Approved,
PE-NE1-0041,National Expansion 1,Nivveil > Velmor,,rinaen velmor moreth.,The frozen ground is hard.,National lexicon example,Nivveilian landscape.,Canon,User-approved expansion support.,LX-NE1-0021,related usage,,Approved,
PE-NE1-0042,National Expansion 1,Nivveil > Velmor,,var I esh velmor.,I travel over the frozen ground.,National lexicon example,Universal cold-region travel.,Canon,User-approved expansion support.,LX-NE1-0021,related usage,,Approved,
PE-NE1-0043,National Expansion 1,Nivveil > Xarphelor,,rinaen phel an xarphelor.,Warmth is in the insulated shelter.,National lexicon example,Nivveilian survival use.,Canon,User-approved expansion support.,LX-NE1-0022,related usage,,Approved,
PE-NE1-0044,National Expansion 1,Nivveil > Xarphelor,,var I an xarphelor.,I go into the warmth-retaining shelter.,National lexicon example,Universal cold-weather use.,Canon,User-approved expansion support.,LX-NE1-0022,related usage,,Approved,
PE-NE1-0045,National Expansion 1,Nivveil > Welkrez,,rinaen welkrez an teremil.,The shared hearth is in the home.,National lexicon example,Universal household use.,Canon,User-approved expansion support.,LX-NE1-0023,related usage,,Approved,
PE-NE1-0046,National Expansion 1,Nivveil > Welkrez,,rinaen Ilin ser welkrez.,We are together by the communal fire.,National lexicon example,Nivveilian communal warmth.,Canon,User-approved expansion support.,LX-NE1-0023,related usage,,Approved,
PE-NE1-0047,National Expansion 1,Nivveil > Velalivar,,rinaen emil an velalivar.,The food is in cold storage.,National lexicon example,Nivveilian food preservation.,Canon,User-approved expansion support.,LX-NE1-0024,related usage,,Approved,
PE-NE1-0048,National Expansion 1,Nivveil > Velalivar,,rinaen fennil an velalivar.,The herbs are preserved through cold dormancy.,National lexicon example,Verdalrisian preservation use.,Canon,User-approved expansion support.,LX-NE1-0024,related usage,,Approved,
PE-NE1-0049,National Expansion 1,Nivveil > Veljor,,arth xarphelor Ilin thal veljor.,The insulated shelter protects us from the cold snap.,National lexicon example,Nivveilian survival use.,Canon,User-approved expansion support.,LX-NE1-0025,related usage,,Approved,
PE-NE1-0050,National Expansion 1,Nivveil > Veljor,,rinaen veljor nor.,The sudden freeze is here now.,National lexicon example,Universal weather observation.,Canon,User-approved expansion support.,LX-NE1-0025,related usage,,Approved,
PE-NE1-0051,National Expansion 1,Valkeldor > Thalorimor,,rinaen thalorimor an morl.,The lightning tower is in the mountains.,National lexicon example,Valkeldorian storm infrastructure.,Canon,User-approved expansion support.,LX-NE1-0026,related usage,,Approved,
PE-NE1-0052,National Expansion 1,Valkeldor > Thalorimor,,arth seren thalorimor.,The guardian protects the storm station.,National lexicon example,Universal civic protection.,Canon,User-approved expansion support.,LX-NE1-0026,related usage,,Approved,
PE-NE1-0053,National Expansion 1,Valkeldor > Mormek,,pralaen I mormek.,I shape the masonry stone.,National lexicon example,Valkeldorian craft use.,Canon,User-approved expansion support.,LX-NE1-0027,related usage,,Approved,
PE-NE1-0054,National Expansion 1,Valkeldor > Mormek,,rinaen mormek an awekshara.,Worked stone is in the spring-fed canal.,National lexicon example,Jasaran waterworks use.,Canon,User-approved expansion support.,LX-NE1-0027,related usage,,Approved,
PE-NE1-0055,National Expansion 1,Valkeldor > Dralbelaen,,dralbelaen mekral thalorim.,The technician harnesses lightning.,National lexicon example,Valkeldorian storm engineering.,Canon,User-approved expansion support.,LX-NE1-0028,related usage,,Approved,
PE-NE1-0056,National Expansion 1,Valkeldor > Dralbelaen,,dralbelaen I dralorim.,I harness the storm's energy.,National lexicon example,Universal technical use.,Canon,User-approved expansion support.,LX-NE1-0028,related usage,,Approved,
PE-NE1-0057,National Expansion 1,Valkeldor > Kalwek,,var seren an kalwek.,The guardians go to the training drill.,National lexicon example,Valkeldorian military practice.,Canon,User-approved expansion support.,LX-NE1-0029,related usage,,Approved,
PE-NE1-0058,National Expansion 1,Valkeldor > Kalwek,,rinaen kalewek an Mechuma.,The repeated training cycle is used in Mechuma.,National lexicon example,Cross-national euphonic use.,Canon,User-approved expansion support.,LX-NE1-0029,related usage,,Approved,
PE-NE1-0059,National Expansion 1,Valkeldor > Arthaxar,,rinaen arthaxar moreth.,The armor is hard.,National lexicon example,Universal protective equipment.,Canon,User-approved expansion support.,LX-NE1-0030,related usage,,Approved,
PE-NE1-0060,National Expansion 1,Valkeldor > Arthaxar,,arth arthaxar seren.,The armor protects the guardian.,National lexicon example,Valkeldorian defensive use.,Canon,User-approved expansion support.,LX-NE1-0030,related usage,,Approved,
PE-NE1-0061,National Expansion 1,Marakor > Thalbel,,lorin thalbel Ilin.,The law guides us.,National lexicon example,Universal civic use.,Canon,User-approved expansion support.,LX-NE1-0031,related usage,,Approved,
PE-NE1-0062,National Expansion 1,Marakor > Thalbel,,rinaen thalbel an Marakor.,The legal code is established in Marakor.,National lexicon example,Marakorian legal practice.,Canon,User-approved expansion support.,LX-NE1-0031,related usage,,Approved,
PE-NE1-0063,National Expansion 1,Marakor > Liankavor,,rinaen rathor an liankavor.,History is preserved in the archive.,National lexicon example,Marakorian record keeping.,Canon,User-approved expansion support.,LX-NE1-0032,related usage,,Approved,
PE-NE1-0064,National Expansion 1,Marakor > Liankavor,,var kavral an liankavor.,The archivist goes to the records repository.,National lexicon example,Universal institutional use.,Canon,User-approved expansion support.,LX-NE1-0032,related usage,,Approved,
PE-NE1-0065,National Expansion 1,Marakor > Kavral,,arth kavral liankavor.,The archivist protects the archive.,National lexicon example,Marakorian occupational use.,Canon,User-approved expansion support.,LX-NE1-0033,related usage,,Approved,
PE-NE1-0066,National Expansion 1,Marakor > Kavral,,arth kavral mormek.,The preservation keeper protects the worked stone.,National lexicon example,Cross-national curatorial use.,Canon,User-approved expansion support.,LX-NE1-0033,related usage,,Approved,
PE-NE1-0067,National Expansion 1,Marakor > Kalshen,,rinaen kalshen an seren.,The guardian holds an official rank.,National lexicon example,Marakorian hierarchy.,Canon,User-approved expansion support.,LX-NE1-0034,related usage,,Approved,
PE-NE1-0068,National Expansion 1,Marakor > Kalshen,,lorin kalshen kalwek.,The assessed level guides the training cycle.,National lexicon example,Universal skill-grade use.,Canon,User-approved expansion support.,LX-NE1-0034,related usage,,Approved,
PE-NE1-0069,National Expansion 1,Marakor > Rinshen,,rinaen rinshen an liankavor.,The identity record is in the archive.,National lexicon example,Marakorian civic administration.,Canon,User-approved expansion support.,LX-NE1-0035,related usage,,Approved,
PE-NE1-0070,National Expansion 1,Marakor > Rinshen,,arth kavral rinshen.,The record keeper protects the identifying record.,National lexicon example,Universal recordkeeping use.,Canon,User-approved expansion support.,LX-NE1-0035,related usage,,Approved,
PE-NE1-0071,National Expansion 1,Zarithan > Dralshara,,lorin dralshara sharavok.,The star route guides the caravan.,National lexicon example,Zarithan celestial navigation.,Canon,User-approved expansion support.,LX-NE1-0036,related usage,,Approved,
PE-NE1-0072,National Expansion 1,Zarithan > Dralshara,,var sharavok an dralshara.,The traveling company follows the celestial path.,National lexicon example,Universal journey use.,Canon,User-approved expansion support.,LX-NE1-0036,related usage,,Approved,
PE-NE1-0073,National Expansion 1,Zarithan > Eshlor,,lorin eshlor sharavok.,The wind bearing guides the caravan.,National lexicon example,Zarithan wind navigation.,Canon,User-approved expansion support.,LX-NE1-0037,related usage,,Approved,
PE-NE1-0074,National Expansion 1,Zarithan > Eshlor,,rinaen eshlor lianeth.,The wind bearing is reliable.,National lexicon example,Universal navigational judgment.,Canon,User-approved expansion support.,LX-NE1-0037,related usage,,Approved,
PE-NE1-0075,National Expansion 1,Zarithan > Karvek,,rinaen kareth an karvek.,The hammer is in the toolkit.,National lexicon example,Universal practical use.,Canon,User-approved expansion support.,LX-NE1-0038,related usage,,Approved,
PE-NE1-0076,National Expansion 1,Zarithan > Karvek,,tal I karvek.,I take the toolkit.,National lexicon example,Zarithan travel preparation.,Canon,User-approved expansion support.,LX-NE1-0038,related usage,,Approved,
PE-NE1-0077,National Expansion 1,Zarithan > Sharavok,,var sharavok an shara.,The caravan travels along the path.,National lexicon example,Zarithan everyday travel.,Canon,User-approved expansion support.,LX-NE1-0039,related usage,,Approved,
PE-NE1-0078,National Expansion 1,Zarithan > Sharavok,,rinaen karvek an sharavok.,The toolkit is with the traveling company.,National lexicon example,Universal group travel.,Canon,User-approved expansion support.,LX-NE1-0039,related usage,,Approved,
PE-NE1-0079,National Expansion 1,Zarithan > Vethdren,,var sharavok an vethdren.,The caravan goes to the hidden water source.,National lexicon example,Zarithan survival use.,Canon,User-approved expansion support.,LX-NE1-0040,related usage,,Approved,
PE-NE1-0080,National Expansion 1,Zarithan > Vethdren,,arth Jasara vethdren.,Jasara protects the subterranean water.,National lexicon example,Jasaran water-management use.,Canon,User-approved expansion support.,LX-NE1-0040,related usage,,Approved,
PE-CNE1-0001,Conversational Narrative Engine 1,Common Celan > Dor,,dor I drenvor an pralor.,I put the bowl on the table.,Expansion example,Ordinary physical placement.,Canon,User-approved expansion support.,LX-CNE1-0001,related usage,,Approved,
PE-CNE1-0002,Conversational Narrative Engine 1,Jasara > Dor,,dor kavral rinshen an liankavor.,The record keeper places the identity record in the archive.,Expansion example,Institutional placement.,Canon,User-approved expansion support.,LX-CNE1-0001,related usage,,Approved,
PE-CNE1-0003,Conversational Narrative Engine 1,Common Celan > Vekaen,,vekaen I karvek.,I carry the toolkit.,Expansion example,Ordinary carrying.,Canon,User-approved expansion support.,LX-CNE1-0002,related usage,,Approved,
PE-CNE1-0004,Conversational Narrative Engine 1,Pelagae > Vekaen,,vekaen sharavok mormek.,The caravan carries the worked stone.,Expansion example,Travel and cargo use.,Canon,User-approved expansion support.,LX-CNE1-0002,related usage,,Approved,
PE-CNE1-0005,Conversational Narrative Engine 1,Common Celan > Korinaen,,korinaen I zhirin.,I hold the rope.,Expansion example,Ordinary active grip.,Canon,User-approved expansion support.,LX-CNE1-0003,related usage,,Approved,
PE-CNE1-0006,Conversational Narrative Engine 1,Valkeldor > Korinaen,,korinaen seren kareth.,The guardian holds the hammer.,Expansion example,Tool and defensive use.,Canon,User-approved expansion support.,LX-CNE1-0003,related usage,,Approved,
PE-CNE1-0007,Conversational Narrative Engine 1,Common Celan > Aloraen,,aloraen I kareth.,I drop the hammer.,Expansion example,Ordinary downward release.,Canon,User-approved expansion support.,LX-CNE1-0004,related usage,,Approved,
PE-CNE1-0008,Conversational Narrative Engine 1,Pelagae > Aloraen,,aloraen ser mor an mahr.,The friend drops the stone into the sea.,Expansion example,Maritime downward release.,Canon,User-approved expansion support.,LX-CNE1-0004,related usage,,Approved,
PE-CNE1-0009,Conversational Narrative Engine 1,Common Celan > Kaxaraen,,kaxaraen I vorkor.,I open the door.,Expansion example,Ordinary opening.,Canon,User-approved expansion support.,LX-CNE1-0005,related usage,,Approved,
PE-CNE1-0010,Conversational Narrative Engine 1,Nivveil > Kaxaraen,,kaxaraen ser xarphelor.,The friend opens the shelter.,Expansion example,Shelter access.,Canon,User-approved expansion support.,LX-CNE1-0005,related usage,,Approved,
PE-CNE1-0011,Conversational Narrative Engine 1,Common Celan > Xaraen,,xaraen I vorkor.,I close the door.,Expansion example,Ordinary closing.,Canon,User-approved expansion support.,LX-CNE1-0006,related usage,,Approved,
PE-CNE1-0012,Conversational Narrative Engine 1,Nivveil > Xaraen,,xaraen ser xarphelor.,The friend closes the shelter.,Expansion example,Shelter closure.,Canon,User-approved expansion support.,LX-CNE1-0006,related usage,,Approved,
PE-CNE1-0013,Conversational Narrative Engine 1,Common Celan > Jekaen,,jekaen I drenvor.,I turn the bowl.,Expansion example,Ordinary rotation.,Canon,User-approved expansion support.,LX-CNE1-0007,related usage,,Approved,
PE-CNE1-0014,Conversational Narrative Engine 1,Mechuma > Jekaen,,jekaen mekral zhelvek.,The mechanic turns the energy carrier.,Expansion example,Mechanical rotation.,Canon,User-approved expansion support.,LX-CNE1-0007,related usage,,Approved,
PE-CNE1-0015,Conversational Narrative Engine 1,Common Celan > Sharaen,,sharaen I ser.,I follow the friend.,Expansion example,Following a person.,Canon,User-approved expansion support.,LX-CNE1-0008,related usage,,Approved,
PE-CNE1-0016,Conversational Narrative Engine 1,Zarithan > Sharaen,,sharaen sharavok dralshara.,The caravan follows the star route.,Expansion example,Following a route.,Canon,User-approved expansion support.,LX-CNE1-0008,related usage,,Approved,
PE-CNE1-0017,Conversational Narrative Engine 1,Common Celan > Dar,,dar I ser.,I wait for the friend.,Expansion example,Waiting on a person.,Canon,User-approved expansion support.,LX-CNE1-0009,related usage,,Approved,
PE-CNE1-0018,Conversational Narrative Engine 1,Pelagae > Dar,,dar sharavok mahrwek.,The caravan waits for the tide.,Expansion example,Waiting on a natural event.,Canon,User-approved expansion support.,LX-CNE1-0009,related usage,,Approved,
PE-CNE1-0019,Conversational Narrative Engine 1,Common Celan > Siv,,siv I pralaen krezor.,I try to make the hearth.,Expansion example,Ordinary attempt.,Canon,User-approved expansion support.,LX-CNE1-0010,related usage,,Approved,
PE-CNE1-0020,Conversational Narrative Engine 1,Mechuma > Siv,,siv mekral karethaen karvek.,The mechanic tries to use the toolkit.,Expansion example,Technical attempt.,Canon,User-approved expansion support.,LX-CNE1-0010,related usage,,Approved,
PE-CNE1-0021,Conversational Narrative Engine 1,Common Celan > Sivathaen,,sivathaen I pralaen krezor.,I succeed in making the hearth.,Expansion example,Successful ordinary attempt.,Canon,User-approved expansion support.,LX-CNE1-0011,related usage,,Approved,
PE-CNE1-0022,Conversational Narrative Engine 1,Mechuma > Sivathaen,,sivathaen mekral karethaen zhelvek.,The mechanic succeeds in using the energy carrier.,Expansion example,Successful technical attempt.,Canon,User-approved expansion support.,LX-CNE1-0011,related usage,,Approved,
PE-CNE1-0023,Conversational Narrative Engine 1,Common Celan > Sivrethaen,,sivrethaen I kaxaraen vorkor.,I fail to open the door.,Expansion example,Failed ordinary attempt.,Canon,User-approved expansion support.,LX-CNE1-0012,related usage,,Approved,
PE-CNE1-0024,Conversational Narrative Engine 1,Mechuma > Sivrethaen,,sivrethaen mekral karethaen zhelvek.,The mechanic fails to use the energy carrier.,Expansion example,Failed technical attempt.,Canon,User-approved expansion support.,LX-CNE1-0012,related usage,,Approved,
PE-CNE1-0025,Conversational Narrative Engine 1,Common Celan > Tharsharaen,,tharsharaen I dralshara.,I choose the star route.,Expansion example,Choosing a route.,Canon,User-approved expansion support.,LX-CNE1-0013,related usage,,Approved,
PE-CNE1-0026,Conversational Narrative Engine 1,Jasara > Tharsharaen,,tharsharaen I droshen.,I choose the water ration.,Expansion example,Choosing a scarce supply.,Canon,User-approved expansion support.,LX-CNE1-0013,related usage,,Approved,
PE-CNE1-0027,Conversational Narrative Engine 1,Common Celan > Tharshara,,rinaen dralshara tharshara.,The star route is the choice.,Expansion example,Naming a selected option.,Canon,User-approved expansion support.,LX-CNE1-0014,related usage,,Approved,
PE-CNE1-0028,Conversational Narrative Engine 1,Marakor > Tharshara,,aen lorin tharshara.,The guide states the choice.,Expansion example,Communicating a choice.,Canon,User-approved expansion support.,LX-CNE1-0014,related usage,,Approved,
PE-CNE1-0029,Conversational Narrative Engine 1,Common Celan > Drenvaraen,,drenvaraen I shara.,I change the path.,Expansion example,Changing a plan or route.,Canon,User-approved expansion support.,LX-CNE1-0015,related usage,,Approved,
PE-CNE1-0030,Conversational Narrative Engine 1,Verdalris > Drenvaraen,,drenvaraen verdor an Zhaelor.,The forest changes in spring.,Expansion example,Ecological change.,Canon,User-approved expansion support.,LX-CNE1-0015,related usage,,Approved,
PE-CNE1-0031,Conversational Narrative Engine 1,Common Celan > Kes,,kes I eshlor.,I notice the wind bearing.,Expansion example,Sensory awareness.,Canon,User-approved expansion support.,LX-CNE1-0016,related usage,,Approved,
PE-CNE1-0032,Conversational Narrative Engine 1,Zarithan > Kes,,kes seren rathvethor.,The guardian notices the hidden threat.,Expansion example,Watch and danger awareness.,Canon,User-approved expansion support.,LX-CNE1-0016,related usage,,Approved,
PE-CNE1-0033,Conversational Narrative Engine 1,Common Celan > Velzhiraen,,velzhiraen I dralshara.,I remember the star route.,Expansion example,Ordinary route memory.,Canon,User-approved expansion support.,LX-CNE1-0017,related usage,,Approved,
PE-CNE1-0034,Conversational Narrative Engine 1,Nivveil > Velzhiraen,,velzhiraen kavral rinshen.,The record keeper remembers the identity record.,Expansion example,Practical retained memory.,Canon,User-approved expansion support.,LX-CNE1-0017,related usage,,Approved,
PE-CNE1-0035,Conversational Narrative Engine 1,Common Celan > Kavelzhiraen,,kavelzhiraen I dralshara.,I forget the star route.,Expansion example,Ordinary forgotten knowledge.,Canon,User-approved expansion support.,LX-CNE1-0018,related usage,,Approved,
PE-CNE1-0036,Conversational Narrative Engine 1,Nivveil > Kavelzhiraen,,kavelzhiraen ser rinshen.,The friend forgets the identity record.,Expansion example,Practical forgotten information.,Canon,User-approved expansion support.,LX-CNE1-0018,related usage,,Approved,
PE-CNE1-0037,Conversational Narrative Engine 1,Common Celan > Athnor,,tha-velaen I morlak athnor.,I already ate the bread.,Expansion example,Completed action by reference time.,Canon,User-approved expansion support.,LX-CNE1-0019,related usage,,Approved,
PE-CNE1-0038,Conversational Narrative Engine 1,Mechuma > Athnor,,rinaen karvek an sharavok athnor.,The toolkit is already with the caravan.,Expansion example,Completed practical state.,Canon,User-approved expansion support.,LX-CNE1-0019,related usage,,Approved,
PE-CNE1-0039,Conversational Narrative Engine 1,Common Celan > Nethnor,,korinaen I zhirin nethnor.,I am still holding the rope.,Expansion example,Continuing action.,Canon,User-approved expansion support.,LX-CNE1-0020,related usage,,Approved,
PE-CNE1-0040,Conversational Narrative Engine 1,Nivveil > Nethnor,,rinaen velmor veleth nethnor.,The frozen ground is still cold.,Expansion example,Continuing environmental state.,Canon,User-approved expansion support.,LX-CNE1-0020,related usage,,Approved,
PE-CNE1-0041,Conversational Narrative Engine 1,Common Celan > Felath,,var sharavok an mahr felath.,The caravan almost reaches the sea.,Expansion example,Near-completed journey.,Canon,User-approved expansion support.,LX-CNE1-0021,related usage,,Approved,
PE-CNE1-0042,Conversational Narrative Engine 1,Jasara > Felath,,rinaen drenvor woreth felath.,The bowl is almost full.,Expansion example,Near-completed measure.,Canon,User-approved expansion support.,LX-CNE1-0021,related usage,,Approved,
PE-CNE1-0043,Conversational Narrative Engine 1,Common Celan > Worlian,,rinaen dren worlian.,The water is enough.,Expansion example,Ordinary sufficiency.,Canon,User-approved expansion support.,LX-CNE1-0022,related usage,,Approved,
PE-CNE1-0044,Conversational Narrative Engine 1,Jasara > Worlian,,rinaen droshen worlian.,The water ration is sufficient.,Expansion example,Measured sufficiency.,Canon,User-approved expansion support.,LX-CNE1-0022,related usage,,Approved,
PE-CNE1-0045,Conversational Narrative Engine 1,Common Celan > Rethshara,,var I an mahr rethshara.,I go to the sea instead.,Expansion example,Substituted route.,Canon,User-approved expansion support.,LX-CNE1-0023,related usage,,Approved,
PE-CNE1-0046,Conversational Narrative Engine 1,Marakor > Rethshara,,tharsharaen I dralshara rethshara.,I choose the star route instead.,Expansion example,Substituted choice.,Canon,User-approved expansion support.,LX-CNE1-0023,related usage,,Approved,
PE-CNE1-0047,Conversational Narrative Engine 1,Common Celan > Servok,,pralaen Ilin krezor servok.,We make the hearth together.,Expansion example,Coordinated work.,Canon,User-approved expansion support.,LX-CNE1-0024,related usage,,Approved,
PE-CNE1-0048,Conversational Narrative Engine 1,Marakor > Servok,,var sharavok an mahr servok.,The caravan travels to the sea together.,Expansion example,Coordinated travel.,Canon,User-approved expansion support.,LX-CNE1-0024,related usage,,Approved,
PE-CNE1-0049,Conversational Narrative Engine 1,Common Celan > Kavok,,var I thal sharavok kavok.,I travel apart from the caravan.,Expansion example,Separate travel.,Canon,User-approved expansion support.,LX-CNE1-0025,related usage,,Approved,
PE-CNE1-0050,Conversational Narrative Engine 1,Marakor > Kavok,,dor I karvekin kavok.,I place the toolkits apart.,Expansion example,Separate placement.,Canon,User-approved expansion support.,LX-CNE1-0025,related usage,,Approved,
PE-CNE1-0051,Conversational Narrative Engine 1,Common Celan > Zhirkor,,rinaen krez zhirkor.,The fire is the cause.,Expansion example,Naming an initiating cause.,Canon,User-approved expansion support.,LX-CNE1-0026,related usage,,Approved,
PE-CNE1-0052,Conversational Narrative Engine 1,Verdalris > Zhirkor,,kes zhaelral zhirkor.,The healer notices the cause.,Expansion example,Investigating a cause.,Canon,User-approved expansion support.,LX-CNE1-0026,related usage,,Approved,
PE-CNE1-0053,Conversational Narrative Engine 1,Common Celan > Zhirath,,rinaen zhirath vaareth.,The result is good.,Expansion example,Evaluating an outcome.,Canon,User-approved expansion support.,LX-CNE1-0027,related usage,,Approved,
PE-CNE1-0054,Conversational Narrative Engine 1,Mechuma > Zhirath,,kes mekral zhirath.,The mechanic notices the result.,Expansion example,Observing a process result.,Canon,User-approved expansion support.,LX-CNE1-0027,related usage,,Approved,
PE-CNE1-0055,Conversational Narrative Engine 1,Common Celan > Lianzhir,,aen I lianzhir.,I state the reason.,Expansion example,Explaining a reason.,Canon,User-approved expansion support.,LX-CNE1-0028,related usage,,Approved,
PE-CNE1-0056,Conversational Narrative Engine 1,Zarithan > Lianzhir,,aen lorin lianzhir.,The guide states the reason.,Expansion example,Justifying guidance.,Canon,User-approved expansion support.,LX-CNE1-0028,related usage,,Approved,
PE-CNE1-0057,Conversational Narrative Engine 1,Common Celan > Rethpral,,kes I rethpral.,I notice the mistake.,Expansion example,Recognizing an error.,Canon,User-approved expansion support.,LX-CNE1-0029,related usage,,Approved,
PE-CNE1-0058,Conversational Narrative Engine 1,Marakor > Rethpral,,aen mekral rethpral.,The mechanic states the mistake.,Expansion example,Reporting a repairable error.,Canon,User-approved expansion support.,LX-CNE1-0029,related usage,,Approved,
PE-CNE1-0059,Conversational Narrative Engine 1,Common Celan > Belreth,,rinaen vorkor belreth.,The door is a problem.,Expansion example,Ordinary material problem.,Canon,User-approved expansion support.,LX-CNE1-0030,related usage,,Approved,
PE-CNE1-0060,Conversational Narrative Engine 1,Mechuma > Belreth,,kes mekral belreth.,The mechanic notices the problem.,Expansion example,Technical problem identification.,Canon,User-approved expansion support.,LX-CNE1-0030,related usage,,Approved,
PE-CNE1-0061,Conversational Narrative Engine 1,Common Celan > Lianbel,,rinaen lianbel vaareth.,The solution is good.,Expansion example,Evaluating a solution.,Canon,User-approved expansion support.,LX-CNE1-0031,related usage,,Approved,
PE-CNE1-0062,Conversational Narrative Engine 1,Mechuma > Lianbel,,tharsharaen mekral lianbel.,The mechanic chooses the solution.,Expansion example,Selecting a solution.,Canon,User-approved expansion support.,LX-CNE1-0031,related usage,,Approved,
PE-CNE1-0063,Conversational Narrative Engine 1,Common Celan > Rakel,,rakel?,Pardon?,Expansion example,Conversational repair after failed hearing.,Canon,User-approved expansion support.,LX-CNE1-0032,related usage,,Approved,
PE-CNE1-0064,Conversational Narrative Engine 1,Pelagae > Rakel,,rakel. va aen Ya wek'aen.,Pardon? Say it again.,Expansion example,Requesting repetition in noise.,Canon,User-approved expansion support.,LX-CNE1-0032,related usage,,Approved,
PE-CNE1-0065,Conversational Narrative Engine 1,Common Celan > Serdel,,rinaen krezor serdel nethlor ser pralor.,The hearth is between the bed and the table.,Expansion example,Location between two anchors.,Canon,User-approved expansion support.,LX-CNE1-0033,related usage,,Approved,
PE-CNE1-0066,Conversational Narrative Engine 1,Jasara > Serdel,,dor I karvek serdel nethor ser pralor.,I put the toolkit between the chair and the table.,Expansion example,Placement between two anchors.,Canon,User-approved expansion support.,LX-CNE1-0033,related usage,,Approved,
PE-CNE1-0067,Conversational Narrative Engine 1,Common Celan > Shalvar,,var ser shalvar I.,The friend goes ahead of me.,Expansion example,Forward relative position.,Canon,User-approved expansion support.,LX-CNE1-0034,related usage,,Approved,
PE-CNE1-0068,Conversational Narrative Engine 1,Zarithan > Shalvar,,rinaen seren shalvar vorkor.,The guardian is in front of the door.,Expansion example,Guarding a forward position.,Canon,User-approved expansion support.,LX-CNE1-0034,related usage,,Approved,
PE-CNE1-0069,Conversational Narrative Engine 1,Common Celan > Vethvar,,var ser vethvar I.,The friend goes behind me.,Expansion example,Rearward relative position.,Canon,User-approved expansion support.,LX-CNE1-0035,related usage,,Approved,
PE-CNE1-0070,Conversational Narrative Engine 1,Zarithan > Vethvar,,rinaen seren vethvar vorkor.,The guardian is behind the door.,Expansion example,Guarding a rearward position.,Canon,User-approved expansion support.,LX-CNE1-0035,related usage,,Approved,
PE-CNE1-0071,Conversational Narrative Engine 1,Common Celan > Shan,,var I shan vorkor.,I go through the door.,Expansion example,Traversal through a boundary.,Canon,User-approved expansion support.,LX-CNE1-0036,related usage,,Approved,
PE-CNE1-0072,Conversational Narrative Engine 1,Pelagae > Shan,,var sharavok shan verdor.,The caravan travels through the forest.,Expansion example,Traversal across a bounded span.,Canon,User-approved expansion support.,LX-CNE1-0036,related usage,,Approved,
PE-CNE1-0073,Conversational Narrative Engine 1,Common Celan > Shalnor,,var I shalnor kilveth.,I go before evening.,Expansion example,Earlier relative sequence.,Canon,User-approved expansion support.,LX-CNE1-0037,related usage,,Approved,
PE-CNE1-0074,Conversational Narrative Engine 1,Nivveil > Shalnor,,xaraen I xarphelor shalnor veljor.,I close the shelter before the cold snap.,Expansion example,Preparation before weather.,Canon,User-approved expansion support.,LX-CNE1-0037,related usage,,Approved,
PE-CNE1-0075,Conversational Narrative Engine 1,Common Celan > Vethnor,,var I vethnor kilveth.,I go after evening.,Expansion example,Later relative sequence.,Canon,User-approved expansion support.,LX-CNE1-0038,related usage,,Approved,
PE-CNE1-0076,Conversational Narrative Engine 1,Nivveil > Vethnor,,kaxaraen I xarphelor vethnor veljor.,I open the shelter after the cold snap.,Expansion example,Action after weather.,Canon,User-approved expansion support.,LX-CNE1-0038,related usage,,Approved,
PE-CNE1-0077,Conversational Narrative Engine 1,Common Celan > Sernor,,aen I sernor var Ya.,I speak while you walk.,Expansion example,Simultaneous speech and motion.,Canon,User-approved expansion support.,LX-CNE1-0039,related usage,,Approved,
PE-CNE1-0078,Conversational Narrative Engine 1,Verdalris > Sernor,,pralaen I sernor aen Ya.,I work while you speak.,Expansion example,Simultaneous work and speech.,Canon,User-approved expansion support.,LX-CNE1-0039,related usage,,Approved,
PE-CNE1-0079,Conversational Narrative Engine 1,Common Celan > Varnor,,dar sharavok varnor mahrwek.,The caravan waits until the tide.,Expansion example,Waiting to a temporal endpoint.,Canon,User-approved expansion support.,LX-CNE1-0040,related usage,,Approved,
PE-CNE1-0080,Conversational Narrative Engine 1,Jasara > Varnor,,pralaen I varnor kilveth.,I work until evening.,Expansion example,Work continuing to an endpoint.,Canon,User-approved expansion support.,LX-CNE1-0040,related usage,,Approved,
PE-DSL1-0001,Domestic and Sensory Life 1,Common Celan > Shem,,karethaen I shem an krezvek.,I use the spoon in the cooking pot.,Expansion example,Ordinary cooking implement use.,Canon,User-approved expansion support.,LX-DSL1-0001,related usage,,Approved,
PE-DSL1-0002,Domestic and Sensory Life 1,Common Celan > Shem,,dor I shem an pralor.,I put the spoon on the table.,Expansion example,Ordinary household placement.,Canon,User-approved expansion support.,LX-DSL1-0001,related usage,,Approved,
PE-DSL1-0003,Domestic and Sensory Life 1,Common Celan > Krezvek,,rinaen worvenak an krezvek.,The stew is in the cooking pot.,Expansion example,Deep cooking vessel use.,Canon,User-approved expansion support.,LX-DSL1-0002,related usage,,Approved,
PE-DSL1-0004,Domestic and Sensory Life 1,Common Celan > Krezvek,,drentalaen I dren an krezvek.,I pour water into the cooking pot.,Expansion example,Meal preparation use.,Canon,User-approved expansion support.,LX-DSL1-0002,related usage,,Approved,
PE-DSL1-0005,Domestic and Sensory Life 1,Common Celan > Krezpral,,rinaen krezpral feneth.,The pan is hot.,Expansion example,Ordinary cooking-state description.,Canon,User-approved expansion support.,LX-DSL1-0003,related usage,,Approved,
PE-DSL1-0006,Domestic and Sensory Life 1,Common Celan > Krezpral,,pelvaraen I krezpral.,I scrape the pan.,Expansion example,Cooking and cleaning use.,Canon,User-approved expansion support.,LX-DSL1-0003,related usage,,Approved,
PE-DSL1-0007,Domestic and Sensory Life 1,Common Celan > Emilpral,,dor I emil an emilpral.,I put the food on the plate.,Expansion example,Ordinary meal service.,Canon,User-approved expansion support.,LX-DSL1-0004,related usage,,Approved,
PE-DSL1-0008,Domestic and Sensory Life 1,Common Celan > Emilpral,,drenselaen I emilpral.,I wash the plate.,Expansion example,Post-meal cleaning.,Canon,User-approved expansion support.,LX-DSL1-0004,related usage,,Approved,
PE-DSL1-0009,Domestic and Sensory Life 1,Common Celan > Kavvek,,rinaen belar an kavvek.,The spice is in the jar.,Expansion example,Ordinary food storage.,Canon,User-approved expansion support.,LX-DSL1-0005,related usage,,Approved,
PE-DSL1-0010,Domestic and Sensory Life 1,Common Celan > Kavvek,,xaraen I kavvek.,I close the jar.,Expansion example,Closing a storage vessel.,Canon,User-approved expansion support.,LX-DSL1-0005,related usage,,Approved,
PE-DSL1-0011,Domestic and Sensory Life 1,Common Celan > Eshpral,,rinaen kavvek an eshpral.,The jar is on the shelf.,Expansion example,Household storage arrangement.,Canon,User-approved expansion support.,LX-DSL1-0006,related usage,,Approved,
PE-DSL1-0012,Domestic and Sensory Life 1,Common Celan > Eshpral,,tal I kavvek thal eshpral.,I take the jar from the shelf.,Expansion example,Ordinary retrieval from storage.,Canon,User-approved expansion support.,LX-DSL1-0006,related usage,,Approved,
PE-DSL1-0013,Domestic and Sensory Life 1,Common Celan > Xarvek,,rinaen belrin an xarvek.,The fabric is in the cupboard.,Expansion example,Enclosed household storage.,Canon,User-approved expansion support.,LX-DSL1-0007,related usage,,Approved,
PE-DSL1-0014,Domestic and Sensory Life 1,Common Celan > Xarvek,,kaxaraen I xarvek.,I open the storage chest.,Expansion example,Accessing enclosed storage.,Canon,User-approved expansion support.,LX-DSL1-0007,related usage,,Approved,
PE-DSL1-0015,Domestic and Sensory Life 1,Common Celan > Rask,,rinaen rask an pralor.,The raw hide is on the table.,Expansion example,Material preparation scene.,Canon,User-approved expansion support.,LX-DSL1-0008,related usage,,Approved,
PE-DSL1-0016,Domestic and Sensory Life 1,Common Celan > Rask,,tovaen I rask.,I touch the raw hide.,Expansion example,Tactile material inspection.,Canon,User-approved expansion support.,LX-DSL1-0008,related usage,,Approved,
PE-DSL1-0017,Domestic and Sensory Life 1,Common Celan > Mekrask,,rinaen zhirvok mekrask.,The belt is leather.,Expansion example,Everyday material identification.,Canon,User-approved expansion support.,LX-DSL1-0009,related usage,,Approved,
PE-DSL1-0018,Domestic and Sensory Life 1,Common Celan > Mekrask,,pralaen I mekrask thal rask.,I make leather from raw hide.,Expansion example,Material transformation.,Canon,User-approved expansion support.,LX-DSL1-0009,related usage,,Approved,
PE-DSL1-0019,Domestic and Sensory Life 1,Common Celan > Lem,,pralaen I lem an pralor.,I shape the clay on the table.,Expansion example,Ordinary clay working.,Canon,User-approved expansion support.,LX-DSL1-0010,related usage,,Approved,
PE-DSL1-0020,Domestic and Sensory Life 1,Common Celan > Lem,,rinaen lem dreneth.,The clay is wet.,Expansion example,Workable material state.,Canon,User-approved expansion support.,LX-DSL1-0010,related usage,,Approved,
PE-DSL1-0021,Domestic and Sensory Life 1,Common Celan > Lemath,,rinaen drenvor lemath.,The bowl is ceramic.,Expansion example,Material identification after firing.,Canon,User-approved expansion support.,LX-DSL1-0011,related usage,,Approved,
PE-DSL1-0022,Domestic and Sensory Life 1,Common Celan > Lemath,,pralaen I emilpral thal lemath.,I make a plate from ceramic.,Expansion example,Ceramic household craft.,Canon,User-approved expansion support.,LX-DSL1-0011,related usage,,Approved,
PE-DSL1-0023,Domestic and Sensory Life 1,Common Celan > Selmek,,rinaen kavvek selmek.,The jar is glass.,Expansion example,Transparent material identification.,Canon,User-approved expansion support.,LX-DSL1-0012,related usage,,Approved,
PE-DSL1-0024,Domestic and Sensory Life 1,Common Celan > Selmek,,rinaen selmek shaleth.,The glass is bright.,Expansion example,Visible property of glass.,Canon,User-approved expansion support.,LX-DSL1-0012,related usage,,Approved,
PE-DSL1-0025,Domestic and Sensory Life 1,Common Celan > Tir,,rinaen drenvor tir.,The cup is copper.,Expansion example,Everyday material identification.,Canon,User-approved expansion support.,LX-DSL1-0013,related usage,,Approved,
PE-DSL1-0026,Domestic and Sensory Life 1,Common Celan > Tir,,selpralaen I tir.,I polish the copper.,Expansion example,Copper-working action.,Canon,User-approved expansion support.,LX-DSL1-0013,related usage,,Approved,
PE-DSL1-0027,Domestic and Sensory Life 1,Common Celan > Tirkal,,rinaen peleth tirkal.,The blade is bronze.,Expansion example,Bronze tool identification.,Canon,User-approved expansion support.,LX-DSL1-0014,related usage,,Approved,
PE-DSL1-0028,Domestic and Sensory Life 1,Common Celan > Tirkal,,selpralaen mekral tirkal.,The craftworker polishes the bronze.,Expansion example,Bronze-working action.,Canon,User-approved expansion support.,LX-DSL1-0014,related usage,,Approved,
PE-DSL1-0029,Domestic and Sensory Life 1,Common Celan > Aiv,,rinaen aiv an korin-ian.,There is pain in my hand.,Expansion example,Direct bodily report.,Canon,User-approved expansion support.,LX-DSL1-0015,related usage,,Approved,
PE-DSL1-0030,Domestic and Sensory Life 1,Common Celan > Aiv,,rinaen aiv nethnor.,The pain is still present.,Expansion example,Continuing bodily pain.,Canon,User-approved expansion support.,LX-DSL1-0015,related usage,,Approved,
PE-DSL1-0031,Domestic and Sensory Life 1,Common Celan > Aivaen,,aivaen korin-ian.,My hand aches.,Expansion example,Ordinary continuing pain.,Canon,User-approved expansion support.,LX-DSL1-0016,related usage,,Approved,
PE-DSL1-0032,Domestic and Sensory Life 1,Common Celan > Aivaen,,aivaen korin-ian nethnor.,My hand still aches.,Expansion example,Continuing ache with aspect.,Canon,User-approved expansion support.,LX-DSL1-0016,related usage,,Approved,
PE-DSL1-0033,Domestic and Sensory Life 1,Common Celan > Pelaivaen,,pelaivaen korin-ian.,My hand stings.,Expansion example,Sharp localized discomfort.,Canon,User-approved expansion support.,LX-DSL1-0017,related usage,,Approved,
PE-DSL1-0034,Domestic and Sensory Life 1,Common Celan > Pelaivaen,,pelaivaen aivkor.,The wound stings.,Expansion example,Injury sensation.,Canon,User-approved expansion support.,LX-DSL1-0017,related usage,,Approved,
PE-DSL1-0035,Domestic and Sensory Life 1,Common Celan > Rekaivaen,,rekaivaen aivkor.,The wound burns.,Expansion example,Hot or searing wound pain.,Canon,User-approved expansion support.,LX-DSL1-0018,related usage,,Approved,
PE-DSL1-0036,Domestic and Sensory Life 1,Common Celan > Rekaivaen,,rekaivaen korin-ian.,My hand burns.,Expansion example,Direct bodily burning report.,Canon,User-approved expansion support.,LX-DSL1-0018,related usage,,Approved,
PE-DSL1-0037,Domestic and Sensory Life 1,Common Celan > Teshaen,,teshaen korin-ian.,My hand itches.,Expansion example,Ordinary surface irritation.,Canon,User-approved expansion support.,LX-DSL1-0019,related usage,,Approved,
PE-DSL1-0038,Domestic and Sensory Life 1,Common Celan > Teshaen,,teshaen aivkor.,The wound itches.,Expansion example,Healing-stage irritation.,Canon,User-approved expansion support.,LX-DSL1-0019,related usage,,Approved,
PE-DSL1-0039,Domestic and Sensory Life 1,Common Celan > Rivaen,,rivaen felka an veljor.,The child shivers in the cold snap.,Expansion example,Cold-induced trembling.,Canon,User-approved expansion support.,LX-DSL1-0020,related usage,,Approved,
PE-DSL1-0040,Domestic and Sensory Life 1,Common Celan > Rivaen,,rivaen ser an xarphelor.,The friend shivers in the shelter.,Expansion example,Involuntary bodily trembling.,Canon,User-approved expansion support.,LX-DSL1-0020,related usage,,Approved,
PE-DSL1-0041,Domestic and Sensory Life 1,Common Celan > Jelaen,,jelaen I worvenak.,I taste the stew.,Expansion example,Ordinary flavor perception.,Canon,User-approved expansion support.,LX-DSL1-0021,related usage,,Approved,
PE-DSL1-0042,Domestic and Sensory Life 1,Common Celan > Jelaen,,jelaen zhaelral fennilphel.,The healer tastes the herbal remedy.,Expansion example,Testing a preparation by flavor.,Canon,User-approved expansion support.,LX-DSL1-0021,related usage,,Approved,
PE-DSL1-0043,Domestic and Sensory Life 1,Common Celan > Kelvorthamaen,,kelvorthamaen I morlak.,I chew the bread.,Expansion example,Ordinary eating action.,Canon,User-approved expansion support.,LX-DSL1-0022,related usage,,Approved,
PE-DSL1-0044,Domestic and Sensory Life 1,Common Celan > Kelvorthamaen,,kelvorthamaen felka teravin.,The child chews the root vegetable.,Expansion example,Ordinary meal action.,Canon,User-approved expansion support.,LX-DSL1-0022,related usage,,Approved,
PE-DSL1-0045,Domestic and Sensory Life 1,Common Celan > Feldrenaen,,feldrenaen dren thal drenvor.,Water drips from the bowl.,Expansion example,Small separated liquid movement.,Canon,User-approved expansion support.,LX-DSL1-0023,related usage,,Approved,
PE-DSL1-0046,Domestic and Sensory Life 1,Common Celan > Feldrenaen,,feldrenaen dren thal xaresh.,Water drips from the cloak.,Expansion example,Wet clothing scene.,Canon,User-approved expansion support.,LX-DSL1-0023,related usage,,Approved,
PE-DSL1-0047,Domestic and Sensory Life 1,Common Celan > Pelvokaen,,pelvokaen zhirin.,The rope snaps.,Expansion example,Sudden physical breakage.,Canon,User-approved expansion support.,LX-DSL1-0024,related usage,,Approved,
PE-DSL1-0048,Domestic and Sensory Life 1,Common Celan > Pelvokaen,,pelvokaen zem.,The wood snaps.,Expansion example,Sharp material breakage.,Canon,User-approved expansion support.,LX-DSL1-0024,related usage,,Approved,
PE-DSL1-0049,Domestic and Sensory Life 1,Common Celan > Selpralaen,,selpralaen I tirkal.,I polish the bronze.,Expansion example,Surface finishing in craft.,Canon,User-approved expansion support.,LX-DSL1-0025,related usage,,Approved,
PE-DSL1-0050,Domestic and Sensory Life 1,Common Celan > Selpralaen,,selpralaen mekral selmek.,The craftworker polishes the glass.,Expansion example,Reflective surface finishing.,Canon,User-approved expansion support.,LX-DSL1-0025,related usage,,Approved,
PE-DSL1-0051,Domestic and Sensory Life 1,Common Celan > Pelvaraen,,pelvaraen I krezpral.,I scrape the pan.,Expansion example,Abrasive kitchen action.,Canon,User-approved expansion support.,LX-DSL1-0026,related usage,,Approved,
PE-DSL1-0052,Domestic and Sensory Life 1,Common Celan > Pelvaraen,,pelvaraen mekral mormek.,The craftworker scrapes the worked stone.,Expansion example,Abrasive craft action.,Canon,User-approved expansion support.,LX-DSL1-0026,related usage,,Approved,
PE-DSL1-0053,Domestic and Sensory Life 1,Common Celan > Zem,,rinaen pralor zem.,The table is wood.,Expansion example,Household material identification.,Canon,User-approved expansion support.,LX-DSL1-0027,related usage,,Approved,
PE-DSL1-0054,Domestic and Sensory Life 1,Common Celan > Zem,,vekaen sharavok zem.,The caravan carries timber.,Expansion example,Transporting workable wood.,Canon,User-approved expansion support.,LX-DSL1-0027,related usage,,Approved,
PE-DSL1-0055,Domestic and Sensory Life 1,Common Celan > Kren,,rinaen kareth kren.,The hammer is metal.,Expansion example,Tool material identification.,Canon,User-approved expansion support.,LX-DSL1-0028,related usage,,Approved,
PE-DSL1-0056,Domestic and Sensory Life 1,Common Celan > Kren,,rinaen kren moreth.,The metal is hard.,Expansion example,General metal property.,Canon,User-approved expansion support.,LX-DSL1-0028,related usage,,Approved,
PE-DSL1-0057,Domestic and Sensory Life 1,Common Celan > Drentalaen,,drentalaen I dren an krezvek.,I pour water into the cooking pot.,Expansion example,Controlled liquid transfer in cooking.,Canon,User-approved expansion support.,LX-DSL1-0029,related usage,,Approved,
PE-DSL1-0058,Domestic and Sensory Life 1,Common Celan > Drentalaen,,drentalaen ser phelvin an drenvor.,The friend pours the drink into the cup.,Expansion example,Controlled liquid transfer in serving.,Canon,User-approved expansion support.,LX-DSL1-0029,related usage,,Approved,
PE-DSL1-0059,Domestic and Sensory Life 1,Common Celan > Jekthamaen,,jekthamaen I worvenak ser shem.,I stir the stew with the spoon.,Expansion example,Repeated circular cooking action.,Canon,User-approved expansion support.,LX-DSL1-0030,related usage,,Approved,
PE-DSL1-0060,Domestic and Sensory Life 1,Common Celan > Jekthamaen,,jekthamaen zhaelral fennilphel.,The healer mixes the herbal remedy.,Expansion example,Mixing a soft preparation.,Canon,User-approved expansion support.,LX-DSL1-0030,related usage,,Approved,
PE-DSL1-0061,Domestic and Sensory Life 1,Common Celan > Drenselaen,,drenselaen I drenvor.,I wash the bowl.,Expansion example,Ordinary household washing.,Canon,User-approved expansion support.,LX-DSL1-0031,related usage,,Approved,
PE-DSL1-0062,Domestic and Sensory Life 1,Common Celan > Drenselaen,,drenselaen I korin-ian ser drosel.,I wash my hands with clean water.,Expansion example,Ordinary bodily cleaning.,Canon,User-approved expansion support.,LX-DSL1-0031,related usage,,Approved,
PE-DSL1-0063,Domestic and Sensory Life 1,Common Celan > Numaen,,numaen I fennilphel.,I swallow the herbal remedy.,Expansion example,Taking medicine by swallowing.,Canon,User-approved expansion support.,LX-DSL1-0032,related usage,,Approved,
PE-DSL1-0064,Domestic and Sensory Life 1,Common Celan > Numaen,,numaen felka morlak.,The child swallows the bread.,Expansion example,Completion of an eating action.,Canon,User-approved expansion support.,LX-DSL1-0032,related usage,,Approved,
PE-DSL1-0065,Domestic and Sensory Life 1,Common Celan > Nolaen,,nolaen I worvenak.,I smell the stew.,Expansion example,Ordinary scent perception.,Canon,User-approved expansion support.,LX-DSL1-0033,related usage,,Approved,
PE-DSL1-0066,Domestic and Sensory Life 1,Common Celan > Nolaen,,nolaen ser krez.,The friend smells the fire.,Expansion example,Detecting a nearby presence by scent.,Canon,User-approved expansion support.,LX-DSL1-0033,related usage,,Approved,
PE-DSL1-0067,Domestic and Sensory Life 1,Common Celan > Tovaen,,tovaen I lem.,I touch the clay.,Expansion example,Tactile material inspection.,Canon,User-approved expansion support.,LX-DSL1-0034,related usage,,Approved,
PE-DSL1-0068,Domestic and Sensory Life 1,Common Celan > Tovaen,,tovaen felka belrin.,The child touches the fabric.,Expansion example,Ordinary contact without holding.,Canon,User-approved expansion support.,LX-DSL1-0034,related usage,,Approved,
PE-DSL1-0069,Domestic and Sensory Life 1,Common Celan > Emilrav,,rinaen I emilrav.,I am hungry.,Expansion example,Direct bodily-need report.,Canon,User-approved expansion support.,LX-DSL1-0035,related usage,,Approved,
PE-DSL1-0070,Domestic and Sensory Life 1,Common Celan > Emilrav,,rinaen felka emilrav nethnor.,The child is still hungry.,Expansion example,Continuing need for food.,Canon,User-approved expansion support.,LX-DSL1-0035,related usage,,Approved,
PE-DSL1-0071,Domestic and Sensory Life 1,Common Celan > Drorav,,rinaen I drorav.,I am thirsty.,Expansion example,Direct bodily-need report.,Canon,User-approved expansion support.,LX-DSL1-0036,related usage,,Approved,
PE-DSL1-0072,Domestic and Sensory Life 1,Common Celan > Drorav,,rinaen sharavok drorav.,The traveling company is thirsty.,Expansion example,Shared need for water during travel.,Canon,User-approved expansion support.,LX-DSL1-0036,related usage,,Approved,
PE-DSL1-0073,Domestic and Sensory Life 1,Common Celan > Felkal,,rinaen I felkal.,I am tired.,Expansion example,Direct bodily-state report.,Canon,User-approved expansion support.,LX-DSL1-0037,related usage,,Approved,
PE-DSL1-0074,Domestic and Sensory Life 1,Common Celan > Felkal,,rinaen sharavok felkal.,The traveling company is fatigued.,Expansion example,Temporary reduced strength after travel.,Canon,User-approved expansion support.,LX-DSL1-0037,related usage,,Approved,
PE-DSL1-0075,Domestic and Sensory Life 1,Common Celan > Maveth,,rinaen felka maveth.,The child is sick.,Expansion example,Direct illness report.,Canon,User-approved expansion support.,LX-DSL1-0038,related usage,,Approved,
PE-DSL1-0076,Domestic and Sensory Life 1,Common Celan > Maveth,,rinaen ser maveth nethnor.,The friend is still ill.,Expansion example,Continuing bodily illness.,Canon,User-approved expansion support.,LX-DSL1-0038,related usage,,Approved,
PE-DSL1-0077,Domestic and Sensory Life 1,Common Celan > Aivkor,,rinaen aivkor an korin-ian.,The wound is on my hand.,Expansion example,Locating a bodily injury.,Canon,User-approved expansion support.,LX-DSL1-0039,related usage,,Approved,
PE-DSL1-0078,Domestic and Sensory Life 1,Common Celan > Aivkor,,drenselaen zhaelral aivkor.,The healer washes the wound.,Expansion example,Ordinary injury care.,Canon,User-approved expansion support.,LX-DSL1-0039,related usage,,Approved,
PE-DSL1-0079,Domestic and Sensory Life 1,Common Celan > Tesh,,rinaen tesh an korin-ian.,There is an itch on my hand.,Expansion example,Locating an ordinary surface irritation.,Canon,User-approved expansion support.,LX-DSL1-0040,related usage,,Approved,
PE-DSL1-0080,Domestic and Sensory Life 1,Common Celan > Tesh,,rinaen tesh nethnor.,The itch is still present.,Expansion example,Continuing surface irritation.,Canon,User-approved expansion support.,LX-DSL1-0040,related usage,,Approved,
PE-DSL1-0081,Domestic and Sensory Life 1,Common Celan > Riv,,rinaen riv an korin-ian.,There is a tremor in my hand.,Expansion example,Locating an involuntary tremor.,Canon,User-approved expansion support.,LX-DSL1-0041,related usage,,Approved,
PE-DSL1-0082,Domestic and Sensory Life 1,Common Celan > Riv,,kes zhaelral riv.,The healer notices a shiver.,Expansion example,Observing an illness or cold symptom.,Canon,User-approved expansion support.,LX-DSL1-0041,related usage,,Approved,
PE-DSL1-0083,Domestic and Sensory Life 1,Common Celan > Num,,rinaen num veleth.,The swallow is slow.,Expansion example,Describing one act of swallowing.,Canon,User-approved expansion support.,LX-DSL1-0042,related usage,,Approved,
PE-DSL1-0084,Domestic and Sensory Life 1,Common Celan > Num,,aivaen num.,The swallow hurts.,Expansion example,Reporting painful swallowing.,Canon,User-approved expansion support.,LX-DSL1-0042,related usage,,Approved,
PE-DSL1-0085,Domestic and Sensory Life 1,Common Celan > Nol,,rinaen nol-ian kaleth.,My sense of smell is strong.,Expansion example,Describing olfactory capacity.,Canon,User-approved expansion support.,LX-DSL1-0043,related usage,,Approved,
PE-DSL1-0086,Domestic and Sensory Life 1,Common Celan > Nol,,rinaen nol nethnor.,The sense of smell is still present.,Expansion example,Checking retained olfactory perception.,Canon,User-approved expansion support.,LX-DSL1-0043,related usage,,Approved,
PE-DSL1-0087,Domestic and Sensory Life 1,Common Celan > Tov,,kes I tov.,I notice the touch.,Expansion example,Recognizing an instance of contact.,Canon,User-approved expansion support.,LX-DSL1-0044,related usage,,Approved,
PE-DSL1-0088,Domestic and Sensory Life 1,Common Celan > Tov,,rinaen tov an korin-ian.,There is a touch on my hand.,Expansion example,Locating brief physical contact.,Canon,User-approved expansion support.,LX-DSL1-0044,related usage,,Approved,
PE-DSL1-0089,Domestic and Sensory Life 1,Common Celan > Mav,,rinaen mav an felka.,There is illness in the child.,Expansion example,Identifying general bodily illness.,Canon,User-approved expansion support.,LX-DSL1-0045,related usage,,Approved,
PE-DSL1-0090,Domestic and Sensory Life 1,Common Celan > Mav,,rinaen mav nethnor.,The illness is still present.,Expansion example,Continuing general sickness.,Canon,User-approved expansion support.,LX-DSL1-0045,related usage,,Approved,
PE-PFM1-0001,Post-Fracture Mechanics 1,Common Celan > Norzhir,,kel liorin norzhir.,The elder names the timeline.,Expansion example,Identifying a continuous event-thread.,Canon,User-approved expansion support.,LX-PFM1-0001,related usage,,Approved,
PE-PFM1-0002,Post-Fracture Mechanics 1,Common Celan > Norzhir,,kes seren norzhir.,The guardian identifies the timeline.,Expansion example,Field identification of temporal continuity.,Canon,User-approved expansion support.,LX-PFM1-0001,related usage,,Approved,
PE-PFM1-0003,Post-Fracture Mechanics 1,Common Celan > Thalnor,,rinaen thalnor an shalor.,There is temporal stability in the sanctuary.,Expansion example,Stable temporal environment.,Canon,User-approved expansion support.,LX-PFM1-0002,related usage,,Approved,
PE-PFM1-0004,Post-Fracture Mechanics 1,Common Celan > Thalnor,,kes seren thalnor.,The guardian confirms temporal stability.,Expansion example,Field confirmation of coherent time.,Canon,User-approved expansion support.,LX-PFM1-0002,related usage,,Approved,
PE-PFM1-0005,Post-Fracture Mechanics 1,Common Celan > Norreth,,kes I norreth.,I notice temporal instability.,Expansion example,Direct temporal observation.,Canon,User-approved expansion support.,LX-PFM1-0003,related usage,,Approved,
PE-PFM1-0006,Post-Fracture Mechanics 1,Common Celan > Norreth,,rinaen norreth nethnor.,The temporal instability is still present.,Expansion example,Continuing temporal disorder.,Canon,User-approved expansion support.,LX-PFM1-0003,related usage,,Approved,
PE-PFM1-0007,Post-Fracture Mechanics 1,Common Celan > Normav,,kes zhaelral normav.,The healer identifies timeline sickness.,Expansion example,Clinical recognition of temporal illness.,Canon,User-approved expansion support.,LX-PFM1-0004,related usage,,Approved,
PE-PFM1-0008,Post-Fracture Mechanics 1,Common Celan > Normav,,rinaen normav an felka.,There is timeline sickness in the child.,Expansion example,Locating the condition in a patient.,Canon,User-approved expansion support.,LX-PFM1-0004,related usage,,Approved,
PE-PFM1-0009,Post-Fracture Mechanics 1,Common Celan > Normaveth,,rinaen ser normaveth.,The friend is afflicted by timeline sickness.,Expansion example,Direct patient description.,Canon,User-approved expansion support.,LX-PFM1-0005,related usage,,Approved,
PE-PFM1-0010,Post-Fracture Mechanics 1,Common Celan > Normaveth,,rinaen felka normaveth nethnor.,The child is still timeline-sick.,Expansion example,Continuing temporal symptoms.,Canon,User-approved expansion support.,LX-PFM1-0005,related usage,,Approved,
PE-PFM1-0011,Post-Fracture Mechanics 1,Common Celan > Xilnor,,kes seren xilnor.,The guardian identifies a temporal fracture.,Expansion example,Field recognition of broken continuity.,Canon,User-approved expansion support.,LX-PFM1-0006,related usage,,Approved,
PE-PFM1-0012,Post-Fracture Mechanics 1,Common Celan > Xilnor,,rinaen xilnor an norzhir.,The temporal fracture lies within the timeline.,Expansion example,Locating a discontinuity in an event-thread.,Canon,User-approved expansion support.,LX-PFM1-0006,related usage,,Approved,
PE-PFM1-0013,Post-Fracture Mechanics 1,Common Celan > Felnor,,kes I felnor.,I notice a time skip.,Expansion example,Personal recognition of missing time.,Canon,User-approved expansion support.,LX-PFM1-0007,related usage,,Approved,
PE-PFM1-0014,Post-Fracture Mechanics 1,Common Celan > Felnor,,rinaen felnor an norzhir.,The time skip is within the timeline.,Expansion example,Locating an unexperienced interval.,Canon,User-approved expansion support.,LX-PFM1-0007,related usage,,Approved,
PE-PFM1-0015,Post-Fracture Mechanics 1,Common Celan > Delnor,,rinaen delnor an lianrethor.,There is temporal overlap in the anomaly zone.,Expansion example,Co-present temporal states.,Canon,User-approved expansion support.,LX-PFM1-0008,related usage,,Approved,
PE-PFM1-0016,Post-Fracture Mechanics 1,Common Celan > Delnor,,kes liorin delnor.,The elder identifies the temporal overlap.,Expansion example,Diagnosis of concurrent time states.,Canon,User-approved expansion support.,LX-PFM1-0008,related usage,,Approved,
PE-PFM1-0017,Post-Fracture Mechanics 1,Common Celan > Rethweknor,,rinaen rethweknor an shalor.,There is a time loop in the sanctuary.,Expansion example,Localized recursive time.,Canon,User-approved expansion support.,LX-PFM1-0009,related usage,,Approved,
PE-PFM1-0018,Post-Fracture Mechanics 1,Common Celan > Rethweknor,,kes seren rethweknor.,The guardian detects the time loop.,Expansion example,Field detection of dangerous recurrence.,Canon,User-approved expansion support.,LX-PFM1-0009,related usage,,Approved,
PE-PFM1-0019,Post-Fracture Mechanics 1,Common Celan > Jornor,,rinaen jornor an lianrethor.,There is a temporal surge in the anomaly zone.,Expansion example,Localized accelerated time.,Canon,User-approved expansion support.,LX-PFM1-0010,related usage,,Approved,
PE-PFM1-0020,Post-Fracture Mechanics 1,Common Celan > Jornor,,kes I jornor.,I notice the temporal surge.,Expansion example,Recognition of accelerated passage.,Canon,User-approved expansion support.,LX-PFM1-0010,related usage,,Approved,
PE-PFM1-0021,Post-Fracture Mechanics 1,Common Celan > Velnor,,rinaen velnor an lianrethor.,There is temporal drag in the anomaly zone.,Expansion example,Localized slowed time.,Canon,User-approved expansion support.,LX-PFM1-0011,related usage,,Approved,
PE-PFM1-0022,Post-Fracture Mechanics 1,Common Celan > Velnor,,kes liorin velnor.,The elder identifies the temporal drag.,Expansion example,Recognition of slowed passage.,Canon,User-approved expansion support.,LX-PFM1-0011,related usage,,Approved,
PE-PFM1-0023,Post-Fracture Mechanics 1,Common Celan > Norshan,,kes liorin norshan.,The elder identifies temporal displacement.,Expansion example,Diagnosis of an object or person outside proper time.,Canon,User-approved expansion support.,LX-PFM1-0012,related usage,,Approved,
PE-PFM1-0024,Post-Fracture Mechanics 1,Common Celan > Norshan,,rinaen norshan an shalor.,There is temporal displacement in the sanctuary.,Expansion example,Localized displacement event.,Canon,User-approved expansion support.,LX-PFM1-0012,related usage,,Approved,
PE-PFM1-0025,Post-Fracture Mechanics 1,Common Celan > Norshanaen,,norshanaen karvek.,The toolkit becomes temporally displaced.,Expansion example,Object shifting away from proper time.,Canon,User-approved expansion support.,LX-PFM1-0013,related usage,,Approved,
PE-PFM1-0026,Post-Fracture Mechanics 1,Common Celan > Norshanaen,,norshanaen ser.,The friend shifts out of temporal position.,Expansion example,Personal temporal displacement.,Canon,User-approved expansion support.,LX-PFM1-0013,related usage,,Approved,
PE-PFM1-0027,Post-Fracture Mechanics 1,Common Celan > Thalnoraen,,thalnoraen liorin norzhir.,The elder stabilizes the timeline.,Expansion example,Restoring coherent event order.,Canon,User-approved expansion support.,LX-PFM1-0014,related usage,,Approved,
PE-PFM1-0028,Post-Fracture Mechanics 1,Common Celan > Thalnoraen,,thalnoraen seren shalor.,The guardian stabilizes time in the sanctuary.,Expansion example,Temporal field stabilization.,Canon,User-approved expansion support.,LX-PFM1-0014,related usage,,Approved,
PE-PFM1-0029,Post-Fracture Mechanics 1,Common Celan > Vethvelrathor,,kes I vethvelrathor.,I notice an Echo.,Expansion example,Recognizing a non-agential memory remnant.,Canon,User-approved expansion support.,LX-PFM1-0015,related usage,,Approved,
PE-PFM1-0030,Post-Fracture Mechanics 1,Common Celan > Vethvelrathor,,aen vethvelrathor kelka nethnor.,The Echo still speaks the word.,Expansion example,Repeated speech without agency.,Canon,User-approved expansion support.,LX-PFM1-0015,related usage,,Approved,
PE-PFM1-0031,Post-Fracture Mechanics 1,Common Celan > Shanvelrathor,,rinaen shanvelrathor an liorin.,The elder has a cross-timeline memory.,Expansion example,Locating an authentic transferred memory.,Canon,User-approved expansion support.,LX-PFM1-0016,related usage,,Approved,
PE-PFM1-0032,Post-Fracture Mechanics 1,Common Celan > Shanvelrathor,,kes zhaelral shanvelrathor.,The healer identifies a cross-timeline memory.,Expansion example,Clinical distinction from ordinary recollection.,Canon,User-approved expansion support.,LX-PFM1-0016,related usage,,Approved,
PE-PFM1-0033,Post-Fracture Mechanics 1,Common Celan > Shanvelzhiraen,,shanvelzhiraen I varthas.,I remember a city from another timeline.,Expansion example,Authentic cross-timeline recall.,Canon,User-approved expansion support.,LX-PFM1-0017,related usage,,Approved,
PE-PFM1-0034,Post-Fracture Mechanics 1,Common Celan > Shanvelzhiraen,,shanvelzhiraen ser felka.,The friend remembers a child from another timeline.,Expansion example,Cross-timeline personal recollection.,Canon,User-approved expansion support.,LX-PFM1-0017,related usage,,Approved,
PE-PFM1-0035,Post-Fracture Mechanics 1,Common Celan > Delvelrathor,,rinaen delvelrathor an I.,I hold two incompatible memories.,Expansion example,Divided autobiographical memory.,Canon,User-approved expansion support.,LX-PFM1-0018,related usage,,Approved,
PE-PFM1-0036,Post-Fracture Mechanics 1,Common Celan > Delvelrathor,,kes zhaelral delvelrathor.,The healer identifies incompatible memories.,Expansion example,Diagnosis of dual remembered outcomes.,Canon,User-approved expansion support.,LX-PFM1-0018,related usage,,Approved,
PE-PFM1-0037,Post-Fracture Mechanics 1,Common Celan > Belvelrathor,,rinaen belvelrathor an ser.,The friend has entangled memories.,Expansion example,Joined memories from distinct lives.,Canon,User-approved expansion support.,LX-PFM1-0019,related usage,,Approved,
PE-PFM1-0038,Post-Fracture Mechanics 1,Common Celan > Belvelrathor,,kes zhaelral belvelrathor.,The healer identifies memory entanglement.,Expansion example,Clinical recognition of memory contamination.,Canon,User-approved expansion support.,LX-PFM1-0019,related usage,,Approved,
PE-PFM1-0039,Post-Fracture Mechanics 1,Common Celan > Rathorjor,,kes I rathorjor.,I notice a sudden memory intrusion.,Expansion example,Personal recognition of an intrusive memory-flash.,Canon,User-approved expansion support.,LX-PFM1-0020,related usage,,Approved,
PE-PFM1-0040,Post-Fracture Mechanics 1,Common Celan > Rathorjor,,rinaen rathorjor nethnor.,The memory intrusion is still present.,Expansion example,Continuing vivid recollection.,Canon,User-approved expansion support.,LX-PFM1-0020,related usage,,Approved,
PE-PFM1-0041,Post-Fracture Mechanics 1,Common Celan > Kavelrathor,,rinaen kavelrathor an I.,I have a memory gap.,Expansion example,Bounded absence in personal history.,Canon,User-approved expansion support.,LX-PFM1-0021,related usage,,Approved,
PE-PFM1-0042,Post-Fracture Mechanics 1,Common Celan > Kavelrathor,,kes zhaelral kavelrathor.,The healer identifies the memory gap.,Expansion example,Distinguishing a gap from ordinary forgetting.,Canon,User-approved expansion support.,LX-PFM1-0021,related usage,,Approved,
PE-PFM1-0043,Post-Fracture Mechanics 1,Common Celan > Lianreth,,kes seren lianreth.,The guardian detects a reality anomaly.,Expansion example,Field detection of incoherent law.,Canon,User-approved expansion support.,LX-PFM1-0022,related usage,,Approved,
PE-PFM1-0044,Post-Fracture Mechanics 1,Common Celan > Lianreth,,rinaen lianreth an shalor.,There is a reality anomaly in the sanctuary.,Expansion example,Localized reality failure.,Canon,User-approved expansion support.,LX-PFM1-0022,related usage,,Approved,
PE-PFM1-0045,Post-Fracture Mechanics 1,Common Celan > Lianrethor,,kasharaen sharavok lianrethor.,The caravan avoids the anomaly zone.,Expansion example,Travel around a bounded anomaly.,Canon,User-approved expansion support.,LX-PFM1-0023,related usage,,Approved,
PE-PFM1-0046,Post-Fracture Mechanics 1,Common Celan > Lianrethor,,keldoraen seren lianrethor.,The guardian marks the anomaly zone.,Expansion example,Field marking of an affected domain.,Canon,User-approved expansion support.,LX-PFM1-0023,related usage,,Approved,
PE-PFM1-0047,Post-Fracture Mechanics 1,Common Celan > Lianrethaen,,lianrethaen mor.,The ground becomes reality-warped.,Expansion example,Physical law failing in terrain.,Canon,User-approved expansion support.,LX-PFM1-0024,related usage,,Approved,
PE-PFM1-0048,Post-Fracture Mechanics 1,Common Celan > Lianrethaen,,lianrethaen shalor.,The sanctuary becomes reality-warped.,Expansion example,Law incoherence affecting a place.,Canon,User-approved expansion support.,LX-PFM1-0024,related usage,,Approved,
PE-PFM1-0049,Post-Fracture Mechanics 1,Common Celan > Lianthal,,rinaen lianthal an shalor.,There is reality coherence in the sanctuary.,Expansion example,Stable agreement of local laws.,Canon,User-approved expansion support.,LX-PFM1-0025,related usage,,Approved,
PE-PFM1-0050,Post-Fracture Mechanics 1,Common Celan > Lianthal,,kes liorin lianthal.,The elder confirms reality coherence.,Expansion example,Field confirmation of stable law.,Canon,User-approved expansion support.,LX-PFM1-0025,related usage,,Approved,
PE-PFM1-0051,Post-Fracture Mechanics 1,Common Celan > Lianthalaen,,lianthalaen liorin shalor.,The elder stabilizes the sanctuary's reality.,Expansion example,Restoring coherent local law.,Canon,User-approved expansion support.,LX-PFM1-0026,related usage,,Approved,
PE-PFM1-0052,Post-Fracture Mechanics 1,Common Celan > Lianthalaen,,lianthalaen seren lianrethor.,The guardian stabilizes the anomaly zone.,Expansion example,Active reality stabilization.,Canon,User-approved expansion support.,LX-PFM1-0026,related usage,,Approved,
PE-PFM1-0053,Post-Fracture Mechanics 1,Common Celan > Rethmor,,kes sharavok rethmor.,The caravan notices the anomalous terrain.,Expansion example,Travel encounter with rearranged ground.,Canon,User-approved expansion support.,LX-PFM1-0027,related usage,,Approved,
PE-PFM1-0054,Post-Fracture Mechanics 1,Common Celan > Rethmor,,rinaen rethmor an verdor.,There is anomalous terrain in the forest.,Expansion example,Localized accidental geography.,Canon,User-approved expansion support.,LX-PFM1-0027,related usage,,Approved,
PE-PFM1-0055,Post-Fracture Mechanics 1,Common Celan > Lianrethxar,,keldoraen seren lianrethxar.,The guardian marks the anomaly boundary.,Expansion example,Marking the perceptible edge of a zone.,Canon,User-approved expansion support.,LX-PFM1-0028,related usage,,Approved,
PE-PFM1-0056,Post-Fracture Mechanics 1,Common Celan > Lianrethxar,,dar sharavok an lianrethxar.,The caravan waits at the anomaly boundary.,Expansion example,Stopping before an unstable domain.,Canon,User-approved expansion support.,LX-PFM1-0028,related usage,,Approved,
PE-PFM1-0057,Post-Fracture Mechanics 1,Common Celan > Kalrav,,kes seren kalrav.,The guardian notices gravity.,Expansion example,Ordinary physical gravitational pull.,Canon,User-approved expansion support.,LX-PFM1-0029,related usage,,Approved,
PE-PFM1-0058,Post-Fracture Mechanics 1,Common Celan > Kalrav,,rinaen kalrav kaleth.,Gravity is strong.,Expansion example,Describing gravitational strength.,Canon,User-approved expansion support.,LX-PFM1-0029,related usage,,Approved,
PE-PFM1-0059,Post-Fracture Mechanics 1,Common Celan > Kalravor,,kes seren kalravor.,The guardian detects a gravity pocket.,Expansion example,Field recognition of localized pull.,Canon,User-approved expansion support.,LX-PFM1-0030,related usage,,Approved,
PE-PFM1-0060,Post-Fracture Mechanics 1,Common Celan > Kalravor,,rinaen kalravor an shalor.,There is a gravity pocket in the sanctuary.,Expansion example,Localized anomalous gravitational field.,Canon,User-approved expansion support.,LX-PFM1-0030,related usage,,Approved,
PE-PFM1-0061,Post-Fracture Mechanics 1,Common Celan > Workalrav,,rinaen workalrav an lianrethor.,There is high gravity in the anomaly zone.,Expansion example,Localized intensified pull.,Canon,User-approved expansion support.,LX-PFM1-0031,related usage,,Approved,
PE-PFM1-0062,Post-Fracture Mechanics 1,Common Celan > Workalrav,,kes sharavok workalrav.,The caravan detects high gravity.,Expansion example,Travel hazard recognition.,Canon,User-approved expansion support.,LX-PFM1-0031,related usage,,Approved,
PE-PFM1-0063,Post-Fracture Mechanics 1,Common Celan > Felkalrav,,rinaen felkalrav an varthas.,There is low gravity in the city.,Expansion example,Localized weakened pull.,Canon,User-approved expansion support.,LX-PFM1-0032,related usage,,Approved,
PE-PFM1-0064,Post-Fracture Mechanics 1,Common Celan > Felkalrav,,kes I felkalrav.,I notice the low gravity.,Expansion example,Personal recognition of weakened pull.,Canon,User-approved expansion support.,LX-PFM1-0032,related usage,,Approved,
PE-PFM1-0065,Post-Fracture Mechanics 1,Common Celan > Kakalrav,,rinaen kakalrav an shalor.,There is weightlessness in the sanctuary.,Expansion example,Absence of local gravity.,Canon,User-approved expansion support.,LX-PFM1-0033,related usage,,Approved,
PE-PFM1-0066,Post-Fracture Mechanics 1,Common Celan > Kakalrav,,aloraen I karvek an kakalrav.,I release the toolkit in weightlessness.,Expansion example,Object release under zero gravity.,Canon,User-approved expansion support.,LX-PFM1-0033,related usage,,Approved,
PE-PFM1-0067,Post-Fracture Mechanics 1,Common Celan > Jekkalrav,,rinaen jekkalrav an lianrethor.,There is gravitational sway in the anomaly zone.,Expansion example,Changing local down direction.,Canon,User-approved expansion support.,LX-PFM1-0034,related usage,,Approved,
PE-PFM1-0068,Post-Fracture Mechanics 1,Common Celan > Jekkalrav,,kes I jekkalrav.,I notice the gravitational sway.,Expansion example,Personal recognition of rotating pull.,Canon,User-approved expansion support.,LX-PFM1-0034,related usage,,Approved,
PE-PFM1-0069,Post-Fracture Mechanics 1,Common Celan > Kalravaen,,kalravaen kalravor karvek.,The gravity pocket pulls the toolkit.,Expansion example,Localized field drawing matter.,Canon,User-approved expansion support.,LX-PFM1-0035,related usage,,Approved,
PE-PFM1-0070,Post-Fracture Mechanics 1,Common Celan > Kalravaen,,kalravaen mor I.,The earth pulls me through gravity.,Expansion example,Ordinary attraction toward ground.,Canon,User-approved expansion support.,LX-PFM1-0035,related usage,,Approved,
PE-PFM1-0071,Post-Fracture Mechanics 1,Common Celan > Lianrethshen,,rinaen lianrethshen kaleth.,The anomaly reading is high.,Expansion example,Reporting an intense measured value.,Canon,User-approved expansion support.,LX-PFM1-0036,related usage,,Approved,
PE-PFM1-0072,Post-Fracture Mechanics 1,Common Celan > Lianrethshen,,kes liorin lianrethshen.,The elder checks the anomaly reading.,Expansion example,Reviewing a field measurement.,Canon,User-approved expansion support.,LX-PFM1-0036,related usage,,Approved,
PE-PFM1-0073,Post-Fracture Mechanics 1,Common Celan > Vaarshen,,dar sharavok an vaarshen.,The caravan waits at the safe distance.,Expansion example,Maintaining hazard clearance.,Canon,User-approved expansion support.,LX-PFM1-0037,related usage,,Approved,
PE-PFM1-0074,Post-Fracture Mechanics 1,Common Celan > Vaarshen,,keldoraen seren vaarshen.,The guardian marks the safe distance.,Expansion example,Establishing a protective perimeter.,Canon,User-approved expansion support.,LX-PFM1-0037,related usage,,Approved,
PE-PFM1-0075,Post-Fracture Mechanics 1,Common Celan > Keldoraen,,keldoraen seren lianrethxar.,The guardian marks the anomaly boundary.,Expansion example,Placing a hazard indicator.,Canon,User-approved expansion support.,LX-PFM1-0038,related usage,,Approved,
PE-PFM1-0076,Post-Fracture Mechanics 1,Common Celan > Keldoraen,,keldoraen I shalor.,I mark the sanctuary.,Expansion example,Placing an identifying location sign.,Canon,User-approved expansion support.,LX-PFM1-0038,related usage,,Approved,
PE-PFM1-0077,Post-Fracture Mechanics 1,Common Celan > Kasharaen,,kasharaen sharavok lianrethor.,The caravan avoids the anomaly zone.,Expansion example,Routing around a known hazard.,Canon,User-approved expansion support.,LX-PFM1-0039,related usage,,Approved,
PE-PFM1-0078,Post-Fracture Mechanics 1,Common Celan > Kasharaen,,kasharaen felka kalravor.,The child avoids the gravity pocket.,Expansion example,Ordinary warning-driven avoidance.,Canon,User-approved expansion support.,LX-PFM1-0039,related usage,,Approved,
PE-PFM1-0079,Post-Fracture Mechanics 1,Common Celan > Belkoraen,,belkoraen seren sharavok.,The guardian anchors the caravan.,Expansion example,Securing travelers against displacement.,Canon,User-approved expansion support.,LX-PFM1-0040,related usage,,Approved,
PE-PFM1-0080,Post-Fracture Mechanics 1,Common Celan > Belkoraen,,belkoraen liorin shalor.,The elder anchors the sanctuary.,Expansion example,Stabilizing a place against displacement.,Canon,User-approved expansion support.,LX-PFM1-0040,related usage,,Approved,
PE-FAP1-0001,"Food, Agriculture, and Preservation 1",Common Celan > LX-FAP1-0001,,kal balpral belvok.,Farming strengthens the family.,Expansion example,Ordinary livelihood use.,Canon,User-approved expansion support.,LX-FAP1-0001,related usage,,Approved,
PE-FAP1-0002,"Food, Agriculture, and Preservation 1",Common Celan > LX-FAP1-0001,,lorin balpral bren.,Farming guides the harvest.,Expansion example,Planning cultivation around yield.,Canon,User-approved expansion support.,LX-FAP1-0001,related usage,,Approved,
PE-FAP1-0003,"Food, Agriculture, and Preservation 1",Common Celan > LX-FAP1-0002,,balpralaen balral sov.,The farmer cultivates the field.,Expansion example,Ordinary occupational use.,Canon,User-approved expansion support.,LX-FAP1-0002,related usage,,Approved,
PE-FAP1-0004,"Food, Agriculture, and Preservation 1",Common Celan > LX-FAP1-0002,,dar balral an awekshara.,The farmer waits by the spring-fed canal.,Expansion example,A cultivator coordinating irrigation.,Canon,User-approved expansion support.,LX-FAP1-0002,related usage,,Approved,
PE-FAP1-0005,"Food, Agriculture, and Preservation 1",Common Celan > LX-FAP1-0003,,rinaen pralbal an sov.,The crop is in the field.,Expansion example,Locating cultivated produce.,Canon,User-approved expansion support.,LX-FAP1-0003,related usage,,Approved,
PE-FAP1-0006,"Food, Agriculture, and Preservation 1",Common Celan > LX-FAP1-0003,,kes balral pralbal.,The farmer notices the crop.,Expansion example,Inspecting cultivated growth.,Canon,User-approved expansion support.,LX-FAP1-0003,related usage,,Approved,
PE-FAP1-0007,"Food, Agriculture, and Preservation 1",Common Celan > LX-FAP1-0004,,balpralaen I verdsov.,I cultivate the garden.,Expansion example,Ordinary first-person use.,Canon,User-approved expansion support.,LX-FAP1-0004,related usage,,Approved,
PE-FAP1-0008,"Food, Agriculture, and Preservation 1",Common Celan > LX-FAP1-0004,,balpralaen balral pralbal.,The farmer cultivates the crop.,Expansion example,Occupational cultivation.,Canon,User-approved expansion support.,LX-FAP1-0004,related usage,,Approved,
PE-FAP1-0009,"Food, Agriculture, and Preservation 1",Common Celan > LX-FAP1-0005,,drobalaen balral sov.,The farmer irrigates the field.,Expansion example,Supplying a cultivated plot with water.,Canon,User-approved expansion support.,LX-FAP1-0005,related usage,,Approved,
PE-FAP1-0010,"Food, Agriculture, and Preservation 1",Common Celan > LX-FAP1-0005,,drobalaen I verdsov.,I irrigate the garden.,Expansion example,Ordinary household cultivation.,Canon,User-approved expansion support.,LX-FAP1-0005,related usage,,Approved,
PE-FAP1-0011,"Food, Agriculture, and Preservation 1",Common Celan > LX-FAP1-0006,,rinaen sov ser awekshara.,The field is connected to the spring-fed canal.,Expansion example,Locating a working plot within irrigation.,Canon,User-approved expansion support.,LX-FAP1-0006,related usage,,Approved,
PE-FAP1-0012,"Food, Agriculture, and Preservation 1",Common Celan > LX-FAP1-0006,,dor balral pralbal an sov.,The farmer places the crop in the field.,Expansion example,Planting within a bounded plot.,Canon,User-approved expansion support.,LX-FAP1-0006,related usage,,Approved,
PE-FAP1-0013,"Food, Agriculture, and Preservation 1",Common Celan > LX-FAP1-0007,,rinaen brossov an morl.,The agricultural terrace is on the mountain.,Expansion example,Mountain cultivation.,Canon,User-approved expansion support.,LX-FAP1-0007,related usage,,Approved,
PE-FAP1-0014,"Food, Agriculture, and Preservation 1",Common Celan > LX-FAP1-0007,,arth balral brossov.,The farmer protects the terrace.,Expansion example,Maintaining a cultivated slope.,Canon,User-approved expansion support.,LX-FAP1-0007,related usage,,Approved,
PE-FAP1-0015,"Food, Agriculture, and Preservation 1",Common Celan > LX-FAP1-0008,,rinaen fennil an verdsov.,The herbs are in the garden.,Expansion example,Locating cultivated plants.,Canon,User-approved expansion support.,LX-FAP1-0008,related usage,,Approved,
PE-FAP1-0016,"Food, Agriculture, and Preservation 1",Common Celan > LX-FAP1-0008,,balpralaen I verdsov.,I cultivate the garden.,Expansion example,Ordinary garden work.,Canon,User-approved expansion support.,LX-FAP1-0008,related usage,,Approved,
PE-FAP1-0017,"Food, Agriculture, and Preservation 1",Common Celan > LX-FAP1-0009,,rinaen zornelar an vilorsov.,The honey is in the orchard.,Expansion example,Food gathered near cultivated fruit.,Canon,User-approved expansion support.,LX-FAP1-0009,related usage,,Approved,
PE-FAP1-0018,"Food, Agriculture, and Preservation 1",Common Celan > LX-FAP1-0009,,bren balral vilorsov.,The farmer harvests the orchard.,Expansion example,Perennial crop work.,Canon,User-approved expansion support.,LX-FAP1-0009,related usage,,Approved,
PE-FAP1-0019,"Food, Agriculture, and Preservation 1",Common Celan > LX-FAP1-0010,,kesbrenaen I fennil an verdor.,I forage for herbs in the forest.,Expansion example,Ordinary wild gathering.,Canon,User-approved expansion support.,LX-FAP1-0010,related usage,,Approved,
PE-FAP1-0020,"Food, Agriculture, and Preservation 1",Common Celan > LX-FAP1-0010,,kesbrenaen sharavok felverd.,The caravan forages for moss.,Expansion example,Survival gathering during travel.,Canon,User-approved expansion support.,LX-FAP1-0010,related usage,,Approved,
PE-FAP1-0021,"Food, Agriculture, and Preservation 1",Common Celan > LX-FAP1-0011,,gavaen gavral zor an morl.,The hunter hunts an animal in the mountains.,Expansion example,Ordinary hunting.,Canon,User-approved expansion support.,LX-FAP1-0011,related usage,,Approved,
PE-FAP1-0022,"Food, Agriculture, and Preservation 1",Common Celan > LX-FAP1-0011,,siv gavaen I zor.,I try to hunt the animal.,Expansion example,Hunting as uncertain pursuit.,Canon,User-approved expansion support.,LX-FAP1-0011,related usage,,Approved,
PE-FAP1-0023,"Food, Agriculture, and Preservation 1",Common Celan > LX-FAP1-0012,,var gavral an morl.,The hunter goes to the mountain.,Expansion example,Ordinary occupational travel.,Canon,User-approved expansion support.,LX-FAP1-0012,related usage,,Approved,
PE-FAP1-0024,"Food, Agriculture, and Preservation 1",Common Celan > LX-FAP1-0012,,kes gavral zor.,The hunter notices the animal.,Expansion example,Tracking living quarry.,Canon,User-approved expansion support.,LX-FAP1-0012,related usage,,Approved,
PE-FAP1-0025,"Food, Agriculture, and Preservation 1",Common Celan > LX-FAP1-0013,,rinaen nesh an lun.,The aquatic creature is in the lake.,Expansion example,Generic aquatic-animal reference.,Canon,User-approved expansion support.,LX-FAP1-0013,related usage,,Approved,
PE-FAP1-0026,"Food, Agriculture, and Preservation 1",Common Celan > LX-FAP1-0013,,kes I nesh an dren.,I notice a fish in the water.,Expansion example,Ordinary unmarked fish use.,Canon,User-approved expansion support.,LX-FAP1-0013,related usage,,Approved,
PE-FAP1-0027,"Food, Agriculture, and Preservation 1",Common Celan > LX-FAP1-0014,,neshbrenaen I an lun.,I fish at the lake.,Expansion example,Ordinary fishing.,Canon,User-approved expansion support.,LX-FAP1-0014,related usage,,Approved,
PE-FAP1-0028,"Food, Agriculture, and Preservation 1",Common Celan > LX-FAP1-0014,,neshbrenaen neshbrenral an mahr.,The fisher harvests aquatic creatures from the ocean.,Expansion example,Occupational aquatic harvesting.,Canon,User-approved expansion support.,LX-FAP1-0014,related usage,,Approved,
PE-FAP1-0029,"Food, Agriculture, and Preservation 1",Common Celan > LX-FAP1-0015,,var neshbrenral an mahr.,The fisher goes to the ocean.,Expansion example,Occupational travel.,Canon,User-approved expansion support.,LX-FAP1-0015,related usage,,Approved,
PE-FAP1-0030,"Food, Agriculture, and Preservation 1",Common Celan > LX-FAP1-0015,,vekaen neshbrenral nesh.,The fisher carries the catch.,Expansion example,Handling a day's catch.,Canon,User-approved expansion support.,LX-FAP1-0015,related usage,,Approved,
PE-FAP1-0031,"Food, Agriculture, and Preservation 1",Common Celan > LX-FAP1-0016,,rinaen xarnesh an emilpral.,The shellfish is on the plate.,Expansion example,Ordinary food use.,Canon,User-approved expansion support.,LX-FAP1-0016,related usage,,Approved,
PE-FAP1-0032,"Food, Agriculture, and Preservation 1",Common Celan > LX-FAP1-0016,,kes neshbrenral xarnesh.,The fisher notices the shellfish.,Expansion example,Distinguishing covered aquatic animals.,Canon,User-approved expansion support.,LX-FAP1-0016,related usage,,Approved,
PE-FAP1-0033,"Food, Agriculture, and Preservation 1",Common Celan > LX-FAP1-0017,,bren I mahrfennil.,I harvest seaweed.,Expansion example,Marine gathering.,Canon,User-approved expansion support.,LX-FAP1-0017,related usage,,Approved,
PE-FAP1-0034,"Food, Agriculture, and Preservation 1",Common Celan > LX-FAP1-0017,,rinaen mahrfennil an kavvek.,The seaweed is in the storage jar.,Expansion example,Food preservation context.,Canon,User-approved expansion support.,LX-FAP1-0017,related usage,,Approved,
PE-FAP1-0035,"Food, Agriculture, and Preservation 1",Common Celan > LX-FAP1-0018,,kes I zor an shara.,I notice an animal on the path.,Expansion example,Generic animal reference.,Canon,User-approved expansion support.,LX-FAP1-0018,related usage,,Approved,
PE-FAP1-0036,"Food, Agriculture, and Preservation 1",Common Celan > LX-FAP1-0018,,arth zhaelral zor.,The healer protects the animal.,Expansion example,Animal-care use.,Canon,User-approved expansion support.,LX-FAP1-0018,related usage,,Approved,
PE-FAP1-0037,"Food, Agriculture, and Preservation 1",Common Celan > LX-FAP1-0019,,rinaen belzor ser belzorral.,The livestock are with the herder.,Expansion example,Domesticated-animal use.,Canon,User-approved expansion support.,LX-FAP1-0019,related usage,,Approved,
PE-FAP1-0038,"Food, Agriculture, and Preservation 1",Common Celan > LX-FAP1-0019,,vekaen sharavok belzor.,The caravan carries livestock.,Expansion example,Livestock in transport and trade.,Canon,User-approved expansion support.,LX-FAP1-0019,related usage,,Approved,
PE-FAP1-0039,"Food, Agriculture, and Preservation 1",Common Celan > LX-FAP1-0020,,belzoraen belzorral belzor.,The herder tends the livestock.,Expansion example,Ordinary herding.,Canon,User-approved expansion support.,LX-FAP1-0020,related usage,,Approved,
PE-FAP1-0040,"Food, Agriculture, and Preservation 1",Common Celan > LX-FAP1-0020,,belzoraen I belzor thal krez.,I herd the livestock away from the fire.,Expansion example,Directing animals from danger.,Canon,User-approved expansion support.,LX-FAP1-0020,related usage,,Approved,
PE-FAP1-0041,"Food, Agriculture, and Preservation 1",Common Celan > LX-FAP1-0021,,arth belzorral belzor.,The herder protects the livestock.,Expansion example,Caretaking role.,Canon,User-approved expansion support.,LX-FAP1-0021,related usage,,Approved,
PE-FAP1-0042,"Food, Agriculture, and Preservation 1",Common Celan > LX-FAP1-0021,,dar belzorral an teremil.,The herder waits at the home camp.,Expansion example,Ordinary occupational scene.,Canon,User-approved expansion support.,LX-FAP1-0021,related usage,,Approved,
PE-FAP1-0043,"Food, Agriculture, and Preservation 1",Common Celan > LX-FAP1-0022,,tal I zordren an felka.,I give milk to the child.,Expansion example,Household nourishment.,Canon,User-approved expansion support.,LX-FAP1-0022,related usage,,Approved,
PE-FAP1-0044,"Food, Agriculture, and Preservation 1",Common Celan > LX-FAP1-0022,,rinaen zordren an drenvor.,The milk is in the bowl.,Expansion example,Ordinary food handling.,Canon,User-approved expansion support.,LX-FAP1-0022,related usage,,Approved,
PE-FAP1-0045,"Food, Agriculture, and Preservation 1",Common Celan > LX-FAP1-0023,,zordrenvinaen belzorral belzor.,The herder milks the livestock.,Expansion example,Occupational animal care.,Canon,User-approved expansion support.,LX-FAP1-0023,related usage,,Approved,
PE-FAP1-0046,"Food, Agriculture, and Preservation 1",Common Celan > LX-FAP1-0023,,zordrenvinaen I belzor.,I milk the animal.,Expansion example,Ordinary first-person use.,Canon,User-approved expansion support.,LX-FAP1-0023,related usage,,Approved,
PE-FAP1-0047,"Food, Agriculture, and Preservation 1",Common Celan > LX-FAP1-0024,,rinaen felverd an verdor.,Moss is in the forest.,Expansion example,Natural habitat use.,Canon,User-approved expansion support.,LX-FAP1-0024,related usage,,Approved,
PE-FAP1-0048,"Food, Agriculture, and Preservation 1",Common Celan > LX-FAP1-0024,,bren I felverd.,I gather moss.,Expansion example,Food material or padding use.,Canon,User-approved expansion support.,LX-FAP1-0024,related usage,,Approved,
PE-FAP1-0049,"Food, Agriculture, and Preservation 1",Common Celan > LX-FAP1-0025,,rinaen morlverd esh mormek.,The lichen is on the worked stone.,Expansion example,Surface-growth distinction.,Canon,User-approved expansion support.,LX-FAP1-0025,related usage,,Approved,
PE-FAP1-0050,"Food, Agriculture, and Preservation 1",Common Celan > LX-FAP1-0025,,bren zhaelral morlverd.,The healer gathers lichen.,Expansion example,Medicinal gathering.,Canon,User-approved expansion support.,LX-FAP1-0025,related usage,,Approved,
PE-FAP1-0051,"Food, Agriculture, and Preservation 1",Common Celan > LX-FAP1-0026,,rinaen nelar an zhaelin.,The nectar is in the flower.,Expansion example,Plant-produced sweetness.,Canon,User-approved expansion support.,LX-FAP1-0026,related usage,,Approved,
PE-FAP1-0052,"Food, Agriculture, and Preservation 1",Common Celan > LX-FAP1-0026,,bren I nelar.,I gather nectar.,Expansion example,Ordinary collection.,Canon,User-approved expansion support.,LX-FAP1-0026,related usage,,Approved,
PE-FAP1-0053,"Food, Agriculture, and Preservation 1",Common Celan > LX-FAP1-0027,,dor I zornelar an fennildren.,I put honey in the tea.,Expansion example,Food preparation.,Canon,User-approved expansion support.,LX-FAP1-0027,related usage,,Approved,
PE-FAP1-0054,"Food, Agriculture, and Preservation 1",Common Celan > LX-FAP1-0027,,rinaen zornelar an kavvek.,The honey is in the jar.,Expansion example,Household storage.,Canon,User-approved expansion support.,LX-FAP1-0027,related usage,,Approved,
PE-FAP1-0055,"Food, Agriculture, and Preservation 1",Common Celan > LX-FAP1-0028,,dor I jelkor an venak.,I put seasoning in the stew.,Expansion example,Ordinary cooking.,Canon,User-approved expansion support.,LX-FAP1-0028,related usage,,Approved,
PE-FAP1-0056,"Food, Agriculture, and Preservation 1",Common Celan > LX-FAP1-0028,,rinaen jelkor an van.,The spice is in the market.,Expansion example,Trade use.,Canon,User-approved expansion support.,LX-FAP1-0028,related usage,,Approved,
PE-FAP1-0057,"Food, Agriculture, and Preservation 1",Common Celan > LX-FAP1-0029,,pralaen I fennildren.,I make an herbal infusion.,Expansion example,Ordinary drink preparation.,Canon,User-approved expansion support.,LX-FAP1-0029,related usage,,Approved,
PE-FAP1-0058,"Food, Agriculture, and Preservation 1",Common Celan > LX-FAP1-0029,,tal ser fennildren an I.,The friend gives tea to me.,Expansion example,Hospitality use.,Canon,User-approved expansion support.,LX-FAP1-0029,related usage,,Approved,
PE-FAP1-0059,"Food, Agriculture, and Preservation 1",Common Celan > LX-FAP1-0030,,tal I emildren an ser.,I give a beverage to the friend.,Expansion example,Ordinary hospitality.,Canon,User-approved expansion support.,LX-FAP1-0030,related usage,,Approved,
PE-FAP1-0060,"Food, Agriculture, and Preservation 1",Common Celan > LX-FAP1-0030,,rinaen emildren an drenvor.,The beverage is in the cup.,Expansion example,Generic prepared-drink use.,Canon,User-approved expansion support.,LX-FAP1-0030,related usage,,Approved,
PE-FAP2-0001,"Food, Agriculture, and Preservation 2",Common Celan > LX-FAP2-0001,,rinaen saren an sov.,The wheat is in the field.,Expansion example,Cultivated staple use.,Canon,User-approved expansion support.,LX-FAP2-0001,related usage,,Approved,
PE-FAP2-0002,"Food, Agriculture, and Preservation 2",Common Celan > LX-FAP2-0001,,felthamaen balral saren.,The farmer grinds the wheat.,Expansion example,Processing wheat after harvest.,Canon,User-approved expansion support.,LX-FAP2-0001,related usage,,Approved,
PE-FAP2-0003,"Food, Agriculture, and Preservation 2",Common Celan > LX-FAP2-0002,,rinaen fellak an kavvek.,The flour is in the jar.,Expansion example,Household storage.,Canon,User-approved expansion support.,LX-FAP2-0002,related usage,,Approved,
PE-FAP2-0004,"Food, Agriculture, and Preservation 2",Common Celan > LX-FAP2-0002,,dor I fellak an drenvor.,I put flour in the bowl.,Expansion example,Ordinary food preparation.,Canon,User-approved expansion support.,LX-FAP2-0002,related usage,,Approved,
PE-FAP2-0005,"Food, Agriculture, and Preservation 2",Common Celan > LX-FAP2-0003,,pralaen I drenfellak.,I make dough.,Expansion example,Ordinary preparation.,Canon,User-approved expansion support.,LX-FAP2-0003,related usage,,Approved,
PE-FAP2-0006,"Food, Agriculture, and Preservation 2",Common Celan > LX-FAP2-0003,,dar drenfellak nethnor.,The dough is still resting.,Expansion example,Dough resting before further cooking.,Canon,User-approved expansion support.,LX-FAP2-0003,related usage,,Approved,
PE-FAP2-0007,"Food, Agriculture, and Preservation 2",Common Celan > LX-FAP2-0004,,rinaen olan ser dren an xarvek.,The oil is stored apart from the water in the cupboard.,Expansion example,Distinguishing oil from water.,Canon,User-approved expansion support.,LX-FAP2-0004,related usage,,Approved,
PE-FAP2-0008,"Food, Agriculture, and Preservation 2",Common Celan > LX-FAP2-0004,,dor mekral olan an karvek.,The mechanic puts oil on the tool.,Expansion example,Non-food material use.,Canon,User-approved expansion support.,LX-FAP2-0004,related usage,,Approved,
PE-FAP2-0009,"Food, Agriculture, and Preservation 2",Common Celan > LX-FAP2-0005,,dor I emilolan an krezpral.,I put cooking oil in the pan.,Expansion example,Ordinary cooking.,Canon,User-approved expansion support.,LX-FAP2-0005,related usage,,Approved,
PE-FAP2-0010,"Food, Agriculture, and Preservation 2",Common Celan > LX-FAP2-0005,,rinaen emilolan an kavvek.,The edible oil is in the jar.,Expansion example,Kitchen storage.,Canon,User-approved expansion support.,LX-FAP2-0005,related usage,,Approved,
PE-FAP2-0011,"Food, Agriculture, and Preservation 2",Common Celan > LX-FAP2-0006,,rinaen morolan an torin.,The fat is on the meat.,Expansion example,Bodily food substance.,Canon,User-approved expansion support.,LX-FAP2-0006,related usage,,Approved,
PE-FAP2-0012,"Food, Agriculture, and Preservation 2",Common Celan > LX-FAP2-0006,,dor I morolan an drenfellak.,I put fat in the dough.,Expansion example,Cooking ingredient use.,Canon,User-approved expansion support.,LX-FAP2-0006,related usage,,Approved,
PE-FAP2-0013,"Food, Agriculture, and Preservation 2",Common Celan > LX-FAP2-0007,,kes I pralfel ka.,I notice that an ingredient is missing.,Expansion example,Checking preparation components.,Canon,User-approved expansion support.,LX-FAP2-0007,related usage,,Approved,
PE-FAP2-0014,"Food, Agriculture, and Preservation 2",Common Celan > LX-FAP2-0007,,dor zhaelral pralfel an fennilphel.,The healer puts an ingredient in the remedy.,Expansion example,Non-food mixture use.,Canon,User-approved expansion support.,LX-FAP2-0007,related usage,,Approved,
PE-FAP2-0015,"Food, Agriculture, and Preservation 2",Common Celan > LX-FAP2-0008,,velzhiraen I emilshara.,I remember the recipe.,Expansion example,Ordinary memory use.,Canon,User-approved expansion support.,LX-FAP2-0008,related usage,,Approved,
PE-FAP2-0016,"Food, Agriculture, and Preservation 2",Common Celan > LX-FAP2-0008,,lorin emilshara balral.,The recipe guides the cultivator.,Expansion example,Repeatable preparation instructions.,Canon,User-approved expansion support.,LX-FAP2-0008,related usage,,Approved,
PE-FAP2-0017,"Food, Agriculture, and Preservation 2",Common Celan > LX-FAP2-0009,,emilpralaen I venak.,I cook the stew.,Expansion example,Broad cooking action.,Canon,User-approved expansion support.,LX-FAP2-0009,related usage,,Approved,
PE-FAP2-0018,"Food, Agriculture, and Preservation 2",Common Celan > LX-FAP2-0009,,emilpralaen ser torin.,The friend cooks the meat.,Expansion example,Ordinary shared meal preparation.,Canon,User-approved expansion support.,LX-FAP2-0009,related usage,,Approved,
PE-FAP2-0019,"Food, Agriculture, and Preservation 2",Common Celan > LX-FAP2-0010,,xarkrezaen I drenfellak.,I bake the dough.,Expansion example,Enclosed dry-heat cooking.,Canon,User-approved expansion support.,LX-FAP2-0010,related usage,,Approved,
PE-FAP2-0020,"Food, Agriculture, and Preservation 2",Common Celan > LX-FAP2-0010,,xarkrezaen balral morlak.,The farmer bakes the bread.,Expansion example,Ordinary baking.,Canon,User-approved expansion support.,LX-FAP2-0010,related usage,,Approved,
PE-FAP2-0021,"Food, Agriculture, and Preservation 2",Common Celan > LX-FAP2-0011,,krezdrenaen I dren.,I boil the water.,Expansion example,Ordinary liquid heating.,Canon,User-approved expansion support.,LX-FAP2-0011,related usage,,Approved,
PE-FAP2-0022,"Food, Agriculture, and Preservation 2",Common Celan > LX-FAP2-0011,,krezdrenaen I fennil an krezvek.,I boil the herbs in the cooking pot.,Expansion example,Cooking in bubbling liquid.,Canon,User-approved expansion support.,LX-FAP2-0011,related usage,,Approved,
PE-FAP2-0023,"Food, Agriculture, and Preservation 2",Common Celan > LX-FAP2-0012,,eshkrezaen I teravin.,I roast the root vegetables.,Expansion example,Exposed dry-heat cooking.,Canon,User-approved expansion support.,LX-FAP2-0012,related usage,,Approved,
PE-FAP2-0024,"Food, Agriculture, and Preservation 2",Common Celan > LX-FAP2-0012,,eshkrezaen ser torin.,The friend roasts the meat.,Expansion example,Ordinary roasting.,Canon,User-approved expansion support.,LX-FAP2-0012,related usage,,Approved,
PE-FAP2-0025,"Food, Agriculture, and Preservation 2",Common Celan > LX-FAP2-0013,,pelkrezaen I torin.,I sear the meat.,Expansion example,Concentrated surface heat.,Canon,User-approved expansion support.,LX-FAP2-0013,related usage,,Approved,
PE-FAP2-0026,"Food, Agriculture, and Preservation 2",Common Celan > LX-FAP2-0013,,pelkrezaen balral teravin.,The farmer grills the root vegetables.,Expansion example,Direct-heat cooking.,Canon,User-approved expansion support.,LX-FAP2-0013,related usage,,Approved,
PE-FAP2-0027,"Food, Agriculture, and Preservation 2",Common Celan > LX-FAP2-0014,,olankrezaen I teravin.,I fry the root vegetables.,Expansion example,Cooking in hot oil.,Canon,User-approved expansion support.,LX-FAP2-0014,related usage,,Approved,
PE-FAP2-0028,"Food, Agriculture, and Preservation 2",Common Celan > LX-FAP2-0014,,olankrezaen ser nesh.,The friend fries the fish.,Expansion example,Ordinary frying.,Canon,User-approved expansion support.,LX-FAP2-0014,related usage,,Approved,
PE-FAP2-0029,"Food, Agriculture, and Preservation 2",Common Celan > LX-FAP2-0015,,eshdrenaen I fennil.,I steam the greens.,Expansion example,Cooking with water vapor.,Canon,User-approved expansion support.,LX-FAP2-0015,related usage,,Approved,
PE-FAP2-0030,"Food, Agriculture, and Preservation 2",Common Celan > LX-FAP2-0015,,eshdrenaen ser nesh.,The friend steams the fish.,Expansion example,Delicate steam cooking.,Canon,User-approved expansion support.,LX-FAP2-0015,related usage,,Approved,
PE-FAP2-0031,"Food, Agriculture, and Preservation 2",Common Celan > LX-FAP2-0016,,felthamaen I saren.,I grind the wheat.,Expansion example,Reducing grain to flour.,Canon,User-approved expansion support.,LX-FAP2-0016,related usage,,Approved,
PE-FAP2-0032,"Food, Agriculture, and Preservation 2",Common Celan > LX-FAP2-0016,,felthamaen I jelkor.,I grind the seasoning.,Expansion example,Reducing spices to powder.,Canon,User-approved expansion support.,LX-FAP2-0016,related usage,,Approved,
PE-FAP2-0033,"Food, Agriculture, and Preservation 2",Common Celan > LX-FAP2-0017,,pelaen I vilor.,I slice the fruit.,Expansion example,Ordinary cutting.,Canon,User-approved expansion support.,LX-FAP2-0017,related usage,,Approved,
PE-FAP2-0034,"Food, Agriculture, and Preservation 2",Common Celan > LX-FAP2-0017,,pelaen ser teravin.,The friend cuts the root vegetables.,Expansion example,Food preparation with a sharp edge.,Canon,User-approved expansion support.,LX-FAP2-0017,related usage,,Approved,
PE-FAP2-0035,"Food, Agriculture, and Preservation 2",Common Celan > LX-FAP2-0018,,drenpralaen I fennildren.,I brew the herbal drink.,Expansion example,Ordinary brewing.,Canon,User-approved expansion support.,LX-FAP2-0018,related usage,,Approved,
PE-FAP2-0036,"Food, Agriculture, and Preservation 2",Common Celan > LX-FAP2-0018,,drenpralaen ser emildren.,The friend brews a beverage.,Expansion example,General prepared-drink process.,Canon,User-approved expansion support.,LX-FAP2-0018,related usage,,Approved,
PE-FAP2-0037,"Food, Agriculture, and Preservation 2",Common Celan > LX-FAP2-0019,,seldrenvinaen zhaelral dren.,The healer distills the water.,Expansion example,Medical purification.,Canon,User-approved expansion support.,LX-FAP2-0019,related usage,,Approved,
PE-FAP2-0038,"Food, Agriculture, and Preservation 2",Common Celan > LX-FAP2-0019,,seldrenvinaen mekral verdvin.,The craftworker distills the plant extract.,Expansion example,Concentrating a useful liquid.,Canon,User-approved expansion support.,LX-FAP2-0019,related usage,,Approved,
PE-FAP2-0039,"Food, Agriculture, and Preservation 2",Common Celan > LX-FAP2-0020,,balemilaen I drenfellak.,I ferment the dough.,Expansion example,Controlled living transformation.,Canon,User-approved expansion support.,LX-FAP2-0020,related usage,,Approved,
PE-FAP2-0040,"Food, Agriculture, and Preservation 2",Common Celan > LX-FAP2-0020,,balemilaen ser emildren.,The friend ferments the beverage.,Expansion example,Drink fermentation.,Canon,User-approved expansion support.,LX-FAP2-0020,related usage,,Approved,
PE-FAP2-0041,"Food, Agriculture, and Preservation 2",Common Celan > LX-FAP2-0021,,rinaen mura esh krez.,Smoke is above the fire.,Expansion example,Combustion product.,Canon,User-approved expansion support.,LX-FAP2-0021,related usage,,Approved,
PE-FAP2-0042,"Food, Agriculture, and Preservation 2",Common Celan > LX-FAP2-0021,,kes seren mura an teremil.,The guardian notices smoke at the home.,Expansion example,Fire-safety use.,Canon,User-approved expansion support.,LX-FAP2-0021,related usage,,Approved,
PE-FAP2-0043,"Food, Agriculture, and Preservation 2",Common Celan > LX-FAP2-0022,,muraen I nesh.,I smoke the fish.,Expansion example,Food preservation.,Canon,User-approved expansion support.,LX-FAP2-0022,related usage,,Approved,
PE-FAP2-0044,"Food, Agriculture, and Preservation 2",Common Celan > LX-FAP2-0022,,muraen ser torin.,The friend smoke-treats the meat.,Expansion example,Flavor and preservation.,Canon,User-approved expansion support.,LX-FAP2-0022,related usage,,Approved,
PE-FAP2-0045,"Food, Agriculture, and Preservation 2",Common Celan > LX-FAP2-0023,,vindrenaen I vilor.,I dry the fruit.,Expansion example,Removing moisture for travel.,Canon,User-approved expansion support.,LX-FAP2-0023,related usage,,Approved,
PE-FAP2-0046,"Food, Agriculture, and Preservation 2",Common Celan > LX-FAP2-0023,,vindrenaen neshbrenral nesh.,The fisher dehydrates the fish.,Expansion example,Preserving a catch.,Canon,User-approved expansion support.,LX-FAP2-0023,related usage,,Approved,
PE-FAP2-0047,"Food, Agriculture, and Preservation 2",Common Celan > LX-FAP2-0024,,livaraen I nesh ser jelkor.,I cure the fish with seasoning.,Expansion example,Controlled food preservation.,Canon,User-approved expansion support.,LX-FAP2-0024,related usage,,Approved,
PE-FAP2-0048,"Food, Agriculture, and Preservation 2",Common Celan > LX-FAP2-0024,,livaraen balral torin.,The farmer preserves the meat.,Expansion example,General curing action.,Canon,User-approved expansion support.,LX-FAP2-0024,related usage,,Approved,
PE-FAP2-0049,"Food, Agriculture, and Preservation 2",Common Celan > LX-FAP2-0025,,vellivaraen I nesh.,I preserve the fish by freezing it.,Expansion example,Cold preservation.,Canon,User-approved expansion support.,LX-FAP2-0025,related usage,,Approved,
PE-FAP2-0050,"Food, Agriculture, and Preservation 2",Common Celan > LX-FAP2-0025,,vellivaraen zhaelral fennilphel.,The healer preserves the remedy in cold storage.,Expansion example,Perishable medicine storage.,Canon,User-approved expansion support.,LX-FAP2-0025,related usage,,Approved,
PE-FAP2-0051,"Food, Agriculture, and Preservation 2",Common Celan > LX-FAP2-0026,,rinaen vilor zhaeleth.,The fruit is fresh.,Expansion example,Recent retained quality.,Canon,User-approved expansion support.,LX-FAP2-0026,related usage,,Approved,
PE-FAP2-0052,"Food, Agriculture, and Preservation 2",Common Celan > LX-FAP2-0026,,rinaen emil zhaeleth.,The meal is fresh.,Expansion example,Recently prepared food.,Canon,User-approved expansion support.,LX-FAP2-0026,related usage,,Approved,
PE-FAP2-0053,"Food, Agriculture, and Preservation 2",Common Celan > LX-FAP2-0027,,rinaen ruvan an kavvek.,There is rot in the storage jar.,Expansion example,Organic-decay noun use.,Canon,User-approved expansion support.,LX-FAP2-0027,related usage,,Approved,
PE-FAP2-0054,"Food, Agriculture, and Preservation 2",Common Celan > LX-FAP2-0027,,kes balral ruvan an saren.,The farmer notices rot in the wheat.,Expansion example,Stored-crop inspection.,Canon,User-approved expansion support.,LX-FAP2-0027,related usage,,Approved,
PE-FAP2-0055,"Food, Agriculture, and Preservation 2",Common Celan > LX-FAP2-0028,,ruvanaen torin an krezrek.,The meat spoils in the heatwave.,Expansion example,Food decay.,Canon,User-approved expansion support.,LX-FAP2-0028,related usage,,Approved,
PE-FAP2-0056,"Food, Agriculture, and Preservation 2",Common Celan > LX-FAP2-0028,,ruvanaen vilor an dren.,The fruit rots in the water.,Expansion example,Organic breakdown.,Canon,User-approved expansion support.,LX-FAP2-0028,related usage,,Approved,
PE-FAP2-0057,"Food, Agriculture, and Preservation 2",Common Celan > LX-FAP2-0029,,rinaen torin ruvaneth.,The meat is spoiled.,Expansion example,Food-safety judgment.,Canon,User-approved expansion support.,LX-FAP2-0029,related usage,,Approved,
PE-FAP2-0058,"Food, Agriculture, and Preservation 2",Common Celan > LX-FAP2-0029,,dor I vilor ruvaneth karvok.,I put the rotten fruit apart.,Expansion example,Separating spoiled food.,Canon,User-approved expansion support.,LX-FAP2-0029,related usage,,Approved,
PE-FAP2-0059,"Food, Agriculture, and Preservation 2",Common Celan > LX-FAP2-0030,,rinaen torin emilpraleth.,The meat is cooked.,Expansion example,Prepared-state distinction.,Canon,User-approved expansion support.,LX-FAP2-0030,related usage,,Approved,
PE-FAP2-0060,"Food, Agriculture, and Preservation 2",Common Celan > LX-FAP2-0030,,tal I nesh emilpraleth an felka.,I give cooked fish to the child.,Expansion example,Serving cooked food.,Canon,User-approved expansion support.,LX-FAP2-0030,related usage,,Approved,
PE-FAP2-0061,"Food, Agriculture, and Preservation 2",Common Celan > LX-FAP2-0031,,rinaen teravin kaemilpraleth.,The root vegetables are raw.,Expansion example,Raw-food description.,Canon,User-approved expansion support.,LX-FAP2-0031,related usage,,Approved,
PE-FAP2-0062,"Food, Agriculture, and Preservation 2",Common Celan > LX-FAP2-0031,,pelaen I vilor kaemilpraleth.,I slice the uncooked fruit.,Expansion example,Preparation without a safety judgment.,Canon,User-approved expansion support.,LX-FAP2-0031,related usage,,Approved,
PE-FAP2-0063,"Food, Agriculture, and Preservation 2",Common Celan > LX-FAP2-0032,,talemilaen I felka.,I feed the child.,Expansion example,Household care.,Canon,User-approved expansion support.,LX-FAP2-0032,related usage,,Approved,
PE-FAP2-0064,"Food, Agriculture, and Preservation 2",Common Celan > LX-FAP2-0032,,talemilaen belzorral belzor.,The herder feeds the livestock.,Expansion example,Animal care.,Canon,User-approved expansion support.,LX-FAP2-0032,related usage,,Approved,
PE-FAP1-0061,"Food, Agriculture, and Preservation 1",Common Celan > LX-FAP1-0031,,rinaen gav an morl.,The hunt is in the mountains.,Expansion example,Locating an organized hunt.,Canon,User-approved expansion support.,LX-FAP1-0031,related usage,,Approved,
PE-FAP1-0062,"Food, Agriculture, and Preservation 1",Common Celan > LX-FAP1-0031,,dar gavral nor gav.,The hunter waits during the hunt.,Expansion example,Ordinary use of the hunt as an event.,Canon,User-approved expansion support.,LX-FAP1-0031,related usage,,Approved,
PE-CWM1-0001,"Clothing, Wearable Protection, and Ordinary Materials 1",Common Celan > LX-CWM1-0001,,rinaen belxar an xarvek.,The clothing is in the cupboard.,Expansion example,Household storage of clothing.,Canon,User-approved expansion support.,LX-CWM1-0001,related usage,,Approved,
PE-CWM1-0002,"Clothing, Wearable Protection, and Ordinary Materials 1",Common Celan > LX-CWM1-0001,,vekaen I belxar.,I carry the clothing.,Expansion example,General garment reference.,Canon,User-approved expansion support.,LX-CWM1-0001,related usage,,Approved,
PE-CWM1-0003,"Clothing, Wearable Protection, and Ordinary Materials 1",Common Celan > LX-CWM1-0002,,belxaraen I xaresh.,I wear a cloak.,Expansion example,Ongoing garment wear.,Canon,User-approved expansion support.,LX-CWM1-0002,related usage,,Approved,
PE-CWM1-0004,"Clothing, Wearable Protection, and Ordinary Materials 1",Common Celan > LX-CWM1-0002,,belxaraen mekral belkor.,The craftworker wears a tunic.,Expansion example,Ordinary work clothing.,Canon,User-approved expansion support.,LX-CWM1-0002,related usage,,Approved,
PE-CWM1-0005,"Clothing, Wearable Protection, and Ordinary Materials 1",Common Celan > LX-CWM1-0003,,belxaraen I velbelxar.,I wear a heavy coat.,Expansion example,Cold-weather outerwear.,Canon,User-approved expansion support.,LX-CWM1-0003,related usage,,Approved,
PE-CWM1-0006,"Clothing, Wearable Protection, and Ordinary Materials 1",Common Celan > LX-CWM1-0003,,rinaen velbelxar an xarvek.,The heavy coat is in the cupboard.,Expansion example,Distinguishing a coat from a cloak.,Canon,User-approved expansion support.,LX-CWM1-0003,related usage,,Approved,
PE-CWM1-0007,"Clothing, Wearable Protection, and Ordinary Materials 1",Common Celan > LX-CWM1-0004,,belxaraen I eshtrakor.,I wear sandals.,Expansion example,Open footwear in use.,Canon,User-approved expansion support.,LX-CWM1-0004,related usage,,Approved,
PE-CWM1-0008,"Clothing, Wearable Protection, and Ordinary Materials 1",Common Celan > LX-CWM1-0004,,dor I eshtrakor an vorkor.,I put the sandals by the door.,Expansion example,Household footwear reference.,Canon,User-approved expansion support.,LX-CWM1-0004,related usage,,Approved,
PE-CWM1-0009,"Clothing, Wearable Protection, and Ordinary Materials 1",Common Celan > LX-CWM1-0005,,belxaraen I velpraltrakor.,I wear snowshoes.,Expansion example,Deep-snow travel equipment.,Canon,User-approved expansion support.,LX-CWM1-0005,related usage,,Approved,
PE-CWM1-0010,"Clothing, Wearable Protection, and Ordinary Materials 1",Common Celan > LX-CWM1-0005,,vekaen I velpraltrakor an morl.,I carry the snowshoes in the mountains.,Expansion example,Transporting snowshoes before use.,Canon,User-approved expansion support.,LX-CWM1-0005,related usage,,Approved,
PE-CWM1-0011,"Clothing, Wearable Protection, and Ordinary Materials 1",Common Celan > LX-CWM1-0006,,belxaraen I pelveltrakor.,I wear ice skates.,Expansion example,Ice-travel footwear.,Canon,User-approved expansion support.,LX-CWM1-0006,related usage,,Approved,
PE-CWM1-0012,"Clothing, Wearable Protection, and Ordinary Materials 1",Common Celan > LX-CWM1-0006,,dor I pelveltrakor an pralor.,I put the ice skates on the table.,Expansion example,Handling skates as equipment.,Canon,User-approved expansion support.,LX-CWM1-0006,related usage,,Approved,
PE-CWM1-0013,"Clothing, Wearable Protection, and Ordinary Materials 1",Common Celan > LX-CWM1-0007,,belxaraen ser lorinorxar.,The friend wears a head covering.,Expansion example,General headwear.,Canon,User-approved expansion support.,LX-CWM1-0007,related usage,,Approved,
PE-CWM1-0014,"Clothing, Wearable Protection, and Ordinary Materials 1",Common Celan > LX-CWM1-0007,,dor I lorinorxar an xarvek.,I put the head covering in the cupboard.,Expansion example,Storing a hat or wrap.,Canon,User-approved expansion support.,LX-CWM1-0007,related usage,,Approved,
PE-CWM1-0015,"Clothing, Wearable Protection, and Ordinary Materials 1",Common Celan > LX-CWM1-0008,,kes I rema ser.,I notice the friend's face.,Expansion example,Ordinary facial recognition.,Canon,User-approved expansion support.,LX-CWM1-0008,related usage,,Approved,
PE-CWM1-0016,"Clothing, Wearable Protection, and Ordinary Materials 1",Common Celan > LX-CWM1-0008,,rinaen aiv an rema-ian.,There is pain in my face.,Expansion example,Locating bodily pain.,Canon,User-approved expansion support.,LX-CWM1-0008,related usage,,Approved,
PE-CWM1-0017,"Clothing, Wearable Protection, and Ordinary Materials 1",Common Celan > LX-CWM1-0009,,belxaraen I remaxar.,I wear a face covering.,Expansion example,Protective mask use.,Canon,User-approved expansion support.,LX-CWM1-0009,related usage,,Approved,
PE-CWM1-0018,"Clothing, Wearable Protection, and Ordinary Materials 1",Common Celan > LX-CWM1-0009,,dor I remaxar an xarvek.,I put the mask in the cupboard.,Expansion example,Storing a face covering.,Canon,User-approved expansion support.,LX-CWM1-0009,related usage,,Approved,
PE-CWM1-0019,"Clothing, Wearable Protection, and Ordinary Materials 1",Common Celan > LX-CWM1-0010,,vekaen zhirbel karvek.,The strap carries the toolkit.,Expansion example,Load-bearing strap use.,Canon,User-approved expansion support.,LX-CWM1-0010,related usage,,Approved,
PE-CWM1-0020,"Clothing, Wearable Protection, and Ordinary Materials 1",Common Celan > LX-CWM1-0010,,dor I zhirbel an pralor.,I put the strap on the table.,Expansion example,Handling a loose strap.,Canon,User-approved expansion support.,LX-CWM1-0010,related usage,,Approved,
PE-CWM1-0021,"Clothing, Wearable Protection, and Ordinary Materials 1",Common Celan > LX-CWM1-0011,,rinaen welzhirbel an morthera.,The harness is on the pack beast.,Expansion example,Animal harness use.,Canon,User-approved expansion support.,LX-CWM1-0011,related usage,,Approved,
PE-CWM1-0022,"Clothing, Wearable Protection, and Ordinary Materials 1",Common Celan > LX-CWM1-0011,,vekaen I welzhirbel.,I carry the harness.,Expansion example,Handling a coordinated strap system.,Canon,User-approved expansion support.,LX-CWM1-0011,related usage,,Approved,
PE-CWM1-0023,"Clothing, Wearable Protection, and Ordinary Materials 1",Common Celan > LX-CWM1-0012,,rinaen belmek an zhirvok.,The buckle is on the belt.,Expansion example,Garment fastener placement.,Canon,User-approved expansion support.,LX-CWM1-0012,related usage,,Approved,
PE-CWM1-0024,"Clothing, Wearable Protection, and Ordinary Materials 1",Common Celan > LX-CWM1-0012,,selpralaen mekral belmek.,The craftworker polishes the clasp.,Expansion example,Maintaining a reusable fastener.,Canon,User-approved expansion support.,LX-CWM1-0012,related usage,,Approved,
PE-CWM1-0025,"Clothing, Wearable Protection, and Ordinary Materials 1",Common Celan > LX-CWM1-0013,,belmekaen I zhirvok.,I fasten the belt.,Expansion example,Engaging a buckle or clasp.,Canon,User-approved expansion support.,LX-CWM1-0013,related usage,,Approved,
PE-CWM1-0026,"Clothing, Wearable Protection, and Ordinary Materials 1",Common Celan > LX-CWM1-0013,,belmekaen I welzhirbel.,I fasten the harness.,Expansion example,Securing a strap system.,Canon,User-approved expansion support.,LX-CWM1-0013,related usage,,Approved,
PE-CWM1-0027,"Clothing, Wearable Protection, and Ordinary Materials 1",Common Celan > LX-CWM1-0014,,kabelmekaen I velbelxar.,I unfasten the heavy coat.,Expansion example,Releasing a garment fastener.,Canon,User-approved expansion support.,LX-CWM1-0014,related usage,,Approved,
PE-CWM1-0028,"Clothing, Wearable Protection, and Ordinary Materials 1",Common Celan > LX-CWM1-0014,,kabelmekaen I welzhirbel.,I unfasten the harness.,Expansion example,Releasing a harness mechanism.,Canon,User-approved expansion support.,LX-CWM1-0014,related usage,,Approved,
PE-CWM1-0029,"Clothing, Wearable Protection, and Ordinary Materials 1",Common Celan > LX-CWM1-0015,,belxaraen I korinxar.,I wear gloves.,Expansion example,Hand protection in use.,Canon,User-approved expansion support.,LX-CWM1-0015,related usage,,Approved,
PE-CWM1-0030,"Clothing, Wearable Protection, and Ordinary Materials 1",Common Celan > LX-CWM1-0015,,dor I korinxar an pralor.,I put the gloves on the table.,Expansion example,Handling hand coverings.,Canon,User-approved expansion support.,LX-CWM1-0015,related usage,,Approved,
PE-CWM1-0031,"Clothing, Wearable Protection, and Ordinary Materials 1",Common Celan > LX-CWM1-0016,,belxaraen I lorinshalxar.,I wear goggles.,Expansion example,Close-fitting eye protection.,Canon,User-approved expansion support.,LX-CWM1-0016,related usage,,Approved,
PE-CWM1-0032,"Clothing, Wearable Protection, and Ordinary Materials 1",Common Celan > LX-CWM1-0016,,arth lorinshalxar lorinshal-ian.,The goggles protect my eyes.,Expansion example,Eye protection against hazards.,Canon,User-approved expansion support.,LX-CWM1-0016,related usage,,Approved,
PE-CWM1-0033,"Clothing, Wearable Protection, and Ordinary Materials 1",Common Celan > LX-CWM1-0017,,belxaraen I remashalxar.,I wear a visor.,Expansion example,Face-shield use.,Canon,User-approved expansion support.,LX-CWM1-0017,related usage,,Approved,
PE-CWM1-0034,"Clothing, Wearable Protection, and Ordinary Materials 1",Common Celan > LX-CWM1-0017,,arth remashalxar rema-ian.,The visor protects my face.,Expansion example,Protective visor function.,Canon,User-approved expansion support.,LX-CWM1-0017,related usage,,Approved,
PE-CWM1-0035,"Clothing, Wearable Protection, and Ordinary Materials 1",Common Celan > LX-CWM1-0018,,belxaraen mekral rinbelxar.,The craftworker wears a uniform.,Expansion example,Occupational identity through clothing.,Canon,User-approved expansion support.,LX-CWM1-0018,related usage,,Approved,
PE-CWM1-0036,"Clothing, Wearable Protection, and Ordinary Materials 1",Common Celan > LX-CWM1-0018,,rinaen rinbelxar an xarvek.,The uniform is in the cupboard.,Expansion example,Standardized garment reference.,Canon,User-approved expansion support.,LX-CWM1-0018,related usage,,Approved,
PE-CWM1-0037,"Clothing, Wearable Protection, and Ordinary Materials 1",Common Celan > LX-CWM1-0019,,rinaen felzhir an belrin.,The fiber is in the fabric.,Expansion example,Fiber as textile constituent.,Canon,User-approved expansion support.,LX-CWM1-0019,related usage,,Approved,
PE-CWM1-0038,"Clothing, Wearable Protection, and Ordinary Materials 1",Common Celan > LX-CWM1-0019,,kes mekral felzhir.,The craftworker examines the fiber.,Expansion example,Material inspection.,Canon,User-approved expansion support.,LX-CWM1-0019,related usage,,Approved,
PE-CWM1-0039,"Clothing, Wearable Protection, and Ordinary Materials 1",Common Celan > LX-CWM1-0020,,rinaen sura an velbelxar.,The fur is in the heavy coat.,Expansion example,Fur used as garment lining.,Canon,User-approved expansion support.,LX-CWM1-0020,related usage,,Approved,
PE-CWM1-0040,"Clothing, Wearable Protection, and Ordinary Materials 1",Common Celan > LX-CWM1-0020,,drenselaen mekral sura.,The craftworker washes the fur.,Expansion example,Fur material care.,Canon,User-approved expansion support.,LX-CWM1-0020,related usage,,Approved,
PE-CWM1-0041,"Clothing, Wearable Protection, and Ordinary Materials 1",Common Celan > LX-CWM1-0021,,pralaen mekral belrin thal belsura.,The craftworker makes fabric from wool.,Expansion example,Wool textile production.,Canon,User-approved expansion support.,LX-CWM1-0021,related usage,,Approved,
PE-CWM1-0042,"Clothing, Wearable Protection, and Ordinary Materials 1",Common Celan > LX-CWM1-0021,,rinaen belsura praketh.,The wool is soft.,Expansion example,Material texture description.,Canon,User-approved expansion support.,LX-CWM1-0021,related usage,,Approved,
PE-CWM1-0043,"Clothing, Wearable Protection, and Ordinary Materials 1",Common Celan > LX-CWM1-0022,,rinaen belkor verdselzhir.,The tunic is linen.,Expansion example,Light plant-fiber garment.,Canon,User-approved expansion support.,LX-CWM1-0022,related usage,,Approved,
PE-CWM1-0044,"Clothing, Wearable Protection, and Ordinary Materials 1",Common Celan > LX-CWM1-0022,,drenselaen I verdselzhir.,I wash the linen.,Expansion example,Household textile care.,Canon,User-approved expansion support.,LX-CWM1-0022,related usage,,Approved,
PE-CWM1-0045,"Clothing, Wearable Protection, and Ordinary Materials 1",Common Celan > LX-CWM1-0023,,rinaen belxar selzhir.,The garment is silk.,Expansion example,Identifying silk material.,Canon,User-approved expansion support.,LX-CWM1-0023,related usage,,Approved,
PE-CWM1-0046,"Clothing, Wearable Protection, and Ordinary Materials 1",Common Celan > LX-CWM1-0023,,kes mekral selzhir.,The craftworker examines the silk.,Expansion example,Inspecting a fine filament material.,Canon,User-approved expansion support.,LX-CWM1-0023,related usage,,Approved,
PE-CWM1-0047,"Clothing, Wearable Protection, and Ordinary Materials 1",Common Celan > LX-CWM1-0024,,rinaen teremil kalbelrin.,The tent is canvas.,Expansion example,Heavy cloth in shelter construction.,Canon,User-approved expansion support.,LX-CWM1-0024,related usage,,Approved,
PE-CWM1-0048,"Clothing, Wearable Protection, and Ordinary Materials 1",Common Celan > LX-CWM1-0024,,vekaen I kalbelrin.,I carry the canvas.,Expansion example,Handling durable cloth.,Canon,User-approved expansion support.,LX-CWM1-0024,related usage,,Approved,
PE-CWM1-0049,"Clothing, Wearable Protection, and Ordinary Materials 1",Common Celan > LX-CWM1-0025,,rinaen xaresh olanbelrin.,The cloak is oilskin.,Expansion example,Weather-resistant cloth garment.,Canon,User-approved expansion support.,LX-CWM1-0025,related usage,,Approved,
PE-CWM1-0050,"Clothing, Wearable Protection, and Ordinary Materials 1",Common Celan > LX-CWM1-0025,,drenselaen I olanbelrin.,I wash the oilskin.,Expansion example,Care of treated fabric.,Canon,User-approved expansion support.,LX-CWM1-0025,related usage,,Approved,
PE-CWM1-0051,"Clothing, Wearable Protection, and Ordinary Materials 1",Common Celan > LX-CWM1-0026,,rinaen olanbelrin drenartheth.,The oilskin is waterproof.,Expansion example,Water-resistance judgment.,Canon,User-approved expansion support.,LX-CWM1-0026,related usage,,Approved,
PE-CWM1-0052,"Clothing, Wearable Protection, and Ordinary Materials 1",Common Celan > LX-CWM1-0026,,rinaen xarvek drenartheth.,The storage chest is waterproof.,Expansion example,Waterproof container description.,Canon,User-approved expansion support.,LX-CWM1-0026,related usage,,Approved,
PE-CWM1-0053,"Clothing, Wearable Protection, and Ordinary Materials 1",Common Celan > LX-CWM1-0027,,rinaen drenvor shanartheth.,The vessel is insulated.,Expansion example,Thermal-transfer protection.,Canon,User-approved expansion support.,LX-CWM1-0027,related usage,,Approved,
PE-CWM1-0054,"Clothing, Wearable Protection, and Ordinary Materials 1",Common Celan > LX-CWM1-0027,,rinaen velbelxar shanartheth.,The heavy coat is insulated.,Expansion example,Cold-weather insulation.,Canon,User-approved expansion support.,LX-CWM1-0027,related usage,,Approved,
PE-CWM1-0055,"Clothing, Wearable Protection, and Ordinary Materials 1",Common Celan > LX-CWM1-0028,,rinaen kren zhelshaneth.,The metal is conductive.,Expansion example,Conductive material description.,Canon,User-approved expansion support.,LX-CWM1-0028,related usage,,Approved,
PE-CWM1-0056,"Clothing, Wearable Protection, and Ordinary Materials 1",Common Celan > LX-CWM1-0028,,rinaen zhirbel zhelshaneth.,The strap is conductive.,Expansion example,Conductive wearable material.,Canon,User-approved expansion support.,LX-CWM1-0028,related usage,,Approved,
PE-CWM2-0001,"Clothing, Wearable Protection, and Ordinary Materials 2",Common Celan > LX-CWM2-0001,,rinaen kaleth thal kalmorl.,The fortress is made from granite.,Expansion example,Granite construction material.,Canon,User-approved expansion support.,LX-CWM2-0001,related usage,,Approved,
PE-CWM2-0002,"Clothing, Wearable Protection, and Ordinary Materials 2",Common Celan > LX-CWM2-0001,,vekaen mekral kalmorl.,The craftworker carries the granite.,Expansion example,Handling granite stone.,Canon,User-approved expansion support.,LX-CWM2-0001,related usage,,Approved,
PE-CWM2-0003,"Clothing, Wearable Protection, and Ordinary Materials 2",Common Celan > LX-CWM2-0002,,rinaen shara thal krezmorl.,The road is made from basalt.,Expansion example,Basalt paving material.,Canon,User-approved expansion support.,LX-CWM2-0002,related usage,,Approved,
PE-CWM2-0004,"Clothing, Wearable Protection, and Ordinary Materials 2",Common Celan > LX-CWM2-0002,,rinaen krezmorl faheth.,The basalt is dark.,Expansion example,Recognizing dark volcanic stone.,Canon,User-approved expansion support.,LX-CWM2-0002,related usage,,Approved,
PE-CWM2-0005,"Clothing, Wearable Protection, and Ordinary Materials 2",Common Celan > LX-CWM2-0003,,pralaen mekral pralor thal brosmorl.,The craftworker makes a table from slate.,Expansion example,Slate as a flat working material.,Canon,User-approved expansion support.,LX-CWM2-0003,related usage,,Approved,
PE-CWM2-0006,"Clothing, Wearable Protection, and Ordinary Materials 2",Common Celan > LX-CWM2-0003,,rinaen brosmorl an kaleth.,The slate is in the fortress.,Expansion example,Architectural slate reference.,Canon,User-approved expansion support.,LX-CWM2-0003,related usage,,Approved,
PE-CWM2-0007,"Clothing, Wearable Protection, and Ordinary Materials 2",Common Celan > LX-CWM2-0004,,rinaen sadar an trakor-ian.,There is sand in my shoe.,Expansion example,Ordinary granular-material nuisance.,Canon,User-approved expansion support.,LX-CWM2-0004,related usage,,Approved,
PE-CWM2-0008,"Clothing, Wearable Protection, and Ordinary Materials 2",Common Celan > LX-CWM2-0004,,vekaen esh sadar.,The wind carries sand.,Expansion example,Wind-moved sand.,Canon,User-approved expansion support.,LX-CWM2-0004,related usage,,Approved,
PE-CWM2-0009,"Clothing, Wearable Protection, and Ordinary Materials 2",Common Celan > LX-CWM2-0005,,rinaen kaleth thal sadarmorl.,The fortress is made from sandstone.,Expansion example,Sandstone architecture.,Canon,User-approved expansion support.,LX-CWM2-0005,related usage,,Approved,
PE-CWM2-0010,"Clothing, Wearable Protection, and Ordinary Materials 2",Common Celan > LX-CWM2-0005,,selpralaen mekral sadarmorl.,The craftworker polishes the sandstone.,Expansion example,Worked sandstone surface.,Canon,User-approved expansion support.,LX-CWM2-0005,related usage,,Approved,
PE-CWM2-0011,"Clothing, Wearable Protection, and Ordinary Materials 2",Common Celan > LX-CWM2-0006,,rinaen kareth eran.,The hammer is iron.,Expansion example,Iron tool material.,Canon,User-approved expansion support.,LX-CWM2-0006,related usage,,Approved,
PE-CWM2-0012,"Clothing, Wearable Protection, and Ordinary Materials 2",Common Celan > LX-CWM2-0006,,selpralaen mekral eran.,The craftworker polishes the iron.,Expansion example,Ironworking and maintenance.,Canon,User-approved expansion support.,LX-CWM2-0006,related usage,,Approved,
PE-CWM2-0013,"Clothing, Wearable Protection, and Ordinary Materials 2",Common Celan > LX-CWM2-0007,,rinaen aiv an osar-ian.,There is pain in my bone.,Expansion example,Bone as anatomy.,Canon,User-approved expansion support.,LX-CWM2-0007,related usage,,Approved,
PE-CWM2-0014,"Clothing, Wearable Protection, and Ordinary Materials 2",Common Celan > LX-CWM2-0007,,pralaen mekral belmek thal osar.,The craftworker makes a clasp from bone.,Expansion example,Bone as worked material.,Canon,User-approved expansion support.,LX-CWM2-0007,related usage,,Approved,
PE-CWM2-0015,"Clothing, Wearable Protection, and Ordinary Materials 2",Common Celan > LX-CWM2-0008,,rinaen dresh an dreshal.,The crystal is in the crystal device.,Expansion example,Crystal as a technological material.,Canon,User-approved expansion support.,LX-CWM2-0008,related usage,,Approved,
PE-CWM2-0016,"Clothing, Wearable Protection, and Ordinary Materials 2",Common Celan > LX-CWM2-0008,,vekaen I dresh.,I carry the crystal.,Expansion example,Ordinary material reference.,Canon,User-approved expansion support.,LX-CWM2-0008,related usage,,Approved,
PE-CWM2-0017,"Clothing, Wearable Protection, and Ordinary Materials 2",Common Celan > LX-CWM2-0009,,rinaen neshmorl an mahr.,Coral is in the ocean.,Expansion example,Living coral environment.,Canon,User-approved expansion support.,LX-CWM2-0009,related usage,,Approved,
PE-CWM2-0018,"Clothing, Wearable Protection, and Ordinary Materials 2",Common Celan > LX-CWM2-0009,,pralaen mekral belmek thal neshmorl.,The craftworker makes a clasp from coral.,Expansion example,Coral as craft material.,Canon,User-approved expansion support.,LX-CWM2-0009,related usage,,Approved,
PE-CWM2-0019,"Clothing, Wearable Protection, and Ordinary Materials 2",Common Celan > LX-CWM2-0010,,rinaen zorxar an mahr.,The shell is in the ocean.,Expansion example,Animal shell in its environment.,Canon,User-approved expansion support.,LX-CWM2-0010,related usage,,Approved,
PE-CWM2-0020,"Clothing, Wearable Protection, and Ordinary Materials 2",Common Celan > LX-CWM2-0010,,pralaen I drenvor thal zorxar.,I make a bowl from shell.,Expansion example,Shell as worked material.,Canon,User-approved expansion support.,LX-CWM2-0010,related usage,,Approved,
PE-CWM2-0021,"Clothing, Wearable Protection, and Ordinary Materials 2",Common Celan > LX-CWM2-0011,,xaraen I kavvek ser kavolan.,I seal the jar with wax.,Expansion example,Wax used as a seal.,Canon,User-approved expansion support.,LX-CWM2-0011,related usage,,Approved,
PE-CWM2-0022,"Clothing, Wearable Protection, and Ordinary Materials 2",Common Celan > LX-CWM2-0011,,selpralaen I zem ser kavolan.,I polish the wood with wax.,Expansion example,Wax used as a finish.,Canon,User-approved expansion support.,LX-CWM2-0011,related usage,,Approved,
PE-CWM2-0023,"Clothing, Wearable Protection, and Ordinary Materials 2",Common Celan > LX-CWM2-0012,,rinaen verdbel an zem.,The resin is on the wood.,Expansion example,Plant resin as coating or adhesive.,Canon,User-approved expansion support.,LX-CWM2-0012,related usage,,Approved,
PE-CWM2-0024,"Clothing, Wearable Protection, and Ordinary Materials 2",Common Celan > LX-CWM2-0012,,kesbrenaen I verdbel an verdor.,I forage for resin in the forest.,Expansion example,Harvesting plant resin.,Canon,User-approved expansion support.,LX-CWM2-0012,related usage,,Approved,
PE-CWM2-0025,"Clothing, Wearable Protection, and Ordinary Materials 2",Common Celan > LX-CWM2-0013,,rinaen hir an belxar.,The garment has color.,Expansion example,Color as a general property.,Canon,User-approved expansion support.,LX-CWM2-0013,related usage,,Approved,
PE-CWM2-0026,"Clothing, Wearable Protection, and Ordinary Materials 2",Common Celan > LX-CWM2-0013,,kes I hir an belrin.,I notice the color in the fabric.,Expansion example,Perceiving and discussing hue.,Canon,User-approved expansion support.,LX-CWM2-0013,related usage,,Approved,
PE-CWM2-0027,"Clothing, Wearable Protection, and Ordinary Materials 2",Common Celan > LX-CWM2-0014,,jekthamaen I hirmor ser dren.,I mix the pigment with water.,Expansion example,Preparing a colorant.,Canon,User-approved expansion support.,LX-CWM2-0014,related usage,,Approved,
PE-CWM2-0028,"Clothing, Wearable Protection, and Ordinary Materials 2",Common Celan > LX-CWM2-0014,,dor I hirmor an kavvek.,I put the dye in the jar.,Expansion example,Storing dye material.,Canon,User-approved expansion support.,LX-CWM2-0014,related usage,,Approved,
PE-CWM2-0029,"Clothing, Wearable Protection, and Ordinary Materials 2",Common Celan > LX-CWM2-0015,,hiraen mekral belrin.,The craftworker dyes the fabric.,Expansion example,Textile coloring action.,Canon,User-approved expansion support.,LX-CWM2-0015,related usage,,Approved,
PE-CWM2-0030,"Clothing, Wearable Protection, and Ordinary Materials 2",Common Celan > LX-CWM2-0015,,hiraen I mekrask.,I color the leather.,Expansion example,Applying color to leather.,Canon,User-approved expansion support.,LX-CWM2-0015,related usage,,Approved,
PE-CWM2-0031,"Clothing, Wearable Protection, and Ordinary Materials 2",Common Celan > LX-CWM2-0016,,rinaen arthaxar thal belkren.,The armor is made from an alloy.,Expansion example,Alloy as protective material.,Canon,User-approved expansion support.,LX-CWM2-0016,related usage,,Approved,
PE-CWM2-0032,"Clothing, Wearable Protection, and Ordinary Materials 2",Common Celan > LX-CWM2-0016,,kes mekral belkren.,The craftworker identifies the alloy.,Expansion example,Distinguishing alloy from pure metal.,Canon,User-approved expansion support.,LX-CWM2-0016,related usage,,Approved,
PE-TM1-0001,Tools and Machines 1,Common Celan > LX-TM1-0001,,rinaen karmek an karvek.,The tool is in the toolkit.,Expansion example,Individual implement within a carried set.,Canon,User-approved expansion support.,LX-TM1-0001,related usage,,Approved,
PE-TM1-0002,Tools and Machines 1,Common Celan > LX-TM1-0001,,tal I karmek an mekral.,I give the tool to the mechanic.,Expansion example,Passing a working implement to its user.,Canon,User-approved expansion support.,LX-TM1-0001,related usage,,Approved,
PE-TM1-0003,Tools and Machines 1,Common Celan > LX-TM1-0002,,rinaen kalmek kaleth.,The machine is powerful.,Expansion example,General powered or force-transmitting system.,Canon,User-approved expansion support.,LX-TM1-0002,related usage,,Approved,
PE-TM1-0004,Tools and Machines 1,Common Celan > LX-TM1-0002,,zhaelpralaen mekral kalmek.,The mechanic repairs the machine.,Expansion example,Machine maintenance.,Canon,User-approved expansion support.,LX-TM1-0002,related usage,,Approved,
PE-TM1-0005,Tools and Machines 1,Common Celan > LX-TM1-0003,,rinaen felmek ka.,A component is missing.,Expansion example,Missing assembly part.,Canon,User-approved expansion support.,LX-TM1-0003,related usage,,Approved,
PE-TM1-0006,Tools and Machines 1,Common Celan > LX-TM1-0003,,dor mekral felmek an kalmek.,The mechanic puts the component in the machine.,Expansion example,Installing a part.,Canon,User-approved expansion support.,LX-TM1-0003,related usage,,Approved,
PE-TM1-0007,Tools and Machines 1,Common Celan > LX-TM1-0004,,zhaelpralaen mekral kormek.,The mechanic repairs the engine.,Expansion example,Restoring a mechanism to operation.,Canon,User-approved expansion support.,LX-TM1-0004,related usage,,Approved,
PE-TM1-0008,Tools and Machines 1,Common Celan > LX-TM1-0004,,zhaelpralaen I nethor.,I repair the chair.,Expansion example,Repair beyond machinery.,Canon,User-approved expansion support.,LX-TM1-0004,related usage,,Approved,
PE-TM1-0009,Tools and Machines 1,Common Celan > LX-TM1-0005,,dor I jelkor an thamvek.,I put the spice in the mortar.,Expansion example,Preparing material for grinding.,Canon,User-approved expansion support.,LX-TM1-0005,related usage,,Approved,
PE-TM1-0010,Tools and Machines 1,Common Celan > LX-TM1-0005,,drenselaen I thamvek.,I wash the mortar.,Expansion example,Cleaning a crushing vessel.,Canon,User-approved expansion support.,LX-TM1-0005,related usage,,Approved,
PE-TM1-0011,Tools and Machines 1,Common Celan > LX-TM1-0006,,karethaen I thamkar an thamvek.,I use the pestle in the mortar.,Expansion example,Paired grinding implements.,Canon,User-approved expansion support.,LX-TM1-0006,related usage,,Approved,
PE-TM1-0012,Tools and Machines 1,Common Celan > LX-TM1-0006,,rinaen thamkar an karvek.,The pestle is in the toolkit.,Expansion example,Storing a working implement.,Canon,User-approved expansion support.,LX-TM1-0006,related usage,,Approved,
PE-TM1-0013,Tools and Machines 1,Common Celan > LX-TM1-0007,,zhaelpralaen I belxar ser zhirpel.,I repair the garment with a needle.,Expansion example,Sewing repair.,Canon,User-approved expansion support.,LX-TM1-0007,related usage,,Approved,
PE-TM1-0014,Tools and Machines 1,Common Celan > LX-TM1-0007,,rinaen zhirpel an karvek.,The needle is in the toolkit.,Expansion example,Needle as a portable tool.,Canon,User-approved expansion support.,LX-TM1-0007,related usage,,Approved,
PE-TM1-0015,Tools and Machines 1,Common Celan > LX-TM1-0008,,karethaen mekral pelkorin an rask.,The craftworker uses the awl on the hide.,Expansion example,Piercing a workable material.,Canon,User-approved expansion support.,LX-TM1-0008,related usage,,Approved,
PE-TM1-0016,Tools and Machines 1,Common Celan > LX-TM1-0008,,rinaen pelkorin an karvek.,The awl is in the toolkit.,Expansion example,Awl as a portable tool.,Canon,User-approved expansion support.,LX-TM1-0008,related usage,,Approved,
PE-TM1-0017,Tools and Machines 1,Common Celan > LX-TM1-0009,,pelaen I belrin ser delpel.,I cut the fabric with the shears.,Expansion example,Paired-blade cutting.,Canon,User-approved expansion support.,LX-TM1-0009,related usage,,Approved,
PE-TM1-0018,Tools and Machines 1,Common Celan > LX-TM1-0009,,dor I delpel an pralor.,I put the shears on the table.,Expansion example,Ordinary tool placement.,Canon,User-approved expansion support.,LX-TM1-0009,related usage,,Approved,
PE-TM1-0019,Tools and Machines 1,Common Celan > LX-TM1-0010,,korinaen mekral kren ser delkorin.,The craftworker holds the metal with tongs.,Expansion example,Safe gripping of metal.,Canon,User-approved expansion support.,LX-TM1-0010,related usage,,Approved,
PE-TM1-0020,Tools and Machines 1,Common Celan > LX-TM1-0010,,rinaen delkorin an krezor.,The tongs are at the forge.,Expansion example,Forge tool location.,Canon,User-approved expansion support.,LX-TM1-0010,related usage,,Approved,
PE-TM1-0021,Tools and Machines 1,Common Celan > LX-TM1-0011,,karethaen mekral pelkar an mormek.,The craftworker uses the chisel on the worked stone.,Expansion example,Shaping masonry.,Canon,User-approved expansion support.,LX-TM1-0011,related usage,,Approved,
PE-TM1-0022,Tools and Machines 1,Common Celan > LX-TM1-0011,,rinaen pelkar kren.,The chisel is metal.,Expansion example,Tool material.,Canon,User-approved expansion support.,LX-TM1-0011,related usage,,Approved,
PE-TM1-0023,Tools and Machines 1,Common Celan > LX-TM1-0012,,rinaen dren an drenkavvek.,The water is in the flask.,Expansion example,Closed liquid storage.,Canon,User-approved expansion support.,LX-TM1-0012,related usage,,Approved,
PE-TM1-0024,Tools and Machines 1,Common Celan > LX-TM1-0012,,vekaen I drenkavvek.,I carry the bottle.,Expansion example,Portable liquid vessel.,Canon,User-approved expansion support.,LX-TM1-0012,related usage,,Approved,
PE-TM1-0025,Tools and Machines 1,Common Celan > LX-TM1-0013,,drentalaen I dren an krezdrenvek.,I pour water into the kettle.,Expansion example,Filling a heating vessel.,Canon,User-approved expansion support.,LX-TM1-0013,related usage,,Approved,
PE-TM1-0026,Tools and Machines 1,Common Celan > LX-TM1-0013,,rinaen krezdrenvek feneth.,The kettle is hot.,Expansion example,Heated vessel state.,Canon,User-approved expansion support.,LX-TM1-0013,related usage,,Approved,
PE-TM1-0027,Tools and Machines 1,Common Celan > LX-TM1-0014,,dor liorin rinpel an lianbelrin.,The elder puts the seal on the document.,Expansion example,Authorizing a record.,Canon,User-approved expansion support.,LX-TM1-0014,related usage,,Approved,
PE-TM1-0028,Tools and Machines 1,Common Celan > LX-TM1-0014,,kes I rinpel.,I inspect the seal.,Expansion example,Checking an identifying impression.,Canon,User-approved expansion support.,LX-TM1-0014,related usage,,Approved,
PE-TM1-0029,Tools and Machines 1,Common Celan > LX-TM1-0015,,karethaen kavral kelpel an kelpral.,The archivist uses the stylus on the tablet.,Expansion example,Writing instrument use.,Canon,User-approved expansion support.,LX-TM1-0015,related usage,,Approved,
PE-TM1-0030,Tools and Machines 1,Common Celan > LX-TM1-0015,,dor kavral kelpel an pralor.,The archivist puts the stylus on the table.,Expansion example,Ordinary instrument placement.,Canon,User-approved expansion support.,LX-TM1-0015,related usage,,Approved,
PE-TM1-0031,Tools and Machines 1,Common Celan > LX-TM1-0016,,dor kavral rinshen an kelpral.,The archivist puts the identity record on the tablet.,Expansion example,Information-bearing work surface.,Canon,User-approved expansion support.,LX-TM1-0016,related usage,,Approved,
PE-TM1-0032,Tools and Machines 1,Common Celan > LX-TM1-0016,,rinaen kelpral an karvek.,The writing tablet is in the toolkit.,Expansion example,Portable reusable writing surface.,Canon,User-approved expansion support.,LX-TM1-0016,related usage,,Approved,
PE-TM1-0033,Tools and Machines 1,Common Celan > LX-TM1-0017,,karethaen mekral shenzhir an zem.,The craftworker uses the ruler on the timber.,Expansion example,Measuring material.,Canon,User-approved expansion support.,LX-TM1-0017,related usage,,Approved,
PE-TM1-0034,Tools and Machines 1,Common Celan > LX-TM1-0017,,rinaen shenzhir an karvek.,The measuring rod is in the toolkit.,Expansion example,Storing a calibrated tool.,Canon,User-approved expansion support.,LX-TM1-0017,related usage,,Approved,
PE-TM1-0035,Tools and Machines 1,Common Celan > LX-TM1-0018,,lorin lormek sharavok.,The compass guides the caravan.,Expansion example,Instrument-guided direction.,Canon,User-approved expansion support.,LX-TM1-0018,related usage,,Approved,
PE-TM1-0036,Tools and Machines 1,Common Celan > LX-TM1-0018,,kes I lormek.,I check the compass.,Expansion example,Checking a directional instrument.,Canon,User-approved expansion support.,LX-TM1-0018,related usage,,Approved,
PE-TM1-0037,Tools and Machines 1,Common Celan > LX-TM1-0019,,lorin sharashen sharavok.,The map guides the caravan.,Expansion example,Route planning from a representation.,Canon,User-approved expansion support.,LX-TM1-0019,related usage,,Approved,
PE-TM1-0038,Tools and Machines 1,Common Celan > LX-TM1-0019,,keldoraen I rathlor an sharashen.,I mark the danger on the map.,Expansion example,Recording a hazard location.,Canon,User-approved expansion support.,LX-TM1-0019,related usage,,Approved,
PE-TM1-0039,Tools and Machines 1,Common Celan > LX-TM1-0020,,kes I normek.,I check the clock.,Expansion example,Reading a timepiece.,Canon,User-approved expansion support.,LX-TM1-0020,related usage,,Approved,
PE-TM1-0040,Tools and Machines 1,Common Celan > LX-TM1-0020,,rinaen normek an pralor.,The clock is on the table.,Expansion example,Ordinary timepiece location.,Canon,User-approved expansion support.,LX-TM1-0020,related usage,,Approved,
PE-TM1-0041,Tools and Machines 1,Common Celan > LX-TM1-0021,,pralaen mekral belrin ser belpralmek.,The craftworker makes fabric with the loom.,Expansion example,Weaving apparatus use.,Canon,User-approved expansion support.,LX-TM1-0021,related usage,,Approved,
PE-TM1-0042,Tools and Machines 1,Common Celan > LX-TM1-0021,,zhaelpralaen mekral belpralmek.,The craftworker repairs the loom.,Expansion example,Loom maintenance.,Canon,User-approved expansion support.,LX-TM1-0021,related usage,,Approved,
PE-TM1-0043,Tools and Machines 1,Common Celan > LX-TM1-0022,,rinaen felzhir an jekzhirvek.,The fiber is on the spool.,Expansion example,Wound textile material.,Canon,User-approved expansion support.,LX-TM1-0022,related usage,,Approved,
PE-TM1-0044,Tools and Machines 1,Common Celan > LX-TM1-0022,,dor mekral jekzhirvek an belpralmek.,The craftworker puts the spool on the loom.,Expansion example,Fitting a line holder to an apparatus.,Canon,User-approved expansion support.,LX-TM1-0022,related usage,,Approved,
PE-TM1-0045,Tools and Machines 1,Common Celan > LX-TM1-0023,,kes mekral shenmek.,The mechanic checks the gauge.,Expansion example,Reading a system instrument.,Canon,User-approved expansion support.,LX-TM1-0023,related usage,,Approved,
PE-TM1-0046,Tools and Machines 1,Common Celan > LX-TM1-0023,,rinaen shenmek an kalmek.,The gauge is on the machine.,Expansion example,Installed measurement instrument.,Canon,User-approved expansion support.,LX-TM1-0023,related usage,,Approved,
PE-TM1-0047,Tools and Machines 1,Common Celan > LX-TM1-0024,,kes kesmek krez.,The sensor detects fire.,Expansion example,Automated physical detection.,Canon,User-approved expansion support.,LX-TM1-0024,related usage,,Approved,
PE-TM1-0048,Tools and Machines 1,Common Celan > LX-TM1-0024,,rinaen kesmek an shanmek.,The sensor is on the pipe.,Expansion example,Installed condition detector.,Canon,User-approved expansion support.,LX-TM1-0024,related usage,,Approved,
PE-TM1-0049,Tools and Machines 1,Common Celan > LX-TM1-0025,,shenlianaen mekral shenmek.,The mechanic calibrates the gauge.,Expansion example,Adjustment against a standard.,Canon,User-approved expansion support.,LX-TM1-0025,related usage,,Approved,
PE-TM1-0050,Tools and Machines 1,Common Celan > LX-TM1-0025,,shenlianaen liorin lormek.,The elder calibrates the compass.,Expansion example,Correcting a directional instrument.,Canon,User-approved expansion support.,LX-TM1-0025,related usage,,Approved,
PE-TM1-0051,Tools and Machines 1,Common Celan > LX-TM1-0026,,rinaen kormek an kalmek.,The engine is in the machine.,Expansion example,Engine as one machine core.,Canon,User-approved expansion support.,LX-TM1-0026,related usage,,Approved,
PE-TM1-0052,Tools and Machines 1,Common Celan > LX-TM1-0026,,zhaelpralaen mekral kormek.,The mechanic repairs the motor.,Expansion example,Engine maintenance.,Canon,User-approved expansion support.,LX-TM1-0026,related usage,,Approved,
PE-TM1-0053,Tools and Machines 1,Common Celan > LX-TM1-0027,,rinaen zhelkor an zhelbel.,The generator is connected to the power grid.,Expansion example,Energy production feeding distribution.,Canon,User-approved expansion support.,LX-TM1-0027,related usage,,Approved,
PE-TM1-0054,Tools and Machines 1,Common Celan > LX-TM1-0027,,kes mekral zhelkor.,The mechanic checks the generator.,Expansion example,Energy-source inspection.,Canon,User-approved expansion support.,LX-TM1-0027,related usage,,Approved,
PE-TM1-0055,Tools and Machines 1,Common Celan > LX-TM1-0028,,rinaen zhelkav zun.,The battery is empty.,Expansion example,Depleted stored energy.,Canon,User-approved expansion support.,LX-TM1-0028,related usage,,Approved,
PE-TM1-0056,Tools and Machines 1,Common Celan > LX-TM1-0028,,dor mekral zhelkav an kalmek.,The mechanic puts the battery in the machine.,Expansion example,Installing stored power.,Canon,User-approved expansion support.,LX-TM1-0028,related usage,,Approved,
PE-TM1-0057,Tools and Machines 1,Common Celan > LX-TM1-0029,,rinaen dren an shanmek.,Water is in the pipe.,Expansion example,Fluid passage.,Canon,User-approved expansion support.,LX-TM1-0029,related usage,,Approved,
PE-TM1-0058,Tools and Machines 1,Common Celan > LX-TM1-0029,,zhaelpralaen mekral shanmek.,The mechanic repairs the conduit.,Expansion example,Enclosed-channel maintenance.,Canon,User-approved expansion support.,LX-TM1-0029,related usage,,Approved,
PE-TM1-0059,Tools and Machines 1,Common Celan > LX-TM1-0030,,rinaen krenzhir zhelshaneth.,The wire is conductive.,Expansion example,Conductive metal line.,Canon,User-approved expansion support.,LX-TM1-0030,related usage,,Approved,
PE-TM1-0060,Tools and Machines 1,Common Celan > LX-TM1-0030,,pelvokaen krenzhir.,The wire snaps.,Expansion example,Broken conductive line.,Canon,User-approved expansion support.,LX-TM1-0030,related usage,,Approved,
PE-TM1-0061,Tools and Machines 1,Common Celan > LX-TM1-0031,,rinaen selshan an shanmek.,The filter is in the pipe.,Expansion example,Installed selective barrier.,Canon,User-approved expansion support.,LX-TM1-0031,related usage,,Approved,
PE-TM1-0062,Tools and Machines 1,Common Celan > LX-TM1-0031,,zhaelpralaen mekral selshan.,The mechanic repairs the filter.,Expansion example,Filter maintenance.,Canon,User-approved expansion support.,LX-TM1-0031,related usage,,Approved,
PE-TM1-0063,Tools and Machines 1,Common Celan > LX-TM1-0032,,selshanaen I dren.,I filter the water.,Expansion example,Removing unwanted material from water.,Canon,User-approved expansion support.,LX-TM1-0032,related usage,,Approved,
PE-TM1-0064,Tools and Machines 1,Common Celan > LX-TM1-0032,,selshanaen mekral esh.,The mechanic filters the air.,Expansion example,Removing matter from airflow.,Canon,User-approved expansion support.,LX-TM1-0032,related usage,,Approved,
PE-TM1-0065,Tools and Machines 1,Common Celan > LX-TM1-0033,,rinaen ravshan an awekshara.,The pump is at the spring-fed canal.,Expansion example,Water-moving device.,Canon,User-approved expansion support.,LX-TM1-0033,related usage,,Approved,
PE-TM1-0066,Tools and Machines 1,Common Celan > LX-TM1-0033,,zhaelpralaen mekral ravshan.,The mechanic repairs the pump.,Expansion example,Pump maintenance.,Canon,User-approved expansion support.,LX-TM1-0033,related usage,,Approved,
PE-TM1-0067,Tools and Machines 1,Common Celan > LX-TM1-0034,,xaraen mekral belshan.,The mechanic closes the valve.,Expansion example,Stopping controlled flow.,Canon,User-approved expansion support.,LX-TM1-0034,related usage,,Approved,
PE-TM1-0068,Tools and Machines 1,Common Celan > LX-TM1-0034,,kaxaraen I belshan.,I open the valve.,Expansion example,Permitting controlled flow.,Canon,User-approved expansion support.,LX-TM1-0034,related usage,,Approved,
PE-TM1-0069,Tools and Machines 1,Common Celan > LX-TM1-0035,,jekaen mekral wekmek.,The mechanic turns the wheel.,Expansion example,Controlled rotation.,Canon,User-approved expansion support.,LX-TM1-0035,related usage,,Approved,
PE-TM1-0070,Tools and Machines 1,Common Celan > LX-TM1-0035,,rinaen wekmek an kalmek.,The wheel is on the machine.,Expansion example,Wheel as a machine component.,Canon,User-approved expansion support.,LX-TM1-0035,related usage,,Approved,
PE-TM1-0071,Tools and Machines 1,Common Celan > LX-TM1-0036,,rinaen korwek an wekmek.,The axle is in the wheel.,Expansion example,Central rotating shaft.,Canon,User-approved expansion support.,LX-TM1-0036,related usage,,Approved,
PE-TM1-0072,Tools and Machines 1,Common Celan > LX-TM1-0036,,zhaelpralaen mekral korwek.,The mechanic repairs the axle.,Expansion example,Axle maintenance.,Canon,User-approved expansion support.,LX-TM1-0036,related usage,,Approved,
PE-TM1-0073,Tools and Machines 1,Common Celan > LX-TM1-0037,,jekaen jekmek an kalmek.,The gear turns in the machine.,Expansion example,Engaged rotating component.,Canon,User-approved expansion support.,LX-TM1-0037,related usage,,Approved,
PE-TM1-0074,Tools and Machines 1,Common Celan > LX-TM1-0037,,pelvokaen jekmek.,The gear snaps.,Expansion example,Broken rotating component.,Canon,User-approved expansion support.,LX-TM1-0037,related usage,,Approved,
PE-TM1-0075,Tools and Machines 1,Common Celan > LX-TM1-0038,,karethaen I ravkar an mormek.,I use the lever on the worked stone.,Expansion example,Multiplying force against masonry.,Canon,User-approved expansion support.,LX-TM1-0038,related usage,,Approved,
PE-TM1-0076,Tools and Machines 1,Common Celan > LX-TM1-0038,,rinaen ravkar an karvek.,The lever is in the toolkit.,Expansion example,Portable force tool.,Canon,User-approved expansion support.,LX-TM1-0038,related usage,,Approved,
PE-TM1-0077,Tools and Machines 1,Common Celan > LX-TM1-0039,,vekaen wekrav mormek.,The pulley carries the worked stone.,Expansion example,Lifting a heavy load.,Canon,User-approved expansion support.,LX-TM1-0039,related usage,,Approved,
PE-TM1-0078,Tools and Machines 1,Common Celan > LX-TM1-0039,,rinaen zhirin an wekrav.,The rope is on the pulley.,Expansion example,Flexible line guided by rotation.,Canon,User-approved expansion support.,LX-TM1-0039,related usage,,Approved,
PE-TM1-0079,Tools and Machines 1,Common Celan > LX-TM1-0040,,rinaen jekkal an kalmek.,The mechanical spring is in the machine.,Expansion example,Stored-force component.,Canon,User-approved expansion support.,LX-TM1-0040,related usage,,Approved,
PE-TM1-0080,Tools and Machines 1,Common Celan > LX-TM1-0040,,korinaen jekkal kal nethnor.,The spring still holds force.,Expansion example,Stored mechanical energy.,Canon,User-approved expansion support.,LX-TM1-0040,related usage,,Approved,
PE-TVO1-0001,Transportation and Vehicle Operations 1,Common Celan > LX-TVO1-0001,,rinaen varvek an shara.,The vehicle is on the route.,Expansion example,General conveyance in ordinary travel.,Canon,User-approved expansion support.,LX-TVO1-0001,related usage,,Approved,
PE-TVO1-0002,Transportation and Vehicle Operations 1,Common Celan > LX-TVO1-0001,,zhaelpralaen mekral varvek.,The mechanic repairs the vehicle.,Expansion example,Vehicle repair without specifying a subtype.,Canon,User-approved expansion support.,LX-TVO1-0001,related usage,,Approved,
PE-TVO1-0003,Transportation and Vehicle Operations 1,Common Celan > LX-TVO1-0002,,var felvek an shara.,The cart moves along the path.,Expansion example,Small wheeled carrier in motion.,Canon,User-approved expansion support.,LX-TVO1-0002,related usage,,Approved,
PE-TVO1-0004,Transportation and Vehicle Operations 1,Common Celan > LX-TVO1-0002,,ravvekaen belzor felvek.,The livestock tow the cart.,Expansion example,Animal-drawn cart use.,Canon,User-approved expansion support.,LX-TVO1-0002,related usage,,Approved,
PE-TVO1-0005,Transportation and Vehicle Operations 1,Common Celan > LX-TVO1-0003,,vekaen morvek vekmor.,The wagon carries the cargo.,Expansion example,Substantial cargo transport.,Canon,User-approved expansion support.,LX-TVO1-0003,related usage,,Approved,
PE-TVO1-0006,Transportation and Vehicle Operations 1,Common Celan > LX-TVO1-0003,,rinaen morvek maganeth.,The wagon is heavy.,Expansion example,Describing a substantial land carrier.,Canon,User-approved expansion support.,LX-TVO1-0003,related usage,,Approved,
PE-TVO1-0007,Transportation and Vehicle Operations 1,Common Celan > LX-TVO1-0004,,var pralvek an velk.,The sled travels on the ice.,Expansion example,Runner-supported snow or ice travel.,Canon,User-approved expansion support.,LX-TVO1-0004,related usage,,Approved,
PE-TVO1-0008,Transportation and Vehicle Operations 1,Common Celan > LX-TVO1-0004,,ravvekaen harven pralvek.,The Harven tows the sled.,Expansion example,Pack-beast sled travel.,Canon,User-approved expansion support.,LX-TVO1-0004,related usage,,Approved,
PE-TVO1-0009,Transportation and Vehicle Operations 1,Common Celan > LX-TVO1-0005,,kormekaen lorvekral kormekvek.,The driver operates the motor vehicle.,Expansion example,Ordinary powered land travel.,Canon,User-approved expansion support.,LX-TVO1-0005,related usage,,Approved,
PE-TVO1-0010,Transportation and Vehicle Operations 1,Common Celan > LX-TVO1-0005,,zhaelpralaen mekral kormekvek.,The mechanic repairs the motor vehicle.,Expansion example,Repairing a car or field vehicle.,Canon,User-approved expansion support.,LX-TVO1-0005,related usage,,Approved,
PE-TVO1-0011,Transportation and Vehicle Operations 1,Common Celan > LX-TVO1-0006,,vekvaraen I delkormek.,I ride the motorbike.,Expansion example,Powered two-wheeled travel.,Canon,User-approved expansion support.,LX-TVO1-0006,related usage,,Approved,
PE-TVO1-0012,Transportation and Vehicle Operations 1,Common Celan > LX-TVO1-0006,,dorvekaen ser delkormek an kaleth.,The friend parks the motorcycle at the fortress.,Expansion example,Parking a powered two-wheeler.,Canon,User-approved expansion support.,LX-TVO1-0006,related usage,,Approved,
PE-TVO1-0013,Transportation and Vehicle Operations 1,Common Celan > LX-TVO1-0007,,weksharaen I ser delwek.,I commute by bicycle.,Expansion example,Regular rider-powered travel.,Canon,User-approved expansion support.,LX-TVO1-0007,related usage,,Approved,
PE-TVO1-0014,Transportation and Vehicle Operations 1,Common Celan > LX-TVO1-0007,,zhaelpralaen mekral delwek.,The mechanic repairs the bicycle.,Expansion example,Bicycle maintenance.,Canon,User-approved expansion support.,LX-TVO1-0007,related usage,,Approved,
PE-TVO1-0015,Transportation and Vehicle Operations 1,Common Celan > LX-TVO1-0008,,anvekaen I zhirvek.,I board the railcar.,Expansion example,Entering one rail vehicle.,Canon,User-approved expansion support.,LX-TVO1-0008,related usage,,Approved,
PE-TVO1-0016,Transportation and Vehicle Operations 1,Common Celan > LX-TVO1-0008,,rinaen zhirvek an zhirshara.,The railcar is on the railway.,Expansion example,Distinguishing rail vehicle from rail system.,Canon,User-approved expansion support.,LX-TVO1-0008,related usage,,Approved,
PE-TVO1-0017,Transportation and Vehicle Operations 1,Common Celan > LX-TVO1-0009,,dar I belzhirvek.,I wait for the train.,Expansion example,Ordinary train travel planning.,Canon,User-approved expansion support.,LX-TVO1-0009,related usage,,Approved,
PE-TVO1-0018,Transportation and Vehicle Operations 1,Common Celan > LX-TVO1-0009,,var belzhirvek an zhirshara.,The train travels on the railway.,Expansion example,Linked rail vehicles in motion.,Canon,User-approved expansion support.,LX-TVO1-0009,related usage,,Approved,
PE-TVO1-0019,Transportation and Vehicle Operations 1,Common Celan > LX-TVO1-0010,,rinaen kren an zhirshara.,There is metal in the railway.,Expansion example,Describing rail construction.,Canon,User-approved expansion support.,LX-TVO1-0010,related usage,,Approved,
PE-TVO1-0020,Transportation and Vehicle Operations 1,Common Celan > LX-TVO1-0010,,kasharaen sharavok zhirshara.,The caravan avoids the railway.,Expansion example,Route planning around a fixed rail line.,Canon,User-approved expansion support.,LX-TVO1-0010,related usage,,Approved,
PE-TVO1-0021,Transportation and Vehicle Operations 1,Common Celan > LX-TVO1-0011,,var shalilvek shan esh.,The glider travels through the air.,Expansion example,Low-resistance movement through air.,Canon,User-approved expansion support.,LX-TVO1-0011,related usage,,Approved,
PE-TVO1-0022,Transportation and Vehicle Operations 1,Common Celan > LX-TVO1-0011,,vekvaraen ser shalilvek an mahr.,The friend rides the glider on the sea.,Expansion example,Cross-medium glider use.,Canon,User-approved expansion support.,LX-TVO1-0011,related usage,,Approved,
PE-TVO1-0023,Transportation and Vehicle Operations 1,Common Celan > LX-TVO1-0012,,eshvaraen eshvek esh morl.,The aircraft flies above the mountain.,Expansion example,Air vehicle in flight.,Canon,User-approved expansion support.,LX-TVO1-0012,related usage,,Approved,
PE-TVO1-0024,Transportation and Vehicle Operations 1,Common Celan > LX-TVO1-0012,,anvekaen vekin eshvek.,The passenger boards the aircraft.,Expansion example,Passenger air travel.,Canon,User-approved expansion support.,LX-TVO1-0012,related usage,,Approved,
PE-TVO1-0025,Transportation and Vehicle Operations 1,Common Celan > LX-TVO1-0013,,rinaen mahrxarvek an mahr.,The submersible is in the sea.,Expansion example,Enclosed underwater travel.,Canon,User-approved expansion support.,LX-TVO1-0013,related usage,,Approved,
PE-TVO1-0026,Transportation and Vehicle Operations 1,Common Celan > LX-TVO1-0013,,anvekaen I mahrxarvek.,I board the submersible.,Expansion example,Entering an underwater vehicle.,Canon,User-approved expansion support.,LX-TVO1-0013,related usage,,Approved,
PE-TVO1-0027,Transportation and Vehicle Operations 1,Common Celan > LX-TVO1-0014,,var krenzhirvek esh morl.,The cable car travels above the mountain.,Expansion example,Cable-supported mountain travel.,Canon,User-approved expansion support.,LX-TVO1-0014,related usage,,Approved,
PE-TVO1-0028,Transportation and Vehicle Operations 1,Common Celan > LX-TVO1-0014,,vekvaraen I krenzhirvek.,I ride the cable car.,Expansion example,Passenger cable transport.,Canon,User-approved expansion support.,LX-TVO1-0014,related usage,,Approved,
PE-TVO1-0029,Transportation and Vehicle Operations 1,Common Celan > LX-TVO1-0015,,var mahrpral an mahr.,The raft travels on the sea.,Expansion example,Flat open watercraft in use.,Canon,User-approved expansion support.,LX-TVO1-0015,related usage,,Approved,
PE-TVO1-0030,Transportation and Vehicle Operations 1,Common Celan > LX-TVO1-0015,,ravvekaen mahrvek mahrpral.,The ship tows the raft.,Expansion example,Raft distinguished from an enclosed vessel.,Canon,User-approved expansion support.,LX-TVO1-0015,related usage,,Approved,
PE-TVO1-0031,Transportation and Vehicle Operations 1,Common Celan > LX-TVO1-0016,,vekvaraen I tharokh.,I ride the Tharokh.,Expansion example,Riding a transport animal.,Canon,User-approved expansion support.,LX-TVO1-0016,related usage,,Approved,
PE-TVO1-0032,Transportation and Vehicle Operations 1,Common Celan > LX-TVO1-0016,,vekvaraen ser kormekvek.,The friend rides in the motor vehicle.,Expansion example,Being transported without driving.,Canon,User-approved expansion support.,LX-TVO1-0016,related usage,,Approved,
PE-TVO1-0033,Transportation and Vehicle Operations 1,Common Celan > LX-TVO1-0017,,kormekaen I kormekvek.,I drive the motor vehicle.,Expansion example,Operating a powered land vehicle.,Canon,User-approved expansion support.,LX-TVO1-0017,related usage,,Approved,
PE-TVO1-0034,Transportation and Vehicle Operations 1,Common Celan > LX-TVO1-0017,,kormekaen mekral kalmek.,The mechanic operates the machine.,Expansion example,Powered machine operation outside transport.,Canon,User-approved expansion support.,LX-TVO1-0017,related usage,,Approved,
PE-TVO1-0035,Transportation and Vehicle Operations 1,Common Celan > LX-TVO1-0018,,lorvekaen I mahrvek.,I steer the ship.,Expansion example,Directional control of a vessel.,Canon,User-approved expansion support.,LX-TVO1-0018,related usage,,Approved,
PE-TVO1-0036,Transportation and Vehicle Operations 1,Common Celan > LX-TVO1-0018,,lorvekaen lorvekral morvek.,The driver steers the wagon.,Expansion example,Directional control of a land vehicle.,Canon,User-approved expansion support.,LX-TVO1-0018,related usage,,Approved,
PE-TVO1-0037,Transportation and Vehicle Operations 1,Common Celan > LX-TVO1-0019,,mahrvaraen I mahrvek.,I sail the ship.,Expansion example,Travel by vessel over water.,Canon,User-approved expansion support.,LX-TVO1-0019,related usage,,Approved,
PE-TVO1-0038,Transportation and Vehicle Operations 1,Common Celan > LX-TVO1-0019,,mahrvaraen mahrvek an mahr.,The ship sails on the sea.,Expansion example,Water-specific vessel movement.,Canon,User-approved expansion support.,LX-TVO1-0019,related usage,,Approved,
PE-TVO1-0039,Transportation and Vehicle Operations 1,Common Celan > LX-TVO1-0020,,eshvaraen eshlin esh morl.,The bird flies above the mountain.,Expansion example,Natural airborne movement.,Canon,User-approved expansion support.,LX-TVO1-0020,related usage,,Approved,
PE-TVO1-0040,Transportation and Vehicle Operations 1,Common Celan > LX-TVO1-0020,,eshvaraen eshlorral eshvek.,The pilot flies the aircraft.,Expansion example,Controlled vehicle flight.,Canon,User-approved expansion support.,LX-TVO1-0020,related usage,,Approved,
PE-TVO1-0041,Transportation and Vehicle Operations 1,Common Celan > LX-TVO1-0021,,anvekaen I belzhirvek.,I board the train.,Expansion example,Entering rail transport.,Canon,User-approved expansion support.,LX-TVO1-0021,related usage,,Approved,
PE-TVO1-0042,Transportation and Vehicle Operations 1,Common Celan > LX-TVO1-0021,,anvekaen vekin mahrvek.,The passenger boards the ship.,Expansion example,Entering water transport.,Canon,User-approved expansion support.,LX-TVO1-0021,related usage,,Approved,
PE-TVO1-0043,Transportation and Vehicle Operations 1,Common Celan > LX-TVO1-0022,,thalvekaen I belzhirvek.,I disembark from the train.,Expansion example,Leaving rail transport.,Canon,User-approved expansion support.,LX-TVO1-0022,related usage,,Approved,
PE-TVO1-0044,Transportation and Vehicle Operations 1,Common Celan > LX-TVO1-0022,,thalvekaen vekin mahrvek.,The passenger disembarks from the ship.,Expansion example,Leaving water transport.,Canon,User-approved expansion support.,LX-TVO1-0022,related usage,,Approved,
PE-TVO1-0045,Transportation and Vehicle Operations 1,Common Celan > LX-TVO1-0023,,weksharaen I an kinnmor.,I commute in the morning.,Expansion example,Repeated travel at a regular time.,Canon,User-approved expansion support.,LX-TVO1-0023,related usage,,Approved,
PE-TVO1-0046,Transportation and Vehicle Operations 1,Common Celan > LX-TVO1-0023,,weksharaen mekral an zhirshara.,The mechanic commutes by rail.,Expansion example,Repeated travel on a fixed route.,Canon,User-approved expansion support.,LX-TVO1-0023,related usage,,Approved,
PE-TVO1-0047,Transportation and Vehicle Operations 1,Common Celan > LX-TVO1-0024,,dorvekaen lorvekral kormekvek an kaleth.,The driver parks the motor vehicle at the fortress.,Expansion example,Placing a land vehicle at rest.,Canon,User-approved expansion support.,LX-TVO1-0024,related usage,,Approved,
PE-TVO1-0048,Transportation and Vehicle Operations 1,Common Celan > LX-TVO1-0024,,dorvekaen I delkormek an teremil.,I park the motorbike at home.,Expansion example,Ordinary vehicle parking.,Canon,User-approved expansion support.,LX-TVO1-0024,related usage,,Approved,
PE-TVO1-0049,Transportation and Vehicle Operations 1,Common Celan > LX-TVO1-0025,,kes lorvekral jorvar.,The driver notices the speed.,Expansion example,Monitoring rate of movement.,Canon,User-approved expansion support.,LX-TVO1-0025,related usage,,Approved,
PE-TVO1-0050,Transportation and Vehicle Operations 1,Common Celan > LX-TVO1-0025,,rinaen jorvar an shenmek.,The speed is displayed on the gauge.,Expansion example,Measured vehicle speed.,Canon,User-approved expansion support.,LX-TVO1-0025,related usage,,Approved,
PE-TVO1-0051,Transportation and Vehicle Operations 1,Common Celan > LX-TVO1-0026,,jorvaraen lorvekral kormekvek.,The driver accelerates the motor vehicle.,Expansion example,Increasing travel speed.,Canon,User-approved expansion support.,LX-TVO1-0026,related usage,,Approved,
PE-TVO1-0052,Transportation and Vehicle Operations 1,Common Celan > LX-TVO1-0026,,Va ver jorvaraen Ya an felshara.,Do not accelerate in the lane.,Expansion example,Transport safety instruction.,Canon,User-approved expansion support.,LX-TVO1-0026,related usage,,Approved,
PE-TVO1-0053,Transportation and Vehicle Operations 1,Common Celan > LX-TVO1-0027,,velvaraen lorvekral morvek.,The driver slows the wagon.,Expansion example,Reducing land-travel speed.,Canon,User-approved expansion support.,LX-TVO1-0027,related usage,,Approved,
PE-TVO1-0054,Transportation and Vehicle Operations 1,Common Celan > LX-TVO1-0027,,velvaraen belzhirvek an kaleth.,The train slows at the fortress.,Expansion example,Reducing train speed near a destination.,Canon,User-approved expansion support.,LX-TVO1-0027,related usage,,Approved,
PE-TVO1-0055,Transportation and Vehicle Operations 1,Common Celan > LX-TVO1-0028,,belvekaen I kormekvek.,I brake the motor vehicle.,Expansion example,Applying controlled vehicle resistance.,Canon,User-approved expansion support.,LX-TVO1-0028,related usage,,Approved,
PE-TVO1-0056,Transportation and Vehicle Operations 1,Common Celan > LX-TVO1-0028,,belvekaen lorvekral varvek an vorkor.,The driver brakes the vehicle at the gate.,Expansion example,Controlled stopping before a boundary.,Canon,User-approved expansion support.,LX-TVO1-0028,related usage,,Approved,
PE-TVO1-0057,Transportation and Vehicle Operations 1,Common Celan > LX-TVO1-0029,,ravvekaen I felvek.,I tow the cart.,Expansion example,Pulling a land carrier.,Canon,User-approved expansion support.,LX-TVO1-0029,related usage,,Approved,
PE-TVO1-0058,Transportation and Vehicle Operations 1,Common Celan > LX-TVO1-0029,,ravvekaen mahrvek mahrpral.,The ship tows the raft.,Expansion example,Pulling a watercraft.,Canon,User-approved expansion support.,LX-TVO1-0029,related usage,,Approved,
PE-TVO1-0059,Transportation and Vehicle Operations 1,Common Celan > LX-TVO1-0030,,rinaen kormekvek an felshara.,The motor vehicle is in the lane.,Expansion example,Vehicle position within a route division.,Canon,User-approved expansion support.,LX-TVO1-0030,related usage,,Approved,
PE-TVO1-0060,Transportation and Vehicle Operations 1,Common Celan > LX-TVO1-0030,,jekaen lorvekral an felshara.,The driver turns within the lane.,Expansion example,Directional movement inside a designated lane.,Canon,User-approved expansion support.,LX-TVO1-0030,related usage,,Approved,
PE-TVO1-0061,Transportation and Vehicle Operations 1,Common Celan > LX-TVO1-0031,,vekaen morvek vekmor.,The wagon carries cargo.,Expansion example,Goods carried as a transport load.,Canon,User-approved expansion support.,LX-TVO1-0031,related usage,,Approved,
PE-TVO1-0062,Transportation and Vehicle Operations 1,Common Celan > LX-TVO1-0031,,korinaen I vekmor an varvek.,I hold the cargo in the vehicle.,Expansion example,Cargo held during transport.,Canon,User-approved expansion support.,LX-TVO1-0031,related usage,,Approved,
PE-TVO1-0063,Transportation and Vehicle Operations 1,Common Celan > LX-TVO1-0032,,anvekaen vekin belzhirvek.,The passenger boards the train.,Expansion example,Transported person entering a conveyance.,Canon,User-approved expansion support.,LX-TVO1-0032,related usage,,Approved,
PE-TVO1-0064,Transportation and Vehicle Operations 1,Common Celan > LX-TVO1-0032,,dar vekin ser lorvekral.,The passenger waits with the driver.,Expansion example,Passenger distinguished from operator.,Canon,User-approved expansion support.,LX-TVO1-0032,related usage,,Approved,
PE-TVO1-0065,Transportation and Vehicle Operations 1,Common Celan > LX-TVO1-0033,,lorvekaen lorvekral kormekvek.,The driver steers the motor vehicle.,Expansion example,General transport operator at work.,Canon,User-approved expansion support.,LX-TVO1-0033,related usage,,Approved,
PE-TVO1-0066,Transportation and Vehicle Operations 1,Common Celan > LX-TVO1-0033,,kes lorvekral belreth an kormek.,The driver notices a problem in the engine.,Expansion example,Operator diagnosing a transport problem.,Canon,User-approved expansion support.,LX-TVO1-0033,related usage,,Approved,
PE-TVO1-0067,Transportation and Vehicle Operations 1,Common Celan > LX-TVO1-0034,,eshvaraen eshlorral eshvek.,The pilot flies the aircraft.,Expansion example,Aerial vehicle operation.,Canon,User-approved expansion support.,LX-TVO1-0034,related usage,,Approved,
PE-TVO1-0068,Transportation and Vehicle Operations 1,Common Celan > LX-TVO1-0034,,lorvekaen eshlorral eshvek.,The pilot steers the aircraft.,Expansion example,Three-dimensional directional control.,Canon,User-approved expansion support.,LX-TVO1-0034,related usage,,Approved,
PE-TVO1-0069,Transportation and Vehicle Operations 1,Common Celan > LX-TVO1-0035,,rinaen welvek an shara.,There is traffic on the route.,Expansion example,Collective movement through a shared path.,Canon,User-approved expansion support.,LX-TVO1-0035,related usage,,Approved,
PE-TVO1-0070,Transportation and Vehicle Operations 1,Common Celan > LX-TVO1-0035,,velvaraen welvek an varthas.,Traffic slows in the city.,Expansion example,Collective transport movement changing speed.,Canon,User-approved expansion support.,LX-TVO1-0035,related usage,,Approved,
PE-BSPI1-0001,Built Spaces and Public Infrastructure 1,Common Celan > LX-BSPI1-0001,,rinaen mekor an varthas.,The building is in the city.,Expansion example,Ordinary constructed structure.,Canon,User-approved expansion support.,LX-BSPI1-0001,related usage,,Approved,
PE-BSPI1-0002,Built Spaces and Public Infrastructure 1,Common Celan > LX-BSPI1-0001,,zhaelpralaen mekral mekor.,The craftsperson repairs the building.,Expansion example,Building maintenance.,Canon,User-approved expansion support.,LX-BSPI1-0001,related usage,,Approved,
PE-BSPI1-0003,Built Spaces and Public Infrastructure 1,Common Celan > LX-BSPI1-0002,,korinaen ndara eshxar.,The wall holds the roof.,Expansion example,Load-bearing wall use.,Canon,User-approved expansion support.,LX-BSPI1-0002,related usage,,Approved,
PE-BSPI1-0004,Built Spaces and Public Infrastructure 1,Common Celan > LX-BSPI1-0002,,zhaelpralaen mekral ndara.,The craftsperson repairs the wall.,Expansion example,Ordinary wall maintenance.,Canon,User-approved expansion support.,LX-BSPI1-0002,related usage,,Approved,
PE-BSPI1-0005,Built Spaces and Public Infrastructure 1,Common Celan > LX-BSPI1-0003,,rinaen eshxar esh mekor.,The roof is above the building.,Expansion example,Exterior upper covering.,Canon,User-approved expansion support.,LX-BSPI1-0003,related usage,,Approved,
PE-BSPI1-0006,Built Spaces and Public Infrastructure 1,Common Celan > LX-BSPI1-0003,,zhaelpralaen mekral eshxar.,The craftsperson repairs the roof.,Expansion example,Weather-facing structure repair.,Canon,User-approved expansion support.,LX-BSPI1-0003,related usage,,Approved,
PE-BSPI1-0007,Built Spaces and Public Infrastructure 1,Common Celan > LX-BSPI1-0004,,rinaen vekmor an morlpral.,The cargo is on the floor.,Expansion example,Floor supporting a load.,Canon,User-approved expansion support.,LX-BSPI1-0004,related usage,,Approved,
PE-BSPI1-0008,Built Spaces and Public Infrastructure 1,Common Celan > LX-BSPI1-0004,,zhaelpralaen mekral morlpral.,The craftsperson repairs the floor.,Expansion example,Interior surface repair.,Canon,User-approved expansion support.,LX-BSPI1-0004,related usage,,Approved,
PE-BSPI1-0009,Built Spaces and Public Infrastructure 1,Common Celan > LX-BSPI1-0005,,rinaen shalkor an aneshxar.,The lamp is on the ceiling.,Expansion example,Interior upper surface.,Canon,User-approved expansion support.,LX-BSPI1-0005,related usage,,Approved,
PE-BSPI1-0010,Built Spaces and Public Infrastructure 1,Common Celan > LX-BSPI1-0005,,rinaen aneshxar esh nethor.,The ceiling is above the chair.,Expansion example,Ceiling contrasted with interior object.,Canon,User-approved expansion support.,LX-BSPI1-0005,related usage,,Approved,
PE-BSPI1-0011,Built Spaces and Public Infrastructure 1,Common Celan > LX-BSPI1-0006,,kaxaraen I shalshan.,I open the window.,Expansion example,Window operated for access to air or light.,Canon,User-approved expansion support.,LX-BSPI1-0006,related usage,,Approved,
PE-BSPI1-0012,Built Spaces and Public Infrastructure 1,Common Celan > LX-BSPI1-0006,,xaraen I shalshan.,I close the window.,Expansion example,Window closure contrasted with opening.,Canon,User-approved expansion support.,LX-BSPI1-0006,related usage,,Approved,
PE-BSPI1-0013,Built Spaces and Public Infrastructure 1,Common Celan > LX-BSPI1-0007,,rinaen xarzhir an shalshan.,The screen is at the window.,Expansion example,Screen filtering a window opening.,Canon,User-approved expansion support.,LX-BSPI1-0007,related usage,,Approved,
PE-BSPI1-0014,Built Spaces and Public Infrastructure 1,Common Celan > LX-BSPI1-0007,,shan shal xarzhir.,Light passes through the lattice.,Expansion example,Patterned light-filtering structure.,Canon,User-approved expansion support.,LX-BSPI1-0007,related usage,,Approved,
PE-BSPI1-0015,Built Spaces and Public Infrastructure 1,Common Celan > LX-BSPI1-0008,,rinaen kormor morl mekor.,The foundation is beneath the building.,Expansion example,Foundation position.,Canon,User-approved expansion support.,LX-BSPI1-0008,related usage,,Approved,
PE-BSPI1-0016,Built Spaces and Public Infrastructure 1,Common Celan > LX-BSPI1-0008,,korinaen kormor mekor.,The foundation supports the building.,Expansion example,Load-bearing structural base.,Canon,User-approved expansion support.,LX-BSPI1-0008,related usage,,Approved,
PE-BSPI1-0017,Built Spaces and Public Infrastructure 1,Common Celan > LX-BSPI1-0009,,korinaen mbalanmor mekeshpral.,The column supports the balcony.,Expansion example,Literal architectural support.,Canon,User-approved expansion support.,LX-BSPI1-0009,related usage,,Approved,
PE-BSPI1-0018,Built Spaces and Public Infrastructure 1,Common Celan > LX-BSPI1-0009,,rinaen mbalanmor an welpralor.,The pillar is in the plaza.,Expansion example,Freestanding civic column.,Canon,User-approved expansion support.,LX-BSPI1-0009,related usage,,Approved,
PE-BSPI1-0019,Built Spaces and Public Infrastructure 1,Common Celan > LX-BSPI1-0010,,rinaen velkelor an ndavior.,The library is on a building storey.,Expansion example,Usable tier within a building.,Canon,User-approved expansion support.,LX-BSPI1-0010,related usage,,Approved,
PE-BSPI1-0020,Built Spaces and Public Infrastructure 1,Common Celan > LX-BSPI1-0010,,var ndavivek an ndavior.,The elevator moves to the storey.,Expansion example,Building level as a lift destination.,Canon,User-approved expansion support.,LX-BSPI1-0010,related usage,,Approved,
PE-BSPI1-0021,Built Spaces and Public Infrastructure 1,Common Celan > LX-BSPI1-0011,,rinaen nethor an xaror.,The chair is in the room.,Expansion example,Ordinary bounded interior.,Canon,User-approved expansion support.,LX-BSPI1-0011,related usage,,Approved,
PE-BSPI1-0022,Built Spaces and Public Infrastructure 1,Common Celan > LX-BSPI1-0011,,dar I an xaror.,I wait in the room.,Expansion example,Room as an occupied interior place.,Canon,User-approved expansion support.,LX-BSPI1-0011,related usage,,Approved,
PE-BSPI1-0023,Built Spaces and Public Infrastructure 1,Common Celan > LX-BSPI1-0012,,rinaen welrim an worxaror.,The feast is in the hall.,Expansion example,Large shared gathering room.,Canon,User-approved expansion support.,LX-BSPI1-0012,related usage,,Approved,
PE-BSPI1-0024,Built Spaces and Public Infrastructure 1,Common Celan > LX-BSPI1-0012,,rinaen worxaror an mekor.,The hall is inside the building.,Expansion example,Large interior within a structure.,Canon,User-approved expansion support.,LX-BSPI1-0012,related usage,,Approved,
PE-BSPI1-0025,Built Spaces and Public Infrastructure 1,Common Celan > LX-BSPI1-0013,,rinaen drojormek an xarwelor.,The fountain is in the courtyard.,Expansion example,Open enclosed shared place.,Canon,User-approved expansion support.,LX-BSPI1-0013,related usage,,Approved,
PE-BSPI1-0026,Built Spaces and Public Infrastructure 1,Common Celan > LX-BSPI1-0013,,rinaen xarwelor an mekor.,The courtyard is within the building.,Expansion example,Enclosure-defined open space.,Canon,User-approved expansion support.,LX-BSPI1-0013,related usage,,Approved,
PE-BSPI1-0027,Built Spaces and Public Infrastructure 1,Common Celan > LX-BSPI1-0014,,rinaen welrim an welpralor.,The feast is in the public square.,Expansion example,Civic gathering place.,Canon,User-approved expansion support.,LX-BSPI1-0014,related usage,,Approved,
PE-BSPI1-0028,Built Spaces and Public Infrastructure 1,Common Celan > LX-BSPI1-0014,,rinaen welvek an welpralor.,Traffic is in the plaza.,Expansion example,Open civic surface under transport use.,Canon,User-approved expansion support.,LX-BSPI1-0014,related usage,,Approved,
PE-BSPI1-0029,Built Spaces and Public Infrastructure 1,Common Celan > LX-BSPI1-0015,,rinaen mekeshpral esh welpralor.,The balcony is above the plaza.,Expansion example,Raised projecting platform.,Canon,User-approved expansion support.,LX-BSPI1-0015,related usage,,Approved,
PE-BSPI1-0030,Built Spaces and Public Infrastructure 1,Common Celan > LX-BSPI1-0015,,rinaen ser an mekeshpral.,The friend is on the balcony.,Expansion example,Occupied balcony.,Canon,User-approved expansion support.,LX-BSPI1-0015,related usage,,Approved,
PE-BSPI1-0031,Built Spaces and Public Infrastructure 1,Common Celan > LX-BSPI1-0016,,rinaen kel an velkelor.,The text is in the library.,Expansion example,Readable work held for consultation.,Canon,User-approved expansion support.,LX-BSPI1-0016,related usage,,Approved,
PE-BSPI1-0032,Built Spaces and Public Infrastructure 1,Common Celan > LX-BSPI1-0016,,var I an velkelor.,I go to the library.,Expansion example,Ordinary public library use.,Canon,User-approved expansion support.,LX-BSPI1-0016,related usage,,Approved,
PE-BSPI1-0033,Built Spaces and Public Infrastructure 1,Common Celan > LX-BSPI1-0017,,rinaen shenmek an shenpralor.,The measuring device is in the laboratory.,Expansion example,Controlled measurement workspace.,Canon,User-approved expansion support.,LX-BSPI1-0017,related usage,,Approved,
PE-BSPI1-0034,Built Spaces and Public Infrastructure 1,Common Celan > LX-BSPI1-0017,,pralaen shenral an shenpralor.,The scholar works in the laboratory.,Expansion example,Measured investigation in a dedicated place.,Canon,User-approved expansion support.,LX-BSPI1-0017,related usage,,Approved,
PE-BSPI1-0035,Built Spaces and Public Infrastructure 1,Common Celan > LX-BSPI1-0018,,kes shenral dral an shenkesor.,The scholar observes a star at the observatory.,Expansion example,Distant astronomical observation.,Canon,User-approved expansion support.,LX-BSPI1-0018,related usage,,Approved,
PE-BSPI1-0036,Built Spaces and Public Infrastructure 1,Common Celan > LX-BSPI1-0018,,rinaen shenkesor an morl.,The observatory is on the mountain.,Expansion example,Elevated observation facility.,Canon,User-approved expansion support.,LX-BSPI1-0018,related usage,,Approved,
PE-BSPI1-0037,Built Spaces and Public Infrastructure 1,Common Celan > LX-BSPI1-0019,,rinaen belzhir an belzhirkavor.,The network is in the data center.,Expansion example,Connected information infrastructure.,Canon,User-approved expansion support.,LX-BSPI1-0019,related usage,,Approved,
PE-BSPI1-0038,Built Spaces and Public Infrastructure 1,Common Celan > LX-BSPI1-0019,,dor mekral kel an belzhirkavor.,The technician puts information in the data center.,Expansion example,Machine-readable information placement.,Canon,User-approved expansion support.,LX-BSPI1-0019,related usage,,Approved,
PE-BSPI1-0039,Built Spaces and Public Infrastructure 1,Common Celan > LX-BSPI1-0020,,rinaen lorvekral an lormekor.,The operator is in the control room.,Expansion example,Operations directed from a dedicated room.,Canon,User-approved expansion support.,LX-BSPI1-0020,related usage,,Approved,
PE-BSPI1-0040,Built Spaces and Public Infrastructure 1,Common Celan > LX-BSPI1-0020,,lorin lorvekral kalmek an lormekor.,The operator directs the machine from the control room.,Expansion example,Infrastructure control activity.,Canon,User-approved expansion support.,LX-BSPI1-0020,related usage,,Approved,
PE-BSPI1-0041,Built Spaces and Public Infrastructure 1,Common Celan > LX-BSPI1-0021,,zhaelpralaen mekral karvek an mekpralor.,The craftsperson repairs the toolkit in the workshop.,Expansion example,Repair work in a dedicated place.,Canon,User-approved expansion support.,LX-BSPI1-0021,related usage,,Approved,
PE-BSPI1-0042,Built Spaces and Public Infrastructure 1,Common Celan > LX-BSPI1-0021,,rinaen kareth an mekpralor.,The hammer is in the workshop.,Expansion example,Manual making space.,Canon,User-approved expansion support.,LX-BSPI1-0021,related usage,,Approved,
PE-BSPI1-0043,Built Spaces and Public Infrastructure 1,Common Celan > LX-BSPI1-0022,,var I shan njor.,I go across the bridge.,Expansion example,Crossing a structural span.,Canon,User-approved expansion support.,LX-BSPI1-0022,related usage,,Approved,
PE-BSPI1-0044,Built Spaces and Public Infrastructure 1,Common Celan > LX-BSPI1-0022,,rinaen njor esh dro.,The bridge is above the water.,Expansion example,Span crossing a waterway.,Canon,User-approved expansion support.,LX-BSPI1-0022,related usage,,Approved,
PE-BSPI1-0045,Built Spaces and Public Infrastructure 1,Common Celan > LX-BSPI1-0023,,var kormekvek an mekshara.,The motor vehicle travels on the road.,Expansion example,Built land route.,Canon,User-approved expansion support.,LX-BSPI1-0023,related usage,,Approved,
PE-BSPI1-0046,Built Spaces and Public Infrastructure 1,Common Celan > LX-BSPI1-0023,,zhaelpralaen mekral mekshara.,The craftsperson repairs the road.,Expansion example,Maintained transport surface.,Canon,User-approved expansion support.,LX-BSPI1-0023,related usage,,Approved,
PE-BSPI1-0047,Built Spaces and Public Infrastructure 1,Common Celan > LX-BSPI1-0024,,var I esh brosshara.,I go up the stairway.,Expansion example,Stepped route between heights.,Canon,User-approved expansion support.,LX-BSPI1-0024,related usage,,Approved,
PE-BSPI1-0048,Built Spaces and Public Infrastructure 1,Common Celan > LX-BSPI1-0024,,rinaen brosshara an mekor.,The stairs are in the building.,Expansion example,Interior height-changing route.,Canon,User-approved expansion support.,LX-BSPI1-0024,related usage,,Approved,
PE-BSPI1-0049,Built Spaces and Public Infrastructure 1,Common Celan > LX-BSPI1-0025,,var I shan morlshan.,I go through the tunnel.,Expansion example,Passage through an obstruction.,Canon,User-approved expansion support.,LX-BSPI1-0025,related usage,,Approved,
PE-BSPI1-0050,Built Spaces and Public Infrastructure 1,Common Celan > LX-BSPI1-0025,,rinaen shalkor an morlshan.,The lamp is in the tunnel.,Expansion example,Illuminated enclosed passage.,Canon,User-approved expansion support.,LX-BSPI1-0025,related usage,,Approved,
PE-BSPI1-0051,Built Spaces and Public Infrastructure 1,Common Celan > LX-BSPI1-0026,,var varvek shan varshanmek.,The vehicle travels through the transit tube.,Expansion example,Engineered transport conduit.,Canon,User-approved expansion support.,LX-BSPI1-0026,related usage,,Approved,
PE-BSPI1-0052,Built Spaces and Public Infrastructure 1,Common Celan > LX-BSPI1-0026,,xaraen mekral varshanmek.,The technician closes the transit tube.,Expansion example,Controlled closure of transport infrastructure.,Canon,User-approved expansion support.,LX-BSPI1-0026,related usage,,Approved,
PE-BSPI1-0053,Built Spaces and Public Infrastructure 1,Common Celan > LX-BSPI1-0027,,dar I an varbelor.,I wait at the station.,Expansion example,Passenger waiting location.,Canon,User-approved expansion support.,LX-BSPI1-0027,related usage,,Approved,
PE-BSPI1-0054,Built Spaces and Public Infrastructure 1,Common Celan > LX-BSPI1-0027,,thalvekaen vekin an varbelor.,The passengers disembark at the terminal.,Expansion example,Transport journey endpoint.,Canon,User-approved expansion support.,LX-BSPI1-0027,related usage,,Approved,
PE-BSPI1-0055,Built Spaces and Public Infrastructure 1,Common Celan > LX-BSPI1-0028,,rinaen vekin an eshpralor.,The passengers are on the platform.,Expansion example,Transport boarding surface.,Canon,User-approved expansion support.,LX-BSPI1-0028,related usage,,Approved,
PE-BSPI1-0056,Built Spaces and Public Infrastructure 1,Common Celan > LX-BSPI1-0028,,rinaen shenral an eshpralor.,The scholar is on the raised platform.,Expansion example,Platform used for speaking or observation.,Canon,User-approved expansion support.,LX-BSPI1-0028,related usage,,Approved,
PE-BSPI1-0057,Built Spaces and Public Infrastructure 1,Common Celan > LX-BSPI1-0029,,vekaen ndavivek vekmor.,The elevator carries the cargo.,Expansion example,Vertical cargo movement.,Canon,User-approved expansion support.,LX-BSPI1-0029,related usage,,Approved,
PE-BSPI1-0058,Built Spaces and Public Infrastructure 1,Common Celan > LX-BSPI1-0029,,var ndavivek an ndavior.,The elevator moves to the building level.,Expansion example,Fixed-level vertical transport.,Canon,User-approved expansion support.,LX-BSPI1-0029,related usage,,Approved,
PE-BSPI1-0059,Built Spaces and Public Infrastructure 1,Common Celan > LX-BSPI1-0030,,anvekaen I mahrvek an mahrpralor.,I board the ship at the dock.,Expansion example,Waterside boarding platform.,Canon,User-approved expansion support.,LX-BSPI1-0030,related usage,,Approved,
PE-BSPI1-0060,Built Spaces and Public Infrastructure 1,Common Celan > LX-BSPI1-0030,,rinaen vekmor an mahrpralor.,The cargo is on the dock.,Expansion example,Waterside loading surface.,Canon,User-approved expansion support.,LX-BSPI1-0030,related usage,,Approved,
PE-BSPI1-0061,Built Spaces and Public Infrastructure 1,Common Celan > LX-BSPI1-0031,,rinaen mahrvek an mahrxaror.,The ship is in the harbor.,Expansion example,Sheltered vessel anchorage.,Canon,User-approved expansion support.,LX-BSPI1-0031,related usage,,Approved,
PE-BSPI1-0062,Built Spaces and Public Infrastructure 1,Common Celan > LX-BSPI1-0031,,var mahrvek thal mahrxaror.,The ship leaves the harbor.,Expansion example,Harbor as a departure place.,Canon,User-approved expansion support.,LX-BSPI1-0031,related usage,,Approved,
PE-BSPI1-0063,Built Spaces and Public Infrastructure 1,Common Celan > LX-BSPI1-0032,,rinaen kormekvek an vekxaror.,The motor vehicle is in the garage.,Expansion example,Enclosed vehicle storage.,Canon,User-approved expansion support.,LX-BSPI1-0032,related usage,,Approved,
PE-BSPI1-0064,Built Spaces and Public Infrastructure 1,Common Celan > LX-BSPI1-0032,,zhaelpralaen mekral delkormek an vekxaror.,The mechanic repairs the motorbike in the garage.,Expansion example,Vehicle servicing space.,Canon,User-approved expansion support.,LX-BSPI1-0032,related usage,,Approved,
PE-BSPI1-0065,Built Spaces and Public Infrastructure 1,Common Celan > LX-BSPI1-0033,,dorvekaen lorvekral kormekvek an vekpralor.,The driver parks the motor vehicle in the parking area.,Expansion example,Designated vehicle standing place.,Canon,User-approved expansion support.,LX-BSPI1-0033,related usage,,Approved,
PE-BSPI1-0066,Built Spaces and Public Infrastructure 1,Common Celan > LX-BSPI1-0033,,rinaen delwek an vekpralor.,The bicycle is in the parking area.,Expansion example,Parking for an unpowered vehicle.,Canon,User-approved expansion support.,LX-BSPI1-0033,related usage,,Approved,
PE-BSPI1-0067,Built Spaces and Public Infrastructure 1,Common Celan > LX-BSPI1-0034,,var dro an droshara.,Water moves along the canal.,Expansion example,Constructed water route.,Canon,User-approved expansion support.,LX-BSPI1-0034,related usage,,Approved,
PE-BSPI1-0068,Built Spaces and Public Infrastructure 1,Common Celan > LX-BSPI1-0034,,zhaelpralaen mekral droshara.,The craftsperson repairs the canal.,Expansion example,Canal maintenance.,Canon,User-approved expansion support.,LX-BSPI1-0034,related usage,,Approved,
PE-BSPI1-0069,Built Spaces and Public Infrastructure 1,Common Celan > LX-BSPI1-0035,,var dro shan dronjor.,Water passes through the aqueduct.,Expansion example,Water carried across a gap.,Canon,User-approved expansion support.,LX-BSPI1-0035,related usage,,Approved,
PE-BSPI1-0070,Built Spaces and Public Infrastructure 1,Common Celan > LX-BSPI1-0035,,rinaen dronjor esh morlshan.,The aqueduct is above the tunnel.,Expansion example,Elevated water structure.,Canon,User-approved expansion support.,LX-BSPI1-0035,related usage,,Approved,
PE-BSPI1-0071,Built Spaces and Public Infrastructure 1,Common Celan > LX-BSPI1-0036,,rinaen shalkor an eshmekor.,The signal lamp is in the tower.,Expansion example,Elevated signal structure.,Canon,User-approved expansion support.,LX-BSPI1-0036,related usage,,Approved,
PE-BSPI1-0072,Built Spaces and Public Infrastructure 1,Common Celan > LX-BSPI1-0036,,rinaen eshmekor an morl.,The tower is on the mountain.,Expansion example,Tall structure above surrounding land.,Canon,User-approved expansion support.,LX-BSPI1-0036,related usage,,Approved,
PE-BSPI1-0073,Built Spaces and Public Infrastructure 1,Common Celan > LX-BSPI1-0037,,rinaen wekxar esh worxaror.,The dome is above the hall.,Expansion example,Rounded overhead enclosure.,Canon,User-approved expansion support.,LX-BSPI1-0037,related usage,,Approved,
PE-BSPI1-0074,Built Spaces and Public Infrastructure 1,Common Celan > LX-BSPI1-0037,,zhaelpralaen mekral wekxar.,The craftsperson repairs the dome.,Expansion example,Dome maintenance.,Canon,User-approved expansion support.,LX-BSPI1-0037,related usage,,Approved,
PE-BSPI1-0075,Built Spaces and Public Infrastructure 1,Common Celan > LX-BSPI1-0038,,var dro thal drojormek.,Water moves from the fountain.,Expansion example,Directed water feature.,Canon,User-approved expansion support.,LX-BSPI1-0038,related usage,,Approved,
PE-BSPI1-0076,Built Spaces and Public Infrastructure 1,Common Celan > LX-BSPI1-0038,,rinaen drojormek an welpralor.,The fountain is in the plaza.,Expansion example,Public decorative water feature.,Canon,User-approved expansion support.,LX-BSPI1-0038,related usage,,Approved,
PE-BSPI1-0077,Built Spaces and Public Infrastructure 1,Common Celan > LX-BSPI1-0039,,rinaen nethor nethmek.,The chair is furniture.,Expansion example,Specific furnishing within the general class.,Canon,User-approved expansion support.,LX-BSPI1-0039,related usage,,Approved,
PE-BSPI1-0078,Built Spaces and Public Infrastructure 1,Common Celan > LX-BSPI1-0039,,dor I nethmek an xaror.,I put the furniture in the room.,Expansion example,Movable interior objects.,Canon,User-approved expansion support.,LX-BSPI1-0039,related usage,,Approved,
PE-BSPI1-0079,Built Spaces and Public Infrastructure 1,Common Celan > LX-BSPI1-0040,,rinaen eshpralor an ndavi.,The platform is at this vertical level.,Expansion example,Fixed elevation coordinate.,Canon,User-approved expansion support.,LX-BSPI1-0040,related usage,,Approved,
PE-BSPI1-0080,Built Spaces and Public Infrastructure 1,Common Celan > LX-BSPI1-0040,,var ndavivek thal ndavi.,The elevator moves from the level.,Expansion example,Vertical level as a transport reference.,Canon,User-approved expansion support.,LX-BSPI1-0040,related usage,,Approved,
PE-LPC1-0001,Lun Polysemy Correction 1,Common Celan > LX-LPC1-0001,,rinaen Lun an esh.,The Moon is in the sky.,Expansion example,Ordinary standalone lunar sense directly supported by Lunwek.,Canon,User-approved additive sense support.,LX-LPC1-0001,related usage,,Approved,
PE-LPC1-0002,Lun Polysemy Correction 1,Common Celan > LX-LPC1-0001,,kes I Lun an esh.,I notice the Moon in the sky.,Expansion example,Standalone Moon sense in ordinary observation.,Canon,User-approved additive sense support.,LX-LPC1-0001,related usage,,Approved,
