headword,issue,detail,affected_record_ids
Aen,example_overload,72 direct examples,PE-DR2-0015; PE-V3-0076; PE-V4-0077; PE-GCI1-0011; PE-DR1-0002; PE-DR2-0003; PE-DR2-0006; PE-ER2-0019; PE-ER2-0025; PE-ER2-0070; PE-ER2-0077; PE-SP2C-0023; PE-SP2C-0024; PE-SP2C-0057; PE-SP2C-0058; PE-SP2C-0059; PE-SP2C-0060; PE-SP2C-0061; PE-SP2C-0062; PE-SP2C-0063; PE-V2-0045; PE-V2-0047; PE-V3-0004; PE-V3-0022; PE-V3-0035; PE-V3-0045; PE-V3-0071; PE-V3-0107; PE-V3-0116; PE-V3-0122; PE-V3-0146; PE-V4-0001; PE-V4-0007; PE-V4-0013; PE-V4-0026; PE-V4-0074; PE-V4-0076; PE-V4-0097; PE-V4-0101; PE-S4B-0004; PE-NE1-0023; PE-CNE1-0028; PE-CNE1-0055; PE-CNE1-0056; PE-CNE1-0058; PE-CNE1-0064; PE-CNE1-0077; PE-CNE1-0078; PE-PFM1-0030; PE-GCI1-0008; PE-GCI1-0036; PE-GCI1-0050; PE-SBD1-0001; PE-SBD1-0014; PE-RC1-0022; PE-RC1-0032; PE-RC1-0036; PE-PSAC1-0029; PE-PSAC1-0031; PE-HTS1-0005; PE-HTS1-0011; PE-HTS1-0048; PE-HTS1-0049; PE-HTS1-0072; PE-HTS1-0084; PE-EGE1-0022; PE-ICAES1-0001; PE-SAC1-0028; PE-HLPS1-0009; PE-HLPS1-0015; PE-HLPS1-0025; PE-UHEI1-0039
Aiv,example_overload,39 direct examples,PE-SP2C-0013; PE-DSL1-0029; PE-DSL1-0030; PE-CWM1-0016; PE-CWM2-0013; PE-BIAOBF1-0001; PE-BIAOBF1-0003; PE-BIAOBF1-0004; PE-BIAOBF1-0005; PE-BIAOBF1-0007; PE-BIAOBF1-0009; PE-BIAOBF1-0013; PE-BIAOBF1-0016; PE-BIAOBF1-0019; PE-BIAOBF1-0021; PE-BIAOBF1-0023; PE-BIAOBF1-0025; PE-BIAOBF1-0030; PE-BIAOBF1-0031; PE-BIAOBF1-0033; PE-BIAOBF1-0036; PE-BIAOBF1-0037; PE-BIAOBF1-0040; PE-BIAOBF1-0048; PE-BIAOBF1-0051; PE-BIAOBF1-0077; PE-BIAOBF1-0081; PE-BIAOBF1-0084; PE-RABFE2-0002; PE-RABFE2-0003; PE-RABFE2-0005; PE-RABFE2-0007; PE-RABFE2-0009; PE-RABFE2-0011; PE-RABFE2-0014; PE-RABFE2-0015; PE-RABFE2-0019; PE-RABFE2-0022; PE-RABFE2-0037
Aivkor,example_overload,24 direct examples,PE-DSL1-0077; PE-DSL1-0078; PE-DSL1-0034; PE-DSL1-0035; PE-DSL1-0038; PE-HTS1-0001; PE-HTS1-0003; PE-HTS1-0030; PE-HTS1-0033; PE-HTS1-0035; PE-HTS1-0036; PE-HTS1-0039; PE-HTS1-0041; PE-BIAOBF1-0002; PE-BIAOBF1-0011; PE-BIAOBF1-0017; PE-BIAOBF1-0026; PE-BIAOBF1-0028; PE-BIAOBF1-0041; PE-BIAOBF1-0042; PE-BIAOBF1-0055; PE-BIAOBF1-0057; PE-RABFE2-0018; PE-RABFE2-0035
An,example_overload,875 direct examples,PE-V1-0001; PE-V1-0010; PE-V1-0027; PE-V2-0007; PE-V2-0028; PE-V2-0042; PE-V2-0078; PE-V2-0085; PE-V2-0093; PE-V2-0098; PE-V2-0109; PE-V2-0110; PE-V2-0112; PE-V2-0118; PE-V3-0028; PE-V3-0041; PE-V3-0061; PE-V3-0078; PE-V3-0087; PE-V3-0088; PE-V3-0091; PE-V3-0095; PE-V3-0099; PE-V3-0125; PE-V3-0128; PE-V3-0141; PE-V3-0145; PE-V4-0016; PE-V4-0053; PE-V4-0061; PE-V4-0062; PE-V4-0066; PE-ER2-0005; PE-S3-0011; PE-S3-0014; PE-S4A-0001; PE-NE1-0034; PE-NE1-0043; PE-NE1-0063; PE-DSL1-0004; PE-FAP1-0023; PE-BSPI1-0020; PE-SCP1-0001; PE-EGE1-0006; PE-EGE1-0013; PE-EGE1-0018; PE-EGE1-0058; PE-EGE1-0059; PE-EGE1-0062; PE-DR1-0001; PE-DR1-0003; PE-DR1-0004; PE-DR1-0005; PE-DR2-0001; PE-DR2-0002; PE-DR2-0004; PE-DR2-0006; PE-DR2-0007; PE-DR2-0011; PE-DR2-0014; PE-DR2-0016; PE-DR2-0017; PE-ER2-0006; PE-ER2-0007; PE-ER2-0008; PE-ER2-0009; PE-ER2-0010; PE-ER2-0013; PE-ER2-0014; PE-ER2-0016; PE-ER2-0018; PE-ER2-0021; PE-ER2-0022; PE-ER2-0024; PE-ER2-0030; PE-ER2-0031; PE-ER2-0032; PE-ER2-0033; PE-ER2-0034; PE-ER2-0037; PE-ER2-0038; PE-ER2-0039; PE-ER2-0040; PE-ER2-0041; PE-ER2-0042; PE-ER2-0043; PE-ER2-0044; PE-ER2-0045; PE-ER2-0046; PE-ER2-0047; PE-ER2-0048; PE-ER2-0049; PE-ER2-0050; PE-ER2-0051; PE-ER2-0052; PE-ER2-0053; PE-ER2-0054; PE-ER2-0055; PE-ER2-0057; PE-ER2-0058; PE-ER2-0059; PE-ER2-0060; PE-ER2-0061; PE-ER2-0062; PE-ER2-0063; PE-ER2-0064; PE-ER2-0065; PE-ER2-0066; PE-ER2-0067; PE-ER2-0068; PE-ER2-0069; PE-ER2-0070; PE-ER2-0071; PE-ER2-0072; PE-ER2-0074; PE-ER2-0075; PE-ER2-0077; PE-ER2-0078; PE-ER2-0079; PE-ER2-0080; PE-SP2-0002; PE-SP2-0004; PE-SP2-0005; PE-SP2C-0001; PE-SP2C-0011; PE-SP2C-0013; PE-SP2C-0017; PE-SP2C-0018; PE-SP2C-0019; PE-SP2C-0020; PE-SP2C-0021; PE-SP2C-0024; PE-SP2C-0026; PE-SP2C-0027; PE-SP2C-0028; PE-SP2C-0032; PE-SP2C-0039; PE-SP2C-0040; PE-SP2C-0041; PE-SP2C-0044; PE-SP2C-0045; PE-SP2C-0048; PE-SP2C-0049; PE-SP2C-0050; PE-SP2C-0051; PE-SP2C-0052; PE-SP2C-0053; PE-SP2C-0054; PE-SP2C-0055; PE-SP2C-0056; PE-SP2C-0064; PE-SP2C-0065; PE-SP2C-0066; PE-SP2C-0067; PE-SP2C-0068; PE-SP2C-0070; PE-V1-0012; PE-V1-0035; PE-V1-0036; PE-V1-0040; PE-V2-0001; PE-V2-0003; PE-V2-0006; PE-V2-0009; PE-V2-0013; PE-V2-0014; PE-V2-0015; PE-V2-0018; PE-V2-0020; PE-V2-0022; PE-V2-0025; PE-V2-0027; PE-V2-0029; PE-V2-0030; PE-V2-0033; PE-V2-0034; PE-V2-0037; PE-V2-0038; PE-V2-0041; PE-V2-0043; PE-V2-0048; PE-V2-0051; PE-V2-0052; PE-V2-0053; PE-V2-0056; PE-V2-0057; PE-V2-0059; PE-V2-0063; PE-V2-0065; PE-V2-0066; PE-V2-0067; PE-V2-0068; PE-V2-0069; PE-V2-0071; PE-V2-0072; PE-V2-0073; PE-V2-0074; PE-V2-0075; PE-V2-0080; PE-V2-0082; PE-V2-0083; PE-V2-0084; PE-V2-0086; PE-V2-0088; PE-V2-0090; PE-V2-0091; PE-V2-0096; PE-V2-0099; PE-V2-0100; PE-V2-0101; PE-V2-0103; PE-V2-0106; PE-V2-0108; PE-V2-0113; PE-V2-0114; PE-V3-0019; PE-V3-0023; PE-V3-0024; PE-V3-0029; PE-V3-0031; PE-V3-0033; PE-V3-0036; PE-V3-0038; PE-V3-0039; PE-V3-0040; PE-V3-0043; PE-V3-0046; PE-V3-0048; PE-V3-0050; PE-V3-0051; PE-V3-0057; PE-V3-0064; PE-V3-0069; PE-V3-0090; PE-V3-0093; PE-V3-0098; PE-V3-0100; PE-V3-0102; PE-V3-0103; PE-V3-0104; PE-V3-0148; PE-V4-0005; PE-V4-0006; PE-V4-0008; PE-V4-0009; PE-V4-0010; PE-V4-0011; PE-V4-0012; PE-V4-0013; PE-V4-0014; PE-V4-0015; PE-V4-0017; PE-V4-0024; PE-V4-0046; PE-V4-0054; PE-V4-0067; PE-V4-0069; PE-V4-0072; PE-V4-0075; PE-V4-0078; PE-V4-0079; PE-V4-0087; PE-V4-0089; PE-V4-0092; PE-V4-0094; PE-V4-0095; PE-V4-0096; PE-V4-0098; PE-V4-0100; PE-V4-0102; PE-V4-0103; PE-V4-0104; PE-V4-0105; PE-V4-0106; PE-V4-0108; PE-S4A-0004; PE-S4B-0003; PE-S4B-0009; PE-NE1-0001; PE-NE1-0002; PE-NE1-0003; PE-NE1-0006; PE-NE1-0007; PE-NE1-0009; PE-NE1-0016; PE-NE1-0017; PE-NE1-0018; PE-NE1-0020; PE-NE1-0021; PE-NE1-0028; PE-NE1-0031; PE-NE1-0036; PE-NE1-0044; PE-NE1-0045; PE-NE1-0047; PE-NE1-0048; PE-NE1-0051; PE-NE1-0054; PE-NE1-0057; PE-NE1-0058; PE-NE1-0062; PE-NE1-0064; PE-NE1-0067; PE-NE1-0069; PE-NE1-0072; PE-NE1-0075; PE-NE1-0077; PE-NE1-0078; PE-NE1-0079; PE-CNE1-0001; PE-CNE1-0002; PE-CNE1-0008; PE-CNE1-0030; PE-CNE1-0038; PE-CNE1-0041; PE-CNE1-0045; PE-CNE1-0048; PE-DSL1-0001; PE-DSL1-0002; PE-DSL1-0003; PE-DSL1-0007; PE-DSL1-0009; PE-DSL1-0011; PE-DSL1-0013; PE-DSL1-0015; PE-DSL1-0019; PE-DSL1-0029; PE-DSL1-0039; PE-DSL1-0040; PE-DSL1-0058; PE-DSL1-0077; PE-DSL1-0079; PE-DSL1-0081; PE-DSL1-0088; PE-DSL1-0089; PE-PFM1-0003; PE-PFM1-0008; PE-PFM1-0012; PE-PFM1-0014; PE-PFM1-0015; PE-PFM1-0017; PE-PFM1-0019; PE-PFM1-0021; PE-PFM1-0024; PE-PFM1-0031; PE-PFM1-0035; PE-PFM1-0037; PE-PFM1-0041; PE-PFM1-0044; PE-PFM1-0049; PE-PFM1-0054; PE-PFM1-0056; PE-PFM1-0060; PE-PFM1-0061; PE-PFM1-0063; PE-PFM1-0065; PE-PFM1-0066; PE-PFM1-0067; PE-PFM1-0073; PE-FAP1-0004; PE-FAP1-0005; PE-FAP1-0012; PE-FAP1-0013; PE-FAP1-0015; PE-FAP1-0017; PE-FAP1-0019; PE-FAP1-0021; PE-FAP1-0025; PE-FAP1-0026; PE-FAP1-0027; PE-FAP1-0028; PE-FAP1-0029; PE-FAP1-0031; PE-FAP1-0034; PE-FAP1-0035; PE-FAP1-0042; PE-FAP1-0043; PE-FAP1-0044; PE-FAP1-0047; PE-FAP1-0051; PE-FAP1-0053; PE-FAP1-0054; PE-FAP1-0055; PE-FAP1-0056; PE-FAP1-0058; PE-FAP1-0059; PE-FAP1-0060; PE-FAP2-0001; PE-FAP2-0003; PE-FAP2-0004; PE-FAP2-0007; PE-FAP2-0008; PE-FAP2-0009; PE-FAP2-0010; PE-FAP2-0011; PE-FAP2-0012; PE-FAP2-0014; PE-FAP2-0022; PE-FAP2-0042; PE-FAP2-0053; PE-FAP2-0054; PE-FAP2-0055; PE-FAP2-0056; PE-FAP2-0060; PE-FAP1-0061; PE-CWM1-0001; PE-CWM1-0006; PE-CWM1-0008; PE-CWM1-0010; PE-CWM1-0012; PE-CWM1-0014; PE-CWM1-0016; PE-CWM1-0018; PE-CWM1-0020; PE-CWM1-0021; PE-CWM1-0023; PE-CWM1-0030; PE-CWM1-0036; PE-CWM1-0037; PE-CWM1-0039; PE-CWM2-0006; PE-CWM2-0007; PE-CWM2-0013; PE-CWM2-0015; PE-CWM2-0017; PE-CWM2-0019; PE-CWM2-0023; PE-CWM2-0024; PE-CWM2-0025; PE-CWM2-0026; PE-CWM2-0028; PE-TM1-0001; PE-TM1-0002; PE-TM1-0006; PE-TM1-0009; PE-TM1-0011; PE-TM1-0012; PE-TM1-0014; PE-TM1-0015; PE-TM1-0016; PE-TM1-0018; PE-TM1-0020; PE-TM1-0021; PE-TM1-0023; PE-TM1-0025; PE-TM1-0027; PE-TM1-0029; PE-TM1-0030; PE-TM1-0031; PE-TM1-0032; PE-TM1-0033; PE-TM1-0034; PE-TM1-0038; PE-TM1-0040; PE-TM1-0043; PE-TM1-0044; PE-TM1-0046; PE-TM1-0048; PE-TM1-0051; PE-TM1-0053; PE-TM1-0056; PE-TM1-0057; PE-TM1-0061; PE-TM1-0065; PE-TM1-0070; PE-TM1-0071; PE-TM1-0073; PE-TM1-0075; PE-TM1-0076; PE-TM1-0078; PE-TM1-0079; PE-TVO1-0001; PE-TVO1-0003; PE-TVO1-0007; PE-TVO1-0012; PE-TVO1-0016; PE-TVO1-0018; PE-TVO1-0019; PE-TVO1-0022; PE-TVO1-0025; PE-TVO1-0029; PE-TVO1-0038; PE-TVO1-0045; PE-TVO1-0046; PE-TVO1-0047; PE-TVO1-0048; PE-TVO1-0050; PE-TVO1-0052; PE-TVO1-0054; PE-TVO1-0056; PE-TVO1-0059; PE-TVO1-0060; PE-TVO1-0062; PE-TVO1-0066; PE-TVO1-0069; PE-TVO1-0070; PE-BSPI1-0001; PE-BSPI1-0007; PE-BSPI1-0009; PE-BSPI1-0013; PE-BSPI1-0018; PE-BSPI1-0019; PE-BSPI1-0021; PE-BSPI1-0022; PE-BSPI1-0023; PE-BSPI1-0024; PE-BSPI1-0025; PE-BSPI1-0026; PE-BSPI1-0027; PE-BSPI1-0028; PE-BSPI1-0030; PE-BSPI1-0031; PE-BSPI1-0032; PE-BSPI1-0033; PE-BSPI1-0034; PE-BSPI1-0035; PE-BSPI1-0036; PE-BSPI1-0037; PE-BSPI1-0038; PE-BSPI1-0039; PE-BSPI1-0040; PE-BSPI1-0041; PE-BSPI1-0042; PE-BSPI1-0045; PE-BSPI1-0048; PE-BSPI1-0050; PE-BSPI1-0053; PE-BSPI1-0054; PE-BSPI1-0055; PE-BSPI1-0056; PE-BSPI1-0059; PE-BSPI1-0060; PE-BSPI1-0061; PE-BSPI1-0063; PE-BSPI1-0064; PE-BSPI1-0065; PE-BSPI1-0066; PE-BSPI1-0067; PE-BSPI1-0071; PE-BSPI1-0072; PE-BSPI1-0076; PE-BSPI1-0078; PE-BSPI1-0079; PE-LPC1-0001; PE-LPC1-0002; PE-GCI1-0003; PE-GCI1-0007; PE-GCI1-0009; PE-GCI1-0010; PE-GCI1-0015; PE-GCI1-0017; PE-GCI1-0018; PE-GCI1-0019; PE-GCI1-0021; PE-GCI1-0025; PE-GCI1-0026; PE-GCI1-0027; PE-GCI1-0029; PE-GCI1-0030; PE-GCI1-0031; PE-GCI1-0032; PE-GCI1-0033; PE-GCI1-0034; PE-GCI1-0035; PE-GCI1-0037; PE-GCI1-0038; PE-GCI1-0040; PE-GCI1-0041; PE-GCI1-0042; PE-GCI1-0043; PE-GCI1-0044; PE-GCI1-0045; PE-GCI1-0048; PE-GCI1-0049; PE-WRT1-0012; PE-WRT1-0013; PE-WRT1-0014; PE-WRT1-0015; PE-WRT1-0021; PE-WRT1-0027; PE-WRT1-0028; PE-DW1-0001; PE-DW1-0002; PE-DW1-0005; PE-DW1-0006; PE-DW1-0007; PE-DW1-0009; PE-DW1-0014; PE-DW1-0015; PE-DW1-0017; PE-OC1-0002; PE-OC1-0005; PE-OC1-0008; PE-OC1-0014; PE-OC1-0023; PE-OC1-0027; PE-SBD1-0010; PE-SBD1-0012; PE-SBD1-0015; PE-SBD1-0018; PE-SCP1-0002; PE-SCP1-0003; PE-SCP1-0004; PE-SCP1-0006; PE-SCP1-0007; PE-SCP1-0008; PE-SCP1-0011; PE-SCP1-0013; PE-SCP1-0014; PE-SCP1-0015; PE-SCP1-0016; PE-RC1-0002; PE-RC1-0005; PE-RC1-0008; PE-RC1-0011; PE-RC1-0015; PE-RC1-0017; PE-RC1-0025; PE-RC1-0026; PE-RC1-0037; PE-RC1-0038; PE-RC1-0039; PE-RC1-0040; PE-RC1-0041; PE-RC1-0042; PE-RC1-0043; PE-PSAC1-0001; PE-PSAC1-0003; PE-PSAC1-0006; PE-PSAC1-0011; PE-PSAC1-0013; PE-PSAC1-0016; PE-PSAC1-0017; PE-PSAC1-0024; PE-PSAC1-0031; PE-PSAC1-0032; PE-PSAC1-0034; PE-PSAC1-0037; PE-PSAC1-0041; PE-PSAC1-0045; PE-PSAC1-0047; PE-PSAC1-0051; PE-HTS1-0001; PE-HTS1-0002; PE-HTS1-0014; PE-HTS1-0017; PE-HTS1-0019; PE-HTS1-0020; PE-HTS1-0026; PE-HTS1-0028; PE-HTS1-0029; PE-HTS1-0030; PE-HTS1-0031; PE-HTS1-0033; PE-HTS1-0038; PE-HTS1-0039; PE-HTS1-0041; PE-HTS1-0045; PE-HTS1-0046; PE-HTS1-0047; PE-HTS1-0048; PE-HTS1-0049; PE-HTS1-0050; PE-HTS1-0051; PE-HTS1-0053; PE-HTS1-0055; PE-HTS1-0057; PE-HTS1-0058; PE-HTS1-0060; PE-HTS1-0062; PE-HTS1-0065; PE-HTS1-0067; PE-HTS1-0068; PE-HTS1-0071; PE-HTS1-0072; PE-HTS1-0076; PE-HTS1-0077; PE-HTS1-0078; PE-HTS1-0084; PE-HTS1-0085; PE-HTS1-0086; PE-EGE1-0003; PE-EGE1-0005; PE-EGE1-0029; PE-EGE1-0030; PE-EGE1-0032; PE-EGE1-0034; PE-EGE1-0039; PE-EGE1-0040; PE-EGE1-0042; PE-EGE1-0043; PE-EGE1-0047; PE-EGE1-0050; PE-EGE1-0053; PE-EGE1-0056; PE-EGE1-0057; PE-EGE1-0060; PE-EGE1-0061; PE-EGE1-0064; PE-EGE1-0065; PE-EGE1-0066; PE-EGE1-0067; PE-EGE1-0068; PE-EGE1-0069; PE-EGE1-0070; PE-ICAES1-0002; PE-ICAES1-0003; PE-ICAES1-0004; PE-ICAES1-0006; PE-ICAES1-0008; PE-ICAES1-0013; PE-ICAES1-0016; PE-ICAES1-0022; PE-ICAES1-0025; PE-ICAES1-0030; PE-ICAES1-0031; PE-ICAES1-0032; PE-ICAES1-0036; PE-ICAES1-0037; PE-ICAES1-0038; PE-ICAES1-0039; PE-ICAES1-0041; PE-ICAES1-0044; PE-ICAES1-0045; PE-ICAES1-0047; PE-ICAES1-0056; PE-ICAES1-0057; PE-SAC1-0002; PE-SAC1-0003; PE-SAC1-0006; PE-SAC1-0007; PE-SAC1-0010; PE-SAC1-0011; PE-SAC1-0012; PE-SAC1-0014; PE-SAC1-0015; PE-SAC1-0016; PE-SAC1-0017; PE-SAC1-0018; PE-SAC1-0021; PE-SAC1-0022; PE-SAC1-0026; PE-SAC1-0027; PE-SAC1-0028; PE-SAC1-0029; PE-SAC1-0030; PE-SAC1-0031; PE-SAC1-0033; PE-SAC1-0034; PE-SAC1-0035; PE-SAC1-0036; PE-SAC1-0037; PE-SAC1-0038; PE-SAC1-0039; PE-SAC1-0040; PE-SAC1-0041; PE-SAC1-0042; PE-SAC1-0043; PE-SAC1-0048; PE-SAC1-0049; PE-SAC1-0050; PE-SAC1-0051; PE-SAC1-0052; PE-SAC1-0053; PE-SAC1-0055; PE-GMMP1-0001; PE-GMMP1-0003; PE-GMMP1-0006; PE-GMMP1-0008; PE-GMMP1-0012; PE-GMMP1-0015; PE-GMMP1-0017; PE-GMMP1-0018; PE-GMMP1-0019; PE-GMMP1-0020; PE-GMMP1-0021; PE-GMMP1-0022; PE-GMMP1-0026; PE-GMMP1-0027; PE-GMMP1-0028; PE-GMMP1-0038; PE-GMMP1-0041; PE-GMMP1-0042; PE-GMMP1-0044; PE-GMMP1-0045; PE-GMMP1-0048; PE-GMMP1-0049; PE-GMMP1-0051; PE-GMMP1-0052; PE-GMMP1-0053; PE-SRD1-0005; PE-SRD1-0006; PE-SRD1-0007; PE-SRD1-0008; PE-SRD1-0013; PE-SRD1-0014; PE-HLPS1-0001; PE-HLPS1-0007; PE-HLPS1-0008; PE-HLPS1-0010; PE-HLPS1-0013; PE-HLPS1-0014; PE-HLPS1-0016; PE-HLPS1-0018; PE-HLPS1-0019; PE-HLPS1-0020; PE-HLPS1-0023; PE-HLPS1-0024; PE-HLPS1-0026; PE-UHEI1-0001; PE-UHEI1-0002; PE-UHEI1-0005; PE-UHEI1-0015; PE-UHEI1-0018; PE-UHEI1-0019; PE-UHEI1-0022; PE-UHEI1-0030; PE-UHEI1-0031; PE-UHEI1-0034; PE-UHEI1-0036; PE-BIAOBF1-0001; PE-BIAOBF1-0002; PE-BIAOBF1-0003; PE-BIAOBF1-0004; PE-BIAOBF1-0005; PE-BIAOBF1-0007; PE-BIAOBF1-0009; PE-BIAOBF1-0010; PE-BIAOBF1-0011; PE-BIAOBF1-0013; PE-BIAOBF1-0015; PE-BIAOBF1-0016; PE-BIAOBF1-0017; PE-BIAOBF1-0019; PE-BIAOBF1-0021; PE-BIAOBF1-0022; PE-BIAOBF1-0023; PE-BIAOBF1-0025; PE-BIAOBF1-0026; PE-BIAOBF1-0028; PE-BIAOBF1-0030; PE-BIAOBF1-0031; PE-BIAOBF1-0033; PE-BIAOBF1-0036; PE-BIAOBF1-0037; PE-BIAOBF1-0040; PE-BIAOBF1-0041; PE-BIAOBF1-0042; PE-BIAOBF1-0048; PE-BIAOBF1-0049; PE-BIAOBF1-0051; PE-BIAOBF1-0055; PE-BIAOBF1-0057; PE-BIAOBF1-0066; PE-BIAOBF1-0067; PE-BIAOBF1-0070; PE-BIAOBF1-0076; PE-BIAOBF1-0080; PE-RABFE2-0002; PE-RABFE2-0003; PE-RABFE2-0005; PE-RABFE2-0007; PE-RABFE2-0009; PE-RABFE2-0011; PE-RABFE2-0014; PE-RABFE2-0015; PE-RABFE2-0018; PE-RABFE2-0019; PE-RABFE2-0022; PE-RABFE2-0031; PE-RABFE2-0035; PE-RABFE2-0037; PE-RABFE2-0038; PE-SIP1-0008; PE-SIP1-0011
Arth,example_overload,36 direct examples,PE-NE1-0005; PE-DW1-0010; PE-DW1-0012; PE-ER2-0011; PE-ER2-0029; PE-V3-0080; PE-V4-0015; PE-V4-0025; PE-V4-0044; PE-V4-0104; PE-NE1-0004; PE-NE1-0014; PE-NE1-0022; PE-NE1-0030; PE-NE1-0037; PE-NE1-0049; PE-NE1-0052; PE-NE1-0060; PE-NE1-0065; PE-NE1-0066; PE-NE1-0070; PE-NE1-0080; PE-FAP1-0014; PE-FAP1-0036; PE-FAP1-0041; PE-CWM1-0032; PE-CWM1-0034; PE-OC1-0001; PE-OC1-0024; PE-HTS1-0040; PE-HTS1-0080; PE-EGE1-0035; PE-EGE1-0044; PE-EGE1-0051; PE-EGE1-0065; PE-ICAES1-0040
Arural,example_overload,38 direct examples,PE-GMMP1-0004; PE-GMMP1-0005; PE-GMMP1-0006; PE-GMMP1-0009; PE-GMMP1-0010; PE-GMMP1-0011; PE-GMMP1-0012; PE-GMMP1-0013; PE-GMMP1-0016; PE-GMMP1-0017; PE-GMMP1-0019; PE-GMMP1-0022; PE-GMMP1-0023; PE-GMMP1-0024; PE-GMMP1-0025; PE-GMMP1-0026; PE-GMMP1-0027; PE-GMMP1-0028; PE-GMMP1-0029; PE-GMMP1-0030; PE-GMMP1-0031; PE-GMMP1-0032; PE-GMMP1-0033; PE-GMMP1-0034; PE-GMMP1-0035; PE-GMMP1-0036; PE-GMMP1-0037; PE-GMMP1-0039; PE-GMMP1-0040; PE-GMMP1-0043; PE-GMMP1-0044; PE-GMMP1-0045; PE-GMMP1-0046; PE-GMMP1-0047; PE-GMMP1-0048; PE-GMMP1-0051; PE-GMMP1-0052; PE-GMMP1-0053
Balral,example_overload,21 direct examples,PE-ER2-0051; PE-FAP1-0003; PE-FAP1-0004; PE-FAP1-0006; PE-FAP1-0008; PE-FAP1-0009; PE-FAP1-0012; PE-FAP1-0014; PE-FAP1-0018; PE-FAP2-0002; PE-FAP2-0016; PE-FAP2-0020; PE-FAP2-0026; PE-FAP2-0048; PE-FAP2-0054; PE-EGE1-0039; PE-EGE1-0060; PE-EGE1-0061; PE-BIAOBF1-0066; PE-BIAOBF1-0070; PE-BIAOBF1-0087
Belrin,example_overload,12 direct examples,PE-TM1-0041; PE-ER2-0046; PE-V2-0008; PE-V4-0038; PE-DSL1-0013; PE-DSL1-0068; PE-CWM1-0037; PE-CWM1-0041; PE-CWM2-0026; PE-CWM2-0029; PE-TM1-0017; PE-WRT1-0006
Belvok,example_overload,16 direct examples,PE-V3-0087; PE-ER2-0010; PE-ER2-0067; PE-ER2-0079; PE-SP2C-0047; PE-V3-0036; PE-V3-0038; PE-V3-0040; PE-V3-0046; PE-V3-0051; PE-V3-0072; PE-V3-0093; PE-V3-0102; PE-FAP1-0001; PE-GCI1-0013; PE-SCP1-0009
Belxaraen,example_overload,12 direct examples,PE-CWM1-0003; PE-CWM1-0004; PE-CWM1-0005; PE-CWM1-0007; PE-CWM1-0009; PE-CWM1-0011; PE-CWM1-0013; PE-CWM1-0017; PE-CWM1-0029; PE-CWM1-0031; PE-CWM1-0033; PE-CWM1-0035
Dar,example_overload,26 direct examples,PE-DR2-0005; PE-ER2-0009; PE-CNE1-0017; PE-CNE1-0018; PE-CNE1-0079; PE-PFM1-0056; PE-PFM1-0073; PE-FAP1-0004; PE-FAP1-0042; PE-FAP2-0006; PE-FAP1-0062; PE-TVO1-0017; PE-TVO1-0064; PE-BSPI1-0022; PE-BSPI1-0053; PE-GCI1-0018; PE-GCI1-0032; PE-GCI1-0038; PE-RC1-0008; PE-RC1-0015; PE-PSAC1-0006; PE-PSAC1-0016; PE-PSAC1-0022; PE-PSAC1-0032; PE-PSAC1-0042; PE-SRD1-0013
Dor,example_overload,56 direct examples,PE-ER2-0055; PE-ER2-0057; PE-CNE1-0001; PE-CNE1-0002; PE-CNE1-0050; PE-CNE1-0066; PE-DSL1-0002; PE-DSL1-0007; PE-FAP1-0012; PE-FAP1-0053; PE-FAP1-0055; PE-FAP2-0004; PE-FAP2-0008; PE-FAP2-0009; PE-FAP2-0012; PE-FAP2-0014; PE-FAP2-0058; PE-CWM1-0008; PE-CWM1-0012; PE-CWM1-0014; PE-CWM1-0018; PE-CWM1-0020; PE-CWM1-0030; PE-CWM2-0028; PE-TM1-0006; PE-TM1-0009; PE-TM1-0018; PE-TM1-0027; PE-TM1-0030; PE-TM1-0031; PE-TM1-0044; PE-TM1-0056; PE-BSPI1-0038; PE-BSPI1-0078; PE-DW1-0001; PE-DW1-0006; PE-DW1-0014; PE-DW1-0017; PE-HTS1-0038; PE-HTS1-0041; PE-HTS1-0077; PE-HTS1-0086; PE-EGE1-0026; PE-EGE1-0039; PE-EGE1-0064; PE-EGE1-0066; PE-EGE1-0069; PE-EGE1-0071; PE-ICAES1-0004; PE-GMMP1-0020; PE-SRD1-0006; PE-SRD1-0007; PE-SRD1-0015; PE-BIAOBF1-0015; PE-BIAOBF1-0022; PE-RABFE2-0038
Dren,example_overload,238 direct examples,PE-EGE1-0018; PE-V1-0001; PE-V1-0011; PE-V1-0027; PE-V1-0037; PE-V1-0038; PE-V2-0002; PE-V2-0007; PE-V2-0028; PE-V2-0085; PE-V2-0093; PE-V2-0098; PE-V2-0109; PE-V2-0110; PE-V2-0111; PE-V2-0117; PE-V2-0118; PE-ER2-0027; PE-V3-0028; PE-V3-0041; PE-V3-0087; PE-V3-0088; PE-V3-0091; PE-V3-0095; PE-V3-0099; PE-V3-0125; PE-DSL1-0004; PE-EGE1-0006; PE-EGE1-0011; PE-DR1-0001; PE-DR1-0004; PE-DR1-0005; PE-DR1-0006; PE-ER2-0005; PE-ER2-0014; PE-ER2-0060; PE-ER2-0072; PE-ER2-0078; PE-SP2C-0069; PE-V1-0003; PE-V1-0015; PE-V1-0018; PE-V1-0019; PE-V1-0020; PE-V1-0021; PE-V1-0022; PE-V1-0023; PE-V1-0024; PE-V1-0028; PE-V1-0029; PE-V1-0030; PE-V1-0031; PE-V1-0039; PE-V2-0001; PE-V2-0003; PE-V2-0004; PE-V2-0005; PE-V2-0006; PE-V2-0008; PE-V2-0009; PE-V2-0010; PE-V2-0011; PE-V2-0012; PE-V2-0013; PE-V2-0014; PE-V2-0015; PE-V2-0017; PE-V2-0019; PE-V2-0020; PE-V2-0021; PE-V2-0022; PE-V2-0023; PE-V2-0024; PE-V2-0025; PE-V2-0026; PE-V2-0027; PE-V2-0029; PE-V2-0030; PE-V2-0031; PE-V2-0033; PE-V2-0034; PE-V2-0035; PE-V2-0052; PE-V2-0053; PE-V2-0054; PE-V2-0055; PE-V2-0056; PE-V2-0057; PE-V2-0058; PE-V2-0059; PE-V2-0060; PE-V2-0062; PE-V2-0063; PE-V2-0064; PE-V2-0065; PE-V2-0066; PE-V2-0067; PE-V2-0068; PE-V2-0069; PE-V2-0070; PE-V2-0071; PE-V2-0072; PE-V2-0073; PE-V2-0074; PE-V2-0075; PE-V2-0076; PE-V2-0077; PE-V2-0079; PE-V2-0080; PE-V2-0081; PE-V2-0082; PE-V2-0083; PE-V2-0084; PE-V2-0086; PE-V2-0087; PE-V2-0088; PE-V2-0089; PE-V2-0090; PE-V2-0091; PE-V2-0092; PE-V2-0094; PE-V2-0095; PE-V2-0096; PE-V2-0097; PE-V2-0099; PE-V2-0100; PE-V2-0101; PE-V2-0102; PE-V2-0103; PE-V2-0104; PE-V2-0105; PE-V2-0106; PE-V2-0107; PE-V2-0108; PE-V2-0113; PE-V2-0114; PE-V2-0115; PE-V2-0116; PE-V2-0119; PE-V2-0120; PE-V2-0121; PE-V2-0126; PE-V2-0128; PE-V3-0001; PE-V3-0002; PE-V3-0003; PE-V3-0007; PE-V3-0008; PE-V3-0011; PE-V3-0013; PE-V3-0015; PE-V3-0017; PE-V3-0018; PE-V3-0019; PE-V3-0020; PE-V3-0022; PE-V3-0023; PE-V3-0024; PE-V3-0025; PE-V3-0027; PE-V3-0029; PE-V3-0031; PE-V3-0032; PE-V3-0033; PE-V3-0034; PE-V3-0036; PE-V3-0037; PE-V3-0038; PE-V3-0039; PE-V3-0042; PE-V3-0043; PE-V3-0044; PE-V3-0046; PE-V3-0047; PE-V3-0048; PE-V3-0049; PE-V3-0050; PE-V3-0051; PE-V3-0056; PE-V3-0074; PE-V3-0075; PE-V3-0084; PE-V3-0090; PE-V3-0093; PE-V3-0097; PE-V3-0098; PE-V3-0101; PE-V3-0102; PE-V3-0103; PE-V3-0108; PE-V3-0112; PE-V3-0115; PE-V3-0119; PE-V3-0122; PE-V3-0123; PE-V3-0124; PE-V3-0127; PE-V3-0129; PE-V3-0130; PE-V3-0132; PE-V3-0135; PE-V3-0137; PE-V3-0142; PE-V3-0144; PE-V3-0146; PE-V3-0147; PE-V3-0151; PE-V3-0218; PE-V4-0028; PE-V4-0082; PE-V4-0083; PE-V4-0094; PE-V4-0100; PE-CNE1-0043; PE-DSL1-0045; PE-DSL1-0046; PE-FAP1-0026; PE-FAP2-0007; PE-FAP2-0021; PE-FAP2-0037; PE-FAP2-0056; PE-CWM2-0027; PE-TM1-0023; PE-TM1-0025; PE-TM1-0057; PE-TM1-0063; PE-GCI1-0027; PE-GCI1-0029; PE-SBD1-0015; PE-SCP1-0015; PE-HTS1-0058; PE-EGE1-0015; PE-EGE1-0061; PE-EGE1-0068; PE-SAC1-0041; PE-SAC1-0042; PE-BIAOBF1-0038; PE-SIP1-0004
Drenselaen,example_overload,18 direct examples,PE-SP2C-0012; PE-SP2C-0014; PE-SP2C-0016; PE-DSL1-0061; PE-DSL1-0062; PE-DSL1-0008; PE-DSL1-0078; PE-CWM1-0040; PE-CWM1-0044; PE-CWM1-0050; PE-TM1-0010; PE-EGE1-0061; PE-BIAOBF1-0006; PE-BIAOBF1-0027; PE-RABFE2-0001; PE-RABFE2-0013; PE-RABFE2-0017; PE-RABFE2-0021
Drenvor,example_overload,20 direct examples,PE-V4-0022; PE-S3-0005; PE-CNE1-0001; PE-CNE1-0013; PE-CNE1-0042; PE-DSL1-0021; PE-DSL1-0025; PE-DSL1-0045; PE-DSL1-0058; PE-DSL1-0061; PE-FAP1-0044; PE-FAP1-0060; PE-FAP2-0004; PE-CWM1-0053; PE-CWM2-0020; PE-WRT1-0005; PE-WRT1-0022; PE-OC1-0023; PE-EGE1-0061; PE-SRD1-0009
Emil,example_overload,38 direct examples,PE-SP2-0005; PE-V3-0128; PE-V3-0145; PE-ER2-0064; PE-SP2C-0026; PE-SP2C-0027; PE-SP2C-0052; PE-V1-0005; PE-V1-0043; PE-V2-0130; PE-V3-0016; PE-V3-0021; PE-V3-0029; PE-V3-0065; PE-V3-0113; PE-V3-0115; PE-V3-0120; PE-V3-0123; PE-V3-0124; PE-V3-0126; PE-V3-0130; PE-V3-0134; PE-V3-0138; PE-V3-0142; PE-V3-0149; PE-V4-0020; PE-NE1-0047; PE-DSL1-0007; PE-FAP2-0052; PE-GCI1-0030; PE-GCI1-0031; PE-GCI1-0033; PE-OC1-0008; PE-BIAOBF1-0034; PE-BIAOBF1-0035; PE-BIAOBF1-0049; PE-BIAOBF1-0064; PE-BIAOBF1-0073
Esh,example_overload,37 direct examples,PE-EGE1-0058; PE-V1-0037; PE-V2-0117; PE-ER2-0056; PE-V4-0006; PE-V4-0020; PE-V4-0048; PE-NE1-0042; PE-FAP1-0049; PE-FAP2-0041; PE-CWM2-0008; PE-TM1-0064; PE-TVO1-0021; PE-TVO1-0023; PE-TVO1-0027; PE-TVO1-0039; PE-BSPI1-0005; PE-BSPI1-0010; PE-BSPI1-0029; PE-BSPI1-0044; PE-BSPI1-0047; PE-BSPI1-0070; PE-BSPI1-0073; PE-LPC1-0001; PE-LPC1-0002; PE-EGE1-0001; PE-EGE1-0008; PE-EGE1-0009; PE-EGE1-0021; PE-EGE1-0030; PE-EGE1-0036; PE-EGE1-0060; PE-SAC1-0013; PE-SAC1-0022; PE-SAC1-0023; PE-GMMP1-0031; PE-GMMP1-0032
Evan,example_overload,11 direct examples,PE-SP2C-0026; PE-SP2C-0027; PE-SP2C-0028; PE-SP2C-0032; PE-SP2C-0065; PE-SP2C-0068; PE-V2-0073; PE-V2-0114; PE-V3-0117; PE-V3-0139; PE-V3-0142
Felka,example_overload,47 direct examples,PE-S3-0011; PE-ER2-0072; PE-V3-0031; PE-V3-0030; PE-V3-0037; PE-V3-0042; PE-V3-0096; PE-V4-0024; PE-DSL1-0039; PE-DSL1-0044; PE-DSL1-0064; PE-DSL1-0068; PE-DSL1-0070; PE-DSL1-0075; PE-DSL1-0089; PE-PFM1-0008; PE-PFM1-0010; PE-PFM1-0034; PE-PFM1-0078; PE-FAP1-0043; PE-FAP2-0060; PE-FAP2-0063; PE-SBD1-0008; PE-SBD1-0009; PE-SBD1-0010; PE-SBD1-0011; PE-SBD1-0012; PE-RC1-0003; PE-RC1-0042; PE-PSAC1-0023; PE-PSAC1-0030; PE-HTS1-0006; PE-HTS1-0016; PE-HTS1-0026; PE-HTS1-0031; PE-HTS1-0070; PE-SRD1-0016; PE-HLPS1-0003; PE-HLPS1-0021; PE-UHEI1-0029; PE-UHEI1-0032; PE-UHEI1-0045; PE-BIAOBF1-0007; PE-BIAOBF1-0061; PE-BIAOBF1-0074; PE-BIAOBF1-0078; PE-BIAOBF1-0082
I,example_overload,422 direct examples,PE-V1-0001; PE-V1-0014; PE-V1-0034; PE-V1-0037; PE-V1-0038; PE-V2-0007; PE-V3-0028; PE-V3-0128; PE-V4-0003; PE-V4-0045; PE-V4-0053; PE-V4-0055; PE-S3-0005; PE-V4-0061; PE-V4-0077; PE-V4-0081; PE-V4-0091; PE-S3-0011; PE-S3-0014; PE-CNE1-0005; PE-DSL1-0004; PE-DSL1-0006; PE-FAP1-0007; PE-EGE1-0049; PE-DR1-0001; PE-DR1-0005; PE-DR2-0005; PE-DR2-0006; PE-DR2-0009; PE-ER2-0014; PE-ER2-0016; PE-ER2-0018; PE-ER2-0020; PE-ER2-0021; PE-ER2-0022; PE-ER2-0032; PE-ER2-0034; PE-ER2-0038; PE-ER2-0040; PE-ER2-0047; PE-ER2-0049; PE-ER2-0055; PE-ER2-0059; PE-ER2-0060; PE-ER2-0062; PE-ER2-0064; PE-ER2-0066; PE-ER2-0067; PE-ER2-0077; PE-ER2-0079; PE-SP2-0002; PE-SP2C-0012; PE-SP2C-0014; PE-SP2C-0016; PE-SP2C-0017; PE-SP2C-0018; PE-SP2C-0019; PE-SP2C-0021; PE-SP2C-0022; PE-SP2C-0023; PE-SP2C-0024; PE-SP2C-0026; PE-SP2C-0027; PE-SP2C-0028; PE-SP2C-0029; PE-SP2C-0030; PE-SP2C-0032; PE-SP2C-0042; PE-SP2C-0043; PE-SP2C-0046; PE-SP2C-0052; PE-SP2C-0068; PE-SP2C-0070; PE-V1-0003; PE-V1-0018; PE-V1-0019; PE-V1-0020; PE-V1-0021; PE-V1-0022; PE-V1-0023; PE-V1-0024; PE-V1-0028; PE-V1-0029; PE-V1-0030; PE-V1-0032; PE-V1-0035; PE-V1-0036; PE-V1-0039; PE-V1-0040; PE-V1-0042; PE-V1-0043; PE-V2-0001; PE-V2-0003; PE-V2-0004; PE-V2-0006; PE-V2-0126; PE-V2-0130; PE-V3-0001; PE-V3-0002; PE-V3-0008; PE-V3-0009; PE-V3-0010; PE-V3-0011; PE-V3-0013; PE-V3-0017; PE-V3-0020; PE-V3-0022; PE-V3-0024; PE-V3-0029; PE-V3-0052; PE-V3-0069; PE-V3-0105; PE-V3-0109; PE-V3-0115; PE-V3-0121; PE-V3-0136; PE-V3-0139; PE-V4-0001; PE-V4-0002; PE-V4-0004; PE-V4-0006; PE-V4-0013; PE-V4-0018; PE-V4-0019; PE-V4-0044; PE-V4-0054; PE-V4-0056; PE-V4-0067; PE-V4-0071; PE-V4-0075; PE-V4-0087; PE-V4-0090; PE-V4-0094; PE-V4-0098; PE-V4-0100; PE-V4-0102; PE-V4-0104; PE-V4-0106; PE-V4-0108; PE-S4A-0003; PE-S4A-0004; PE-S4B-0008; PE-S4B-0009; PE-NE1-0009; PE-NE1-0014; PE-NE1-0015; PE-NE1-0023; PE-NE1-0033; PE-NE1-0042; PE-NE1-0044; PE-NE1-0053; PE-NE1-0056; PE-NE1-0076; PE-CNE1-0001; PE-CNE1-0003; PE-CNE1-0007; PE-CNE1-0009; PE-CNE1-0011; PE-CNE1-0013; PE-CNE1-0015; PE-CNE1-0017; PE-CNE1-0019; PE-CNE1-0021; PE-CNE1-0023; PE-CNE1-0025; PE-CNE1-0026; PE-CNE1-0029; PE-CNE1-0031; PE-CNE1-0033; PE-CNE1-0035; PE-CNE1-0037; PE-CNE1-0039; PE-CNE1-0045; PE-CNE1-0046; PE-CNE1-0049; PE-CNE1-0050; PE-CNE1-0055; PE-CNE1-0057; PE-CNE1-0066; PE-CNE1-0067; PE-CNE1-0069; PE-CNE1-0071; PE-CNE1-0073; PE-CNE1-0074; PE-CNE1-0075; PE-CNE1-0076; PE-CNE1-0077; PE-CNE1-0078; PE-CNE1-0080; PE-DSL1-0001; PE-DSL1-0002; PE-DSL1-0007; PE-DSL1-0008; PE-DSL1-0010; PE-DSL1-0012; PE-DSL1-0014; PE-DSL1-0016; PE-DSL1-0018; PE-DSL1-0019; PE-DSL1-0022; PE-DSL1-0026; PE-DSL1-0041; PE-DSL1-0043; PE-DSL1-0049; PE-DSL1-0059; PE-DSL1-0061; PE-DSL1-0062; PE-DSL1-0063; PE-DSL1-0065; PE-DSL1-0067; PE-DSL1-0069; PE-DSL1-0071; PE-DSL1-0073; PE-DSL1-0087; PE-PFM1-0005; PE-PFM1-0013; PE-PFM1-0020; PE-PFM1-0029; PE-PFM1-0033; PE-PFM1-0035; PE-PFM1-0039; PE-PFM1-0041; PE-PFM1-0064; PE-PFM1-0066; PE-PFM1-0068; PE-PFM1-0070; PE-PFM1-0076; PE-FAP1-0010; PE-FAP1-0019; PE-FAP1-0022; PE-FAP1-0026; PE-FAP1-0027; PE-FAP1-0033; PE-FAP1-0035; PE-FAP1-0040; PE-FAP1-0043; PE-FAP1-0046; PE-FAP1-0048; PE-FAP1-0052; PE-FAP1-0053; PE-FAP1-0055; PE-FAP1-0057; PE-FAP1-0058; PE-FAP1-0059; PE-FAP2-0004; PE-FAP2-0005; PE-FAP2-0009; PE-FAP2-0012; PE-FAP2-0013; PE-FAP2-0015; PE-FAP2-0017; PE-FAP2-0019; PE-FAP2-0021; PE-FAP2-0022; PE-FAP2-0023; PE-FAP2-0025; PE-FAP2-0027; PE-FAP2-0029; PE-FAP2-0031; PE-FAP2-0032; PE-FAP2-0033; PE-FAP2-0035; PE-FAP2-0039; PE-FAP2-0043; PE-FAP2-0045; PE-FAP2-0047; PE-FAP2-0049; PE-FAP2-0058; PE-FAP2-0060; PE-FAP2-0062; PE-FAP2-0063; PE-CWM1-0002; PE-CWM1-0003; PE-CWM1-0005; PE-CWM1-0007; PE-CWM1-0008; PE-CWM1-0009; PE-CWM1-0010; PE-CWM1-0011; PE-CWM1-0012; PE-CWM1-0014; PE-CWM1-0015; PE-CWM1-0017; PE-CWM1-0018; PE-CWM1-0020; PE-CWM1-0022; PE-CWM1-0025; PE-CWM1-0026; PE-CWM1-0027; PE-CWM1-0028; PE-CWM1-0029; PE-CWM1-0030; PE-CWM1-0031; PE-CWM1-0033; PE-CWM1-0044; PE-CWM1-0048; PE-CWM1-0050; PE-CWM2-0016; PE-CWM2-0020; PE-CWM2-0021; PE-CWM2-0022; PE-CWM2-0024; PE-CWM2-0026; PE-CWM2-0027; PE-CWM2-0028; PE-CWM2-0030; PE-TM1-0002; PE-TM1-0008; PE-TM1-0009; PE-TM1-0010; PE-TM1-0011; PE-TM1-0013; PE-TM1-0017; PE-TM1-0018; PE-TM1-0024; PE-TM1-0025; PE-TM1-0028; PE-TM1-0036; PE-TM1-0038; PE-TM1-0039; PE-TM1-0063; PE-TM1-0068; PE-TM1-0075; PE-TVO1-0011; PE-TVO1-0013; PE-TVO1-0015; PE-TVO1-0017; PE-TVO1-0026; PE-TVO1-0028; PE-TVO1-0031; PE-TVO1-0033; PE-TVO1-0035; PE-TVO1-0037; PE-TVO1-0041; PE-TVO1-0043; PE-TVO1-0045; PE-TVO1-0048; PE-TVO1-0055; PE-TVO1-0057; PE-TVO1-0062; PE-BSPI1-0011; PE-BSPI1-0012; PE-BSPI1-0022; PE-BSPI1-0032; PE-BSPI1-0043; PE-BSPI1-0047; PE-BSPI1-0049; PE-BSPI1-0053; PE-BSPI1-0059; PE-BSPI1-0078; PE-LPC1-0002; PE-GCI1-0020; PE-WRT1-0019; PE-SCP1-0012; PE-SCP1-0016; PE-RC1-0004; PE-RC1-0009; PE-RC1-0019; PE-RC1-0041; PE-PSAC1-0002; PE-PSAC1-0004; PE-PSAC1-0011; PE-PSAC1-0020; PE-HTS1-0019; PE-EGE1-0007; PE-ICAES1-0022; PE-ICAES1-0023; PE-ICAES1-0034; PE-GMMP1-0020; PE-SRD1-0002; PE-SRD1-0004; PE-SRD1-0005; PE-SRD1-0006; PE-SRD1-0009; PE-SRD1-0011; PE-SRD1-0019; PE-HLPS1-0004; PE-HLPS1-0008; PE-HLPS1-0011; PE-HLPS1-0012; PE-HLPS1-0016; PE-HLPS1-0023; PE-HLPS1-0025; PE-UHEI1-0004; PE-UHEI1-0007; PE-UHEI1-0013; PE-UHEI1-0014; PE-UHEI1-0015; PE-UHEI1-0016; PE-UHEI1-0017; PE-UHEI1-0018; PE-UHEI1-0020; PE-UHEI1-0028; PE-UHEI1-0033; PE-UHEI1-0036; PE-UHEI1-0044; PE-BIAOBF1-0004; PE-BIAOBF1-0010; PE-BIAOBF1-0018; PE-BIAOBF1-0027; PE-BIAOBF1-0034; PE-BIAOBF1-0035; PE-BIAOBF1-0038; PE-BIAOBF1-0062; PE-BIAOBF1-0065; PE-BIAOBF1-0069; PE-BIAOBF1-0072; PE-BIAOBF1-0073; PE-BIAOBF1-0085; PE-BIAOBF1-0086; PE-RABFE2-0001; PE-RABFE2-0013; PE-RABFE2-0017; PE-RABFE2-0019; PE-RABFE2-0021; PE-RABFE2-0022; PE-RABFE2-0025; PE-RABFE2-0026; PE-RABFE2-0029; PE-RABFE2-0030; PE-RABFE2-0036; PE-RABFE2-0039
Ilin,example_overload,33 direct examples,PE-S4A-0005; PE-ER2-0012; PE-V2-0044; PE-V4-0058; PE-V4-0062; PE-V4-0080; PE-ER2-0011; PE-ER2-0013; PE-ER2-0042; PE-ER2-0044; PE-ER2-0045; PE-ER2-0068; PE-ER2-0070; PE-ER2-0075; PE-V1-0005; PE-V2-0050; PE-V3-0054; PE-V3-0057; PE-V3-0064; PE-V4-0014; PE-V4-0025; PE-V4-0070; PE-V4-0072; PE-V4-0079; PE-NE1-0001; PE-NE1-0046; PE-NE1-0049; PE-NE1-0061; PE-CNE1-0047; PE-PSAC1-0048; PE-PSAC1-0049; PE-HTS1-0070; PE-UHEI1-0006
Jor,example_overload,16 direct examples,PE-ER2-0037; PE-ER2-0038; PE-EGE1-0018; PE-EGE1-0045; PE-EGE1-0049; PE-EGE1-0058; PE-EGE1-0059; PE-EGE1-0062; PE-EGE1-0063; PE-EGE1-0025; PE-EGE1-0027; PE-GMMP1-0046; PE-GMMP1-0048; PE-GMMP1-0050; PE-GMMP1-0051; PE-UHEI1-0027
Ka,example_overload,32 direct examples,PE-V1-0034; PE-V4-0045; PE-ER2-0025; PE-V2-0078; PE-V3-0128; PE-DW1-0013; PE-ER2-0071; PE-ER2-0072; PE-V1-0043; PE-V3-0012; PE-V3-0075; PE-V3-0084; PE-V3-0119; PE-V3-0123; PE-V3-0130; PE-V4-0009; PE-V4-0010; PE-V4-0011; PE-V4-0102; PE-V4-0105; PE-FAP2-0013; PE-TM1-0005; PE-SBD1-0002; PE-SBD1-0010; PE-EGE1-0041; PE-EGE1-0048; PE-UHEI1-0015; PE-UHEI1-0017; PE-UHEI1-0037; PE-UHEI1-0042; PE-RABFE2-0023; PE-RABFE2-0026
Kal,example_overload,55 direct examples,PE-V2-0002; PE-V2-0085; PE-V2-0098; PE-V2-0110; PE-V3-0078; PE-ER2-0074; PE-ER2-0075; PE-V1-0015; PE-V2-0008; PE-V2-0012; PE-V2-0017; PE-V2-0019; PE-V2-0026; PE-V2-0030; PE-V2-0035; PE-V2-0053; PE-V2-0055; PE-V2-0058; PE-V2-0060; PE-V2-0064; PE-V2-0070; PE-V2-0074; PE-V2-0076; PE-V2-0077; PE-V2-0087; PE-V2-0089; PE-V2-0092; PE-V2-0095; PE-V2-0097; PE-V2-0104; PE-V2-0105; PE-V2-0107; PE-V2-0114; PE-V2-0119; PE-V2-0122; PE-V2-0124; PE-V2-0128; PE-V2-0131; PE-V3-0072; PE-V3-0083; PE-V3-0085; PE-V3-0086; PE-V3-0093; PE-V3-0100; PE-V3-0102; PE-V3-0111; PE-V3-0132; PE-V3-0137; PE-V3-0148; PE-FAP1-0001; PE-TM1-0080; PE-DW1-0015; PE-SAC1-0002; PE-GMMP1-0010; PE-GMMP1-0011
Kaleth,example_overload,25 direct examples,PE-SP2-0004; PE-V1-0006; PE-V3-0141; PE-DR2-0013; PE-ER2-0029; PE-ER2-0065; PE-V2-0038; PE-V4-0010; PE-V4-0015; PE-V4-0033; PE-V4-0085; PE-NE1-0012; PE-NE1-0013; PE-NE1-0024; PE-DSL1-0085; PE-PFM1-0058; PE-PFM1-0071; PE-CWM2-0001; PE-CWM2-0006; PE-CWM2-0009; PE-TM1-0003; PE-TVO1-0012; PE-TVO1-0047; PE-TVO1-0054; PE-OC1-0008
Kalmek,example_overload,13 direct examples,PE-TM1-0003; PE-TM1-0004; PE-TM1-0006; PE-TM1-0046; PE-TM1-0051; PE-TM1-0056; PE-TM1-0070; PE-TM1-0073; PE-TM1-0079; PE-TVO1-0034; PE-BSPI1-0040; PE-ICAES1-0009; PE-ICAES1-0041
Kareth,example_overload,16 direct examples,PE-ER2-0034; PE-ER2-0062; PE-ER2-0074; PE-V4-0019; PE-V3-0121; PE-V3-0136; PE-V3-0137; PE-V3-0149; PE-NE1-0075; PE-CNE1-0006; PE-CNE1-0007; PE-DSL1-0055; PE-CWM2-0011; PE-BSPI1-0042; PE-WRT1-0007; PE-GMMP1-0002
Karethaen,example_overload,13 direct examples,PE-V4-0056; PE-V4-0019; PE-CNE1-0020; PE-CNE1-0022; PE-CNE1-0024; PE-DSL1-0001; PE-TM1-0011; PE-TM1-0015; PE-TM1-0021; PE-TM1-0029; PE-TM1-0033; PE-TM1-0075; PE-RABFE2-0036
Karvek,example_overload,29 direct examples,PE-NE1-0075; PE-NE1-0076; PE-NE1-0018; PE-NE1-0078; PE-CNE1-0003; PE-CNE1-0020; PE-CNE1-0038; PE-CNE1-0066; PE-PFM1-0025; PE-PFM1-0066; PE-PFM1-0069; PE-FAP2-0008; PE-CWM1-0019; PE-TM1-0001; PE-TM1-0012; PE-TM1-0014; PE-TM1-0016; PE-TM1-0032; PE-TM1-0034; PE-TM1-0076; PE-BSPI1-0041; PE-HTS1-0046; PE-HTS1-0076; PE-ICAES1-0039; PE-SRD1-0007; PE-SRD1-0010; PE-SRD1-0015; PE-UHEI1-0020; PE-SIP1-0010
Kavral,example_overload,17 direct examples,PE-NE1-0065; PE-NE1-0066; PE-NE1-0064; PE-NE1-0070; PE-CNE1-0002; PE-CNE1-0034; PE-TM1-0029; PE-TM1-0030; PE-TM1-0031; PE-SCP1-0008; PE-ICAES1-0004; PE-ICAES1-0021; PE-ICAES1-0024; PE-ICAES1-0025; PE-ICAES1-0026; PE-ICAES1-0032; PE-ICAES1-0033
Kavvek,example_overload,15 direct examples,PE-DSL1-0009; PE-DSL1-0010; PE-DSL1-0011; PE-DSL1-0012; PE-DSL1-0023; PE-FAP1-0034; PE-FAP1-0054; PE-FAP2-0003; PE-FAP2-0010; PE-FAP2-0053; PE-CWM2-0021; PE-CWM2-0028; PE-EGE1-0067; PE-BIAOBF1-0010; PE-BIAOBF1-0080
Kel,example_overload,19 direct examples,PE-SCP1-0001; PE-PFM1-0001; PE-SCP1-0002; PE-V4-0108; PE-BSPI1-0031; PE-BSPI1-0038; PE-SCP1-0007; PE-SCP1-0010; PE-SAC1-0026; PE-SAC1-0028; PE-SAC1-0029; PE-SAC1-0048; PE-HLPS1-0008; PE-HLPS1-0014; PE-UHEI1-0001; PE-UHEI1-0005; PE-UHEI1-0011; PE-UHEI1-0030; PE-UHEI1-0032
Kes,example_overload,131 direct examples,PE-ER2-0034; PE-ER2-0038; PE-ER2-0040; PE-ER2-0047; PE-ER2-0049; PE-ER2-0051; PE-ER2-0059; PE-ER2-0062; PE-ER2-0064; PE-ER2-0066; PE-CNE1-0031; PE-CNE1-0032; PE-CNE1-0052; PE-CNE1-0054; PE-CNE1-0057; PE-CNE1-0060; PE-DSL1-0082; PE-DSL1-0087; PE-PFM1-0002; PE-PFM1-0004; PE-PFM1-0005; PE-PFM1-0007; PE-PFM1-0011; PE-PFM1-0013; PE-PFM1-0016; PE-PFM1-0018; PE-PFM1-0020; PE-PFM1-0022; PE-PFM1-0023; PE-PFM1-0029; PE-PFM1-0032; PE-PFM1-0036; PE-PFM1-0038; PE-PFM1-0039; PE-PFM1-0042; PE-PFM1-0043; PE-PFM1-0050; PE-PFM1-0053; PE-PFM1-0057; PE-PFM1-0059; PE-PFM1-0062; PE-PFM1-0064; PE-PFM1-0068; PE-PFM1-0072; PE-FAP1-0006; PE-FAP1-0024; PE-FAP1-0026; PE-FAP1-0032; PE-FAP1-0035; PE-FAP2-0013; PE-FAP2-0042; PE-FAP2-0054; PE-CWM1-0015; PE-CWM1-0038; PE-CWM1-0046; PE-CWM2-0026; PE-CWM2-0032; PE-TM1-0028; PE-TM1-0036; PE-TM1-0039; PE-TM1-0045; PE-TM1-0047; PE-TM1-0054; PE-TVO1-0049; PE-TVO1-0066; PE-BSPI1-0035; PE-LPC1-0002; PE-GCI1-0024; PE-GCI1-0028; PE-WRT1-0002; PE-WRT1-0012; PE-WRT1-0014; PE-WRT1-0018; PE-OC1-0005; PE-OC1-0023; PE-SBD1-0005; PE-SBD1-0018; PE-SCP1-0002; PE-SCP1-0014; PE-SCP1-0016; PE-RC1-0016; PE-RC1-0024; PE-RC1-0031; PE-PSAC1-0043; PE-HTS1-0002; PE-HTS1-0006; PE-HTS1-0034; PE-HTS1-0059; PE-HTS1-0062; PE-EGE1-0001; PE-EGE1-0007; PE-EGE1-0010; PE-EGE1-0029; PE-EGE1-0042; PE-EGE1-0050; PE-EGE1-0053; PE-EGE1-0060; PE-EGE1-0061; PE-ICAES1-0005; PE-ICAES1-0029; PE-ICAES1-0032; PE-ICAES1-0046; PE-ICAES1-0053; PE-ICAES1-0056; PE-SAC1-0002; PE-SAC1-0008; PE-SAC1-0016; PE-SAC1-0020; PE-SAC1-0054; PE-SAC1-0055; PE-GMMP1-0008; PE-GMMP1-0016; PE-GMMP1-0019; PE-GMMP1-0022; PE-GMMP1-0025; PE-GMMP1-0026; PE-GMMP1-0038; PE-GMMP1-0044; PE-GMMP1-0047; PE-GMMP1-0051; PE-GMMP1-0053; PE-SRD1-0011; PE-HLPS1-0008; PE-HLPS1-0014; PE-HLPS1-0016; PE-HLPS1-0020; PE-HLPS1-0023; PE-BIAOBF1-0059; PE-BIAOBF1-0063; PE-BIAOBF1-0068; PE-SIP1-0001
Keshenaen,example_overload,33 direct examples,PE-SP2C-0015; PE-HTS1-0009; PE-HTS1-0010; PE-HTS1-0052; PE-BIAOBF1-0002; PE-BIAOBF1-0008; PE-BIAOBF1-0012; PE-BIAOBF1-0014; PE-BIAOBF1-0020; PE-BIAOBF1-0024; PE-BIAOBF1-0026; PE-BIAOBF1-0028; PE-BIAOBF1-0032; PE-BIAOBF1-0039; PE-BIAOBF1-0041; PE-BIAOBF1-0044; PE-BIAOBF1-0045; PE-BIAOBF1-0047; PE-BIAOBF1-0050; PE-BIAOBF1-0052; PE-BIAOBF1-0054; PE-BIAOBF1-0056; PE-BIAOBF1-0058; PE-BIAOBF1-0075; PE-BIAOBF1-0079; PE-RABFE2-0004; PE-RABFE2-0006; PE-RABFE2-0008; PE-RABFE2-0010; PE-RABFE2-0012; PE-RABFE2-0016; PE-RABFE2-0020; PE-RABFE2-0032
Kesvar,example_overload,13 direct examples,PE-OC1-0005; PE-OC1-0006; PE-HTS1-0043; PE-HTS1-0049; PE-HTS1-0062; PE-HTS1-0064; PE-HTS1-0068; PE-HTS1-0069; PE-HTS1-0074; PE-HTS1-0083; PE-HTS1-0085; PE-EGE1-0028; PE-EGE1-0051
Khumkel,example_overload,11 direct examples,PE-GCI1-0005; PE-GCI1-0007; PE-GCI1-0008; PE-GCI1-0009; PE-GCI1-0028; PE-GCI1-0030; PE-GCI1-0037; PE-GCI1-0040; PE-GCI1-0052; PE-SCP1-0009; PE-UHEI1-0002
Korin,example_overload,14 direct examples,PE-V4-0027; PE-DSL1-0029; PE-DSL1-0031; PE-DSL1-0032; PE-DSL1-0033; PE-DSL1-0036; PE-DSL1-0037; PE-DSL1-0062; PE-DSL1-0077; PE-DSL1-0079; PE-DSL1-0081; PE-DSL1-0088; PE-HTS1-0055; PE-EGE1-0060
Korinaen,example_overload,12 direct examples,PE-CNE1-0005; PE-CNE1-0006; PE-CNE1-0039; PE-TM1-0019; PE-TM1-0080; PE-TVO1-0062; PE-BSPI1-0003; PE-BSPI1-0016; PE-BSPI1-0017; PE-DW1-0004; PE-DW1-0008; PE-PSAC1-0007
Kormekvek,example_overload,12 direct examples,PE-TVO1-0009; PE-TVO1-0010; PE-TVO1-0032; PE-TVO1-0033; PE-TVO1-0047; PE-TVO1-0051; PE-TVO1-0055; PE-TVO1-0059; PE-TVO1-0065; PE-BSPI1-0045; PE-BSPI1-0063; PE-BSPI1-0065
Krezor,example_overload,12 direct examples,PE-V4-0023; PE-V4-0055; PE-DR1-0004; PE-DR1-0005; PE-ER2-0045; PE-CNE1-0019; PE-CNE1-0021; PE-CNE1-0047; PE-CNE1-0065; PE-TM1-0020; PE-PSAC1-0032; PE-HTS1-0070
La,example_overload,64 direct examples,PE-DR1-0006; PE-V1-0033; PE-V1-0041; PE-V3-0025; PE-V3-0053; PE-V3-0063; PE-EGE1-0029; PE-EGE1-0035; PE-EGE1-0040; PE-EGE1-0041; PE-EGE1-0047; PE-EGE1-0048; PE-EGE1-0055; PE-EGE1-0061; PE-EGE1-0069; PE-EGE1-0071; PE-ICAES1-0011; PE-ICAES1-0021; PE-ICAES1-0022; PE-ICAES1-0023; PE-ICAES1-0024; PE-ICAES1-0027; PE-ICAES1-0033; PE-ICAES1-0034; PE-ICAES1-0035; PE-ICAES1-0049; PE-ICAES1-0050; PE-ICAES1-0054; PE-SAC1-0001; PE-SAC1-0030; PE-SAC1-0031; PE-SAC1-0037; PE-SAC1-0039; PE-SAC1-0041; PE-SAC1-0049; PE-GMMP1-0001; PE-GMMP1-0012; PE-GMMP1-0013; PE-GMMP1-0014; PE-GMMP1-0022; PE-GMMP1-0023; PE-GMMP1-0025; PE-GMMP1-0026; PE-GMMP1-0027; PE-GMMP1-0028; PE-GMMP1-0038; PE-GMMP1-0039; PE-GMMP1-0040; PE-GMMP1-0042; PE-GMMP1-0043; PE-GMMP1-0044; PE-GMMP1-0045; PE-GMMP1-0049; PE-GMMP1-0051; PE-GMMP1-0052; PE-GMMP1-0053; PE-HLPS1-0017; PE-HLPS1-0021; PE-UHEI1-0009; PE-UHEI1-0021; PE-UHEI1-0024; PE-UHEI1-0039; PE-UHEI1-0040; PE-BIAOBF1-0088
Lian,example_overload,17 direct examples,PE-V3-0076; PE-S3-0004; PE-DR1-0002; PE-DR2-0003; PE-ER2-0019; PE-V2-0045; PE-V3-0004; PE-V3-0067; PE-V3-0089; PE-V3-0096; PE-V3-0103; PE-V3-0107; PE-V3-0116; PE-V3-0134; PE-V3-0146; PE-V4-0096; PE-V4-0107
Liorin,example_overload,30 direct examples,PE-PFM1-0001; PE-DR2-0010; PE-ER2-0019; PE-V2-0045; PE-V2-0046; PE-V3-0113; PE-V3-0126; PE-V3-0132; PE-V3-0151; PE-PFM1-0016; PE-PFM1-0022; PE-PFM1-0023; PE-PFM1-0027; PE-PFM1-0031; PE-PFM1-0050; PE-PFM1-0051; PE-PFM1-0072; PE-PFM1-0080; PE-TM1-0027; PE-TM1-0050; PE-GCI1-0039; PE-OC1-0028; PE-SBD1-0008; PE-SBD1-0014; PE-SBD1-0016; PE-RC1-0032; PE-PSAC1-0010; PE-GMMP1-0028; PE-HLPS1-0020; PE-UHEI1-0010
Lorash,example_overload,17 direct examples,PE-SP2C-0018; PE-SP2C-0024; PE-SP2C-0039; PE-SP2C-0044; PE-SP2C-0045; PE-SP2C-0048; PE-SP2C-0049; PE-SP2C-0050; PE-SP2C-0051; PE-SP2C-0052; PE-SP2C-0053; PE-SP2C-0054; PE-SP2C-0055; PE-SP2C-0056; PE-SP2C-0064; PE-SP2C-0066; PE-SP2C-0070
Lorbel,example_overload,20 direct examples,PE-GCI1-0003; PE-GCI1-0004; PE-GCI1-0012; PE-GCI1-0015; PE-GCI1-0021; PE-GCI1-0029; PE-GCI1-0043; PE-WRT1-0015; PE-WRT1-0020; PE-WRT1-0024; PE-WRT1-0026; PE-SCP1-0009; PE-SCP1-0013; PE-HTS1-0048; PE-HTS1-0072; PE-HTS1-0073; PE-HTS1-0084; PE-EGE1-0026; PE-EGE1-0067; PE-EGE1-0069
Lorin,example_overload,44 direct examples,PE-ER2-0012; PE-V4-0080; PE-ER2-0026; PE-ER2-0035; PE-ER2-0076; PE-V3-0074; PE-V3-0083; PE-V3-0106; PE-V4-0095; PE-V4-0105; PE-V4-0108; PE-NE1-0011; PE-NE1-0019; PE-NE1-0025; PE-NE1-0027; PE-NE1-0061; PE-NE1-0068; PE-NE1-0071; PE-NE1-0073; PE-CNE1-0028; PE-CNE1-0056; PE-FAP1-0002; PE-FAP2-0016; PE-TM1-0035; PE-TM1-0037; PE-BSPI1-0040; PE-GCI1-0004; PE-GCI1-0013; PE-GCI1-0022; PE-WRT1-0001; PE-WRT1-0011; PE-WRT1-0017; PE-OC1-0004; PE-RC1-0023; PE-PSAC1-0014; PE-EGE1-0010; PE-EGE1-0020; PE-EGE1-0031; PE-EGE1-0042; PE-EGE1-0046; PE-EGE1-0050; PE-EGE1-0053; PE-ICAES1-0015; PE-ICAES1-0017
Lorvekral,example_overload,19 direct examples,PE-TVO1-0065; PE-TVO1-0066; PE-TVO1-0009; PE-TVO1-0036; PE-TVO1-0047; PE-TVO1-0049; PE-TVO1-0051; PE-TVO1-0053; PE-TVO1-0056; PE-TVO1-0060; PE-TVO1-0064; PE-BSPI1-0039; PE-BSPI1-0040; PE-BSPI1-0065; PE-SCP1-0003; PE-SCP1-0004; PE-SCP1-0005; PE-SCP1-0006; PE-UHEI1-0008
Mahr,example_overload,18 direct examples,PE-V4-0100; PE-NE1-0017; PE-CNE1-0008; PE-CNE1-0041; PE-CNE1-0045; PE-CNE1-0048; PE-FAP1-0028; PE-FAP1-0029; PE-CWM2-0017; PE-CWM2-0019; PE-TVO1-0022; PE-TVO1-0025; PE-TVO1-0029; PE-TVO1-0038; PE-RC1-0040; PE-RC1-0043; PE-EGE1-0017; PE-EGE1-0023
Mahrvek,example_overload,17 direct examples,PE-TVO1-0030; PE-NE1-0017; PE-NE1-0018; PE-NE1-0011; PE-NE1-0016; PE-NE1-0019; PE-TVO1-0035; PE-TVO1-0037; PE-TVO1-0038; PE-TVO1-0042; PE-TVO1-0044; PE-BSPI1-0059; PE-BSPI1-0061; PE-BSPI1-0062; PE-SCP1-0004; PE-SCP1-0006; PE-HTS1-0079
Mekor,example_overload,13 direct examples,PE-ER2-0056; PE-BSPI1-0001; PE-BSPI1-0002; PE-BSPI1-0005; PE-BSPI1-0015; PE-BSPI1-0016; PE-BSPI1-0024; PE-BSPI1-0026; PE-BSPI1-0048; PE-SRD1-0011; PE-SRD1-0016; PE-SRD1-0018; PE-SRD1-0019
Mekral,example_overload,90 direct examples,PE-TM1-0007; PE-TM1-0041; PE-ICAES1-0042; PE-ICAES1-0052; PE-DR2-0012; PE-SP2C-0057; PE-SP2C-0063; PE-NE1-0029; PE-NE1-0030; PE-NE1-0022; PE-NE1-0025; PE-NE1-0055; PE-CNE1-0014; PE-CNE1-0020; PE-CNE1-0022; PE-CNE1-0024; PE-CNE1-0054; PE-CNE1-0058; PE-CNE1-0060; PE-CNE1-0062; PE-DSL1-0028; PE-DSL1-0050; PE-DSL1-0052; PE-FAP2-0008; PE-FAP2-0038; PE-CWM1-0004; PE-CWM1-0024; PE-CWM1-0035; PE-CWM1-0038; PE-CWM1-0040; PE-CWM1-0041; PE-CWM1-0046; PE-CWM2-0002; PE-CWM2-0005; PE-CWM2-0010; PE-CWM2-0012; PE-CWM2-0014; PE-CWM2-0018; PE-CWM2-0029; PE-CWM2-0032; PE-TM1-0002; PE-TM1-0004; PE-TM1-0006; PE-TM1-0015; PE-TM1-0019; PE-TM1-0021; PE-TM1-0033; PE-TM1-0042; PE-TM1-0044; PE-TM1-0045; PE-TM1-0049; PE-TM1-0054; PE-TM1-0056; PE-TM1-0058; PE-TM1-0062; PE-TM1-0064; PE-TM1-0066; PE-TM1-0067; PE-TM1-0069; PE-TM1-0072; PE-TVO1-0002; PE-TVO1-0010; PE-TVO1-0014; PE-TVO1-0034; PE-TVO1-0046; PE-BSPI1-0002; PE-BSPI1-0004; PE-BSPI1-0006; PE-BSPI1-0008; PE-BSPI1-0038; PE-BSPI1-0041; PE-BSPI1-0046; PE-BSPI1-0052; PE-BSPI1-0064; PE-BSPI1-0068; PE-BSPI1-0074; PE-GCI1-0034; PE-OC1-0014; PE-PSAC1-0046; PE-ICAES1-0005; PE-ICAES1-0018; PE-ICAES1-0029; PE-ICAES1-0035; PE-ICAES1-0037; PE-ICAES1-0040; PE-ICAES1-0046; PE-ICAES1-0049; PE-ICAES1-0050; PE-ICAES1-0054; PE-ICAES1-0055
Morl,example_overload,52 direct examples,PE-V1-0038; PE-V2-0085; PE-V2-0093; PE-V2-0098; PE-V2-0111; PE-V2-0112; PE-V2-0118; PE-V4-0066; PE-S4A-0001; PE-FAP1-0023; PE-ER2-0036; PE-ER2-0059; PE-ER2-0063; PE-ER2-0073; PE-V1-0015; PE-V2-0005; PE-V2-0016; PE-V2-0039; PE-V2-0056; PE-V2-0075; PE-V2-0081; PE-V2-0115; PE-V2-0116; PE-V2-0121; PE-V2-0122; PE-V3-0034; PE-V3-0044; PE-V3-0074; PE-V3-0082; PE-V3-0083; PE-V3-0085; PE-V3-0092; PE-V3-0147; PE-V3-0151; PE-NE1-0051; PE-FAP1-0013; PE-FAP1-0021; PE-FAP1-0061; PE-CWM1-0010; PE-TVO1-0023; PE-TVO1-0027; PE-TVO1-0039; PE-BSPI1-0015; PE-BSPI1-0036; PE-BSPI1-0072; PE-WRT1-0017; PE-OC1-0009; PE-HTS1-0067; PE-EGE1-0002; PE-EGE1-0027; PE-EGE1-0033; PE-EGE1-0040
Morlak,example_overload,18 direct examples,PE-S3-0011; PE-V4-0058; PE-V4-0091; PE-SP2C-0036; PE-SP2C-0038; PE-V2-0052; PE-V2-0072; PE-V4-0014; PE-V4-0041; PE-V4-0052; PE-V4-0082; PE-V4-0096; PE-CNE1-0037; PE-DSL1-0043; PE-DSL1-0064; PE-FAP2-0020; PE-WRT1-0020; PE-WRT1-0023
Nesh,example_overload,13 direct examples,PE-FAP1-0025; PE-FAP1-0026; PE-FAP1-0030; PE-FAP2-0028; PE-FAP2-0030; PE-FAP2-0043; PE-FAP2-0046; PE-FAP2-0047; PE-FAP2-0049; PE-FAP2-0060; PE-SBD1-0015; PE-SBD1-0017; PE-SBD1-0018
Nethaen,example_overload,32 direct examples,PE-V4-0016; PE-V2-0028; PE-ER2-0024; PE-SP2C-0017; PE-SP2C-0066; PE-V2-0009; PE-V2-0013; PE-V2-0015; PE-V2-0020; PE-V2-0022; PE-V2-0025; PE-V2-0027; PE-V2-0029; PE-V2-0034; PE-V2-0052; PE-V2-0056; PE-V2-0063; PE-V2-0066; PE-V2-0068; PE-V2-0071; PE-V2-0080; PE-V2-0082; PE-V2-0084; PE-V2-0088; PE-V2-0091; PE-V2-0096; PE-V2-0100; PE-V2-0101; PE-V2-0103; PE-V2-0106; PE-V3-0038; PE-V3-0043
Nethnor,example_overload,22 direct examples,PE-CNE1-0039; PE-CNE1-0040; PE-DSL1-0030; PE-DSL1-0032; PE-DSL1-0070; PE-DSL1-0076; PE-DSL1-0080; PE-DSL1-0086; PE-DSL1-0090; PE-PFM1-0006; PE-PFM1-0010; PE-PFM1-0030; PE-PFM1-0040; PE-FAP2-0006; PE-TM1-0080; PE-OC1-0007; PE-OC1-0025; PE-HTS1-0004; PE-HTS1-0066; PE-UHEI1-0033; PE-UHEI1-0038; PE-UHEI1-0040
Nor,example_overload,90 direct examples,PE-UHEI1-0035; PE-ER2-0026; PE-V1-0013; PE-V2-0007; PE-V3-0128; PE-SBD1-0003; PE-EGE1-0045; PE-SP2C-0068; PE-V1-0016; PE-V2-0045; PE-V2-0120; PE-V3-0004; PE-V3-0005; PE-V3-0013; PE-V3-0062; PE-V3-0063; PE-V3-0067; PE-V3-0072; PE-V3-0086; PE-V3-0089; PE-V3-0096; PE-V3-0101; PE-V3-0105; PE-V3-0114; PE-V3-0123; PE-V3-0124; PE-V3-0133; PE-V3-0136; PE-V3-0138; PE-V3-0146; PE-V3-0151; PE-V3-0218; PE-NE1-0012; PE-NE1-0050; PE-FAP1-0062; PE-OC1-0002; PE-OC1-0008; PE-OC1-0021; PE-OC1-0026; PE-SBD1-0004; PE-SBD1-0007; PE-SBD1-0013; PE-SCP1-0010; PE-RC1-0004; PE-RC1-0014; PE-PSAC1-0019; PE-PSAC1-0026; PE-PSAC1-0036; PE-PSAC1-0048; PE-PSAC1-0052; PE-HTS1-0087; PE-EGE1-0022; PE-EGE1-0025; PE-EGE1-0048; PE-EGE1-0050; PE-EGE1-0070; PE-ICAES1-0028; PE-ICAES1-0029; PE-ICAES1-0043; PE-ICAES1-0046; PE-ICAES1-0051; PE-GMMP1-0046; PE-GMMP1-0051; PE-GMMP1-0053; PE-SRD1-0013; PE-UHEI1-0025; PE-UHEI1-0027; PE-UHEI1-0029; PE-UHEI1-0032; PE-UHEI1-0043; PE-UHEI1-0045; PE-BIAOBF1-0023; PE-BIAOBF1-0060; PE-BIAOBF1-0062; PE-BIAOBF1-0064; PE-BIAOBF1-0068; PE-BIAOBF1-0069; PE-BIAOBF1-0071; PE-BIAOBF1-0074; PE-BIAOBF1-0077; PE-BIAOBF1-0078; PE-BIAOBF1-0081; PE-BIAOBF1-0082; PE-BIAOBF1-0083; PE-BIAOBF1-0086; PE-RABFE2-0019; PE-RABFE2-0022; PE-RABFE2-0024; PE-RABFE2-0027; PE-RABFE2-0030
Pralaen,example_overload,44 direct examples,PE-V4-0055; PE-TM1-0041; PE-PSAC1-0033; PE-ER2-0020; PE-ER2-0021; PE-ER2-0071; PE-V4-0008; PE-V4-0009; PE-V4-0010; PE-NE1-0029; PE-NE1-0035; PE-NE1-0053; PE-CNE1-0019; PE-CNE1-0021; PE-CNE1-0047; PE-CNE1-0078; PE-CNE1-0080; PE-DSL1-0018; PE-DSL1-0019; PE-DSL1-0022; PE-FAP1-0057; PE-FAP2-0005; PE-CWM1-0041; PE-CWM2-0005; PE-CWM2-0014; PE-CWM2-0018; PE-CWM2-0020; PE-BSPI1-0034; PE-WRT1-0003; PE-WRT1-0005; PE-WRT1-0007; PE-WRT1-0009; PE-WRT1-0013; PE-RC1-0018; PE-PSAC1-0046; PE-HTS1-0007; PE-ICAES1-0011; PE-ICAES1-0054; PE-SAC1-0026; PE-SAC1-0030; PE-SAC1-0037; PE-SAC1-0049; PE-SAC1-0050; PE-SIP1-0007
Pralor,example_overload,24 direct examples,PE-S3-0005; PE-V4-0020; PE-V4-0017; PE-V4-0039; PE-CNE1-0001; PE-CNE1-0065; PE-CNE1-0066; PE-DSL1-0002; PE-DSL1-0015; PE-DSL1-0019; PE-DSL1-0053; PE-CWM1-0012; PE-CWM1-0020; PE-CWM1-0030; PE-CWM2-0005; PE-TM1-0018; PE-TM1-0030; PE-TM1-0040; PE-DW1-0014; PE-RC1-0005; PE-RC1-0026; PE-PSAC1-0017; PE-GMMP1-0020; PE-SRD1-0007
Ra,example_overload,35 direct examples,PE-V1-0002; PE-V3-0145; PE-SP2-0005; PE-V1-0026; PE-V2-0041; PE-V2-0047; PE-V3-0018; PE-V3-0062; PE-V3-0117; PE-V3-0142; PE-V3-0146; PE-V4-0013; PE-V4-0076; PE-V4-0083; PE-V4-0093; PE-V4-0099; PE-V4-0103; PE-V4-0107; PE-SRD1-0010; PE-UHEI1-0003; PE-UHEI1-0013; PE-BIAOBF1-0077; PE-BIAOBF1-0081; PE-SIP1-0001; PE-SIP1-0002; PE-SIP1-0003; PE-SIP1-0004; PE-SIP1-0005; PE-SIP1-0006; PE-SIP1-0007; PE-SIP1-0008; PE-SIP1-0009; PE-SIP1-0010; PE-SIP1-0011; PE-SIP1-0012
Rath,example_overload,11 direct examples,PE-V3-0028; PE-V1-0028; PE-V1-0029; PE-V1-0030; PE-V2-0037; PE-V3-0029; PE-V3-0066; PE-V3-0111; PE-EGE1-0064; PE-GMMP1-0042; PE-GMMP1-0043
Rinaen,example_overload,625 direct examples,PE-V1-0006; PE-V1-0010; PE-V2-0093; PE-V3-0145; PE-V4-0022; PE-V4-0023; PE-V4-0050; PE-S4A-0002; PE-S4A-0005; PE-NE1-0043; PE-NE1-0063; PE-DW1-0013; PE-SCP1-0001; PE-EGE1-0045; PE-EGE1-0058; PE-EGE1-0059; PE-UHEI1-0035; PE-DR1-0004; PE-DR1-0005; PE-DR1-0006; PE-DR2-0001; PE-DR2-0004; PE-DR2-0007; PE-DR2-0008; PE-DR2-0011; PE-DR2-0012; PE-DR2-0013; PE-DR2-0014; PE-DR2-0016; PE-DR2-0017; PE-ER2-0006; PE-ER2-0007; PE-ER2-0008; PE-ER2-0010; PE-ER2-0017; PE-ER2-0027; PE-ER2-0031; PE-ER2-0033; PE-ER2-0036; PE-ER2-0037; PE-ER2-0039; PE-ER2-0041; PE-ER2-0043; PE-ER2-0046; PE-ER2-0048; PE-ER2-0050; PE-ER2-0052; PE-ER2-0054; PE-ER2-0056; PE-ER2-0058; PE-ER2-0061; PE-ER2-0063; PE-ER2-0065; PE-ER2-0069; PE-ER2-0073; PE-ER2-0074; PE-ER2-0080; PE-SP2-0004; PE-SP2-0005; PE-SP2-0006; PE-SP2C-0011; PE-SP2C-0013; PE-SP2C-0020; PE-SP2C-0030; PE-SP2C-0037; PE-SP2C-0039; PE-SP2C-0040; PE-SP2C-0041; PE-SP2C-0044; PE-SP2C-0045; PE-SP2C-0048; PE-SP2C-0049; PE-SP2C-0050; PE-SP2C-0051; PE-SP2C-0053; PE-SP2C-0054; PE-SP2C-0055; PE-SP2C-0056; PE-SP2C-0064; PE-SP2C-0069; PE-V3-0025; PE-V3-0027; PE-V3-0039; PE-V3-0104; PE-V3-0148; PE-V4-0006; PE-V4-0017; PE-V4-0020; PE-V4-0021; PE-V4-0027; PE-V4-0028; PE-V4-0029; PE-V4-0030; PE-V4-0032; PE-V4-0033; PE-V4-0034; PE-V4-0037; PE-V4-0038; PE-V4-0039; PE-V4-0040; PE-V4-0041; PE-V4-0042; PE-V4-0043; PE-V4-0046; PE-V4-0047; PE-V4-0048; PE-V4-0049; PE-V4-0051; PE-V4-0052; PE-V4-0063; PE-V4-0068; PE-V4-0069; PE-V4-0072; PE-V4-0073; PE-V4-0078; PE-V4-0082; PE-V4-0084; PE-V4-0085; PE-V4-0086; PE-V4-0090; PE-V4-0092; PE-V4-0094; PE-V4-0096; PE-V4-0098; PE-V4-0100; PE-V4-0102; PE-V4-0106; PE-V4-0107; PE-S4B-0009; PE-NE1-0002; PE-NE1-0003; PE-NE1-0007; PE-NE1-0010; PE-NE1-0012; PE-NE1-0013; PE-NE1-0016; PE-NE1-0018; PE-NE1-0020; PE-NE1-0021; PE-NE1-0024; PE-NE1-0026; PE-NE1-0028; PE-NE1-0031; PE-NE1-0036; PE-NE1-0038; PE-NE1-0041; PE-NE1-0045; PE-NE1-0046; PE-NE1-0047; PE-NE1-0048; PE-NE1-0050; PE-NE1-0051; PE-NE1-0054; PE-NE1-0058; PE-NE1-0059; PE-NE1-0062; PE-NE1-0067; PE-NE1-0069; PE-NE1-0074; PE-NE1-0075; PE-NE1-0078; PE-CNE1-0027; PE-CNE1-0038; PE-CNE1-0040; PE-CNE1-0042; PE-CNE1-0043; PE-CNE1-0044; PE-CNE1-0051; PE-CNE1-0053; PE-CNE1-0059; PE-CNE1-0061; PE-CNE1-0065; PE-CNE1-0068; PE-CNE1-0070; PE-DSL1-0003; PE-DSL1-0005; PE-DSL1-0009; PE-DSL1-0011; PE-DSL1-0013; PE-DSL1-0015; PE-DSL1-0017; PE-DSL1-0020; PE-DSL1-0021; PE-DSL1-0023; PE-DSL1-0024; PE-DSL1-0025; PE-DSL1-0027; PE-DSL1-0029; PE-DSL1-0030; PE-DSL1-0053; PE-DSL1-0055; PE-DSL1-0056; PE-DSL1-0069; PE-DSL1-0070; PE-DSL1-0071; PE-DSL1-0072; PE-DSL1-0073; PE-DSL1-0074; PE-DSL1-0075; PE-DSL1-0076; PE-DSL1-0077; PE-DSL1-0079; PE-DSL1-0080; PE-DSL1-0081; PE-DSL1-0083; PE-DSL1-0085; PE-DSL1-0086; PE-DSL1-0088; PE-DSL1-0089; PE-DSL1-0090; PE-PFM1-0003; PE-PFM1-0006; PE-PFM1-0008; PE-PFM1-0009; PE-PFM1-0010; PE-PFM1-0012; PE-PFM1-0014; PE-PFM1-0015; PE-PFM1-0017; PE-PFM1-0019; PE-PFM1-0021; PE-PFM1-0024; PE-PFM1-0031; PE-PFM1-0035; PE-PFM1-0037; PE-PFM1-0040; PE-PFM1-0041; PE-PFM1-0044; PE-PFM1-0049; PE-PFM1-0054; PE-PFM1-0058; PE-PFM1-0060; PE-PFM1-0061; PE-PFM1-0063; PE-PFM1-0065; PE-PFM1-0067; PE-PFM1-0071; PE-FAP1-0005; PE-FAP1-0011; PE-FAP1-0013; PE-FAP1-0015; PE-FAP1-0017; PE-FAP1-0025; PE-FAP1-0031; PE-FAP1-0034; PE-FAP1-0037; PE-FAP1-0044; PE-FAP1-0047; PE-FAP1-0049; PE-FAP1-0051; PE-FAP1-0054; PE-FAP1-0056; PE-FAP1-0060; PE-FAP2-0001; PE-FAP2-0003; PE-FAP2-0007; PE-FAP2-0010; PE-FAP2-0011; PE-FAP2-0041; PE-FAP2-0051; PE-FAP2-0052; PE-FAP2-0053; PE-FAP2-0057; PE-FAP2-0059; PE-FAP2-0061; PE-FAP1-0061; PE-CWM1-0001; PE-CWM1-0006; PE-CWM1-0016; PE-CWM1-0021; PE-CWM1-0023; PE-CWM1-0036; PE-CWM1-0037; PE-CWM1-0039; PE-CWM1-0042; PE-CWM1-0043; PE-CWM1-0045; PE-CWM1-0047; PE-CWM1-0049; PE-CWM1-0051; PE-CWM1-0052; PE-CWM1-0053; PE-CWM1-0054; PE-CWM1-0055; PE-CWM1-0056; PE-CWM2-0001; PE-CWM2-0003; PE-CWM2-0004; PE-CWM2-0006; PE-CWM2-0007; PE-CWM2-0009; PE-CWM2-0011; PE-CWM2-0013; PE-CWM2-0015; PE-CWM2-0017; PE-CWM2-0019; PE-CWM2-0023; PE-CWM2-0025; PE-CWM2-0031; PE-TM1-0001; PE-TM1-0003; PE-TM1-0005; PE-TM1-0012; PE-TM1-0014; PE-TM1-0016; PE-TM1-0020; PE-TM1-0022; PE-TM1-0023; PE-TM1-0026; PE-TM1-0032; PE-TM1-0034; PE-TM1-0040; PE-TM1-0043; PE-TM1-0046; PE-TM1-0048; PE-TM1-0051; PE-TM1-0053; PE-TM1-0055; PE-TM1-0057; PE-TM1-0059; PE-TM1-0061; PE-TM1-0065; PE-TM1-0070; PE-TM1-0071; PE-TM1-0076; PE-TM1-0078; PE-TM1-0079; PE-TVO1-0001; PE-TVO1-0006; PE-TVO1-0016; PE-TVO1-0019; PE-TVO1-0025; PE-TVO1-0050; PE-TVO1-0059; PE-TVO1-0069; PE-BSPI1-0001; PE-BSPI1-0005; PE-BSPI1-0007; PE-BSPI1-0009; PE-BSPI1-0010; PE-BSPI1-0013; PE-BSPI1-0015; PE-BSPI1-0018; PE-BSPI1-0019; PE-BSPI1-0021; PE-BSPI1-0023; PE-BSPI1-0024; PE-BSPI1-0025; PE-BSPI1-0026; PE-BSPI1-0027; PE-BSPI1-0028; PE-BSPI1-0029; PE-BSPI1-0030; PE-BSPI1-0031; PE-BSPI1-0033; PE-BSPI1-0036; PE-BSPI1-0037; PE-BSPI1-0039; PE-BSPI1-0042; PE-BSPI1-0044; PE-BSPI1-0048; PE-BSPI1-0050; PE-BSPI1-0055; PE-BSPI1-0056; PE-BSPI1-0060; PE-BSPI1-0061; PE-BSPI1-0063; PE-BSPI1-0066; PE-BSPI1-0070; PE-BSPI1-0071; PE-BSPI1-0072; PE-BSPI1-0073; PE-BSPI1-0076; PE-BSPI1-0077; PE-BSPI1-0079; PE-LPC1-0001; PE-GCI1-0001; PE-GCI1-0002; PE-GCI1-0003; PE-GCI1-0007; PE-GCI1-0010; PE-GCI1-0015; PE-GCI1-0017; PE-GCI1-0021; PE-GCI1-0026; PE-GCI1-0027; PE-GCI1-0031; PE-GCI1-0035; PE-GCI1-0037; PE-GCI1-0041; PE-GCI1-0044; PE-GCI1-0045; PE-GCI1-0048; PE-GCI1-0049; PE-GCI1-0053; PE-GCI1-0054; PE-GCI1-0055; PE-GCI1-0056; PE-WRT1-0027; PE-DW1-0003; PE-DW1-0007; PE-DW1-0009; PE-OC1-0007; PE-OC1-0008; PE-OC1-0009; PE-OC1-0011; PE-OC1-0025; PE-OC1-0027; PE-SBD1-0002; PE-SBD1-0006; PE-SBD1-0007; PE-SBD1-0011; PE-SBD1-0013; PE-SBD1-0017; PE-SCP1-0009; PE-SCP1-0010; PE-SCP1-0011; PE-SCP1-0013; PE-SCP1-0015; PE-RC1-0001; PE-RC1-0002; PE-RC1-0005; PE-RC1-0010; PE-RC1-0011; PE-RC1-0012; PE-RC1-0026; PE-RC1-0028; PE-RC1-0035; PE-RC1-0037; PE-PSAC1-0001; PE-PSAC1-0017; PE-PSAC1-0034; PE-PSAC1-0037; PE-PSAC1-0045; PE-PSAC1-0047; PE-PSAC1-0051; PE-HTS1-0001; PE-HTS1-0008; PE-HTS1-0014; PE-HTS1-0017; PE-HTS1-0020; PE-HTS1-0022; PE-HTS1-0030; PE-HTS1-0031; PE-HTS1-0033; PE-HTS1-0035; PE-HTS1-0037; PE-HTS1-0044; PE-HTS1-0046; PE-HTS1-0047; PE-HTS1-0050; PE-HTS1-0051; PE-HTS1-0053; PE-HTS1-0055; PE-HTS1-0057; PE-HTS1-0060; PE-HTS1-0061; PE-HTS1-0063; PE-HTS1-0067; PE-HTS1-0071; PE-HTS1-0078; PE-HTS1-0079; PE-HTS1-0088; PE-EGE1-0002; PE-EGE1-0003; PE-EGE1-0005; PE-EGE1-0008; PE-EGE1-0014; PE-EGE1-0021; PE-EGE1-0030; PE-EGE1-0033; PE-EGE1-0034; PE-EGE1-0036; PE-EGE1-0038; PE-EGE1-0040; PE-EGE1-0041; PE-EGE1-0043; PE-EGE1-0047; PE-EGE1-0048; PE-EGE1-0057; PE-EGE1-0067; PE-EGE1-0068; PE-EGE1-0070; PE-ICAES1-0002; PE-ICAES1-0003; PE-ICAES1-0006; PE-ICAES1-0008; PE-ICAES1-0013; PE-ICAES1-0016; PE-ICAES1-0019; PE-ICAES1-0025; PE-ICAES1-0033; PE-ICAES1-0036; PE-ICAES1-0038; PE-ICAES1-0039; PE-ICAES1-0041; PE-ICAES1-0047; PE-SAC1-0001; PE-SAC1-0003; PE-SAC1-0010; PE-SAC1-0011; PE-SAC1-0013; PE-SAC1-0017; PE-SAC1-0023; PE-SAC1-0027; PE-SAC1-0029; PE-SAC1-0032; PE-SAC1-0036; PE-SAC1-0039; PE-SAC1-0040; PE-SAC1-0043; PE-SAC1-0046; PE-SAC1-0047; PE-SAC1-0048; PE-SAC1-0053; PE-GMMP1-0001; PE-GMMP1-0002; PE-GMMP1-0003; PE-GMMP1-0006; PE-GMMP1-0012; PE-GMMP1-0013; PE-GMMP1-0014; PE-GMMP1-0015; PE-GMMP1-0018; PE-GMMP1-0021; PE-GMMP1-0023; PE-GMMP1-0026; PE-GMMP1-0027; PE-GMMP1-0039; PE-GMMP1-0040; PE-GMMP1-0041; PE-GMMP1-0042; PE-GMMP1-0045; PE-GMMP1-0049; PE-GMMP1-0050; PE-GMMP1-0052; PE-SRD1-0002; PE-SRD1-0004; PE-SRD1-0005; PE-SRD1-0010; PE-SRD1-0014; PE-SRD1-0016; PE-HLPS1-0001; PE-HLPS1-0002; PE-HLPS1-0005; PE-HLPS1-0006; PE-HLPS1-0007; PE-HLPS1-0010; PE-HLPS1-0013; PE-HLPS1-0017; PE-HLPS1-0019; PE-HLPS1-0024; PE-HLPS1-0026; PE-UHEI1-0001; PE-UHEI1-0002; PE-UHEI1-0005; PE-UHEI1-0006; PE-UHEI1-0018; PE-UHEI1-0019; PE-UHEI1-0022; PE-UHEI1-0023; PE-UHEI1-0026; PE-UHEI1-0030; PE-UHEI1-0031; PE-UHEI1-0034; PE-UHEI1-0038; PE-UHEI1-0042; PE-UHEI1-0043; PE-BIAOBF1-0001; PE-BIAOBF1-0003; PE-BIAOBF1-0005; PE-BIAOBF1-0007; PE-BIAOBF1-0009; PE-BIAOBF1-0011; PE-BIAOBF1-0013; PE-BIAOBF1-0016; PE-BIAOBF1-0017; PE-BIAOBF1-0019; PE-BIAOBF1-0021; PE-BIAOBF1-0023; PE-BIAOBF1-0025; PE-BIAOBF1-0030; PE-BIAOBF1-0031; PE-BIAOBF1-0033; PE-BIAOBF1-0036; PE-BIAOBF1-0037; PE-BIAOBF1-0040; PE-BIAOBF1-0042; PE-BIAOBF1-0048; PE-BIAOBF1-0049; PE-BIAOBF1-0051; PE-BIAOBF1-0055; PE-BIAOBF1-0057; PE-BIAOBF1-0060; PE-BIAOBF1-0064; PE-BIAOBF1-0067; PE-BIAOBF1-0071; PE-BIAOBF1-0072; PE-BIAOBF1-0076; PE-BIAOBF1-0077; PE-BIAOBF1-0080; PE-BIAOBF1-0081; PE-BIAOBF1-0083; PE-BIAOBF1-0084; PE-RABFE2-0002; PE-RABFE2-0003; PE-RABFE2-0005; PE-RABFE2-0007; PE-RABFE2-0009; PE-RABFE2-0011; PE-RABFE2-0014; PE-RABFE2-0015; PE-RABFE2-0018; PE-RABFE2-0019; PE-RABFE2-0022; PE-RABFE2-0023; PE-RABFE2-0024; PE-RABFE2-0027; PE-RABFE2-0028; PE-RABFE2-0031; PE-RABFE2-0033; PE-RABFE2-0034; PE-RABFE2-0035; PE-RABFE2-0037; PE-SIP1-0010
Rinshen,example_overload,11 direct examples,PE-NE1-0069; PE-NE1-0070; PE-CNE1-0002; PE-CNE1-0034; PE-CNE1-0036; PE-TM1-0031; PE-GCI1-0026; PE-GCI1-0044; PE-WRT1-0014; PE-SBD1-0006; PE-SCP1-0008
Savin,example_overload,24 direct examples,PE-ER2-0057; PE-HTS1-0017; PE-HTS1-0018; PE-HTS1-0005; PE-HTS1-0009; PE-HTS1-0012; PE-HTS1-0013; PE-HTS1-0015; PE-HTS1-0025; PE-HTS1-0028; PE-HTS1-0029; PE-HTS1-0037; PE-HTS1-0038; PE-HTS1-0045; PE-HTS1-0054; PE-HTS1-0058; PE-HTS1-0059; PE-HTS1-0060; PE-HTS1-0064; PE-HTS1-0065; PE-HTS1-0076; PE-HTS1-0077; PE-HTS1-0085; PE-HTS1-0087
Ser,example_overload,285 direct examples,PE-V1-0002; PE-V1-0006; PE-V1-0011; PE-V2-0002; PE-V2-0044; PE-V2-0085; PE-V2-0093; PE-V2-0098; PE-V2-0111; PE-V2-0118; PE-V3-0041; PE-V3-0094; PE-V3-0118; PE-SP2-0003; PE-DR2-0015; PE-S4A-0005; PE-NE1-0034; PE-TM1-0041; PE-ICAES1-0042; PE-ICAES1-0052; PE-DR1-0003; PE-ER2-0011; PE-ER2-0015; PE-ER2-0016; PE-ER2-0025; PE-ER2-0028; PE-ER2-0077; PE-ER2-0078; PE-SP2-0001; PE-SP2C-0029; PE-SP2C-0042; PE-SP2C-0043; PE-SP2C-0057; PE-SP2C-0058; PE-SP2C-0059; PE-SP2C-0060; PE-SP2C-0061; PE-SP2C-0062; PE-SP2C-0063; PE-V4-0082; PE-V1-0007; PE-V1-0026; PE-V1-0028; PE-V1-0029; PE-V1-0030; PE-V1-0032; PE-V1-0042; PE-V2-0023; PE-V2-0034; PE-V2-0035; PE-V2-0036; PE-V2-0049; PE-V2-0072; PE-V2-0079; PE-V2-0086; PE-V2-0094; PE-V2-0102; PE-V2-0115; PE-V3-0001; PE-V3-0002; PE-V3-0008; PE-V3-0021; PE-V3-0023; PE-V3-0024; PE-V3-0030; PE-V3-0031; PE-V3-0034; PE-V3-0036; PE-V3-0037; PE-V3-0038; PE-V3-0039; PE-V3-0040; PE-V3-0042; PE-V3-0043; PE-V3-0044; PE-V3-0046; PE-V3-0047; PE-V3-0048; PE-V3-0049; PE-V3-0051; PE-V3-0054; PE-V3-0065; PE-V3-0066; PE-V3-0068; PE-V3-0070; PE-V3-0073; PE-V3-0077; PE-V3-0082; PE-V3-0083; PE-V3-0086; PE-V3-0097; PE-V3-0100; PE-V3-0104; PE-V3-0106; PE-V3-0108; PE-V3-0111; PE-V3-0115; PE-V3-0120; PE-V3-0122; PE-V3-0129; PE-V3-0133; PE-V3-0134; PE-V3-0135; PE-V3-0143; PE-V4-0093; PE-V4-0094; PE-V4-0095; PE-V4-0097; PE-V4-0099; PE-V4-0100; PE-V4-0101; PE-V4-0102; PE-V4-0103; PE-V4-0105; PE-V4-0107; PE-NE1-0010; PE-NE1-0023; PE-NE1-0039; PE-NE1-0046; PE-CNE1-0008; PE-CNE1-0010; PE-CNE1-0012; PE-CNE1-0015; PE-CNE1-0017; PE-CNE1-0036; PE-CNE1-0065; PE-CNE1-0066; PE-CNE1-0067; PE-CNE1-0069; PE-DSL1-0040; PE-DSL1-0058; PE-DSL1-0059; PE-DSL1-0062; PE-DSL1-0066; PE-DSL1-0076; PE-PFM1-0009; PE-PFM1-0026; PE-PFM1-0034; PE-PFM1-0037; PE-FAP1-0011; PE-FAP1-0037; PE-FAP1-0058; PE-FAP1-0059; PE-FAP2-0007; PE-FAP2-0018; PE-FAP2-0024; PE-FAP2-0028; PE-FAP2-0030; PE-FAP2-0034; PE-FAP2-0036; PE-FAP2-0040; PE-FAP2-0044; PE-FAP2-0047; PE-CWM1-0013; PE-CWM1-0015; PE-CWM2-0021; PE-CWM2-0022; PE-CWM2-0027; PE-TM1-0013; PE-TM1-0017; PE-TM1-0019; PE-TVO1-0012; PE-TVO1-0013; PE-TVO1-0022; PE-TVO1-0032; PE-TVO1-0064; PE-BSPI1-0030; PE-GCI1-0025; PE-GCI1-0043; PE-WRT1-0003; PE-WRT1-0004; PE-WRT1-0028; PE-OC1-0017; PE-OC1-0018; PE-OC1-0024; PE-SBD1-0016; PE-SCP1-0009; PE-SCP1-0010; PE-SCP1-0012; PE-RC1-0003; PE-RC1-0012; PE-RC1-0019; PE-RC1-0027; PE-RC1-0030; PE-RC1-0034; PE-RC1-0040; PE-RC1-0043; PE-RC1-0044; PE-PSAC1-0004; PE-PSAC1-0020; PE-PSAC1-0021; PE-PSAC1-0022; PE-PSAC1-0023; PE-PSAC1-0028; PE-PSAC1-0032; PE-HTS1-0004; PE-HTS1-0010; PE-HTS1-0016; PE-HTS1-0023; PE-HTS1-0040; PE-HTS1-0043; PE-HTS1-0052; PE-HTS1-0054; PE-HTS1-0055; PE-HTS1-0058; PE-HTS1-0062; PE-HTS1-0063; PE-HTS1-0066; PE-HTS1-0068; PE-EGE1-0014; PE-EGE1-0020; PE-EGE1-0026; PE-EGE1-0028; PE-EGE1-0031; PE-EGE1-0034; PE-EGE1-0038; PE-EGE1-0040; PE-EGE1-0044; PE-EGE1-0046; PE-EGE1-0050; PE-EGE1-0053; PE-EGE1-0056; PE-EGE1-0057; PE-EGE1-0060; PE-ICAES1-0001; PE-ICAES1-0005; PE-ICAES1-0018; PE-ICAES1-0021; PE-ICAES1-0023; PE-ICAES1-0034; PE-ICAES1-0039; PE-ICAES1-0041; PE-ICAES1-0048; PE-SAC1-0008; PE-SAC1-0009; PE-SAC1-0010; PE-SAC1-0012; PE-SAC1-0019; PE-SAC1-0026; PE-SAC1-0028; PE-SAC1-0038; PE-SAC1-0044; PE-SAC1-0045; PE-SAC1-0047; PE-SAC1-0054; PE-SAC1-0055; PE-GMMP1-0002; PE-GMMP1-0006; PE-GMMP1-0007; PE-GMMP1-0010; PE-GMMP1-0014; PE-GMMP1-0015; PE-GMMP1-0016; PE-GMMP1-0017; PE-GMMP1-0018; PE-GMMP1-0020; PE-GMMP1-0025; PE-GMMP1-0029; PE-GMMP1-0030; PE-GMMP1-0031; PE-GMMP1-0032; PE-GMMP1-0033; PE-GMMP1-0034; PE-GMMP1-0035; PE-GMMP1-0036; PE-GMMP1-0037; PE-GMMP1-0041; PE-HLPS1-0002; PE-HLPS1-0003; PE-HLPS1-0004; PE-HLPS1-0011; PE-HLPS1-0015; PE-HLPS1-0022; PE-UHEI1-0006; PE-UHEI1-0025; PE-UHEI1-0041; PE-BIAOBF1-0004; PE-BIAOBF1-0034; PE-BIAOBF1-0035; PE-BIAOBF1-0084; PE-RABFE2-0034; PE-RABFE2-0036; PE-RABFE2-0040; PE-SIP1-0006; PE-SIP1-0009
Seren,example_overload,47 direct examples,PE-PFM1-0055; PE-DW1-0010; PE-ER2-0029; PE-ER2-0030; PE-ER2-0057; PE-ER2-0070; PE-V2-0038; PE-V3-0005; PE-NE1-0052; PE-NE1-0057; PE-NE1-0060; PE-NE1-0067; PE-CNE1-0006; PE-CNE1-0032; PE-CNE1-0068; PE-CNE1-0070; PE-PFM1-0002; PE-PFM1-0004; PE-PFM1-0011; PE-PFM1-0018; PE-PFM1-0028; PE-PFM1-0043; PE-PFM1-0046; PE-PFM1-0052; PE-PFM1-0057; PE-PFM1-0059; PE-PFM1-0074; PE-PFM1-0079; PE-FAP2-0042; PE-DW1-0001; PE-DW1-0004; PE-DW1-0014; PE-DW1-0017; PE-OC1-0013; PE-OC1-0016; PE-OC1-0017; PE-OC1-0018; PE-GMMP1-0003; PE-GMMP1-0017; PE-GMMP1-0029; PE-GMMP1-0030; PE-GMMP1-0031; PE-GMMP1-0032; PE-GMMP1-0033; PE-GMMP1-0034; PE-GMMP1-0035; PE-GMMP1-0036
Serin,example_overload,14 direct examples,PE-ER2-0005; PE-ER2-0006; PE-SP2C-0064; PE-SP2C-0065; PE-SP2C-0066; PE-SP2C-0067; PE-V2-0023; PE-V2-0035; PE-V2-0053; PE-V2-0123; PE-V2-0125; PE-V2-0129; PE-V3-0014; PE-NE1-0006
Shal,example_overload,33 direct examples,PE-V1-0034; PE-V2-0002; PE-V1-0007; PE-V1-0012; PE-V1-0024; PE-V2-0005; PE-V2-0016; PE-V2-0018; PE-V2-0056; PE-V2-0075; PE-V2-0115; PE-V3-0069; PE-V3-0073; PE-V3-0075; PE-V3-0081; PE-V3-0086; PE-V3-0106; PE-V3-0114; PE-V3-0116; PE-V3-0122; PE-V3-0133; PE-V3-0138; PE-V3-0144; PE-V3-0147; PE-V3-0218; PE-V4-0105; PE-BSPI1-0014; PE-EGE1-0066; PE-SAC1-0004; PE-SAC1-0005; PE-SAC1-0006; PE-SAC1-0021; PE-SAC1-0022
Shalaen,example_overload,12 direct examples,PE-V4-0053; PE-EGE1-0049; PE-V1-0014; PE-ER2-0016; PE-ER2-0022; PE-ER2-0067; PE-ER2-0079; PE-SP2C-0021; PE-SP2C-0022; PE-SP2C-0029; PE-SP2C-0070; PE-V3-0057
Shalil,example_overload,12 direct examples,PE-V2-0109; PE-V2-0117; PE-V1-0011; PE-V2-0112; PE-V2-0014; PE-V3-0030; PE-V3-0033; PE-V3-0050; PE-V3-0092; PE-V4-0099; PE-V4-0100; PE-V2-0113
Shalnor,example_overload,12 direct examples,PE-CNE1-0073; PE-CNE1-0074; PE-PSAC1-0042; PE-HTS1-0008; PE-HTS1-0022; PE-HTS1-0044; PE-HTS1-0088; PE-EGE1-0024; PE-EGE1-0039; PE-EGE1-0055; PE-ICAES1-0035; PE-ICAES1-0050
Shalor,example_overload,20 direct examples,PE-V2-0042; PE-DR2-0011; PE-V1-0041; PE-V2-0045; PE-V3-0053; PE-PFM1-0003; PE-PFM1-0017; PE-PFM1-0024; PE-PFM1-0028; PE-PFM1-0044; PE-PFM1-0048; PE-PFM1-0049; PE-PFM1-0051; PE-PFM1-0060; PE-PFM1-0065; PE-PFM1-0076; PE-PFM1-0080; PE-GMMP1-0003; PE-GMMP1-0027; PE-GMMP1-0053
Shan,example_overload,45 direct examples,PE-EGE1-0006; PE-EGE1-0037; PE-EGE1-0062; PE-DR2-0009; PE-ER2-0012; PE-CNE1-0071; PE-CNE1-0072; PE-V3-0090; PE-V3-0098; PE-V3-0101; PE-TVO1-0021; PE-BSPI1-0014; PE-BSPI1-0043; PE-BSPI1-0049; PE-BSPI1-0051; PE-BSPI1-0069; PE-WRT1-0016; PE-WRT1-0017; PE-WRT1-0028; PE-OC1-0003; PE-OC1-0006; PE-HTS1-0042; PE-HTS1-0075; PE-HTS1-0081; PE-HTS1-0082; PE-EGE1-0004; PE-EGE1-0009; PE-EGE1-0047; PE-EGE1-0051; PE-EGE1-0052; PE-ICAES1-0007; PE-SAC1-0004; PE-SAC1-0020; PE-SAC1-0052; PE-SAC1-0054; PE-SAC1-0055; PE-GMMP1-0004; PE-GMMP1-0005; PE-GMMP1-0010; PE-GMMP1-0011; PE-GMMP1-0047; PE-GMMP1-0050; PE-SRD1-0018; PE-SRD1-0019; PE-BIAOBF1-0038
Shara,example_overload,30 direct examples,PE-ER2-0018; PE-ER2-0020; PE-ER2-0026; PE-ER2-0031; PE-ER2-0076; PE-V3-0077; PE-V4-0005; PE-V4-0078; PE-V4-0095; PE-V4-0101; PE-V4-0105; PE-V4-0107; PE-NE1-0077; PE-CNE1-0029; PE-FAP1-0035; PE-CWM2-0003; PE-TVO1-0001; PE-TVO1-0003; PE-TVO1-0069; PE-RC1-0037; PE-RC1-0039; PE-EGE1-0028; PE-EGE1-0052; PE-EGE1-0056; PE-GMMP1-0046; PE-UHEI1-0008; PE-BIAOBF1-0023; PE-BIAOBF1-0071; PE-BIAOBF1-0083; PE-BIAOBF1-0086
Sharavok,example_overload,35 direct examples,PE-PFM1-0045; PE-ER2-0076; PE-NE1-0077; PE-NE1-0078; PE-NE1-0071; PE-NE1-0072; PE-NE1-0073; PE-NE1-0079; PE-CNE1-0004; PE-CNE1-0016; PE-CNE1-0018; PE-CNE1-0038; PE-CNE1-0041; PE-CNE1-0048; PE-CNE1-0049; PE-CNE1-0072; PE-CNE1-0079; PE-DSL1-0054; PE-DSL1-0072; PE-DSL1-0074; PE-PFM1-0053; PE-PFM1-0056; PE-PFM1-0062; PE-PFM1-0073; PE-PFM1-0079; PE-FAP1-0020; PE-FAP1-0038; PE-TM1-0035; PE-TM1-0037; PE-TVO1-0020; PE-WRT1-0017; PE-HTS1-0049; PE-EGE1-0004; PE-EGE1-0009; PE-SRD1-0012
Shen,example_overload,21 direct examples,PE-V4-0091; PE-ER2-0032; PE-HTS1-0027; PE-HTS1-0032; PE-EGE1-0020; PE-EGE1-0024; PE-EGE1-0031; PE-EGE1-0032; PE-EGE1-0046; PE-EGE1-0067; PE-ICAES1-0001; PE-ICAES1-0035; PE-ICAES1-0037; PE-SAC1-0005; PE-SAC1-0009; PE-SAC1-0014; PE-SAC1-0019; PE-SAC1-0024; PE-SAC1-0025; PE-SAC1-0044; PE-BIAOBF1-0018
Shenral,example_overload,42 direct examples,PE-WRT1-0013; PE-WRT1-0014; PE-BSPI1-0034; PE-BSPI1-0035; PE-BSPI1-0056; PE-OC1-0012; PE-SCP1-0002; PE-SCP1-0007; PE-ICAES1-0001; PE-ICAES1-0011; PE-ICAES1-0027; PE-SAC1-0002; PE-SAC1-0005; PE-SAC1-0008; PE-SAC1-0009; PE-SAC1-0012; PE-SAC1-0014; PE-SAC1-0019; PE-SAC1-0022; PE-SAC1-0024; PE-SAC1-0026; PE-SAC1-0028; PE-SAC1-0030; PE-SAC1-0031; PE-SAC1-0033; PE-SAC1-0034; PE-SAC1-0035; PE-SAC1-0037; PE-SAC1-0038; PE-SAC1-0040; PE-SAC1-0041; PE-SAC1-0042; PE-SAC1-0043; PE-SAC1-0044; PE-SAC1-0045; PE-SAC1-0049; PE-SAC1-0050; PE-SAC1-0051; PE-SAC1-0052; PE-SAC1-0054; PE-SAC1-0055; PE-HLPS1-0014
Sov,example_overload,15 direct examples,PE-EGE1-0059; PE-ER2-0043; PE-ER2-0051; PE-ER2-0052; PE-FAP1-0011; PE-FAP1-0012; PE-FAP1-0003; PE-FAP1-0005; PE-FAP1-0009; PE-FAP2-0001; PE-DW1-0005; PE-OC1-0002; PE-EGE1-0070; PE-BIAOBF1-0066; PE-BIAOBF1-0070
Tal,example_overload,57 direct examples,PE-V2-0007; PE-V2-0044; PE-V4-0091; PE-NE1-0034; PE-ER2-0013; PE-ER2-0032; PE-ER2-0044; PE-ER2-0045; PE-ER2-0075; PE-V2-0003; PE-V2-0051; PE-V2-0126; PE-V2-0130; PE-V3-0079; PE-NE1-0001; PE-NE1-0006; PE-NE1-0032; PE-NE1-0033; PE-NE1-0076; PE-DSL1-0012; PE-FAP1-0043; PE-FAP1-0058; PE-FAP1-0059; PE-FAP2-0060; PE-TM1-0002; PE-GCI1-0016; PE-GCI1-0025; PE-GCI1-0043; PE-DW1-0015; PE-RC1-0025; PE-HTS1-0013; PE-HTS1-0026; PE-HTS1-0028; PE-HTS1-0039; PE-HTS1-0045; PE-HTS1-0058; PE-HTS1-0068; PE-EGE1-0048; PE-EGE1-0064; PE-EGE1-0065; PE-ICAES1-0009; PE-ICAES1-0010; PE-ICAES1-0030; PE-ICAES1-0031; PE-ICAES1-0043; PE-ICAES1-0044; PE-ICAES1-0045; PE-ICAES1-0057; PE-SAC1-0006; PE-SAC1-0022; PE-SAC1-0041; PE-SAC1-0051; PE-GMMP1-0017; PE-GMMP1-0023; PE-GMMP1-0024; PE-SIP1-0002; PE-SIP1-0004
Teremil,example_overload,31 direct examples,PE-V3-0145; PE-DR2-0002; PE-DR2-0006; PE-ER2-0006; PE-ER2-0021; PE-ER2-0069; PE-SP2C-0001; PE-V2-0074; PE-V2-0086; PE-V3-0036; PE-V3-0040; PE-V3-0049; PE-V3-0120; PE-V3-0136; PE-V4-0032; PE-NE1-0002; PE-NE1-0037; PE-NE1-0045; PE-FAP1-0042; PE-FAP2-0042; PE-CWM1-0047; PE-TVO1-0048; PE-WRT1-0001; PE-SBD1-0010; PE-RC1-0002; PE-PSAC1-0002; PE-PSAC1-0011; PE-PSAC1-0047; PE-HTS1-0014; PE-GMMP1-0018; PE-HLPS1-0001
Terra,example_overload,18 direct examples,PE-V4-0061; PE-S3-0004; PE-S4A-0002; PE-ER2-0044; PE-ER2-0075; PE-V1-0033; PE-V2-0124; PE-V3-0024; PE-V3-0035; PE-V3-0045; PE-V3-0071; PE-V3-0103; PE-V3-0109; PE-V3-0111; PE-V3-0114; PE-V3-0116; PE-V3-0133; PE-EGE1-0065
Thal,example_overload,85 direct examples,PE-ER2-0013; PE-V1-0013; PE-S3-0005; PE-S3-0004; PE-DW1-0010; PE-DW1-0012; PE-EGE1-0011; PE-SP2C-0022; PE-V1-0016; PE-V1-0033; PE-V1-0041; PE-V2-0004; PE-V2-0039; PE-V2-0046; PE-V2-0081; PE-V2-0116; PE-V2-0121; PE-V3-0037; PE-V3-0042; PE-V3-0049; PE-V3-0071; PE-V3-0073; PE-V3-0082; PE-V3-0097; PE-V3-0100; PE-V3-0104; PE-V3-0105; PE-V3-0109; PE-V3-0110; PE-V3-0124; PE-V3-0133; PE-V4-0018; PE-V4-0025; PE-V4-0044; PE-NE1-0014; PE-NE1-0049; PE-CNE1-0049; PE-DSL1-0012; PE-DSL1-0018; PE-DSL1-0022; PE-DSL1-0045; PE-DSL1-0046; PE-FAP1-0040; PE-CWM1-0041; PE-CWM2-0001; PE-CWM2-0003; PE-CWM2-0005; PE-CWM2-0009; PE-CWM2-0014; PE-CWM2-0018; PE-CWM2-0020; PE-CWM2-0031; PE-BSPI1-0062; PE-BSPI1-0075; PE-BSPI1-0080; PE-OC1-0020; PE-OC1-0024; PE-SCP1-0005; PE-SCP1-0006; PE-HTS1-0061; PE-HTS1-0070; PE-HTS1-0079; PE-EGE1-0007; PE-EGE1-0015; PE-EGE1-0023; PE-EGE1-0028; PE-EGE1-0051; PE-EGE1-0054; PE-EGE1-0061; PE-EGE1-0072; PE-ICAES1-0009; PE-ICAES1-0040; PE-SAC1-0005; PE-SAC1-0032; PE-GMMP1-0025; PE-GMMP1-0045; PE-BIAOBF1-0041; PE-BIAOBF1-0043; PE-BIAOBF1-0046; PE-BIAOBF1-0053; PE-BIAOBF1-0061; PE-BIAOBF1-0065; PE-BIAOBF1-0073; PE-BIAOBF1-0087; PE-RABFE2-0033
Thar,example_overload,19 direct examples,PE-V3-0076; PE-DR2-0007; PE-DR2-0016; PE-ER2-0017; PE-ER2-0035; PE-ER2-0066; PE-SP2C-0011; PE-SP2C-0040; PE-SP2C-0041; PE-V3-0081; PE-V3-0083; PE-V3-0114; PE-V3-0148; PE-V4-0004; PE-V4-0096; PE-V4-0100; PE-V4-0102; PE-V4-0106; PE-S4B-0009
Va,example_overload,28 direct examples,PE-V1-0027; PE-V3-0125; PE-DR1-0002; PE-V2-0037; PE-V3-0007; PE-V3-0110; PE-V3-0115; PE-V3-0119; PE-V3-0127; PE-V3-0137; PE-V3-0147; PE-V3-0150; PE-CNE1-0064; PE-TVO1-0052; PE-ICAES1-0048; PE-SRD1-0001; PE-SRD1-0003; PE-SRD1-0008; PE-SRD1-0012; PE-SRD1-0013; PE-SRD1-0017; PE-SRD1-0020; PE-HLPS1-0022; PE-UHEI1-0009; PE-UHEI1-0011; PE-UHEI1-0014; PE-UHEI1-0016; PE-BIAOBF1-0006
Vaar,example_overload,13 direct examples,PE-V2-0044; PE-S3-0014; PE-S4A-0002; PE-ER2-0011; PE-V3-0054; PE-V3-0079; PE-V3-0080; PE-V3-0105; PE-V4-0005; PE-V4-0102; PE-V4-0104; PE-SBD1-0016; PE-GMMP1-0024
Vanesh,example_overload,19 direct examples,PE-SP2-0001; PE-V2-0078; PE-SP2C-0026; PE-SP2C-0027; PE-V2-0010; PE-V2-0021; PE-V2-0024; PE-V2-0050; PE-V2-0062; PE-V2-0073; PE-V2-0081; PE-V2-0090; PE-V3-0014; PE-V3-0032; PE-V3-0119; PE-V3-0129; PE-V3-0139; PE-V3-0143; PE-OC1-0026
Var,example_overload,218 direct examples,PE-SP2-0002; PE-S3-0014; PE-EGE1-0018; PE-V1-0001; PE-V1-0002; PE-V1-0027; PE-V1-0034; PE-V1-0037; PE-V1-0038; PE-V2-0042; PE-V3-0028; PE-V3-0128; PE-SP2-0003; PE-V4-0003; PE-V4-0035; PE-V4-0045; PE-ER2-0005; PE-S4A-0001; PE-FAP1-0023; PE-BSPI1-0020; PE-EGE1-0011; PE-EGE1-0012; PE-EGE1-0062; PE-DR1-0001; PE-DR1-0003; PE-DR1-0005; PE-DR2-0006; PE-DR2-0009; PE-ER2-0014; PE-ER2-0018; PE-ER2-0030; PE-ER2-0060; PE-ER2-0068; PE-ER2-0078; PE-SP2C-0001; PE-SP2C-0018; PE-SP2C-0023; PE-SP2C-0024; PE-SP2C-0026; PE-SP2C-0027; PE-SP2C-0028; PE-SP2C-0032; PE-SP2C-0057; PE-SP2C-0058; PE-SP2C-0059; PE-SP2C-0060; PE-SP2C-0061; PE-SP2C-0062; PE-SP2C-0063; PE-SP2C-0065; PE-SP2C-0067; PE-SP2C-0068; PE-V1-0016; PE-V1-0018; PE-V1-0019; PE-V1-0023; PE-V1-0026; PE-V1-0028; PE-V1-0029; PE-V1-0030; PE-V1-0031; PE-V1-0032; PE-V1-0033; PE-V1-0036; PE-V1-0039; PE-V1-0040; PE-V1-0041; PE-V1-0042; PE-V1-0043; PE-V2-0001; PE-V2-0004; PE-V2-0006; PE-V2-0011; PE-V2-0031; PE-V2-0032; PE-V2-0038; PE-V2-0039; PE-V2-0041; PE-V2-0043; PE-V2-0046; PE-V2-0048; PE-V2-0049; PE-V2-0054; PE-V2-0123; PE-V2-0125; PE-V2-0127; PE-V2-0129; PE-V2-0132; PE-V3-0001; PE-V3-0002; PE-V3-0003; PE-V3-0005; PE-V3-0007; PE-V3-0008; PE-V3-0011; PE-V3-0013; PE-V3-0015; PE-V3-0016; PE-V3-0017; PE-V3-0018; PE-V3-0019; PE-V3-0020; PE-V3-0022; PE-V3-0023; PE-V3-0024; PE-V3-0029; PE-V3-0035; PE-V3-0045; PE-V3-0070; PE-V3-0075; PE-V3-0077; PE-V3-0082; PE-V3-0085; PE-V3-0108; PE-V3-0109; PE-V3-0110; PE-V3-0111; PE-V3-0112; PE-V3-0113; PE-V3-0114; PE-V3-0116; PE-V3-0117; PE-V3-0121; PE-V3-0122; PE-V3-0126; PE-V3-0127; PE-V3-0129; PE-V3-0130; PE-V3-0132; PE-V3-0134; PE-V3-0135; PE-V3-0136; PE-V3-0138; PE-V3-0139; PE-V3-0140; PE-V3-0142; PE-V3-0144; PE-V3-0149; PE-V3-0150; PE-V3-0151; PE-V4-0002; PE-V4-0004; PE-V4-0012; PE-V4-0015; PE-V4-0018; PE-V4-0075; PE-V4-0079; PE-V4-0087; PE-V4-0089; PE-V4-0098; PE-V4-0102; PE-V4-0103; PE-V4-0104; PE-V4-0106; PE-V4-0108; PE-S4B-0003; PE-NE1-0009; PE-NE1-0017; PE-NE1-0042; PE-NE1-0044; PE-NE1-0057; PE-NE1-0064; PE-NE1-0072; PE-NE1-0077; PE-NE1-0079; PE-CNE1-0041; PE-CNE1-0045; PE-CNE1-0048; PE-CNE1-0049; PE-CNE1-0067; PE-CNE1-0069; PE-CNE1-0071; PE-CNE1-0072; PE-CNE1-0073; PE-CNE1-0075; PE-CNE1-0077; PE-FAP1-0029; PE-TVO1-0003; PE-TVO1-0007; PE-TVO1-0018; PE-TVO1-0021; PE-TVO1-0027; PE-TVO1-0029; PE-BSPI1-0032; PE-BSPI1-0043; PE-BSPI1-0045; PE-BSPI1-0047; PE-BSPI1-0049; PE-BSPI1-0051; PE-BSPI1-0062; PE-BSPI1-0067; PE-BSPI1-0069; PE-BSPI1-0075; PE-BSPI1-0080; PE-WRT1-0016; PE-OC1-0002; PE-OC1-0003; PE-OC1-0006; PE-HTS1-0019; PE-HTS1-0029; PE-EGE1-0004; PE-EGE1-0009; PE-EGE1-0015; PE-EGE1-0017; PE-EGE1-0047; PE-EGE1-0051; PE-EGE1-0054; PE-EGE1-0066; PE-SAC1-0020; PE-SAC1-0021; PE-GMMP1-0042; PE-SRD1-0008; PE-SRD1-0009; PE-SIP1-0003; PE-SIP1-0005; PE-SIP1-0008; PE-SIP1-0009; PE-SIP1-0011
Varadan,example_overload,13 direct examples,PE-SP2-0001; PE-SP2-0003; PE-V3-0118; PE-ER2-0032; PE-SP2C-0058; PE-SP2C-0060; PE-SP2C-0062; PE-V2-0048; PE-V2-0049; PE-V2-0051; PE-V3-0143; PE-WRT1-0021; PE-OC1-0026
Varthas,example_overload,24 direct examples,PE-DR1-0003; PE-DR2-0004; PE-ER2-0030; PE-ER2-0053; PE-V1-0035; PE-V1-0036; PE-V2-0030; PE-V2-0033; PE-V2-0048; PE-V3-0005; PE-V3-0019; PE-V4-0012; PE-V4-0086; PE-PFM1-0033; PE-PFM1-0063; PE-TVO1-0070; PE-BSPI1-0001; PE-GCI1-0003; PE-GCI1-0006; PE-GCI1-0041; PE-WRT1-0023; PE-WRT1-0025; PE-SIP1-0008; PE-SIP1-0011
Vekaen,example_overload,29 direct examples,PE-V3-0028; PE-TVO1-0005; PE-ER2-0053; PE-CNE1-0003; PE-CNE1-0004; PE-DSL1-0054; PE-FAP1-0030; PE-FAP1-0038; PE-CWM1-0002; PE-CWM1-0010; PE-CWM1-0019; PE-CWM1-0022; PE-CWM1-0048; PE-CWM2-0002; PE-CWM2-0008; PE-CWM2-0016; PE-TM1-0024; PE-TM1-0077; PE-BSPI1-0057; PE-WRT1-0015; PE-DW1-0002; PE-DW1-0005; PE-HTS1-0064; PE-HTS1-0085; PE-EGE1-0017; PE-EGE1-0023; PE-EGE1-0072; PE-GMMP1-0020; PE-BIAOBF1-0010
Ver,example_overload,30 direct examples,PE-V3-0145; PE-V4-0045; PE-V4-0077; PE-S3-0004; PE-UHEI1-0035; PE-ER2-0014; PE-SP2C-0027; PE-V1-0023; PE-V1-0024; PE-V1-0026; PE-V3-0008; PE-V3-0017; PE-V3-0067; PE-V3-0075; PE-V3-0123; PE-V3-0127; PE-TVO1-0052; PE-OC1-0011; PE-OC1-0022; PE-SBD1-0004; PE-ICAES1-0048; PE-HLPS1-0022; PE-UHEI1-0004; PE-UHEI1-0017; PE-UHEI1-0023; PE-UHEI1-0031; PE-BIAOBF1-0053; PE-BIAOBF1-0072; PE-RABFE2-0028; PE-RABFE2-0030
Verdor,example_overload,14 direct examples,PE-V4-0053; PE-DR2-0001; PE-V2-0041; PE-V4-0069; PE-S4B-0003; PE-NE1-0028; PE-NE1-0036; PE-CNE1-0030; PE-CNE1-0072; PE-PFM1-0054; PE-FAP1-0019; PE-FAP1-0047; PE-CWM2-0024; PE-EGE1-0052
Vorkor,example_overload,29 direct examples,PE-ER2-0009; PE-V4-0018; PE-CNE1-0009; PE-CNE1-0011; PE-CNE1-0023; PE-CNE1-0059; PE-CNE1-0068; PE-CNE1-0070; PE-CNE1-0071; PE-CWM1-0008; PE-TVO1-0056; PE-DW1-0001; PE-OC1-0005; PE-OC1-0027; PE-GMMP1-0014; PE-GMMP1-0015; PE-GMMP1-0026; PE-GMMP1-0028; PE-GMMP1-0038; PE-GMMP1-0039; PE-GMMP1-0040; PE-GMMP1-0041; PE-GMMP1-0042; PE-GMMP1-0044; PE-GMMP1-0045; PE-SRD1-0004; PE-SRD1-0015; PE-SRD1-0018; PE-SRD1-0019
Welpralor,example_overload,15 direct examples,PE-BSPI1-0027; PE-BSPI1-0028; PE-BSPI1-0018; PE-BSPI1-0029; PE-BSPI1-0076; PE-GCI1-0017; PE-GCI1-0053; PE-WRT1-0021; PE-RC1-0008; PE-RC1-0011; PE-RC1-0015; PE-RC1-0042; PE-PSAC1-0001; PE-PSAC1-0034; PE-PSAC1-0051
Welrin,example_overload,19 direct examples,PE-GCI1-0041; PE-GCI1-0042; PE-GCI1-0018; PE-GCI1-0030; PE-GCI1-0032; PE-GCI1-0033; PE-SCP1-0014; PE-HTS1-0048; PE-HTS1-0072; PE-HTS1-0073; PE-HTS1-0075; PE-HTS1-0080; PE-HTS1-0084; PE-EGE1-0044; PE-EGE1-0047; PE-EGE1-0064; PE-EGE1-0066; PE-EGE1-0071; PE-EGE1-0072
Xarvek,example_overload,14 direct examples,PE-DSL1-0013; PE-DSL1-0014; PE-FAP2-0007; PE-CWM1-0001; PE-CWM1-0006; PE-CWM1-0014; PE-CWM1-0018; PE-CWM1-0036; PE-CWM1-0052; PE-DW1-0002; PE-DW1-0007; PE-DW1-0009; PE-DW1-0017; PE-SRD1-0014
Ya,example_overload,70 direct examples,PE-V3-0028; PE-V3-0055; PE-V3-0118; PE-V3-0125; PE-SP2-0003; PE-DR2-0006; PE-SP2-0001; PE-SP2C-0028; PE-SP2C-0046; PE-V1-0004; PE-V2-0047; PE-V3-0003; PE-V3-0004; PE-V3-0007; PE-V3-0015; PE-V3-0016; PE-V3-0018; PE-V3-0019; PE-V3-0021; PE-V3-0022; PE-V3-0029; PE-V3-0062; PE-V4-0007; PE-V4-0015; PE-V4-0059; PE-V4-0074; PE-V4-0076; PE-V4-0083; PE-V4-0093; PE-V4-0095; PE-V4-0097; PE-V4-0099; PE-V4-0103; PE-S4A-0003; PE-S4B-0008; PE-CNE1-0064; PE-CNE1-0077; PE-CNE1-0078; PE-TVO1-0052; PE-ICAES1-0048; PE-SRD1-0001; PE-SRD1-0003; PE-SRD1-0007; PE-SRD1-0008; PE-SRD1-0009; PE-SRD1-0012; PE-SRD1-0013; PE-SRD1-0015; PE-SRD1-0017; PE-HLPS1-0011; PE-HLPS1-0012; PE-HLPS1-0022; PE-UHEI1-0003; PE-UHEI1-0007; PE-UHEI1-0009; PE-UHEI1-0011; PE-UHEI1-0013; PE-UHEI1-0014; PE-UHEI1-0016; PE-UHEI1-0017; PE-BIAOBF1-0077; PE-BIAOBF1-0081; PE-SIP1-0001; PE-SIP1-0002; PE-SIP1-0003; PE-SIP1-0004; PE-SIP1-0005; PE-SIP1-0006; PE-SIP1-0007; PE-SIP1-0008
Zhaelpralaen,example_overload,24 direct examples,PE-TM1-0007; PE-TM1-0008; PE-TM1-0004; PE-TM1-0013; PE-TM1-0042; PE-TM1-0058; PE-TM1-0062; PE-TM1-0066; PE-TM1-0072; PE-TVO1-0002; PE-TVO1-0010; PE-TVO1-0014; PE-BSPI1-0002; PE-BSPI1-0004; PE-BSPI1-0006; PE-BSPI1-0008; PE-BSPI1-0041; PE-BSPI1-0046; PE-BSPI1-0064; PE-BSPI1-0068; PE-BSPI1-0074; PE-WRT1-0004; PE-WRT1-0008; PE-WRT1-0010
Zhaelral,example_overload,88 direct examples,PE-NE1-0034; PE-SP2C-0015; PE-NE1-0039; PE-NE1-0032; PE-NE1-0035; PE-CNE1-0052; PE-DSL1-0042; PE-DSL1-0060; PE-DSL1-0078; PE-DSL1-0082; PE-PFM1-0007; PE-PFM1-0032; PE-PFM1-0036; PE-PFM1-0038; PE-PFM1-0042; PE-FAP1-0036; PE-FAP1-0050; PE-FAP2-0014; PE-FAP2-0037; PE-FAP2-0050; PE-OC1-0023; PE-SBD1-0005; PE-HTS1-0002; PE-HTS1-0006; PE-HTS1-0007; PE-HTS1-0009; PE-HTS1-0010; PE-HTS1-0011; PE-HTS1-0015; PE-HTS1-0021; PE-HTS1-0023; PE-HTS1-0026; PE-HTS1-0027; PE-HTS1-0028; PE-HTS1-0032; PE-HTS1-0034; PE-HTS1-0036; PE-HTS1-0038; PE-HTS1-0039; PE-HTS1-0041; PE-HTS1-0045; PE-HTS1-0052; PE-HTS1-0054; PE-HTS1-0056; PE-HTS1-0058; PE-HTS1-0059; PE-HTS1-0077; PE-HTS1-0086; PE-HTS1-0087; PE-EGE1-0032; PE-GMMP1-0037; PE-GMMP1-0038; PE-GMMP1-0047; PE-BIAOBF1-0002; PE-BIAOBF1-0008; PE-BIAOBF1-0012; PE-BIAOBF1-0014; PE-BIAOBF1-0015; PE-BIAOBF1-0020; PE-BIAOBF1-0022; PE-BIAOBF1-0024; PE-BIAOBF1-0026; PE-BIAOBF1-0028; PE-BIAOBF1-0032; PE-BIAOBF1-0039; PE-BIAOBF1-0041; PE-BIAOBF1-0044; PE-BIAOBF1-0045; PE-BIAOBF1-0047; PE-BIAOBF1-0050; PE-BIAOBF1-0052; PE-BIAOBF1-0054; PE-BIAOBF1-0056; PE-BIAOBF1-0058; PE-BIAOBF1-0059; PE-BIAOBF1-0063; PE-BIAOBF1-0068; PE-BIAOBF1-0075; PE-BIAOBF1-0079; PE-RABFE2-0004; PE-RABFE2-0006; PE-RABFE2-0008; PE-RABFE2-0010; PE-RABFE2-0012; PE-RABFE2-0016; PE-RABFE2-0020; PE-RABFE2-0032; PE-RABFE2-0038
Aen,example_sense_unassigned,72 of 72 direct examples,PE-DR2-0015; PE-V3-0076; PE-V4-0077; PE-GCI1-0011; PE-DR1-0002; PE-DR2-0003; PE-DR2-0006; PE-ER2-0019; PE-ER2-0025; PE-ER2-0070; PE-ER2-0077; PE-SP2C-0023; PE-SP2C-0024; PE-SP2C-0057; PE-SP2C-0058; PE-SP2C-0059; PE-SP2C-0060; PE-SP2C-0061; PE-SP2C-0062; PE-SP2C-0063; PE-V2-0045; PE-V2-0047; PE-V3-0004; PE-V3-0022; PE-V3-0035; PE-V3-0045; PE-V3-0071; PE-V3-0107; PE-V3-0116; PE-V3-0122; PE-V3-0146; PE-V4-0001; PE-V4-0007; PE-V4-0013; PE-V4-0026; PE-V4-0074; PE-V4-0076; PE-V4-0097; PE-V4-0101; PE-S4B-0004; PE-NE1-0023; PE-CNE1-0028; PE-CNE1-0055; PE-CNE1-0056; PE-CNE1-0058; PE-CNE1-0064; PE-CNE1-0077; PE-CNE1-0078; PE-PFM1-0030; PE-GCI1-0008; PE-GCI1-0036; PE-GCI1-0050; PE-SBD1-0001; PE-SBD1-0014; PE-RC1-0022; PE-RC1-0032; PE-RC1-0036; PE-PSAC1-0029; PE-PSAC1-0031; PE-HTS1-0005; PE-HTS1-0011; PE-HTS1-0048; PE-HTS1-0049; PE-HTS1-0072; PE-HTS1-0084; PE-EGE1-0022; PE-ICAES1-0001; PE-SAC1-0028; PE-HLPS1-0009; PE-HLPS1-0015; PE-HLPS1-0025; PE-UHEI1-0039
Aenor,example_sense_unassigned,2 of 2 direct examples,PE-V3-0128; PE-V4-0087
An,example_sense_unassigned,875 of 875 direct examples,PE-V1-0001; PE-V1-0010; PE-V1-0027; PE-V2-0007; PE-V2-0028; PE-V2-0042; PE-V2-0078; PE-V2-0085; PE-V2-0093; PE-V2-0098; PE-V2-0109; PE-V2-0110; PE-V2-0112; PE-V2-0118; PE-V3-0028; PE-V3-0041; PE-V3-0061; PE-V3-0078; PE-V3-0087; PE-V3-0088; PE-V3-0091; PE-V3-0095; PE-V3-0099; PE-V3-0125; PE-V3-0128; PE-V3-0141; PE-V3-0145; PE-V4-0016; PE-V4-0053; PE-V4-0061; PE-V4-0062; PE-V4-0066; PE-ER2-0005; PE-S3-0011; PE-S3-0014; PE-S4A-0001; PE-NE1-0034; PE-NE1-0043; PE-NE1-0063; PE-DSL1-0004; PE-FAP1-0023; PE-BSPI1-0020; PE-SCP1-0001; PE-EGE1-0006; PE-EGE1-0013; PE-EGE1-0018; PE-EGE1-0058; PE-EGE1-0059; PE-EGE1-0062; PE-DR1-0001; PE-DR1-0003; PE-DR1-0004; PE-DR1-0005; PE-DR2-0001; PE-DR2-0002; PE-DR2-0004; PE-DR2-0006; PE-DR2-0007; PE-DR2-0011; PE-DR2-0014; PE-DR2-0016; PE-DR2-0017; PE-ER2-0006; PE-ER2-0007; PE-ER2-0008; PE-ER2-0009; PE-ER2-0010; PE-ER2-0013; PE-ER2-0014; PE-ER2-0016; PE-ER2-0018; PE-ER2-0021; PE-ER2-0022; PE-ER2-0024; PE-ER2-0030; PE-ER2-0031; PE-ER2-0032; PE-ER2-0033; PE-ER2-0034; PE-ER2-0037; PE-ER2-0038; PE-ER2-0039; PE-ER2-0040; PE-ER2-0041; PE-ER2-0042; PE-ER2-0043; PE-ER2-0044; PE-ER2-0045; PE-ER2-0046; PE-ER2-0047; PE-ER2-0048; PE-ER2-0049; PE-ER2-0050; PE-ER2-0051; PE-ER2-0052; PE-ER2-0053; PE-ER2-0054; PE-ER2-0055; PE-ER2-0057; PE-ER2-0058; PE-ER2-0059; PE-ER2-0060; PE-ER2-0061; PE-ER2-0062; PE-ER2-0063; PE-ER2-0064; PE-ER2-0065; PE-ER2-0066; PE-ER2-0067; PE-ER2-0068; PE-ER2-0069; PE-ER2-0070; PE-ER2-0071; PE-ER2-0072; PE-ER2-0074; PE-ER2-0075; PE-ER2-0077; PE-ER2-0078; PE-ER2-0079; PE-ER2-0080; PE-SP2-0002; PE-SP2-0004; PE-SP2-0005; PE-SP2C-0001; PE-SP2C-0011; PE-SP2C-0013; PE-SP2C-0017; PE-SP2C-0018; PE-SP2C-0019; PE-SP2C-0020; PE-SP2C-0021; PE-SP2C-0024; PE-SP2C-0026; PE-SP2C-0027; PE-SP2C-0028; PE-SP2C-0032; PE-SP2C-0039; PE-SP2C-0040; PE-SP2C-0041; PE-SP2C-0044; PE-SP2C-0045; PE-SP2C-0048; PE-SP2C-0049; PE-SP2C-0050; PE-SP2C-0051; PE-SP2C-0052; PE-SP2C-0053; PE-SP2C-0054; PE-SP2C-0055; PE-SP2C-0056; PE-SP2C-0064; PE-SP2C-0065; PE-SP2C-0066; PE-SP2C-0067; PE-SP2C-0068; PE-SP2C-0070; PE-V1-0012; PE-V1-0035; PE-V1-0036; PE-V1-0040; PE-V2-0001; PE-V2-0003; PE-V2-0006; PE-V2-0009; PE-V2-0013; PE-V2-0014; PE-V2-0015; PE-V2-0018; PE-V2-0020; PE-V2-0022; PE-V2-0025; PE-V2-0027; PE-V2-0029; PE-V2-0030; PE-V2-0033; PE-V2-0034; PE-V2-0037; PE-V2-0038; PE-V2-0041; PE-V2-0043; PE-V2-0048; PE-V2-0051; PE-V2-0052; PE-V2-0053; PE-V2-0056; PE-V2-0057; PE-V2-0059; PE-V2-0063; PE-V2-0065; PE-V2-0066; PE-V2-0067; PE-V2-0068; PE-V2-0069; PE-V2-0071; PE-V2-0072; PE-V2-0073; PE-V2-0074; PE-V2-0075; PE-V2-0080; PE-V2-0082; PE-V2-0083; PE-V2-0084; PE-V2-0086; PE-V2-0088; PE-V2-0090; PE-V2-0091; PE-V2-0096; PE-V2-0099; PE-V2-0100; PE-V2-0101; PE-V2-0103; PE-V2-0106; PE-V2-0108; PE-V2-0113; PE-V2-0114; PE-V3-0019; PE-V3-0023; PE-V3-0024; PE-V3-0029; PE-V3-0031; PE-V3-0033; PE-V3-0036; PE-V3-0038; PE-V3-0039; PE-V3-0040; PE-V3-0043; PE-V3-0046; PE-V3-0048; PE-V3-0050; PE-V3-0051; PE-V3-0057; PE-V3-0064; PE-V3-0069; PE-V3-0090; PE-V3-0093; PE-V3-0098; PE-V3-0100; PE-V3-0102; PE-V3-0103; PE-V3-0104; PE-V3-0148; PE-V4-0005; PE-V4-0006; PE-V4-0008; PE-V4-0009; PE-V4-0010; PE-V4-0011; PE-V4-0012; PE-V4-0013; PE-V4-0014; PE-V4-0015; PE-V4-0017; PE-V4-0024; PE-V4-0046; PE-V4-0054; PE-V4-0067; PE-V4-0069; PE-V4-0072; PE-V4-0075; PE-V4-0078; PE-V4-0079; PE-V4-0087; PE-V4-0089; PE-V4-0092; PE-V4-0094; PE-V4-0095; PE-V4-0096; PE-V4-0098; PE-V4-0100; PE-V4-0102; PE-V4-0103; PE-V4-0104; PE-V4-0105; PE-V4-0106; PE-V4-0108; PE-S4A-0004; PE-S4B-0003; PE-S4B-0009; PE-NE1-0001; PE-NE1-0002; PE-NE1-0003; PE-NE1-0006; PE-NE1-0007; PE-NE1-0009; PE-NE1-0016; PE-NE1-0017; PE-NE1-0018; PE-NE1-0020; PE-NE1-0021; PE-NE1-0028; PE-NE1-0031; PE-NE1-0036; PE-NE1-0044; PE-NE1-0045; PE-NE1-0047; PE-NE1-0048; PE-NE1-0051; PE-NE1-0054; PE-NE1-0057; PE-NE1-0058; PE-NE1-0062; PE-NE1-0064; PE-NE1-0067; PE-NE1-0069; PE-NE1-0072; PE-NE1-0075; PE-NE1-0077; PE-NE1-0078; PE-NE1-0079; PE-CNE1-0001; PE-CNE1-0002; PE-CNE1-0008; PE-CNE1-0030; PE-CNE1-0038; PE-CNE1-0041; PE-CNE1-0045; PE-CNE1-0048; PE-DSL1-0001; PE-DSL1-0002; PE-DSL1-0003; PE-DSL1-0007; PE-DSL1-0009; PE-DSL1-0011; PE-DSL1-0013; PE-DSL1-0015; PE-DSL1-0019; PE-DSL1-0029; PE-DSL1-0039; PE-DSL1-0040; PE-DSL1-0058; PE-DSL1-0077; PE-DSL1-0079; PE-DSL1-0081; PE-DSL1-0088; PE-DSL1-0089; PE-PFM1-0003; PE-PFM1-0008; PE-PFM1-0012; PE-PFM1-0014; PE-PFM1-0015; PE-PFM1-0017; PE-PFM1-0019; PE-PFM1-0021; PE-PFM1-0024; PE-PFM1-0031; PE-PFM1-0035; PE-PFM1-0037; PE-PFM1-0041; PE-PFM1-0044; PE-PFM1-0049; PE-PFM1-0054; PE-PFM1-0056; PE-PFM1-0060; PE-PFM1-0061; PE-PFM1-0063; PE-PFM1-0065; PE-PFM1-0066; PE-PFM1-0067; PE-PFM1-0073; PE-FAP1-0004; PE-FAP1-0005; PE-FAP1-0012; PE-FAP1-0013; PE-FAP1-0015; PE-FAP1-0017; PE-FAP1-0019; PE-FAP1-0021; PE-FAP1-0025; PE-FAP1-0026; PE-FAP1-0027; PE-FAP1-0028; PE-FAP1-0029; PE-FAP1-0031; PE-FAP1-0034; PE-FAP1-0035; PE-FAP1-0042; PE-FAP1-0043; PE-FAP1-0044; PE-FAP1-0047; PE-FAP1-0051; PE-FAP1-0053; PE-FAP1-0054; PE-FAP1-0055; PE-FAP1-0056; PE-FAP1-0058; PE-FAP1-0059; PE-FAP1-0060; PE-FAP2-0001; PE-FAP2-0003; PE-FAP2-0004; PE-FAP2-0007; PE-FAP2-0008; PE-FAP2-0009; PE-FAP2-0010; PE-FAP2-0011; PE-FAP2-0012; PE-FAP2-0014; PE-FAP2-0022; PE-FAP2-0042; PE-FAP2-0053; PE-FAP2-0054; PE-FAP2-0055; PE-FAP2-0056; PE-FAP2-0060; PE-FAP1-0061; PE-CWM1-0001; PE-CWM1-0006; PE-CWM1-0008; PE-CWM1-0010; PE-CWM1-0012; PE-CWM1-0014; PE-CWM1-0016; PE-CWM1-0018; PE-CWM1-0020; PE-CWM1-0021; PE-CWM1-0023; PE-CWM1-0030; PE-CWM1-0036; PE-CWM1-0037; PE-CWM1-0039; PE-CWM2-0006; PE-CWM2-0007; PE-CWM2-0013; PE-CWM2-0015; PE-CWM2-0017; PE-CWM2-0019; PE-CWM2-0023; PE-CWM2-0024; PE-CWM2-0025; PE-CWM2-0026; PE-CWM2-0028; PE-TM1-0001; PE-TM1-0002; PE-TM1-0006; PE-TM1-0009; PE-TM1-0011; PE-TM1-0012; PE-TM1-0014; PE-TM1-0015; PE-TM1-0016; PE-TM1-0018; PE-TM1-0020; PE-TM1-0021; PE-TM1-0023; PE-TM1-0025; PE-TM1-0027; PE-TM1-0029; PE-TM1-0030; PE-TM1-0031; PE-TM1-0032; PE-TM1-0033; PE-TM1-0034; PE-TM1-0038; PE-TM1-0040; PE-TM1-0043; PE-TM1-0044; PE-TM1-0046; PE-TM1-0048; PE-TM1-0051; PE-TM1-0053; PE-TM1-0056; PE-TM1-0057; PE-TM1-0061; PE-TM1-0065; PE-TM1-0070; PE-TM1-0071; PE-TM1-0073; PE-TM1-0075; PE-TM1-0076; PE-TM1-0078; PE-TM1-0079; PE-TVO1-0001; PE-TVO1-0003; PE-TVO1-0007; PE-TVO1-0012; PE-TVO1-0016; PE-TVO1-0018; PE-TVO1-0019; PE-TVO1-0022; PE-TVO1-0025; PE-TVO1-0029; PE-TVO1-0038; PE-TVO1-0045; PE-TVO1-0046; PE-TVO1-0047; PE-TVO1-0048; PE-TVO1-0050; PE-TVO1-0052; PE-TVO1-0054; PE-TVO1-0056; PE-TVO1-0059; PE-TVO1-0060; PE-TVO1-0062; PE-TVO1-0066; PE-TVO1-0069; PE-TVO1-0070; PE-BSPI1-0001; PE-BSPI1-0007; PE-BSPI1-0009; PE-BSPI1-0013; PE-BSPI1-0018; PE-BSPI1-0019; PE-BSPI1-0021; PE-BSPI1-0022; PE-BSPI1-0023; PE-BSPI1-0024; PE-BSPI1-0025; PE-BSPI1-0026; PE-BSPI1-0027; PE-BSPI1-0028; PE-BSPI1-0030; PE-BSPI1-0031; PE-BSPI1-0032; PE-BSPI1-0033; PE-BSPI1-0034; PE-BSPI1-0035; PE-BSPI1-0036; PE-BSPI1-0037; PE-BSPI1-0038; PE-BSPI1-0039; PE-BSPI1-0040; PE-BSPI1-0041; PE-BSPI1-0042; PE-BSPI1-0045; PE-BSPI1-0048; PE-BSPI1-0050; PE-BSPI1-0053; PE-BSPI1-0054; PE-BSPI1-0055; PE-BSPI1-0056; PE-BSPI1-0059; PE-BSPI1-0060; PE-BSPI1-0061; PE-BSPI1-0063; PE-BSPI1-0064; PE-BSPI1-0065; PE-BSPI1-0066; PE-BSPI1-0067; PE-BSPI1-0071; PE-BSPI1-0072; PE-BSPI1-0076; PE-BSPI1-0078; PE-BSPI1-0079; PE-LPC1-0001; PE-LPC1-0002; PE-GCI1-0003; PE-GCI1-0007; PE-GCI1-0009; PE-GCI1-0010; PE-GCI1-0015; PE-GCI1-0017; PE-GCI1-0018; PE-GCI1-0019; PE-GCI1-0021; PE-GCI1-0025; PE-GCI1-0026; PE-GCI1-0027; PE-GCI1-0029; PE-GCI1-0030; PE-GCI1-0031; PE-GCI1-0032; PE-GCI1-0033; PE-GCI1-0034; PE-GCI1-0035; PE-GCI1-0037; PE-GCI1-0038; PE-GCI1-0040; PE-GCI1-0041; PE-GCI1-0042; PE-GCI1-0043; PE-GCI1-0044; PE-GCI1-0045; PE-GCI1-0048; PE-GCI1-0049; PE-WRT1-0012; PE-WRT1-0013; PE-WRT1-0014; PE-WRT1-0015; PE-WRT1-0021; PE-WRT1-0027; PE-WRT1-0028; PE-DW1-0001; PE-DW1-0002; PE-DW1-0005; PE-DW1-0006; PE-DW1-0007; PE-DW1-0009; PE-DW1-0014; PE-DW1-0015; PE-DW1-0017; PE-OC1-0002; PE-OC1-0005; PE-OC1-0008; PE-OC1-0014; PE-OC1-0023; PE-OC1-0027; PE-SBD1-0010; PE-SBD1-0012; PE-SBD1-0015; PE-SBD1-0018; PE-SCP1-0002; PE-SCP1-0003; PE-SCP1-0004; PE-SCP1-0006; PE-SCP1-0007; PE-SCP1-0008; PE-SCP1-0011; PE-SCP1-0013; PE-SCP1-0014; PE-SCP1-0015; PE-SCP1-0016; PE-RC1-0002; PE-RC1-0005; PE-RC1-0008; PE-RC1-0011; PE-RC1-0015; PE-RC1-0017; PE-RC1-0025; PE-RC1-0026; PE-RC1-0037; PE-RC1-0038; PE-RC1-0039; PE-RC1-0040; PE-RC1-0041; PE-RC1-0042; PE-RC1-0043; PE-PSAC1-0001; PE-PSAC1-0003; PE-PSAC1-0006; PE-PSAC1-0011; PE-PSAC1-0013; PE-PSAC1-0016; PE-PSAC1-0017; PE-PSAC1-0024; PE-PSAC1-0031; PE-PSAC1-0032; PE-PSAC1-0034; PE-PSAC1-0037; PE-PSAC1-0041; PE-PSAC1-0045; PE-PSAC1-0047; PE-PSAC1-0051; PE-HTS1-0001; PE-HTS1-0002; PE-HTS1-0014; PE-HTS1-0017; PE-HTS1-0019; PE-HTS1-0020; PE-HTS1-0026; PE-HTS1-0028; PE-HTS1-0029; PE-HTS1-0030; PE-HTS1-0031; PE-HTS1-0033; PE-HTS1-0038; PE-HTS1-0039; PE-HTS1-0041; PE-HTS1-0045; PE-HTS1-0046; PE-HTS1-0047; PE-HTS1-0048; PE-HTS1-0049; PE-HTS1-0050; PE-HTS1-0051; PE-HTS1-0053; PE-HTS1-0055; PE-HTS1-0057; PE-HTS1-0058; PE-HTS1-0060; PE-HTS1-0062; PE-HTS1-0065; PE-HTS1-0067; PE-HTS1-0068; PE-HTS1-0071; PE-HTS1-0072; PE-HTS1-0076; PE-HTS1-0077; PE-HTS1-0078; PE-HTS1-0084; PE-HTS1-0085; PE-HTS1-0086; PE-EGE1-0003; PE-EGE1-0005; PE-EGE1-0029; PE-EGE1-0030; PE-EGE1-0032; PE-EGE1-0034; PE-EGE1-0039; PE-EGE1-0040; PE-EGE1-0042; PE-EGE1-0043; PE-EGE1-0047; PE-EGE1-0050; PE-EGE1-0053; PE-EGE1-0056; PE-EGE1-0057; PE-EGE1-0060; PE-EGE1-0061; PE-EGE1-0064; PE-EGE1-0065; PE-EGE1-0066; PE-EGE1-0067; PE-EGE1-0068; PE-EGE1-0069; PE-EGE1-0070; PE-ICAES1-0002; PE-ICAES1-0003; PE-ICAES1-0004; PE-ICAES1-0006; PE-ICAES1-0008; PE-ICAES1-0013; PE-ICAES1-0016; PE-ICAES1-0022; PE-ICAES1-0025; PE-ICAES1-0030; PE-ICAES1-0031; PE-ICAES1-0032; PE-ICAES1-0036; PE-ICAES1-0037; PE-ICAES1-0038; PE-ICAES1-0039; PE-ICAES1-0041; PE-ICAES1-0044; PE-ICAES1-0045; PE-ICAES1-0047; PE-ICAES1-0056; PE-ICAES1-0057; PE-SAC1-0002; PE-SAC1-0003; PE-SAC1-0006; PE-SAC1-0007; PE-SAC1-0010; PE-SAC1-0011; PE-SAC1-0012; PE-SAC1-0014; PE-SAC1-0015; PE-SAC1-0016; PE-SAC1-0017; PE-SAC1-0018; PE-SAC1-0021; PE-SAC1-0022; PE-SAC1-0026; PE-SAC1-0027; PE-SAC1-0028; PE-SAC1-0029; PE-SAC1-0030; PE-SAC1-0031; PE-SAC1-0033; PE-SAC1-0034; PE-SAC1-0035; PE-SAC1-0036; PE-SAC1-0037; PE-SAC1-0038; PE-SAC1-0039; PE-SAC1-0040; PE-SAC1-0041; PE-SAC1-0042; PE-SAC1-0043; PE-SAC1-0048; PE-SAC1-0049; PE-SAC1-0050; PE-SAC1-0051; PE-SAC1-0052; PE-SAC1-0053; PE-SAC1-0055; PE-GMMP1-0001; PE-GMMP1-0003; PE-GMMP1-0006; PE-GMMP1-0008; PE-GMMP1-0012; PE-GMMP1-0015; PE-GMMP1-0017; PE-GMMP1-0018; PE-GMMP1-0019; PE-GMMP1-0020; PE-GMMP1-0021; PE-GMMP1-0022; PE-GMMP1-0026; PE-GMMP1-0027; PE-GMMP1-0028; PE-GMMP1-0038; PE-GMMP1-0041; PE-GMMP1-0042; PE-GMMP1-0044; PE-GMMP1-0045; PE-GMMP1-0048; PE-GMMP1-0049; PE-GMMP1-0051; PE-GMMP1-0052; PE-GMMP1-0053; PE-SRD1-0005; PE-SRD1-0006; PE-SRD1-0007; PE-SRD1-0008; PE-SRD1-0013; PE-SRD1-0014; PE-HLPS1-0001; PE-HLPS1-0007; PE-HLPS1-0008; PE-HLPS1-0010; PE-HLPS1-0013; PE-HLPS1-0014; PE-HLPS1-0016; PE-HLPS1-0018; PE-HLPS1-0019; PE-HLPS1-0020; PE-HLPS1-0023; PE-HLPS1-0024; PE-HLPS1-0026; PE-UHEI1-0001; PE-UHEI1-0002; PE-UHEI1-0005; PE-UHEI1-0015; PE-UHEI1-0018; PE-UHEI1-0019; PE-UHEI1-0022; PE-UHEI1-0030; PE-UHEI1-0031; PE-UHEI1-0034; PE-UHEI1-0036; PE-BIAOBF1-0001; PE-BIAOBF1-0002; PE-BIAOBF1-0003; PE-BIAOBF1-0004; PE-BIAOBF1-0005; PE-BIAOBF1-0007; PE-BIAOBF1-0009; PE-BIAOBF1-0010; PE-BIAOBF1-0011; PE-BIAOBF1-0013; PE-BIAOBF1-0015; PE-BIAOBF1-0016; PE-BIAOBF1-0017; PE-BIAOBF1-0019; PE-BIAOBF1-0021; PE-BIAOBF1-0022; PE-BIAOBF1-0023; PE-BIAOBF1-0025; PE-BIAOBF1-0026; PE-BIAOBF1-0028; PE-BIAOBF1-0030; PE-BIAOBF1-0031; PE-BIAOBF1-0033; PE-BIAOBF1-0036; PE-BIAOBF1-0037; PE-BIAOBF1-0040; PE-BIAOBF1-0041; PE-BIAOBF1-0042; PE-BIAOBF1-0048; PE-BIAOBF1-0049; PE-BIAOBF1-0051; PE-BIAOBF1-0055; PE-BIAOBF1-0057; PE-BIAOBF1-0066; PE-BIAOBF1-0067; PE-BIAOBF1-0070; PE-BIAOBF1-0076; PE-BIAOBF1-0080; PE-RABFE2-0002; PE-RABFE2-0003; PE-RABFE2-0005; PE-RABFE2-0007; PE-RABFE2-0009; PE-RABFE2-0011; PE-RABFE2-0014; PE-RABFE2-0015; PE-RABFE2-0018; PE-RABFE2-0019; PE-RABFE2-0022; PE-RABFE2-0031; PE-RABFE2-0035; PE-RABFE2-0037; PE-RABFE2-0038; PE-SIP1-0008; PE-SIP1-0011
Anvekaen,example_sense_unassigned,9 of 9 direct examples,PE-TVO1-0041; PE-TVO1-0042; PE-SCP1-0003; PE-SCP1-0004; PE-TVO1-0015; PE-TVO1-0024; PE-TVO1-0026; PE-TVO1-0063; PE-BSPI1-0059
Belshara,example_sense_unassigned,5 of 5 direct examples,PE-ER2-0012; PE-V4-0002; PE-V4-0072; PE-V4-0098; PE-UHEI1-0015
Bren,example_sense_unassigned,8 of 8 direct examples,PE-ER2-0052; PE-ER2-0053; PE-FAP1-0002; PE-FAP1-0018; PE-FAP1-0033; PE-FAP1-0048; PE-FAP1-0050; PE-FAP1-0052
Dral,example_sense_unassigned,5 of 5 direct examples,PE-V3-0064; PE-V3-0081; PE-V3-0082; PE-V3-0107; PE-BSPI1-0035
Dren,example_sense_unassigned,238 of 238 direct examples,PE-EGE1-0018; PE-V1-0001; PE-V1-0011; PE-V1-0027; PE-V1-0037; PE-V1-0038; PE-V2-0002; PE-V2-0007; PE-V2-0028; PE-V2-0085; PE-V2-0093; PE-V2-0098; PE-V2-0109; PE-V2-0110; PE-V2-0111; PE-V2-0117; PE-V2-0118; PE-ER2-0027; PE-V3-0028; PE-V3-0041; PE-V3-0087; PE-V3-0088; PE-V3-0091; PE-V3-0095; PE-V3-0099; PE-V3-0125; PE-DSL1-0004; PE-EGE1-0006; PE-EGE1-0011; PE-DR1-0001; PE-DR1-0004; PE-DR1-0005; PE-DR1-0006; PE-ER2-0005; PE-ER2-0014; PE-ER2-0060; PE-ER2-0072; PE-ER2-0078; PE-SP2C-0069; PE-V1-0003; PE-V1-0015; PE-V1-0018; PE-V1-0019; PE-V1-0020; PE-V1-0021; PE-V1-0022; PE-V1-0023; PE-V1-0024; PE-V1-0028; PE-V1-0029; PE-V1-0030; PE-V1-0031; PE-V1-0039; PE-V2-0001; PE-V2-0003; PE-V2-0004; PE-V2-0005; PE-V2-0006; PE-V2-0008; PE-V2-0009; PE-V2-0010; PE-V2-0011; PE-V2-0012; PE-V2-0013; PE-V2-0014; PE-V2-0015; PE-V2-0017; PE-V2-0019; PE-V2-0020; PE-V2-0021; PE-V2-0022; PE-V2-0023; PE-V2-0024; PE-V2-0025; PE-V2-0026; PE-V2-0027; PE-V2-0029; PE-V2-0030; PE-V2-0031; PE-V2-0033; PE-V2-0034; PE-V2-0035; PE-V2-0052; PE-V2-0053; PE-V2-0054; PE-V2-0055; PE-V2-0056; PE-V2-0057; PE-V2-0058; PE-V2-0059; PE-V2-0060; PE-V2-0062; PE-V2-0063; PE-V2-0064; PE-V2-0065; PE-V2-0066; PE-V2-0067; PE-V2-0068; PE-V2-0069; PE-V2-0070; PE-V2-0071; PE-V2-0072; PE-V2-0073; PE-V2-0074; PE-V2-0075; PE-V2-0076; PE-V2-0077; PE-V2-0079; PE-V2-0080; PE-V2-0081; PE-V2-0082; PE-V2-0083; PE-V2-0084; PE-V2-0086; PE-V2-0087; PE-V2-0088; PE-V2-0089; PE-V2-0090; PE-V2-0091; PE-V2-0092; PE-V2-0094; PE-V2-0095; PE-V2-0096; PE-V2-0097; PE-V2-0099; PE-V2-0100; PE-V2-0101; PE-V2-0102; PE-V2-0103; PE-V2-0104; PE-V2-0105; PE-V2-0106; PE-V2-0107; PE-V2-0108; PE-V2-0113; PE-V2-0114; PE-V2-0115; PE-V2-0116; PE-V2-0119; PE-V2-0120; PE-V2-0121; PE-V2-0126; PE-V2-0128; PE-V3-0001; PE-V3-0002; PE-V3-0003; PE-V3-0007; PE-V3-0008; PE-V3-0011; PE-V3-0013; PE-V3-0015; PE-V3-0017; PE-V3-0018; PE-V3-0019; PE-V3-0020; PE-V3-0022; PE-V3-0023; PE-V3-0024; PE-V3-0025; PE-V3-0027; PE-V3-0029; PE-V3-0031; PE-V3-0032; PE-V3-0033; PE-V3-0034; PE-V3-0036; PE-V3-0037; PE-V3-0038; PE-V3-0039; PE-V3-0042; PE-V3-0043; PE-V3-0044; PE-V3-0046; PE-V3-0047; PE-V3-0048; PE-V3-0049; PE-V3-0050; PE-V3-0051; PE-V3-0056; PE-V3-0074; PE-V3-0075; PE-V3-0084; PE-V3-0090; PE-V3-0093; PE-V3-0097; PE-V3-0098; PE-V3-0101; PE-V3-0102; PE-V3-0103; PE-V3-0108; PE-V3-0112; PE-V3-0115; PE-V3-0119; PE-V3-0122; PE-V3-0123; PE-V3-0124; PE-V3-0127; PE-V3-0129; PE-V3-0130; PE-V3-0132; PE-V3-0135; PE-V3-0137; PE-V3-0142; PE-V3-0144; PE-V3-0146; PE-V3-0147; PE-V3-0151; PE-V3-0218; PE-V4-0028; PE-V4-0082; PE-V4-0083; PE-V4-0094; PE-V4-0100; PE-CNE1-0043; PE-DSL1-0045; PE-DSL1-0046; PE-FAP1-0026; PE-FAP2-0007; PE-FAP2-0021; PE-FAP2-0037; PE-FAP2-0056; PE-CWM2-0027; PE-TM1-0023; PE-TM1-0025; PE-TM1-0057; PE-TM1-0063; PE-GCI1-0027; PE-GCI1-0029; PE-SBD1-0015; PE-SCP1-0015; PE-HTS1-0058; PE-EGE1-0015; PE-EGE1-0061; PE-EGE1-0068; PE-SAC1-0041; PE-SAC1-0042; PE-BIAOBF1-0038; PE-SIP1-0004
Drenkorath,example_sense_unassigned,2 of 2 direct examples,PE-V3-0099; PE-V4-0106
Em,example_sense_unassigned,2 of 2 direct examples,PE-DR2-0005; PE-V3-0020
Esh,example_sense_unassigned,37 of 37 direct examples,PE-EGE1-0058; PE-V1-0037; PE-V2-0117; PE-ER2-0056; PE-V4-0006; PE-V4-0020; PE-V4-0048; PE-NE1-0042; PE-FAP1-0049; PE-FAP2-0041; PE-CWM2-0008; PE-TM1-0064; PE-TVO1-0021; PE-TVO1-0023; PE-TVO1-0027; PE-TVO1-0039; PE-BSPI1-0005; PE-BSPI1-0010; PE-BSPI1-0029; PE-BSPI1-0044; PE-BSPI1-0047; PE-BSPI1-0070; PE-BSPI1-0073; PE-LPC1-0001; PE-LPC1-0002; PE-EGE1-0001; PE-EGE1-0008; PE-EGE1-0009; PE-EGE1-0021; PE-EGE1-0030; PE-EGE1-0036; PE-EGE1-0060; PE-SAC1-0013; PE-SAC1-0022; PE-SAC1-0023; PE-GMMP1-0031; PE-GMMP1-0032
Eshvelaneth,example_sense_unassigned,2 of 2 direct examples,PE-V2-0122; PE-V3-0098
Fah,example_sense_unassigned,4 of 4 direct examples,PE-V3-0060; PE-V3-0063; PE-V3-0073; PE-V4-0025
Felorin,example_sense_unassigned,3 of 3 direct examples,PE-V2-0062; PE-V2-0084; PE-V2-0073
Ilin,example_sense_unassigned,33 of 33 direct examples,PE-S4A-0005; PE-ER2-0012; PE-V2-0044; PE-V4-0058; PE-V4-0062; PE-V4-0080; PE-ER2-0011; PE-ER2-0013; PE-ER2-0042; PE-ER2-0044; PE-ER2-0045; PE-ER2-0068; PE-ER2-0070; PE-ER2-0075; PE-V1-0005; PE-V2-0050; PE-V3-0054; PE-V3-0057; PE-V3-0064; PE-V4-0014; PE-V4-0025; PE-V4-0070; PE-V4-0072; PE-V4-0079; PE-NE1-0001; PE-NE1-0046; PE-NE1-0049; PE-NE1-0061; PE-CNE1-0047; PE-PSAC1-0048; PE-PSAC1-0049; PE-HTS1-0070; PE-UHEI1-0006
Im,example_sense_unassigned,2 of 2 direct examples,PE-V3-0119; PE-V3-0140
Jor,example_sense_unassigned,13 of 16 direct examples,PE-ER2-0037; PE-ER2-0038; PE-EGE1-0045; PE-EGE1-0059; PE-EGE1-0062; PE-EGE1-0063; PE-EGE1-0025; PE-EGE1-0027; PE-GMMP1-0046; PE-GMMP1-0048; PE-GMMP1-0050; PE-GMMP1-0051; PE-UHEI1-0027
Jorvak,example_sense_unassigned,3 of 3 direct examples,PE-V2-0019; PE-V2-0057; PE-V2-0072
Jorvar,example_sense_unassigned,2 of 2 direct examples,PE-TVO1-0049; PE-TVO1-0050
Ka,example_sense_unassigned,32 of 32 direct examples,PE-V1-0034; PE-V4-0045; PE-ER2-0025; PE-V2-0078; PE-V3-0128; PE-DW1-0013; PE-ER2-0071; PE-ER2-0072; PE-V1-0043; PE-V3-0012; PE-V3-0075; PE-V3-0084; PE-V3-0119; PE-V3-0123; PE-V3-0130; PE-V4-0009; PE-V4-0010; PE-V4-0011; PE-V4-0102; PE-V4-0105; PE-FAP2-0013; PE-TM1-0005; PE-SBD1-0002; PE-SBD1-0010; PE-EGE1-0041; PE-EGE1-0048; PE-UHEI1-0015; PE-UHEI1-0017; PE-UHEI1-0037; PE-UHEI1-0042; PE-RABFE2-0023; PE-RABFE2-0026
Kal,example_sense_unassigned,55 of 55 direct examples,PE-V2-0002; PE-V2-0085; PE-V2-0098; PE-V2-0110; PE-V3-0078; PE-ER2-0074; PE-ER2-0075; PE-V1-0015; PE-V2-0008; PE-V2-0012; PE-V2-0017; PE-V2-0019; PE-V2-0026; PE-V2-0030; PE-V2-0035; PE-V2-0053; PE-V2-0055; PE-V2-0058; PE-V2-0060; PE-V2-0064; PE-V2-0070; PE-V2-0074; PE-V2-0076; PE-V2-0077; PE-V2-0087; PE-V2-0089; PE-V2-0092; PE-V2-0095; PE-V2-0097; PE-V2-0104; PE-V2-0105; PE-V2-0107; PE-V2-0114; PE-V2-0119; PE-V2-0122; PE-V2-0124; PE-V2-0128; PE-V2-0131; PE-V3-0072; PE-V3-0083; PE-V3-0085; PE-V3-0086; PE-V3-0093; PE-V3-0100; PE-V3-0102; PE-V3-0111; PE-V3-0132; PE-V3-0137; PE-V3-0148; PE-FAP1-0001; PE-TM1-0080; PE-DW1-0015; PE-SAC1-0002; PE-GMMP1-0010; PE-GMMP1-0011
Kaleth,example_sense_unassigned,25 of 25 direct examples,PE-SP2-0004; PE-V1-0006; PE-V3-0141; PE-DR2-0013; PE-ER2-0029; PE-ER2-0065; PE-V2-0038; PE-V4-0010; PE-V4-0015; PE-V4-0033; PE-V4-0085; PE-NE1-0012; PE-NE1-0013; PE-NE1-0024; PE-DSL1-0085; PE-PFM1-0058; PE-PFM1-0071; PE-CWM2-0001; PE-CWM2-0006; PE-CWM2-0009; PE-TM1-0003; PE-TVO1-0012; PE-TVO1-0047; PE-TVO1-0054; PE-OC1-0008
Kalor,example_sense_unassigned,2 of 2 direct examples,PE-V3-0078; PE-V3-0110
Kar,example_sense_unassigned,3 of 3 direct examples,PE-V3-0119; PE-EGE1-0016; PE-EGE1-0027
Kel,example_sense_unassigned,19 of 19 direct examples,PE-SCP1-0001; PE-PFM1-0001; PE-SCP1-0002; PE-V4-0108; PE-BSPI1-0031; PE-BSPI1-0038; PE-SCP1-0007; PE-SCP1-0010; PE-SAC1-0026; PE-SAC1-0028; PE-SAC1-0029; PE-SAC1-0048; PE-HLPS1-0008; PE-HLPS1-0014; PE-UHEI1-0001; PE-UHEI1-0005; PE-UHEI1-0011; PE-UHEI1-0030; PE-UHEI1-0032
Keldoraen,example_sense_unassigned,10 of 10 direct examples,PE-PFM1-0055; PE-PFM1-0076; PE-SCP1-0007; PE-SCP1-0008; PE-PFM1-0046; PE-PFM1-0074; PE-TM1-0038; PE-GCI1-0047; PE-OC1-0010; PE-SAC1-0012
Kor,example_sense_unassigned,2 of 2 direct examples,PE-SRD1-0005; PE-SRD1-0006
Krez,example_sense_unassigned,9 of 9 direct examples,PE-V3-0079; PE-V4-0094; PE-CNE1-0051; PE-DSL1-0066; PE-FAP1-0040; PE-FAP2-0041; PE-TM1-0047; PE-GMMP1-0029; PE-GMMP1-0030
Krezor,example_sense_unassigned,12 of 12 direct examples,PE-V4-0023; PE-V4-0055; PE-DR1-0004; PE-DR1-0005; PE-ER2-0045; PE-CNE1-0019; PE-CNE1-0021; PE-CNE1-0047; PE-CNE1-0065; PE-TM1-0020; PE-PSAC1-0032; PE-HTS1-0070
Lian,example_sense_unassigned,17 of 17 direct examples,PE-V3-0076; PE-S3-0004; PE-DR1-0002; PE-DR2-0003; PE-ER2-0019; PE-V2-0045; PE-V3-0004; PE-V3-0067; PE-V3-0089; PE-V3-0096; PE-V3-0103; PE-V3-0107; PE-V3-0116; PE-V3-0134; PE-V3-0146; PE-V4-0096; PE-V4-0107
Lianeth,example_sense_unassigned,3 of 3 direct examples,PE-V4-0001; PE-NE1-0074; PE-SRD1-0010
Lianor,example_sense_unassigned,5 of 5 direct examples,PE-DR2-0014; PE-V4-0074; PE-V3-0058; PE-V4-0034; PE-SCP1-0011
Lianrethshen,example_sense_unassigned,2 of 2 direct examples,PE-PFM1-0071; PE-PFM1-0072
Lorin,example_sense_unassigned,44 of 44 direct examples,PE-ER2-0012; PE-V4-0080; PE-ER2-0026; PE-ER2-0035; PE-ER2-0076; PE-V3-0074; PE-V3-0083; PE-V3-0106; PE-V4-0095; PE-V4-0105; PE-V4-0108; PE-NE1-0011; PE-NE1-0019; PE-NE1-0025; PE-NE1-0027; PE-NE1-0061; PE-NE1-0068; PE-NE1-0071; PE-NE1-0073; PE-CNE1-0028; PE-CNE1-0056; PE-FAP1-0002; PE-FAP2-0016; PE-TM1-0035; PE-TM1-0037; PE-BSPI1-0040; PE-GCI1-0004; PE-GCI1-0013; PE-GCI1-0022; PE-WRT1-0001; PE-WRT1-0011; PE-WRT1-0017; PE-OC1-0004; PE-RC1-0023; PE-PSAC1-0014; PE-EGE1-0010; PE-EGE1-0020; PE-EGE1-0031; PE-EGE1-0042; PE-EGE1-0046; PE-EGE1-0050; PE-EGE1-0053; PE-ICAES1-0015; PE-ICAES1-0017
Lumor,example_sense_unassigned,1 of 1 direct examples,PE-V3-0135
Lun,example_sense_unassigned,9 of 9 direct examples,PE-ER2-0042; PE-LPC1-0001; PE-LPC1-0002; PE-FAP1-0025; PE-FAP1-0027; PE-SAC1-0010; PE-SAC1-0014; PE-SAC1-0017; PE-SAC1-0054
Morl,example_sense_unassigned,52 of 52 direct examples,PE-V1-0038; PE-V2-0085; PE-V2-0093; PE-V2-0098; PE-V2-0111; PE-V2-0112; PE-V2-0118; PE-V4-0066; PE-S4A-0001; PE-FAP1-0023; PE-ER2-0036; PE-ER2-0059; PE-ER2-0063; PE-ER2-0073; PE-V1-0015; PE-V2-0005; PE-V2-0016; PE-V2-0039; PE-V2-0056; PE-V2-0075; PE-V2-0081; PE-V2-0115; PE-V2-0116; PE-V2-0121; PE-V2-0122; PE-V3-0034; PE-V3-0044; PE-V3-0074; PE-V3-0082; PE-V3-0083; PE-V3-0085; PE-V3-0092; PE-V3-0147; PE-V3-0151; PE-NE1-0051; PE-FAP1-0013; PE-FAP1-0021; PE-FAP1-0061; PE-CWM1-0010; PE-TVO1-0023; PE-TVO1-0027; PE-TVO1-0039; PE-BSPI1-0015; PE-BSPI1-0036; PE-BSPI1-0072; PE-WRT1-0017; PE-OC1-0009; PE-HTS1-0067; PE-EGE1-0002; PE-EGE1-0027; PE-EGE1-0033; PE-EGE1-0040
Morldren,example_sense_unassigned,1 of 1 direct examples,PE-V3-0027
Njor,example_sense_unassigned,8 of 8 direct examples,PE-BSPI1-0043; PE-BSPI1-0044; PE-SCP1-0009; PE-SCP1-0010; PE-OC1-0009; PE-OC1-0020; PE-RC1-0018; PE-HTS1-0082
Nor,example_sense_unassigned,90 of 90 direct examples,PE-UHEI1-0035; PE-ER2-0026; PE-V1-0013; PE-V2-0007; PE-V3-0128; PE-SBD1-0003; PE-EGE1-0045; PE-SP2C-0068; PE-V1-0016; PE-V2-0045; PE-V2-0120; PE-V3-0004; PE-V3-0005; PE-V3-0013; PE-V3-0062; PE-V3-0063; PE-V3-0067; PE-V3-0072; PE-V3-0086; PE-V3-0089; PE-V3-0096; PE-V3-0101; PE-V3-0105; PE-V3-0114; PE-V3-0123; PE-V3-0124; PE-V3-0133; PE-V3-0136; PE-V3-0138; PE-V3-0146; PE-V3-0151; PE-V3-0218; PE-NE1-0012; PE-NE1-0050; PE-FAP1-0062; PE-OC1-0002; PE-OC1-0008; PE-OC1-0021; PE-OC1-0026; PE-SBD1-0004; PE-SBD1-0007; PE-SBD1-0013; PE-SCP1-0010; PE-RC1-0004; PE-RC1-0014; PE-PSAC1-0019; PE-PSAC1-0026; PE-PSAC1-0036; PE-PSAC1-0048; PE-PSAC1-0052; PE-HTS1-0087; PE-EGE1-0022; PE-EGE1-0025; PE-EGE1-0048; PE-EGE1-0050; PE-EGE1-0070; PE-ICAES1-0028; PE-ICAES1-0029; PE-ICAES1-0043; PE-ICAES1-0046; PE-ICAES1-0051; PE-GMMP1-0046; PE-GMMP1-0051; PE-GMMP1-0053; PE-SRD1-0013; PE-UHEI1-0025; PE-UHEI1-0027; PE-UHEI1-0029; PE-UHEI1-0032; PE-UHEI1-0043; PE-UHEI1-0045; PE-BIAOBF1-0023; PE-BIAOBF1-0060; PE-BIAOBF1-0062; PE-BIAOBF1-0064; PE-BIAOBF1-0068; PE-BIAOBF1-0069; PE-BIAOBF1-0071; PE-BIAOBF1-0074; PE-BIAOBF1-0077; PE-BIAOBF1-0078; PE-BIAOBF1-0081; PE-BIAOBF1-0082; PE-BIAOBF1-0083; PE-BIAOBF1-0086; PE-RABFE2-0019; PE-RABFE2-0022; PE-RABFE2-0024; PE-RABFE2-0027; PE-RABFE2-0030
nor-ka,example_sense_unassigned,9 of 9 direct examples,PE-ER2-0071; PE-ER2-0072; PE-V2-0078; PE-V4-0009; PE-V4-0010; PE-V4-0011; PE-V4-0105; PE-SBD1-0010; PE-UHEI1-0015
Phelvin,example_sense_unassigned,10 of 10 direct examples,PE-V2-0013; PE-V2-0067; PE-V2-0076; PE-V4-0059; PE-V4-0083; PE-V4-0098; PE-V4-0104; PE-V4-0108; PE-DSL1-0058; PE-WRT1-0021
Pral,example_sense_unassigned,3 of 3 direct examples,PE-ER2-0033; PE-ER2-0034; PE-ICAES1-0050
Rath,example_sense_unassigned,11 of 11 direct examples,PE-V3-0028; PE-V1-0028; PE-V1-0029; PE-V1-0030; PE-V2-0037; PE-V3-0029; PE-V3-0066; PE-V3-0111; PE-EGE1-0064; PE-GMMP1-0042; PE-GMMP1-0043
Rathor,example_sense_unassigned,6 of 6 direct examples,PE-V3-0059; PE-V3-0141; PE-NE1-0063; PE-V3-0070; PE-V3-0072; PE-EGE1-0050
Reth,example_sense_unassigned,6 of 6 direct examples,PE-V3-0078; PE-V4-0083; PE-ICAES1-0057; PE-GMMP1-0026; PE-HLPS1-0002; PE-HLPS1-0004
Rethlian,example_sense_unassigned,3 of 3 direct examples,PE-V4-0003; PE-V3-0013; PE-V3-0020
Ruvan,example_sense_unassigned,4 of 4 direct examples,PE-FAP2-0053; PE-FAP2-0054; PE-SCP1-0013; PE-SCP1-0014
Sel,example_sense_unassigned,4 of 4 direct examples,PE-SCP1-0011; PE-SCP1-0012; PE-SCP1-0015; PE-SCP1-0016
Ser,example_sense_unassigned,285 of 285 direct examples,PE-V1-0002; PE-V1-0006; PE-V1-0011; PE-V2-0002; PE-V2-0044; PE-V2-0085; PE-V2-0093; PE-V2-0098; PE-V2-0111; PE-V2-0118; PE-V3-0041; PE-V3-0094; PE-V3-0118; PE-SP2-0003; PE-DR2-0015; PE-S4A-0005; PE-NE1-0034; PE-TM1-0041; PE-ICAES1-0042; PE-ICAES1-0052; PE-DR1-0003; PE-ER2-0011; PE-ER2-0015; PE-ER2-0016; PE-ER2-0025; PE-ER2-0028; PE-ER2-0077; PE-ER2-0078; PE-SP2-0001; PE-SP2C-0029; PE-SP2C-0042; PE-SP2C-0043; PE-SP2C-0057; PE-SP2C-0058; PE-SP2C-0059; PE-SP2C-0060; PE-SP2C-0061; PE-SP2C-0062; PE-SP2C-0063; PE-V4-0082; PE-V1-0007; PE-V1-0026; PE-V1-0028; PE-V1-0029; PE-V1-0030; PE-V1-0032; PE-V1-0042; PE-V2-0023; PE-V2-0034; PE-V2-0035; PE-V2-0036; PE-V2-0049; PE-V2-0072; PE-V2-0079; PE-V2-0086; PE-V2-0094; PE-V2-0102; PE-V2-0115; PE-V3-0001; PE-V3-0002; PE-V3-0008; PE-V3-0021; PE-V3-0023; PE-V3-0024; PE-V3-0030; PE-V3-0031; PE-V3-0034; PE-V3-0036; PE-V3-0037; PE-V3-0038; PE-V3-0039; PE-V3-0040; PE-V3-0042; PE-V3-0043; PE-V3-0044; PE-V3-0046; PE-V3-0047; PE-V3-0048; PE-V3-0049; PE-V3-0051; PE-V3-0054; PE-V3-0065; PE-V3-0066; PE-V3-0068; PE-V3-0070; PE-V3-0073; PE-V3-0077; PE-V3-0082; PE-V3-0083; PE-V3-0086; PE-V3-0097; PE-V3-0100; PE-V3-0104; PE-V3-0106; PE-V3-0108; PE-V3-0111; PE-V3-0115; PE-V3-0120; PE-V3-0122; PE-V3-0129; PE-V3-0133; PE-V3-0134; PE-V3-0135; PE-V3-0143; PE-V4-0093; PE-V4-0094; PE-V4-0095; PE-V4-0097; PE-V4-0099; PE-V4-0100; PE-V4-0101; PE-V4-0102; PE-V4-0103; PE-V4-0105; PE-V4-0107; PE-NE1-0010; PE-NE1-0023; PE-NE1-0039; PE-NE1-0046; PE-CNE1-0008; PE-CNE1-0010; PE-CNE1-0012; PE-CNE1-0015; PE-CNE1-0017; PE-CNE1-0036; PE-CNE1-0065; PE-CNE1-0066; PE-CNE1-0067; PE-CNE1-0069; PE-DSL1-0040; PE-DSL1-0058; PE-DSL1-0059; PE-DSL1-0062; PE-DSL1-0066; PE-DSL1-0076; PE-PFM1-0009; PE-PFM1-0026; PE-PFM1-0034; PE-PFM1-0037; PE-FAP1-0011; PE-FAP1-0037; PE-FAP1-0058; PE-FAP1-0059; PE-FAP2-0007; PE-FAP2-0018; PE-FAP2-0024; PE-FAP2-0028; PE-FAP2-0030; PE-FAP2-0034; PE-FAP2-0036; PE-FAP2-0040; PE-FAP2-0044; PE-FAP2-0047; PE-CWM1-0013; PE-CWM1-0015; PE-CWM2-0021; PE-CWM2-0022; PE-CWM2-0027; PE-TM1-0013; PE-TM1-0017; PE-TM1-0019; PE-TVO1-0012; PE-TVO1-0013; PE-TVO1-0022; PE-TVO1-0032; PE-TVO1-0064; PE-BSPI1-0030; PE-GCI1-0025; PE-GCI1-0043; PE-WRT1-0003; PE-WRT1-0004; PE-WRT1-0028; PE-OC1-0017; PE-OC1-0018; PE-OC1-0024; PE-SBD1-0016; PE-SCP1-0009; PE-SCP1-0010; PE-SCP1-0012; PE-RC1-0003; PE-RC1-0012; PE-RC1-0019; PE-RC1-0027; PE-RC1-0030; PE-RC1-0034; PE-RC1-0040; PE-RC1-0043; PE-RC1-0044; PE-PSAC1-0004; PE-PSAC1-0020; PE-PSAC1-0021; PE-PSAC1-0022; PE-PSAC1-0023; PE-PSAC1-0028; PE-PSAC1-0032; PE-HTS1-0004; PE-HTS1-0010; PE-HTS1-0016; PE-HTS1-0023; PE-HTS1-0040; PE-HTS1-0043; PE-HTS1-0052; PE-HTS1-0054; PE-HTS1-0055; PE-HTS1-0058; PE-HTS1-0062; PE-HTS1-0063; PE-HTS1-0066; PE-HTS1-0068; PE-EGE1-0014; PE-EGE1-0020; PE-EGE1-0026; PE-EGE1-0028; PE-EGE1-0031; PE-EGE1-0034; PE-EGE1-0038; PE-EGE1-0040; PE-EGE1-0044; PE-EGE1-0046; PE-EGE1-0050; PE-EGE1-0053; PE-EGE1-0056; PE-EGE1-0057; PE-EGE1-0060; PE-ICAES1-0001; PE-ICAES1-0005; PE-ICAES1-0018; PE-ICAES1-0021; PE-ICAES1-0023; PE-ICAES1-0034; PE-ICAES1-0039; PE-ICAES1-0041; PE-ICAES1-0048; PE-SAC1-0008; PE-SAC1-0009; PE-SAC1-0010; PE-SAC1-0012; PE-SAC1-0019; PE-SAC1-0026; PE-SAC1-0028; PE-SAC1-0038; PE-SAC1-0044; PE-SAC1-0045; PE-SAC1-0047; PE-SAC1-0054; PE-SAC1-0055; PE-GMMP1-0002; PE-GMMP1-0006; PE-GMMP1-0007; PE-GMMP1-0010; PE-GMMP1-0014; PE-GMMP1-0015; PE-GMMP1-0016; PE-GMMP1-0017; PE-GMMP1-0018; PE-GMMP1-0020; PE-GMMP1-0025; PE-GMMP1-0029; PE-GMMP1-0030; PE-GMMP1-0031; PE-GMMP1-0032; PE-GMMP1-0033; PE-GMMP1-0034; PE-GMMP1-0035; PE-GMMP1-0036; PE-GMMP1-0037; PE-GMMP1-0041; PE-HLPS1-0002; PE-HLPS1-0003; PE-HLPS1-0004; PE-HLPS1-0011; PE-HLPS1-0015; PE-HLPS1-0022; PE-UHEI1-0006; PE-UHEI1-0025; PE-UHEI1-0041; PE-BIAOBF1-0004; PE-BIAOBF1-0034; PE-BIAOBF1-0035; PE-BIAOBF1-0084; PE-RABFE2-0034; PE-RABFE2-0036; PE-RABFE2-0040; PE-SIP1-0006; PE-SIP1-0009
Seren,example_sense_unassigned,47 of 47 direct examples,PE-PFM1-0055; PE-DW1-0010; PE-ER2-0029; PE-ER2-0030; PE-ER2-0057; PE-ER2-0070; PE-V2-0038; PE-V3-0005; PE-NE1-0052; PE-NE1-0057; PE-NE1-0060; PE-NE1-0067; PE-CNE1-0006; PE-CNE1-0032; PE-CNE1-0068; PE-CNE1-0070; PE-PFM1-0002; PE-PFM1-0004; PE-PFM1-0011; PE-PFM1-0018; PE-PFM1-0028; PE-PFM1-0043; PE-PFM1-0046; PE-PFM1-0052; PE-PFM1-0057; PE-PFM1-0059; PE-PFM1-0074; PE-PFM1-0079; PE-FAP2-0042; PE-DW1-0001; PE-DW1-0004; PE-DW1-0014; PE-DW1-0017; PE-OC1-0013; PE-OC1-0016; PE-OC1-0017; PE-OC1-0018; PE-GMMP1-0003; PE-GMMP1-0017; PE-GMMP1-0029; PE-GMMP1-0030; PE-GMMP1-0031; PE-GMMP1-0032; PE-GMMP1-0033; PE-GMMP1-0034; PE-GMMP1-0035; PE-GMMP1-0036
Shal,example_sense_unassigned,33 of 33 direct examples,PE-V1-0034; PE-V2-0002; PE-V1-0007; PE-V1-0012; PE-V1-0024; PE-V2-0005; PE-V2-0016; PE-V2-0018; PE-V2-0056; PE-V2-0075; PE-V2-0115; PE-V3-0069; PE-V3-0073; PE-V3-0075; PE-V3-0081; PE-V3-0086; PE-V3-0106; PE-V3-0114; PE-V3-0116; PE-V3-0122; PE-V3-0133; PE-V3-0138; PE-V3-0144; PE-V3-0147; PE-V3-0218; PE-V4-0105; PE-BSPI1-0014; PE-EGE1-0066; PE-SAC1-0004; PE-SAC1-0005; PE-SAC1-0006; PE-SAC1-0021; PE-SAC1-0022
Shalaen,example_sense_unassigned,12 of 12 direct examples,PE-V4-0053; PE-EGE1-0049; PE-V1-0014; PE-ER2-0016; PE-ER2-0022; PE-ER2-0067; PE-ER2-0079; PE-SP2C-0021; PE-SP2C-0022; PE-SP2C-0029; PE-SP2C-0070; PE-V3-0057
Shalor,example_sense_unassigned,20 of 20 direct examples,PE-V2-0042; PE-DR2-0011; PE-V1-0041; PE-V2-0045; PE-V3-0053; PE-PFM1-0003; PE-PFM1-0017; PE-PFM1-0024; PE-PFM1-0028; PE-PFM1-0044; PE-PFM1-0048; PE-PFM1-0049; PE-PFM1-0051; PE-PFM1-0060; PE-PFM1-0065; PE-PFM1-0076; PE-PFM1-0080; PE-GMMP1-0003; PE-GMMP1-0027; PE-GMMP1-0053
Shan,example_sense_unassigned,45 of 45 direct examples,PE-EGE1-0006; PE-EGE1-0037; PE-EGE1-0062; PE-DR2-0009; PE-ER2-0012; PE-CNE1-0071; PE-CNE1-0072; PE-V3-0090; PE-V3-0098; PE-V3-0101; PE-TVO1-0021; PE-BSPI1-0014; PE-BSPI1-0043; PE-BSPI1-0049; PE-BSPI1-0051; PE-BSPI1-0069; PE-WRT1-0016; PE-WRT1-0017; PE-WRT1-0028; PE-OC1-0003; PE-OC1-0006; PE-HTS1-0042; PE-HTS1-0075; PE-HTS1-0081; PE-HTS1-0082; PE-EGE1-0004; PE-EGE1-0009; PE-EGE1-0047; PE-EGE1-0051; PE-EGE1-0052; PE-ICAES1-0007; PE-SAC1-0004; PE-SAC1-0020; PE-SAC1-0052; PE-SAC1-0054; PE-SAC1-0055; PE-GMMP1-0004; PE-GMMP1-0005; PE-GMMP1-0010; PE-GMMP1-0011; PE-GMMP1-0047; PE-GMMP1-0050; PE-SRD1-0018; PE-SRD1-0019; PE-BIAOBF1-0038
Shara,example_sense_unassigned,30 of 30 direct examples,PE-ER2-0018; PE-ER2-0020; PE-ER2-0026; PE-ER2-0031; PE-ER2-0076; PE-V3-0077; PE-V4-0005; PE-V4-0078; PE-V4-0095; PE-V4-0101; PE-V4-0105; PE-V4-0107; PE-NE1-0077; PE-CNE1-0029; PE-FAP1-0035; PE-CWM2-0003; PE-TVO1-0001; PE-TVO1-0003; PE-TVO1-0069; PE-RC1-0037; PE-RC1-0039; PE-EGE1-0028; PE-EGE1-0052; PE-EGE1-0056; PE-GMMP1-0046; PE-UHEI1-0008; PE-BIAOBF1-0023; PE-BIAOBF1-0071; PE-BIAOBF1-0083; PE-BIAOBF1-0086
Shen,example_sense_unassigned,21 of 21 direct examples,PE-V4-0091; PE-ER2-0032; PE-HTS1-0027; PE-HTS1-0032; PE-EGE1-0020; PE-EGE1-0024; PE-EGE1-0031; PE-EGE1-0032; PE-EGE1-0046; PE-EGE1-0067; PE-ICAES1-0001; PE-ICAES1-0035; PE-ICAES1-0037; PE-SAC1-0005; PE-SAC1-0009; PE-SAC1-0014; PE-SAC1-0019; PE-SAC1-0024; PE-SAC1-0025; PE-SAC1-0044; PE-BIAOBF1-0018
Shentalzhael,example_sense_unassigned,2 of 2 direct examples,PE-HTS1-0087; PE-HTS1-0088
Tal,example_sense_unassigned,57 of 57 direct examples,PE-V2-0007; PE-V2-0044; PE-V4-0091; PE-NE1-0034; PE-ER2-0013; PE-ER2-0032; PE-ER2-0044; PE-ER2-0045; PE-ER2-0075; PE-V2-0003; PE-V2-0051; PE-V2-0126; PE-V2-0130; PE-V3-0079; PE-NE1-0001; PE-NE1-0006; PE-NE1-0032; PE-NE1-0033; PE-NE1-0076; PE-DSL1-0012; PE-FAP1-0043; PE-FAP1-0058; PE-FAP1-0059; PE-FAP2-0060; PE-TM1-0002; PE-GCI1-0016; PE-GCI1-0025; PE-GCI1-0043; PE-DW1-0015; PE-RC1-0025; PE-HTS1-0013; PE-HTS1-0026; PE-HTS1-0028; PE-HTS1-0039; PE-HTS1-0045; PE-HTS1-0058; PE-HTS1-0068; PE-EGE1-0048; PE-EGE1-0064; PE-EGE1-0065; PE-ICAES1-0009; PE-ICAES1-0010; PE-ICAES1-0030; PE-ICAES1-0031; PE-ICAES1-0043; PE-ICAES1-0044; PE-ICAES1-0045; PE-ICAES1-0057; PE-SAC1-0006; PE-SAC1-0022; PE-SAC1-0041; PE-SAC1-0051; PE-GMMP1-0017; PE-GMMP1-0023; PE-GMMP1-0024; PE-SIP1-0002; PE-SIP1-0004
Talaen,example_sense_unassigned,4 of 6 direct examples,PE-V3-0029; PE-V4-0011; PE-ICAES1-0007; PE-SRD1-0009
Tenar,example_sense_unassigned,5 of 5 direct examples,PE-V3-0203; PE-V3-0217; PE-V3-0218; PE-GMMP1-0035; PE-GMMP1-0036
Terra,example_sense_unassigned,18 of 18 direct examples,PE-V4-0061; PE-S3-0004; PE-S4A-0002; PE-ER2-0044; PE-ER2-0075; PE-V1-0033; PE-V2-0124; PE-V3-0024; PE-V3-0035; PE-V3-0045; PE-V3-0071; PE-V3-0103; PE-V3-0109; PE-V3-0111; PE-V3-0114; PE-V3-0116; PE-V3-0133; PE-EGE1-0065
Thaal,example_sense_unassigned,3 of 3 direct examples,PE-ER2-0027; PE-ER2-0028; PE-V3-0027
Thael,example_sense_unassigned,4 of 4 direct examples,PE-PSAC1-0008; PE-PSAC1-0007; PE-PSAC1-0020; PE-PSAC1-0021
Thal,example_sense_unassigned,84 of 85 direct examples,PE-ER2-0013; PE-V1-0013; PE-S3-0004; PE-DW1-0010; PE-DW1-0012; PE-EGE1-0011; PE-SP2C-0022; PE-V1-0016; PE-V1-0033; PE-V1-0041; PE-V2-0004; PE-V2-0039; PE-V2-0046; PE-V2-0081; PE-V2-0116; PE-V2-0121; PE-V3-0037; PE-V3-0042; PE-V3-0049; PE-V3-0071; PE-V3-0073; PE-V3-0082; PE-V3-0097; PE-V3-0100; PE-V3-0104; PE-V3-0105; PE-V3-0109; PE-V3-0110; PE-V3-0124; PE-V3-0133; PE-V4-0018; PE-V4-0025; PE-V4-0044; PE-NE1-0014; PE-NE1-0049; PE-CNE1-0049; PE-DSL1-0012; PE-DSL1-0018; PE-DSL1-0022; PE-DSL1-0045; PE-DSL1-0046; PE-FAP1-0040; PE-CWM1-0041; PE-CWM2-0001; PE-CWM2-0003; PE-CWM2-0005; PE-CWM2-0009; PE-CWM2-0014; PE-CWM2-0018; PE-CWM2-0020; PE-CWM2-0031; PE-BSPI1-0062; PE-BSPI1-0075; PE-BSPI1-0080; PE-OC1-0020; PE-OC1-0024; PE-SCP1-0005; PE-SCP1-0006; PE-HTS1-0061; PE-HTS1-0070; PE-HTS1-0079; PE-EGE1-0007; PE-EGE1-0015; PE-EGE1-0023; PE-EGE1-0028; PE-EGE1-0051; PE-EGE1-0054; PE-EGE1-0061; PE-EGE1-0072; PE-ICAES1-0009; PE-ICAES1-0040; PE-SAC1-0005; PE-SAC1-0032; PE-GMMP1-0025; PE-GMMP1-0045; PE-BIAOBF1-0041; PE-BIAOBF1-0043; PE-BIAOBF1-0046; PE-BIAOBF1-0053; PE-BIAOBF1-0061; PE-BIAOBF1-0065; PE-BIAOBF1-0073; PE-BIAOBF1-0087; PE-RABFE2-0033
Thalesh,example_sense_unassigned,2 of 2 direct examples,PE-DR2-0011; PE-V3-0144
Thalor,example_sense_unassigned,2 of 2 direct examples,PE-DR2-0012; PE-V4-0085
Thalvekaen,example_sense_unassigned,5 of 5 direct examples,PE-TVO1-0043; PE-TVO1-0044; PE-SCP1-0005; PE-SCP1-0006; PE-BSPI1-0054
Thar,example_sense_unassigned,19 of 19 direct examples,PE-V3-0076; PE-DR2-0007; PE-DR2-0016; PE-ER2-0017; PE-ER2-0035; PE-ER2-0066; PE-SP2C-0011; PE-SP2C-0040; PE-SP2C-0041; PE-V3-0081; PE-V3-0083; PE-V3-0114; PE-V3-0148; PE-V4-0004; PE-V4-0096; PE-V4-0100; PE-V4-0102; PE-V4-0106; PE-S4B-0009
Thar-ka,example_sense_unassigned,2 of 2 direct examples,PE-V4-0004; PE-S4B-0009
Vaar,example_sense_unassigned,13 of 13 direct examples,PE-V2-0044; PE-S3-0014; PE-S4A-0002; PE-ER2-0011; PE-V3-0054; PE-V3-0079; PE-V3-0080; PE-V3-0105; PE-V4-0005; PE-V4-0102; PE-V4-0104; PE-SBD1-0016; PE-GMMP1-0024
Vaarshen,example_sense_unassigned,2 of 2 direct examples,PE-PFM1-0073; PE-PFM1-0074
Vanesh,example_sense_unassigned,19 of 19 direct examples,PE-SP2-0001; PE-V2-0078; PE-SP2C-0026; PE-SP2C-0027; PE-V2-0010; PE-V2-0021; PE-V2-0024; PE-V2-0050; PE-V2-0062; PE-V2-0073; PE-V2-0081; PE-V2-0090; PE-V3-0014; PE-V3-0032; PE-V3-0119; PE-V3-0129; PE-V3-0139; PE-V3-0143; PE-OC1-0026
Var,example_sense_unassigned,218 of 218 direct examples,PE-SP2-0002; PE-S3-0014; PE-EGE1-0018; PE-V1-0001; PE-V1-0002; PE-V1-0027; PE-V1-0034; PE-V1-0037; PE-V1-0038; PE-V2-0042; PE-V3-0028; PE-V3-0128; PE-SP2-0003; PE-V4-0003; PE-V4-0035; PE-V4-0045; PE-ER2-0005; PE-S4A-0001; PE-FAP1-0023; PE-BSPI1-0020; PE-EGE1-0011; PE-EGE1-0012; PE-EGE1-0062; PE-DR1-0001; PE-DR1-0003; PE-DR1-0005; PE-DR2-0006; PE-DR2-0009; PE-ER2-0014; PE-ER2-0018; PE-ER2-0030; PE-ER2-0060; PE-ER2-0068; PE-ER2-0078; PE-SP2C-0001; PE-SP2C-0018; PE-SP2C-0023; PE-SP2C-0024; PE-SP2C-0026; PE-SP2C-0027; PE-SP2C-0028; PE-SP2C-0032; PE-SP2C-0057; PE-SP2C-0058; PE-SP2C-0059; PE-SP2C-0060; PE-SP2C-0061; PE-SP2C-0062; PE-SP2C-0063; PE-SP2C-0065; PE-SP2C-0067; PE-SP2C-0068; PE-V1-0016; PE-V1-0018; PE-V1-0019; PE-V1-0023; PE-V1-0026; PE-V1-0028; PE-V1-0029; PE-V1-0030; PE-V1-0031; PE-V1-0032; PE-V1-0033; PE-V1-0036; PE-V1-0039; PE-V1-0040; PE-V1-0041; PE-V1-0042; PE-V1-0043; PE-V2-0001; PE-V2-0004; PE-V2-0006; PE-V2-0011; PE-V2-0031; PE-V2-0032; PE-V2-0038; PE-V2-0039; PE-V2-0041; PE-V2-0043; PE-V2-0046; PE-V2-0048; PE-V2-0049; PE-V2-0054; PE-V2-0123; PE-V2-0125; PE-V2-0127; PE-V2-0129; PE-V2-0132; PE-V3-0001; PE-V3-0002; PE-V3-0003; PE-V3-0005; PE-V3-0007; PE-V3-0008; PE-V3-0011; PE-V3-0013; PE-V3-0015; PE-V3-0016; PE-V3-0017; PE-V3-0018; PE-V3-0019; PE-V3-0020; PE-V3-0022; PE-V3-0023; PE-V3-0024; PE-V3-0029; PE-V3-0035; PE-V3-0045; PE-V3-0070; PE-V3-0075; PE-V3-0077; PE-V3-0082; PE-V3-0085; PE-V3-0108; PE-V3-0109; PE-V3-0110; PE-V3-0111; PE-V3-0112; PE-V3-0113; PE-V3-0114; PE-V3-0116; PE-V3-0117; PE-V3-0121; PE-V3-0122; PE-V3-0126; PE-V3-0127; PE-V3-0129; PE-V3-0130; PE-V3-0132; PE-V3-0134; PE-V3-0135; PE-V3-0136; PE-V3-0138; PE-V3-0139; PE-V3-0140; PE-V3-0142; PE-V3-0144; PE-V3-0149; PE-V3-0150; PE-V3-0151; PE-V4-0002; PE-V4-0004; PE-V4-0012; PE-V4-0015; PE-V4-0018; PE-V4-0075; PE-V4-0079; PE-V4-0087; PE-V4-0089; PE-V4-0098; PE-V4-0102; PE-V4-0103; PE-V4-0104; PE-V4-0106; PE-V4-0108; PE-S4B-0003; PE-NE1-0009; PE-NE1-0017; PE-NE1-0042; PE-NE1-0044; PE-NE1-0057; PE-NE1-0064; PE-NE1-0072; PE-NE1-0077; PE-NE1-0079; PE-CNE1-0041; PE-CNE1-0045; PE-CNE1-0048; PE-CNE1-0049; PE-CNE1-0067; PE-CNE1-0069; PE-CNE1-0071; PE-CNE1-0072; PE-CNE1-0073; PE-CNE1-0075; PE-CNE1-0077; PE-FAP1-0029; PE-TVO1-0003; PE-TVO1-0007; PE-TVO1-0018; PE-TVO1-0021; PE-TVO1-0027; PE-TVO1-0029; PE-BSPI1-0032; PE-BSPI1-0043; PE-BSPI1-0045; PE-BSPI1-0047; PE-BSPI1-0049; PE-BSPI1-0051; PE-BSPI1-0062; PE-BSPI1-0067; PE-BSPI1-0069; PE-BSPI1-0075; PE-BSPI1-0080; PE-WRT1-0016; PE-OC1-0002; PE-OC1-0003; PE-OC1-0006; PE-HTS1-0019; PE-HTS1-0029; PE-EGE1-0004; PE-EGE1-0009; PE-EGE1-0015; PE-EGE1-0017; PE-EGE1-0047; PE-EGE1-0051; PE-EGE1-0054; PE-EGE1-0066; PE-SAC1-0020; PE-SAC1-0021; PE-GMMP1-0042; PE-SRD1-0008; PE-SRD1-0009; PE-SIP1-0003; PE-SIP1-0005; PE-SIP1-0008; PE-SIP1-0009; PE-SIP1-0011
Velmarin,example_sense_unassigned,5 of 5 direct examples,PE-V3-0050; PE-V4-0068; PE-V4-0067; PE-S4B-0003; PE-S4B-0004
Vethor,example_sense_unassigned,4 of 4 direct examples,PE-ER2-0012; PE-V3-0052; PE-V3-0070; PE-V4-0106
Vok,example_sense_unassigned,2 of 2 direct examples,PE-ER2-0010; PE-ER2-0011
Vrak,example_sense_unassigned,2 of 2 direct examples,PE-DR2-0008; PE-V3-0084
Welrim,example_sense_unassigned,4 of 4 direct examples,PE-V2-0023; PE-V2-0058; PE-BSPI1-0023; PE-BSPI1-0027
Xar,example_sense_unassigned,5 of 5 direct examples,PE-ER2-0056; PE-ER2-0057; PE-EGE1-0028; PE-EGE1-0055; PE-EGE1-0069
Xarvel,example_sense_unassigned,1 of 1 direct examples,PE-V2-0028
Xilvar,example_sense_unassigned,2 of 2 direct examples,PE-V2-0027; PE-V2-0065
Ya,example_sense_unassigned,70 of 70 direct examples,PE-V3-0028; PE-V3-0055; PE-V3-0118; PE-V3-0125; PE-SP2-0003; PE-DR2-0006; PE-SP2-0001; PE-SP2C-0028; PE-SP2C-0046; PE-V1-0004; PE-V2-0047; PE-V3-0003; PE-V3-0004; PE-V3-0007; PE-V3-0015; PE-V3-0016; PE-V3-0018; PE-V3-0019; PE-V3-0021; PE-V3-0022; PE-V3-0029; PE-V3-0062; PE-V4-0007; PE-V4-0015; PE-V4-0059; PE-V4-0074; PE-V4-0076; PE-V4-0083; PE-V4-0093; PE-V4-0095; PE-V4-0097; PE-V4-0099; PE-V4-0103; PE-S4A-0003; PE-S4B-0008; PE-CNE1-0064; PE-CNE1-0077; PE-CNE1-0078; PE-TVO1-0052; PE-ICAES1-0048; PE-SRD1-0001; PE-SRD1-0003; PE-SRD1-0007; PE-SRD1-0008; PE-SRD1-0009; PE-SRD1-0012; PE-SRD1-0013; PE-SRD1-0015; PE-SRD1-0017; PE-HLPS1-0011; PE-HLPS1-0012; PE-HLPS1-0022; PE-UHEI1-0003; PE-UHEI1-0007; PE-UHEI1-0009; PE-UHEI1-0011; PE-UHEI1-0013; PE-UHEI1-0014; PE-UHEI1-0016; PE-UHEI1-0017; PE-BIAOBF1-0077; PE-BIAOBF1-0081; PE-SIP1-0001; PE-SIP1-0002; PE-SIP1-0003; PE-SIP1-0004; PE-SIP1-0005; PE-SIP1-0006; PE-SIP1-0007; PE-SIP1-0008
Zhelvek,example_sense_unassigned,4 of 4 direct examples,PE-V2-0077; PE-CNE1-0014; PE-CNE1-0022; PE-CNE1-0024
-en,family_sense_scope_review,Honorific/Formal-High Respect; Honorific/Respected form; Partner bonded to you,
-eth,family_sense_scope_review,Suffix that marks inherent quality or essential manifestation; Also used for abstract or ritual nouns,
-in,family_sense_scope_review,"Plural marker added to nouns ending in consonants; Person or participant connected to a bond, place, or category",
Aen,family_sense_scope_review,Speak / Tell / Breathe; That; -aen (verb-forming); Breath of Life,
Aenor,family_sense_scope_review,Ear; Moment / Instant,
An,family_sense_scope_review,"At, in (place); Spatial contexts (“at/in” location)",
Anvekaen,family_sense_scope_review,To board; to enter or mount a vehicle vessel or transport animal for travel; To load cargo; to put goods or material aboard or into transport in preparation for travel,
Belshara,family_sense_scope_review,"Coordinated Maneuver / Formation Movement / Tactical Path. Refers to moving troops in a specific, planned way.; Duty (Bound Path); Necessity (Must/Have to); Necessity / Obligation",
Bren,family_sense_scope_review,"Harvest (e.g., the act or result of gathering food).; To harvest / To gather",
Dral,family_sense_scope_review,Sky / Wonder / Heavens; Wow! / Heavens!,
Dren,family_sense_scope_review,Water; Water - symbolic; Water / River,
Drenkorath,family_sense_scope_review,Oasis Blessing Ceremony; Sacred spring,
Esh,family_sense_scope_review,Sky / Air; Above / Over; -esh (relational),
Eshvelaneth,family_sense_scope_review,Hailstorm; Snowstorm Guidance Ritual,
Eth,family_sense_scope_review,"-like, -ful; sacred act of",
Fah,family_sense_scope_review,Darkness / Fear / Night; Ugh! / Bah!,
Felorin,family_sense_scope_review,Berry from Coral Reefs; Berry/Small Fruit,
Ilin,family_sense_scope_review,"We / Us [Inclusive] (1st Person Plural); Inclusive We: I + You (+ others). This is the communal, default ""we.""",
Im,family_sense_scope_review,Device / Instrument / Implement / Internal mechanism; Device / Instrument / Internal mechanism,
Jor,family_sense_scope_review,Surge or burst (symbolizing sudden movements or energetic flows).; To surge / To burst forth,
Jorvak,family_sense_scope_review,Bursting Stew; Bursting warmth,
Jorvar,family_sense_scope_review,Speed; the rate at which a person creature object or vehicle moves through distance; Speed; the rate at which a person creature object or vehicle moves through distance,
Ka,family_sense_scope_review,Without; No,
Kal,family_sense_scope_review,Strength / Power; Strong; To strengthen,
Kaleth,family_sense_scope_review,Fortress / Stronghold; Strong / Powerful / Intense / High in magnitude or reading,
Kar,family_sense_scope_review,Strike; mechanical force; tool-work; To strike / To apply force,
Kel,family_sense_scope_review,Say / Talk (informal); Name; Word; A text; a connected body of written or encoded words rather than information or data generally,
Keldoraen,family_sense_scope_review,To mark a location by deliberately placing a sign name or warning indicator there; To write or inscribe visible language on a surface,
Kor,family_sense_scope_review,Source / Strength; Unit of length / handspan measure; Center or middle; the central position or region within a bounded whole,
Krez,family_sense_scope_review,Fire; Blast! / Damn!,
Krezor,family_sense_scope_review,"forge; Forge / Place of Fire; Hearth, Fireplace, Forge",
Lian,family_sense_scope_review,Truth / Honesty; Pray; Can / Able to,
Lianeth,family_sense_scope_review,Ability (Can/Able to); Ability (Can/Able to); Reliable / Sound / Dependable / Accurate / True to function,
Lianor,family_sense_scope_review,"Idea, Thought (Place of truth); Sir",
Lianrethshen,family_sense_scope_review,An anomaly reading; a measured value describing the intensity or instability of a reality anomaly; An anomaly reading; a measured value describing the intensity or instability of a reality anomaly,
Lorin,family_sense_scope_review,Guide; Guide / Teacher; To guide,
Lun,family_sense_scope_review,Lake; Moon; Ohnosha's natural satellite or lunar body,
Morl,family_sense_scope_review,"Mountain; Under, beneath",
Morldren,family_sense_scope_review,Waterfall (mountain + water); waterfall/mountain stream,
Njor,family_sense_scope_review,A bridge between separated people groups systems or ideas; a connection that crosses a meaningful division; Bridge or structural span that carries passage across a gap waterway or obstruction,
Nor,family_sense_scope_review,Time / Flow of Time; At / In (time),
nor-ka,family_sense_scope_review,passive voice echo particle; Now / In this moment / At present,
Phelvin,family_sense_scope_review,Comforting drink; Comfort Drink,
Pral,family_sense_scope_review,Table; Make; Intricacy / Detail,
Rath,family_sense_scope_review,Enemy / Foe; Conditional “If”; Conditional marker: if,
Rathor,family_sense_scope_review,Old City / Ancient Place; Past / History,
Reth,family_sense_scope_review,Confusion / Uncertainty; Or,
Ruvan,family_sense_scope_review,"Moral institutional or social corruption understood as living rot spreading through a community or organized system; Rot or organic spoilage; uncontrolled biological decay that degrades food, tissue, or other once-living material",
Sel,family_sense_scope_review,Mental clarity; an unobscured and internally ordered state of thought without implying truth evidence or correctness; Physical clarity; purity; absence of grime,
Ser,family_sense_scope_review,Friend / Ally; With; And,
Seren,family_sense_scope_review,Guardian / Protector; Guardian/Protector,
Shal,family_sense_scope_review,Light / New Beginnings / Fate; Hope,
Shalaen,family_sense_scope_review,"To Hope / See Light Ahead.; To See, To perceive with light",
Shalor,family_sense_scope_review,"Light (discovery, vision, hope); Light / New Beginnings / Fate; Sanctuary (light-filled place)",
Shan,family_sense_scope_review,Passing; transfer; handoff between states; Through or across from one side or boundary to another,
Shara,family_sense_scope_review,Path / Journey; To follow a path / To navigate / To track,
Shen,family_sense_scope_review,Coinage / Currency; Unit of weight / measure; To measure / To count,
Shentalzhael,family_sense_scope_review,Medical triage; measured assignment of treatment priority and limited care resources according to urgency; To triage / To prioritize treatment,
Tal,family_sense_scope_review,Give / Offer; Take / Receive,
Talaen,family_sense_scope_review,"To give/offer (used for simpler offerings).; To Take (contextual), To Receive",
Tenar,family_sense_scope_review,Ten; Radiance / Steady glow / Visible light,
Terra,family_sense_scope_review,Earth / Physical ground; The Heart of Terra / Mystical force,
Thael,family_sense_scope_review,Rhythm or beat; a recurring pattern of pulse sound or movement; Gentle motion; breeze-like rhythm,
Thal,family_sense_scope_review,Balance / Harmony; From / Out of,
Thalesh,family_sense_scope_review,Ritual / Sacred balance ceremony; To perform a balance rite,
Thalor,family_sense_scope_review,Outside / Exterior / Outer place; Outside,
Thalvekaen,family_sense_scope_review,To disembark; to leave or come out of a vehicle vessel or transport animal after travel; To unload cargo; to remove goods or material from transport after travel,
Thar,family_sense_scope_review,Heart; Want to,
Thar-ka,family_sense_scope_review,Desire (Want to); Desire,
Vaar,family_sense_scope_review,Peace / Unity; Good; Relief / Phew,
Vaarshen,family_sense_scope_review,A safe clearance distance established between a hazard and an unprotected person or place; A safe clearance distance established between a hazard and an unprotected person or place,
Vanesh,family_sense_scope_review,Commerce; formal trade; merchant work; To trade / To conduct commerce,
Var,family_sense_scope_review,Go / Move; To / Towards,
Velmarin,family_sense_scope_review,Ancient Tree (species); Honorary Elder,
Vethor,family_sense_scope_review,Shadow / Mystery; Sleep,
Vok,family_sense_scope_review,Unity / Bond; Betray,
Welrim,family_sense_scope_review,Continuous Feast; Shared feast,
Xar,family_sense_scope_review,Shadow or cover (tied to concealed or protective qualities).; To cover / To shelter / To close off,
Xarvel,family_sense_scope_review,Covered meal; Veiled Meal,
Xilvar,family_sense_scope_review,A hidden spice; a seasoning or blend whose composition or preparation is deliberately concealed; Fragmented Salt,
Ya,family_sense_scope_review,You (2nd Person Singular); Your (direct personal suffix -ya),
Zhelvek,family_sense_scope_review,Energy Bar; Energy carrier,
Jorvar,identical_meaning_rows,2 rows have identical wording,
Lianeth,identical_meaning_rows,2 rows have identical wording,
Lianrethshen,identical_meaning_rows,2 rows have identical wording,
Rethlian,identical_meaning_rows,2 rows have identical wording,
Seren,identical_meaning_rows,2 rows have identical wording,
Vaarshen,identical_meaning_rows,2 rows have identical wording,
-al,internal_usage_note,Preserved as standalone root/morpheme because source clearly defines it.,DM-RM-V1-0006
-as,internal_usage_note,Preserved as standalone root/morpheme because source clearly defines it.,DM-RM-V1-0008
-ath,internal_usage_note,Preserved as standalone root/morpheme because source clearly defines it.,DM-RM-V1-0007
An,internal_usage_note,Preserved as standalone root/morpheme because source clearly defines it.,DM-RM-V1-0013
Azan,internal_usage_note,Preserved as standalone root/morpheme because source clearly defines it.,DM-RM-V1-0002
Belar,internal_usage_note,The source gloss “Binding spice” is preserved and clarified by culinary function.,LX-V2-0096
Belmor,internal_usage_note,The source gloss “Root Spice” is preserved and clarified by botanical source.,LX-V2-0159
Dava,internal_usage_note,Builds the approved data record file database display signal transmission copying transfer saving search corruption encryption and interference vocabulary.,LX-ICAES1-0001; XR-dava
Felka,internal_usage_note,Retain as-is.,LX-V3-0040
Jekvor,internal_usage_note,The source gloss “Spiraling spice” is preserved and clarified by physical form.,LX-V2-0107
Jelvor,internal_usage_note,The source gloss “Zesty spice” is preserved and clarified by flavor.,LX-V2-0108
Kadren,internal_usage_note,Preserved as standalone root/morpheme because source clearly defines it.,DM-RM-V1-0001
Kedir,internal_usage_note,Names the organ without embedding an unapproved theory of its function.,LX-BIAOBF1-0024; XR-kedir
Lumar,internal_usage_note,Names the organ without embedding an unapproved theory of its function.,LX-BIAOBF1-0023; XR-lumar
Nak,internal_usage_note,Builds the approved competition participant rule official reward result and race vocabulary.,LX-RC1-0006; XR-nak
Nor-,internal_usage_note,Preserved as standalone root/morpheme because source clearly defines it.,DM-RM-V1-0005; DM-RM-V2-0036
Nyel,internal_usage_note,Builds the approved stellar sun star-system galaxy constellation and appearance-based comet vocabulary.,LX-SAC1-0005; XR-nyel
Ra,internal_usage_note,Preserved as standalone root/morpheme because source clearly defines it.,DM-RM-V1-0010
Raku,internal_usage_note,Builds the approved computing processor algorithm code program and automation vocabulary.,LX-ICAES1-0011; XR-raku
Rath,internal_usage_note,Preserved as standalone root/morpheme because source clearly defines it.,DM-RM-V1-0012
Sul,internal_usage_note,Builds the approved abundance scarcity reserve renewable-resource and waste vocabulary.,LX-EGE1-0067; XR-sul
Tavan,internal_usage_note,Retain as-is.,LX-V3-0039
Tha-,internal_usage_note,Preserved as standalone root/morpheme because source clearly defines it.,DM-RM-V1-0004; DM-RM-V2-0035
Thar-ka,internal_usage_note,"Translation note: thar-ka means desire in the abstract. In the original example Ohmaen I an thar-ka., the English rendering “my desire” is contextual, driven by the subject pronoun I; “my” is not encoded in thar-ka itself. This explains that example, rather than making I a general possessive marker.",LX-V4-0004
Thee,internal_usage_note,Preserved as standalone root/morpheme because source clearly defines it.,DM-RM-V1-0003
Va,internal_usage_note,Preserved as standalone root/morpheme because source clearly defines it.,DM-RM-V1-0011
Velar,internal_usage_note,Retain as-is.,LX-V3-0042
Ver,internal_usage_note,Preserved as standalone root/morpheme because source clearly defines it.,DM-RM-V1-0009
Xilvar,internal_usage_note,The source gloss “Hidden spice” is preserved and clarified by concealed composition or preparation.,LX-V2-0114; LX-V2-0160
Zhiren,internal_usage_note,Retain as-is.,LX-V3-0041
Andavaen,morphology_needs_individual_review,Parts: Dava + An + -aen,
Arthaxar,morphology_needs_individual_review,Parts: Arth + Xar,
Arthlor,morphology_needs_individual_review,Parts: Arth + -or,
Belreth,morphology_needs_individual_review,Parts: Bel,
Belvelrathor,morphology_needs_individual_review,Parts: Bel,
Deldavaen,morphology_needs_individual_review,Parts: Dava + Del + -aen,
Delvelrathor,morphology_needs_individual_review,Parts: Del,
Drenvar,morphology_needs_individual_review,Parts: Drenvaraen,
Dreshal,morphology_needs_individual_review,Parts: Dresh + Shal,
Dropralaen,morphology_needs_individual_review,Parts: Dro + Pral,
Dumaen,morphology_needs_individual_review,Parts: Duma + -aen,
Dumeth,morphology_needs_individual_review,Parts: Duma + -eth,
Ekor,morphology_needs_individual_review,Parts: Kor + Ek,
Emilpral,morphology_needs_individual_review,Parts: Pral,
Emilrav,morphology_needs_individual_review,Parts: Rav,
Eshlorien,morphology_needs_individual_review,Parts: Esh + lorin,
Eshpralaen,morphology_needs_individual_review,Parts: Esh + Pral,
Eshtenor,morphology_needs_individual_review,Parts: Tenar + Esh,
Fahaen,morphology_needs_individual_review,Parts: -aen + From,
Felkalrav,morphology_needs_individual_review,Parts: Fel,
Jekkalrav,morphology_needs_individual_review,Parts: Jek,
Kakalrav,morphology_needs_individual_review,Parts: Ka,
Kalorinath,morphology_needs_individual_review,Parts: Kal + ath + lorin,
Kalravaen,morphology_needs_individual_review,Parts: -aen,
Kalravor,morphology_needs_individual_review,Parts: Or,
Kasharaen,morphology_needs_individual_review,Parts: Ka + Shara + -aen,
Kavdavaen,morphology_needs_individual_review,Parts: Dava + Kav + -aen,
Kavelrathor,morphology_needs_individual_review,Parts: Ka,
Kaxardavaen,morphology_needs_individual_review,Parts: Ka + -aen + Xardava,
Kelvorthamaen,morphology_needs_individual_review,Parts: Tham + -aen,
Kesdavaen,morphology_needs_individual_review,Parts: Dava + Kes + -aen,
Keshen,morphology_needs_individual_review,Parts: Kes + Shen,
Kora,morphology_needs_individual_review,Parts: Usage + Reason,
Korinaen,morphology_needs_individual_review,Parts: -aen,
Krezaen,morphology_needs_individual_review,Parts: -aen + From,
Krezor,morphology_needs_individual_review,Parts: Krez + or + -or,
Krezpralaen,morphology_needs_individual_review,Parts: Krez + Pral,
Leyaen,morphology_needs_individual_review,Parts: Leya + -aen,
Lianreth,morphology_needs_individual_review,Parts: Lian,
Lianrethaen,morphology_needs_individual_review,Parts: -aen,
Lianrethor,morphology_needs_individual_review,Parts: Or,
Lianrethshen,morphology_needs_individual_review,Parts: Shen,
Lianrethxar,morphology_needs_individual_review,Parts: Xar,
Lorlivok,morphology_needs_individual_review,Parts: Lor + vok,
Maganeth,morphology_needs_individual_review,Parts: -eth + Mag-,
Mahrowek,morphology_needs_individual_review,Parts: Mahr + Wek,
Miraen,morphology_needs_individual_review,Parts: Mira + -aen,
Morlak,morphology_needs_individual_review,Parts: lak,
Morlatharim,morphology_needs_individual_review,Parts: Morl + im + thar,
Morpralaen,morphology_needs_individual_review,Parts: Mor + Pral,
Muraen,morphology_needs_individual_review,Parts: Mura + -aen,
Nkathal,morphology_needs_individual_review,Parts: Nk + Thal,
Nkathalaen,morphology_needs_individual_review,Parts: -aen + From,
Normaveth,morphology_needs_individual_review,Parts: -eth,
Norreth,morphology_needs_individual_review,Parts: Nor,
Norshanaen,morphology_needs_individual_review,Parts: -aen,
Ohmaen,morphology_needs_individual_review,Parts: -aen + From,
Rathaen,morphology_needs_individual_review,Parts: -aen + From,
Rathorjor,morphology_needs_individual_review,Parts: Jor,
Ravokhaen,morphology_needs_individual_review,Parts: -aen + From,
Rethaen,morphology_needs_individual_review,Parts: -aen + From,
Rethmor,morphology_needs_individual_review,Parts: Mor,
Rethpral,morphology_needs_individual_review,Parts: Pral,
Rethshara,morphology_needs_individual_review,Parts: Shara,
Savaen,morphology_needs_individual_review,Parts: Sava + -aen,
Savin,morphology_needs_individual_review,Parts: Sava + -in,
Savor,morphology_needs_individual_review,Parts: Sava + -or,
Selineth,morphology_needs_individual_review,Parts: Sel- + -eth,
Seraen,morphology_needs_individual_review,Parts: -aen + From,
Shalaen,morphology_needs_individual_review,Parts: Shal + -aen + From,
Shanvelrathor,morphology_needs_individual_review,Parts: Shan,
Shanvelzhiraen,morphology_needs_individual_review,Parts: Shan,
Sharaen,morphology_needs_individual_review,Parts: Shara + -aen,
Sharbel,morphology_needs_individual_review,Parts: Shara + Bel,
Sivrethaen,morphology_needs_individual_review,Parts: Siv + -aen,
Tavojorin,morphology_needs_individual_review,Parts: Jor + -in + Tav,
Tenarpralaen,morphology_needs_individual_review,Parts: Tenar + Pral,
Terafennil,morphology_needs_individual_review,Parts: fennil + Terra,
Teravin,morphology_needs_individual_review,Parts: Terra + vin,
Thaalaen,morphology_needs_individual_review,Parts: -aen + From,
Thalaneshen,morphology_needs_individual_review,Parts: Vanesh + Shen + Thal + Aen + -en,
Thaldavaen,morphology_needs_individual_review,Parts: Dava + Thal + -aen,
Thalorimor,morphology_needs_individual_review,Parts: -or,
Tharsharaen,morphology_needs_individual_review,Parts: Thar + Shara + -aen,
Theraen,morphology_needs_individual_review,Parts: -aen + From,
Theren,morphology_needs_individual_review,Parts: Ter + -en,
Vaar'kelaen,morphology_needs_individual_review,Parts: -aen + From + hypothetical,
Vaaranoraen,morphology_needs_individual_review,Parts: -aen + Hypothetical,
Velalivar,morphology_needs_individual_review,Parts: Vel + Livar,
Velmarin,morphology_needs_individual_review,Parts: Marin + Vel + mar + in,
Velpralaen,morphology_needs_individual_review,Parts: Vel + Pral,
Velrin,morphology_needs_individual_review,Parts: rin,
Vershalaen,morphology_needs_individual_review,Parts: Shal + -aen + From,
Vershara,morphology_needs_individual_review,Parts: Shara + Verdor,
Veth'tharaen,morphology_needs_individual_review,Parts: Thar + -aen + From,
Vethpralaen,morphology_needs_individual_review,Parts: Veth + Pral,
Vethvelrathor,morphology_needs_individual_review,Parts: Veth,
Vialaen,morphology_needs_individual_review,Parts: -aen + From,
Vokaen,morphology_needs_individual_review,Parts: -aen + From,
Weksharaen,morphology_needs_individual_review,Parts: Wek + Shara + -aen,
Workalrav,morphology_needs_individual_review,Parts: Wor,
Xardavaen,morphology_needs_individual_review,Parts: -aen + Xardava,
Zhaeaen,morphology_needs_individual_review,Parts: -aen + From,
Zharin,morphology_needs_individual_review,Parts: Zhir + arin,
Zhelpralaen,morphology_needs_individual_review,Parts: Zhel + Pral,
Zhivor,morphology_needs_individual_review,Parts: Zhir + Vor,
Zhivorin,morphology_needs_individual_review,Parts: Zhir + -in + vor,
Aennoraen,morphology_order,Shown: -aen + Aennor; spelling order: Aennor + -aen,
Aennorral,morphology_order,Shown: Ral + Aennor; spelling order: Aennor + Ral,
Aentash,morphology_order,Shown: Tash + Aen; spelling order: Aen + Tash,
Aenthaelaen,morphology_order,Shown: -aen + Aenthael; spelling order: Aenthael + -aen,
Aenthaelral,morphology_order,Shown: Ral + Aenthael; spelling order: Aenthael + Ral,
Aivkorxar,morphology_order,Shown: Xar + Aivkor; spelling order: Aivkor + Xar,
Arukelaen,morphology_order,Shown: -aen + Arukel; spelling order: Arukel + -aen,
Balemilaen,morphology_order,Shown: Bal + -aen + Emil; spelling order: Bal + Emil + -aen,
Beldava,morphology_order,Shown: Dava + Bel; spelling order: Bel + Dava,
Belmekaen,morphology_order,Shown: -aen + Belmek; spelling order: Belmek + -aen,
Belraku,morphology_order,Shown: Raku + Bel; spelling order: Bel + Raku,
Belshen,morphology_order,Shown: Shen + Bel; spelling order: Bel + Shen,
Belsura,morphology_order,Shown: Sura + Bel; spelling order: Bel + Sura,
Belvethral,morphology_order,Shown: veth + Bel + ral; spelling order: Bel + veth + ral,
Belvoklor,morphology_order,Shown: Lor + Belvok; spelling order: Belvok + Lor,
Belxaraen,morphology_order,Shown: -aen + Belxar; spelling order: Belxar + -aen,
Belzor,morphology_order,Shown: Zor + Bel; spelling order: Bel + Zor,
Belzoraen,morphology_order,Shown: Zor + Bel + -aen; spelling order: Bel + Zor + -aen,
Belzorral,morphology_order,Shown: Ral + Belzor; spelling order: Belzor + Ral,
Brossov,morphology_order,Shown: Sov + Bros; spelling order: Bros + Sov,
Dovhav,morphology_order,Shown: Hav + Dov; spelling order: Dov + Hav,
Dovhavral,morphology_order,Shown: Ral + Dovhav; spelling order: Dovhav + Ral,
Dovkelaen,morphology_order,Shown: -aen + Dovkel; spelling order: Dovkel + -aen,
Dralxaraen,morphology_order,Shown: -aen + Dralxar; spelling order: Dralxar + -aen,
Drenalor,morphology_order,Shown: alor + Dren; spelling order: Dren + alor,
Drenkorath,morphology_order,Shown: kor + ath + Dren; spelling order: Dren + kor + ath,
Drenlivar,morphology_order,Shown: livar + Dren; spelling order: Dren + livar,
Dronjor,morphology_order,Shown: Njor + Dro; spelling order: Dro + Njor,
Dumanali,morphology_order,Shown: Nali + Duma; spelling order: Duma + Nali,
Emilbel,morphology_order,Shown: Bel + Emil; spelling order: Emil + Bel,
Emildren,morphology_order,Shown: Dren + Emil; spelling order: Emil + Dren,
Emilolan,morphology_order,Shown: Olan + Emil; spelling order: Emil + Olan,
Emilpralaen,morphology_order,Shown: Pral + -aen + Emil; spelling order: Emil + Pral + -aen,
Emilpraleth,morphology_order,Shown: Pral + -eth + Emil; spelling order: Emil + Pral + -eth,
Emilshan,morphology_order,Shown: Shan + Emil; spelling order: Emil + Shan,
Emilshara,morphology_order,Shown: Shara + Emil; spelling order: Emil + Shara,
Emiltash,morphology_order,Shown: Tash + Emil; spelling order: Emil + Tash,
Emilzhir,morphology_order,Shown: Zhir + Emil; spelling order: Emil + Zhir,
Esharu,morphology_order,Shown: Aru + Esh; spelling order: Esh + Aru,
Eshthael,morphology_order,Shown: thael + Esh; spelling order: Esh + thael,
Eshvan,morphology_order,Shown: Van + Esh; spelling order: Esh + Van,
Eshvilor,morphology_order,Shown: vilor + Esh; spelling order: Esh + vilor,
Fahohmaen,morphology_order,Shown: -aen + Fahohm; spelling order: Fahohm + -aen,
Fahrethaen,morphology_order,Shown: -aen + Fahreth; spelling order: Fahreth + -aen,
Felshenaen,morphology_order,Shown: -aen + Felshen; spelling order: Felshen + -aen,
Felvora,morphology_order,Shown: Vora + Fel; spelling order: Fel + Vora,
Fenrek,morphology_order,Shown: rek + Fen; spelling order: Fen + rek,
Havrathaen,morphology_order,Shown: -aen + Havrath; spelling order: Havrath + -aen,
Ianath,morphology_order,Shown: -ath + Ian; spelling order: Ian + -ath,
Ilinor,morphology_order,Shown: -or + Ilin; spelling order: Ilin + -or,
Jornak,morphology_order,Shown: Nak + Jor; spelling order: Jor + Nak,
Jornakaen,morphology_order,Shown: -aen + Jornak; spelling order: Jornak + -aen,
Jorvaraen,morphology_order,Shown: -aen + Jorvar; spelling order: Jorvar + -aen,
Jorvilor,morphology_order,Shown: vilor + Jor; spelling order: Jor + vilor,
Kaaruaen,morphology_order,Shown: Aru + Ka + -aen; spelling order: Ka + Aru + -aen,
Kaarueth,morphology_order,Shown: Aru + Ka + -eth; spelling order: Ka + Aru + -eth,
Kabelmekaen,morphology_order,Shown: Ka + -aen + Belmek; spelling order: Ka + Belmek + -aen,
Kakesrinaen,morphology_order,Shown: -aen + Kakesrin; spelling order: Kakesrin + -aen,
Kakesrineth,morphology_order,Shown: -eth + Kakesrin; spelling order: Kakesrin + -eth,
Kalaru,morphology_order,Shown: Aru + Kal; spelling order: Kal + Aru,
Kaldov,morphology_order,Shown: Dov + Kal; spelling order: Kal + Dov,
Kalmetha,morphology_order,Shown: Metha + Kal; spelling order: Kal + Metha,
Kalvargora,morphology_order,Shown: Gora + Kalvar; spelling order: Kalvar + Gora,
Karethaen,morphology_order,Shown: -aen + Kareth; spelling order: Kareth + -aen,
Karthaelaen,morphology_order,Shown: -aen + Karthael; spelling order: Karthael + -aen,
Karthaelral,morphology_order,Shown: Ral + Karthael; spelling order: Karthael + Ral,
Kasul,morphology_order,Shown: Sul + Ka; spelling order: Ka + Sul,
Kavdava,morphology_order,Shown: Dava + Kav; spelling order: Kav + Dava,
Kavdeldava,morphology_order,Shown: Dava + Kav + Del; spelling order: Kav + Del + Dava,
Kavkrezaen,morphology_order,Shown: -aen + Kavkrez; spelling order: Kavkrez + -aen,
Kavsul,morphology_order,Shown: Sul + Kav; spelling order: Kav + Sul,
Kelnemaen,morphology_order,Shown: Nem + Kel + -aen; spelling order: Kel + Nem + -aen,
Kelvordren,morphology_order,Shown: Dren + Kelvor; spelling order: Kelvor + Dren,
Keshenaen,morphology_order,Shown: -aen + Keshen; spelling order: Keshen + -aen,
Keshenath,morphology_order,Shown: -ath + Keshen; spelling order: Keshen + -ath,
Kesrinaen,morphology_order,Shown: -aen + Kesrin; spelling order: Kesrin + -aen,
Kesxaraen,morphology_order,Shown: -aen + Kesxar; spelling order: Kesxar + -aen,
Khumkelral,morphology_order,Shown: Ral + Khumkel; spelling order: Khumkel + Ral,
Kinnshara,morphology_order,Shown: Shara + Kinn-; spelling order: Kinn- + Shara,
Korineth,morphology_order,Shown: -eth + Korin; spelling order: Korin + -eth,
Koringora,morphology_order,Shown: Gora + Korin; spelling order: Korin + Gora,
Korinxar,morphology_order,Shown: Xar + Korin; spelling order: Korin + Xar,
Kormekaen,morphology_order,Shown: -aen + Kormek; spelling order: Kormek + -aen,
Kormekvek,morphology_order,Shown: Vek + Kormek; spelling order: Kormek + Vek,
Kornali,morphology_order,Shown: Nali + Kor; spelling order: Kor + Nali,
Krenzhirvek,morphology_order,Shown: Vek + Krenzhir; spelling order: Krenzhir + Vek,
Kreznyel,morphology_order,Shown: Nyel + Krez; spelling order: Krez + Nyel,
Krezrek,morphology_order,Shown: rek + Krez; spelling order: Krez + rek,
Kreztharim,morphology_order,Shown: im + Krez + thar; spelling order: Krez + thar + im,
Kreztorin,morphology_order,Shown: torin + Krez; spelling order: Krez + torin,
Leyajoraen,morphology_order,Shown: -aen + Leyajor; spelling order: Leyajor + -aen,
Lorbelaen,morphology_order,Shown: -aen + Lorbel; spelling order: Lorbel + -aen,
Lorbelral,morphology_order,Shown: Ral + Lorbel; spelling order: Lorbel + Ral,
Lorinorxar,morphology_order,Shown: Xar + Lorinor; spelling order: Lorinor + Xar,
Lorinshaldren,morphology_order,Shown: Dren + Lorinshal; spelling order: Lorinshal + Dren,
Lorinshalxar,morphology_order,Shown: Xar + Lorinshal; spelling order: Lorinshal + Xar,
Lormahr,morphology_order,Shown: Mahr + Lor; spelling order: Lor + Mahr,
Lorpelaen,morphology_order,Shown: -aen + Lorpel; spelling order: Lorpel + -aen,
Lorzhiranshan,morphology_order,Shown: An + Shan + Lorzhir; spelling order: Lorzhir + An + Shan,
Lorzhirthalshan,morphology_order,Shown: Thal + Shan + Lorzhir; spelling order: Lorzhir + Thal + Shan,
Mahrshalilaen,morphology_order,Shown: Mahr + -aen + Shalil; spelling order: Mahr + Shalil + -aen,
Mavbaleth,morphology_order,Shown: -eth + Mavbal; spelling order: Mavbal + -eth,
Mavbalshanaen,morphology_order,Shown: Shan + -aen + Mavbal; spelling order: Mavbal + Shan + -aen,
Mavbalshaneth,morphology_order,Shown: Shan + -eth + Mavbal; spelling order: Mavbal + Shan + -eth,
Mavbalxar,morphology_order,Shown: Xar + Mavbal; spelling order: Mavbal + Xar,
Mavmorzhael,morphology_order,Shown: Zhael + Mavmor; spelling order: Mavmor + Zhael,
Mbalanmor,morphology_order,Shown: Mor + Mbalan; spelling order: Mbalan + Mor,
Mekaru,morphology_order,Shown: Aru + Mek; spelling order: Mek + Aru,
Mekkesaen,morphology_order,Shown: -aen + Mekkes; spelling order: Mekkes + -aen,
Mekrask,morphology_order,Shown: Rask + Mek; spelling order: Mek + Rask,
Morlkagora,morphology_order,Shown: Gora + Morlka; spelling order: Morlka + Gora,
Morlkapir,morphology_order,Shown: Pir + Morlka; spelling order: Morlka + Pir,
Morlkavesh,morphology_order,Shown: Vesh + Morlka; spelling order: Morlka + Vesh,
Mormekral,morphology_order,Shown: Ral + Mormek; spelling order: Mormek + Ral,
Morolan,morphology_order,Shown: Olan + Mor; spelling order: Mor + Olan,
Morvenak,morphology_order,Shown: venak + Mor; spelling order: Mor + venak,
Ndemwekaen,morphology_order,Shown: -aen + Ndemwek; spelling order: Ndemwek + -aen,
Norpralaen,morphology_order,Shown: -aen + Norpral; spelling order: Norpral + -aen,
Norpralor,morphology_order,Shown: -or + Norpral; spelling order: Norpral + -or,
Norpralral,morphology_order,Shown: Ral + Norpral; spelling order: Norpral + Ral,
Pelaivaen,morphology_order,Shown: Aiv + Pel + -aen; spelling order: Pel + Aiv + -aen,
Pralhav,morphology_order,Shown: Hav + Pral; spelling order: Pral + Hav,
Rathlorkel,morphology_order,Shown: Kel + Rathlor; spelling order: Rathlor + Kel,
Rathnali,morphology_order,Shown: Nali + Rath; spelling order: Rath + Nali,
Ravjorvek,morphology_order,Shown: Vek + Ravjor; spelling order: Ravjor + Vek,
Ravohmaen,morphology_order,Shown: -aen + Ravohm; spelling order: Ravohm + -aen,
Ravwekaen,morphology_order,Shown: -aen + Ravwek; spelling order: Ravwek + -aen,
Ravwekin,morphology_order,Shown: -in + Ravwek; spelling order: Ravwek + -in,
Rekaivaen,morphology_order,Shown: Aiv + Rek + -aen; spelling order: Rek + Aiv + -aen,
Rethdava,morphology_order,Shown: Dava + Reth; spelling order: Reth + Dava,
Rethkal,morphology_order,Shown: Kal + Reth; spelling order: Reth + Kal,
Rethkaleth,morphology_order,Shown: -eth + Rethkal; spelling order: Rethkal + -eth,
Rethnem,morphology_order,Shown: Nem + Reth; spelling order: Reth + Nem,
Rethnemaen,morphology_order,Shown: -aen + Rethnem; spelling order: Rethnem + -aen,
Rethshen,morphology_order,Shown: Shen + Reth; spelling order: Reth + Shen,
Rethvok,morphology_order,Shown: Vok + Reth; spelling order: Reth + Vok,
Rinaru,morphology_order,Shown: Aru + Rin; spelling order: Rin + Aru,
Rinbelaen,morphology_order,Shown: -aen + Rinbel; spelling order: Rinbel + -aen,
Rinbeleth,morphology_order,Shown: -eth + Rinbel; spelling order: Rinbel + -eth,
Rinmekaen,morphology_order,Shown: -aen + Rinmek; spelling order: Rinmek + -aen,
Rinpralral,morphology_order,Shown: Ral + Rinpral; spelling order: Rinpral + Ral,
Selnemaen,morphology_order,Shown: Nem + Sel + -aen; spelling order: Sel + Nem + -aen,
Selshanaen,morphology_order,Shown: -aen + Selshan; spelling order: Selshan + -aen,
Serenkal,morphology_order,Shown: Kal + Seren; spelling order: Seren + Kal,
Serin,morphology_order,Shown: -in + Ser; spelling order: Ser + -in,
Shalbalaen,morphology_order,Shown: -aen + Shalbal; spelling order: Shalbal + -aen,
Shalbaleth,morphology_order,Shown: -eth + Shalbal; spelling order: Shalbal + -eth,
Shalilvek,morphology_order,Shown: Vek + Shalil; spelling order: Shalil + Vek,
Shalkor,morphology_order,Shown: Kor + Shal; spelling order: Shal + Kor,
Shalnak,morphology_order,Shown: Nak + Shal; spelling order: Shal + Nak,
Shalnakaen,morphology_order,Shown: -aen + Shalnak; spelling order: Shalnak + -aen,
Shalrinaen,morphology_order,Shown: -aen + Shalrin; spelling order: Shalrin + -aen,
Shannali,morphology_order,Shown: Nali + Shan; spelling order: Shan + Nali,
Sharvargora,morphology_order,Shown: Gora + Sharvar; spelling order: Sharvar + Gora,
Shenbeleth,morphology_order,Shown: -eth + Shenbel; spelling order: Shenbel + -eth,
Shendava,morphology_order,Shown: Dava + Shen; spelling order: Shen + Dava,
Shenkesaen,morphology_order,Shown: -aen + Shenkes; spelling order: Shenkes + -aen,
Shenlianaen,morphology_order,Shown: -aen + Shenlian; spelling order: Shenlian + -aen,
Shenlianeth,morphology_order,Shown: -eth + Shenlian; spelling order: Shenlian + -eth,
Shentalaen,morphology_order,Shown: -aen + Shental; spelling order: Shental + -aen,
Shenvarashaen,morphology_order,Shown: -aen + Shenvarash; spelling order: Shenvarash + -aen,
Sivshenaen,morphology_order,Shown: -aen + Sivshen; spelling order: Sivshen + -aen,
Sivshenlian,morphology_order,Shown: Lian + Sivshen; spelling order: Sivshen + Lian,
Talemilaen,morphology_order,Shown: Tal + -aen + Emil; spelling order: Tal + Emil + -aen,
Talzhaelaen,morphology_order,Shown: -aen + Talzhael; spelling order: Talzhael + -aen,
Terrarav,morphology_order,Shown: Rav + Terra; spelling order: Terra + Rav,
Thaenbelaen,morphology_order,Shown: -aen + Thaenbel; spelling order: Thaenbel + -aen,
Thaenohmaen,morphology_order,Shown: -aen + Thaenohm; spelling order: Thaenohm + -aen,
Thalkelrethaen,morphology_order,Shown: -aen + Thalkelreth; spelling order: Thalkelreth + -aen,
Thalnak,morphology_order,Shown: Nak + Thal; spelling order: Thal + Nak,
Thalwelvaraen,morphology_order,Shown: -aen + Thalwelvar; spelling order: Thalwelvar + -aen,
Tharbelaen,morphology_order,Shown: -aen + Tharbel; spelling order: Tharbel + -aen,
Tharvin,morphology_order,Shown: vin + Thar; spelling order: Thar + vin,
Tharvin-Wek,morphology_order,Shown: Wek + Tharvin; spelling order: Tharvin + Wek,
Tlamoraen,morphology_order,Shown: -aen + Tlamor; spelling order: Tlamor + -aen,
Tlamoreth,morphology_order,Shown: -eth + Tlamor; spelling order: Tlamor + -eth,
Trakshalilaen,morphology_order,Shown: Trak + -aen + Shalil; spelling order: Trak + Shalil + -aen,
Vaarshanaen,morphology_order,Shown: -aen + Vaarshan; spelling order: Vaarshan + -aen,
Varokmek,morphology_order,Shown: Mek + Varok; spelling order: Varok + Mek,
Varokraku,morphology_order,Shown: Raku + Varok; spelling order: Varok + Raku,
Varokrakuaen,morphology_order,Shown: -aen + Varokraku; spelling order: Varokraku + -aen,
Varokrakueth,morphology_order,Shown: -eth + Varokraku; spelling order: Varokraku + -eth,
Varrinmekaen,morphology_order,Shown: -aen + Varrinmek; spelling order: Varrinmek + -aen,
Velarshor,morphology_order,Shown: arshor + Vel; spelling order: Vel + arshor,
Velkavor,morphology_order,Shown: kav + Vel + or; spelling order: Vel + kav + or,
Velkmorl,morphology_order,Shown: Morl + Velk; spelling order: Velk + Morl,
Velmek,morphology_order,Shown: mek + Vel; spelling order: Vel + mek,
Velpralim,morphology_order,Shown: im + Vel + pral; spelling order: Vel + pral + im,
Velterim,morphology_order,Shown: Vel + im + ter; spelling order: Vel + ter + im,
Velthaelvok,morphology_order,Shown: thael + Vel + vok; spelling order: Vel + thael + vok,
Velthaen,morphology_order,Shown: thaen + Vel; spelling order: Vel + thaen,
Velthamor,morphology_order,Shown: tham + Vel + or; spelling order: Vel + tham + or,
Verdsov,morphology_order,Shown: Sov + Verd; spelling order: Verd + Sov,
Verkalkelaen,morphology_order,Shown: Ver- + -aen + Kalkel; spelling order: Ver- + Kalkel + -aen,
Versul,morphology_order,Shown: Sul + Ver; spelling order: Ver + Sul,
Vethnak,morphology_order,Shown: Nak + Veth; spelling order: Veth + Nak,
Vethnakaen,morphology_order,Shown: -aen + Vethnak; spelling order: Vethnak + -aen,
Vethoraen,morphology_order,Shown: -aen + Vethor; spelling order: Vethor + -aen,
Vethral,morphology_order,Shown: Ral + Veth; spelling order: Veth + Ral,
Vethshalaen,morphology_order,Shown: -aen + Vethshal; spelling order: Vethshal + -aen,
Vethshaleth,morphology_order,Shown: -eth + Vethshal; spelling order: Vethshal + -eth,
Vethsoril,morphology_order,Shown: soril + Veth; spelling order: Veth + soril,
Vethvaraen,morphology_order,Shown: -aen + Vethvar; spelling order: Vethvar + -aen,
Vilorsov,morphology_order,Shown: Sov + Vilor; spelling order: Vilor + Sov,
Voktarin,morphology_order,Shown: tarin + Vok; spelling order: Vok + tarin,
Vorkaral,morphology_order,Shown: Kar + Vor + -al; spelling order: Vor + Kar + -al,
Vorkor,morphology_order,Shown: Kor + Vor; spelling order: Vor + Kor,
Weknor,morphology_order,Shown: nor + Wek; spelling order: Wek + nor,
Weksivshenaen,morphology_order,Shown: -aen + Weksivshen; spelling order: Weksivshen + -aen,
Weksul,morphology_order,Shown: Sul + Wek; spelling order: Wek + Sul,
Welgorm,morphology_order,Shown: Gorm + Wel; spelling order: Wel + Gorm,
Welnali,morphology_order,Shown: Nali + Wel; spelling order: Wel + Nali,
Welrinath,morphology_order,Shown: -ath + Welrin; spelling order: Welrin + -ath,
Weltalaen,morphology_order,Shown: -aen + Weltal; spelling order: Weltal + -aen,
Worshankalaen,morphology_order,Shown: -aen + Worshankal; spelling order: Worshankal + -aen,
Worsul,morphology_order,Shown: Sul + Wor; spelling order: Wor + Sul,
Worvenak,morphology_order,Shown: venak + Wor; spelling order: Wor + venak,
Xardava,morphology_order,Shown: Dava + Xar; spelling order: Xar + Dava,
Xarmetha,morphology_order,Shown: Metha + Xar; spelling order: Xar + Metha,
Xarnesh,morphology_order,Shown: Nesh + Xar; spelling order: Xar + Nesh,
Xarvethral,morphology_order,Shown: veth + Xar + ral; spelling order: Xar + veth + ral,
Zheldava,morphology_order,Shown: Dava + Zhel; spelling order: Zhel + Dava,
Zhirelorim,morphology_order,Shown: elor + Zhir + im; spelling order: Zhir + elor + im,
Zhirkelral,morphology_order,Shown: Ral + Zhirkel; spelling order: Zhirkel + Ral,
Zhirnyel,morphology_order,Shown: Nyel + Zhir; spelling order: Zhir + Nyel,
Zhivokesh,morphology_order,Shown: vok + esh + Zhi; spelling order: Zhi + vok + esh,
Zornelar,morphology_order,Shown: Nelar + Zor; spelling order: Zor + Nelar,
Zunesh,morphology_order,Shown: Esh + Zun; spelling order: Zun + Esh,
Aelin,morphology_parts_same_color,2 word parts use the same accent color,
Aenaen,morphology_parts_same_color,2 word parts use the same accent color,
Aennor,morphology_parts_same_color,2 word parts use the same accent color,
Aennoraen,morphology_parts_same_color,2 word parts use the same accent color,
Aennorral,morphology_parts_same_color,2 word parts use the same accent color,
Aenor,morphology_parts_same_color,2 word parts use the same accent color,
Aentash,morphology_parts_same_color,2 word parts use the same accent color,
Aenthael,morphology_parts_same_color,2 word parts use the same accent color,
Aenthaelaen,morphology_parts_same_color,2 word parts use the same accent color,
Aenthaelral,morphology_parts_same_color,2 word parts use the same accent color,
Aenzhir,morphology_parts_same_color,2 word parts use the same accent color,
Aivaen,morphology_parts_same_color,2 word parts use the same accent color,
Aivkor,morphology_parts_same_color,2 word parts use the same accent color,
Aivkorxar,morphology_parts_same_color,2 word parts use the same accent color,
Aloraen,morphology_parts_same_color,2 word parts use the same accent color,
Andavaen,morphology_parts_same_color,3 word parts use the same accent color,
Aneshxar,morphology_parts_same_color,3 word parts use the same accent color,
Anmek,morphology_parts_same_color,2 word parts use the same accent color,
Anor,morphology_parts_same_color,2 word parts use the same accent color,
Anshanaen,morphology_parts_same_color,3 word parts use the same accent color,
Anvanesh,morphology_parts_same_color,2 word parts use the same accent color,
Anvekaen,morphology_parts_same_color,3 word parts use the same accent color,
Arthaxar,morphology_parts_same_color,2 word parts use the same accent color,
Arthkal,morphology_parts_same_color,2 word parts use the same accent color,
Arthkaraen,morphology_parts_same_color,3 word parts use the same accent color,
Arthlor,morphology_parts_same_color,2 word parts use the same accent color,
Arthrin,morphology_parts_same_color,2 word parts use the same accent color,
Arthverd,morphology_parts_same_color,2 word parts use the same accent color,
Arthzhelshara,morphology_parts_same_color,2 word parts use the same accent color,
Aruaen,morphology_parts_same_color,2 word parts use the same accent color,
Arueth,morphology_parts_same_color,2 word parts use the same accent color,
Arukel,morphology_parts_same_color,2 word parts use the same accent color,
Arukelaen,morphology_parts_same_color,2 word parts use the same accent color,
Arural,morphology_parts_same_color,2 word parts use the same accent color,
Athnor,morphology_parts_same_color,2 word parts use the same accent color,
Awekshara,morphology_parts_same_color,2 word parts use the same accent color,
Balemilaen,morphology_parts_same_color,3 word parts use the same accent color,
Balpral,morphology_parts_same_color,2 word parts use the same accent color,
Balpralaen,morphology_parts_same_color,3 word parts use the same accent color,
Balral,morphology_parts_same_color,2 word parts use the same accent color,
Balrin,morphology_parts_same_color,2 word parts use the same accent color,
Balshan,morphology_parts_same_color,2 word parts use the same accent color,
Balvek,morphology_parts_same_color,2 word parts use the same accent color,
Belar,morphology_parts_same_color,2 word parts use the same accent color,
Beldava,morphology_parts_same_color,2 word parts use the same accent color,
Belkes,morphology_parts_same_color,2 word parts use the same accent color,
Belkor,morphology_parts_same_color,2 word parts use the same accent color,
Belkoraen,morphology_parts_same_color,3 word parts use the same accent color,
Belkren,morphology_parts_same_color,2 word parts use the same accent color,
Belmek,morphology_parts_same_color,2 word parts use the same accent color,
Belmekaen,morphology_parts_same_color,2 word parts use the same accent color,
Belmor,morphology_parts_same_color,2 word parts use the same accent color,
Belnoraen,morphology_parts_same_color,3 word parts use the same accent color,
Belor,morphology_parts_same_color,2 word parts use the same accent color,
Belpralmek,morphology_parts_same_color,3 word parts use the same accent color,
Belraku,morphology_parts_same_color,2 word parts use the same accent color,
Belrin,morphology_parts_same_color,2 word parts use the same accent color,
Belrinpel,morphology_parts_same_color,2 word parts use the same accent color,
Belshan,morphology_parts_same_color,2 word parts use the same accent color,
Belshara,morphology_parts_same_color,2 word parts use the same accent color,
Belshen,morphology_parts_same_color,2 word parts use the same accent color,
Belsura,morphology_parts_same_color,2 word parts use the same accent color,
Belthal,morphology_parts_same_color,2 word parts use the same accent color,
Belvekaen,morphology_parts_same_color,3 word parts use the same accent color,
Belverd,morphology_parts_same_color,2 word parts use the same accent color,
Belvethral,morphology_parts_same_color,3 word parts use the same accent color,
Belvok,morphology_parts_same_color,2 word parts use the same accent color,
Belvoklor,morphology_parts_same_color,2 word parts use the same accent color,
Belwek,morphology_parts_same_color,2 word parts use the same accent color,
Belxar,morphology_parts_same_color,2 word parts use the same accent color,
Belxaraen,morphology_parts_same_color,2 word parts use the same accent color,
Belzhir,morphology_parts_same_color,2 word parts use the same accent color,
Belzhirkavor,morphology_parts_same_color,4 word parts use the same accent color,
Belzhirvek,morphology_parts_same_color,2 word parts use the same accent color,
Belzor,morphology_parts_same_color,2 word parts use the same accent color,
Belzoraen,morphology_parts_same_color,3 word parts use the same accent color,
Belzorral,morphology_parts_same_color,2 word parts use the same accent color,
Brenmor,morphology_parts_same_color,2 word parts use the same accent color,
Brenvor,morphology_parts_same_color,2 word parts use the same accent color,
Broslak,morphology_parts_same_color,2 word parts use the same accent color,
Brosmorl,morphology_parts_same_color,2 word parts use the same accent color,
Brosrin,morphology_parts_same_color,2 word parts use the same accent color,
Brossadar,morphology_parts_same_color,2 word parts use the same accent color,
Brosshara,morphology_parts_same_color,2 word parts use the same accent color,
Brossov,morphology_parts_same_color,2 word parts use the same accent color,
Dakuaen,morphology_parts_same_color,2 word parts use the same accent color,
Daraen,morphology_parts_same_color,2 word parts use the same accent color,
Davapral,morphology_parts_same_color,2 word parts use the same accent color,
Davashanaen,morphology_parts_same_color,3 word parts use the same accent color,
Davaxar,morphology_parts_same_color,2 word parts use the same accent color,
Deldavaen,morphology_parts_same_color,3 word parts use the same accent color,
Delkorin,morphology_parts_same_color,2 word parts use the same accent color,
Delkormek,morphology_parts_same_color,2 word parts use the same accent color,
Delmorl,morphology_parts_same_color,2 word parts use the same accent color,
Delnor,morphology_parts_same_color,2 word parts use the same accent color,
Delpel,morphology_parts_same_color,2 word parts use the same accent color,
Delwek,morphology_parts_same_color,2 word parts use the same accent color,
Deni,morphology_parts_same_color,2 word parts use the same accent color,
Denla,morphology_parts_same_color,2 word parts use the same accent color,
Denya,morphology_parts_same_color,2 word parts use the same accent color,
Dorvekaen,morphology_parts_same_color,3 word parts use the same accent color,
Dovaen,morphology_parts_same_color,2 word parts use the same accent color,
Dovath,morphology_parts_same_color,2 word parts use the same accent color,
Dovhav,morphology_parts_same_color,2 word parts use the same accent color,
Dovhavral,morphology_parts_same_color,2 word parts use the same accent color,
Dovin,morphology_parts_same_color,2 word parts use the same accent color,
Dovkel,morphology_parts_same_color,2 word parts use the same accent color,
Dovkelaen,morphology_parts_same_color,2 word parts use the same accent color,
Dralbelaen,morphology_parts_same_color,3 word parts use the same accent color,
Dralfel,morphology_parts_same_color,2 word parts use the same accent color,
Drallor,morphology_parts_same_color,2 word parts use the same accent color,
Dralorim,morphology_parts_same_color,2 word parts use the same accent color,
Dralshaneth,morphology_parts_same_color,3 word parts use the same accent color,
Dralshara,morphology_parts_same_color,2 word parts use the same accent color,
Dralshen,morphology_parts_same_color,2 word parts use the same accent color,
Dralxar,morphology_parts_same_color,2 word parts use the same accent color,
Dralxaraen,morphology_parts_same_color,2 word parts use the same accent color,
Drenaen,morphology_parts_same_color,2 word parts use the same accent color,
Drenalor,morphology_parts_same_color,2 word parts use the same accent color,
Drenartheth,morphology_parts_same_color,3 word parts use the same accent color,
Drenesh,morphology_parts_same_color,2 word parts use the same accent color,
Dreneth,morphology_parts_same_color,2 word parts use the same accent color,
Drenfel,morphology_parts_same_color,2 word parts use the same accent color,
Drenfellak,morphology_parts_same_color,2 word parts use the same accent color,
Drenjor,morphology_parts_same_color,2 word parts use the same accent color,
Drenkavvek,morphology_parts_same_color,3 word parts use the same accent color,
Drenkor,morphology_parts_same_color,2 word parts use the same accent color,
Drenkorath,morphology_parts_same_color,3 word parts use the same accent color,
Drenlivar,morphology_parts_same_color,2 word parts use the same accent color,
Drenpralaen,morphology_parts_same_color,3 word parts use the same accent color,
Drenrek,morphology_parts_same_color,2 word parts use the same accent color,
Drenselaen,morphology_parts_same_color,3 word parts use the same accent color,
Drenshal,morphology_parts_same_color,2 word parts use the same accent color,
Drentalaen,morphology_parts_same_color,3 word parts use the same accent color,
Drenvaraen,morphology_parts_same_color,3 word parts use the same accent color,
Drenvelesh,morphology_parts_same_color,3 word parts use the same accent color,
Drenverd,morphology_parts_same_color,2 word parts use the same accent color,
Drenvokesh,morphology_parts_same_color,3 word parts use the same accent color,
Drenvor,morphology_parts_same_color,2 word parts use the same accent color,
Dreshal,morphology_parts_same_color,2 word parts use the same accent color,
Drobalaen,morphology_parts_same_color,3 word parts use the same accent color,
Drobel,morphology_parts_same_color,2 word parts use the same accent color,
Drojormek,morphology_parts_same_color,3 word parts use the same accent color,
Drokav,morphology_parts_same_color,2 word parts use the same accent color,
Dronjor,morphology_parts_same_color,2 word parts use the same accent color,
Dropralaen,morphology_parts_same_color,2 word parts use the same accent color,
Droral,morphology_parts_same_color,2 word parts use the same accent color,
Drorav,morphology_parts_same_color,2 word parts use the same accent color,
Drosel,morphology_parts_same_color,2 word parts use the same accent color,
Droshara,morphology_parts_same_color,2 word parts use the same accent color,
Droshen,morphology_parts_same_color,2 word parts use the same accent color,
Dumaen,morphology_parts_same_color,2 word parts use the same accent color,
Dumanali,morphology_parts_same_color,2 word parts use the same accent color,
Dumeth,morphology_parts_same_color,2 word parts use the same accent color,
Ekor,morphology_parts_same_color,2 word parts use the same accent color,
Emilbel,morphology_parts_same_color,2 word parts use the same accent color,
Emildren,morphology_parts_same_color,2 word parts use the same accent color,
Emilolan,morphology_parts_same_color,2 word parts use the same accent color,
Emilpralaen,morphology_parts_same_color,3 word parts use the same accent color,
Emilpraleth,morphology_parts_same_color,3 word parts use the same accent color,
Emilshan,morphology_parts_same_color,2 word parts use the same accent color,
Emilshara,morphology_parts_same_color,2 word parts use the same accent color,
Emiltash,morphology_parts_same_color,2 word parts use the same accent color,
Emilzhir,morphology_parts_same_color,2 word parts use the same accent color,
Esharu,morphology_parts_same_color,2 word parts use the same accent color,
Eshdren,morphology_parts_same_color,2 word parts use the same accent color,
Eshdrenaen,morphology_parts_same_color,3 word parts use the same accent color,
Eshjor,morphology_parts_same_color,2 word parts use the same accent color,
Eshkar,morphology_parts_same_color,2 word parts use the same accent color,
Eshkrezaen,morphology_parts_same_color,3 word parts use the same accent color,
Eshlin,morphology_parts_same_color,2 word parts use the same accent color,
Eshlor,morphology_parts_same_color,2 word parts use the same accent color,
Eshlorien,morphology_parts_same_color,2 word parts use the same accent color,
Eshlorral,morphology_parts_same_color,3 word parts use the same accent color,
Eshmekor,morphology_parts_same_color,2 word parts use the same accent color,
Eshnor,morphology_parts_same_color,2 word parts use the same accent color,
Eshpral,morphology_parts_same_color,2 word parts use the same accent color,
Eshpralaen,morphology_parts_same_color,2 word parts use the same accent color,
Eshpralor,morphology_parts_same_color,3 word parts use the same accent color,
Eshtenor,morphology_parts_same_color,2 word parts use the same accent color,
Eshthael,morphology_parts_same_color,2 word parts use the same accent color,
Eshtrakor,morphology_parts_same_color,2 word parts use the same accent color,
Eshvan,morphology_parts_same_color,2 word parts use the same accent color,
Eshvaraen,morphology_parts_same_color,3 word parts use the same accent color,
Eshvek,morphology_parts_same_color,2 word parts use the same accent color,
Eshvelaneth,morphology_parts_same_color,3 word parts use the same accent color,
Eshvelor,morphology_parts_same_color,2 word parts use the same accent color,
Eshvilor,morphology_parts_same_color,2 word parts use the same accent color,
Eshweknor,morphology_parts_same_color,3 word parts use the same accent color,
Eshxar,morphology_parts_same_color,2 word parts use the same accent color,
Fahaen,morphology_parts_same_color,2 word parts use the same accent color,
Faheth,morphology_parts_same_color,2 word parts use the same accent color,
Fahohm,morphology_parts_same_color,2 word parts use the same accent color,
Fahohmaen,morphology_parts_same_color,2 word parts use the same accent color,
Fahreth,morphology_parts_same_color,2 word parts use the same accent color,
Fahrethaen,morphology_parts_same_color,2 word parts use the same accent color,
Fekaen,morphology_parts_same_color,2 word parts use the same accent color,
Felath,morphology_parts_same_color,2 word parts use the same accent color,
Felbelor,morphology_parts_same_color,2 word parts use the same accent color,
Feldrenaen,morphology_parts_same_color,3 word parts use the same accent color,
Feleth,morphology_parts_same_color,2 word parts use the same accent color,
Felin,morphology_parts_same_color,2 word parts use the same accent color,
Felkal,morphology_parts_same_color,2 word parts use the same accent color,
Fellak,morphology_parts_same_color,2 word parts use the same accent color,
Fellor,morphology_parts_same_color,2 word parts use the same accent color,
Fellun,morphology_parts_same_color,2 word parts use the same accent color,
Felmek,morphology_parts_same_color,2 word parts use the same accent color,
Felmekreth,morphology_parts_same_color,2 word parts use the same accent color,
Felmor,morphology_parts_same_color,2 word parts use the same accent color,
Felmorl,morphology_parts_same_color,2 word parts use the same accent color,
Felnor,morphology_parts_same_color,2 word parts use the same accent color,
Felorin,morphology_parts_same_color,2 word parts use the same accent color,
Felsadar,morphology_parts_same_color,2 word parts use the same accent color,
Felshara,morphology_parts_same_color,2 word parts use the same accent color,
Felshen,morphology_parts_same_color,2 word parts use the same accent color,
Felshenaen,morphology_parts_same_color,2 word parts use the same accent color,
Felthamaen,morphology_parts_same_color,3 word parts use the same accent color,
Felvek,morphology_parts_same_color,2 word parts use the same accent color,
Felverd,morphology_parts_same_color,2 word parts use the same accent color,
Felvin,morphology_parts_same_color,2 word parts use the same accent color,
Felvora,morphology_parts_same_color,2 word parts use the same accent color,
Felzhir,morphology_parts_same_color,2 word parts use the same accent color,
Feneth,morphology_parts_same_color,2 word parts use the same accent color,
Fennildren,morphology_parts_same_color,2 word parts use the same accent color,
Fennilphel,morphology_parts_same_color,2 word parts use the same accent color,
Fenrek,morphology_parts_same_color,2 word parts use the same accent color,
Gavaen,morphology_parts_same_color,2 word parts use the same accent color,
Gavin,morphology_parts_same_color,2 word parts use the same accent color,
Gavral,morphology_parts_same_color,2 word parts use the same accent color,
Gormeth,morphology_parts_same_color,2 word parts use the same accent color,
Havaen,morphology_parts_same_color,2 word parts use the same accent color,
Haveth,morphology_parts_same_color,2 word parts use the same accent color,
Havrath,morphology_parts_same_color,2 word parts use the same accent color,
Havrathaen,morphology_parts_same_color,2 word parts use the same accent color,
Hiraen,morphology_parts_same_color,2 word parts use the same accent color,
Hirmor,morphology_parts_same_color,2 word parts use the same accent color,
Ianath,morphology_parts_same_color,2 word parts use the same accent color,
Ilinor,morphology_parts_same_color,2 word parts use the same accent color,
Jekaen,morphology_parts_same_color,2 word parts use the same accent color,
Jekkal,morphology_parts_same_color,2 word parts use the same accent color,
Jekkel,morphology_parts_same_color,2 word parts use the same accent color,
Jekmek,morphology_parts_same_color,2 word parts use the same accent color,
Jekthamaen,morphology_parts_same_color,3 word parts use the same accent color,
Jekvarin,morphology_parts_same_color,2 word parts use the same accent color,
Jekvin,morphology_parts_same_color,2 word parts use the same accent color,
Jekvor,morphology_parts_same_color,2 word parts use the same accent color,
Jekzhirvek,morphology_parts_same_color,3 word parts use the same accent color,
Jelaen,morphology_parts_same_color,2 word parts use the same accent color,
Jelkor,morphology_parts_same_color,2 word parts use the same accent color,
Jelvor,morphology_parts_same_color,2 word parts use the same accent color,
Jindral,morphology_parts_same_color,2 word parts use the same accent color,
Joreth,morphology_parts_same_color,2 word parts use the same accent color,
Jorkal,morphology_parts_same_color,2 word parts use the same accent color,
Jorlin,morphology_parts_same_color,2 word parts use the same accent color,
Jornak,morphology_parts_same_color,2 word parts use the same accent color,
Jornakaen,morphology_parts_same_color,2 word parts use the same accent color,
Jornor,morphology_parts_same_color,2 word parts use the same accent color,
Jorvak,morphology_parts_same_color,2 word parts use the same accent color,
Jorvalin,morphology_parts_same_color,2 word parts use the same accent color,
Jorvar,morphology_parts_same_color,2 word parts use the same accent color,
Jorvaraen,morphology_parts_same_color,2 word parts use the same accent color,
Jorvilor,morphology_parts_same_color,2 word parts use the same accent color,
Jorzhael,morphology_parts_same_color,2 word parts use the same accent color,
Jorzhel,morphology_parts_same_color,2 word parts use the same accent color,
Jorzhelkav,morphology_parts_same_color,2 word parts use the same accent color,
Ka-Shen,morphology_parts_same_color,2 word parts use the same accent color,
Kaan,morphology_parts_same_color,2 word parts use the same accent color,
Kaarthaen,morphology_parts_same_color,3 word parts use the same accent color,
Kaaruaen,morphology_parts_same_color,3 word parts use the same accent color,
Kaarueth,morphology_parts_same_color,3 word parts use the same accent color,
Kabelmekaen,morphology_parts_same_color,3 word parts use the same accent color,
Kadreneth,morphology_parts_same_color,2 word parts use the same accent color,
Kadro,morphology_parts_same_color,2 word parts use the same accent color,
Kadromav,morphology_parts_same_color,3 word parts use the same accent color,
Kadromor,morphology_parts_same_color,3 word parts use the same accent color,
Kaemilpraleth,morphology_parts_same_color,2 word parts use the same accent color,
Kakesrin,morphology_parts_same_color,2 word parts use the same accent color,
Kakesrinaen,morphology_parts_same_color,2 word parts use the same accent color,
Kakesrineth,morphology_parts_same_color,2 word parts use the same accent color,
Kalaru,morphology_parts_same_color,2 word parts use the same accent color,
Kalbelrin,morphology_parts_same_color,2 word parts use the same accent color,
Kaldov,morphology_parts_same_color,2 word parts use the same accent color,
Kalkel,morphology_parts_same_color,2 word parts use the same accent color,
Kalmek,morphology_parts_same_color,2 word parts use the same accent color,
Kalmetha,morphology_parts_same_color,2 word parts use the same accent color,
Kalmorl,morphology_parts_same_color,2 word parts use the same accent color,
Kalorinath,morphology_parts_same_color,3 word parts use the same accent color,
Kalrath,morphology_parts_same_color,2 word parts use the same accent color,
Kalrav,morphology_parts_same_color,2 word parts use the same accent color,
Kalrin,morphology_parts_same_color,2 word parts use the same accent color,
Kalshen,morphology_parts_same_color,2 word parts use the same accent color,
Kalvargora,morphology_parts_same_color,2 word parts use the same accent color,
Kalvok,morphology_parts_same_color,2 word parts use the same accent color,
Kalvokesh,morphology_parts_same_color,3 word parts use the same accent color,
Kalwek,morphology_parts_same_color,2 word parts use the same accent color,
Kaohmaen,morphology_parts_same_color,2 word parts use the same accent color,
Kareth,morphology_parts_same_color,2 word parts use the same accent color,
Karethaen,morphology_parts_same_color,2 word parts use the same accent color,
Karjor,morphology_parts_same_color,2 word parts use the same accent color,
Karmek,morphology_parts_same_color,2 word parts use the same accent color,
Karthael,morphology_parts_same_color,2 word parts use the same accent color,
Karthaelaen,morphology_parts_same_color,2 word parts use the same accent color,
Karthaelral,morphology_parts_same_color,2 word parts use the same accent color,
Karvek,morphology_parts_same_color,2 word parts use the same accent color,
Kasharaen,morphology_parts_same_color,3 word parts use the same accent color,
Kasul,morphology_parts_same_color,2 word parts use the same accent color,
Kathaenbelaen,morphology_parts_same_color,2 word parts use the same accent color,
Katharbelaen,morphology_parts_same_color,2 word parts use the same accent color,
Kavaen,morphology_parts_same_color,2 word parts use the same accent color,
Kavdava,morphology_parts_same_color,2 word parts use the same accent color,
Kavdavaen,morphology_parts_same_color,3 word parts use the same accent color,
Kavdeldava,morphology_parts_same_color,3 word parts use the same accent color,
Kavel,morphology_parts_same_color,2 word parts use the same accent color,
Kavelzhiraen,morphology_parts_same_color,4 word parts use the same accent color,
Kaveth,morphology_parts_same_color,2 word parts use the same accent color,
Kavkrez,morphology_parts_same_color,2 word parts use the same accent color,
Kavkrezaen,morphology_parts_same_color,2 word parts use the same accent color,
Kavok,morphology_parts_same_color,2 word parts use the same accent color,
Kavolan,morphology_parts_same_color,2 word parts use the same accent color,
Kavral,morphology_parts_same_color,2 word parts use the same accent color,
Kavsul,morphology_parts_same_color,2 word parts use the same accent color,
Kavvek,morphology_parts_same_color,2 word parts use the same accent color,
Kavzhelaen,morphology_parts_same_color,3 word parts use the same accent color,
Kaweleth,morphology_parts_same_color,3 word parts use the same accent color,
Kaxaraen,morphology_parts_same_color,3 word parts use the same accent color,
Kaxardavaen,morphology_parts_same_color,3 word parts use the same accent color,
Kazhel,morphology_parts_same_color,2 word parts use the same accent color,
Keldoraen,morphology_parts_same_color,3 word parts use the same accent color,
Keljek,morphology_parts_same_color,2 word parts use the same accent color,
Kelka,morphology_parts_same_color,2 word parts use the same accent color,
Kelnemaen,morphology_parts_same_color,3 word parts use the same accent color,
Kelpel,morphology_parts_same_color,2 word parts use the same accent color,
Kelpral,morphology_parts_same_color,2 word parts use the same accent color,
Kelreth,morphology_parts_same_color,2 word parts use the same accent color,
Kelrin,morphology_parts_same_color,2 word parts use the same accent color,
Keltharaen,morphology_parts_same_color,3 word parts use the same accent color,
Kelvekral,morphology_parts_same_color,3 word parts use the same accent color,
Kelvok,morphology_parts_same_color,2 word parts use the same accent color,
Kelvordren,morphology_parts_same_color,2 word parts use the same accent color,
Kelvorthamaen,morphology_parts_same_color,2 word parts use the same accent color,
Kesbrenaen,morphology_parts_same_color,3 word parts use the same accent color,
Kesdava,morphology_parts_same_color,2 word parts use the same accent color,
Kesdavaen,morphology_parts_same_color,3 word parts use the same accent color,
Keshen,morphology_parts_same_color,2 word parts use the same accent color,
Keshenaen,morphology_parts_same_color,2 word parts use the same accent color,
Keshenath,morphology_parts_same_color,2 word parts use the same accent color,
Kesmek,morphology_parts_same_color,2 word parts use the same accent color,
Kesrin,morphology_parts_same_color,2 word parts use the same accent color,
Kesrinaen,morphology_parts_same_color,2 word parts use the same accent color,
Kesvar,morphology_parts_same_color,2 word parts use the same accent color,
Kesxar,morphology_parts_same_color,2 word parts use the same accent color,
Kesxaraen,morphology_parts_same_color,2 word parts use the same accent color,
Khosaen,morphology_parts_same_color,2 word parts use the same accent color,
Khumeth,morphology_parts_same_color,2 word parts use the same accent color,
Khumkel,morphology_parts_same_color,2 word parts use the same accent color,
Khumkelral,morphology_parts_same_color,2 word parts use the same accent color,
Khumkes,morphology_parts_same_color,2 word parts use the same accent color,
Khumrel,morphology_parts_same_color,2 word parts use the same accent color,
Kilveth,morphology_parts_same_color,2 word parts use the same accent color,
Kilvfah,morphology_parts_same_color,2 word parts use the same accent color,
Kilvlum,morphology_parts_same_color,2 word parts use the same accent color,
Kilvthal,morphology_parts_same_color,2 word parts use the same accent color,
Kinnlin,morphology_parts_same_color,2 word parts use the same accent color,
Kinnmor,morphology_parts_same_color,2 word parts use the same accent color,
Kinnshal,morphology_parts_same_color,2 word parts use the same accent color,
Kinnshara,morphology_parts_same_color,2 word parts use the same accent color,
Kora,morphology_parts_same_color,2 word parts use the same accent color,
Korineth,morphology_parts_same_color,2 word parts use the same accent color,
Koringora,morphology_parts_same_color,2 word parts use the same accent color,
Korinxar,morphology_parts_same_color,2 word parts use the same accent color,
Korkalvar,morphology_parts_same_color,2 word parts use the same accent color,
Kormek,morphology_parts_same_color,2 word parts use the same accent color,
Kormekaen,morphology_parts_same_color,2 word parts use the same accent color,
Kormekvek,morphology_parts_same_color,2 word parts use the same accent color,
Kormor,morphology_parts_same_color,2 word parts use the same accent color,
Kornali,morphology_parts_same_color,2 word parts use the same accent color,
Korpir,morphology_parts_same_color,2 word parts use the same accent color,
Korsharvar,morphology_parts_same_color,2 word parts use the same accent color,
Korwek,morphology_parts_same_color,2 word parts use the same accent color,
Krenral,morphology_parts_same_color,2 word parts use the same accent color,
Krenzhir,morphology_parts_same_color,2 word parts use the same accent color,
Krenzhirvek,morphology_parts_same_color,2 word parts use the same accent color,
Krezaen,morphology_parts_same_color,2 word parts use the same accent color,
Krezdralfel,morphology_parts_same_color,2 word parts use the same accent color,
Krezdrenaen,morphology_parts_same_color,3 word parts use the same accent color,
Krezdrenvek,morphology_parts_same_color,3 word parts use the same accent color,
Krezfel,morphology_parts_same_color,2 word parts use the same accent color,
Krezlorin,morphology_parts_same_color,2 word parts use the same accent color,
Krezmorath,morphology_parts_same_color,3 word parts use the same accent color,
Krezmorl,morphology_parts_same_color,2 word parts use the same accent color,
Kreznyel,morphology_parts_same_color,2 word parts use the same accent color,
Krezor,morphology_parts_same_color,3 word parts use the same accent color,
Krezpral,morphology_parts_same_color,2 word parts use the same accent color,
Krezpralaen,morphology_parts_same_color,2 word parts use the same accent color,
Krezrek,morphology_parts_same_color,2 word parts use the same accent color,
Krezshen,morphology_parts_same_color,2 word parts use the same accent color,
Kreztharim,morphology_parts_same_color,3 word parts use the same accent color,
Kreztorin,morphology_parts_same_color,2 word parts use the same accent color,
Krezvek,morphology_parts_same_color,2 word parts use the same accent color,
Lemath,morphology_parts_same_color,2 word parts use the same accent color,
Leyaen,morphology_parts_same_color,2 word parts use the same accent color,
Leyajor,morphology_parts_same_color,2 word parts use the same accent color,
Leyajoraen,morphology_parts_same_color,2 word parts use the same accent color,
Lianaen,morphology_parts_same_color,2 word parts use the same accent color,
Lianbel,morphology_parts_same_color,2 word parts use the same accent color,
Lianbelrin,morphology_parts_same_color,2 word parts use the same accent color,
Lianfel,morphology_parts_same_color,2 word parts use the same accent color,
Liankavor,morphology_parts_same_color,3 word parts use the same accent color,
Lianor,morphology_parts_same_color,2 word parts use the same accent color,
Lianthal,morphology_parts_same_color,2 word parts use the same accent color,
Lianthalaen,morphology_parts_same_color,3 word parts use the same accent color,
Lianzhir,morphology_parts_same_color,2 word parts use the same accent color,
Livaraen,morphology_parts_same_color,2 word parts use the same accent color,
Lorbel,morphology_parts_same_color,2 word parts use the same accent color,
Lorbelaen,morphology_parts_same_color,2 word parts use the same accent color,
Lorbelral,morphology_parts_same_color,2 word parts use the same accent color,
Lorinorxar,morphology_parts_same_color,2 word parts use the same accent color,
Lorinshaldren,morphology_parts_same_color,2 word parts use the same accent color,
Lorinshalxar,morphology_parts_same_color,2 word parts use the same accent color,
Lorlivok,morphology_parts_same_color,2 word parts use the same accent color,
Lormahr,morphology_parts_same_color,2 word parts use the same accent color,
Lormek,morphology_parts_same_color,2 word parts use the same accent color,
Lormekor,morphology_parts_same_color,2 word parts use the same accent color,
Lormekral,morphology_parts_same_color,3 word parts use the same accent color,
Lorpel,morphology_parts_same_color,2 word parts use the same accent color,
Lorpelaen,morphology_parts_same_color,2 word parts use the same accent color,
Lorshara,morphology_parts_same_color,2 word parts use the same accent color,
Lorvekaen,morphology_parts_same_color,3 word parts use the same accent color,
Lorvekral,morphology_parts_same_color,3 word parts use the same accent color,
Lorzhir,morphology_parts_same_color,2 word parts use the same accent color,
Lorzhiranshan,morphology_parts_same_color,3 word parts use the same accent color,
Lorzhirthalshan,morphology_parts_same_color,3 word parts use the same accent color,
Luneth,morphology_parts_same_color,2 word parts use the same accent color,
Lunwek,morphology_parts_same_color,2 word parts use the same accent color,
Maganeth,morphology_parts_same_color,2 word parts use the same accent color,
Mahrfennil,morphology_parts_same_color,2 word parts use the same accent color,
Mahrkal,morphology_parts_same_color,2 word parts use the same accent color,
Mahrmorl,morphology_parts_same_color,2 word parts use the same accent color,
Mahrowek,morphology_parts_same_color,2 word parts use the same accent color,
Mahrpral,morphology_parts_same_color,2 word parts use the same accent color,
Mahrpralor,morphology_parts_same_color,3 word parts use the same accent color,
Mahrshalilaen,morphology_parts_same_color,3 word parts use the same accent color,
Mahrvaraen,morphology_parts_same_color,3 word parts use the same accent color,
Mahrvek,morphology_parts_same_color,2 word parts use the same accent color,
Mahrwel,morphology_parts_same_color,2 word parts use the same accent color,
Mahrxaror,morphology_parts_same_color,3 word parts use the same accent color,
Mahrxarvek,morphology_parts_same_color,3 word parts use the same accent color,
Marasorl,morphology_parts_same_color,2 word parts use the same accent color,
Mavbal,morphology_parts_same_color,2 word parts use the same accent color,
Mavbaleth,morphology_parts_same_color,2 word parts use the same accent color,
Mavbalshanaen,morphology_parts_same_color,3 word parts use the same accent color,
Mavbalshaneth,morphology_parts_same_color,3 word parts use the same accent color,
Mavbalxar,morphology_parts_same_color,2 word parts use the same accent color,
Maveth,morphology_parts_same_color,2 word parts use the same accent color,
Mavkes,morphology_parts_same_color,2 word parts use the same accent color,
Mavkrez,morphology_parts_same_color,2 word parts use the same accent color,
Mavmor,morphology_parts_same_color,2 word parts use the same accent color,
Mavmorzhael,morphology_parts_same_color,2 word parts use the same accent color,
Mavverd,morphology_parts_same_color,2 word parts use the same accent color,
Mbaen,morphology_parts_same_color,2 word parts use the same accent color,
Mbalanmor,morphology_parts_same_color,2 word parts use the same accent color,
Mekaru,morphology_parts_same_color,2 word parts use the same accent color,
Mekeshpral,morphology_parts_same_color,3 word parts use the same accent color,
Mekkes,morphology_parts_same_color,2 word parts use the same accent color,
Mekkesaen,morphology_parts_same_color,2 word parts use the same accent color,
Mekor,morphology_parts_same_color,2 word parts use the same accent color,
Mekpralor,morphology_parts_same_color,3 word parts use the same accent color,
Mekral,morphology_parts_same_color,2 word parts use the same accent color,
Mekrask,morphology_parts_same_color,2 word parts use the same accent color,
Mekreth,morphology_parts_same_color,2 word parts use the same accent color,
Mekshara,morphology_parts_same_color,2 word parts use the same accent color,
Melen,morphology_parts_same_color,2 word parts use the same accent color,
Miraen,morphology_parts_same_color,2 word parts use the same accent color,
Moraen,morphology_parts_same_color,2 word parts use the same accent color,
Mordralfel,morphology_parts_same_color,2 word parts use the same accent color,
Moreth,morphology_parts_same_color,2 word parts use the same accent color,
Morkal,morphology_parts_same_color,2 word parts use the same accent color,
Morkar,morphology_parts_same_color,2 word parts use the same accent color,
Morlatharim,morphology_parts_same_color,3 word parts use the same accent color,
Morlathor,morphology_parts_same_color,2 word parts use the same accent color,
Morldren,morphology_parts_same_color,2 word parts use the same accent color,
Morljor,morphology_parts_same_color,2 word parts use the same accent color,
Morlkagora,morphology_parts_same_color,2 word parts use the same accent color,
Morlkapir,morphology_parts_same_color,2 word parts use the same accent color,
Morlkavesh,morphology_parts_same_color,2 word parts use the same accent color,
Morlpral,morphology_parts_same_color,2 word parts use the same accent color,
Morlshan,morphology_parts_same_color,2 word parts use the same accent color,
Morlshara,morphology_parts_same_color,2 word parts use the same accent color,
Morlverd,morphology_parts_same_color,2 word parts use the same accent color,
Morlzhir,morphology_parts_same_color,2 word parts use the same accent color,
Mormek,morphology_parts_same_color,2 word parts use the same accent color,
Mormekral,morphology_parts_same_color,2 word parts use the same accent color,
Morolan,morphology_parts_same_color,2 word parts use the same accent color,
Morpralaen,morphology_parts_same_color,2 word parts use the same accent color,
Morshen,morphology_parts_same_color,2 word parts use the same accent color,
Morthas,morphology_parts_same_color,2 word parts use the same accent color,
Morthera,morphology_parts_same_color,2 word parts use the same accent color,
Morvek,morphology_parts_same_color,2 word parts use the same accent color,
Morvenak,morphology_parts_same_color,2 word parts use the same accent color,
Morzhael,morphology_parts_same_color,2 word parts use the same accent color,
Morzhelshan,morphology_parts_same_color,2 word parts use the same accent color,
Muraen,morphology_parts_same_color,2 word parts use the same accent color,
Nakaen,morphology_parts_same_color,2 word parts use the same accent color,
Nakin,morphology_parts_same_color,2 word parts use the same accent color,
Naklorral,morphology_parts_same_color,3 word parts use the same accent color,
Nakshara,morphology_parts_same_color,2 word parts use the same accent color,
Naktal,morphology_parts_same_color,2 word parts use the same accent color,
Nalior,morphology_parts_same_color,2 word parts use the same accent color,
Naraen,morphology_parts_same_color,2 word parts use the same accent color,
Ndavimor,morphology_parts_same_color,2 word parts use the same accent color,
Ndavior,morphology_parts_same_color,2 word parts use the same accent color,
Ndavivek,morphology_parts_same_color,2 word parts use the same accent color,
Ndemaen,morphology_parts_same_color,2 word parts use the same accent color,
Ndemshan,morphology_parts_same_color,2 word parts use the same accent color,
Ndemwek,morphology_parts_same_color,2 word parts use the same accent color,
Ndemwekaen,morphology_parts_same_color,2 word parts use the same accent color,
Nderuxar,morphology_parts_same_color,2 word parts use the same accent color,
Nemaen,morphology_parts_same_color,2 word parts use the same accent color,
Neshbrenaen,morphology_parts_same_color,3 word parts use the same accent color,
Neshbrenral,morphology_parts_same_color,3 word parts use the same accent color,
Neshmorl,morphology_parts_same_color,2 word parts use the same accent color,
Nethaen,morphology_parts_same_color,2 word parts use the same accent color,
Nethlor,morphology_parts_same_color,2 word parts use the same accent color,
Nethmek,morphology_parts_same_color,2 word parts use the same accent color,
Nethnor,morphology_parts_same_color,2 word parts use the same accent color,
Nethor,morphology_parts_same_color,2 word parts use the same accent color,
Nethvek,morphology_parts_same_color,2 word parts use the same accent color,
Ngarjor,morphology_parts_same_color,2 word parts use the same accent color,
Ngarjoraen,morphology_parts_same_color,3 word parts use the same accent color,
Ngarpel,morphology_parts_same_color,2 word parts use the same accent color,
Ngarvek,morphology_parts_same_color,2 word parts use the same accent color,
Ngarwel,morphology_parts_same_color,2 word parts use the same accent color,
Ngarzhel,morphology_parts_same_color,2 word parts use the same accent color,
Ngarzhir,morphology_parts_same_color,2 word parts use the same accent color,
Nkathal,morphology_parts_same_color,2 word parts use the same accent color,
Nkathalaen,morphology_parts_same_color,2 word parts use the same accent color,
Nokashan,morphology_parts_same_color,2 word parts use the same accent color,
Nolaen,morphology_parts_same_color,2 word parts use the same accent color,
nor-ka,morphology_parts_same_color,2 word parts use the same accent color,
Noraen,morphology_parts_same_color,2 word parts use the same accent color,
Noral,morphology_parts_same_color,2 word parts use the same accent color,
Normav,morphology_parts_same_color,2 word parts use the same accent color,
Normek,morphology_parts_same_color,2 word parts use the same accent color,
Norpral,morphology_parts_same_color,2 word parts use the same accent color,
Norpralaen,morphology_parts_same_color,2 word parts use the same accent color,
Norpralor,morphology_parts_same_color,2 word parts use the same accent color,
Norpralral,morphology_parts_same_color,2 word parts use the same accent color,
Norshan,morphology_parts_same_color,2 word parts use the same accent color,
Norzhir,morphology_parts_same_color,2 word parts use the same accent color,
Numaen,morphology_parts_same_color,2 word parts use the same accent color,
Numor,morphology_parts_same_color,2 word parts use the same accent color,
Nyelbel,morphology_parts_same_color,2 word parts use the same accent color,
Nyeleth,morphology_parts_same_color,2 word parts use the same accent color,
Nyelzhir,morphology_parts_same_color,2 word parts use the same accent color,
Ohmaen,morphology_parts_same_color,2 word parts use the same accent color,
Ohmpel,morphology_parts_same_color,2 word parts use the same accent color,
Ohmreth,morphology_parts_same_color,2 word parts use the same accent color,
Ohmshal,morphology_parts_same_color,2 word parts use the same accent color,
Ohmshan,morphology_parts_same_color,2 word parts use the same accent color,
Olanbelrin,morphology_parts_same_color,2 word parts use the same accent color,
Olankrezaen,morphology_parts_same_color,3 word parts use the same accent color,
Pelaen,morphology_parts_same_color,2 word parts use the same accent color,
Pelaivaen,morphology_parts_same_color,3 word parts use the same accent color,
Peldren,morphology_parts_same_color,2 word parts use the same accent color,
Peleth,morphology_parts_same_color,2 word parts use the same accent color,
Peljekkel,morphology_parts_same_color,2 word parts use the same accent color,
Pelkar,morphology_parts_same_color,2 word parts use the same accent color,
Pelkorin,morphology_parts_same_color,2 word parts use the same accent color,
Pelkrezaen,morphology_parts_same_color,3 word parts use the same accent color,
Pelmorl,morphology_parts_same_color,2 word parts use the same accent color,
Pelnor,morphology_parts_same_color,2 word parts use the same accent color,
Pelsheneth,morphology_parts_same_color,3 word parts use the same accent color,
Pelvar,morphology_parts_same_color,2 word parts use the same accent color,
Pelvaraen,morphology_parts_same_color,3 word parts use the same accent color,
Pelveltrakor,morphology_parts_same_color,3 word parts use the same accent color,
Pelvokaen,morphology_parts_same_color,3 word parts use the same accent color,
Phelkarin,morphology_parts_same_color,2 word parts use the same accent color,
Phelmorin,morphology_parts_same_color,2 word parts use the same accent color,
Phelrin,morphology_parts_same_color,2 word parts use the same accent color,
Phelvin,morphology_parts_same_color,2 word parts use the same accent color,
Praketh,morphology_parts_same_color,2 word parts use the same accent color,
Prakorin,morphology_parts_same_color,2 word parts use the same accent color,
Pralaen,morphology_parts_same_color,2 word parts use the same accent color,
Pralbal,morphology_parts_same_color,2 word parts use the same accent color,
Pralfel,morphology_parts_same_color,2 word parts use the same accent color,
Pralhav,morphology_parts_same_color,2 word parts use the same accent color,
Pralilan,morphology_parts_same_color,2 word parts use the same accent color,
Pralin,morphology_parts_same_color,2 word parts use the same accent color,
Pralmor,morphology_parts_same_color,2 word parts use the same accent color,
Pralor,morphology_parts_same_color,2 word parts use the same accent color,
Pralral,morphology_parts_same_color,2 word parts use the same accent color,
Pralvek,morphology_parts_same_color,2 word parts use the same accent color,
Pralvinor,morphology_parts_same_color,2 word parts use the same accent color,
Pralvokesh,morphology_parts_same_color,3 word parts use the same accent color,
Rakel,morphology_parts_same_color,2 word parts use the same accent color,
Rakuaen,morphology_parts_same_color,2 word parts use the same accent color,
Rakufelmek,morphology_parts_same_color,2 word parts use the same accent color,
Rakukel,morphology_parts_same_color,2 word parts use the same accent color,
Rakumek,morphology_parts_same_color,2 word parts use the same accent color,
Rakushara,morphology_parts_same_color,2 word parts use the same accent color,
Rathaen,morphology_parts_same_color,2 word parts use the same accent color,
Rathjor,morphology_parts_same_color,2 word parts use the same accent color,
Rathlor,morphology_parts_same_color,2 word parts use the same accent color,
Rathlorkel,morphology_parts_same_color,2 word parts use the same accent color,
Rathnali,morphology_parts_same_color,2 word parts use the same accent color,
Rathnor,morphology_parts_same_color,2 word parts use the same accent color,
Rathrin,morphology_parts_same_color,2 word parts use the same accent color,
Rathshannali,morphology_parts_same_color,2 word parts use the same accent color,
Rathvethor,morphology_parts_same_color,2 word parts use the same accent color,
Rathzor,morphology_parts_same_color,2 word parts use the same accent color,
Ravjor,morphology_parts_same_color,2 word parts use the same accent color,
Ravjorvek,morphology_parts_same_color,2 word parts use the same accent color,
Ravkar,morphology_parts_same_color,2 word parts use the same accent color,
Ravohm,morphology_parts_same_color,2 word parts use the same accent color,
Ravohmaen,morphology_parts_same_color,2 word parts use the same accent color,
Ravokhaen,morphology_parts_same_color,2 word parts use the same accent color,
Ravshan,morphology_parts_same_color,2 word parts use the same accent color,
Ravvekaen,morphology_parts_same_color,3 word parts use the same accent color,
Ravwek,morphology_parts_same_color,2 word parts use the same accent color,
Ravwekaen,morphology_parts_same_color,2 word parts use the same accent color,
Ravwekin,morphology_parts_same_color,2 word parts use the same accent color,
Ravzhel,morphology_parts_same_color,2 word parts use the same accent color,
Rekaivaen,morphology_parts_same_color,3 word parts use the same accent color,
Rekmav,morphology_parts_same_color,2 word parts use the same accent color,
Rekmekreth,morphology_parts_same_color,2 word parts use the same accent color,
Rekrathlor,morphology_parts_same_color,2 word parts use the same accent color,
Remashalxar,morphology_parts_same_color,3 word parts use the same accent color,
Remaxar,morphology_parts_same_color,2 word parts use the same accent color,
Rethaen,morphology_parts_same_color,2 word parts use the same accent color,
Rethdava,morphology_parts_same_color,2 word parts use the same accent color,
Rethkal,morphology_parts_same_color,2 word parts use the same accent color,
Rethkaleth,morphology_parts_same_color,2 word parts use the same accent color,
Rethnem,morphology_parts_same_color,2 word parts use the same accent color,
Rethnemaen,morphology_parts_same_color,2 word parts use the same accent color,
Rethshen,morphology_parts_same_color,2 word parts use the same accent color,
Rethvok,morphology_parts_same_color,2 word parts use the same accent color,
Rethzheldava,morphology_parts_same_color,2 word parts use the same accent color,
Rethzhelshara,morphology_parts_same_color,2 word parts use the same accent color,
Rimaen,morphology_parts_same_color,2 word parts use the same accent color,
Rimor,morphology_parts_same_color,2 word parts use the same accent color,
Rinaen,morphology_parts_same_color,2 word parts use the same accent color,
Rinarshor,morphology_parts_same_color,2 word parts use the same accent color,
Rinaru,morphology_parts_same_color,2 word parts use the same accent color,
Rinbel,morphology_parts_same_color,2 word parts use the same accent color,
Rinbelaen,morphology_parts_same_color,2 word parts use the same accent color,
Rinbeleth,morphology_parts_same_color,2 word parts use the same accent color,
Rinbelxar,morphology_parts_same_color,2 word parts use the same accent color,
Rinmek,morphology_parts_same_color,2 word parts use the same accent color,
Rinmekaen,morphology_parts_same_color,2 word parts use the same accent color,
Rinpel,morphology_parts_same_color,2 word parts use the same accent color,
Rinpral,morphology_parts_same_color,2 word parts use the same accent color,
Rinpralral,morphology_parts_same_color,2 word parts use the same accent color,
Rinshen,morphology_parts_same_color,2 word parts use the same accent color,
Rinvarash,morphology_parts_same_color,2 word parts use the same accent color,
Rinvek,morphology_parts_same_color,2 word parts use the same accent color,
Rivaen,morphology_parts_same_color,2 word parts use the same accent color,
Ruvanaen,morphology_parts_same_color,2 word parts use the same accent color,
Ruvaneth,morphology_parts_same_color,2 word parts use the same accent color,
Sadarjor,morphology_parts_same_color,2 word parts use the same accent color,
Sadarmorl,morphology_parts_same_color,2 word parts use the same accent color,
Savaen,morphology_parts_same_color,2 word parts use the same accent color,
Savin,morphology_parts_same_color,2 word parts use the same accent color,
Savor,morphology_parts_same_color,2 word parts use the same accent color,
Seldrenvinaen,morphology_parts_same_color,4 word parts use the same accent color,
Selineth,morphology_parts_same_color,2 word parts use the same accent color,
Selmek,morphology_parts_same_color,2 word parts use the same accent color,
Selmor,morphology_parts_same_color,2 word parts use the same accent color,
Selnemaen,morphology_parts_same_color,3 word parts use the same accent color,
Selpralaen,morphology_parts_same_color,3 word parts use the same accent color,
Selshan,morphology_parts_same_color,2 word parts use the same accent color,
Selshanaen,morphology_parts_same_color,2 word parts use the same accent color,
Selzhir,morphology_parts_same_color,2 word parts use the same accent color,
Seraen,morphology_parts_same_color,2 word parts use the same accent color,
Serathrin,morphology_parts_same_color,3 word parts use the same accent color,
Serdel,morphology_parts_same_color,2 word parts use the same accent color,
Serenkal,morphology_parts_same_color,2 word parts use the same accent color,
Serilin,morphology_parts_same_color,3 word parts use the same accent color,
Serin,morphology_parts_same_color,2 word parts use the same accent color,
Sernor,morphology_parts_same_color,2 word parts use the same accent color,
Servok,morphology_parts_same_color,2 word parts use the same accent color,
Shalaen,morphology_parts_same_color,3 word parts use the same accent color,
Shalbal,morphology_parts_same_color,2 word parts use the same accent color,
Shalbalaen,morphology_parts_same_color,2 word parts use the same accent color,
Shalbaleth,morphology_parts_same_color,2 word parts use the same accent color,
Shaleth,morphology_parts_same_color,2 word parts use the same accent color,
Shalil,morphology_parts_same_color,2 word parts use the same accent color,
Shalilvek,morphology_parts_same_color,2 word parts use the same accent color,
Shalithor,morphology_parts_same_color,2 word parts use the same accent color,
Shalkav,morphology_parts_same_color,2 word parts use the same accent color,
Shalkor,morphology_parts_same_color,2 word parts use the same accent color,
Shalnak,morphology_parts_same_color,2 word parts use the same accent color,
Shalnakaen,morphology_parts_same_color,2 word parts use the same accent color,
Shalnor,morphology_parts_same_color,2 word parts use the same accent color,
Shalorin,morphology_parts_same_color,2 word parts use the same accent color,
Shalorveth,morphology_parts_same_color,3 word parts use the same accent color,
Shalpel,morphology_parts_same_color,2 word parts use the same accent color,
Shalrin,morphology_parts_same_color,2 word parts use the same accent color,
Shalrinaen,morphology_parts_same_color,2 word parts use the same accent color,
Shalshan,morphology_parts_same_color,2 word parts use the same accent color,
Shalvar,morphology_parts_same_color,2 word parts use the same accent color,
Shanartheth,morphology_parts_same_color,3 word parts use the same accent color,
Shankalaen,morphology_parts_same_color,3 word parts use the same accent color,
Shanmek,morphology_parts_same_color,2 word parts use the same accent color,
Shanmorl,morphology_parts_same_color,2 word parts use the same accent color,
Shannali,morphology_parts_same_color,2 word parts use the same accent color,
Shantham,morphology_parts_same_color,2 word parts use the same accent color,
Sharaen,morphology_parts_same_color,2 word parts use the same accent color,
Sharaka,morphology_parts_same_color,2 word parts use the same accent color,
Sharalorin,morphology_parts_same_color,2 word parts use the same accent color,
Sharashen,morphology_parts_same_color,2 word parts use the same accent color,
Sharavok,morphology_parts_same_color,2 word parts use the same accent color,
Sharbel,morphology_parts_same_color,2 word parts use the same accent color,
Sharvargora,morphology_parts_same_color,2 word parts use the same accent color,
Shenakar,morphology_parts_same_color,2 word parts use the same accent color,
Shenbel,morphology_parts_same_color,2 word parts use the same accent color,
Shenbeleth,morphology_parts_same_color,2 word parts use the same accent color,
Shendava,morphology_parts_same_color,2 word parts use the same accent color,
Shenkes,morphology_parts_same_color,2 word parts use the same accent color,
Shenkesaen,morphology_parts_same_color,2 word parts use the same accent color,
Shenkesor,morphology_parts_same_color,3 word parts use the same accent color,
Shenlian,morphology_parts_same_color,2 word parts use the same accent color,
Shenlianaen,morphology_parts_same_color,2 word parts use the same accent color,
Shenlianeth,morphology_parts_same_color,2 word parts use the same accent color,
Shenmek,morphology_parts_same_color,2 word parts use the same accent color,
Shenpralor,morphology_parts_same_color,3 word parts use the same accent color,
Shenral,morphology_parts_same_color,2 word parts use the same accent color,
Shenreth,morphology_parts_same_color,2 word parts use the same accent color,
Shental,morphology_parts_same_color,2 word parts use the same accent color,
Shentalaen,morphology_parts_same_color,2 word parts use the same accent color,
Shentalzhael,morphology_parts_same_color,2 word parts use the same accent color,
Shenvarash,morphology_parts_same_color,2 word parts use the same accent color,
Shenvarashaen,morphology_parts_same_color,2 word parts use the same accent color,
Shenzhir,morphology_parts_same_color,2 word parts use the same accent color,
Sivathaen,morphology_parts_same_color,3 word parts use the same accent color,
Sivkel,morphology_parts_same_color,2 word parts use the same accent color,
Sivrethaen,morphology_parts_same_color,2 word parts use the same accent color,
Sivshen,morphology_parts_same_color,2 word parts use the same accent color,
Sivshenaen,morphology_parts_same_color,2 word parts use the same accent color,
Sivshenlian,morphology_parts_same_color,2 word parts use the same accent color,
Sivvok,morphology_parts_same_color,2 word parts use the same accent color,
Songaeth,morphology_parts_same_color,2 word parts use the same accent color,
Songashen,morphology_parts_same_color,2 word parts use the same accent color,
Songazun,morphology_parts_same_color,2 word parts use the same accent color,
Suvaen,morphology_parts_same_color,2 word parts use the same accent color,
Talemilaen,morphology_parts_same_color,3 word parts use the same accent color,
Talrin,morphology_parts_same_color,2 word parts use the same accent color,
Talzhael,morphology_parts_same_color,2 word parts use the same accent color,
Talzhaelaen,morphology_parts_same_color,2 word parts use the same accent color,
Tavojorin,morphology_parts_same_color,3 word parts use the same accent color,
Tavrel,morphology_parts_same_color,2 word parts use the same accent color,
Tenarorin,morphology_parts_same_color,2 word parts use the same accent color,
Tenarpralaen,morphology_parts_same_color,2 word parts use the same accent color,
Terafennil,morphology_parts_same_color,2 word parts use the same accent color,
Teravin,morphology_parts_same_color,2 word parts use the same accent color,
Terradren,morphology_parts_same_color,2 word parts use the same accent color,
Terraesh,morphology_parts_same_color,2 word parts use the same accent color,
Terrakav,morphology_parts_same_color,2 word parts use the same accent color,
Terramahr,morphology_parts_same_color,2 word parts use the same accent color,
Terramav,morphology_parts_same_color,2 word parts use the same accent color,
Terrarav,morphology_parts_same_color,2 word parts use the same accent color,
Terrashaneth,morphology_parts_same_color,3 word parts use the same accent color,
Terrazhael,morphology_parts_same_color,2 word parts use the same accent color,
Teshaen,morphology_parts_same_color,2 word parts use the same accent color,
Thaalaen,morphology_parts_same_color,2 word parts use the same accent color,
Thaelaen,morphology_parts_same_color,2 word parts use the same accent color,
Thaelral,morphology_parts_same_color,2 word parts use the same accent color,
Thaenbel,morphology_parts_same_color,2 word parts use the same accent color,
Thaenbelaen,morphology_parts_same_color,2 word parts use the same accent color,
Thaenin,morphology_parts_same_color,2 word parts use the same accent color,
Thaenohm,morphology_parts_same_color,2 word parts use the same accent color,
Thaenohmaen,morphology_parts_same_color,2 word parts use the same accent color,
Thalaneshen,morphology_parts_same_color,5 word parts use the same accent color,
Thalbel,morphology_parts_same_color,2 word parts use the same accent color,
Thaldavaen,morphology_parts_same_color,3 word parts use the same accent color,
Thalesh,morphology_parts_same_color,2 word parts use the same accent color,
Thalkelreth,morphology_parts_same_color,2 word parts use the same accent color,
Thalkelrethaen,morphology_parts_same_color,2 word parts use the same accent color,
Thallian,morphology_parts_same_color,2 word parts use the same accent color,
Thalmek,morphology_parts_same_color,2 word parts use the same accent color,
Thalnak,morphology_parts_same_color,2 word parts use the same accent color,
Thalnakin,morphology_parts_same_color,2 word parts use the same accent color,
Thalnor,morphology_parts_same_color,2 word parts use the same accent color,
Thalnoraen,morphology_parts_same_color,3 word parts use the same accent color,
Thalor,morphology_parts_same_color,2 word parts use the same accent color,
Thalorim,morphology_parts_same_color,2 word parts use the same accent color,
Thalshanaen,morphology_parts_same_color,3 word parts use the same accent color,
Thalshorin,morphology_parts_same_color,2 word parts use the same accent color,
Thalvanesh,morphology_parts_same_color,2 word parts use the same accent color,
Thalvekaen,morphology_parts_same_color,3 word parts use the same accent color,
Thalwelvar,morphology_parts_same_color,3 word parts use the same accent color,
Thalwelvaraen,morphology_parts_same_color,2 word parts use the same accent color,
Thalzhelaen,morphology_parts_same_color,3 word parts use the same accent color,
Thamkar,morphology_parts_same_color,2 word parts use the same accent color,
Thamvek,morphology_parts_same_color,2 word parts use the same accent color,
Tharbel,morphology_parts_same_color,2 word parts use the same accent color,
Tharbelaen,morphology_parts_same_color,2 word parts use the same accent color,
Tharmor,morphology_parts_same_color,2 word parts use the same accent color,
Tharshara,morphology_parts_same_color,2 word parts use the same accent color,
Tharsharaen,morphology_parts_same_color,3 word parts use the same accent color,
Tharvelim,morphology_parts_same_color,3 word parts use the same accent color,
Tharvin,morphology_parts_same_color,2 word parts use the same accent color,
Tharvin-Wek,morphology_parts_same_color,2 word parts use the same accent color,
Tharvok,morphology_parts_same_color,2 word parts use the same accent color,
Theraen,morphology_parts_same_color,2 word parts use the same accent color,
Theren,morphology_parts_same_color,2 word parts use the same accent color,
Tirkal,morphology_parts_same_color,2 word parts use the same accent color,
Tlamor,morphology_parts_same_color,2 word parts use the same accent color,
Tlamoraen,morphology_parts_same_color,2 word parts use the same accent color,
Tlamoreth,morphology_parts_same_color,2 word parts use the same accent color,
Tovaen,morphology_parts_same_color,2 word parts use the same accent color,
Trakor,morphology_parts_same_color,2 word parts use the same accent color,
Trakshalilaen,morphology_parts_same_color,3 word parts use the same accent color,
Urenaen,morphology_parts_same_color,2 word parts use the same accent color,
Urenshan,morphology_parts_same_color,2 word parts use the same accent color,
Urenvek,morphology_parts_same_color,2 word parts use the same accent color,
Vaar'kelaen,morphology_parts_same_color,3 word parts use the same accent color,
Vaaranoraen,morphology_parts_same_color,2 word parts use the same accent color,
Vaarbelwek,morphology_parts_same_color,2 word parts use the same accent color,
Vaareth,morphology_parts_same_color,2 word parts use the same accent color,
Vaarlor,morphology_parts_same_color,2 word parts use the same accent color,
Vaarrin,morphology_parts_same_color,2 word parts use the same accent color,
Vaarshan,morphology_parts_same_color,2 word parts use the same accent color,
Vaarshanaen,morphology_parts_same_color,2 word parts use the same accent color,
Vaarshen,morphology_parts_same_color,2 word parts use the same accent color,
Vaneshem,morphology_parts_same_color,2 word parts use the same accent color,
Varan,morphology_parts_same_color,2 word parts use the same accent color,
Varbelor,morphology_parts_same_color,3 word parts use the same accent color,
Varnor,morphology_parts_same_color,2 word parts use the same accent color,
Varokmek,morphology_parts_same_color,2 word parts use the same accent color,
Varokraku,morphology_parts_same_color,2 word parts use the same accent color,
Varokrakuaen,morphology_parts_same_color,2 word parts use the same accent color,
Varokrakueth,morphology_parts_same_color,2 word parts use the same accent color,
Varral,morphology_parts_same_color,2 word parts use the same accent color,
Varrinmek,morphology_parts_same_color,2 word parts use the same accent color,
Varrinmekaen,morphology_parts_same_color,2 word parts use the same accent color,
Varshanmek,morphology_parts_same_color,3 word parts use the same accent color,
Varshel,morphology_parts_same_color,2 word parts use the same accent color,
Varvek,morphology_parts_same_color,2 word parts use the same accent color,
Vekaen,morphology_parts_same_color,2 word parts use the same accent color,
Vekin,morphology_parts_same_color,2 word parts use the same accent color,
Vekmor,morphology_parts_same_color,2 word parts use the same accent color,
Vekpralor,morphology_parts_same_color,3 word parts use the same accent color,
Vekvaraen,morphology_parts_same_color,3 word parts use the same accent color,
Vekxaror,morphology_parts_same_color,3 word parts use the same accent color,
Velaen,morphology_parts_same_color,2 word parts use the same accent color,
Velaivkor,morphology_parts_same_color,2 word parts use the same accent color,
Velalivar,morphology_parts_same_color,2 word parts use the same accent color,
Velarshor,morphology_parts_same_color,2 word parts use the same accent color,
Velbelxar,morphology_parts_same_color,2 word parts use the same accent color,
Veleth,morphology_parts_same_color,2 word parts use the same accent color,
Velithor,morphology_parts_same_color,2 word parts use the same accent color,
Veljor,morphology_parts_same_color,2 word parts use the same accent color,
Velkavor,morphology_parts_same_color,3 word parts use the same accent color,
Velkelor,morphology_parts_same_color,3 word parts use the same accent color,
Velkmorl,morphology_parts_same_color,2 word parts use the same accent color,
Velkorin,morphology_parts_same_color,2 word parts use the same accent color,
Velkrel,morphology_parts_same_color,2 word parts use the same accent color,
Velkrin,morphology_parts_same_color,2 word parts use the same accent color,
Vellian,morphology_parts_same_color,2 word parts use the same accent color,
Vellivaraen,morphology_parts_same_color,3 word parts use the same accent color,
Velmarin,morphology_parts_same_color,4 word parts use the same accent color,
Velmarineth,morphology_parts_same_color,3 word parts use the same accent color,
Velmav,morphology_parts_same_color,2 word parts use the same accent color,
Velmek,morphology_parts_same_color,2 word parts use the same accent color,
Velmor,morphology_parts_same_color,2 word parts use the same accent color,
Velnor,morphology_parts_same_color,2 word parts use the same accent color,
Velpralaen,morphology_parts_same_color,2 word parts use the same accent color,
Velpralim,morphology_parts_same_color,3 word parts use the same accent color,
Velpralor,morphology_parts_same_color,3 word parts use the same accent color,
Velpraltrakor,morphology_parts_same_color,3 word parts use the same accent color,
Velrathor,morphology_parts_same_color,2 word parts use the same accent color,
Velterim,morphology_parts_same_color,3 word parts use the same accent color,
Velthaelvok,morphology_parts_same_color,3 word parts use the same accent color,
Velthaen,morphology_parts_same_color,2 word parts use the same accent color,
Velthamor,morphology_parts_same_color,3 word parts use the same accent color,
Velvaraen,morphology_parts_same_color,3 word parts use the same accent color,
Velxar,morphology_parts_same_color,2 word parts use the same accent color,
Velxorin,morphology_parts_same_color,3 word parts use the same accent color,
Velzhiraen,morphology_parts_same_color,3 word parts use the same accent color,
Verdbel,morphology_parts_same_color,2 word parts use the same accent color,
Verdin,morphology_parts_same_color,2 word parts use the same accent color,
Verdmarin,morphology_parts_same_color,2 word parts use the same accent color,
Verdpel,morphology_parts_same_color,2 word parts use the same accent color,
Verdselzhir,morphology_parts_same_color,3 word parts use the same accent color,
Verdsov,morphology_parts_same_color,2 word parts use the same accent color,
Verdvin,morphology_parts_same_color,2 word parts use the same accent color,
Verdxar,morphology_parts_same_color,2 word parts use the same accent color,
Verkalkelaen,morphology_parts_same_color,3 word parts use the same accent color,
Vershalaen,morphology_parts_same_color,3 word parts use the same accent color,
Vershara,morphology_parts_same_color,2 word parts use the same accent color,
Versul,morphology_parts_same_color,2 word parts use the same accent color,
Veth'tharaen,morphology_parts_same_color,3 word parts use the same accent color,
Vethbel,morphology_parts_same_color,2 word parts use the same accent color,
Vethdren,morphology_parts_same_color,2 word parts use the same accent color,
Vethhar,morphology_parts_same_color,2 word parts use the same accent color,
Vethnak,morphology_parts_same_color,2 word parts use the same accent color,
Vethnakaen,morphology_parts_same_color,2 word parts use the same accent color,
Vethnor,morphology_parts_same_color,2 word parts use the same accent color,
Vethoraen,morphology_parts_same_color,2 word parts use the same accent color,
Vethpralaen,morphology_parts_same_color,2 word parts use the same accent color,
Vethral,morphology_parts_same_color,2 word parts use the same accent color,
Vethrin,morphology_parts_same_color,2 word parts use the same accent color,
Vethshal,morphology_parts_same_color,2 word parts use the same accent color,
Vethshalaen,morphology_parts_same_color,2 word parts use the same accent color,
Vethshaleth,morphology_parts_same_color,2 word parts use the same accent color,
Vethsoril,morphology_parts_same_color,2 word parts use the same accent color,
Vethvar,morphology_parts_same_color,2 word parts use the same accent color,
Vethvaraen,morphology_parts_same_color,2 word parts use the same accent color,
Vialaen,morphology_parts_same_color,2 word parts use the same accent color,
Vilorsov,morphology_parts_same_color,2 word parts use the same accent color,
Vindrenaen,morphology_parts_same_color,3 word parts use the same accent color,
Vokaen,morphology_parts_same_color,2 word parts use the same accent color,
Voktarin,morphology_parts_same_color,2 word parts use the same accent color,
Voraeth,morphology_parts_same_color,2 word parts use the same accent color,
Vorkaral,morphology_parts_same_color,3 word parts use the same accent color,
Vorkor,morphology_parts_same_color,2 word parts use the same accent color,
Wekmek,morphology_parts_same_color,2 word parts use the same accent color,
Weknor,morphology_parts_same_color,2 word parts use the same accent color,
Wekrav,morphology_parts_same_color,2 word parts use the same accent color,
Weksharaen,morphology_parts_same_color,3 word parts use the same accent color,
Weksivshen,morphology_parts_same_color,2 word parts use the same accent color,
Weksivshenaen,morphology_parts_same_color,2 word parts use the same accent color,
Weksul,morphology_parts_same_color,2 word parts use the same accent color,
Wekvaraen,morphology_parts_same_color,3 word parts use the same accent color,
Wekxar,morphology_parts_same_color,2 word parts use the same accent color,
Welaenthael,morphology_parts_same_color,2 word parts use the same accent color,
Welarth,morphology_parts_same_color,2 word parts use the same accent color,
Weleth,morphology_parts_same_color,2 word parts use the same accent color,
Welgorm,morphology_parts_same_color,2 word parts use the same accent color,
Welkarin,morphology_parts_same_color,2 word parts use the same accent color,
Welkelthar,morphology_parts_same_color,3 word parts use the same accent color,
Welkrez,morphology_parts_same_color,2 word parts use the same accent color,
Welmor,morphology_parts_same_color,2 word parts use the same accent color,
Welnali,morphology_parts_same_color,2 word parts use the same accent color,
Welpralor,morphology_parts_same_color,3 word parts use the same accent color,
Welrim,morphology_parts_same_color,2 word parts use the same accent color,
Welrin,morphology_parts_same_color,2 word parts use the same accent color,
Welrinath,morphology_parts_same_color,2 word parts use the same accent color,
Weltal,morphology_parts_same_color,2 word parts use the same accent color,
Weltalaen,morphology_parts_same_color,2 word parts use the same accent color,
Welvek,morphology_parts_same_color,2 word parts use the same accent color,
Welvinor,morphology_parts_same_color,2 word parts use the same accent color,
Welzhirbel,morphology_parts_same_color,2 word parts use the same accent color,
Welzor,morphology_parts_same_color,2 word parts use the same accent color,
Woreth,morphology_parts_same_color,2 word parts use the same accent color,
Worlian,morphology_parts_same_color,2 word parts use the same accent color,
Wornyelbel,morphology_parts_same_color,2 word parts use the same accent color,
Worshankal,morphology_parts_same_color,3 word parts use the same accent color,
Worshankalaen,morphology_parts_same_color,2 word parts use the same accent color,
Worsul,morphology_parts_same_color,2 word parts use the same accent color,
Worvenak,morphology_parts_same_color,2 word parts use the same accent color,
Worxaror,morphology_parts_same_color,2 word parts use the same accent color,
Worzhel,morphology_parts_same_color,2 word parts use the same accent color,
Xaraen,morphology_parts_same_color,2 word parts use the same accent color,
Xardava,morphology_parts_same_color,2 word parts use the same accent color,
Xardavaen,morphology_parts_same_color,2 word parts use the same accent color,
Xaresh,morphology_parts_same_color,2 word parts use the same accent color,
Xarfelvin,morphology_parts_same_color,3 word parts use the same accent color,
Xarkaleth,morphology_parts_same_color,2 word parts use the same accent color,
Xarkrezaen,morphology_parts_same_color,3 word parts use the same accent color,
Xarlorin,morphology_parts_same_color,2 word parts use the same accent color,
Xarmetha,morphology_parts_same_color,2 word parts use the same accent color,
Xarmorl,morphology_parts_same_color,2 word parts use the same accent color,
Xarnesh,morphology_parts_same_color,2 word parts use the same accent color,
Xaror,morphology_parts_same_color,2 word parts use the same accent color,
Xarphelor,morphology_parts_same_color,3 word parts use the same accent color,
Xarrin,morphology_parts_same_color,2 word parts use the same accent color,
Xarvek,morphology_parts_same_color,2 word parts use the same accent color,
Xarvel,morphology_parts_same_color,2 word parts use the same accent color,
Xarvethral,morphology_parts_same_color,3 word parts use the same accent color,
Xarwelor,morphology_parts_same_color,3 word parts use the same accent color,
Xarzhir,morphology_parts_same_color,2 word parts use the same accent color,
Xilbren,morphology_parts_same_color,2 word parts use the same accent color,
Xilnalior,morphology_parts_same_color,2 word parts use the same accent color,
Xilnor,morphology_parts_same_color,2 word parts use the same accent color,
Xilvar,morphology_parts_same_color,2 word parts use the same accent color,
Zeraen,morphology_parts_same_color,2 word parts use the same accent color,
Zevaen,morphology_parts_same_color,2 word parts use the same accent color,
Zhaeaen,morphology_parts_same_color,2 word parts use the same accent color,
Zhaeleth,morphology_parts_same_color,2 word parts use the same accent color,
Zhaelin,morphology_parts_same_color,2 word parts use the same accent color,
Zhaelolan,morphology_parts_same_color,2 word parts use the same accent color,
Zhaelor,morphology_parts_same_color,2 word parts use the same accent color,
Zhaelphel,morphology_parts_same_color,2 word parts use the same accent color,
Zhaelpralaen,morphology_parts_same_color,3 word parts use the same accent color,
Zhaelral,morphology_parts_same_color,2 word parts use the same accent color,
Zhaelshen,morphology_parts_same_color,2 word parts use the same accent color,
Zharin,morphology_parts_same_color,2 word parts use the same accent color,
Zhelaen,morphology_parts_same_color,2 word parts use the same accent color,
Zhelbel,morphology_parts_same_color,2 word parts use the same accent color,
Zheldava,morphology_parts_same_color,2 word parts use the same accent color,
Zhelkav,morphology_parts_same_color,2 word parts use the same accent color,
Zhelkor,morphology_parts_same_color,2 word parts use the same accent color,
Zhelpel,morphology_parts_same_color,2 word parts use the same accent color,
Zhelpralaen,morphology_parts_same_color,2 word parts use the same accent color,
Zhelreth,morphology_parts_same_color,2 word parts use the same accent color,
Zhelshan,morphology_parts_same_color,2 word parts use the same accent color,
Zhelshaneth,morphology_parts_same_color,3 word parts use the same accent color,
Zhelshara,morphology_parts_same_color,2 word parts use the same accent color,
Zhelvek,morphology_parts_same_color,2 word parts use the same accent color,
Zhelvorkor,morphology_parts_same_color,2 word parts use the same accent color,
Zhelwel,morphology_parts_same_color,2 word parts use the same accent color,
Zhelxar,morphology_parts_same_color,2 word parts use the same accent color,
Zhirath,morphology_parts_same_color,2 word parts use the same accent color,
Zhirbel,morphology_parts_same_color,2 word parts use the same accent color,
Zhirelorim,morphology_parts_same_color,3 word parts use the same accent color,
Zhirin,morphology_parts_same_color,2 word parts use the same accent color,
Zhirkalor,morphology_parts_same_color,3 word parts use the same accent color,
Zhirkel,morphology_parts_same_color,2 word parts use the same accent color,
Zhirkelral,morphology_parts_same_color,2 word parts use the same accent color,
Zhirkor,morphology_parts_same_color,2 word parts use the same accent color,
Zhirnyel,morphology_parts_same_color,2 word parts use the same accent color,
Zhirpel,morphology_parts_same_color,2 word parts use the same accent color,
Zhirrathor,morphology_parts_same_color,2 word parts use the same accent color,
Zhirshara,morphology_parts_same_color,2 word parts use the same accent color,
Zhirvek,morphology_parts_same_color,2 word parts use the same accent color,
Zhirverd,morphology_parts_same_color,2 word parts use the same accent color,
Zhirvok,morphology_parts_same_color,2 word parts use the same accent color,
Zhivokesh,morphology_parts_same_color,3 word parts use the same accent color,
Zhivor,morphology_parts_same_color,2 word parts use the same accent color,
Zhivorin,morphology_parts_same_color,3 word parts use the same accent color,
Zordren,morphology_parts_same_color,2 word parts use the same accent color,
Zordrenvinaen,morphology_parts_same_color,4 word parts use the same accent color,
Zornelar,morphology_parts_same_color,2 word parts use the same accent color,
Zornethor,morphology_parts_same_color,2 word parts use the same accent color,
Zorxar,morphology_parts_same_color,2 word parts use the same accent color,
Zunesh,morphology_parts_same_color,2 word parts use the same accent color,
Aenor,morphology_sense_scope_review,Ear; Moment / Instant,
Anvekaen,morphology_sense_scope_review,To board; to enter or mount a vehicle vessel or transport animal for travel; To load cargo; to put goods or material aboard or into transport in preparation for travel,
Belshara,morphology_sense_scope_review,"Coordinated Maneuver / Formation Movement / Tactical Path. Refers to moving troops in a specific, planned way.; Duty (Bound Path); Necessity (Must/Have to); Necessity / Obligation",
Drenkorath,morphology_sense_scope_review,Oasis Blessing Ceremony; Sacred spring,
Eshvelaneth,morphology_sense_scope_review,Hailstorm; Snowstorm Guidance Ritual,
Felorin,morphology_sense_scope_review,Berry from Coral Reefs; Berry/Small Fruit,
Jorvak,morphology_sense_scope_review,Bursting Stew; Bursting warmth,
Jorvar,morphology_sense_scope_review,Speed; the rate at which a person creature object or vehicle moves through distance; Speed; the rate at which a person creature object or vehicle moves through distance,
Keldoraen,morphology_sense_scope_review,To mark a location by deliberately placing a sign name or warning indicator there; To write or inscribe visible language on a surface,
Krezor,morphology_sense_scope_review,"forge; Forge / Place of Fire; Hearth, Fireplace, Forge",
Lianor,morphology_sense_scope_review,"Idea, Thought (Place of truth); Sir",
Lianrethshen,morphology_sense_scope_review,An anomaly reading; a measured value describing the intensity or instability of a reality anomaly; An anomaly reading; a measured value describing the intensity or instability of a reality anomaly,
Morldren,morphology_sense_scope_review,Waterfall (mountain + water); waterfall/mountain stream,
nor-ka,morphology_sense_scope_review,passive voice echo particle; Now / In this moment / At present,
Phelvin,morphology_sense_scope_review,Comforting drink; Comfort Drink,
Shalaen,morphology_sense_scope_review,"To Hope / See Light Ahead.; To See, To perceive with light",
Shentalzhael,morphology_sense_scope_review,Medical triage; measured assignment of treatment priority and limited care resources according to urgency; To triage / To prioritize treatment,
Thalesh,morphology_sense_scope_review,Ritual / Sacred balance ceremony; To perform a balance rite,
Thalor,morphology_sense_scope_review,Outside / Exterior / Outer place; Outside,
Thalvekaen,morphology_sense_scope_review,To disembark; to leave or come out of a vehicle vessel or transport animal after travel; To unload cargo; to remove goods or material from transport after travel,
Vaarshen,morphology_sense_scope_review,A safe clearance distance established between a hazard and an unprotected person or place; A safe clearance distance established between a hazard and an unprotected person or place,
Velmarin,morphology_sense_scope_review,Ancient Tree (species); Honorary Elder,
Welrim,morphology_sense_scope_review,Continuous Feast; Shared feast,
Xarvel,morphology_sense_scope_review,Covered meal; Veiled Meal,
Xilvar,morphology_sense_scope_review,A hidden spice; a seasoning or blend whose composition or preparation is deliberately concealed; Fragmented Salt,
Zhelvek,morphology_sense_scope_review,Energy Bar; Energy carrier,
-aen,no_direct_example,No direct example is placed under this word,
-al,no_direct_example,No direct example is placed under this word,
-as,no_direct_example,No direct example is placed under this word,
-ath,no_direct_example,No direct example is placed under this word,
-el,no_direct_example,No direct example is placed under this word,
-en,no_direct_example,No direct example is placed under this word,
-esh,no_direct_example,No direct example is placed under this word,
-eth,no_direct_example,No direct example is placed under this word,
-in,no_direct_example,No direct example is placed under this word,
-ka,no_direct_example,No direct example is placed under this word,
-lin,no_direct_example,No direct example is placed under this word,
-n,no_direct_example,No direct example is placed under this word,
-or,no_direct_example,No direct example is placed under this word,
-vel,no_direct_example,No direct example is placed under this word,
Aen-,no_direct_example,No direct example is placed under this word,
Azan,no_direct_example,No direct example is placed under this word,
Bel-,no_direct_example,No direct example is placed under this word,
Braskal,no_direct_example,No direct example is placed under this word,
Brinnek,no_direct_example,No direct example is placed under this word,
Dren-,no_direct_example,No direct example is placed under this word,
Elor,no_direct_example,No direct example is placed under this word,
Esh-,no_direct_example,No direct example is placed under this word,
Eshen,no_direct_example,No direct example is placed under this word,
Eth,no_direct_example,No direct example is placed under this word,
Fen-,no_direct_example,No direct example is placed under this word,
Fennlur,no_direct_example,No direct example is placed under this word,
Grivol,no_direct_example,No direct example is placed under this word,
Hek-,no_direct_example,No direct example is placed under this word,
Hek-Mel-,no_direct_example,No direct example is placed under this word,
Ian,no_direct_example,No direct example is placed under this word,
Kadren,no_direct_example,No direct example is placed under this word,
Kal-,no_direct_example,No direct example is placed under this word,
Kav,no_direct_example,No direct example is placed under this word,
Kel-,no_direct_example,No direct example is placed under this word,
Khum-,no_direct_example,No direct example is placed under this word,
Kilv,no_direct_example,No direct example is placed under this word,
Krez-,no_direct_example,No direct example is placed under this word,
Lak,no_direct_example,No direct example is placed under this word,
Li-,no_direct_example,No direct example is placed under this word,
Lian-,no_direct_example,No direct example is placed under this word,
Livar,no_direct_example,No direct example is placed under this word,
Lor,no_direct_example,No direct example is placed under this word,
Lorynth,no_direct_example,No direct example is placed under this word,
Lumora,no_direct_example,No direct example is placed under this word,
Marin,no_direct_example,No direct example is placed under this word,
Mb,no_direct_example,No direct example is placed under this word,
Mb-,no_direct_example,No direct example is placed under this word,
Mel-,no_direct_example,No direct example is placed under this word,
Morl-,no_direct_example,No direct example is placed under this word,
Mossquill,no_direct_example,No direct example is placed under this word,
Nk,no_direct_example,No direct example is placed under this word,
Nk-,no_direct_example,No direct example is placed under this word,
Nku,no_direct_example,No direct example is placed under this word,
Nku-,no_direct_example,No direct example is placed under this word,
Nor-,no_direct_example,No direct example is placed under this word,
Ohm-,no_direct_example,No direct example is placed under this word,
Pralaen-,no_direct_example,No direct example is placed under this word,
Rath-,no_direct_example,No direct example is placed under this word,
Rav-,no_direct_example,No direct example is placed under this word,
Rek,no_direct_example,No direct example is placed under this word,
Reth- / Rethvok-,no_direct_example,No direct example is placed under this word,
Rethal,no_direct_example,No direct example is placed under this word,
Rin-,no_direct_example,No direct example is placed under this word,
Rynarth,no_direct_example,No direct example is placed under this word,
Selkari,no_direct_example,No direct example is placed under this word,
Ser-,no_direct_example,No direct example is placed under this word,
Shal-,no_direct_example,No direct example is placed under this word,
Shara-,no_direct_example,No direct example is placed under this word,
Shavrek,no_direct_example,No direct example is placed under this word,
Soril,no_direct_example,No direct example is placed under this word,
Tarin,no_direct_example,No direct example is placed under this word,
Ten-,no_direct_example,No direct example is placed under this word,
terra- / Terra-,no_direct_example,No direct example is placed under this word,
Tha-,no_direct_example,No direct example is placed under this word,
Thaen,no_direct_example,No direct example is placed under this word,
Thal-,no_direct_example,No direct example is placed under this word,
Tham,no_direct_example,No direct example is placed under this word,
Thar-,no_direct_example,No direct example is placed under this word,
Tharnspinners,no_direct_example,No direct example is placed under this word,
Thee,no_direct_example,No direct example is placed under this word,
Thravic,no_direct_example,No direct example is placed under this word,
Thryssal,no_direct_example,No direct example is placed under this word,
Tl-,no_direct_example,No direct example is placed under this word,
Tla,no_direct_example,No direct example is placed under this word,
Tla-,no_direct_example,No direct example is placed under this word,
Trak,no_direct_example,No direct example is placed under this word,
Var-,no_direct_example,No direct example is placed under this word,
Veilgliders,no_direct_example,No direct example is placed under this word,
Velshen,no_direct_example,No direct example is placed under this word,
Ver-,no_direct_example,No direct example is placed under this word,
Vexflit,no_direct_example,No direct example is placed under this word,
Vin,no_direct_example,No direct example is placed under this word,
Vok-,no_direct_example,No direct example is placed under this word,
Vroshan,no_direct_example,No direct example is placed under this word,
Zhae-,no_direct_example,No direct example is placed under this word,
Zharak,no_direct_example,No direct example is placed under this word,
Zharrel,no_direct_example,No direct example is placed under this word,
Zhenlor,no_direct_example,No direct example is placed under this word,
Zhir-,no_direct_example,No direct example is placed under this word,
Aelin,origin_repeats_morphology,Ael young/growing + -in individual participant.,
Aennor,origin_repeats_morphology,Canonical Aen sound or breath + Nor time,
Aennoraen,origin_repeats_morphology,Aennor music + -aen verb,
Aennorral,origin_repeats_morphology,Aennor music + Ral practiced role,
Aentash,origin_repeats_morphology,Aen breath + Tash organ,
Aenthael,origin_repeats_morphology,Aen voice or sound + Thael rhythm,
Aenthaelaen,origin_repeats_morphology,Aenthael song + -aen verb,
Aenthaelral,origin_repeats_morphology,Aenthael song + Ral practiced role,
Aenzhir,origin_repeats_morphology,Aen sound + Zhir connected thread through time,
Aivaen,origin_repeats_morphology,Aiv + -aen,
Aivkor,origin_repeats_morphology,Aiv + Kor,
Aivkorxar,origin_repeats_morphology,Aivkor wound + Xar protective covering,
Aloraen,origin_repeats_morphology,Alor + -aen,
Andavaen,origin_repeats_morphology,An inward relation + Dava information + -aen verb,
Aneshxar,origin_repeats_morphology,An within + Esh above + Xar cover,
Anmek,origin_repeats_morphology,An inward or at-in relation + Mek constructed system,
Anor,origin_repeats_morphology,An in or at + -or place or domain,
Anshanaen,origin_repeats_morphology,An inward + Shan boundary passage + -aen verb,
Anvanesh,origin_repeats_morphology,An inward or into one's sphere + Vanesh formal trade,
Anvekaen,origin_repeats_morphology,An in or at + Vek carrier + -aen,
Arthaxar,origin_repeats_morphology,Arth + Xar,
Arthkal,origin_repeats_morphology,Arth defense + Kal force or strength,
Arthkaraen,origin_repeats_morphology,Arth defense + Kar strike or applied force + -aen verb,
Arthrin,origin_repeats_morphology,Arth protection + Rin essence,
Arthverd,origin_repeats_morphology,Arth + Verd,
Arthzhelshara,origin_repeats_morphology,Arth protection + Zhelshara circuit,
Aruaen,origin_repeats_morphology,Aru magic + -aen verb,
Arueth,origin_repeats_morphology,Aru magic + -eth adjective,
Arukel,origin_repeats_morphology,Aru magic + Kel defined expression or text,
Arukelaen,origin_repeats_morphology,Arukel spell + -aen verb,
Arural,origin_repeats_morphology,Aru magic + -ral practitioner,
Athnor,origin_repeats_morphology,Ath + Nor,
Awekshara,origin_repeats_morphology,Awek + Shara,
Balemilaen,origin_repeats_morphology,Bal living growth + Emil food or drink + -aen,
Balpral,origin_repeats_morphology,Bal growth + Pral skilled craft,
Balpralaen,origin_repeats_morphology,Bal growth + Pral skilled practice + -aen,
Balral,origin_repeats_morphology,Bal growth + Ral caretaker,
Balshan,origin_repeats_morphology,Bal growth + Shan transfer,
Balvek,origin_repeats_morphology,Bal living growth + Vek carrier,
Beldava,origin_repeats_morphology,Bel organized system + Dava information,
Belkes,origin_repeats_morphology,Bel organized structure + Kes observation,
Belkoraen,origin_repeats_morphology,Bel + Kor + -aen,
Belkren,origin_repeats_morphology,Bel binding or joined system + Kren metal,
Belmek,origin_repeats_morphology,Bel fastening + Mek constructed mechanism,
Belmekaen,origin_repeats_morphology,Belmek fastener + -aen,
Belnoraen,origin_repeats_morphology,Bel coordinated system + Nor time or event flow + -aen verb,
Belor,origin_repeats_morphology,Bel organized system or binding + -or realized domain,
Belpralmek,origin_repeats_morphology,Bel weaving + Pral skilled arrangement + Mek apparatus,
Belraku,origin_repeats_morphology,Bel organized binding + Raku computation,
Belreth,origin_repeats_morphology,Bel + Reth,
Belrinpel,origin_repeats_morphology,Bel institutional binding + Rinpel authorizing seal,
Belshan,origin_repeats_morphology,Bel binding or controlled restriction + Shan passage,
Belsura,origin_repeats_morphology,Bel textile working + Sura animal hair or fur,
Belvekaen,origin_repeats_morphology,Bel binding or controlled restriction + Vek carrier + -aen,
Belvelrathor,origin_repeats_morphology,Bel + Velrathor,
Belverd,origin_repeats_morphology,Bel + Verd,
Belvoklor,origin_repeats_morphology,Belvok clan or family + Lor guidance or leadership,
Belwek,origin_repeats_morphology,Bel + Wek,
Belxar,origin_repeats_morphology,Bel woven or bound construction + Xar covering,
Belxaraen,origin_repeats_morphology,Belxar garment + -aen,
Belzhir,origin_repeats_morphology,Bel + Zhir,
Belzhirkavor,origin_repeats_morphology,Bel system + Zhir connected line + Kav preservation + -or place,
Belzhirvek,origin_repeats_morphology,Bel connected system + Zhirvek railcar,
Belzor,origin_repeats_morphology,Bel maintained bond or system + Zor animal,
Belzoraen,origin_repeats_morphology,Bel bind or coordinate + Zor animal + -aen,
Belzorral,origin_repeats_morphology,Belzor livestock + Ral caretaker,
Brosmorl,origin_repeats_morphology,Bros layering + Morl stone,
Brossadar,origin_repeats_morphology,Bros layer or stratum + Sadar sand,
Brosshara,origin_repeats_morphology,Bros layered or stacked + Shara route,
Brossov,origin_repeats_morphology,Bros layering + Sov cultivated plot,
Dakuaen,origin_repeats_morphology,Daku boredom + -aen verb,
Daraen,origin_repeats_morphology,Dar waiting + -aen verb.,
Davapral,origin_repeats_morphology,Dava information + Pral prepared working surface,
Davashanaen,origin_repeats_morphology,Dava information + Shan transfer + -aen verb,
Davaxar,origin_repeats_morphology,Dava information + Xar enclosing boundary,
Deldavaen,origin_repeats_morphology,Del two or paired instance + Dava information + -aen verb,
Delkorin,origin_repeats_morphology,Del pair + Korin hand or grip,
Delkormek,origin_repeats_morphology,Del two or paired + Kormek engine-driven machine,
Delmorl,origin_repeats_morphology,Del paired sides + Morl mountain or raised stone land,
Delnor,origin_repeats_morphology,Del + Nor,
Delpel,origin_repeats_morphology,Del paired structure + Pel cutting edge,
Delvelrathor,origin_repeats_morphology,Del + Velrathor,
Delwek,origin_repeats_morphology,Del two or paired + Wek cycle or rotation,
Deni,origin_repeats_morphology,Den deictic reference + I speaker anchor,
Denla,origin_repeats_morphology,Den deictic reference + La third-person or nonparticipant anchor,
Denya,origin_repeats_morphology,Den deictic reference + Ya listener anchor,
Dorvekaen,origin_repeats_morphology,Dor put or place + Vek vehicle or vessel + -aen,
Dovaen,origin_repeats_morphology,Dov play or recreation + -aen verb,
Dovath,origin_repeats_morphology,Dov play + Ath established or bounded completed form,
Dovhav,origin_repeats_morphology,Dov play + Hav laughter or amused response,
Dovhavral,origin_repeats_morphology,Dovhav humor + Ral practiced role,
Dovin,origin_repeats_morphology,Dov play + -in participant relation,
Dovkel,origin_repeats_morphology,Dov play + Kel speech or defined expression,
Dovkelaen,origin_repeats_morphology,Dovkel joke + -aen verb,
Dralbelaen,origin_repeats_morphology,Dral + Bel + -aen,
Dralfel,origin_repeats_morphology,Dral heavens + Fel small bounded part,
Drallor,origin_repeats_morphology,Dral heavens + Lor directed sight or focus,
Dralshara,origin_repeats_morphology,Dral + Shara,
Dralshen,origin_repeats_morphology,Dral heavens + Shen measured study,
Dralxar,origin_repeats_morphology,Dral heavens + Xar cover or shadow,
Dralxaraen,origin_repeats_morphology,Dralxar eclipse + -aen verb,
Drenartheth,origin_repeats_morphology,Dren water + Arth protection + -eth,
Drenesh,origin_repeats_morphology,Dren water-bearing substance + Esh sky,
Drenfel,origin_repeats_morphology,Dren river or water + Fel small,
Drenfellak,origin_repeats_morphology,Dren liquid + Fellak flour,
Drenjor,origin_repeats_morphology,Dren water + Jor surge,
Drenkavvek,origin_repeats_morphology,Dren liquid + Kav preservation + Vek vessel,
Drenpralaen,origin_repeats_morphology,Dren liquid or drink + Pral skilled making + -aen,
Drenrek,origin_repeats_morphology,Dren water + Rek peak intensity,
Drenselaen,origin_repeats_morphology,Dren + Sel + -aen,
Drentalaen,origin_repeats_morphology,Dren + Tal + -aen,
Drenvar,origin_repeats_morphology,Established Drenvaraen change + noun-forming base,
Drenvaraen,origin_repeats_morphology,Dren + Var + -aen,
Drenverd,origin_repeats_morphology,Dren water + Verd living plant growth,
Dreshal,origin_repeats_morphology,Dresh crystal + Shal light.,
Drobalaen,origin_repeats_morphology,Dro physical water + Bal growth + -aen,
Drobel,origin_repeats_morphology,Dro + Bel,
Drojormek,origin_repeats_morphology,Dro water + Jor surge + Mek construction,
Drokav,origin_repeats_morphology,Dro + Kav,
Dronjor,origin_repeats_morphology,Dro water + Njor structural span,
Dropralaen,origin_repeats_morphology,Dro physical water + Pral skilled shaping,
Droral,origin_repeats_morphology,Dro + Ral,
Drorav,origin_repeats_morphology,Dro + Rav,
Drosel,origin_repeats_morphology,Dro + Sel,
Droshara,origin_repeats_morphology,Dro ordinary physical water + Shara route,
Droshen,origin_repeats_morphology,Dro + Shen,
Dumaen,origin_repeats_morphology,Duma death + -aen verb,
Dumanali,origin_repeats_morphology,Duma death + Nali species,
Dumeth,origin_repeats_morphology,Duma death + -eth adjective,
Emilbel,origin_repeats_morphology,Emil food + Bel binding network,
Emildren,origin_repeats_morphology,Emil food or meal + Dren liquid,
Emilolan,origin_repeats_morphology,Emil food + Olan oil,
Emilpral,origin_repeats_morphology,Emil + Pral,
Emilpralaen,origin_repeats_morphology,Emil food + Pral skilled making + -aen,
Emilpraleth,origin_repeats_morphology,Emil food + Pral deliberate preparation + -eth,
Emilrav,origin_repeats_morphology,Emil + Rav,
Emilshan,origin_repeats_morphology,Emil food + Shan path or course,
Emilshara,origin_repeats_morphology,Emil food or meal + Shara path or ordered course,
Emiltash,origin_repeats_morphology,Emil food + Tash organ,
Emilzhir,origin_repeats_morphology,Emil food + Zhir connecting thread,
Esharu,origin_repeats_morphology,Esh thought or intellect + Aru magic,
Eshdren,origin_repeats_morphology,Esh air + Dren water,
Eshdrenaen,origin_repeats_morphology,Esh air or vapor + Dren water + -aen; food is supplied by the lexical meaning and context,
Eshjor,origin_repeats_morphology,Esh air + Jor surge,
Eshkar,origin_repeats_morphology,Esh sky + Kar strike,
Eshkrezaen,origin_repeats_morphology,Esh open air + Krez heat + -aen; food is supplied by the lexical meaning and context,
Eshlor,origin_repeats_morphology,Esh + Lor,
Eshlorral,origin_repeats_morphology,Esh air + Lor guidance + Ral practitioner,
Eshmekor,origin_repeats_morphology,Esh above + Mekor building,
Eshnor,origin_repeats_morphology,Esh air or sky + Nor time-state,
Eshpral,origin_repeats_morphology,Esh + Pral,
Eshpralaen,origin_repeats_morphology,Esh air or wind + Pral skilled shaping,
Eshpralor,origin_repeats_morphology,Esh raised + Pral flat surface + -or place,
Eshtrakor,origin_repeats_morphology,Esh air or openness + Trakor footwear,
Eshvan,origin_repeats_morphology,Esh sky/air + Van commercial site.,
Eshvaraen,origin_repeats_morphology,Esh air + Var travel + -aen,
Eshvek,origin_repeats_morphology,Esh air or sky + Vek carrier,
Eshweknor,origin_repeats_morphology,Esh sky or air + Wek recurring cycle + Nor extended time-state,
Eshxar,origin_repeats_morphology,Esh above + Xar cover,
Fahohm,origin_repeats_morphology,Fah fear + Ohm connection,
Fahohmaen,origin_repeats_morphology,Fahohm jealousy + -aen verb,
Fahreth,origin_repeats_morphology,Fah fear + Reth uncertainty,
Fahrethaen,origin_repeats_morphology,Fahreth anxiety + -aen verb,
Fekaen,origin_repeats_morphology,Fek feces + -aen verb,
Felath,origin_repeats_morphology,Fel + Ath,
Felbelor,origin_repeats_morphology,Fel smaller part + Belor organized domain,
Feldrenaen,origin_repeats_morphology,Fel + Dren + -aen,
Felkal,origin_repeats_morphology,Fel + Kal,
Felkalrav,origin_repeats_morphology,Fel + Kalrav,
Fellak,origin_repeats_morphology,Fel fineness or smallness + Lak grain substance,
Fellor,origin_repeats_morphology,Fel small or diminished scale + Lor directed sight or focus,
Fellun,origin_repeats_morphology,Fel small + Lun lake,
Felmek,origin_repeats_morphology,Fel smaller constituent + Mek constructed object,
Felmekreth,origin_repeats_morphology,Fel small or bounded part + Mekreth system malfunction,
Felmor,origin_repeats_morphology,Fel small or diminished + Mor matter,
Felmorl,origin_repeats_morphology,Fel small + Morl mountain,
Felnor,origin_repeats_morphology,Fel + Nor,
Felsadar,origin_repeats_morphology,Fel small or fine + Sadar granular earth,
Felshara,origin_repeats_morphology,Fel smaller division + Shara route,
Felshen,origin_repeats_morphology,Fel smaller part + Shen measurement,
Felshenaen,origin_repeats_morphology,Felshen sample + -aen verb,
Felthamaen,origin_repeats_morphology,Fel smallness + Tham structural breakdown + -aen,
Felvek,origin_repeats_morphology,Fel smallness + Vek carrier,
Felverd,origin_repeats_morphology,Fel smallness + Verd botanical growth,
Felvora,origin_repeats_morphology,Fel smaller + Vora planet or planetary body,
Felzhir,origin_repeats_morphology,Fel smallness or fineness + Zhir thread or line,
Fennildren,origin_repeats_morphology,Fennil leaf or herb + Dren liquid,
Fennilphel,origin_repeats_morphology,Fennil + Phel,
Gavin,origin_repeats_morphology,Gav hunt or pursuit + -in pursued participant,
Gavral,origin_repeats_morphology,Gav living-quarry pursuit + Ral watcher or practitioner,
Havaen,origin_repeats_morphology,Hav laughter + -aen verb,
Haveth,origin_repeats_morphology,Hav laughter + -eth quality,
Havrath,origin_repeats_morphology,Hav laughter + Rath adversarial relation,
Havrathaen,origin_repeats_morphology,Havrath mockery + -aen verb,
Hiraen,origin_repeats_morphology,Hir color + -aen,
Hirmor,origin_repeats_morphology,Hir color + Mor physical substance,
Ianath,origin_repeats_morphology,Ian direct possession + -ath established or enduring state,
Jekaen,origin_repeats_morphology,Jek + -aen,
Jekkal,origin_repeats_morphology,Jek coil or shaped turn + Kal stored force,
Jekkalrav,origin_repeats_morphology,Jek + Kalrav,
Jekkel,origin_repeats_morphology,Jek turn or twist + Kel stated expression,
Jekmek,origin_repeats_morphology,Jek rotation or twisting motion + Mek component,
Jekthamaen,origin_repeats_morphology,Jek + Tham + -aen,
Jekzhirvek,origin_repeats_morphology,Jek spiral or winding + Zhir line + Vek holder,
Jelaen,origin_repeats_morphology,Jel + -aen,
Jelkor,origin_repeats_morphology,Jel flavor or zest + Kor concentrated source or core,
Jornak,origin_repeats_morphology,Jor energetic surge or speed + Nak competition,
Jornakaen,origin_repeats_morphology,Jornak race + -aen verb,
Jornor,origin_repeats_morphology,Jor + Nor,
Jorvar,origin_repeats_morphology,Jor surge or quick movement + Var movement,
Jorvaraen,origin_repeats_morphology,Jorvar speed + -aen,
Jorzhael,origin_repeats_morphology,Jor urgent burst + Zhael restoration,
Jorzhel,origin_repeats_morphology,Jor surge + Zhel energy,
Jorzhelkav,origin_repeats_morphology,Jor burst + Zhelkav energy-storage cell,
Kaan,origin_repeats_morphology,Ka without or not having + An in or at,
Kaarthaen,origin_repeats_morphology,Ka cessation or without-state + Arth defense or resistance + -aen verb,
Kaaruaen,origin_repeats_morphology,Ka reversal or absence + Aru magic + -aen verb,
Kaarueth,origin_repeats_morphology,Ka absence + Aru magic + -eth adjective,
Kabelmekaen,origin_repeats_morphology,Ka reversal or removal + Belmek fastener + -aen,
Kadro,origin_repeats_morphology,Ka absence + Dro physical water,
Kadromav,origin_repeats_morphology,Ka absence + Dro physical water + Mav bodily illness,
Kadromor,origin_repeats_morphology,Ka absence + Dro water + Mor land,
Kaemilpraleth,origin_repeats_morphology,Ka absence + Emilpraleth cooked,
Kakalrav,origin_repeats_morphology,Ka + Kalrav,
Kakesrin,origin_repeats_morphology,Ka absence + Kesrin wakeful consciousness,
Kakesrinaen,origin_repeats_morphology,Kakesrin unconsciousness + -aen verb; intransitive,
Kakesrineth,origin_repeats_morphology,Kakesrin unconsciousness + -eth adjective,
Kalaru,origin_repeats_morphology,Kal physical power + Aru magic,
Kalbelrin,origin_repeats_morphology,Kal strength + Belrin woven fabric,
Kaldov,origin_repeats_morphology,Kal physical power or trained ability + Dov play,
Kalkel,origin_repeats_morphology,Kal authority or power + Kel declared word,
Kalmek,origin_repeats_morphology,Kal force or power + Mek constructed system,
Kalmetha,origin_repeats_morphology,Kal strength + Metha flesh or soft tissue,
Kalmorl,origin_repeats_morphology,Kal strength + Morl stone,
Kalrav,origin_repeats_morphology,Kal + Rav,
Kalravaen,origin_repeats_morphology,Kalrav + -aen,
Kalravor,origin_repeats_morphology,Kalrav + Or,
Kalrin,origin_repeats_morphology,Kal power + Rin embodied identity,
Kalshen,origin_repeats_morphology,Kal + Shen,
Kalvargora,origin_repeats_morphology,Kalvar arm + Gora joint,
Kalwek,origin_repeats_morphology,Kal + Wek,
Kaohmaen,origin_repeats_morphology,Ka reversal or absence + Ohmaen connect or attune,
Karjor,origin_repeats_morphology,Kar mechanical force + Jor surge.,
Karmek,origin_repeats_morphology,Kar tool-work or applied mechanical force + Mek constructed object,
Karthael,origin_repeats_morphology,Kar striking action + Thael rhythm,
Karthaelaen,origin_repeats_morphology,Karthael drum + -aen verb,
Karthaelral,origin_repeats_morphology,Karthael drum + Ral practiced role,
Karvek,origin_repeats_morphology,Kar + Vek,
Kasharaen,origin_repeats_morphology,Ka + Shara + -aen,
Kasul,origin_repeats_morphology,Ka absence or insufficiency + Sul resource,
Kathaenbelaen,origin_repeats_morphology,Ka reversal + Thaenbelaen bind a spirit,
Katharbelaen,origin_repeats_morphology,Ka reversal + Tharbelaen compel,
Kavaen,origin_repeats_morphology,Kav preservation or endurance through time + -aen verb,
Kavdava,origin_repeats_morphology,Kav preservation through time + Dava information,
Kavdavaen,origin_repeats_morphology,Kav preservation + Dava information + -aen verb,
Kavdeldava,origin_repeats_morphology,Kav preservation + Del second instance + Dava information,
Kavel,origin_repeats_morphology,Ka absence + Vel wisdom/stillness; approved lexicalized memory-gap meaning.,
Kavelrathor,origin_repeats_morphology,Ka + Velrathor,
Kavelzhiraen,origin_repeats_morphology,Ka + Vel + Zhir + -aen,
Kavkrez,origin_repeats_morphology,Kav preservation through time + Krez fire or anger,
Kavkrezaen,origin_repeats_morphology,Kavkrez resentment + -aen verb,
Kavok,origin_repeats_morphology,Ka + Vok,
Kavolan,origin_repeats_morphology,Kav preservation or enduring state + Olan oil-like water-resistant substance,
Kavral,origin_repeats_morphology,Kav + Ral,
Kavsul,origin_repeats_morphology,Kav preservation through time + Sul resource,
Kavvek,origin_repeats_morphology,Kav + Vek,
Kavzhelaen,origin_repeats_morphology,Kav preservation + Zhel energy + -aen verb,
Kaweleth,origin_repeats_morphology,Ka without or outside shared access + Wel community + -eth adjective,
Kaxaraen,origin_repeats_morphology,Ka + Xar + -aen,
Kaxardavaen,origin_repeats_morphology,Ka removal or reversal + Xardava encrypted information + -aen verb,
Kazhel,origin_repeats_morphology,Ka absence + Zhel power,
Keldoraen,origin_repeats_morphology,Kel + Dor + -aen,
Keljek,origin_repeats_morphology,Kel language + Jek twist,
Kelnemaen,origin_repeats_morphology,Kel language or expression + Nem understanding + -aen verb,
Kelpel,origin_repeats_morphology,Kel language or inscription + Pel narrow point,
Kelpral,origin_repeats_morphology,Kel expressed information + Pral prepared working surface,
Kelreth,origin_repeats_morphology,Kel stated claim + Reth uncertainty or conflict,
Keltharaen,origin_repeats_morphology,Kel express or name + Thar will + -aen,
Kelvekral,origin_repeats_morphology,Kel message or ordered language + Vek carrier + Ral entrusted role,
Kelvok,origin_repeats_morphology,Kel stated terms + Vok unity or formal bond,
Kelvordren,origin_repeats_morphology,Kelvor mouth + Dren fluid or flow,
Kelvorthamaen,origin_repeats_morphology,Kelvor + Tham + -aen,
Kesbrenaen,origin_repeats_morphology,Kes attentive noticing + Bren gathering or harvest + -aen,
Kesdava,origin_repeats_morphology,Kes observation + Dava information,
Kesdavaen,origin_repeats_morphology,Kes directed attention or detection + Dava information + -aen verb,
Keshen,origin_repeats_morphology,Kes observation + Shen measurement,
Keshenaen,origin_repeats_morphology,Keshen clinical examination + -aen verb,
Keshenath,origin_repeats_morphology,Keshen clinical examination + -ath established result,
Kesmek,origin_repeats_morphology,Kes detection or registration + Mek device,
Kesrin,origin_repeats_morphology,Kes awareness + Rin embodied inner self,
Kesrinaen,origin_repeats_morphology,Kesrin wakeful consciousness + -aen verb,
Kesvar,origin_repeats_morphology,Kes attention or noticing + Var purposeful movement,
Kesxar,origin_repeats_morphology,Kes awareness or noticing + Xar cover,
Kesxaraen,origin_repeats_morphology,Kesxar perceptual veil + -aen verb,
Khosaen,origin_repeats_morphology,Khos cough + -aen verb,
Khumkel,origin_repeats_morphology,Khum listening or reconciliation circle + Kel ordered speech,
Khumkelral,origin_repeats_morphology,Khumkel council + Ral entrusted caretaker role,
Khumkes,origin_repeats_morphology,Khum listening or reconciliation circle + Kes directed attention,
Khumrel,origin_repeats_morphology,"Khum reconciliation/listening circle + -rel soft flow or gentle expression; the same soft-flow component used in Velkrel, here describing compassion.",
Korinaen,origin_repeats_morphology,Korin + -aen,
Koringora,origin_repeats_morphology,Korin hand + Gora joint,
Korinxar,origin_repeats_morphology,Korin hand + Xar covering,
Korkalvar,origin_repeats_morphology,Kor source or core + Kalvar arm,
Kormek,origin_repeats_morphology,Kor functional core or source + Mek machine,
Kormekaen,origin_repeats_morphology,Kormek engine or motor + -aen,
Kormekvek,origin_repeats_morphology,Kormek engine or motor + Vek carrier,
Kormor,origin_repeats_morphology,Kor core + Mor ground or matter,
Kornali,origin_repeats_morphology,Kor home or belonging + Nali species,
Korpir,origin_repeats_morphology,Kor source core or grip + Pir digit,
Korsharvar,origin_repeats_morphology,Kor source or core + Sharvar leg,
Korwek,origin_repeats_morphology,Kor core + Wek rotation,
Krenral,origin_repeats_morphology,Kren metal + Ral practiced role,
Krenzhir,origin_repeats_morphology,Kren metal + Zhir line,
Krenzhirvek,origin_repeats_morphology,Krenzhir metal cable + Vek carrier,
Krezdralfel,origin_repeats_morphology,Krez heat or burning light + Dralfel meteoroid,
Krezdrenaen,origin_repeats_morphology,Krez heat + Dren liquid + -aen,
Krezdrenvek,origin_repeats_morphology,Krez heat + Dren liquid + Vek vessel,
Krezmorl,origin_repeats_morphology,Krez fire or heat + Morl stone,
Kreznyel,origin_repeats_morphology,Krez fire or heat + Nyel star,
Krezpral,origin_repeats_morphology,Krez + Pral,
Krezpralaen,origin_repeats_morphology,Krez fire or heat + Pral skilled shaping,
Krezshen,origin_repeats_morphology,Krez heat + Shen measure,
Krezvek,origin_repeats_morphology,Krez + Vek,
Lemath,origin_repeats_morphology,Lem + -ath,
Leyaen,origin_repeats_morphology,Leya sexual arousal + -aen verb,
Leyajor,origin_repeats_morphology,Leya sexual arousal + Jor surge or burst,
Leyajoraen,origin_repeats_morphology,Leyajor orgasm + -aen verb,
Lianbel,origin_repeats_morphology,Lian + Bel,
Liankavor,origin_repeats_morphology,Lian + Kav + -or,
Lianreth,origin_repeats_morphology,Lian + Reth,
Lianrethaen,origin_repeats_morphology,Lianreth + -aen,
Lianrethor,origin_repeats_morphology,Lianreth + Or,
Lianrethshen,origin_repeats_morphology,Lianreth + Shen,
Lianrethxar,origin_repeats_morphology,Lianreth + Xar,
Lianthal,origin_repeats_morphology,Lian + Thal,
Lianthalaen,origin_repeats_morphology,Lian + Thal + -aen,
Lianzhir,origin_repeats_morphology,Lian + Zhir,
Livaraen,origin_repeats_morphology,Livar preservation or anti-decay + -aen,
Lorbel,origin_repeats_morphology,Lor guidance or leadership + Bel organized system,
Lorbelaen,origin_repeats_morphology,Lorbel government + -aen verb,
Lorbelral,origin_repeats_morphology,Lorbel government + Ral entrusted caretaker role,
Lorinorxar,origin_repeats_morphology,Lorinor head + Xar covering,
Lorinshaldren,origin_repeats_morphology,Lorinshal eye + Dren fluid or flow,
Lorinshalxar,origin_repeats_morphology,Lorinshal eye + Xar protective covering,
Lormahr,origin_repeats_morphology,Lor + Mahr,
Lormek,origin_repeats_morphology,Lor guidance or directional focus + Mek device,
Lormekor,origin_repeats_morphology,Lor guidance or control + Mekor constructed place,
Lormekral,origin_repeats_morphology,Lor guidance or design + Mek constructed system + Ral entrusted practitioner,
Lorpel,origin_repeats_morphology,Lor directed focus or sightline + Pel precise point,
Lorpelaen,origin_repeats_morphology,Lorpel target + -aen verb,
Lorshara,origin_repeats_morphology,Lor guidance + Shara course or path,
Lorvekaen,origin_repeats_morphology,Lor guidance or directional focus + Vek carrier + -aen,
Lorvekral,origin_repeats_morphology,Lor directional control + Vek vehicle + Ral practitioner,
Lorzhir,origin_repeats_morphology,Lor jurisdictional guidance or authority + Zhir line,
Lorzhiranshan,origin_repeats_morphology,Lorzhir jurisdictional border + An inward + Shan passage or transfer,
Lorzhirthalshan,origin_repeats_morphology,Lorzhir jurisdictional border + Thal from or outward + Shan passage or transfer,
Luneth,origin_repeats_morphology,Lun moon + -eth adjective,
Mahrfennil,origin_repeats_morphology,"Mahr ocean + Fennil leaf, herb, or soft greens",
Mahrkal,origin_repeats_morphology,Mahr + Kal,
Mahrmorl,origin_repeats_morphology,Mahr sea + Morl ridge or stone structure,
Mahrowek,origin_repeats_morphology,Mahr + Wek,
Mahrpral,origin_repeats_morphology,Mahr sea or broad water + Pral flat working surface,
Mahrpralor,origin_repeats_morphology,Mahr sea or water body + Pral platform + -or place,
Mahrshalilaen,origin_repeats_morphology,Mahr sea or ocean + established Shalil flowing lightly + -aen verb,
Mahrvaraen,origin_repeats_morphology,Mahr sea + Var travel + -aen,
Mahrvek,origin_repeats_morphology,Mahr + Vek,
Mahrwel,origin_repeats_morphology,Mahr sea or large water + Wel continuous flow,
Mahrxaror,origin_repeats_morphology,Mahr sea or water body + Xar shelter + -or place,
Mahrxarvek,origin_repeats_morphology,Mahr sea + Xar enclosure or cover + Vek carrier,
Marasorl,origin_repeats_morphology,Mara uterus + Sorl neck,
Mavbal,origin_repeats_morphology,Mav illness + Bal living growth,
Mavbaleth,origin_repeats_morphology,Mavbal infection + -eth adjective,
Mavbalshanaen,origin_repeats_morphology,Mavbal infection + Shan passage + -aen verb,
Mavbalshaneth,origin_repeats_morphology,Mavbal infection + Shan passage or transfer + -eth adjective,
Mavbalxar,origin_repeats_morphology,Mavbal infection + Xar protective enclosure,
Maveth,origin_repeats_morphology,Mav + -eth,
Mavkes,origin_repeats_morphology,Mav illness + Kes noticed evidence,
Mavkrez,origin_repeats_morphology,Mav illness + Krez bodily heat,
Mavmor,origin_repeats_morphology,Mav bodily illness + Mor physical substance,
Mavmorzhael,origin_repeats_morphology,Mavmor poison + Zhael restoration,
Mavverd,origin_repeats_morphology,Mav illness + Verd plant life,
Mbaen,origin_repeats_morphology,Established Mb support + -aen verb,
Mbalanmor,origin_repeats_morphology,Mbalan relied-upon support + Mor physical matter,
Mekaru,origin_repeats_morphology,Mek constructed mechanism + Aru magic,
Mekeshpral,origin_repeats_morphology,Mek construction + Esh raised + Pral flat surface,
Mekkes,origin_repeats_morphology,Mek constructed system + Kes directed detection,
Mekkesaen,origin_repeats_morphology,Mekkes technical diagnostic examination + -aen verb,
Mekor,origin_repeats_morphology,Mek construction + -or place,
Mekpralor,origin_repeats_morphology,Mek construction + Pral skilled work + -or place,
Mekral,origin_repeats_morphology,Mek + Ral,
Mekrask,origin_repeats_morphology,Mek + Rask,
Mekreth,origin_repeats_morphology,Mek constructed system + Reth uncertainty or disorder,
Mekshara,origin_repeats_morphology,Mek construction + Shara route,
Miraen,origin_repeats_morphology,Mira embarrassment + -aen verb,
Mordralfel,origin_repeats_morphology,Mor ground or physical matter + Dralfel celestial fragment,
Morkar,origin_repeats_morphology,Mor earth or matter + Kar strike,
Morljor,origin_repeats_morphology,Morl mountain or stone + Jor surge,
Morlkagora,origin_repeats_morphology,Morlka foot + Gora joint,
Morlkapir,origin_repeats_morphology,Morlka foot + Pir digit,
Morlkavesh,origin_repeats_morphology,Morlka foot + Vesh back or rear bodily surface,
Morlpral,origin_repeats_morphology,Morl below or stone + Pral flat working surface,
Morlshan,origin_repeats_morphology,Morl stone or beneath + Shan passage,
Morlshara,origin_repeats_morphology,Morl mountain + Shara path,
Morlverd,origin_repeats_morphology,Morl stone or endurance + Verd botanical growth,
Morlzhir,origin_repeats_morphology,Morl ground or stone + Zhir thread,
Mormek,origin_repeats_morphology,Mor + Mek,
Mormekral,origin_repeats_morphology,Mormek worked or masonry stone + Ral practiced role,
Morolan,origin_repeats_morphology,Mor physical matter + Olan oily substance,
Morpralaen,origin_repeats_morphology,Mor matter or earth + Pral skilled shaping,
Morshen,origin_repeats_morphology,Mor matter + Shen measure,
Morvek,origin_repeats_morphology,Mor material load or grounded matter + Vek carrier,
Morzhael,origin_repeats_morphology,Mor physical embodiment + Zhael renewal,
Morzhelshan,origin_repeats_morphology,Mor physical ground or matter + Zhelshan conductor,
Muraen,origin_repeats_morphology,Mura smoke + -aen,
Nakaen,origin_repeats_morphology,Nak competition + -aen verb,
Nakin,origin_repeats_morphology,Nak competition + -in participant relation,
Naklorral,origin_repeats_morphology,Nak competition + Lor guidance + Ral entrusted practiced role,
Nakshara,origin_repeats_morphology,Nak competition + Shara ordered path or course,
Naktal,origin_repeats_morphology,Nak competition + Tal offering or transfer,
Nalior,origin_repeats_morphology,Nali species + -or place relation,
Naraen,origin_repeats_morphology,Nar nausea or emesis + -aen verb; lexicalized event sense,
Ndavimor,origin_repeats_morphology,Ndavi fixed vertical level + Mor ground,
Ndavior,origin_repeats_morphology,Ndavi vertical level + -or place,
Ndavivek,origin_repeats_morphology,Ndavi vertical level or change + Vek carrier,
Ndemaen,origin_repeats_morphology,Ndem blood + -aen verb,
Ndemshan,origin_repeats_morphology,Ndem blood + Shan path or course,
Ndemwek,origin_repeats_morphology,Ndem blood + Wek cycle or recurrence,
Ndemwekaen,origin_repeats_morphology,Ndemwek menstruation + -aen verb,
Nderuxar,origin_repeats_morphology,Nderu testicle + Xar protective covering,
Nemaen,origin_repeats_morphology,Nem understanding + -aen verb,
Neshbrenaen,origin_repeats_morphology,Nesh aquatic creature + Bren harvest + -aen,
Neshbrenral,origin_repeats_morphology,Nesh aquatic creature + Bren harvest + Ral practitioner,
Neshmorl,origin_repeats_morphology,Nesh aquatic creature + Morl stone or mineral structure,
Nethmek,origin_repeats_morphology,Neth rest or support + Mek constructed object,
Nethnor,origin_repeats_morphology,Neth + Nor,
Nethvek,origin_repeats_morphology,Neth bodily rest or support + Vek carrier,
Ngarjor,origin_repeats_morphology,Ngar weapon + Jor burst or discharge,
Ngarjoraen,origin_repeats_morphology,Ngar weapon + Jor burst or release + -aen verb,
Ngarpel,origin_repeats_morphology,Ngar weapon + Pel sharpness piercing quality,
Ngarvek,origin_repeats_morphology,Ngar weapon + Vek carried charge or substance,
Ngarwel,origin_repeats_morphology,Ngar weapon + Wel organized collective,
Ngarzhel,origin_repeats_morphology,Ngar weapon + Zhel spark energy or charge,
Ngarzhir,origin_repeats_morphology,Ngar weapon + Zhir narrow linear form,
Nkathal,origin_repeats_morphology,Nk endurance/hidden strength + Thal balance; approved grief meaning.,
Nokashan,origin_repeats_morphology,Noka vulval anatomy + Shan passage,
Nolaen,origin_repeats_morphology,Nol + -aen,
Noraen,origin_repeats_morphology,Nor time + -aen verb; approved guidance-through-experience meaning.,
Noral,origin_repeats_morphology,Nor time + -al duration; lexicalized nighttime meaning approved by user.,
Normav,origin_repeats_morphology,Nor + Mav,
Normaveth,origin_repeats_morphology,Normav + -eth,
Normek,origin_repeats_morphology,Nor time + Mek device,
Norpral,origin_repeats_morphology,Nor unfolding time + Pral skilled expressive work,
Norpralaen,origin_repeats_morphology,Norpral live performance + -aen verb,
Norpralor,origin_repeats_morphology,Norpral live performance + -or place or bounded setting,
Norpralral,origin_repeats_morphology,Norpral live performance + Ral practiced role,
Norreth,origin_repeats_morphology,Nor + Reth,
Norshan,origin_repeats_morphology,Nor + Shan,
Norshanaen,origin_repeats_morphology,Norshan + -aen,
Norzhir,origin_repeats_morphology,Nor + Zhir,
Numaen,origin_repeats_morphology,Num + -aen,
Numor,origin_repeats_morphology,Num swallow or consume + -or place or region,
Nyelbel,origin_repeats_morphology,Nyel star + Bel organized binding,
Nyeleth,origin_repeats_morphology,Nyel star + -eth adjective,
Nyelzhir,origin_repeats_morphology,Nyel star + Zhir connecting line or thread,
Ohmpel,origin_repeats_morphology,Ohm connection or attunement + Pel precise point,
Ohmreth,origin_repeats_morphology,Ohm attunement or connection + Reth disorder,
Ohmshal,origin_repeats_morphology,Ohm connection + Shal life,
Ohmshan,origin_repeats_morphology,Ohm connection + Shan passage or transfer,
Olanbelrin,origin_repeats_morphology,Olan oil + Belrin woven fabric,
Olankrezaen,origin_repeats_morphology,Olan oil + Krez heat + -aen; food is supplied by the lexical meaning and context,
Pelaen,origin_repeats_morphology,Pel sharpness or cutting edge + -aen,
Pelaivaen,origin_repeats_morphology,Pel + Aiv + -aen,
Peljekkel,origin_repeats_morphology,Pel edge or point + Jekkel irony,
Pelkar,origin_repeats_morphology,Pel cutting edge + Kar applied striking force,
Pelkorin,origin_repeats_morphology,Pel piercing sharpness + Korin hand,
Pelkrezaen,origin_repeats_morphology,Pel sharp concentration + Krez heat + -aen; food is supplied by the lexical meaning and context,
Pelmorl,origin_repeats_morphology,Pel sharp edge + Morl stone landform,
Pelnor,origin_repeats_morphology,Pel cutting edge + Nor time,
Pelsheneth,origin_repeats_morphology,Pel sharp clarity or fine point + Shen measure + -eth adjective,
Pelvaraen,origin_repeats_morphology,Pel + Var + -aen,
Pelveltrakor,origin_repeats_morphology,Pel sharp edge + Vel ice or cold + Trakor footwear,
Pelvokaen,origin_repeats_morphology,Pel + Vok + -aen,
Pralbal,origin_repeats_morphology,Pral deliberate skilled making + Bal growth,
Pralfel,origin_repeats_morphology,Pral deliberate making + Fel constituent portion,
Pralhav,origin_repeats_morphology,Pral skilled intricate making + Hav comic response,
Pralilan,origin_repeats_morphology,Pral skilled craft + Ilan student or follower,
Pralral,origin_repeats_morphology,Pral skilled craftsmanship + Ral practiced role,
Pralvek,origin_repeats_morphology,Pral prepared flat working surface + Vek carrier,
Rakel,origin_repeats_morphology,Ra + Kel,
Rakuaen,origin_repeats_morphology,Raku computation + -aen verb,
Rakufelmek,origin_repeats_morphology,Raku computation + Felmek component,
Rakukel,origin_repeats_morphology,Raku computation + Kel language or text,
Rakumek,origin_repeats_morphology,Raku computation + Mek machine,
Rakushara,origin_repeats_morphology,Raku computation + Shara ordered path,
Rathjor,origin_repeats_morphology,Rath hostile opposition + Jor forceful surge or clash,
Rathlorkel,origin_repeats_morphology,Rathlor danger + Kel stated message,
Rathnali,origin_repeats_morphology,Rath danger + Nali species,
Rathnor,origin_repeats_morphology,Rath hostile opposition or foe + Nor continuing time or event duration,
Rathorjor,origin_repeats_morphology,Rathor + Jor,
Rathrin,origin_repeats_morphology,Rath hostile pressure or harm + Rin essence,
Rathshannali,origin_repeats_morphology,Rath danger + Shannali introduced species,
Rathzor,origin_repeats_morphology,Rath dangerous opposing force + Zor animal,
Ravjor,origin_repeats_morphology,Rav pull or tension + Jor sudden energetic release,
Ravjorvek,origin_repeats_morphology,Ravjor bow + Vek carried projectile,
Ravkar,origin_repeats_morphology,Rav pull + Kar applied mechanical force,
Ravohm,origin_repeats_morphology,Rav pull or yearning + Ohm connection,
Ravohmaen,origin_repeats_morphology,Ravohm loneliness + -aen verb,
Ravshan,origin_repeats_morphology,Rav physical pull + Shan passage,
Ravvekaen,origin_repeats_morphology,Rav physical pull + Vek carrier + -aen,
Ravwek,origin_repeats_morphology,Rav pull or attraction + Wek cycle,
Ravwekaen,origin_repeats_morphology,Ravwek orbit + -aen verb,
Ravwekin,origin_repeats_morphology,Ravwek orbit + -in individual,
Ravzhel,origin_repeats_morphology,Rav pull or attraction + Zhel charge,
Rekaivaen,origin_repeats_morphology,Rek + Aiv + -aen,
Rekmav,origin_repeats_morphology,Rek peak heat or intensity + Mav bodily illness,
Rekmekreth,origin_repeats_morphology,Rek peak intensity + Mekreth malfunction,
Rekrathlor,origin_repeats_morphology,Rek peak intensity + Rathlor danger,
Remashalxar,origin_repeats_morphology,Rema face + Shal light or sight + Xar covering,
Remaxar,origin_repeats_morphology,Rema face + Xar covering,
Rethdava,origin_repeats_morphology,Reth confusion or disorder + Dava information,
Rethkal,origin_repeats_morphology,Reth disorder or uncertainty + Kal power,
Rethkaleth,origin_repeats_morphology,Rethkal power instability + -eth adjective,
Rethmor,origin_repeats_morphology,Reth + Mor,
Rethnem,origin_repeats_morphology,Reth uncertainty or disorder + Nem understanding,
Rethnemaen,origin_repeats_morphology,Rethnem misunderstanding + -aen verb,
Rethpral,origin_repeats_morphology,Reth + Pral,
Rethshara,origin_repeats_morphology,Reth + Shara,
Rethshen,origin_repeats_morphology,Reth uncertainty + Shen measure,
Rethzheldava,origin_repeats_morphology,Reth disorder + Zheldava signal,
Rethzhelshara,origin_repeats_morphology,Reth disorder + Zhelshara circuit,
Rimaen,origin_repeats_morphology,Rim celebration + -aen verb,
Rimor,origin_repeats_morphology,Rim celebration + -or place or time-bounded domain,
Rinarshor,origin_repeats_morphology,Rin essence + Arshor enveloping presence,
Rinaru,origin_repeats_morphology,Rin essence or inner spirit + Aru magic,
Rinbel,origin_repeats_morphology,Rin operative essence + Bel binding,
Rinbelaen,origin_repeats_morphology,Rinbel enchantment + -aen verb,
Rinbeleth,origin_repeats_morphology,Rinbel enchantment + -eth adjective,
Rinbelxar,origin_repeats_morphology,Rin identity + Belxar garment,
Rinmek,origin_repeats_morphology,Rin essential character + Mek constructed form,
Rinmekaen,origin_repeats_morphology,Rinmek model + -aen verb,
Rinpel,origin_repeats_morphology,Rin identity + Pel precise impressed mark,
Rinpral,origin_repeats_morphology,Rin inner essence + Pral skilled detailed making,
Rinpralral,origin_repeats_morphology,Rinpral art + Ral practiced role,
Rinshen,origin_repeats_morphology,Rin + Shen,
Rinvek,origin_repeats_morphology,Rin operative essence + Vek carrier or vessel,
Rivaen,origin_repeats_morphology,Riv + -aen,
Ruvanaen,origin_repeats_morphology,Ruvan organic decay + -aen,
Ruvaneth,origin_repeats_morphology,Ruvan organic decay + -eth,
Sadarjor,origin_repeats_morphology,Sadar sand + Jor surge,
Sadarmorl,origin_repeats_morphology,Sadar sand + Morl stone,
Savaen,origin_repeats_morphology,Sava ordinary health care + -aen verb,
Savin,origin_repeats_morphology,Sava ordinary health care + -in participant relation,
Savor,origin_repeats_morphology,Sava ordinary health care + -or place,
Seldrenvinaen,origin_repeats_morphology,Sel purity + Dren liquid + Vin extraction + -aen,
Selmek,origin_repeats_morphology,Sel + Mek,
Selmor,origin_repeats_morphology,Sel clear or unobstructed + Mor ground,
Selnemaen,origin_repeats_morphology,Sel mental clarity + Nem understanding + -aen verb,
Selpralaen,origin_repeats_morphology,Sel + Pral + -aen,
Selshan,origin_repeats_morphology,Sel physical clarity or purification + Shan passage,
Selshanaen,origin_repeats_morphology,Selshan filter + -aen,
Selzhir,origin_repeats_morphology,Sel smooth clarity + Zhir thread,
Serathrin,origin_repeats_morphology,Ser friend/ally + Ath enduring state + Rin essence; approved confidant meaning.,
Serdel,origin_repeats_morphology,Ser + Del,
Serilin,origin_repeats_morphology,Ser friend/kin + -il affectionate kinship diminutive + -in individual participant. The dedicated everyday meaning is sister/female sibling; the components do not broaden the headword to generic kin or sibling.,
Sernor,origin_repeats_morphology,Ser + Nor,
Servok,origin_repeats_morphology,Ser + Vok,
Shalbal,origin_repeats_morphology,Shal life or beginning + Bal budding growth,
Shalbalaen,origin_repeats_morphology,Shalbal birth + -aen verb,
Shalbaleth,origin_repeats_morphology,Shalbal birth + -eth adjective,
Shalil,origin_repeats_morphology,Shal light/radiance/hope + -il continuous light motion; motion imagined as effortless light across a surface.,
Shalilvek,origin_repeats_morphology,Established Shalil flowing or moving lightly + Vek carrier,
Shalkav,origin_repeats_morphology,Shal life + Kav preservation or endurance through time,
Shalnak,origin_repeats_morphology,Shal forward or light-facing position + Nak competition,
Shalnakaen,origin_repeats_morphology,Shalnak victory + -aen verb,
Shalnor,origin_repeats_morphology,Shal + Nor,
Shalpel,origin_repeats_morphology,Shal light + Pel precise point or edge,
Shalrin,origin_repeats_morphology,Shal life + Rin embodied self,
Shalrinaen,origin_repeats_morphology,Shalrin living organism + -aen verb,
Shalshan,origin_repeats_morphology,Shal light + Shan passage,
Shalvar,origin_repeats_morphology,Shal + Var,
Shanartheth,origin_repeats_morphology,Shan passage or transfer + Arth protection + -eth,
Shankalaen,origin_repeats_morphology,Shan passage + Kal power + -aen verb,
Shanmek,origin_repeats_morphology,Shan passage through a boundary + Mek constructed object,
Shanmorl,origin_repeats_morphology,Shan passage through + Morl stone land,
Shannali,origin_repeats_morphology,Shan transfer + Nali species,
Shantham,origin_repeats_morphology,Shan passage + Tham structural breakdown,
Shanvelrathor,origin_repeats_morphology,Shan + Velrathor,
Shanvelzhiraen,origin_repeats_morphology,Shan + Velzhiraen,
Sharaen,origin_repeats_morphology,Shara + -aen,
Sharalorin,origin_repeats_morphology,Shara route or path + Lorin guide or teacher,
Sharashen,origin_repeats_morphology,Shara path or route + Shen measured reference,
Sharavok,origin_repeats_morphology,Shara + Vok,
Sharvargora,origin_repeats_morphology,Sharvar leg + Gora joint,
Shenakar,origin_repeats_morphology,"Shen measure/coin + historical akar currency or exchange unit; akar is recorded only as a component of this word, not a new productive root.",
Shenbel,origin_repeats_morphology,Shen measurement or disciplined inquiry + Bel organized system,
Shenbeleth,origin_repeats_morphology,Shenbel science + -eth adjective,
Shendava,origin_repeats_morphology,Shen measured value + Dava information,
Shenkes,origin_repeats_morphology,Shen measured method + Kes notice or register,
Shenkesaen,origin_repeats_morphology,Shenkes formal observation + -aen verb,
Shenkesor,origin_repeats_morphology,Shen measure + Kes notice or observe + -or place,
Shenlian,origin_repeats_morphology,Shen + Lian,
Shenlianaen,origin_repeats_morphology,Shenlian reference standard + -aen,
Shenlianeth,origin_repeats_morphology,Shenlian standard + -eth adjective,
Shenmek,origin_repeats_morphology,Shen measure + Mek device,
Shenpralor,origin_repeats_morphology,Shen measure + Pral skilled work + -or place,
Shenral,origin_repeats_morphology,Shen measure or evaluation + Ral entrusted practitioner,
Shenreth,origin_repeats_morphology,Shen measurement + Reth uncertainty,
Shental,origin_repeats_morphology,Shen measure or assigned value + Tal transfer,
Shentalaen,origin_repeats_morphology,Shental allocation + -aen,
Shentalzhael,origin_repeats_morphology,Shen measured assignment + Talzhael defined treatment,
Shenvarash,origin_repeats_morphology,Shen measured method + Varash future,
Shenvarashaen,origin_repeats_morphology,Shenvarash prediction + -aen verb,
Shenzhir,origin_repeats_morphology,Shen measure + Zhir line,
Sivathaen,origin_repeats_morphology,Siv + Ath + -aen,
Sivkel,origin_repeats_morphology,Siv attempt under uncertainty + Kel statement or text,
Sivrethaen,origin_repeats_morphology,Siv + Reth + -aen,
Sivshen,origin_repeats_morphology,Siv attempt under uncertainty + Shen measurement,
Sivshenaen,origin_repeats_morphology,Sivshen experiment + -aen verb,
Sivshenlian,origin_repeats_morphology,Sivshen experiment + Lian reliable reference,
Sivvok,origin_repeats_morphology,Siv directed effort + Vok unity or bond,
Songaeth,origin_repeats_morphology,Songa universe + -eth adjective,
Songashen,origin_repeats_morphology,Songa universe + Shen measured study,
Songazun,origin_repeats_morphology,Songa universe + Zun empty,
Suvaen,origin_repeats_morphology,Suv sweat + -aen verb,
Talemilaen,origin_repeats_morphology,Tal give or offer + Emil food + -aen,
Talzhael,origin_repeats_morphology,Tal directed application + Zhael restoration,
Talzhaelaen,origin_repeats_morphology,Talzhael defined treatment + -aen verb,
Tenarpralaen,origin_repeats_morphology,Tenar steady radiance + Pral skilled shaping,
Terrakav,origin_repeats_morphology,Terra living world + Kav preservation,
Terramahr,origin_repeats_morphology,Terra land + Mahr ocean,
Terramav,origin_repeats_morphology,Terra living world or land + Mav sickness,
Terrarav,origin_repeats_morphology,Terra earth/homeland + Rav pull/yearning.,
Terrazhael,origin_repeats_morphology,Terra living world + Zhael renewal,
Teshaen,origin_repeats_morphology,Tesh + -aen,
Thaelaen,origin_repeats_morphology,Thael rhythm or patterned movement + -aen verb,
Thaelral,origin_repeats_morphology,Thael rhythm or dance + Ral practiced role,
Thaenbel,origin_repeats_morphology,Thaen spirit + Bel binding,
Thaenbelaen,origin_repeats_morphology,Thaenbel spirit-binding + -aen verb,
Thaenin,origin_repeats_morphology,Thaen spirit-breath + -in individual participant,
Thaenohm,origin_repeats_morphology,Thaen spirit + Ohm connection,
Thaenohmaen,origin_repeats_morphology,Thaenohm spirit contact + -aen verb,
Thalbel,origin_repeats_morphology,Thal + Bel,
Thaldavaen,origin_repeats_morphology,Thal from or outward relation + Dava information + -aen verb,
Thalesh,origin_repeats_morphology,Thal balance + -esh relational belonging; approved balance-rite meaning.,
Thalkelreth,origin_repeats_morphology,Thal balance + Kelreth dispute,
Thalkelrethaen,origin_repeats_morphology,Thalkelreth arbitration + -aen,
Thalmek,origin_repeats_morphology,Thal from or out of + Mek constructed system,
Thalnak,origin_repeats_morphology,Thal equilibrium + Nak competition,
Thalnakin,origin_repeats_morphology,Thal reciprocal balance + Nakin competitor,
Thalnor,origin_repeats_morphology,Thal + Nor,
Thalnoraen,origin_repeats_morphology,Thal + Nor + -aen,
Thalor,origin_repeats_morphology,Thal from/out of + -or place.,
Thalorimor,origin_repeats_morphology,Thalorim + -or,
Thalshanaen,origin_repeats_morphology,Thal outward or from + Shan boundary passage + -aen verb,
Thalvanesh,origin_repeats_morphology,Thal from or outward + Vanesh formal trade,
Thalvekaen,origin_repeats_morphology,Thal from or out of + Vek carrier + -aen,
Thalwelvar,origin_repeats_morphology,Thal outward or from + Wel coordinated group + Var movement,
Thalwelvaraen,origin_repeats_morphology,Thalwelvar evacuation + -aen verb,
Thalzhelaen,origin_repeats_morphology,Thal from or outward + Zhel charge + -aen verb,
Thamkar,origin_repeats_morphology,Tham crushing + Kar applied striking force,
Thamvek,origin_repeats_morphology,Tham crushing or structural breakdown + Vek vessel,
Tharbel,origin_repeats_morphology,Thar will or emotional core + Bel binding,
Tharbelaen,origin_repeats_morphology,Tharbel compulsion + -aen verb,
Tharshara,origin_repeats_morphology,Thar + Shara,
Tharsharaen,origin_repeats_morphology,Thar + Shara + -aen,
Tharvok,origin_repeats_morphology,Thar heart + Vok unity/bond.,
Theren,origin_repeats_morphology,Ter dwelling/home place + -en collective or settlement place; the approved euphonic aspiration in this word changes Ter to Ther-. This does not replace honorific -en.,
Tirkal,origin_repeats_morphology,Tir + Kal,
Tlamor,origin_repeats_morphology,Tla intimacy or close connection + Mor physical embodiment or matter,
Tlamoraen,origin_repeats_morphology,Tlamor sex + -aen verb,
Tlamoreth,origin_repeats_morphology,Tlamor sex + -eth adjective,
Tovaen,origin_repeats_morphology,Tov + -aen,
Trakshalilaen,origin_repeats_morphology,Trak foot-borne movement + established Shalil flowing lightly + -aen verb,
Urenaen,origin_repeats_morphology,Uren urine + -aen verb,
Urenshan,origin_repeats_morphology,Uren urine + Shan passage,
Urenvek,origin_repeats_morphology,Uren urine + Vek vessel or container,
Vaarbelwek,origin_repeats_morphology,Vaar safety + Belwek ordered recurring process,
Vaarrin,origin_repeats_morphology,Vaar peace or beneficial harmony + Rin essence,
Vaarshan,origin_repeats_morphology,Vaar safety + Shan passage or transfer,
Vaarshanaen,origin_repeats_morphology,Vaarshan rescue + -aen verb,
Vaarshen,origin_repeats_morphology,Vaar + Shen,
Varan,origin_repeats_morphology,"Var movement + An location; specialized locative-stative form, not continuous -al.",
Varbelor,origin_repeats_morphology,Var travel + Bel organized system + -or place,
Varnor,origin_repeats_morphology,Var + Nor,
Varokmek,origin_repeats_morphology,Varok command or direction + Mek device,
Varokraku,origin_repeats_morphology,Varok direction or command + Raku rule-governed operation,
Varokrakuaen,origin_repeats_morphology,Varokraku automation + -aen verb,
Varokrakueth,origin_repeats_morphology,Varokraku automation + -eth adjective,
Varral,origin_repeats_morphology,Var move + -ral agent/practitioner: one who carries out the activity. Independent Ral retains caretaker/watcher meanings.,
Varrinmek,origin_repeats_morphology,Var motion or change + Rinmek model,
Varrinmekaen,origin_repeats_morphology,Varrinmek simulation + -aen verb,
Varshanmek,origin_repeats_morphology,Var travel + Shan passage + Mek construction,
Varshel,origin_repeats_morphology,Var travel/move + shel pathway or route component.,
Varvek,origin_repeats_morphology,Var movement or travel + Vek carrier,
Vekaen,origin_repeats_morphology,Vek + -aen,
Vekin,origin_repeats_morphology,Vek carrier or transport + established -in person relation,
Vekmor,origin_repeats_morphology,Vek transport carrier + Mor physical matter or material load,
Vekpralor,origin_repeats_morphology,Vek vehicle + Pral prepared surface + -or place,
Vekvaraen,origin_repeats_morphology,Vek carried transport + Var travel + -aen,
Vekxaror,origin_repeats_morphology,Vek carrier or vehicle + Xar enclosure + -or place,
Velaivkor,origin_repeats_morphology,Vel cold + Aivkor wounded bodily site,
Velalivar,origin_repeats_morphology,Vel + Livar,
Velbelxar,origin_repeats_morphology,Vel cold endurance + Belxar garment,
Veljor,origin_repeats_morphology,Vel + Jor,
Velkelor,origin_repeats_morphology,Vel wisdom + Kel language or text + -or place,
Velkmorl,origin_repeats_morphology,Velk ice + Morl mountain or massive stone landform,
Velkrel,origin_repeats_morphology,"Velk ice/frozen water, from Vel coolness/stillness + -rel soft flow or gentle movement; the established breeze word evokes the soft flow of cool air. Velk retains its physical ice meaning.",
Vellivaraen,origin_repeats_morphology,Vel cold stillness + Livar preservation + -aen,
Velmav,origin_repeats_morphology,Vel severe cold or cold endurance + Mav bodily illness,
Velmor,origin_repeats_morphology,Vel + Mor,
Velnor,origin_repeats_morphology,Vel + Nor,
Velpralaen,origin_repeats_morphology,Vel cold stillness + Pral skilled shaping,
Velpraltrakor,origin_repeats_morphology,Vel cold + Pral flat working surface + Trakor footwear,
Velvaraen,origin_repeats_morphology,Vel stillness or slowness + Var movement + -aen,
Velxar,origin_repeats_morphology,Vel cold + Xar covering,
Velzhiraen,origin_repeats_morphology,Vel + Zhir + -aen,
Verdbel,origin_repeats_morphology,Verd botanical life + Bel binding,
Verdin,origin_repeats_morphology,Verd botanical life + -in individual participant,
Verdmarin,origin_repeats_morphology,Verd plant life + Marin branch,
Verdpel,origin_repeats_morphology,Verd plant life + Pel narrow edge or blade,
Verdselzhir,origin_repeats_morphology,Verd botanical growth + Sel smooth physical clarity + Zhir fiber or thread,
Verdsov,origin_repeats_morphology,Verd botanical growth + Sov cultivated plot,
Verdvin,origin_repeats_morphology,Verd + Vin,
Verdxar,origin_repeats_morphology,Verd plant + Xar protective covering,
Verkalkelaen,origin_repeats_morphology,Ver- negation + Kalkel official order + -aen,
Versul,origin_repeats_morphology,Ver negation or reversal + Sul resource,
Vethbel,origin_repeats_morphology,Veth hidden or unseen + Bel binding or restraint,
Vethdren,origin_repeats_morphology,Veth + Dren,
Vethnak,origin_repeats_morphology,Veth behind or shaded position + Nak competition,
Vethnakaen,origin_repeats_morphology,Vethnak defeat + -aen verb,
Vethnor,origin_repeats_morphology,Veth + Nor,
Vethpralaen,origin_repeats_morphology,Veth shade or hiddenness + Pral skilled shaping,
Vethshal,origin_repeats_morphology,Veth concealment + Shal light or revelation,
Vethshalaen,origin_repeats_morphology,Vethshal illusion + -aen verb,
Vethshaleth,origin_repeats_morphology,Vethshal illusion + -eth adjective,
Vethvar,origin_repeats_morphology,Veth + Var,
Vethvaraen,origin_repeats_morphology,Vethvar behind or toward the rear + -aen verb,
Vethvelrathor,origin_repeats_morphology,Veth + Velrathor,
Vilorsov,origin_repeats_morphology,Vilor small fruit or berry essence + Sov cultivated plot,
Vindrenaen,origin_repeats_morphology,Vin extraction + Dren water + -aen,
Voraeth,origin_repeats_morphology,Vora planet + -eth adjective,
Vorkaral,origin_repeats_morphology,Vor active role/place of action + Kar tool-work/mechanical force + nominal agent -al one engaged in continuous work. This records the explicit approved component breakdown for this word; verbal continuous -al remains distinct.,
Wekmek,origin_repeats_morphology,Wek circular cycle + Mek constructed component,
Wekrav,origin_repeats_morphology,Wek rotation + Rav pull,
Weksharaen,origin_repeats_morphology,Wek repetition + Shara route + -aen,
Weksivshen,origin_repeats_morphology,Wek repetition or cycle + Sivshen experiment,
Weksivshenaen,origin_repeats_morphology,Weksivshen replication + -aen verb,
Weksul,origin_repeats_morphology,Wek cycle + Sul resource,
Wekvaraen,origin_repeats_morphology,Wek cycle + Var move + -aen,
Wekxar,origin_repeats_morphology,Wek circularity + Xar cover,
Welaenthael,origin_repeats_morphology,Wel communal flow + Aenthael song,
Welarth,origin_repeats_morphology,Wel community or shared action + Arth defense,
Weleth,origin_repeats_morphology,Wel community or shared flow + -eth adjective,
Welgorm,origin_repeats_morphology,Wel shared or spreading field + Gorm contamination or soiling matter,
Welkelthar,origin_repeats_morphology,Wel community or shared action + Kel expressed + Thar will,
Welkrez,origin_repeats_morphology,Wel + Krez,
Welnali,origin_repeats_morphology,Wel shared collective + Nali species,
Welpralor,origin_repeats_morphology,Wel communal flow + Pral flat surface + -or place,
Welrin,origin_repeats_morphology,Wel community + Rin recognized identity,
Welrinath,origin_repeats_morphology,Welrin citizen + -ath established or enduring state,
Weltal,origin_repeats_morphology,Wel shared or multiple flow + Tal transfer,
Weltalaen,origin_repeats_morphology,Weltal distribution + -aen,
Welvek,origin_repeats_morphology,Wel communal flow + Vek transport,
Welzhirbel,origin_repeats_morphology,Wel joined system + Zhirbel strap,
Welzor,origin_repeats_morphology,Wel together or collective + Zor animal,
Workalrav,origin_repeats_morphology,Wor + Kalrav,
Worlian,origin_repeats_morphology,Wor + Lian,
Wornyelbel,origin_repeats_morphology,Wor great or abundant + Nyelbel star system,
Worshankal,origin_repeats_morphology,Wor excess + Shan passage + Kal power,
Worshankalaen,origin_repeats_morphology,Worshankal overchanneling + -aen verb,
Worsul,origin_repeats_morphology,Wor fullness or abundance + Sul resource,
Worxaror,origin_repeats_morphology,Wor great or full + Xaror room,
Worzhel,origin_repeats_morphology,Wor excess or abundance + Zhel energy,
Xaraen,origin_repeats_morphology,Xar + -aen,
Xardava,origin_repeats_morphology,Xar protective concealment + Dava information,
Xardavaen,origin_repeats_morphology,Xardava protected information + -aen verb,
Xarkaleth,origin_repeats_morphology,Xar covering or enclosure + Kaleth fortress or stronghold,
Xarkrezaen,origin_repeats_morphology,Xar enclosure + Krez heat + -aen; food is supplied by the lexical meaning and context,
Xarmetha,origin_repeats_morphology,Xar body or embodied exterior + Metha flesh or soft tissue,
Xarmorl,origin_repeats_morphology,Xar protective or concealing cover + Morl stone,
Xarnesh,origin_repeats_morphology,Xar protective covering + Nesh aquatic creature,
Xaror,origin_repeats_morphology,Xar enclosure + -or place,
Xarphelor,origin_repeats_morphology,Xar + Phel + -or,
Xarrin,origin_repeats_morphology,Xar cover or closure + Rin essence,
Xarvek,origin_repeats_morphology,Xar + Vek,
Xarwelor,origin_repeats_morphology,Xar enclosure + Wel communal flow + -or place,
Xarzhir,origin_repeats_morphology,Xar cover + Zhir line or thread,
Xilnalior,origin_repeats_morphology,Xil fragmentation + Nalior habitat,
Xilnor,origin_repeats_morphology,Xil + Nor,
Zeraen,origin_repeats_morphology,Zer sneeze + -aen verb,
Zevaen,origin_repeats_morphology,Zev envy + -aen verb,
Zhaeleth,origin_repeats_morphology,"Zhael bloom, renewal, or recent opening + -eth",
Zhaelolan,origin_repeats_morphology,Zhael restoration + Olan oil-like substance,
Zhaelphel,origin_repeats_morphology,Zhael restoration + Phel soothing relief,
Zhaelpralaen,origin_repeats_morphology,Zhael renewal + Pral skilled making + -aen,
Zhaelral,origin_repeats_morphology,Zhael + Ral,
Zhaelshen,origin_repeats_morphology,Zhael therapeutic restoration + Shen measured amount,
Zhelaen,origin_repeats_morphology,Zhel energy + -aen verb,
Zhelbel,origin_repeats_morphology,Zhel + Bel,
Zheldava,origin_repeats_morphology,Zhel energetic change + Dava information,
Zhelkav,origin_repeats_morphology,Zhel energy + Kav preservation or reserve,
Zhelkor,origin_repeats_morphology,Zhel energy or charge + Kor source,
Zhelpel,origin_repeats_morphology,Zhel charge + Pel precise edge or point,
Zhelpralaen,origin_repeats_morphology,Zhel energy or charge + Pral skilled shaping,
Zhelreth,origin_repeats_morphology,Zhel charge + Reth disorder,
Zhelshan,origin_repeats_morphology,Zhel charge + Shan passage,
Zhelshaneth,origin_repeats_morphology,Zhel energy or charge + Shan passage + -eth,
Zhelshara,origin_repeats_morphology,Zhel charge + Shara path,
Zhelvorkor,origin_repeats_morphology,Zhel charge + Vorkor gate,
Zhelwel,origin_repeats_morphology,Zhel charge or energy + Wel continuous flow,
Zhelxar,origin_repeats_morphology,Zhel charge + Xar protective cover,
Zhirath,origin_repeats_morphology,Zhir + Ath,
Zhirbel,origin_repeats_morphology,Zhir line or cord + Bel fastening,
Zhirkel,origin_repeats_morphology,Zhir continuity through time + Kel word or text,
Zhirkelral,origin_repeats_morphology,Zhirkel story + Ral practiced role,
Zhirkor,origin_repeats_morphology,Zhir + Kor,
Zhirnyel,origin_repeats_morphology,Zhir thread or line + Nyel star,
Zhirpel,origin_repeats_morphology,Zhir thread or fine line + Pel sharp point,
Zhirrathor,origin_repeats_morphology,Zhir lineage/connection through time + Rathor past/history.,
Zhirshara,origin_repeats_morphology,Zhir fixed line + Shara route,
Zhirvek,origin_repeats_morphology,Zhir fixed line + Vek carrier,
Zhirverd,origin_repeats_morphology,Zhir thread + Verd plant,
Zhivor,origin_repeats_morphology,Zhir lineage or thread through time + Vor place of bond or active role; the approved historical smoothing of this word yields Zhivor.,
Zordren,origin_repeats_morphology,Zor animal + Dren life-bearing liquid,
Zordrenvinaen,origin_repeats_morphology,Zor animal + Dren liquid + Vin extraction + -aen,
Zornelar,origin_repeats_morphology,Zor animal + Nelar nectar,
Zornethor,origin_repeats_morphology,Zor animal + Nethor resting place,
Zorxar,origin_repeats_morphology,Zor animal + Xar protective covering,
Zunesh,origin_repeats_morphology,Zun empty + Esh air,
Aenthaelral,variant_needs_visual_weight,Aenthaelaral,
Aivkor,variant_needs_visual_weight,Aivakor,
Aivkorxar,variant_needs_visual_weight,Aivakorxar,
Aneshxar,variant_needs_visual_weight,Aneshaxar,
Arthaxar,variant_needs_visual_weight,Arthxar,
Arthkal,variant_needs_visual_weight,Arthakal,
Arthkaraen,variant_needs_visual_weight,Arthakaraen,
Arthrin,variant_needs_visual_weight,Artharin,
Arthzhelshara,variant_needs_visual_weight,Arthazhelshara,
Athnor,variant_needs_visual_weight,Athanor,
Balpral,variant_needs_visual_weight,Balapral,
Balpralaen,variant_needs_visual_weight,Balapralaen,
Balral,variant_needs_visual_weight,Balaral,
Belkren,variant_needs_visual_weight,Belakren,
Belpralmek,variant_needs_visual_weight,Belapralmek,
Belreth,variant_needs_visual_weight,Belareth,
Belrinpel,variant_needs_visual_weight,Belrinapel,
Belvoklor,variant_needs_visual_weight,Belvokalor,
Belwek,variant_needs_visual_weight,Belewek; Belowek,
Belzhirkavor,variant_needs_visual_weight,Belazhirakavor,
Belzor,variant_needs_visual_weight,Belazor,
Belzoraen,variant_needs_visual_weight,Belazoraen,
Belzorral,variant_needs_visual_weight,Belzoraral,
Brosmorl,variant_needs_visual_weight,Brosamorl,
Brosshara,variant_needs_visual_weight,Brosashara,
Brossov,variant_needs_visual_weight,Brosasov,
Delwek,variant_needs_visual_weight,Delewek; Delowek,
Dovhav,variant_needs_visual_weight,Dovahav,
Dovhavral,variant_needs_visual_weight,Dovahavral,
Drallor,variant_needs_visual_weight,Dralalor,
Drenkavvek,variant_needs_visual_weight,Drenakavvek,
Drenpralaen,variant_needs_visual_weight,Drenapralaen,
Drentalaen,variant_needs_visual_weight,Drenatalaen,
Emildren,variant_needs_visual_weight,Emiladren,
Emilrav,variant_needs_visual_weight,Emilarav,
Eshdrenaen,variant_needs_visual_weight,Eshadrenaen,
Eshlorral,variant_needs_visual_weight,Eshloraral,
Eshpral,variant_needs_visual_weight,Eshapral,
Eshpralor,variant_needs_visual_weight,Eshapralor,
Eshweknor,variant_needs_visual_weight,Eshwekenor,
Eshxar,variant_needs_visual_weight,Eshaxar,
Fellor,variant_needs_visual_weight,Felalor,
Felmekreth,variant_needs_visual_weight,Felmekareth,
Fennildren,variant_needs_visual_weight,Fenniladren,
Gavral,variant_needs_visual_weight,Gavaral,
Jekkalrav,variant_needs_visual_weight,Jekakalrav,
Jekkel,variant_needs_visual_weight,Jekakel,
Jekmek,variant_needs_visual_weight,Jekemek,
Jekthamaen,variant_needs_visual_weight,Jekathamaen,
Jekzhirvek,variant_needs_visual_weight,Jekazhirvek,
Kalkel,variant_needs_visual_weight,Kalakel,
Kalmorl,variant_needs_visual_weight,Kalamorl,
Kalwek,variant_needs_visual_weight,Kalewek; Kalowek,
Karthael,variant_needs_visual_weight,Karathael,
Karthaelaen,variant_needs_visual_weight,Karathaelaen,
Karthaelral,variant_needs_visual_weight,Karathaelaral,
Kavdeldava,variant_needs_visual_weight,Kavadeldava,
Kavkrez,variant_needs_visual_weight,Kavakrez,
Kavkrezaen,variant_needs_visual_weight,Kavakrezaen,
Kavvek,variant_needs_visual_weight,Kavavek,
Kelvekral,variant_needs_visual_weight,Kelvekaral,
Kelvordren,variant_needs_visual_weight,Kelvoradren,
Kesbrenaen,variant_needs_visual_weight,Kesabrenaen,
Kesvar,variant_needs_visual_weight,Kesavar,
Khumkel,variant_needs_visual_weight,Khumakel,
Khumkelral,variant_needs_visual_weight,Khumakelral,
Kormekvek,variant_needs_visual_weight,Kormekavek,
Korwek,variant_needs_visual_weight,Korewek; Korowek,
Krenral,variant_needs_visual_weight,Krenaral,
Krenzhir,variant_needs_visual_weight,Krenazhir,
Krenzhirvek,variant_needs_visual_weight,Krenazhirvek,
Krezdralfel,variant_needs_visual_weight,Krezadralfel,
Krezdrenvek,variant_needs_visual_weight,Krezadrenvek,
Krezmorl,variant_needs_visual_weight,Krezamorl,
Kreznyel,variant_needs_visual_weight,Krezenyel,
Krezpral,variant_needs_visual_weight,Krezapral,
Krezpralaen,variant_needs_visual_weight,Krezapralaen,
Lianrethshen,variant_needs_visual_weight,Lianrethashen,
Lianrethxar,variant_needs_visual_weight,Lianrethaxar,
Lorinshaldren,variant_needs_visual_weight,Lorinshaladren,
Lorinshalxar,variant_needs_visual_weight,Lorinshalaxar,
Lormekral,variant_needs_visual_weight,Lormekaral,
Lorpel,variant_needs_visual_weight,Lorapel,
Lorvekral,variant_needs_visual_weight,Lorvekaral,
Mahrowek,variant_needs_visual_weight,Mahrwek,
Mahrpralor,variant_needs_visual_weight,Mahrapralor,
Mahrshalilaen,variant_needs_visual_weight,Mahrashalilaen,
Mahrxaror,variant_needs_visual_weight,Mahraxaror,
Mavbal,variant_needs_visual_weight,Mavabal,
Mavbalxar,variant_needs_visual_weight,Mavabalxar,
Mavkrez,variant_needs_visual_weight,Mavakrez,
Mavmor,variant_needs_visual_weight,Mavamor,
Mavmorzhael,variant_needs_visual_weight,Mavamorzhael,
Mekeshpral,variant_needs_visual_weight,Mekeshapral,
Mekpralor,variant_needs_visual_weight,Mekapralor,
Mordralfel,variant_needs_visual_weight,Moradralfel,
Morlpral,variant_needs_visual_weight,Morlapral,
Morlshan,variant_needs_visual_weight,Morlashan,
Morlverd,variant_needs_visual_weight,Morlaverd,
Mormekral,variant_needs_visual_weight,Mormekaral,
Morzhael,variant_needs_visual_weight,Morazhael,
Naklorral,variant_needs_visual_weight,Nakalorral,
Nakshara,variant_needs_visual_weight,Nakashara,
Naktal,variant_needs_visual_weight,Nakatal,
Neshbrenaen,variant_needs_visual_weight,Neshabrenaen,
Neshmorl,variant_needs_visual_weight,Neshamorl,
Nethmek,variant_needs_visual_weight,Nethamek,
Nethnor,variant_needs_visual_weight,Nethanor,
Nethvek,variant_needs_visual_weight,Nethavek,
Ngarjor,variant_needs_visual_weight,Ngarajor,
Ngarjoraen,variant_needs_visual_weight,Ngarajoraen,
Ngarpel,variant_needs_visual_weight,Ngarapel,
Ngarvek,variant_needs_visual_weight,Ngaravek,
Ngarwel,variant_needs_visual_weight,Ngarawel,
Ngarzhel,variant_needs_visual_weight,Ngarazhel,
Ngarzhir,variant_needs_visual_weight,Ngarazhir,
Norpralral,variant_needs_visual_weight,Norpralaral,
Nyelzhir,variant_needs_visual_weight,Nyelezhir,
Olankrezaen,variant_needs_visual_weight,Olanakrezaen,
Peljekkel,variant_needs_visual_weight,Pelajekkel,
Pelkrezaen,variant_needs_visual_weight,Pelakrezaen,
Pelveltrakor,variant_needs_visual_weight,Pelvelatrakor,
Pralbal,variant_needs_visual_weight,Pralabal,
Pralral,variant_needs_visual_weight,Pralaral,
Rathjor,variant_needs_visual_weight,Rathajor,
Rathnor,variant_needs_visual_weight,Rathanor,
Rathrin,variant_needs_visual_weight,Ratharin,
Rathshannali,variant_needs_visual_weight,Rathashannali,
Ravjor,variant_needs_visual_weight,Ravajor,
Ravjorvek,variant_needs_visual_weight,Ravajorvek,
Ravkar,variant_needs_visual_weight,Ravekar,
Rekmav,variant_needs_visual_weight,Rekamav,
Rekmekreth,variant_needs_visual_weight,Rekamekreth,
Rekrathlor,variant_needs_visual_weight,Rekarathlor,
Remashalxar,variant_needs_visual_weight,Remashalaxar,
Rethkal,variant_needs_visual_weight,Rethakal,
Rethmor,variant_needs_visual_weight,Rethamor,
Rethnem,variant_needs_visual_weight,Rethanem,
Rethnemaen,variant_needs_visual_weight,Rethanemaen,
Rethpral,variant_needs_visual_weight,Rethapral,
Rethweknor,variant_needs_visual_weight,Retheweknor,
Rethzheldava,variant_needs_visual_weight,Rethazheldava,
Rethzhelshara,variant_needs_visual_weight,Rethazhelshara,
Rinpralral,variant_needs_visual_weight,Rinpralaral,
Seldrenvinaen,variant_needs_visual_weight,Seladrenvinaen,
Serilin,variant_needs_visual_weight,serilín,
Shalbal,variant_needs_visual_weight,Shalabal,
Shalbaleth,variant_needs_visual_weight,Shalabaleth,
Shalkav,variant_needs_visual_weight,Shalakav,
Shenpralor,variant_needs_visual_weight,Shenapralor,
Shenral,variant_needs_visual_weight,Shenaral,
Sivrethaen,variant_needs_visual_weight,Sivarethaen,
Sivvok,variant_needs_visual_weight,Sivavok,
Talzhael,variant_needs_visual_weight,Talazhael,
Thaelral,variant_needs_visual_weight,Thaelaral,
Thalkelreth,variant_needs_visual_weight,Thalakelreth,
Thalkelrethaen,variant_needs_visual_weight,Thalakelrethaen,
Trakshalilaen,variant_needs_visual_weight,Trakashalilaen,
Urenshan,variant_needs_visual_weight,Urenashan,
Varrinmek,variant_needs_visual_weight,Vararinmek,
Varrinmekaen,variant_needs_visual_weight,Vararinmekaen,
Varvek,variant_needs_visual_weight,Varavek,
Vekpralor,variant_needs_visual_weight,Vekapralor,
Vekxaror,variant_needs_visual_weight,Vekaxaror,
Velalivar,variant_needs_visual_weight,Vellivar,
Velkmorl,variant_needs_visual_weight,Velkamorl,
Vellivaraen,variant_needs_visual_weight,Velalivaraen,
Velmav,variant_needs_visual_weight,Velamav,
Velpraltrakor,variant_needs_visual_weight,Velpralatrakor,
Verdbel,variant_needs_visual_weight,Verdabel,
Verdselzhir,variant_needs_visual_weight,Verdeselzhir,
Verdsov,variant_needs_visual_weight,Verdasov,
Vethbel,variant_needs_visual_weight,Vethabel,
Vethnak,variant_needs_visual_weight,Vethanak,
Vethnakaen,variant_needs_visual_weight,Vethanakaen,
Vethnor,variant_needs_visual_weight,Vethanor,
Vethpralaen,variant_needs_visual_weight,Vethapralaen,
Vethvar,variant_needs_visual_weight,Vethavar,
Vethvaraen,variant_needs_visual_weight,Vethavaraen,
Vethvelrathor,variant_needs_visual_weight,Vethavelrathor,
Vindrenaen,variant_needs_visual_weight,Vinadrenaen,
Wekrav,variant_needs_visual_weight,Wekarav,
Wekvaraen,variant_needs_visual_weight,Wekavaraen,
Wekxar,variant_needs_visual_weight,Wekaxar,
Welpralor,variant_needs_visual_weight,Welapralor,
Wornyelbel,variant_needs_visual_weight,Worenyelbel,
Worshankal,variant_needs_visual_weight,Worashankal,
Worxaror,variant_needs_visual_weight,Woraxaror,
Xarkrezaen,variant_needs_visual_weight,Xarakrezaen,
Xarrin,variant_needs_visual_weight,Xararin,
Zhaelphel,variant_needs_visual_weight,Zhaelaphel,
Zhirkelral,variant_needs_visual_weight,Zhirkelaral,
Zhirnyel,variant_needs_visual_weight,Zhiranyel,
