headword_id,sense_order,visible,word_type,meaning,usage_note,root_word,source_entry_ids
i,1,Yes,Pronoun,I / Me (1st Person Singular),Remains simple and universal.,,LX-V1-0001
ilin,1,Yes,Pronoun,We / Us [Inclusive] (1st Person Plural),"Represents ""we"" as a group bound by common purpose.",,LX-V1-0002; LX-V4-0008
ilin,2,Yes,Pronoun,"Inclusive We: I + You (+ others). This is the communal, default ""we.""",,,LX-V1-0002; LX-V4-0008
ya,1,Yes,Pronoun,You (2nd Person Singular),A straightforward pronoun for “you.”,,LX-V1-0003
ya,2,Yes,Possessive,Your (direct personal suffix -ya),"Attach -ya to the possessed noun for body parts, inner states, and personal clothing.",,LX-V1-0003
yalin,1,Yes,Pronoun,You all / You / Y’all (2nd Person Plural),"""You all."" Signifies a collective of individuals addressed.",,LX-V1-0004
la,1,Yes,Pronoun,He / She / They (3rd Person Singular),Neutral pronoun meaning “he/she/they.”,,LX-V1-0005
lalin,1,Yes,Pronoun,They / Them (3rd Person Plural),Means “they” (a group not including speaker or addressee).,,LX-V1-0006
kadron,1,Yes,Noun,Man (masculine person),Default term for men.,,LX-V1-0007
azron,1,Yes,Noun,Woman (feminine person),Default term for women.,,LX-V1-0008
theon,1,Yes,Noun,Neutral person (non-binary),Represents balance or gender neutrality.,,LX-V1-0009
kadfel,1,Yes,Noun,Boy (young masculine person),Refers to a male child.,,LX-V1-0010
azfel,1,Yes,Noun,Girl (young feminine person),Refers to a female child.,,LX-V1-0011
theefel,1,Yes,Noun,Neutral child (non-binary child),Refers to a child of neutral identity.,,LX-V1-0012
azon,1,Yes,Noun,Feminine man,Describes a man with feminine qualities.,,LX-V1-0013
kadon,1,Yes,Noun,Masculine woman,Describes a woman with masculine traits.,,LX-V1-0014
var,1,Yes,Verb,Go / Move,Formal/purposeful use: deliberate or directed movement.,,LX-V1-0015; LX-V2-0034; LX-V2-0063; LX-V3-0010; LX-V4-0099
var,2,Yes,Preposition,To / Towards,,,LX-V1-0015; LX-V2-0034; LX-V2-0063; LX-V3-0010; LX-V4-0099
ser,1,Yes,Noun,Friend / Ally,,,LX-V1-0016; LX-V2-0036; LX-V2-0065; LX-V4-0076; LX-V4-0112
ser,2,Yes,Preposition,With,,,LX-V1-0016; LX-V2-0036; LX-V2-0065; LX-V4-0076; LX-V4-0112
ser,3,Yes,Conjunction,And,,,LX-V1-0016; LX-V2-0036; LX-V2-0065; LX-V4-0076; LX-V4-0112
thal,1,Yes,Noun,Balance / Harmony,,,LX-V1-0017; LX-V2-0008; LX-V2-0023; LX-V2-0072; LX-V4-0109; XR-thal
thal,2,Yes,Preposition,From / Out of,,,LX-V1-0017; LX-V2-0008; LX-V2-0023; LX-V2-0072; LX-V4-0109; XR-thal
ka,1,Yes,Preposition,Without,Standalone ka is exclusively without or no. Ownership uses a hyphenated possessor-ka form.,,LX-V1-0018; LX-V3-0018
ka,2,Yes,Interjection,No,Standalone ka is exclusively without or no. Ownership uses a hyphenated possessor-ka form.,,LX-V1-0018; LX-V3-0018
an,1,Yes,Preposition,"At, in (place)",Varan I an Varthas.,,LX-V1-0019
an,2,Yes,Preposition,Spatial contexts (“at/in” location),Preserved as standalone root/morpheme because source clearly defines it.,,DM-RM-V1-0013
nor,1,Yes,Noun,Time / Flow of Time,,,LX-V1-0020; LX-V2-0020; LX-V4-0100; XR-nor
nor,2,Yes,Preposition,At / In (time),,,LX-V1-0020; LX-V2-0020; LX-V4-0100; XR-nor
esh,1,Yes,Noun,Sky / Air,,,LX-V1-0021; LX-V2-0006; LX-V2-0071; LX-V4-0110; XR-esh
esh,2,Yes,Preposition,Above / Over,,,LX-V1-0021; LX-V2-0006; LX-V2-0071; LX-V4-0110; XR-esh
esh,3,Yes,Suffix,-esh (relational),,,LX-V1-0021; LX-V2-0006; LX-V2-0071; LX-V4-0110; XR-esh
morl,1,Yes,Noun,Mountain,,,LX-V2-0005; LX-V2-0066
morl,2,,Noun,Mountain; stone; endurance; the unchanging past,"Builds words for stone, mountain, endurance, stoicism, and unyielding material force.",Yes,XR-morl
morl,3,Yes,Preposition,"Under, beneath",Var I morl dren.,,LX-V1-0022
terra,1,Yes,Noun,Earth / Physical ground,,,LX-V2-0001; LX-V2-0073; LX-V4-0108; XR-terra
terra,2,Yes,Noun,The Heart of Terra / Mystical force,,,LX-V2-0001; LX-V2-0073; LX-V4-0108; XR-terra
dren,1,Yes,Noun,Water,,,LX-V2-0002
dren,2,Yes,Noun,Water - symbolic,"Use in rituals, court, formal address, writing, when emphasizing depth. Combine with Li- / -en.",,LX-V3-0011
dren,3,Yes,Noun,Water / River,,,LX-V2-0068
dren,4,,Noun,Water; flow; emotion; connection,"Builds words for water, flow, drinking, weather, and emotional or relational movement.",Yes,XR-dren
shal,1,Yes,Noun,Light / New Beginnings / Fate,,,LX-V2-0003; LX-V2-0069; LX-V4-0101; XR-shal
shal,2,Yes,Verb,Hope,,,LX-V2-0003; LX-V2-0069; LX-V4-0101; XR-shal
krez,1,Yes,Noun,Fire,,,LX-V2-0004; LX-V2-0070; LX-V4-0105; XR-krez
krez,2,Yes,Interjection,Blast! / Damn!,,,LX-V2-0004; LX-V2-0070; LX-V4-0105; XR-krez
thar,1,Yes,Noun,Heart,,,LX-V2-0007; LX-V2-0057; LX-V4-0115; XR-thar
thar,2,Yes,Modal,Want to,,,LX-V2-0007; LX-V2-0057; LX-V4-0115; XR-thar
vethor,1,Yes,Noun,Shadow / Mystery,,,LX-V2-0009; LX-V2-0067; LX-V4-0117
vethor,2,Yes,Verb,Sleep,,,LX-V2-0009; LX-V2-0067; LX-V4-0117
shara,1,Yes,Noun,Path / Journey,,,LX-V2-0010; XR-shara
shara,2,Yes,Verb,To follow a path / To navigate / To track,,,LX-V2-0010; XR-shara
zhilva,1,Yes,Interjection,"General ""Hello""",,,LX-V2-0011
amthaen,1,Yes,Interjection,"Friendly ""Hi""",,,LX-V2-0012
nekvar,1,Yes,Interjection,"""Good morning""",,,LX-V2-0013
kelithor,1,Yes,Interjection,"""Good afternoon""",,,LX-V2-0014
tlosen,1,Yes,Interjection,"""Good evening""",,,LX-V2-0015
jexhaer,1,Yes,Interjection,"""Good night""",,,LX-V2-0016
revalen,1,Yes,Interjection,"""Farewell""",,,LX-V2-0017
zharinor,1,Yes,Interjection,"""See you soon""",,,LX-V2-0018
vrekthael,1,Yes,Interjection,"Ceremonial ""Greetings""",,,LX-V2-0019
varash,1,Yes,Noun,Future / Prophecy,,,LX-V2-0021
rathor,1,Yes,Noun,Old City / Ancient Place,,,LX-V2-0085
rathor,2,Yes,Noun,Past / History,,,LX-V2-0022
shalor,1,Yes,Noun,"Light (discovery, vision, hope)",,,LX-V2-0059
shalor,2,Yes,Noun,Light / New Beginnings / Fate,,,LX-V2-0024
shalor,3,Yes,Noun,Sanctuary (light-filled place),,,LX-V2-0084
thaal,1,Yes,Noun,The Unknown / Wonder,,,LX-V2-0025; LX-V2-0060
thaal,2,Yes,Particle,Superlative marker: most,Original root/morpheme entry preserved.,,DM-RM-V3-0008
lian,1,Yes,Noun,Truth / Honesty,,,LX-V2-0026; LX-V2-0064; LX-V4-0114; XR-lian
lian,2,Yes,Verb,Pray,,,LX-V2-0026; LX-V2-0064; LX-V4-0114; XR-lian
lian,3,Yes,Modal,Can / Able to,,,LX-V2-0026; LX-V2-0064; LX-V4-0114; XR-lian
lumor,1,Yes,Noun,Light (enlightenment or insight),,,LX-V2-0027
lumor,2,Yes,Noun,Talisman,,,LX-V2-0027
aen,1,Yes,Verb,Speak / Tell / Breathe,"Formal/poetic use: deeper or ritual speaking. Use in rituals, court, formal address, writing, and when emphasizing depth. Combine with Li- / -en.",,LX-V2-0028; LX-V2-0062; LX-V3-0009; LX-V4-0102; DM-RM-V3-0005
aen,2,Yes,Conjunction,That,,,LX-V2-0028; LX-V2-0062; LX-V3-0009; LX-V4-0102; DM-RM-V3-0005
aen,3,Yes,Suffix,-aen (verb-forming),,,LX-V2-0028; LX-V2-0062; LX-V3-0009; LX-V4-0102; DM-RM-V3-0005
aen,4,Yes,Noun,Breath of Life,,,LX-V2-0028; LX-V2-0062; LX-V3-0009; LX-V4-0102; DM-RM-V3-0005
varok,1,Yes,Verb,Command / Direct,,,LX-V2-0029
arth,1,,Noun,Protection; defense; purposeful shielding,"Builds words for protection, defense, destiny-linked duty, and fortified purpose.",Yes,XR-arth
arth,2,Yes,Verb,Protect / Defend,,,LX-V2-0030
kal,1,Yes,Noun,Strength / Power,,,LX-V2-0031; LX-V4-0111; XR-kal
kal,2,Yes,Adjective,Strong,,,LX-V2-0031; LX-V4-0111; XR-kal
kal,3,Yes,Verb,To strengthen,,,LX-V2-0031; LX-V4-0111; XR-kal
kalor,1,Yes,Noun,Courage / Strength of Spirit,,,LX-V2-0042
kalor,2,Yes,Noun,Strength (of the mind or spirit),,,LX-V2-0032
seren,1,Yes,Noun,Guardian / Protector,,,LX-V2-0033
seren,2,Yes,Noun,Guardian/Protector,,,LX-V3-0007
arthen,1,Yes,Noun,Destiny / Purpose,,,LX-V2-0035
vaar,1,Yes,Noun,Peace / Unity,,,LX-V2-0037; LX-V2-0041; LX-V4-0113; XR-vaar
vaar,2,Yes,Adjective,Good,,,LX-V2-0037; LX-V2-0041; LX-V4-0113; XR-vaar
vaar,3,Yes,Interjection,Relief / Phew,,,LX-V2-0037; LX-V2-0041; LX-V4-0113; XR-vaar
ilan,1,Yes,Noun,Student / Follower,,,LX-V2-0038
lorin,1,Yes,Noun,Guide,,,LX-V2-0039; LX-V3-0005
lorin,2,Yes,Noun,Guide / Teacher,,,LX-V2-0039; LX-V3-0005
lorin,3,Yes,Verb,To guide,,,LX-V2-0039; LX-V3-0005
rath,1,Yes,Noun,Enemy / Foe,,,LX-V2-0040
rath,2,Yes,Particle,Conditional “If”,Preserved as standalone root/morpheme because source clearly defines it.,,DM-RM-V1-0012
rath,3,Yes,Particle,Conditional marker: if,Original root/morpheme entry preserved.,,DM-RM-V3-0009
fah,1,Yes,Noun,Darkness / Fear / Night,,,LX-V2-0043; LX-V4-0104; XR-fah
fah,2,Yes,Interjection,Ugh! / Bah!,,,LX-V2-0043; LX-V4-0104; XR-fah
thera,1,Yes,Noun,Longing / Yearning,,,LX-V2-0044
reth,1,Yes,Noun,Confusion / Uncertainty,,,LX-V2-0045; LX-V4-0077; LX-V4-0103
reth,2,Yes,Conjunction,Or,,,LX-V2-0045; LX-V4-0077; LX-V4-0103
vial,1,Yes,Noun,Joy / Happiness,,,LX-V2-0046
lorinor,1,Yes,Noun,Head,,,LX-V2-0047
lorinshal,1,Yes,Noun,Eye,,,LX-V2-0048
aenor,1,Yes,Noun,Ear,,,LX-V2-0049; LX-V4-0081; LX-V4-0107
aenor,2,Yes,Noun,Moment / Instant,,,LX-V2-0049; LX-V4-0081; LX-V4-0107
aenvor,1,Yes,Noun,Nose,,,LX-V2-0050
kelvor,1,Yes,Noun,Mouth,,,LX-V2-0051
sorl,1,Yes,Noun,Neck,,,LX-V2-0052
kalvar,1,Yes,Noun,Arm,,,LX-V2-0053
korin,1,Yes,Noun,Hand,,,LX-V2-0054
sharvar,1,Yes,Noun,Leg,,,LX-V2-0055
morlka,1,Yes,Noun,Foot,,,LX-V2-0056
dral,1,Yes,Noun,Sky / Wonder / Heavens,,,LX-V2-0058; LX-V4-0106; XR-dral
dral,2,Yes,Interjection,Wow! / Heavens!,,,LX-V2-0058; LX-V4-0106; XR-dral
tal,1,Yes,Verb,Give / Offer,,,LX-V2-0061; LX-V4-0116; XR-tal
tal,2,Yes,Verb,Take / Receive,,,LX-V2-0061; LX-V4-0116; XR-tal
morldren,1,Yes,Noun,Waterfall (mountain + water),,,LX-V2-0074
morldren,2,Yes,Noun,waterfall/mountain stream,Morl + Dren,,LX-V2-0144
verdor,1,Yes,Noun,forest place/realm,,,LX-V2-0075
mahr,1,Yes,Noun,ocean,,,LX-V2-0076
mahr,2,,Noun,Ocean; sea,"Builds words for tides, ocean force, vessels, and maritime practice.",Yes,XR-mahr
lun,1,Yes,Noun,Lake,,,LX-V2-0077
lun,2,,Noun,Lake; moon; reflected light; lunar stillness,"Builds words for lake, the Moon, reflected light, blue color, and lunar or monthly stillness.",Yes,XR-lun
lun,3,Yes,Noun,Moon; Ohnosha's natural satellite or lunar body,,,LX-LPC1-0001
velk,1,Yes,Noun,Ice/Frozen water,,,LX-V2-0078
awek,1,,Noun,Natural water spring; source,Builds words for natural spring water and channels supplied by a spring.,Yes,XR-awek
awek,2,Yes,Noun,Spring,,,LX-V2-0079
terlin,1,Yes,Noun,Island/beach,,,LX-V2-0080
kaleth,1,Yes,Noun,Fortress / Stronghold,,,LX-V2-0081
kaleth,2,Yes,Adjective,Strong / Powerful / Intense / High in magnitude or reading,,,LX-V2-0081
varthas,1,Yes,Noun,City / Town,,,LX-V2-0082
lorash,1,Yes,Noun,Temple / Shrine,,,LX-V2-0083
krezor,1,Yes,Noun,forge,Krez + or,,LX-V2-0146
krezor,2,Yes,Noun,Forge / Place of Fire,,,LX-V2-0086
krezor,3,Yes,Noun,"Hearth, Fireplace, Forge",Krez (fire) + -or (place),,LX-V4-0017
norvaar,1,Yes,Noun,Gateway (time-related portal),,,LX-V2-0087
kinnshal,1,Yes,Noun,Dawn (Light Awakens),"The time when light awakens, symbolizing renewal.",,LX-V2-0088
kinnmor,1,Yes,Noun,Morning (Earth Illuminated),"Early morning, when the earth is bathed in light.",,LX-V2-0089
kinnlin,1,Yes,Noun,Noon (Full Light),"Midday, when light reaches its peak.",,LX-V2-0090
kilvthal,1,Yes,Noun,Afternoon (Balancing Light and Shadow),The gradual transition from day to evening.,,LX-V2-0091
kilveth,1,Yes,Noun,Evening (Shadow's Embrace),The time when shadows deepen and the day closes.,,LX-V2-0092
kilvfah,1,Yes,Noun,Nightfall (Full Darkness),The time when darkness envelops the world.,,LX-V2-0093
kilvlum,1,Yes,Noun,Midnight (Shadowed Reflection),"The deep, reflective part of the night.",,LX-V2-0094
belrin,1,Yes,Noun,Woven fabric,Bel + rin = essence,,LX-V2-0095
belar,1,Yes,Noun,"A blending spice; a seasoning used primarily to unite, balance, or mellow several flavors in a dish",The source gloss “Binding spice” is preserved and clarified by culinary function.,,LX-V2-0096
brosrin,1,Yes,Noun,Layered food,Bros + rin = essence,,LX-V2-0097
balrin,1,Yes,Noun,Growing food,Bal + rin = essence,,LX-V2-0098
brenmor,1,Yes,Noun,Harvested roots,Bren + mor,,LX-V2-0099
phelvin,1,Yes,Noun,Comforting drink,Phel + vin = pulled/essence,,LX-V2-0100; LX-V2-0162
phelvin,2,Yes,Noun,Comfort Drink,Phel + vin = soothing essence,,LX-V2-0100; LX-V2-0162
prakorin,1,Yes,Noun,Tender bread,Prak + orin = essence,,LX-V2-0101
pelvar,1,Yes,Noun,Sharp grain,Pel + var = grounded,,LX-V2-0102; LX-V2-0151
peldren,1,Yes,Noun,Piercing water,Pel + dren = water,,LX-V2-0103
pralmor,1,Yes,Noun,Detailed carving,Pral + mor = earth,,LX-V2-0104
jorlin,1,Yes,Noun,Bursting water,Jor + lin = collective flow,,LX-V2-0105
jorvak,1,Yes,Noun,Bursting Stew,Jor + vak = energetic vessel,,LX-V2-0152
jorvak,2,Yes,Noun,Bursting warmth,Jor + vak = vessel,,LX-V2-0106
jekvor,1,Yes,Noun,"A spiraling spice; a seasoning recognizable by a curled, coiled, or twisted physical form",The source gloss “Spiraling spice” is preserved and clarified by physical form.,,LX-V2-0107
jelvor,1,Yes,Noun,"A zesty spice; a seasoning distinguished by a bright, sharp, lively flavor",The source gloss “Zesty spice” is preserved and clarified by flavor.,,LX-V2-0108
jindral,1,Yes,Noun,Rare fruit,Jin + dral = wonder,,LX-V2-0109
welrim,1,Yes,Noun,Continuous Feast,Wel + rim = flowing celebration,,LX-V2-0153
welrim,2,Yes,Noun,Shared feast,Wel + rim = celebration,,LX-V2-0110
welmor,1,Yes,Noun,Flowing earth,Wel + mor = ground,,LX-V2-0111
weknor,1,Yes,Noun,Cyclical time,Wek + nor = time,,LX-V2-0112
worvenak,1,Yes,Noun,Abundant stew,Wor + venak = warmth,,LX-V2-0113
xilvar,1,Yes,Noun,A hidden spice; a seasoning or blend whose composition or preparation is deliberately concealed,The source gloss “Hidden spice” is preserved and clarified by concealed composition or preparation.,,LX-V2-0114; LX-V2-0160
xilvar,2,Yes,Noun,Fragmented Salt,The separate established salt sense remains unchanged.,,LX-V2-0114; LX-V2-0160
xarvel,1,Yes,Noun,Covered meal,Xar + vel = sustenance,,LX-V2-0115
xarvel,2,Yes,Noun,Veiled Meal,Xar + vel = concealed sustenance,,LX-V2-0156
ohmbaen,1,Yes,Noun,Beloved or soulmate,,,LX-V2-0119
tlakorin,1,Yes,Noun,Confidant or trusted companion,,,LX-V2-0120
khumlor,1,Yes,Noun,"Chosen family, circle of belonging",,,LX-V2-0121
nkuvath,1,Yes,Noun,Promise or bond of trust,,,LX-V2-0122
mbalan,1,Yes,Noun,"Pillar of the community, a relied-upon figure",,,LX-V2-0123
nkural,1,Yes,Noun,Mentor or guide who nurtures growth,,,LX-V2-0124
tlankor,1,Yes,Noun,Ally or supporter during challenges,,,LX-V2-0125
tlakhura,1,Yes,Noun,"A bond shared between two people, unspoken yet strong",,,LX-V2-0126
jorkal,1,Yes,Noun,Charge / Attack / Assault. A command or description of a forceful offensive push.,Jor (surge/burst) + Kal (strength/power),,LX-V2-0127
arthlor,1,Yes,Noun,Defensive Formation / Shield Wall / Fortified Position. Refers to holding a defensive position or a specific coordinated defensive setup.,Arth (protect/defend) + -or (place/location),,LX-V2-0128
serenkal,1,Yes,Noun,"Elite Warrior / Vanguard / Shock Trooper. Refers specifically to experienced, strong front-line fighters or protectors.",Seren (guardian/protector) + Kal (strength),,LX-V2-0129
belshara,1,Yes,Noun,"Coordinated Maneuver / Formation Movement / Tactical Path. Refers to moving troops in a specific, planned way.",Bel (bind/weave) + Shara (path/journey),,LX-V2-0130; LX-V4-0002; LX-V4-0066
belshara,2,Yes,Noun,Duty (Bound Path),Bel (bind) + Shara (path),,LX-V2-0130; LX-V4-0002; LX-V4-0066
belshara,3,Yes,Modal,Necessity (Must/Have to),"""on a bound path""",,LX-V2-0130; LX-V4-0002; LX-V4-0066
belshara,4,Yes,Noun,Necessity / Obligation,,,LX-V2-0130; LX-V4-0002; LX-V4-0066
rathvethor,1,Yes,Noun,Hidden Enemy / Ambush / Unseen Threat. Used when scouting or warning about potential ambushes or concealed enemies.,Rath (enemy/foe) + Vethor (shadow/mystery),,LX-V2-0131
lianaen,1,Yes,Verb,To Pray / Prayer / Speaking Truth (to the divine/Heart/Balance). The act of spiritual communion or supplication.,Lian (truth) + -aen (verb-forming),,LX-V2-0132
khumeth,1,Yes,Noun,Sacred Ritual / Ceremony / Circle Rite. Refers to a formal spiritual practice or ceremony.,Khum (circle/reconciliation) + Eth (sacred act/embrace - assuming ),,LX-V2-0133
talrin,1,Yes,Noun,Offering / Spiritual Sacrifice (of self/intent/item). The act of giving something (physical or metaphorical) as part of a ritual.,Tal (give/offer) + Rin (essence),,LX-V2-0134
rinvarash,1,Yes,Noun,Prophetic Vision / Spiritual Insight / Glimpse of Essence. Refers to receiving divine guidance or seeing future possibilities through spiritual connection.,Rin (essence) + Varash (future/prophecy),,LX-V2-0136
belshen,1,Yes,Noun,Price / Binding Value / Agreed Cost. The established or negotiated value that binds a trade.,Bel (bind/weave) + Shen(akar) (coinage - shortening for flow),,LX-V2-0137
vaneshem,1,Yes,Noun,Goods / Wares / Trade Items. The physical products being exchanged.,"Vanesh (trade) + -em (perhaps related to emil food, or a general marker for 'items')",,LX-V2-0138
thalaneshen,1,Yes,Noun,Bargaining / Haggling / Balanced Trade Talk. The process of negotiating a fair price or exchange.,Thal (balance) + Aen (speak) + Shen(akar) (coinage - shortened) OR Thal + Vanesh + -en (abstract noun?),,LX-V2-0139
ka-shen,1,Yes,Noun,Barter / Tradegoods (non-monetary) / Without Coin. Refers to trade done through exchange of goods rather than currency.,Ka (without) + Shen(akar) (coinage),,LX-V2-0140
vellian,1,Yes,Noun,"Quality Goods / Honest Value / True Sustenance. Refers to goods considered high quality, fairly priced, or genuinely valuable.",Vel (sustenance/food or wisdom/value?) + Lian (truth/honesty),,LX-V2-0141
terradren,1,Yes,Noun,fertile soil/well-irrigated land,Terra + Dren,,LX-V2-0142
drenshal,1,Yes,Noun,reflective pool/crystal-clear spring,Dren + Shal,,LX-V2-0143
terraesh,1,Yes,Noun,horizon/place where earth meets sky,Terra + Esh,,LX-V2-0145
morlak,1,Yes,Noun,Bread/Grain,unchanged; Mor + lak = earthy substance,,LX-V2-0147
velrin,1,Yes,Noun,Meal/Food,general; unchanged; Vel + rin = sustenance essence,,LX-V2-0148
teravin,1,Yes,Noun,Root Vegetable,Terra + vin = earth-drawn,,LX-V2-0149
broslak,1,Yes,Noun,Layered Bread,Bros + lak = stratified grain,,LX-V2-0150
lorlivok,1,Yes,Noun,Earthbake,Lor + li + vok = fire-heated earth bond,,LX-V2-0154
phelkarin,1,Yes,Noun,Comforting Porridge,Phel + karin = soothing grain essence,,LX-V2-0155
felorin,1,Yes,Noun,Berry from Coral Reefs,Fel = small + orin = core,,LX-V2-0174
felorin,2,Yes,Noun,Berry/Small Fruit,Fel + orin = delicate core;,,LX-V2-0157
jekvin,1,Yes,Noun,Spiral Herb,Jek + vin = twisted essence,,LX-V2-0158
belmor,1,Yes,Noun,A root spice; a seasoning made from the root or rhizome of a plant,The source gloss “Root Spice” is preserved and clarified by botanical source.,,LX-V2-0159
vethhar,1,Yes,Noun,Shadowspice,Veth + har = mystical vitality,,LX-V2-0161
velithor,1,Yes,Noun,Strong Ale,Vel + ithor = energy strength; unchanged,,LX-V2-0163
tenarorin,1,Yes,Noun,Glow Wine,Tenar + orin = radiant essence,,LX-V2-0164
lianfel,1,Yes,Noun,Truth Tea,Lian + fel = clarity delicacy,,LX-V2-0165
jorvilor,1,Yes,Noun,Bursting Berry Drink,Jor + vilor = energetic berry essence,,LX-V2-0166
zhelvek,1,Yes,Noun,Energy Bar,Zhel = spark/energy + vek = carrier,,LX-V2-0167
zhelvek,2,Yes,Noun,Energy carrier,,,LX-V2-0167
velmek,1,Yes,Noun,Synthetic Protein,Vel = sustenance + mek = forged,,LX-V2-0168
phelrin,1,Yes,Noun,Comfort Food,Phel = warmth + rin = essence,,LX-V2-0169
jorvalin,1,Yes,Noun,Effervescent Beverage,Jor = burst + valin = bubbling essence,,LX-V2-0170
drenlivar,1,Yes,Noun,Salted Fish,Dren = water + livar = preserved,,LX-V2-0171
eshtenor,1,Yes,Noun,Seaweed Snack,Esh = sky + Tenar = glow,,LX-V2-0172
jekvarin,1,Yes,Noun,Spiral Shellfish,Jek = spiral + varin = small sea creature,,LX-V2-0173
tharmor,1,Yes,Noun,Rootbread,Thar = heart + mor = earth,,LX-V2-0175
terafennil,1,Yes,Noun,Herb Stew,Terra = earth + fennil = leafy essence,,LX-V2-0176
brenvor,1,Yes,Noun,Harvested Nuts,Bren = gathering + vor = location,,LX-V2-0177
welvinor,1,Yes,Noun,Flowing Mead,Wel = flow + vinor = sweet liquid,,LX-V2-0178
krezfel,1,Yes,Noun,Spiced Grain,Krez = fire + fel = small,,LX-V2-0179
morthas,1,Yes,Noun,Sand-Roasted Nuts,Mor = earth + thas = heat-roasted,,LX-V2-0180
voktarin,1,Yes,Noun,Preserved Dates,Vok = bond + tarin = dried sweetness,,LX-V2-0181
phelmorin,1,Yes,Noun,Warm Desert Tea,Phel = warmth + morin = earth essence,,LX-V2-0182
velthamor,1,Yes,Noun,Frozen Root Mash,Vel = sustenance + tham = mashed + or = earth,,LX-V2-0183
eshvilor,1,Yes,Noun,Snowberry Wine,Esh = sky + vilor = berry essence,,LX-V2-0184
thalshorin,1,Yes,Noun,Ice Stew,Thal = balance + shorin = preserved essence,,LX-V2-0185
xarlorin,1,Yes,Noun,Hidden Spice Tea,Xar = concealed + lorin = guide,,LX-V2-0186
morvenak,1,Yes,Noun,Hearty Grain Porridge,Mor = earth + venak = warm strength,,LX-V2-0187
kreztorin,1,Yes,Noun,Smoked and Dried Meat,Krez = fire + torin = preserved protein,,LX-V2-0188
velkorin,1,Yes,Noun,Military Ration,Vel = energy + korin = prepared for travel,,LX-V2-0189
xilbren,1,Yes,Noun,Fragmented Grain Cake,Xil = shard + bren = layered gathering,,LX-V2-0190
drenkor,1,Yes,Noun,Oasis Bread,Dren = water + kor = source of strength,,LX-V2-0191
vethsoril,1,Yes,Noun,Shadowspice Stew,Veth = shadow + soril = deep flavor,,LX-V2-0192
shalorin,1,Yes,Noun,Sweet Fig-Like Fruit,Shal = light + orin = essence,,LX-V2-0193
welkarin,1,Yes,Noun,Flowing Desert Drink,Wel = flow + karin = soothing,,LX-V2-0194
morlathor,1,Yes,Noun,Stone-Root Bread,Morl = mountain + athor = endurance,,LX-V2-0195
velkrin,1,Yes,Noun,Fermented Drink,Vel = sustenance + krin = aged/fermented,,LX-V2-0196
krezlorin,1,Yes,Noun,Fire-Grilled Meat,Krez = fire + lorin = cooking guide,,LX-V2-0197
pralvinor,1,Yes,Noun,Delicate Mead,Pral = intricacy + vinor = sweet liquid,,LX-V2-0198
zhaelor,1,Yes,Noun,Spring,The blooming season.,,LX-V2-0199
fenrek,1,Yes,Noun,Summer,The season of intense warmth.,,LX-V2-0200
tharvin,1,Yes,Noun,Autumn,The balancing season; time of harvest.,,LX-V2-0201
velthaen,1,Yes,Noun,Winter,The season of cold and spiritual stillness.,,LX-V2-0202
eshthael,1,Yes,Noun,Breeze,A light and flowing breeze.,,LX-V2-0203
shalithor,1,Yes,Noun,Sunlight,The life-giving essence of sunlight.,,LX-V2-0204
dralorim,1,Yes,Noun,Storm,A celestial storm or significant weather event.,,LX-V2-0205
velarshor,1,Yes,Noun,Fog,"A quiet, enveloping mist.",,LX-V2-0206
drenalor,1,Yes,Noun,Rain,Falling rain from the sky.,,LX-V2-0207
eshvelor,1,Yes,Noun,Snowfall,Snow falling gently from the sky.,,LX-V2-0208
thalorim,1,Yes,Noun,Lightning,"A sudden, balanced flash of energy.",,LX-V2-0209
krezrek,1,Yes,Noun,Heatwave,An overpowering wave of heat.,,LX-V2-0210
drenvelesh,1,Yes,Noun,Morning Dew,Dew formed from the cold sky.,,LX-V2-0211
eshvelaneth,1,Yes,Noun,Hailstorm,A storm of icy hail striking the ground.,,LX-V2-0212
eshvelaneth,2,Yes,Noun,Snowstorm Guidance Ritual,Derived From: Esh (sky) + vel (cold) + aneth (strike). Meaning: A ritual to seek guidance during challenging times.,,LX-V3-0118
ilinor,1,Yes,Quantifier,All / Entire / Whole,Usage: Placed before the noun it modifies.,,LX-V2-0213
som,1,Yes,Quantifier,Some / A few / Part of,Usage: Placed before the noun.,,LX-V2-0214
melen,1,Yes,Quantifier,Many / Much / Numerous,Usage: Placed before the noun.,,LX-V2-0215
felin,1,Yes,Quantifier,Few / Little / Small amount,Usage: Placed before the noun.,,LX-V2-0216
ekor,1,Yes,Quantifier,Each / Every,Usage: Placed before the noun.,,LX-V2-0217
liana,1,Yes,Noun,Lady,,,LX-V3-0001
lianor,1,Yes,Noun,"Idea, Thought (Place of truth)",Lian (truth) + -or (place),,LX-V4-0068
lianor,2,Yes,Noun,Sir,,,LX-V3-0002
liorin,1,Yes,Noun,Teacher/Elder,,,LX-V3-0003
liorinen,1,Yes,Noun,Honored Elder/Teacher,,,LX-V3-0004
lorinen,1,Yes,Noun,Honored Guide,,,LX-V3-0006
li-seren,1,Yes,Noun,Respected Guardian,,,LX-V3-0008
kel,1,Yes,Verb,Say / Talk (informal),,,LX-V3-0012; LX-V4-0121; LX-SCP1-0001; XR-kel
kel,2,Yes,Noun,Name,,,LX-V3-0012; LX-V4-0121; LX-SCP1-0001; XR-kel
kel,3,Yes,Noun,Word,,,LX-V3-0012; LX-V4-0121; LX-SCP1-0001; XR-kel
kel,4,Yes,Noun,A text; a connected body of written or encoded words rather than information or data generally,,,LX-SCP1-0001
min,1,Yes,Verb,To go/walk/head over - casual,"Use in casual conversation, between friends/family, marketplaces. Avoid Li- / -en unless context requires politeness.",,LX-V3-0013
dro,1,,Noun,Basic physical water,"Builds ordinary terms for drinking, storing, measuring, and distributing physical water.",Yes,XR-dro
dro,2,Yes,Noun,Water - basic,"Use in casual conversation, between friends/family, marketplaces. Avoid Li- / -en unless context requires politeness.",,LX-V3-0014
ar,1,Yes,Particle,"Intensifier - very, intensely",Place after the verb/adjective. Fahaen I ar! (I am terrified!).,,LX-V3-0015; DM-RM-V3-0003
fel,1,Yes,Particle,"Diminisher - slightly, a bit",Place after the verb/adjective. Theraen I fel. (I long a little.),,LX-V3-0016; DM-RM-V3-0004
lia,1,Yes,Interjection,Yes,"“Lia, I var dren.” – “Yes, I go to the water.”",,LX-V3-0017
rethlian,1,Yes,Modal,Possibility (May/Might),"""maybe/perhaps""",,LX-V3-0019; LX-V4-0003
rethlian,2,Yes,Interjection,Maybe,"“Rethlian, I nor var dren.” – “Maybe, I will go to the water.”",,LX-V3-0019; LX-V4-0003
rethlian,3,Yes,Particle,Possibility (May/Might),,,LX-V3-0019; LX-V4-0003
mmm,1,Yes,Interjection,Considering or listening thoughtfully.,,,LX-V3-0021
lialor,1,Yes,Particle,“Indeed” or “Certainly.”,"“Lialor, serin vanesh shenakar.” – “Indeed, the friends trade coinage.”",,LX-V3-0022
varthen,1,Yes,Particle,“So” or “Thus.”,"“Varthen, Ya var dren?” – “So, you go to the water?”",,LX-V3-0023
shalra,1,Yes,Particle,“Well?” or “So then?”,"“Shalra, Ya var emil?” – “Well, do you get food?”",,LX-V3-0024
lianlor,1,Yes,Particle,“Honestly” or “To be truthful…”,"“Lianlor, Ver var I dren.” – “Honestly, I do not go to the water.”",,LX-V3-0025
vara,1,Yes,Particle,"Then, Next, So (sequencer).",Usage: Typically clause-initial.,,LX-V3-0026
thalka,1,Yes,Particle,"But, However, Yet, Still (contrast).",Usage: Typically clause-initial.,,LX-V3-0027
sera,1,Yes,Particle,"Also, Too, Even, As well (additive).","Usage: Flexible placement, often after subject or near modified element.",,LX-V3-0028
tek,1,Yes,Particle,"Just, Only, Merely (limiter).",Usage: Typically before the modified element.,,LX-V3-0029
elan,1,Yes,Particle,"Well... (conversational starter/filler, declarative).",Usage: Typically sentence-initial.,,LX-V3-0030
rathka,1,Yes,Particle,"As if, Supposing, Like (hypothetical).",Usage: Typically clause-initial.,,LX-V3-0031
lialor'ka,1,Yes,Particle,Really?! Truly?! Actually?! (surprise/emphasis).,Usage: As interjection or emphasis.,,LX-V3-0032
reth'thal,1,Yes,Particle,"Perhaps, Possibly (stronger doubt than Rethlian).",Usage: Typically sentence-initial.,,LX-V3-0033
lia'ser,1,Yes,Particle,"Right, Okay, I see, Understood (acknowledgement).",Usage: Response marker.,,LX-V3-0034
lian'lia,1,Yes,Particle,Exactly! Precisely! Just so! (strong agreement).,Usage: Response marker.,,LX-V3-0035
verka,1,Yes,Particle,Not at all! Absolutely not! (emphatic negation).,Usage: Response marker.,,LX-V3-0036
thaal'ra,1,Yes,Particle,I wonder if... (speculation).,Usage: Typically sentence-initial.,,LX-V3-0037
wek'aen,1,Yes,Particle,"Again, As said before, To repeat (repetition).",Usage: Typically sentence-initial or near repeated idea.,,LX-V3-0038
kora,1,Yes,Particle,"Because, Since, For the reason that... (causation).","Usage: Introduces a reason clause. Structure might need careful handling (e.g., Main Clause, Kora + Reason Clause)",,LX-V3-0145
tavan,1,Yes,Noun,Parent,Retain as-is.,,LX-V3-0039
felka,1,Yes,Noun,Child,Retain as-is.,,LX-V3-0040
zhiren,1,Yes,Noun,Sibling,Retain as-is.,,LX-V3-0041
velar,1,Yes,Noun,Elder/Grandparent,Retain as-is.,,LX-V3-0042
pralin,1,Yes,Noun,Cousin,Pral (intricacy/detail) + -in (connected group).,,LX-V3-0043
velkavor,1,Yes,Noun,Ancestor / Great-grandparent,Vel (wisdom) + kav (preserved/ancient) + or (time).,,LX-V3-0044
belvok,1,Yes,Noun,Family / Clan,Bel (binding) + vok (unity/bond).,,LX-V3-0045
xarvethral,1,Yes,Noun,Adoptive Parent,Xar (concealment/protection) + veth (shadow) + ral (caretaker).,,LX-V3-0046
tavojorin,1,Yes,Noun,Parent-in-law,Tav (giver/source) + Jor (surge/connection) + -in (person).,,LX-V3-0047
zhivorin,1,Yes,Noun,Sibling-in-law,Zhir (lineage) + vor (place of bond) + -in (person).,,LX-V3-0048
kalvok,1,Yes,Noun,Partner / Spouse,Kal (strength) + vok (unity).,,LX-V3-0049
velpralor,1,Yes,Noun,Elder Partner,Vel (wisdom) + pral (intricacy) + or (time).,,LX-V3-0050
tavrel,1,Yes,Noun,Aunt/Uncle,Tav (giver/source) + rel (branch).,,LX-V3-0051
felvin,1,Yes,Noun,Niece/Nephew,Fel (young/new) + vin (pulled).,,LX-V3-0052
zharin,1,Yes,Noun,Distant Relative,Zhir (lineage) + arin (far-reaching).,,LX-V3-0053
velxorin,1,Yes,Noun,Elder Ancestor,Vel (wisdom) + xor (hidden) + in (person).,,LX-V3-0054
kalvokesh,1,Yes,Noun,Spouse's Family,Kal (strength) + vok (unity) + esh (connection).,,LX-V3-0055
zhirkalor,1,Yes,Noun,Partner by Lineage,Zhir (lineage) + kal (strength) + or (shared essence).,,LX-V3-0056
xarfelvin,1,Yes,Noun,Adoptive Niece/Nephew,Xar (protection) + Fel (young) + vin (pulled).,,LX-V3-0057
belvethral,1,Yes,Noun,Chosen Family,Bel (binding) + veth (shadow) + ral (caretaker).,,LX-V3-0058
velmarin,1,Yes,Noun,Ancient Tree (species),Vel (wisdom) + Marin (branch),,LX-V4-0062
velmarin,2,Yes,Noun,Honorary Elder,Vel (wisdom) + mar (branch) + in (connected).,,LX-V3-0059
pralvokesh,1,Yes,Noun,Trusted Ally or Friend,Pral (intricacy) + vok (unity) + esh (connection).,,LX-V3-0060
ian,1,Yes,Possessive,My / Direct Possession marker,"Direct personal suffix -ian, attached after the possessed noun. My. Third-person possessor-ka is also permitted, including for body parts.",,LX-V3-0061
anen,1,Yes,Possessive,Your / Direct Possession marker,,,LX-V3-0062
eshen,1,Yes,Possessive,His/Her/Their / Direct Possession marker,"Direct personal suffix -eshen, attached after the possessed noun. His / Her / Their. Third-person possessor-ka is also permitted, including for body parts.",,LX-V3-0063
velian,1,Yes,Possessive,Our / Direct Possession marker,,,LX-V3-0064
rathorim,1,Yes,Noun,Remembrance (the act).,,,LX-V3-0065
fah'thar,1,Yes,Noun,Grief (heart-darkness).,,,LX-V3-0066
vel'rathor,1,Yes,Noun,Enduring Memory / Still Past.,,,LX-V3-0067
rathorimaen,1,Yes,Verb,To Remember / Memorialize.,,,LX-V3-0068
fah'tharaen,1,Yes,Verb,To Mourn / Grieve Deeply.,,,LX-V3-0069
ohm'rin,1,Yes,Noun,Attunement / Essence-Connection.,,,LX-V3-0070
thal'vok,1,Yes,Noun,Balanced Unity / Harmony Bond.,,,LX-V3-0071
ohm'aen,1,Yes,Verb,To Connect With / Attune To (revisited).,,,LX-V3-0072
thal'vokaen,1,Yes,Verb,To Harmonize / Achieve Balanced Unity.,,,LX-V3-0074
shal'taleth,1,Yes,Noun,Light-Offering Ritual.,,,LX-V3-0075
bel'rathorimeth,1,Yes,Noun,Memory-Weaving Ritual.,,,LX-V3-0076
aen'moreth,1,Yes,Noun,Breath-into-Stone Ritual.,,,LX-V3-0077
lorin'ohmeth,1,Yes,Noun,Guidance-Seeking Ritual.,,,LX-V3-0078
thal'talaen,1,Yes,Verb,To sacrifice/relinquish (general verb).,,,LX-V3-0083
thal'taleth,1,Yes,Noun,Act/Ritual of Sacrifice (general noun).,,,LX-V3-0084
thar'taleth,1,Yes,Noun,Life/Heart Sacrifice Ritual (noun).,,,LX-V3-0085
arthen'taleth,1,Yes,Noun,Sacrifice for Destiny Ritual (noun).,,,LX-V3-0086
kor'taleth,1,Yes,Noun,Offering to Power Source Ritual (noun).,,,LX-V3-0087
talaen,1,Yes,Verb,To give/offer (used for simpler offerings).,,,LX-V3-0088
talaen,2,Yes,Verb,"To Take (contextual), To Receive",Tal (give/offer),,LX-V4-0051
fahaen,1,Yes,Verb,To Fear.,"Derivation: From Fah (Fear/Darkness) + -aen. Usage: Standard verb, follows VSO.",,LX-V3-0089
theraen,1,Yes,Verb,To Long For / Yearn For.,"Derivation: From Thera (Longing) + -aen. Usage: Standard verb, follows VSO.",,LX-V3-0090
vialaen,1,Yes,Verb,To Be Joyful / Rejoice.,"Derivation: From Vial (Joy) + -aen. Usage: Standard verb, follows VSO.",,LX-V3-0091
ohmaen,1,Yes,Verb,To Love / Cherish / Feel Connection / Attune To (can have spiritual nuance).,"Derivation: From Ohm- (Connection/Unity) + -aen. Usage: Standard verb, follows VSO.",,LX-V3-0092
ravokhaen,1,Yes,Verb,To Desire / Want Intensely.,"Derivation: From Ravokha (Desire) + -aen. Usage: Standard verb, follows VSO.",,LX-V3-0093
shalaen,1,Yes,Verb,To Hope / See Light Ahead.,"Derivation: From Shal (Light/Hope) + -aen. Usage: Standard verb, follows VSO.",,LX-V3-0094
shalaen,2,Yes,Verb,"To See, To perceive with light",Shal (light) + -aen,,LX-V4-0047
seraen,1,Yes,Verb,To Trust / Ally With.,"Derivation: From Ser (Friend/Ally) + -aen. Usage: Standard verb, follows VSO.",,LX-V3-0095
nkathalaen,1,Yes,Verb,To Grieve / Be Sad.,"Derivation: From Nkathal (Sadness) + -aen. Usage: Standard verb, follows VSO.",,LX-V3-0096
rathaen,1,Yes,Verb,To Hate / Oppose Strongly / Treat as Foe.,"Derivation: From Rath (Enemy/Foe) + -aen. Usage: Standard verb, follows VSO.",,LX-V3-0097
krezaen,1,Yes,Verb,To Rage / Burn with Anger.,"Derivation: From Krez (Fire) + -aen. Usage: Standard verb, follows VSO.",,LX-V3-0098
rethaen,1,Yes,Verb,To Worry / Be Uncertain.,"Derivation: From Reth (Uncertainty) + -aen. Usage: Standard verb, follows VSO.",,LX-V3-0099
vershalaen,1,Yes,Verb,To Despair / Lose Hope.,"Derivation: From Ver- (Negation) + Shal (Light/Hope) + -aen. Usage: Standard verb, follows VSO.",,LX-V3-0100
thaalaen,1,Yes,Verb,To Feel Awe / Wonder.,"Derivation: From Thaal (Wonder/Unknown) + -aen. Usage: Standard verb, follows VSO.",,LX-V3-0101
vaaranoraen,1,Yes,Verb,To Feel Contentment / Inner Peace.,"Derivation: Hypothetical noun Vaaranor (Inner Peace) + -aen. Usage: Standard verb, follows VSO.",,LX-V3-0102
vokaen,1,Yes,Verb,To Betray / Break Bond.,"Derivation: From Vok (Unity/Bond) + -aen. Usage: Standard verb, follows VSO.",,LX-V3-0103
veth'tharaen,1,Yes,Verb,To Feel Shame / Guilt.,"Derivation: From Veth (Shadow) + Thar (Heart) + -aen. Usage: Standard verb, follows VSO.",,LX-V3-0104
zhaeaen,1,Yes,Verb,To Feel Empathy / Sympathize.,"Derivation: From Zhae- (Light/Empathy) + -aen. Usage: Standard verb, follows VSO.",,LX-V3-0105
vaar'kelaen,1,Yes,Verb,To Feel Relief.,"Derivation: From Vaar (Peace) + hypothetical kel (arrive) + -aen. Usage: Standard verb, follows VSO.",,LX-V3-0106
drenvokesh,1,Yes,Noun,Water Unity Ceremony,Derived From: Dren (water) + vok (bond) + esh (connection). Meaning: A ritual where families or clans pledge unity near water.,,LX-V3-0107
eshlorien,1,Yes,Noun,Wave Naming Ritual,Derived From: Esh (sky/air) + lorin (guide). Meaning: A naming ceremony for children born by the sea.,,LX-V3-0108
terrashaneth,1,Yes,Noun,Earth Blessing Ceremony,Derived From: Terra (earth) + shan (pass) + eth (sacred). Meaning: A ritual to bless the land and seek the ancestors' guidance.,,LX-V3-0109
velpralim,1,Yes,Noun,Wisdom Transfer Ritual,Derived From: Vel (wisdom) + pral (intricacy) + im (essence). Meaning: A ceremony for elders to pass their knowledge to younger generations.,,LX-V3-0110
kreztharim,1,Yes,Noun,Fire Heart Ritual,Derived From: Krez (fire) + thar (heart) + im (essence). Meaning: A ceremony to honor strength and resilience within families.,,LX-V3-0111
zhivokesh,1,Yes,Noun,Bond Renewal Ceremony,Derived From: Zhi (lineage) + vok (unity) + esh (connection). Meaning: A ritual where family bonds are reaffirmed under the desert stars.,,LX-V3-0112
dralshaneth,1,Yes,Noun,Heaven's Blessing,Derived From: Dral (heavens) + shan (pass) + eth (sacred). Meaning: A celestial ceremony to seek guidance and protection for the family.,,LX-V3-0113
zhirelorim,1,Yes,Noun,Cosmic Coming-of-Age,Derived From: Zhir (lineage) + elor (growth) + im (essence). Meaning: A coming-of-age ritual tied to celestial alignments.,,LX-V3-0114
morlatharim,1,Yes,Noun,Stone Heart Ceremony,Derived From: Morl (mountain) + thar (heart) + im (essence). Meaning: A ritual to honor resilience and fortify family bonds.,,LX-V3-0115
velmarineth,1,Yes,Noun,Elder's Blessing,Derived From: Vel (wisdom) + marin (branch) + eth (sacred). Meaning: A ceremony where elders bless the younger branches of the family tree.,,LX-V3-0116
velthaelvok,1,Yes,Noun,Winter Unity Ceremony,Derived From: Vel (cold) + thael (motion) + vok (unity). Meaning: A ritual for families to renew bonds during the harsh winter season.,,LX-V3-0117
drenkorath,1,Yes,Noun,Oasis Blessing Ceremony,Derived From: Dren (water) + kor (source/strength) + ath (balance). Meaning: A ritual where families gather to honor and protect their oasis or water source.,,LX-V3-0119
drenkorath,2,Yes,Noun,Sacred spring,,,LX-V3-0119
shalorveth,1,Yes,Noun,Shadowlight Ritual,"Derived From: Shal (light) + or (essence) + veth (shadow). Meaning: A mystical ceremony that represents the balance between opposites (light and shadow, joy and sorrow) within family ties.",,LX-V3-0120
velterim,1,Yes,Noun,Desert Passage Ceremony,"Derived From: Vel (stillness/cold) + ter (journey) + im (essence). Meaning: A coming-of-age ritual where individuals complete a journey across the desert, symbolizing growth and resilience.",,LX-V3-0121
krezmorath,1,Yes,Noun,Fire Bond Ritual,"Derived From: Krez (fire) + mor (earth/grounding) + ath (balance). Meaning: A ritual performed around a fire to fortify family unity and resolve, often before significant challenges.",,LX-V3-0122
tharvelim,1,Yes,Noun,Mountain Ancestor Ritual,Derived From: Thar (heart) + vel (wisdom) + im (essence). Meaning: A ceremony where the wisdom and strength of ancestors are invoked for guidance and protection.,,LX-V3-0123
kalorinath,1,Yes,Noun,Fortress Bonding Ceremony,"Derived From: Kal (strength) + lorin (guide) + ath (balance). Meaning: A ritual marking the formal union of families, emphasizing collective strength and mutual guidance.",,LX-V3-0124
varkareth,1,Yes,Noun,"""Metal-mover"" or ""gear-grinder""; implies reliance on machines and lack of natural warmth.",Used to insult Mechuma's heavy technological dependence over natural wisdom.,,LX-V3-0125
drenkaesh,1,Yes,Noun,"""Water-waster""; suggests carelessness or indulgence in water abundance.",Pelagaeans seen as wasteful by desert and mountain nations.,,LX-V3-0126
tharfah,1,Yes,Noun,"""Weak-hearted"" or ""soft-rooted""; dismisses their gentle, nature-centric approach as sentimental.",Verdalrisians are mocked for being overly emotional or soft.,,LX-V3-0127
krez-verin,1,Yes,Noun,"""Fire-nothing"" or ""ash-breather""; criticizes their environment and resource scarcity.",Zarithans insulted for living in barren deserts with little resources.,,LX-V3-0128
eshreth,1,Yes,Noun,"""Sky-confused""; implies a dreamy or detached nature under the icy skies.",Nivveil perceived as distant or impractical under harsh skies.,,LX-V3-0129
rathorkinash,1,Yes,Noun,"""Ancient-prattler""; suggests being stuck in outdated traditions and unyielding.",Marakorians mocked for clinging to their ancient ways.,,LX-V3-0130
vethordrenka,1,Yes,Noun,"""Shadow-water leech""; insults their reliance on hidden water resources or mysterious magic.",Jasarans accused of parasitically surviving through secretive means.,,LX-V3-0131
morl-karash,1,Yes,Noun,"""Stone-brained""; criticizes rigidity and stubbornness, reflective of their mountain nature.",Valkeldorians labeled as hard-headed and unchangeable like stone.,,LX-V3-0132
verin,1,Yes,Noun,Zero,,,LX-V3-0133
unar,1,Yes,Noun,One,,,LX-V3-0134
unar,2,,Noun,One; unit of singularity,"Numeric base for one; used in counting, quantity expressions, and compounds of singularity.",Yes,XR-unar
del,1,Yes,Noun,Two,,,LX-V3-0135
del,2,,Noun,Two; unit of pairing,"Numeric base for two; used in counting, pairing, and compounds built on dual structure.",Yes,XR-del
tren,1,Yes,Noun,Three,,,LX-V3-0136
tren,2,,Noun,Three; unit of triad,"Numeric base for three; used in counting, triadic grouping, and quantity formation.",Yes,XR-tren
quen,1,Yes,Noun,Four,,,LX-V3-0137
quen,2,,Noun,Four; unit of square-foundation,"Numeric base for four; used in counting, foundation sets, and quantity formation.",Yes,XR-quen
peth,1,Yes,Noun,Five,,,LX-V3-0138
peth,2,,Noun,Five; unit of the hand,"Numeric base for five; used in counting, hand-based grouping, and quantity formation.",Yes,XR-peth
senar,1,Yes,Noun,Six,,,LX-V3-0139
senar,2,,Noun,Six; unit of elemental set,Numeric base for six; used in counting and culturally significant six-part sets.,Yes,XR-senar
sethe,1,Yes,Noun,Seven,,,LX-V3-0140
sethe,2,,Noun,Seven; unit of week-cycle,"Numeric base for seven; used in counting, cycles, and seven-part temporal groupings.",Yes,XR-sethe
oven,1,Yes,Noun,Eight,,,LX-V3-0141
oven,2,,Noun,Eight; unit of the nations,Numeric base for eight; used in counting and eight-part civic or cultural groupings.,Yes,XR-oven
nevar,1,Yes,Noun,Nine,,,LX-V3-0142
nevar,2,,Noun,Nine; unit of threshold,Numeric base for nine; used in counting and threshold-like or near-complete groupings.,Yes,XR-nevar
tenar,1,Yes,Number,Ten,,,LX-V3-0143; XR-tenar
tenar,2,Yes,Noun,Radiance / Steady glow / Visible light,,,LX-V3-0143; XR-tenar
lianeth,1,Yes,Modal,Ability (Can/Able to),"""having true quality""",,LX-V4-0001
lianeth,2,Yes,Verb,Ability (Can/Able to),,,LX-V4-0001
lianeth,3,Yes,Adjective,Reliable / Sound / Dependable / Accurate / True to function,,,LX-V4-0001
thar-ka,1,Yes,Modal,Desire (Want to),"""by heart's desire""",,LX-V4-0004
thar-ka,2,Yes,Noun,Desire,"Translation note: thar-ka means desire in the abstract. In the original example Ohmaen I an thar-ka., the English rendering “my desire” is contextual, driven by the subject pronoun I; “my” is not encoded in thar-ka itself. This explains that example, rather than making I a general possessive marker.",,LX-V4-0004
inko,1,Yes,Pronoun,We two / Us two [Dual],,,LX-V4-0005
yako,1,Yes,Pronoun,You two [Dual],,,LX-V4-0006
lako,1,Yes,Pronoun,They two [Dual],,,LX-V4-0007
imen,1,Yes,Pronoun,We / Us [Exclusive],,,LX-V4-0009
nethor,1,Yes,Noun,"Chair, Seat",Neth- (rest/support) + -or (place),,LX-V4-0010
zhirin,1,Yes,Noun,"Rope, Cord",Zhir- (lineage/thread) + -in (collective),,LX-V4-0011
vorkor,1,Yes,Noun,"Door, Gateway (mundane)",Vor (place of bond) + Kor (source),,LX-V4-0012
kareth,1,Yes,Noun,"Hammer, Striking Tool",Kar- (strike) + -eth (purposeful act),,LX-V4-0013
pralor,1,Yes,Noun,"Table, Flat Surface",Pral- (detail/work) + -or (place),,LX-V4-0014
peleth,1,Yes,Noun,"Knife, Blade",Pel- (sharpness) + -eth (quality of),,LX-V4-0015
drenvor,1,Yes,Noun,"Bowl, Cup, Water-holder",Dren (water) + Vor (place of bond),,LX-V4-0016
nethlor,1,Yes,Noun,"Bed, Pallet, Resting-place",Neth (rest) + -lor (place),,LX-V4-0018
shalkor,1,Yes,Noun,"Lamp, Torch, Light Source",Shal (light) + Kor (source),,LX-V4-0019
lianbelrin,1,Yes,Noun,"Book, Scroll, Woven Truth",Lian (truth) + Belrin (woven fabric),,LX-V4-0020
gormeth,1,Yes,Adjective,"Dirty, Soiled",Gorm- (grime) + -eth,,LX-V4-0021
selineth,1,Yes,Adjective,"Clean, Pure",Sel- (clear/pure) + -eth,,LX-V4-0022
maganeth,1,Yes,Adjective,"Heavy, Big, Imposing",Mag- (weight) + -eth,,LX-V4-0023
feleth,1,Yes,Adjective,"Light (weight), Small, New",Fel- (small/young) + -eth,,LX-V4-0024
woreth,1,Yes,Adjective,"Full, Abundant",Wor- (abundance) + -eth,,LX-V4-0025
zun,1,Yes,Adjective,Empty,Zun- (void/hollow),,LX-V4-0026
kaveth,1,Yes,Adjective,"Old, Ancient",Kav- (preserved/ancient) + -eth,,LX-V4-0027
vaareth,1,Yes,Adjective,"Good, Peaceful, Harmonious",Vaar (peace/unity) + -eth,,LX-V4-0028
joreth,1,Yes,Adjective,"Fast, Quick, Surging",Jor- (surge/burst) + -eth,,LX-V4-0029
feneth,1,Yes,Adjective,"Hot, Warm",Fen- (warmth) + -eth,,LX-V4-0030
veleth,1,Yes,Adjective,"Cold, Cool, Slow",Vel- (cold/stillness) + -eth,,LX-V4-0031
praketh,1,Yes,Adjective,"Soft, Tender",Prak- (softness) + -eth,,LX-V4-0032
moreth,1,Yes,Adjective,"Hard, Firm, Earth-like",Mor- (earth) + -eth,,LX-V4-0033
dreneth,1,Yes,Adjective,"Wet, Damp, Watery",Dren (water) + -eth,,LX-V4-0034
kadreneth,1,Yes,Adjective,"Dry, Waterless",Ka-dren (without water) + -eth,,LX-V4-0035
belkor,1,Yes,Noun,"Tunic, Shirt",Bel (weave) + Kor (core),,LX-V4-0036
sharbel,1,Yes,Noun,"Pants, Leggings",Shara (path) + Bel (bind),,LX-V4-0037
xaresh,1,Yes,Noun,"Cloak, Mantle",Xar (cover) + Esh (sky/air),,LX-V4-0038
trakor,1,Yes,Noun,"Shoes, Boots",Trak- (tread/step) + -or (place),,LX-V4-0039
zhirvok,1,Yes,Noun,Belt,Zhir (line/lineage) + Vok (bond),,LX-V4-0040
krelek,1,Yes,Adjective,Red,Inspired by Krez (fire),,LX-V4-0041
lunor,1,Yes,Adjective,Blue,Inspired by Lun (lake),,LX-V4-0042
verdeth,1,Yes,Adjective,Green,Inspired by Verdor (forest),,LX-V4-0043
shaleth,1,Yes,Adjective,"Yellow, Gold, Bright",Shal (light) + -eth,,LX-V4-0044
faheth,1,Yes,Adjective,"Black, Dark",Fah (darkness) + -eth,,LX-V4-0045
velek,1,Yes,Adjective,White,Inspired by Velk (ice),,LX-V4-0046
aenaen,1,Yes,Verb,"To Hear, To perceive sound",Aen (speak/breath) + -aen,,LX-V4-0048
pralaen,1,Yes,Verb,"To Make, To create with care",Pral (detail/work) + -aen,,LX-V4-0049
karethaen,1,Yes,Verb,"To Use, To wield a tool",Kareth (hammer/tool) + -aen,,LX-V4-0050
velaen,1,Yes,Verb,"To Eat, To take sustenance",Vel (sustenance) + -aen,,LX-V4-0052
drenaen,1,Yes,Verb,"To Drink, To take liquid",Dren (water) + -aen,,LX-V4-0053
nethaen,1,Yes,Verb,"To Sit, To be at rest",Neth (rest) + -aen,,LX-V4-0054
moraen,1,Yes,Verb,"To Stand, To be grounded",Mor (earth) + -aen,,LX-V4-0055
vethoraen,1,Yes,Verb,"To Sleep, To enter shadow",Vethor (shadow) + -aen,,LX-V4-0056
morthera,1,Yes,Noun,Beast of Burden,Mor (earth) + Thera (longing/pulling),,LX-V4-0057
vethral,1,Yes,Noun,Pack Hunter,Veth (shadow) + Ral (caretaker/stalker),,LX-V4-0058
vershara,1,Yes,Noun,Prey Animal (deer-like),Verdor (forest) + Shara (path),,LX-V4-0059
kalrath,1,Yes,Noun,Apex Predator (solitary),Kal (strength) + Rath (foe),,LX-V4-0060
eshlin,1,Yes,Noun,Common Bird,Esh (sky) + -lin (collective/small thing),,LX-V4-0061
zhaelin,1,Yes,Noun,Common Flower,Zhael (bloom/renewal) + -in,,LX-V4-0063
thallian,1,Yes,Noun,Justice (True Balance),Thal (balance) + Lian (truth),,LX-V4-0064
sharaka,1,Yes,Noun,Freedom (Path without binding),Shara (path) + Ka (without),,LX-V4-0065
velrathor,1,Yes,Noun,Memory,Vel (enduring) + Rathor (past),,LX-V4-0067
vethrin,1,Yes,Noun,Dream (Essence of shadow),Veth (shadow) + Rin (essence),,LX-V4-0069
kelrin,1,Yes,Noun,Name (Essence of what is spoken),Kel (say/talk) + Rin (essence),,LX-V4-0070
kelka,1,Yes,Noun,Word (Particle of speech),Kel (say/talk) + -ka (particle),,LX-V4-0071
rathlor,1,Yes,Noun,Danger (A place of foes),Rath (foe) + -lor (place),,LX-V4-0072
vaarlor,1,Yes,Noun,Safety (A place of peace),Vaar (peace) + -lor (place),,LX-V4-0073
belthal,1,Yes,Noun,Order (Woven Balance),Bel (bind) + Thal (balance),,LX-V4-0074
rethvok,1,Yes,Noun,Chaos (A bond of confusion),Reth (confusion) + Vok (bond),,LX-V4-0075
korineth,1,Yes,Noun,Handspan,"Korin (Hand) + -eth. A small, precise unit, the width of a hand. Used in crafting and short-distance measurements.",,LX-V4-0078
shar,1,Yes,Noun,"Stride, Pace","Shortened from Shara (Path). A standard human stride. Used for measuring rooms, fields, and medium distances.",,LX-V4-0079
kinnshara,1,Yes,Noun,Day's Journey,Kinn- (Daylight) + Shara (Path). The standard distance one can travel on foot in a day.,,LX-V4-0080
kinn,1,Yes,Noun,Day,From the root for Daylight. A full cycle of light and darkness.,,LX-V4-0082
kinn,2,,Noun,daylight,Original root/morpheme entry preserved.,Yes,DM-RM-V2-0001
lunwek,1,Yes,Noun,Month,Lun (Lake/Moon) + Wek (Cycle). A full cycle of the moon.,,LX-V4-0083
tharvin-wek,1,Yes,Noun,Year,"Tharvin (Autumn) + Wek (Cycle). A full cycle of the seasons, marked by the harvest/balancing season.",,LX-V4-0084
shen,1,Yes,Noun,Coinage / Currency,,,LX-V4-0085; LX-V4-0123; XR-shen
shen,2,Yes,Measure,Unit of weight / measure,,,LX-V4-0085; LX-V4-0123; XR-shen
shen,3,Yes,Verb,To measure / To count,,,LX-V4-0085; LX-V4-0123; XR-shen
morkal,1,Yes,Noun,Stone-weight,"Mor (Stone/Earth) + Kal (Strength/Weight). A large, standard unit of weight for heavy goods.",,LX-V4-0086
kor,1,Yes,Noun,Source / Strength,,,LX-V4-0118; LX-SRD1-0003; XR-kor
kor,2,Yes,Measure,Unit of length / handspan measure,,,LX-V4-0118; LX-SRD1-0003; XR-kor
kor,3,Yes,Noun,Center or middle; the central position or region within a bounded whole,,,LX-SRD1-0003
pral,1,Yes,Noun,Table,,,LX-V4-0119; XR-pral; DM-RM-V2-0010
pral,2,Yes,Verb,Make,,,LX-V4-0119; XR-pral; DM-RM-V2-0010
pral,3,Yes,Noun,Intricacy / Detail,,,LX-V4-0119; XR-pral; DM-RM-V2-0010
vok,1,Yes,Noun,Unity / Bond,,,LX-V4-0120; XR-vok
vok,2,Yes,Verb,Betray,,,LX-V4-0120; XR-vok
eth,1,Yes,Suffix,"-like, -ful",Essential manifestation as quality or formal act.,,LX-V4-0122
eth,2,Yes,Suffix,sacred act of,Essential manifestation as quality or formal act.,,LX-V4-0122
droshen,1,Yes,Noun,Water ration,,,LX-NE1-0001
drokav,1,Yes,Noun,Cistern; protected water reserve,,,LX-NE1-0002
droral,1,Yes,Noun,Water keeper; water steward,,,LX-NE1-0003
drobel,1,Yes,Noun,Water-distribution system,,,LX-NE1-0004
awekshara,1,Yes,Noun,Spring-fed canal,,,LX-NE1-0005
mahrowek,1,Yes,Noun,Tide,,,LX-NE1-0006
mahrkal,1,Yes,Noun,Deep-water pressure,,,LX-NE1-0007
drosel,1,Yes,Noun,Clean drinking water,,,LX-NE1-0008
mahrvek,1,Yes,Noun,Boat; ship; sea vessel,,,LX-NE1-0009
lormahr,1,Yes,Noun,Seamanship; ocean navigation,,,LX-NE1-0010
zhelbel,1,Yes,Noun,Connected energy-distribution system,,,LX-NE1-0011
belzhir,1,Yes,Noun,Communications network,,,LX-NE1-0012
shenlian,1,Yes,Noun,Standard; reference measure,,,LX-NE1-0013
belwek,1,Yes,Noun,Ordered recurring process,,,LX-NE1-0014
mekral,1,Yes,Noun,Keeper or repairer of constructed mechanisms,,,LX-NE1-0015
verdvin,1,Yes,Noun,Sap; plant extract,,,LX-NE1-0016
fennilphel,1,Yes,Noun,Herbal remedy,,,LX-NE1-0017
belverd,1,Yes,Noun,Joined or grafted living growth,,,LX-NE1-0018
arthverd,1,Yes,Noun,Protective living vegetation,,,LX-NE1-0019
zhaelral,1,Yes,Noun,Restorative healer,,,LX-NE1-0020
velmor,1,Yes,Noun,Frozen ground; permafrost,,,LX-NE1-0021
xarphelor,1,Yes,Noun,Warmth-retaining shelter,,,LX-NE1-0022
welkrez,1,Yes,Noun,Shared fire; communal heat source,,,LX-NE1-0023
velalivar,1,Yes,Noun,Preservation through cold or dormancy,,,LX-NE1-0024
veljor,1,Yes,Noun,Sudden freeze; cold snap,,,LX-NE1-0025
thalorimor,1,Yes,Noun,Lightning-management structure,,,LX-NE1-0026
mormek,1,Yes,Noun,Worked stone; masonry stone,,,LX-NE1-0027
dralbelaen,1,Yes,Verb,To harness storm energy,,,LX-NE1-0028
kalwek,1,Yes,Noun,Repeated strengthening or training cycle,,,LX-NE1-0029
arthaxar,1,Yes,Noun,Armor; purpose-built protective covering,,,LX-NE1-0030
thalbel,1,Yes,Noun,Codified law; legal code,,,LX-NE1-0031
liankavor,1,Yes,Noun,Archive; records repository,,,LX-NE1-0032
kavral,1,Yes,Noun,Keeper of preserved records or objects,,,LX-NE1-0033
kalshen,1,Yes,Noun,"Measured level of ability, standing, or authority",,,LX-NE1-0034
rinshen,1,Yes,Noun,Official identifying record,,,LX-NE1-0035
dralshara,1,Yes,Noun,Star route; celestial path,,,LX-NE1-0036
eshlor,1,Yes,Noun,Wind bearing; direction read from the air,,,LX-NE1-0037
karvek,1,Yes,Noun,Portable toolkit,,,LX-NE1-0038
sharavok,1,Yes,Noun,Traveling company; caravan,,,LX-NE1-0039
vethdren,1,Yes,Noun,Concealed or subterranean water,,,LX-NE1-0040
dor,1,,Noun,Deliberate placement; setting at a location,Builds words for putting or positioning an object.,Yes,XR-dor
dor,2,Yes,Verb,To put or place something at a location,,,LX-CNE1-0001
vekaen,1,Yes,Verb,To carry or transport while retaining responsibility for what is moved,,,LX-CNE1-0002
korinaen,1,Yes,Verb,To hold or maintain a grip on,,,LX-CNE1-0003
aloraen,1,Yes,Verb,To drop release downward or let fall,,,LX-CNE1-0004
kaxaraen,1,Yes,Verb,To open uncover or remove a closure so access becomes possible,,,LX-CNE1-0005
xaraen,1,Yes,Verb,To close cover or move an opening into a shut state,,,LX-CNE1-0006
jekaen,1,Yes,Verb,To turn rotate or change facing,,,LX-CNE1-0007
sharaen,1,Yes,Verb,To follow a person route sequence or instruction,,,LX-CNE1-0008
dar,1,,Noun,Deliberate pending pause; waiting,Builds words for waiting pausing and holding while an event remains pending.,Yes,XR-dar
dar,2,Yes,Verb,To wait or pause while an event remains pending; hold on,,,LX-CNE1-0009
siv,1,,Noun,Directed effort under uncertainty; attempt,Builds words for trying and for the successful or failed outcome of an attempt.,Yes,XR-siv
siv,2,Yes,Verb,To try or attempt without presupposing the outcome,,,LX-CNE1-0010
sivathaen,1,Yes,Verb,To succeed or reach the intended outcome of an attempt,,,LX-CNE1-0011
sivrethaen,1,Yes,Verb,To fail or end an attempt without its intended outcome,,,LX-CNE1-0012
tharsharaen,1,Yes,Verb,To decide or choose a course by an act of will,,,LX-CNE1-0013
tharshara,1,Yes,Noun,A choice; the course selected among alternatives,,,LX-CNE1-0014
drenvaraen,1,Yes,Verb,To change alter or become meaningfully different,,,LX-CNE1-0015
kes,1,,Noun,Attention; mental registration; noticing,Builds words for noticing and bringing sensory or inferred information into awareness.,Yes,XR-kes
kes,2,Yes,Verb,To notice or register something in awareness,,,LX-CNE1-0016
velzhiraen,1,Yes,Verb,To remember or retain a fact person event or intention in memory,,,LX-CNE1-0017
kavelzhiraen,1,Yes,Verb,To forget or lose access to something previously known or intended,,,LX-CNE1-0018
athnor,1,Yes,Particle,Already; completed by the reference time,,,LX-CNE1-0019
nethnor,1,Yes,Particle,Still; continuing to be true at the reference time,,,LX-CNE1-0020
felath,1,Yes,Particle,Almost; near realization but not complete,,,LX-CNE1-0021
worlian,1,Yes,Quantifier,Enough; sufficient for the relevant need or purpose,,,LX-CNE1-0022
rethshara,1,Yes,Particle,Instead; by a substituted course or option,,,LX-CNE1-0023
servok,1,Yes,Particle,Together; in one company or coordinated action,,,LX-CNE1-0024
kavok,1,Yes,Particle,Apart; separate in place company or coordinated action,,,LX-CNE1-0025
zhirkor,1,Yes,Noun,A cause; the initiating condition or event that produces an effect,,,LX-CNE1-0026
zhirath,1,Yes,Noun,A result or consequence realized by prior conditions,,,LX-CNE1-0027
lianzhir,1,Yes,Noun,A reason; an explanatory or justificatory connection,,,LX-CNE1-0028
rethpral,1,Yes,Noun,A mistake; an incorrect act judgment or construction,,,LX-CNE1-0029
belreth,1,Yes,Noun,A problem; a bounded difficulty that obstructs an intended course,,,LX-CNE1-0030
lianbel,1,Yes,Noun,A solution; an arrangement answer or action that resolves a problem,,,LX-CNE1-0031
rakel,1,Yes,Interjection,Pardon? What did you say?,,,LX-CNE1-0032
serdel,1,Yes,Preposition,Between; in the interval or relation bounded by two anchors,,,LX-CNE1-0033
shalvar,1,Yes,Preposition,Ahead of or in front of relative to facing or motion,,,LX-CNE1-0034
vethvar,1,Yes,Preposition,Behind or at the back of relative to facing or motion,,,LX-CNE1-0035
shan,1,Yes,Verb,Passing; transfer; handoff between states,"Builds words for passing onward, ceremonial transfer, blessing transmission, and movement between holders or generations.",Yes,XR-shan
shan,2,Yes,Preposition,Through or across from one side or boundary to another,,,LX-CNE1-0036
shalnor,1,Yes,Preposition,Before or earlier than a reference event or time,,,LX-CNE1-0037
vethnor,1,Yes,Preposition,After or later than a reference event or time,,,LX-CNE1-0038
sernor,1,Yes,Conjunction,While; during the time that another event occurs,,,LX-CNE1-0039
varnor,1,Yes,Preposition,Until or up to a specified time or event,,,LX-CNE1-0040
shem,1,Yes,Noun,"A handled scoop used to stir, lift, or serve food or liquid; spoon or ladle",,,LX-DSL1-0001
shem,2,,Noun,Handled scooping implement,Builds words for spoons ladles and tools defined by handled scooping.,Yes,XR-shem
krezvek,1,Yes,Noun,A deep heat-safe vessel used for cooking over or beside fire; cooking pot,,,LX-DSL1-0002
krezpral,1,Yes,Noun,A shallow or flat cooking surface heated by fire; pan or griddle,,,LX-DSL1-0003
emilpral,1,Yes,Noun,A flat object on which food is served or eaten; plate or serving tray,,,LX-DSL1-0004
kavvek,1,Yes,Noun,"A closable vessel used to store and preserve food, liquid, or small materials; jar",,,LX-DSL1-0005
eshpral,1,Yes,Noun,A raised flat support surface used to hold household objects; shelf,,,LX-DSL1-0006
xarvek,1,Yes,Noun,"An enclosed household storage container; chest, cupboard, or cabinet",,,LX-DSL1-0007
rask,1,Yes,Noun,Animal skin or removed raw hide before preparation as leather,,,LX-DSL1-0008
rask,2,,Noun,Animal skin; raw hide,Builds words for animal hide and intentionally prepared leather material.,Yes,XR-rask
mekrask,1,Yes,Noun,"Prepared hide made durable for clothing, straps, containers, or coverings; leather",,,LX-DSL1-0009
lem,1,Yes,Noun,Fine mineral earth that becomes plastic and shapeable when wet; clay,,,LX-DSL1-0010
lem,2,,Noun,Workable natural clay,Builds words for wet shapeable clay and its completed durable ceramic state.,Yes,XR-lem
lemath,1,Yes,Noun,Clay transformed into a hard durable material by firing; fired clay or ceramic,,,LX-DSL1-0011
selmek,1,Yes,Noun,A hard clear manufactured material that transmits light; glass,,,LX-DSL1-0012
tir,1,,Noun,Copper,Builds words for copper and the specifically approved strengthened-copper bronze form.,Yes,XR-tir
tir,2,Yes,Noun,Copper; the reddish workable elemental metal,,,LX-DSL1-0013
tirkal,1,Yes,Noun,Bronze; the hardened copper-based alloy used for tools vessels fittings or ornament,,,LX-DSL1-0014
aiv,1,Yes,Noun,Bodily pain or physical hurting without specifying its cause or intensity,,,LX-DSL1-0015
aiv,2,,Noun,Bodily pain; physical hurt,Builds ordinary words for aching stinging burning pain and a localized bodily wound.,Yes,XR-aiv
aivaen,1,Yes,Verb,To ache or hurt with a dull continuing bodily pain,,,LX-DSL1-0016
pelaivaen,1,Yes,Verb,"To sting; to produce or experience sudden, sharp, localized pain",,,LX-DSL1-0017
rekaivaen,1,Yes,Verb,"To burn bodily; to produce or experience hot, searing, or irritating pain",,,LX-DSL1-0018
teshaen,1,Yes,Verb,To itch; to produce or experience surface irritation that urges rubbing or scratching,,,LX-DSL1-0019
rivaen,1,Yes,Verb,"To shiver or tremble in small involuntary motions from cold, fear, illness, or strain",,,LX-DSL1-0020
jelaen,1,Yes,Verb,To taste; to perceive or examine flavor through the mouth,,,LX-DSL1-0021
kelvorthamaen,1,Yes,Verb,To chew; to crush food repeatedly in the mouth before swallowing,,,LX-DSL1-0022
feldrenaen,1,Yes,Verb,To drip; for liquid to fall or emerge in small separated drops,,,LX-DSL1-0023
pelvokaen,1,Yes,Verb,To snap; to break suddenly with a sharp crack,,,LX-DSL1-0024
selpralaen,1,Yes,Verb,To polish; to rub or work a surface until it becomes smooth clean or reflective,,,LX-DSL1-0025
pelvaraen,1,Yes,Verb,To scrape; to drag a hard or sharp edge across a surface to abrade it or remove material,,,LX-DSL1-0026
zem,1,Yes,Noun,Wood or timber as a workable material separated conceptually from a living tree,,,LX-DSL1-0027
zem,2,,Noun,Workable wood; timber,Builds words for wood treated as material rather than a living tree.,Yes,XR-zem
kren,1,Yes,Noun,Metal as a general class of hard workable material without specifying a particular metal,,,LX-DSL1-0028
kren,2,,Noun,Metal as a general material class,Builds words for generic metal without specifying copper bronze or another particular metal.,Yes,XR-kren
drentalaen,1,Yes,Verb,To pour; to transfer liquid deliberately in a directed stream,,,LX-DSL1-0029
jekthamaen,1,Yes,Verb,To stir or mix a soft or liquid substance by repeated circular movement,,,LX-DSL1-0030
drenselaen,1,Yes,Verb,To wash or rinse something with liquid so grime or residue is removed,,,LX-DSL1-0031
numaen,1,Yes,Verb,"To swallow; to move food, liquid, medicine, or saliva from the mouth through the throat",,,LX-DSL1-0032
nolaen,1,Yes,Verb,To smell; to perceive or examine a scent through the nose,,,LX-DSL1-0033
tovaen,1,Yes,Verb,To touch or perceive through bodily contact without implying that the object is held,,,LX-DSL1-0034
emilrav,1,Yes,Noun,Hunger; the bodily pull or need for food,,,LX-DSL1-0035
drorav,1,Yes,Noun,Thirst; the bodily pull or need for drinking water or other liquid,,,LX-DSL1-0036
felkal,1,Yes,Noun,Bodily fatigue or tiredness; a temporary state of diminished strength and need for rest,,,LX-DSL1-0037
maveth,1,Yes,Adjective,Sick or ill; affected by a disturbance of bodily health rather than a single injury,,,LX-DSL1-0038
aivkor,1,Yes,Noun,A bounded bodily wound or injured place; localized physical damage rather than pain itself,,,LX-DSL1-0039
tesh,1,Yes,Noun,An itch or localized surface irritation that creates an urge to rub or scratch,,,LX-DSL1-0040
riv,1,Yes,Noun,A shiver or small involuntary tremor of the body,,,LX-DSL1-0041
num,1,Yes,Noun,A swallow; one act of moving something from the mouth through the throat,,,LX-DSL1-0042
nol,1,Yes,Noun,The sense or perception of smell; the capacity to perceive scent,,,LX-DSL1-0043
tov,1,Yes,Noun,A touch or instance of physical contact without continued holding,,,LX-DSL1-0044
mav,1,Yes,Noun,Sickness or illness as a disturbance of bodily health,,,LX-DSL1-0045
norzhir,1,Yes,Noun,A timeline; one continuous thread of causally connected events,,,LX-PFM1-0001
thalnor,1,Yes,Noun,Temporal stability; time proceeding in a coherent internally consistent flow,,,LX-PFM1-0002
norreth,1,Yes,Noun,Temporal instability in which the order or continuity of events is unreliable,,,LX-PFM1-0003
normav,1,Yes,Noun,Timeline sickness; illness caused by damaged or conflicting temporal continuity,,,LX-PFM1-0004
normaveth,1,Yes,Adjective,Afflicted by timeline sickness or showing its characteristic temporal symptoms,,,LX-PFM1-0005
xilnor,1,Yes,Noun,A temporal fracture; a break in the continuity of a timeline,,,LX-PFM1-0006
felnor,1,Yes,Noun,A time skip; a missing interval that is not experienced although events continue beyond it,,,LX-PFM1-0007
delnor,1,Yes,Noun,Temporal overlap; two distinct time states occupying the same place or experience,,,LX-PFM1-0008
rethweknor,1,Yes,Noun,An involuntary time loop in which an interval recursively repeats without completing normally,,,LX-PFM1-0009
jornor,1,Yes,Noun,A temporal surge in which time passes abnormally fast relative to its surroundings,,,LX-PFM1-0010
velnor,1,Yes,Noun,Temporal drag in which time passes abnormally slowly relative to its surroundings,,,LX-PFM1-0011
norshan,1,Yes,Noun,Temporal displacement; movement of a person object or place away from its proper time or timeline,,,LX-PFM1-0012
norshanaen,1,Yes,Verb,To become temporally displaced or be shifted into another time position or timeline,,,LX-PFM1-0013
thalnoraen,1,Yes,Verb,To stabilize temporal flow and restore coherent event order,,,LX-PFM1-0014
vethvelrathor,1,Yes,Noun,An Echo; a residual memory-pattern of a soul or entity that repeats without thought intention or agency,,,LX-PFM1-0015
shanvelrathor,1,Yes,Noun,An authentic memory that crossed from another timeline into the present rememberer,,,LX-PFM1-0016
shanvelzhiraen,1,Yes,Verb,To experience or recall an authentic memory originating in another timeline,,,LX-PFM1-0017
delvelrathor,1,Yes,Noun,The simultaneous possession of two incompatible memories of the same personal event,,,LX-PFM1-0018
belvelrathor,1,Yes,Noun,Memory entanglement in which memories from distinct lives or timelines become joined and difficult to separate,,,LX-PFM1-0019
rathorjor,1,Yes,Noun,A sudden involuntary memory intrusion or vivid burst of remembered experience,,,LX-PFM1-0020
kavelrathor,1,Yes,Noun,A memory gap; a bounded part of personal experience from which memory is absent,,,LX-PFM1-0021
lianreth,1,Yes,Noun,A reality anomaly; a condition in which ordinarily reliable physical or temporal laws become incoherent,,,LX-PFM1-0022
lianrethor,1,Yes,Noun,A localized anomaly zone within which reality behaves incoherently,,,LX-PFM1-0023
lianrethaen,1,Yes,Verb,For reality or physical law to warp and become locally incoherent,,,LX-PFM1-0024
lianthal,1,Yes,Noun,Reality coherence; the stable agreement of physical spatial and temporal law,,,LX-PFM1-0025
lianthalaen,1,Yes,Verb,To stabilize an anomaly by restoring coherent physical spatial and temporal law,,,LX-PFM1-0026
rethmor,1,Yes,Noun,Anomalously rearranged terrain whose shape or material relations no longer follow ordinary geography,,,LX-PFM1-0027
lianrethxar,1,Yes,Noun,The perceptible boundary or enclosing edge of a localized reality anomaly,,,LX-PFM1-0028
kalrav,1,Yes,Noun,Gravity; the physical force by which bodies and matter draw or press toward a mass or direction,,,LX-PFM1-0029
kalravor,1,Yes,Noun,A localized gravitational pocket with a pull distinct from the surrounding area,,,LX-PFM1-0030
workalrav,1,Yes,Noun,High gravity; gravitational pull substantially stronger than the surrounding norm,,,LX-PFM1-0031
felkalrav,1,Yes,Noun,Low gravity; gravitational pull substantially weaker than the surrounding norm,,,LX-PFM1-0032
kakalrav,1,Yes,Noun,Weightlessness caused by the local absence or cancellation of gravitational pull,,,LX-PFM1-0033
jekkalrav,1,Yes,Noun,Gravitational sway; repeated or unstable changes in the direction of local gravity,,,LX-PFM1-0034
kalravaen,1,Yes,Verb,To exert gravitational pull or draw matter through a physical gravitational field,,,LX-PFM1-0035
lianrethshen,1,Yes,Measure,An anomaly reading; a measured value describing the intensity or instability of a reality anomaly,,,LX-PFM1-0036
lianrethshen,2,Yes,Noun,An anomaly reading; a measured value describing the intensity or instability of a reality anomaly,,,LX-PFM1-0036
vaarshen,1,Yes,Measure,A safe clearance distance established between a hazard and an unprotected person or place,,,LX-PFM1-0037
vaarshen,2,Yes,Noun,A safe clearance distance established between a hazard and an unprotected person or place,,,LX-PFM1-0037
keldoraen,1,Yes,Verb,To mark a location by deliberately placing a sign name or warning indicator there,,,LX-PFM1-0038
keldoraen,2,Yes,Verb,To write or inscribe visible language on a surface,,,LX-SCP1-0004
kasharaen,1,Yes,Verb,To avoid or route around a known person object place or hazard so it does not enter one's path,,,LX-PFM1-0039
belkoraen,1,Yes,Verb,To anchor a person object or place to a stable reference so displacement is resisted,,,LX-PFM1-0040
balpral,1,Yes,Noun,Agriculture or farming as the skilled practice of deliberately raising useful living growth,,,LX-FAP1-0001
balral,1,Yes,Noun,Farmer or cultivator; a person responsible for raising crops,,,LX-FAP1-0002
pralbal,1,Yes,Noun,A crop; living growth deliberately cultivated for later harvest,,,LX-FAP1-0003
balpralaen,1,Yes,Verb,To cultivate; to tend living growth deliberately toward a useful harvest,,,LX-FAP1-0004
drobalaen,1,Yes,Verb,To irrigate; to supply cultivated growth or land with deliberately directed physical water,,,LX-FAP1-0005
sov,1,Yes,Noun,A bounded cultivated field or working plot of land,,,LX-FAP1-0006
sov,2,,Noun,Bounded cultivated plot,Builds words for fields gardens orchards and deliberately managed growing places.,Yes,XR-sov
brossov,1,Yes,Noun,An agricultural terrace; a cultivated plot formed as one level in a stepped slope,,,LX-FAP1-0007
verdsov,1,Yes,Noun,"A garden; a cultivated plot primarily containing herbs, vegetables, flowers, or mixed plants",,,LX-FAP1-0008
vilorsov,1,Yes,Noun,An orchard or fruit grove; a cultivated plot of fruit-bearing perennial plants,,,LX-FAP1-0009
kesbrenaen,1,Yes,Verb,To forage; to search attentively for and gather naturally occurring food or useful plants,,,LX-FAP1-0010
gavaen,1,Yes,Verb,To hunt; to track and pursue living quarry for capture or killing,,,LX-FAP1-0011
gavral,1,Yes,Noun,A hunter; a person practiced in tracking and pursuing living quarry,,,LX-FAP1-0012
nesh,1,Yes,Noun,"An aquatic creature; in ordinary unmarked use, especially a fish",,,LX-FAP1-0013
nesh,2,,Noun,Aquatic animal life; unmarked fish,Builds words for aquatic creatures fishing fishers and shellfish.,Yes,XR-nesh
neshbrenaen,1,Yes,Verb,To fish or harvest aquatic creatures from water,,,LX-FAP1-0014
neshbrenral,1,Yes,Noun,A fisher or aquatic harvester; a person whose regular work is catching aquatic creatures,,,LX-FAP1-0015
xarnesh,1,Yes,Noun,Shellfish; an aquatic creature distinguished by a hard protective outer covering,,,LX-FAP1-0016
mahrfennil,1,Yes,Noun,Seaweed; edible or useful marine plantlike growth,,,LX-FAP1-0017
zor,1,Yes,Noun,An animal or beast; the ordinary general category of animal life,,,LX-FAP1-0018
zor,2,,Noun,Animal or beast as a general living category,Builds words for animals livestock herding milk and animal-transformed foods.,Yes,XR-zor
belzor,1,Yes,Noun,"Livestock; domesticated animals held under continuing human care for food, materials, labor, or transport",,,LX-FAP1-0019
belzoraen,1,Yes,Verb,To herd; to keep domesticated animals together and direct their movement or care,,,LX-FAP1-0020
belzorral,1,Yes,Noun,A herder or shepherd; a person responsible for livestock,,,LX-FAP1-0021
zordren,1,Yes,Noun,Milk; nourishing liquid naturally produced by an animal,,,LX-FAP1-0022
zordrenvinaen,1,Yes,Verb,To milk; to draw milk from an animal,,,LX-FAP1-0023
felverd,1,Yes,Noun,Moss; dense low-growing mats of very small plant growth,,,LX-FAP1-0024
morlverd,1,Yes,Noun,"Lichen; slow surface growth characteristically attached to stone, bark, or similarly hard material",,,LX-FAP1-0025
nelar,1,,Noun,Naturally produced sweet plant liquid; nectar,Builds words for nectar and animal-transformed nectar such as honey.,Yes,XR-nelar
nelar,2,Yes,Noun,"Nectar; a sweet liquid naturally produced by a plant, especially in flowers, that may be gathered as food",,,LX-FAP1-0026
zornelar,1,Yes,Noun,Honey; nectar gathered and transformed by an animal into a dense stored sweet food,,,LX-FAP1-0027
jelkor,1,Yes,Noun,Spice or seasoning; a concentrated source of flavor added in a relatively small amount,,,LX-FAP1-0028
fennildren,1,Yes,Noun,Tea or herbal infusion; a drink made by steeping plant material in water,,,LX-FAP1-0029
emildren,1,Yes,Noun,A beverage; prepared liquid intended for drinking,,,LX-FAP1-0030
saren,1,,Noun,Wheat,Builds words for the cultivated wheat cereal and later explicitly approved wheat-specific terms.,Yes,XR-saren
saren,2,Yes,Noun,"Wheat; the cultivated cereal whose kernels are commonly ground into flour for bread, porridge, and other foods",,,LX-FAP2-0001
fellak,1,Yes,Noun,Flour or grain meal; grain reduced to a fine dry powder for cooking,,,LX-FAP2-0002
drenfellak,1,Yes,Noun,Dough; a workable mixture whose main structure comes from flour combined with water or another liquid,,,LX-FAP2-0003
olan,1,,Noun,Oil as a broad material class,Builds words for oil edible oil fat and oil-based cooking methods.,Yes,XR-olan
olan,2,Yes,Noun,"Oil; a viscous water-resistant liquid or softened fatty substance derived from plants, animals, minerals, or manufacture",,,LX-FAP2-0004
emilolan,1,Yes,Noun,Cooking or edible oil; oil prepared and considered safe for use in food,,,LX-FAP2-0005
morolan,1,Yes,Noun,Fat; an energy-rich bodily or food substance that is normally solid or semi-solid rather than freely flowing like oil,,,LX-FAP2-0006
pralfel,1,Yes,Noun,"An ingredient; one selected component combined with others in preparing food, drink, medicine, or another mixture",,,LX-FAP2-0007
emilshara,1,Yes,Noun,"A recipe; repeatable instructions, sequence, and proportions for preparing food or drink",,,LX-FAP2-0008
emilpralaen,1,Yes,Verb,"To cook; to deliberately transform food into an edible or desired prepared state, especially through heat",,,LX-FAP2-0009
xarkrezaen,1,Yes,Verb,To bake; to cook food through sustained dry heat retained around it in an oven or comparable enclosure,,,LX-FAP2-0010
krezdrenaen,1,Yes,Verb,"To boil; to heat a liquid until it bubbles vigorously, or to cook something in that liquid",,,LX-FAP2-0011
eshkrezaen,1,Yes,Verb,To roast; to cook an exposed solid food through sustained dry heat surrounding or radiating toward it,,,LX-FAP2-0012
pelkrezaen,1,Yes,Verb,"To grill or sear; to cook food against direct concentrated heat so its surface browns, chars, or forms a crust",,,LX-FAP2-0013
olankrezaen,1,Yes,Verb,To fry; to cook food through direct contact with heated oil or fat,,,LX-FAP2-0014
eshdrenaen,1,Yes,Verb,To steam food; to cook food through contact with heated water vapor without immersing it in liquid,,,LX-FAP2-0015
felthamaen,1,Yes,Verb,To grind; to reduce a dry material to small particles or powder through repeated crushing or abrasion,,,LX-FAP2-0016
pelaen,1,Yes,Verb,"To cut or slice with a sharp edge, without specifying the particular tool or shape of the resulting pieces",,,LX-FAP2-0017
drenpralaen,1,Yes,Verb,"To brew; to prepare a drink by steeping, heating, fermenting, or a deliberate combination of those processes",,,LX-FAP2-0018
seldrenvinaen,1,Yes,Verb,To distill; to purify or concentrate a liquid by vaporizing it and collecting the condensed result,,,LX-FAP2-0019
balemilaen,1,Yes,Verb,To ferment; to transform food or drink through controlled activity of living cultures,,,LX-FAP2-0020
mura,1,,Noun,Smoke as a physical combustion product,Builds words for smoke and deliberate smoke treatment.,Yes,XR-mura
mura,2,Yes,Noun,Smoke; airborne gases and fine particles produced by combustion,,,LX-FAP2-0021
muraen,1,Yes,Verb,"To smoke or smoke-treat something; especially to expose food deliberately to smoke for flavor, drying, or preservation",,,LX-FAP2-0022
vindrenaen,1,Yes,Verb,To dehydrate or deliberately dry something by extracting enough moisture to slow spoilage or change its use,,,LX-FAP2-0023
livaraen,1,Yes,Verb,"To cure or preserve food through salt, drying, smoke, fermentation, or another controlled anti-decay treatment",,,LX-FAP2-0024
vellivaraen,1,Yes,Verb,To preserve food or another perishable substance through freezing or sustained cold storage,,,LX-FAP2-0025
zhaeleth,1,Yes,Adjective,"Fresh; recently gathered, produced, or prepared and still retaining its expected original quality",,,LX-FAP2-0026
ruvan,1,Yes,Noun,Moral institutional or social corruption understood as living rot spreading through a community or organized system,,,LX-SCP1-0007
ruvan,2,Yes,Noun,"Rot or organic spoilage; uncontrolled biological decay that degrades food, tissue, or other once-living material",,,LX-FAP2-0027
ruvan,3,,Noun,Uncontrolled organic decay; rot,Builds words for rot the process of spoiling and the rotten result-state.,Yes,XR-ruvan
ruvanaen,1,Yes,Verb,"To rot or spoil through uncontrolled organic decay until quality, structure, or safety is lost",,,LX-FAP2-0028
ruvaneth,1,Yes,Adjective,Rotten or spoiled; substantially degraded by organic decay and no longer sound for its expected use,,,LX-FAP2-0029
emilpraleth,1,Yes,Adjective,Cooked; deliberately transformed into a prepared food state by heat or an equivalent culinary process,,,LX-FAP2-0030
kaemilpraleth,1,Yes,Adjective,"Raw or uncooked; not yet transformed by cooking, without implying that the food is unsafe or unfinished",,,LX-FAP2-0031
talemilaen,1,Yes,Verb,"To feed; to give or provide food to another person, animal, or living being",,,LX-FAP2-0032
gav,1,Yes,Noun,A hunt; the purposeful pursuit of living quarry,,,LX-FAP1-0031
belxar,1,Yes,Noun,"Clothing or a garment; an object deliberately worn on the body for coverage, protection, work, identity, or custom",,,LX-CWM1-0001
belxaraen,1,Yes,Verb,To wear clothing or another garment as an ongoing bodily covering,,,LX-CWM1-0002
velbelxar,1,Yes,Noun,A heavy coat; a substantial sleeved outer garment made to retain warmth and resist severe weather,,,LX-CWM1-0003
eshtrakor,1,Yes,Noun,A sandal; open or highly ventilated footwear that protects the sole while leaving much of the foot exposed,,,LX-CWM1-0004
velpraltrakor,1,Yes,Noun,A snowshoe; broad foot-worn frame or platform that spreads weight and limits sinking into snow,,,LX-CWM1-0005
pelveltrakor,1,Yes,Noun,An ice skate; foot-worn runner or blade made for controlled gliding across ice,,,LX-CWM1-0006
lorinorxar,1,Yes,Noun,"A head covering, including a wrapped cloth, cap, hat, or other covering whose primary function is worn coverage of the head",,,LX-CWM1-0007
rema,1,Yes,Noun,The face; the visible front of the head containing the principal social and sensory features,,,LX-CWM1-0008
rema,2,,Noun,The visible face; social and sensory front of the head,Builds the independent noun for the face and the approved face-covering and visor terms.,Yes,XR-rema
remaxar,1,Yes,Noun,"A face covering or mask worn over the mouth, nose, or broader face for protection, concealment, custom, or work",,,LX-CWM1-0009
zhirbel,1,Yes,Noun,A strap; a flexible narrow band used to secure carry suspend or fasten something,,,LX-CWM1-0010
welzhirbel,1,Yes,Noun,A harness; a coordinated set of worn straps used to carry restrain secure or transmit pulling force,,,LX-CWM1-0011
belmek,1,Yes,Noun,"A reusable mechanical fastener, including a buckle or clasp, that joins or adjusts straps or garment parts",,,LX-CWM1-0012
belmekaen,1,Yes,Verb,To fasten or secure something with a clasp buckle or comparable reusable mechanism,,,LX-CWM1-0013
kabelmekaen,1,Yes,Verb,To unfasten or release a clasp buckle or comparable reusable mechanism,,,LX-CWM1-0014
korinxar,1,Yes,Noun,"A glove or mitten; a hand covering worn for warmth, safety, cleanliness, or work",,,LX-CWM1-0015
lorinshalxar,1,Yes,Noun,"Goggles; close-fitting eye protection against glare, dust, wind, water, cold, or debris",,,LX-CWM1-0016
remashalxar,1,Yes,Noun,A visor; a worn eye or face shield that filters light blocks hazards or carries visible information,,,LX-CWM1-0017
rinbelxar,1,Yes,Noun,"A uniform; standardized clothing that visibly marks an occupation, rank, institution, team, or assigned duty",,,LX-CWM1-0018
felzhir,1,Yes,Noun,"A fiber; a fine natural or manufactured strand used alone or combined in textiles, cordage, padding, or composites",,,LX-CWM1-0019
sura,1,,Noun,Animal hair or fur as a natural covering and workable material,Builds the independent noun for fur and the approved textile-ready wool term.,Yes,XR-sura
sura,2,Yes,Noun,Fur; dense animal hair as a natural body covering or as a material used for warmth padding trim or craft,,,LX-CWM1-0020
belsura,1,Yes,Noun,Wool; spinnable insulating animal fiber prepared for thread felt padding or woven cloth,,,LX-CWM1-0021
verdselzhir,1,Yes,Noun,"Linen; lightweight, smooth plant-fiber thread or cloth made for cool, breathable garments and household textiles",,,LX-CWM1-0022
selzhir,1,Yes,Noun,"Silk; fine, smooth, strong natural filament, and by extension the cloth woven from that filament",,,LX-CWM1-0023
kalbelrin,1,Yes,Noun,"Canvas; heavy, tightly woven, durable cloth used for tents, sails, bags, coverings, and workwear",,,LX-CWM1-0024
olanbelrin,1,Yes,Noun,Oilskin; woven fabric deliberately treated with oil to resist water and weather,,,LX-CWM1-0025
drenartheth,1,Yes,Adjective,Waterproof; made to resist penetration by water under the conditions for which the object was designed,,,LX-CWM1-0026
shanartheth,1,Yes,Adjective,"Insulated; made to resist unwanted transfer of heat, cold, sound, electricity, or magical energy",,,LX-CWM1-0027
zhelshaneth,1,Yes,Adjective,Electrically or energetically conductive; able to carry electrical or magical charge through a material,,,LX-CWM1-0028
kalmorl,1,Yes,Noun,"Granite; hard, visibly crystalline building stone valued for strength, weight, and durability",,,LX-CWM2-0001
krezmorl,1,Yes,Noun,Basalt; dense dark volcanic stone formed from cooled molten rock,,,LX-CWM2-0002
brosmorl,1,Yes,Noun,Slate; fine-layered stone that naturally splits into durable flat sheets,,,LX-CWM2-0003
sadar,1,,Noun,Loose granular mineral material; sand,Builds the independent noun for sand and the approved sandstone term.,Yes,XR-sadar
sadar,2,Yes,Noun,Sand; loose mineral grains produced by weathering and moved by wind or water,,,LX-CWM2-0004
sadarmorl,1,Yes,Noun,"Sandstone; consolidated sand-grained stone used in buildings, carving, and paving",,,LX-CWM2-0005
eran,1,,Noun,Iron as a specific elemental metal,Provides the independent material noun for iron.,Yes,XR-eran
eran,2,Yes,Noun,"Iron; the strong workable elemental metal used widely in tools, structures, weapons, and machinery",,,LX-CWM2-0006
osar,1,,Noun,Bone as skeletal tissue and workable material,Provides the independent noun for bone across anatomy and craft.,Yes,XR-osar
osar,2,Yes,Noun,"Bone; rigid skeletal tissue and the material taken from it for tools, fasteners, ornament, or craft",,,LX-CWM2-0007
dresh,1,,Noun,Crystal as an ordered mineral material,Provides the independent material noun underlying the attested crystal-device form Dreshal.,Yes,XR-dresh
dresh,2,Yes,Noun,"Crystal; an ordered mineral solid, often faceted or translucent, used naturally, magically, structurally, or technologically",,,LX-CWM2-0008
neshmorl,1,Yes,Noun,A reef-forming colonial aquatic organism together with the hard mineral structure or craft material it produces; coral,,,LX-CWM2-0009
zorxar,1,Yes,Noun,"A shell; the hard protective outer covering made by an animal, and the material taken from that covering",,,LX-CWM2-0010
kavolan,1,Yes,Noun,"Wax; a moldable, water-resistant organic or manufactured substance used for seals, coatings, polish, preservation, and wick-fed light",,,LX-CWM2-0011
verdbel,1,Yes,Noun,"Resin; sticky plant-derived material that can harden and is used as adhesive, sealant, incense, coating, or finish",,,LX-CWM2-0012
hir,1,Yes,Noun,"Color or hue; the visible chromatic quality of a surface, light, or substance",,,LX-CWM2-0013
hir,2,,Noun,Visible color or hue,Builds the independent color noun and the approved pigment and dyeing terms.,Yes,XR-hir
hirmor,1,Yes,Noun,Pigment or dye material; a substance used to impart color to another material,,,LX-CWM2-0014
hiraen,1,Yes,Verb,"To dye or color; to impart a color to cloth, leather, hair, a surface, or another material",,,LX-CWM2-0015
belkren,1,Yes,Noun,An alloy; a deliberately combined metallic material whose properties differ from those of its component metals,,,LX-CWM2-0016
karmek,1,Yes,Noun,A tool; a portable implement deliberately used to perform practical work,,,LX-TM1-0001
kalmek,1,Yes,Noun,A machine; a constructed system whose connected parts transmit or transform force energy motion or information,,,LX-TM1-0002
felmek,1,Yes,Noun,A component; one constructed part intended to function within a larger machine device or assembly,,,LX-TM1-0003
zhaelpralaen,1,Yes,Verb,To repair; to restore a damaged object or system to usable working condition,,,LX-TM1-0004
thamvek,1,Yes,Noun,A mortar; a strong bowl-shaped working vessel in which substances are crushed or ground,,,LX-TM1-0005
thamkar,1,Yes,Noun,A pestle; a handheld striking or pressing tool used to crush or grind material in a mortar,,,LX-TM1-0006
zhirpel,1,Yes,Noun,A needle; a thin pointed implement used for sewing piercing or comparable fine work,,,LX-TM1-0007
pelkorin,1,Yes,Noun,An awl; a handheld pointed tool for piercing holes in hide cloth wood or another workable material,,,LX-TM1-0008
delpel,1,Yes,Noun,Shears or scissors; a paired-blade hand tool whose edges close across material to cut it,,,LX-TM1-0009
delkorin,1,Yes,Noun,Tongs; a paired gripping tool used to hold lift or turn hot dangerous or difficult objects,,,LX-TM1-0010
pelkar,1,Yes,Noun,A chisel; a hard-edged tool driven or pressed to cut groove or shape stone wood ice or metal,,,LX-TM1-0011
drenkavvek,1,Yes,Noun,A bottle or flask; a portable narrow-opening liquid vessel that can be closed for carrying or storage,,,LX-TM1-0012
krezdrenvek,1,Yes,Noun,A kettle; a closable or covered vessel designed to heat and pour water or another drink,,,LX-TM1-0013
rinpel,1,Yes,Noun,A seal or stamp; an identifying or authorizing impression or the handheld implement that produces it,,,LX-TM1-0014
kelpel,1,Yes,Noun,A stylus; a narrow handheld instrument used to write mark draw or operate a responsive surface,,,LX-TM1-0015
kelpral,1,Yes,Noun,A writing slate or tablet; a reusable flat object used to hold written calculated drawn or displayed information,,,LX-TM1-0016
shenzhir,1,Yes,Noun,A ruler or measuring rod; a straight calibrated tool used to measure length or test alignment,,,LX-TM1-0017
lormek,1,Yes,Noun,A compass; an instrument that indicates direction independently of a visible destination,,,LX-TM1-0018
sharashen,1,Yes,Noun,A map; a deliberate spatial representation of places boundaries paths and their relations,,,LX-TM1-0019
normek,1,Yes,Noun,A clock or timepiece; an instrument that measures and displays a current time or passing duration,,,LX-TM1-0020
belpralmek,1,Yes,Noun,A loom; a frame or machine that holds and interlaces threads to produce woven material,,,LX-TM1-0021
jekzhirvek,1,Yes,Noun,A spool or reel; a holder around which thread wire cord or another flexible line is wound,,,LX-TM1-0022
shenmek,1,Yes,Noun,A gauge or meter; an instrument that measures and displays the state or quantity of a system,,,LX-TM1-0023
kesmek,1,Yes,Noun,A sensor; a device that detects a physical environmental energetic or magical condition,,,LX-TM1-0024
shenlianaen,1,Yes,Verb,To calibrate; to adjust an instrument against a trusted standard so its readings are reliable,,,LX-TM1-0025
kormek,1,Yes,Noun,An engine or motor; the core machine that converts supplied or stored energy into sustained mechanical motion,,,LX-TM1-0026
zhelkor,1,Yes,Noun,A generator; a machine or system whose primary function is producing usable energy or charge,,,LX-TM1-0027
zhelkav,1,Yes,Noun,A battery or power cell; a bounded device that stores energy for later release,,,LX-TM1-0028
shanmek,1,Yes,Noun,A pipe or conduit; an enclosed constructed channel that carries liquid gas energy or protected lines,,,LX-TM1-0029
krenzhir,1,Yes,Noun,Wire or conductive cable; a flexible metallic line alone or bundled used to carry force charge or signal,,,LX-TM1-0030
selshan,1,Yes,Noun,A filter; a material or device that permits selected passage while removing or blocking unwanted matter,,,LX-TM1-0031
selshanaen,1,Yes,Verb,To filter; to pass matter through a selective barrier so unwanted material is removed,,,LX-TM1-0032
ravshan,1,Yes,Noun,A pump; a device that draws drives or pressurizes liquid or gas through a controlled passage,,,LX-TM1-0033
belshan,1,Yes,Noun,A valve; an adjustable closure that controls passage through a pipe channel or vessel,,,LX-TM1-0034
wekmek,1,Yes,Noun,A wheel; a circular rotating component used to support movement or transmit mechanical force,,,LX-TM1-0035
korwek,1,Yes,Noun,An axle; a central shaft on or with which a wheel or rotating part turns,,,LX-TM1-0036
jekmek,1,Yes,Noun,A gear or cog; a shaped rotating component that transfers motion or force by engaging another part,,,LX-TM1-0037
ravkar,1,Yes,Noun,A lever; a rigid bar used around a support point to redirect or multiply applied force,,,LX-TM1-0038
wekrav,1,Yes,Noun,A pulley; a grooved rotating component that guides a flexible line to redirect pulling force,,,LX-TM1-0039
jekkal,1,Yes,Noun,A mechanical spring; a resilient component that stores force through bending compression extension or coiling and releases it by returning toward its prior form,,,LX-TM1-0040
varvek,1,Yes,Noun,A vehicle; a constructed carrier used to transport people or goods from place to place,,,LX-TVO1-0001
felvek,1,Yes,Noun,A cart; a small wheeled carrier moved by a person animal or light machine,,,LX-TVO1-0002
morvek,1,Yes,Noun,A wagon; a substantial wheeled land vehicle primarily used to carry cargo,,,LX-TVO1-0003
pralvek,1,Yes,Noun,A sled; a runner-supported vehicle drawn or pushed across snow ice sand or another yielding surface,,,LX-TVO1-0004
kormekvek,1,Yes,Noun,A motor vehicle; an engine-driven land vehicle including an ordinary car field car or jeep,,,LX-TVO1-0005
delkormek,1,Yes,Noun,A motorcycle or motorbike; a two-wheeled powered vehicle ridden astride,,,LX-TVO1-0006
delwek,1,Yes,Noun,A bicycle; a two-wheeled vehicle propelled primarily by its rider,,,LX-TVO1-0007
zhirvek,1,Yes,Noun,A railcar; one vehicle constructed to travel on a fixed rail,,,LX-TVO1-0008
belzhirvek,1,Yes,Noun,A train; an ordered set of one or more linked rail vehicles operating as a unit,,,LX-TVO1-0009
zhirshara,1,Yes,Noun,A railway or rail track; a fixed guided-line route made for rail vehicles,,,LX-TVO1-0010
shalilvek,1,Yes,Noun,A glider; a vehicle or board that travels through sustained low-resistance movement in air water sand or a guided energy current,,,LX-TVO1-0011
eshvek,1,Yes,Noun,An aircraft; any constructed vehicle whose defining travel occurs through the air,,,LX-TVO1-0012
mahrxarvek,1,Yes,Noun,A submersible; an enclosed vehicle made to travel beneath the surface of a large body of water,,,LX-TVO1-0013
krenzhirvek,1,Yes,Noun,A cable car or aerial tram; a passenger or cargo vehicle pulled along or suspended from a fixed cable,,,LX-TVO1-0014
mahrpral,1,Yes,Noun,A raft; a flat buoyant watercraft without an enclosed hull,,,LX-TVO1-0015
vekvaraen,1,Yes,Verb,To ride; to travel supported and carried by an animal or vehicle without supplying its primary motive force,,,LX-TVO1-0016
kormekaen,1,Yes,Verb,To drive or operate a powered vehicle or machine through control of its engine or motor,,,LX-TVO1-0017
lorvekaen,1,Yes,Verb,To steer; to control the direction of a vehicle vessel or mount,,,LX-TVO1-0018
mahrvaraen,1,Yes,Verb,To sail; to travel over water in a vessel by wind current or controlled propulsion,,,LX-TVO1-0019
eshvaraen,1,Yes,Verb,To fly; to move or travel through the air under lift power or natural ability,,,LX-TVO1-0020
anvekaen,1,Yes,Verb,To board; to enter or mount a vehicle vessel or transport animal for travel,,,LX-TVO1-0021
anvekaen,2,Yes,Verb,To load cargo; to put goods or material aboard or into transport in preparation for travel,,,LX-SCP1-0002
thalvekaen,1,Yes,Verb,To disembark; to leave or come out of a vehicle vessel or transport animal after travel,,,LX-TVO1-0022
thalvekaen,2,Yes,Verb,To unload cargo; to remove goods or material from transport after travel,,,LX-SCP1-0003
weksharaen,1,Yes,Verb,To commute; to travel repeatedly along a regular route between recurring destinations,,,LX-TVO1-0023
dorvekaen,1,Yes,Verb,To park or berth; to place and leave a vehicle or vessel in an intended stopping position,,,LX-TVO1-0024
jorvar,1,Yes,Measure,Speed; the rate at which a person creature object or vehicle moves through distance,,,LX-TVO1-0025
jorvar,2,Yes,Noun,Speed; the rate at which a person creature object or vehicle moves through distance,,,LX-TVO1-0025
jorvaraen,1,Yes,Verb,To accelerate; to increase the speed of movement or travel,,,LX-TVO1-0026
velvaraen,1,Yes,Verb,To slow or decelerate; to reduce the speed of movement or travel,,,LX-TVO1-0027
belvekaen,1,Yes,Verb,To brake; to apply controlled resistance that slows or stops a vehicle or moving mechanism,,,LX-TVO1-0028
ravvekaen,1,Yes,Verb,To tow; to pull a vehicle vessel or transport load behind another source of movement,,,LX-TVO1-0029
felshara,1,Yes,Noun,A lane; one narrow designated path within a larger route or movement system,,,LX-TVO1-0030
vekmor,1,Yes,Noun,Cargo; goods or material carried as a transport load,,,LX-TVO1-0031
vekin,1,Yes,Noun,A passenger or rider; a person being transported who is not operating the conveyance,,,LX-TVO1-0032
lorvekral,1,Yes,Noun,A driver or transport operator; a person responsible for controlling and directing a vehicle or conveyance,,,LX-TVO1-0033
eshlorral,1,Yes,Noun,A pilot; a person trained to control an aircraft or another specialized vehicle navigated through three-dimensional space,,,LX-TVO1-0034
welvek,1,Yes,Noun,Traffic; the collective movement and interaction of vehicles and transported travelers through shared routes,,,LX-TVO1-0035
mekor,1,Yes,Noun,Building; a deliberately constructed structure intended for use or occupancy,,,LX-BSPI1-0001
ndara,1,Yes,Noun,Wall; an upright structural surface that encloses divides or supports built space,Provides the ordinary structural noun for a wall without overloading cover defense stone or binding roots.,Yes,LX-BSPI1-0002; XR-ndara
eshxar,1,Yes,Noun,Roof; the exterior upper covering of a building,,,LX-BSPI1-0003
morlpral,1,Yes,Noun,Floor; the lower surface upon which people or objects stand inside a structure,,,LX-BSPI1-0004
aneshxar,1,Yes,Noun,Ceiling; the interior upper surface of a room,,,LX-BSPI1-0005
shalshan,1,Yes,Noun,Window; an opening that admits light or permits sight through a wall,,,LX-BSPI1-0006
xarzhir,1,Yes,Noun,Screen or lattice; a patterned covering that filters light sight air or passage,,,LX-BSPI1-0007
kormor,1,Yes,Noun,Foundation; the load-bearing base upon which a structure rests,,,LX-BSPI1-0008
mbalanmor,1,Yes,Noun,Structural pillar or column; an upright physical support that bears architectural weight,,,LX-BSPI1-0009
ndavior,1,Yes,Noun,Storey or building level; one horizontally usable tier at a particular height,,,LX-BSPI1-0010
xaror,1,Yes,Noun,Room or chamber; a bounded interior space within a structure,,,LX-BSPI1-0011
worxaror,1,Yes,Noun,Hall; a large interior room intended for gathering passage or shared activity,,,LX-BSPI1-0012
xarwelor,1,Yes,Noun,Courtyard; an open shared space enclosed by buildings or walls,,,LX-BSPI1-0013
welpralor,1,Yes,Noun,Plaza or public square; a prepared open civic surface for gathering exchange or ceremony,,,LX-BSPI1-0014
mekeshpral,1,Yes,Noun,Balcony; a constructed raised platform projecting from or attached to a building,,,LX-BSPI1-0015
velkelor,1,Yes,Noun,Library; a place organized for keeping consulting and sharing books or other readable works,,,LX-BSPI1-0016
shenpralor,1,Yes,Noun,Laboratory; a controlled place for measured testing preparation and investigation,,,LX-BSPI1-0017
shenkesor,1,Yes,Noun,Observatory; a place equipped for systematic observation and measurement at distance,,,LX-BSPI1-0018
belzhirkavor,1,Yes,Noun,Data center; a secured facility that connects stores and maintains large bodies of machine-readable information,,,LX-BSPI1-0019
lormekor,1,Yes,Noun,Control room; a dedicated room from which machines infrastructure or operations are monitored and directed,,,LX-BSPI1-0020
mekpralor,1,Yes,Noun,Workshop; a place arranged for making repairing or skilled manual work,,,LX-BSPI1-0021
njor,1,Yes,Noun,A bridge between separated people groups systems or ideas; a connection that crosses a meaningful division,,,LX-SCP1-0005
njor,2,,Noun,Bridge or structural crossing span,Builds the independent noun for a bridge and the approved water-carrying aqueduct derivative.,Yes,XR-njor
njor,3,Yes,Noun,Bridge or structural span that carries passage across a gap waterway or obstruction,,,LX-BSPI1-0022
mekshara,1,Yes,Noun,Road; a deliberately built and maintained land route,,,LX-BSPI1-0023
brosshara,1,Yes,Noun,Stair or stairway; a stepped route between different heights,,,LX-BSPI1-0024
morlshan,1,Yes,Noun,Tunnel; an enclosed passage through or beneath earth stone or another obstruction,,,LX-BSPI1-0025
varshanmek,1,Yes,Noun,Transit tube; an enclosed engineered conduit made for moving people or vehicles,,,LX-BSPI1-0026
varbelor,1,Yes,Noun,Station or terminal; an organized place where a scheduled transport journey begins ends or transfers,,,LX-BSPI1-0027
eshpralor,1,Yes,Noun,Platform; a prepared raised surface used for boarding loading speaking working or observation,,,LX-BSPI1-0028
ndavivek,1,Yes,Noun,Elevator or mechanical lift; a carrier that moves people or goods vertically between fixed levels,,,LX-BSPI1-0029
mahrpralor,1,Yes,Noun,Dock; a built waterside platform used to board load unload or secure vessels,,,LX-BSPI1-0030
mahrxaror,1,Yes,Noun,Harbor; a sheltered water area where vessels can anchor arrive or depart,,,LX-BSPI1-0031
vekxaror,1,Yes,Noun,Garage or vehicle shelter; an enclosed place for keeping protecting or servicing vehicles,,,LX-BSPI1-0032
vekpralor,1,Yes,Noun,Parking area; a prepared place where vehicles are left temporarily when not operating,,,LX-BSPI1-0033
droshara,1,Yes,Noun,Canal; a deliberately made channel that carries water along a set route,,,LX-BSPI1-0034
dronjor,1,Yes,Noun,Aqueduct; a bridge-like or elevated structure that carries water across a gap,,,LX-BSPI1-0035
eshmekor,1,Yes,Noun,Tower; a tall structure whose usable space rises substantially above its surrounding buildings or land,,,LX-BSPI1-0036
wekxar,1,Yes,Noun,Dome; a rounded or circular roof or overhead enclosure,,,LX-BSPI1-0037
drojormek,1,Yes,Noun,Fountain; a constructed feature that directs water upward or outward before it falls or gathers,,,LX-BSPI1-0038
nethmek,1,Yes,Noun,Furniture; movable constructed objects that support sitting resting storing eating or ordinary indoor work,,,LX-BSPI1-0039
ndavi,1,,Noun,Fixed vertical level or height position,Builds words for a building storey and a carrier moving between fixed vertical levels.,Yes,XR-ndavi
ndavi,2,Yes,Noun,Vertical level or height position used to distinguish one fixed elevation from another,,,LX-BSPI1-0040
belor,1,Yes,Noun,Institution; an enduring organized body or system established to perform a recognized social civic educational religious or economic function,,,LX-GCI1-0001
lorbel,1,Yes,Noun,Government; the organized system through which a community or state directs public affairs and administers authority,,,LX-GCI1-0002
lorbelaen,1,Yes,Verb,To govern; to exercise recognized authority over public decisions law and administration,,,LX-GCI1-0003
khumkel,1,Yes,Noun,Council; a deliberative governing or advisory body whose members listen speak and decide together,,,LX-GCI1-0004
khumkelral,1,Yes,Noun,Council member or representative; a person authorized to speak and decide for others within a governing body,,,LX-GCI1-0005
kalrin,1,Yes,Noun,Ruler or sovereign; a person holding supreme governing authority without specifying gender or hereditary title,,,LX-GCI1-0006
belvoklor,1,Yes,Noun,Chieftain or clan leader; the recognized leader and guide of a clan mobile community or local people,,,LX-GCI1-0007
lorbelral,1,Yes,Noun,Public official; a person entrusted with an authorized civic or administrative office,,,LX-GCI1-0008
welkelthar,1,Yes,Noun,Election; a formal collective process through which members express their will to choose an officeholder or decide a public question,,,LX-GCI1-0009
keltharaen,1,Yes,Verb,To vote; to formally express one's choice or will in a collective decision,,,LX-GCI1-0010
lorshara,1,Yes,Noun,Policy; an adopted principle plan or course that guides recurring institutional decisions,,,LX-GCI1-0011
kalkel,1,Yes,Noun,Decree or official order; an authoritative public instruction issued by a ruler office or governing body,,,LX-GCI1-0012
belrinpel,1,Yes,Noun,Permit or formal authorization; an official record or instrument granting permission for a restricted action or access,,,LX-GCI1-0013
shental,1,Yes,Noun,Allocation; a measured assignment of limited resources among recipients or purposes,,,LX-GCI1-0014
shentalaen,1,Yes,Verb,To allocate; to assign measured portions of a limited resource to particular recipients or purposes,,,LX-GCI1-0015
weltal,1,Yes,Noun,Distribution; the organized delivery or division of resources among multiple recipients or places,,,LX-GCI1-0016
weltalaen,1,Yes,Verb,To distribute; to deliver or divide resources among multiple recipients or destinations,,,LX-GCI1-0017
kelreth,1,Yes,Noun,Dispute; an active disagreement involving competing claims rights accounts or interests,,,LX-GCI1-0018
thalkelreth,1,Yes,Noun,Arbitration; a structured hearing and balancing of competing claims intended to produce a binding resolution,,,LX-GCI1-0019
thalkelrethaen,1,Yes,Verb,To arbitrate; to hear competing claims and make or guide a binding resolution,,,LX-GCI1-0020
welrin,1,Yes,Noun,Citizen; a recognized member of a state or civic community with associated rights and duties,,,LX-GCI1-0021
welrinath,1,Yes,Noun,Citizenship; the enduring recognized civic status rights and duties of a citizen,,,LX-GCI1-0022
felbelor,1,Yes,Noun,District; an administrative or functional subdivision of a settlement or territory,,,LX-GCI1-0023
lorzhir,1,Yes,Noun,Border; the recognized line or narrow dividing zone between territories or jurisdictions,,,LX-GCI1-0024
kelvok,1,Yes,Noun,Contract; a deliberate binding agreement that states obligations permissions or exchange,,,LX-GCI1-0025
verkalkelaen,1,Yes,Verb,To veto; to formally prevent a proposed public decision or order from taking effect through recognized authority,,,LX-GCI1-0026
weleth,1,Yes,Adjective,Public; open to concerning or belonging to the community as a whole,,,LX-GCI1-0027
kaweleth,1,Yes,Adjective,Private; restricted to an individual or defined group rather than the community as a whole,,,LX-GCI1-0028
ral,1,Yes,Noun,Steward or caretaker; a person entrusted with managing and caring for a shared resource place household institution or continuing responsibility,,,LX-WRT1-0001
pralilan,1,Yes,Noun,Apprentice; a learner formally training in a craft or occupation through supervised practical work,,,LX-WRT1-0002
pralral,1,Yes,Noun,Artisan or craftsperson; a skilled maker of useful or artistic objects through practiced handwork,,,LX-WRT1-0003
krenral,1,Yes,Noun,Smith or metalworker; a craftsperson whose defining work is shaping joining treating or repairing metal,,,LX-WRT1-0004
mormekral,1,Yes,Noun,Mason; a craftsperson who builds or repairs using prepared stone brick or comparable structural units,,,LX-WRT1-0005
lormekral,1,Yes,Noun,Engineer; a person who designs analyzes directs or maintains complex constructed systems,,,LX-WRT1-0006
shenral,1,Yes,Noun,Scholar or researcher; a person engaged in systematic study measurement interpretation and production of knowledge,,,LX-WRT1-0007
kelvekral,1,Yes,Noun,Courier or messenger; a person responsible for carrying messages records or small entrusted goods between people or places,,,LX-WRT1-0008
sharalorin,1,Yes,Noun,Navigator; a person who determines and guides a safe route through terrain sea air underground space or outer space,,,LX-WRT1-0009
anvanesh,1,Yes,Verb,To buy; to acquire goods access or services into one's possession through payment,,,LX-WRT1-0010
thalvanesh,1,Yes,Verb,To sell; to transfer goods access or services out of one's possession in return for payment,,,LX-WRT1-0011
lorzhiranshan,1,Yes,Verb,To import; to bring goods or services through a jurisdictional border into the jurisdiction through trade,,,LX-WRT1-0012
lorzhirthalshan,1,Yes,Verb,To export; to send goods or services through a jurisdictional border out of the jurisdiction through trade,,,LX-WRT1-0013
ianath,1,Yes,Noun,Ownership; an established state or recognized right of direct possession control use exclusion or transfer,,,LX-WRT1-0014
ngar,1,,Noun,Weapon or purpose-built harmful implement,Builds the approved general weapon and explicitly listed weapon-class armed-force and firing terms.,Yes,XR-ngar
ngar,2,Yes,Noun,Weapon; an object or device designed or deliberately used to injure disable threaten or destroy,,,LX-DW1-0001
ngarpel,1,Yes,Noun,Sword; a long handheld bladed weapon used for cutting or thrusting,,,LX-DW1-0002
ngarzhir,1,Yes,Noun,Spear; a long shafted pointed weapon used for thrusting or throwing,,,LX-DW1-0003
ravjor,1,Yes,Noun,Bow; a tension weapon that stores force through bending and releases it to launch an arrow,,,LX-DW1-0004
ravjorvek,1,Yes,Noun,Arrow; a slender pointed projectile launched from a bow,,,LX-DW1-0005
arthkal,1,Yes,Noun,Shield; a handheld worn generated or projected defensive barrier that intercepts or deflects attack,,,LX-DW1-0006
ngarjor,1,Yes,Noun,Gun or firearm; a controlled mechanical weapon that launches a material projectile through explosive pressure or comparable discharge,,,LX-DW1-0007
ngarzhel,1,Yes,Noun,Energy weapon; a weapon that directs electrical magical kinetic radiant or comparable non-material energy,,,LX-DW1-0008
ngarvek,1,Yes,Noun,Ammunition or firing charge; a consumable projectile cartridge charge or stored firing unit loaded or supplied to a weapon,,,LX-DW1-0009
welarth,1,Yes,Noun,Militia; a locally organized body of community members or citizens trained and available for collective defense commonly alongside ordinary civilian work,,,LX-OC1-0001
ngarwel,1,Yes,Noun,Army or armed force; a formally organized body trained equipped and commanded for sustained armed operations,,,LX-OC1-0002
kesvar,1,Yes,Noun,Patrol; an organized watch journey repeatedly made through an area to observe warn deter danger or maintain security; also the group making that journey,,,LX-OC1-0003
xarkaleth,1,Yes,Noun,Siege; a sustained operation that encloses isolates or denies passage and supplies to a fortified place in order to compel surrender,,,LX-OC1-0004
vethbel,1,Yes,Noun,Trap; a concealed or prepared device placement or situation intended to capture restrain injure or disable,,,LX-OC1-0005
lorpel,1,Yes,Noun,Target; a person place object or point deliberately selected as the focus of observation pursuit action or attack,,,LX-OC1-0006
lorpelaen,1,Yes,Verb,To aim; to align one's attention body tool weapon or projected action toward an intended target,,,LX-OC1-0007
ngarjoraen,1,Yes,Verb,To shoot or fire; to launch a projectile or directed discharge from a weapon,,,LX-OC1-0008
arthkaraen,1,Yes,Verb,To block or parry; to intercept stop or turn aside an incoming strike projectile or directed attack,,,LX-OC1-0009
vethvaraen,1,Yes,Verb,To retreat or withdraw from danger or combat while preserving purposeful movement cohesion or the possibility of continued action,,,LX-OC1-0010
kaarthaen,1,Yes,Verb,To surrender; to cease resistance and submit oneself or one's force to an opposing authority or power,,,LX-OC1-0011
mavmor,1,Yes,Noun,Poison or toxin; a substance that disrupts bodily function or causes illness injury or death through ingestion contact inhalation or injection,,,LX-OC1-0012
rathnor,1,Yes,Noun,War; sustained organized armed conflict between political communities states peoples or major factions,,,LX-OC1-0013
rathjor,1,Yes,Noun,Battle; a bounded armed encounter or major clash usually occurring within a larger war or campaign,,,LX-OC1-0014
tlamor,1,Yes,Noun,Sex; sexual activity or intercourse involving bodily intimacy without specifying participants relationship purpose or gender,,,LX-SBD1-0001
tlamoraen,1,Yes,Verb,To have sex or engage in sexual activity,,,LX-SBD1-0002
tlamoreth,1,Yes,Adjective,Sexual; pertaining to sexual activity or its bodily functions,,,LX-SBD1-0003
shalbal,1,Yes,Noun,Birth; the emergence of a living being from pregnancy an egg a pod or comparable development into independent life,,,LX-SBD1-0004
shalbalaen,1,Yes,Verb,To give birth or bring a developing living being into independent life; the passive form means to be born,,,LX-SBD1-0005
shalbaleth,1,Yes,Adjective,Newborn or newly born; having very recently emerged into independent life,,,LX-SBD1-0006
duma,1,,Noun,Death; irreversible end of bodily life,Builds the approved ordinary noun verb and result-state adjective for biological death.,Yes,XR-duma
duma,2,Yes,Noun,Death; the irreversible end of a living being's bodily life without by itself determining what happens to soul identity or memory,,,LX-SBD1-0007
dumaen,1,Yes,Verb,To die; to undergo the irreversible end of bodily life,,,LX-SBD1-0008
dumeth,1,Yes,Adjective,Dead or deceased; no longer bodily alive,,,LX-SBD1-0009
sel,1,Yes,Noun,Mental clarity; an unobscured and internally ordered state of thought without implying truth evidence or correctness,,,LX-SCP1-0006
sel,2,Yes,Noun,Physical clarity; purity; absence of grime,"Builds words for cleanliness, purity, transparency, and physically clear states.",Yes,XR-sel
dov,1,Yes,Noun,Play or recreation undertaken primarily for enjoyment,,,LX-RC1-0001
dov,2,,Noun,Voluntary play; recreation undertaken for enjoyment,Builds the approved ordinary play game player and physical-sport vocabulary.,Yes,XR-dov
dovaen,1,Yes,Verb,To play or engage in recreation,,,LX-RC1-0002
dovath,1,Yes,Noun,A game; a bounded form of play with recognized rules or goals,,,LX-RC1-0003
dovin,1,Yes,Noun,A player participating in play or a game,,,LX-RC1-0004
kaldov,1,Yes,Noun,A sport; physically demanding or trained skill-based play,,,LX-RC1-0005
nak,1,Yes,Noun,Competition; organized striving whose outcomes are compared,Builds the approved competition participant rule official reward result and race vocabulary.,Yes,LX-RC1-0006; XR-nak
nakaen,1,Yes,Verb,To compete,,,LX-RC1-0007
nakin,1,Yes,Noun,Competitor or contestant,,,LX-RC1-0008
sivvok,1,Yes,Noun,A team; people joined around one shared effort or goal,,,LX-RC1-0009
thalnakin,1,Yes,Noun,An opponent; the competitor serving as one's balancing counterpart,,,LX-RC1-0010
nakshara,1,Yes,Noun,A rule or agreed course governing a game or competition,,,LX-RC1-0011
naklorral,1,Yes,Noun,Referee or competition judge entrusted to guide and assess fair play,,,LX-RC1-0012
naktal,1,Yes,Noun,Prize or reward awarded through competition,,,LX-RC1-0013
shalnak,1,Yes,Noun,Victory or a competitive win,,,LX-RC1-0014
shalnakaen,1,Yes,Verb,To win a competition,,,LX-RC1-0015
vethnak,1,Yes,Noun,Defeat or competitive loss,,,LX-RC1-0016
vethnakaen,1,Yes,Verb,To lose a competition,,,LX-RC1-0017
thalnak,1,Yes,Noun,A tie or draw; a competitively balanced result,,,LX-RC1-0018
jornak,1,Yes,Noun,A race; competition determined primarily by speed,,,LX-RC1-0019
jornakaen,1,Yes,Verb,To race or compete for speed,,,LX-RC1-0020
trakshalilaen,1,Yes,Verb,To skate; to glide using foot-worn runners wheels or comparable low-friction equipment,,,LX-RC1-0021
mahrshalilaen,1,Yes,Verb,To surf or current-glide across moving water using a board glider or body control,,,LX-RC1-0022
aennor,1,Yes,Noun,Music; intentionally organized sound unfolding through time,,,LX-PSAC1-0001
aennoraen,1,Yes,Verb,To make play or perform music,,,LX-PSAC1-0002
aennorral,1,Yes,Noun,Musician; a person with a practiced role making or performing music,,,LX-PSAC1-0003
thael,1,Yes,Noun,Rhythm or beat; a recurring pattern of pulse sound or movement,,,LX-PSAC1-0004
thael,2,Yes,Adjective,Gentle motion; breeze-like rhythm,"Builds words for breeze, gentle motion, rhythmic flow, and soft moving air.",Yes,XR-thael
aenthael,1,Yes,Noun,A song; a bounded vocal or musical composition organized by rhythm,,,LX-PSAC1-0005
aenthaelaen,1,Yes,Verb,To sing,,,LX-PSAC1-0006
aenthaelral,1,Yes,Noun,Singer; a person with a practiced singing role,,,LX-PSAC1-0007
welaenthael,1,Yes,Noun,Chorus; coordinated group singing or the group singing together,,,LX-PSAC1-0008
karthael,1,Yes,Noun,Drum or percussion instrument sounded through rhythmic striking,,,LX-PSAC1-0009
karthaelaen,1,Yes,Verb,To drum or produce rhythm through repeated striking,,,LX-PSAC1-0010
karthaelral,1,Yes,Noun,Drummer or practiced percussionist,,,LX-PSAC1-0011
thaelaen,1,Yes,Verb,To dance; to move the body in deliberate rhythm,,,LX-PSAC1-0012
thaelral,1,Yes,Noun,Dancer; a person with a practiced dancing role,,,LX-PSAC1-0013
aenzhir,1,Yes,Noun,Melody or musical line; a connected path of sound through time,,,LX-PSAC1-0014
zhirkel,1,Yes,Noun,Story tale or narrative; connected words carrying events through sequence,,,LX-PSAC1-0015
zhirkelral,1,Yes,Noun,Storyteller; a practiced teller or keeper of narratives,,,LX-PSAC1-0016
rinpral,1,Yes,Noun,Art or an artwork; deliberate expressive making that gives perceptible form to inner essence,,,LX-PSAC1-0017
rinpralral,1,Yes,Noun,Artist; a practiced maker of expressive art,,,LX-PSAC1-0018
norpral,1,Yes,Noun,Live performance; expressive skilled work presented as it unfolds through time,,,LX-PSAC1-0019
norpralaen,1,Yes,Verb,To perform or present an artistic work live,,,LX-PSAC1-0020
norpralral,1,Yes,Noun,Performer; a person with a practiced live-performance role,,,LX-PSAC1-0021
khumkes,1,Yes,Noun,Audience; a gathered body joined by attention to a performance speaker or event,,,LX-PSAC1-0022
norpralor,1,Yes,Noun,Stage or designated performance area,,,LX-PSAC1-0023
rim,1,Yes,Noun,Celebration; a festive observance expressing shared joy recognition or remembrance,,,LX-PSAC1-0024
rim,2,,Noun,Celebration; festive shared observance,Builds the approved general celebration verb and bounded public-festival vocabulary while preserving Welrim as a food-centered feast.,Yes,XR-rim
rimaen,1,Yes,Verb,To celebrate or observe festively,,,LX-PSAC1-0025
rimor,1,Yes,Noun,Festival; a time-bounded or place-bounded public celebration,,,LX-PSAC1-0026
ndem,1,,Noun,Blood; circulating bodily fluid associated with life injury and internal transport,Builds the approved ordinary noun and bleeding verb without reducing blood to generic water flow or spiritual life essence.,Yes,XR-ndem
ndem,2,Yes,Noun,Blood; the circulating bodily fluid associated with life injury and internal transport,,,LX-HTS1-0001
ndemaen,1,Yes,Verb,To bleed; for blood to leave its vessels or the body through injury or another bodily cause,,,LX-HTS1-0002
mavkes,1,Yes,Noun,Symptom or clinical sign; an experienced or observable indication of illness injury or bodily disturbance,,,LX-HTS1-0003
keshen,1,Yes,Noun,Clinical examination or assessment through structured observation and measurement,,,LX-HTS1-0004
keshenaen,1,Yes,Verb,To examine or assess clinically through directed observation questions touch measurement or testing,,,LX-HTS1-0005
keshenath,1,Yes,Noun,Diagnosis; the concluded identification of a bodily condition based on clinical signs and assessment,,,LX-HTS1-0006
sava,1,Yes,Noun,Care or treatment for sickness or injury in ordinary speech without specifying a formal method or clinical plan,,,LX-HTS1-0007
sava,2,,Noun,Ordinary health care or treatment for sickness or injury,Builds the approved common-register care verb patient noun and clinic noun while technical Talzhael names a defined intervention.,Yes,XR-sava
savaen,1,Yes,Verb,To care for or treat someone who is sick or injured in an ordinary nontechnical sense,,,LX-HTS1-0008
savin,1,Yes,Noun,Patient; a person or living being presently receiving or awaiting health care,,,LX-HTS1-0009
savor,1,Yes,Noun,Clinic infirmary or ordinary place organized to provide health care,,,LX-HTS1-0010
talzhael,1,Yes,Noun,Defined medical treatment therapeutic intervention or planned course selected for a particular condition,,,LX-HTS1-0011
talzhaelaen,1,Yes,Verb,To administer or carry out a defined medical treatment or therapeutic intervention,,,LX-HTS1-0012
zhaelphel,1,Yes,Noun,Medicine; a prepared substance formulation or directed therapeutic agent used to prevent relieve or treat illness or injury,,,LX-HTS1-0013
zhaelshen,1,Yes,Noun,Medicinal dose; one measured amount of medicine administered at one time,,,LX-HTS1-0014
morzhael,1,Yes,Noun,Physical healing or recovery; the bodily process of returning toward health or usable function,,,LX-HTS1-0015
mavkrez,1,Yes,Noun,Fever; illness-associated elevation of bodily heat,,,LX-HTS1-0016
mavbal,1,Yes,Noun,Infection; harmful biological invasion or growth within living tissue or a bodily system,,,LX-HTS1-0017
mavbaleth,1,Yes,Adjective,Infected; affected by harmful biological presence or growth,,,LX-HTS1-0018
mavbalshaneth,1,Yes,Adjective,Infectious or contagious; capable of transmitting an infection between hosts,,,LX-HTS1-0019
zhaelolan,1,Yes,Noun,Medicinal salve or ointment; a spreadable topical preparation used to soothe protect or treat tissue,,,LX-HTS1-0020
aivkorxar,1,Yes,Noun,Bandage or wound dressing; a covering placed over an injured bodily site to protect it or support healing,,,LX-HTS1-0021
jorzhael,1,Yes,Noun,First aid; immediate limited care intended to preserve life prevent worsening or stabilize someone before fuller treatment,,,LX-HTS1-0022
mavmorzhael,1,Yes,Noun,Antidote; medicine or treatment specifically intended to counteract a poison or toxin,,,LX-HTS1-0023
rekrathlor,1,Yes,Noun,Emergency; an immediate serious danger requiring prompt coordinated action,,,LX-HTS1-0024
rathlorkel,1,Yes,Noun,Warning or alert communicating a present or approaching danger,,,LX-HTS1-0025
velmav,1,Yes,Noun,Hypothermia or dangerous systemic cold exposure; bodily illness caused by excessive loss of heat,,,LX-HTS1-0026
rekmav,1,Yes,Noun,Severe systemic heat illness including heatstroke; bodily failure caused by excessive environmental heat,,,LX-HTS1-0027
velaivkor,1,Yes,Noun,Frostbite; localized bodily tissue injury caused by severe cold or freezing,,,LX-HTS1-0028
kadromav,1,Yes,Noun,Bodily dehydration; an unsafe physiological deficit of water,,,LX-HTS1-0029
kesrin,1,Yes,Noun,Wakeful consciousness; a living being's present capacity for awareness and responsive engagement,,,LX-HTS1-0030
kakesrin,1,Yes,Noun,Unconsciousness; involuntary absence of wakeful awareness and responsive engagement while bodily life continues,,,LX-HTS1-0031
kakesrineth,1,Yes,Adjective,Unconscious; alive but not wakefully aware or responsively engaged,,,LX-HTS1-0032
kesrinaen,1,Yes,Verb,To regain consciousness or return to wakeful responsiveness after unconsciousness,,,LX-HTS1-0033
vaarshan,1,Yes,Noun,Rescue; the successful transfer of an endangered or trapped being into relative safety,,,LX-HTS1-0034
vaarshanaen,1,Yes,Verb,To rescue; to bring an endangered or trapped being out of immediate danger or confinement into relative safety,,,LX-HTS1-0035
thalwelvar,1,Yes,Noun,Evacuation; organized outward movement of people or living beings from a dangerous place,,,LX-HTS1-0036
thalwelvaraen,1,Yes,Verb,To evacuate; to organize or carry out removal of people or living beings from a dangerous place,,,LX-HTS1-0037
mavbalshanaen,1,Yes,Verb,To transmit an infection between hosts or populations,,,LX-HTS1-0038
mavbalxar,1,Yes,Noun,Quarantine; health-directed separation used to prevent possible transmission of infection,,,LX-HTS1-0039
shalkav,1,Yes,Noun,Survival; continued bodily life or essential function despite danger deprivation injury or destructive conditions,,,LX-HTS1-0040
kavaen,1,Yes,Verb,To endure last or survive through damaging conditions without ceasing to live or function,,,LX-HTS1-0041
vaarbelwek,1,Yes,Noun,Safety or emergency protocol; an established ordered procedure for preventing harm or responding to danger,,,LX-HTS1-0042
nethvek,1,Yes,Noun,Stretcher or supported casualty carrier designed to move someone who cannot move safely,,,LX-HTS1-0043
shentalzhael,1,Yes,Noun,Medical triage; measured assignment of treatment priority and limited care resources according to urgency,,,LX-HTS1-0044
shentalzhael,2,Yes,Verb,To triage / To prioritize treatment,,,LX-HTS1-0044
felmorl,1,Yes,Noun,Hill; a natural raised landform smaller and generally lower than a mountain,,,LX-EGE1-0001
delmorl,1,Yes,Noun,Valley; low land held between opposing slopes or heights,,,LX-EGE1-0002
pelmorl,1,Yes,Noun,Cliff; a steep exposed face of rock or earth,,,LX-EGE1-0003
morlshara,1,Yes,Noun,Mountain pass; a traversable route through or between mountain heights,,,LX-EGE1-0004
xarmorl,1,Yes,Noun,Cave or cavern; a naturally sheltered hollow within earth or stone,,,LX-EGE1-0005
shanmorl,1,Yes,Noun,Canyon or gorge; a deep open passage cut through rock or land,,,LX-EGE1-0006
selmor,1,Yes,Noun,Plain; broad relatively level open ground,,,LX-EGE1-0007
ndavimor,1,Yes,Noun,Plateau; a broad area of high relatively level ground,,,LX-EGE1-0008
kadromor,1,Yes,Noun,Desert or arid land; a broad region defined by persistent lack of available water,,,LX-EGE1-0009
brossadar,1,Yes,Noun,Dune; a banked or ridged body of wind-shaped sand,,,LX-EGE1-0010
velkmorl,1,Yes,Noun,Glacier; a large enduring mass of landbound ice that moves slowly under its own weight,,,LX-EGE1-0011
terramahr,1,Yes,Noun,Coast or coastline; the meeting boundary of land and sea,,,LX-EGE1-0012
drenfel,1,Yes,Noun,Stream or brook; a small natural flowing watercourse,,,LX-EGE1-0013
fellun,1,Yes,Noun,Pond; a small inland body of relatively still water,,,LX-EGE1-0014
drenverd,1,Yes,Noun,Wetland; water-saturated habitat such as a marsh swamp or bog,,,LX-EGE1-0015
mahrmorl,1,Yes,Noun,Reef; a shallow submerged ridge or structure of rock coral or accumulated biological material,,,LX-EGE1-0016
drenjor,1,Yes,Noun,Wave; a traveling rise fall or surge across a body of water,,,LX-EGE1-0017
mahrwel,1,Yes,Noun,Current; sustained directional movement within a body of water,,,LX-EGE1-0018
eshnor,1,Yes,Noun,Weather; the present or near-term condition of the air and sky,,,LX-EGE1-0019
eshweknor,1,Yes,Noun,Climate; the recurring long-duration pattern of weather in a region,,,LX-EGE1-0020
drenesh,1,Yes,Noun,Cloud; a visible gathered body of water droplets ice dust or vapor in the sky,,,LX-EGE1-0021
eshkar,1,Yes,Noun,Thunder; the abrupt sound produced through a storm-charged sky,,,LX-EGE1-0022
eshjor,1,Yes,Noun,Gale; a sustained dangerously strong wind,,,LX-EGE1-0023
eshdren,1,Yes,Noun,Humidity; the amount or felt presence of water vapor in the air,,,LX-EGE1-0024
kadro,1,Yes,Noun,Drought; a sustained period of dangerously insufficient available water,,,LX-EGE1-0025
drenrek,1,Yes,Noun,Flood; an event in which water rises or spreads beyond its ordinary bounds,,,LX-EGE1-0026
morkar,1,Yes,Noun,Earthquake or ground tremor; a sudden shaking of the ground,,,LX-EGE1-0027
morljor,1,Yes,Noun,Landslide or rockslide; rapid downslope movement of earth stone or debris,,,LX-EGE1-0028
sadarjor,1,Yes,Noun,Sandstorm; wind-driven sand dense or forceful enough to impair travel sight or safety,,,LX-EGE1-0029
velxar,1,Yes,Noun,Frost; a thin deposited or frozen coating of ice on a surface,,,LX-EGE1-0030
felsadar,1,Yes,Noun,Silt; fine mineral sediment carried or deposited by water,,,LX-EGE1-0031
krezshen,1,Yes,Noun,Temperature; the measured thermal condition of something along a hot-to-cold scale,,,LX-EGE1-0032
verdin,1,Yes,Noun,Plant; an individual organism belonging to botanical life,,,LX-EGE1-0033
verdmarin,1,Yes,Noun,Tree; a woody plant organized around a persistent trunk and branching growth,,,LX-EGE1-0034
morlzhir,1,Yes,Noun,Plant root; the usually hidden anchoring and absorbing structure extending through soil or another medium,,,LX-EGE1-0035
verdxar,1,Yes,Noun,Bark; the protective outer covering of a woody plant,,,LX-EGE1-0036
zhirverd,1,Yes,Noun,Vine; a climbing or trailing plant with a long flexible growth form,,,LX-EGE1-0037
verdpel,1,Yes,Noun,Grass; narrow-bladed ground-covering plant growth,,,LX-EGE1-0038
balvek,1,Yes,Noun,Seed; a compact growth-bearing body capable of beginning a new plant,,,LX-EGE1-0039
balshan,1,Yes,Noun,Pollination; transfer of reproductive plant material enabling seed or fruit formation,,,LX-EGE1-0040
mbu,1,,Noun,Fungus or fungal life distinct from plants and animals,Provides the ordinary biological category for fungi without misclassifying them through plant animal or decay roots.,Yes,XR-mbu
mbu,2,Yes,Noun,Fungus or fungal life; an organism in the fungal kingdom distinct from plants and animals,,,LX-EGE1-0041
shalrin,1,Yes,Noun,Organism; an individual living being considered as one functioning life,,,LX-EGE1-0042
nali,1,,Noun,Species; a recognized biological kind or lineage extending across organisms and generations,Builds the approved habitat population range-history invasion endangerment and extinction vocabulary.,Yes,XR-nali
nali,2,Yes,Noun,Species; a recognized kind or lineage of living organisms whose members share an enduring biological identity,,,LX-EGE1-0043
nalior,1,Yes,Noun,Habitat; the ordinary environment in which an organism or species lives and meets its life needs,,,LX-EGE1-0044
ohmshal,1,Yes,Noun,Ecosystem; the connected living community and physical environment functioning together,,,LX-EGE1-0045
welnali,1,Yes,Noun,Population; the members of one species living in a defined place or study area,,,LX-EGE1-0046
kornali,1,Yes,Noun,Native species; a species established within a place through its ordinary ecological history,,,LX-EGE1-0047
shannali,1,Yes,Noun,Introduced species; a species carried beyond its prior range by people trade or another unusual transfer,,,LX-EGE1-0048
rathshannali,1,Yes,Noun,Invasive species; an introduced species that spreads in ways causing ecological harm,,,LX-EGE1-0049
dumanali,1,Yes,Noun,Extinction; the complete end of a species or distinct living lineage,,,LX-EGE1-0050
rathnali,1,Yes,Noun,Endangered or threatened species; a species facing a serious risk of extinction,,,LX-EGE1-0051
gavin,1,Yes,Noun,Prey or quarry; an animal pursued by a predator or hunter,,,LX-EGE1-0052
rathzor,1,Yes,Noun,Predator; an animal that hunts and consumes other animals,,,LX-EGE1-0053
welzor,1,Yes,Noun,Animal group; a socially or spatially gathered body of animals including a herd flock pack school or swarm,,,LX-EGE1-0054
zornethor,1,Yes,Noun,Nest den or lair; a place used by an animal for shelter rest birth or raising young,,,LX-EGE1-0055
wekvaraen,1,Yes,Verb,To migrate; to move cyclically or seasonally between habitats or regions,,,LX-EGE1-0056
emilzhir,1,Yes,Noun,Food chain; a directional sequence of feeding relations through which nourishment and energy pass,,,LX-EGE1-0057
emilbel,1,Yes,Noun,Food web; the interconnected network of feeding relationships within an ecosystem,,,LX-EGE1-0058
terramav,1,Yes,Noun,Environmental or ecological degradation; sustained damage that weakens the health or functioning of land water air or living systems,,,LX-EGE1-0059
mavverd,1,Yes,Noun,Plant blight; a spreading disease or destructive condition affecting plants,,,LX-EGE1-0060
gorm,1,,Noun,Dirt grime or unwanted soiling matter,Builds the established adjective Gormeth and approved noun and environmental pollution term.,Yes,XR-gorm
gorm,2,Yes,Noun,Dirt grime or unwanted soiling matter on a body object or surface,,,LX-EGE1-0061
welgorm,1,Yes,Noun,Pollution; harmful or unwanted matter or energy dispersed through shared air water soil or surroundings,,,LX-EGE1-0062
pelnor,1,Yes,Noun,Erosion; gradual wearing cutting or removal of soil rock or surface material over time,,,LX-EGE1-0063
xilnalior,1,Yes,Noun,Habitat fragmentation; division of a habitat into disconnected or poorly connected pieces,,,LX-EGE1-0064
terrakav,1,Yes,Noun,Environmental conservation; deliberate long-term protection of lands waters species or ecological processes,,,LX-EGE1-0065
terrazhael,1,Yes,Noun,Ecological restoration; deliberate assistance that returns a damaged environment toward health and function,,,LX-EGE1-0066
sul,1,Yes,Noun,Resource; a usable supply substance energy source or environmental provision available to meet a need,Builds the approved abundance scarcity reserve renewable-resource and waste vocabulary.,Yes,LX-EGE1-0067; XR-sul
worsul,1,Yes,Noun,Resource abundance or surplus; a condition in which usable supply substantially exceeds present need,,,LX-EGE1-0068
kasul,1,Yes,Noun,Resource scarcity or shortage; a condition in which usable supply is insufficient or difficult to obtain,,,LX-EGE1-0069
kavsul,1,Yes,Noun,Reserve or stockpile; a supply deliberately preserved for later need or emergency use,,,LX-EGE1-0070
weksul,1,Yes,Noun,Renewable resource; a resource replenished through a recurring natural or managed cycle at a usable rate,,,LX-EGE1-0071
versul,1,Yes,Noun,Waste or refuse; material discarded or left over because it is no longer treated as a usable resource,,,LX-EGE1-0072
dava,1,Yes,Noun,Information; meaningful content capable of being known communicated represented or stored,Builds the approved data record file database display signal transmission copying transfer saving search corruption encryption and interference vocabulary.,Yes,LX-ICAES1-0001; XR-dava
shendava,1,Yes,Noun,Data; observations measurements states or symbols arranged so they can be examined or processed,,,LX-ICAES1-0002
kavdava,1,Yes,Noun,Record; information deliberately preserved as an account of an event state decision person or transaction,,,LX-ICAES1-0003
davaxar,1,Yes,Noun,File; one bounded body of information treated as a movable storable retrievable unit,,,LX-ICAES1-0004
beldava,1,Yes,Noun,Database; an organized body of related information or records structured for reliable retrieval,,,LX-ICAES1-0005
davapral,1,Yes,Noun,Display or screen; a prepared surface on which changing information is made visible,,,LX-ICAES1-0006
zheldava,1,Yes,Noun,Signal; a detectable variation of energy sound light pressure motion or magic that carries information,,,LX-ICAES1-0007
ohmshan,1,Yes,Noun,Interface; the shared boundary through which two people devices or systems exchange information or control,,,LX-ICAES1-0008
anmek,1,Yes,Noun,Input; information energy material or instruction supplied into a system for operation or processing,,,LX-ICAES1-0009
thalmek,1,Yes,Noun,Output; information energy material or result produced outward from a system,,,LX-ICAES1-0010
raku,1,Yes,Noun,Computation; rule-governed transformation or evaluation of numbers symbols states or information,Builds the approved computing processor algorithm code program and automation vocabulary.,Yes,LX-ICAES1-0011; XR-raku
rakuaen,1,Yes,Verb,To compute or process; to transform or evaluate numbers symbols states or information through defined operations,,,LX-ICAES1-0012
rakumek,1,Yes,Noun,Computer or computing device; a machine whose central function is computation and information processing,,,LX-ICAES1-0013
rakufelmek,1,Yes,Noun,Processor; the component within a larger system that performs its central computational operations,,,LX-ICAES1-0014
rakushara,1,Yes,Noun,Algorithm; a defined sequence of operations that produces or seeks a result from given input,,,LX-ICAES1-0015
rakukel,1,Yes,Noun,Code; symbolic instructions or expressions written so a computing system can interpret or execute them,,,LX-ICAES1-0016
belraku,1,Yes,Noun,Program; an organized body of executable instructions and related computational structure,,,LX-ICAES1-0017
varokraku,1,Yes,Noun,Automation; transfer of an operation's moment-to-moment execution to an instruction-governed system,,,LX-ICAES1-0018
varokrakuaen,1,Yes,Verb,To automate; to place an operation under instruction-governed system execution,,,LX-ICAES1-0019
varokrakueth,1,Yes,Adjective,Automated; operating through prior instructions without continuous moment-to-moment human direction,,,LX-ICAES1-0020
davashanaen,1,Yes,Verb,To transmit information or a signal from one person device or place toward another,,,LX-ICAES1-0021
deldavaen,1,Yes,Verb,To copy; to create a second information instance preserving the represented content,,,LX-ICAES1-0022
andavaen,1,Yes,Verb,To upload; to transfer information into a remote shared or receiving system,,,LX-ICAES1-0023
thaldavaen,1,Yes,Verb,To download; to transfer information out of a remote or shared system into a local receiving system,,,LX-ICAES1-0024
kavdavaen,1,Yes,Verb,To record or save; to preserve information in a form intended for later retrieval,,,LX-ICAES1-0025
kavdeldava,1,Yes,Noun,Backup; a deliberately preserved additional copy used to restore information after loss or damage,,,LX-ICAES1-0026
kesdavaen,1,Yes,Verb,To search or query; to examine an information body systematically for a requested item relation or result,,,LX-ICAES1-0027
belnoraen,1,Yes,Verb,To synchronize; to bring connected participants or systems into the same relevant timing sequence or information state,,,LX-ICAES1-0028
mekreth,1,Yes,Noun,System malfunction; a condition in which a constructed system no longer performs its intended operation reliably,,,LX-ICAES1-0029
felmekreth,1,Yes,Noun,Defect or bug; one bounded flaw in a component design instruction set or program that can produce incorrect behavior,,,LX-ICAES1-0030
rekmekreth,1,Yes,Noun,Crash; sudden severe system failure involving abrupt loss of operation or control,,,LX-ICAES1-0031
rethdava,1,Yes,Noun,Data corruption; information made internally incoherent damaged or unreliable through unintended alteration,,,LX-ICAES1-0032
xardava,1,Yes,Noun,Encrypted or deliberately protected information whose usable content is concealed without authorized recovery,,,LX-ICAES1-0033
xardavaen,1,Yes,Verb,To encrypt; to transform information into a protected form that conceals its usable content,,,LX-ICAES1-0034
kaxardavaen,1,Yes,Verb,To decrypt; to restore protected information to usable form through authorized means,,,LX-ICAES1-0035
zhelwel,1,Yes,Noun,Electrical or energetic current; sustained directional movement of charge through a medium or system,,,LX-ICAES1-0036
zhelshara,1,Yes,Noun,Circuit; an organized conductive path through which charge can travel and return or complete an intended route,,,LX-ICAES1-0037
ravzhel,1,Yes,Noun,Electrical potential or voltage; the difference that exerts a driving pull on charge between points,,,LX-ICAES1-0038
zhelshan,1,Yes,Noun,Conductor; a material component or path whose intended function is carrying electrical or magical charge,,,LX-ICAES1-0039
zhelxar,1,Yes,Noun,Insulator; a material component or barrier used to prevent unwanted passage of charge,,,LX-ICAES1-0040
jorzhelkav,1,Yes,Noun,Capacitor; a component that stores charge for rapid controlled release rather than sustained reserve use,,,LX-ICAES1-0041
zhelvorkor,1,Yes,Noun,Electrical switch or gate; a device that opens closes or redirects a path of charge or control,,,LX-ICAES1-0042
zhelpel,1,Yes,Noun,Electrical contact or terminal; a defined point at which charge signal or a conductive connection enters leaves or joins a component,,,LX-ICAES1-0043
jorzhel,1,Yes,Noun,Power surge; a brief sudden rise or burst of electrical or energetic force,,,LX-ICAES1-0044
worzhel,1,Yes,Noun,Overload; a condition in which supplied power current or demand exceeds the safe capacity of a system,,,LX-ICAES1-0045
kazhel,1,Yes,Noun,Power outage or blackout; loss of usable supplied energy within a place device or connected system,,,LX-ICAES1-0046
zhelreth,1,Yes,Noun,Electrical fault; an abnormal electrical condition that disrupts safe or intended operation,,,LX-ICAES1-0047
rethzhelshara,1,Yes,Noun,Short circuit; an unintended low-control path that allows charge to bypass its intended circuit route,,,LX-ICAES1-0048
zhelaen,1,Yes,Verb,To energize or power; to supply usable energy so a device system or effect can operate,,,LX-ICAES1-0049
kavzhelaen,1,Yes,Verb,To charge or recharge; to place energy into a storage device for later release,,,LX-ICAES1-0050
thalzhelaen,1,Yes,Verb,To discharge; to release stored electrical or energetic charge outward from a component or system,,,LX-ICAES1-0051
arthzhelshara,1,Yes,Noun,Circuit protector; a fuse breaker or comparable component that interrupts dangerous electrical conditions,,,LX-ICAES1-0052
morzhelshan,1,Yes,Noun,Electrical ground or grounding path; a controlled conductive connection to earth a common reference or a safe charge sink,,,LX-ICAES1-0053
mekkes,1,Yes,Noun,Technical diagnostic examination; a systematic test used to locate or characterize a fault in a constructed system,,,LX-ICAES1-0054
mekkesaen,1,Yes,Verb,To diagnose or troubleshoot a constructed system by systematic testing and interpretation,,,LX-ICAES1-0055
varokmek,1,Yes,Noun,Controller or control unit; a device or subsystem that directs another system according to commands input or prior instructions,,,LX-ICAES1-0056
rethzheldava,1,Yes,Noun,Signal interference or noise; unwanted disturbance that obscures alters or competes with an information-bearing signal,,,LX-ICAES1-0057
songa,1,Yes,Noun,"Universe or cosmos; the total physical expanse and all matter, energy, places, and events within it",,,LX-SAC1-0001
songa,2,,Noun,Universe or cosmos; the total physical expanse and its contents,Builds the approved universe cosmic outer-space and cosmology vocabulary without expanding Dral beyond heaven or sky.,Yes,XR-songa
songaeth,1,Yes,Adjective,"Cosmic; relating to the universe's scale, structure, forces, or wider order",,,LX-SAC1-0002
songazun,1,Yes,Noun,Outer space; the predominantly empty region beyond a world's substantial atmosphere,,,LX-SAC1-0003
zunesh,1,Yes,Noun,Vacuum; a region with no air or extremely little matter or pressure,,,LX-SAC1-0004
nyel,1,Yes,Noun,Star; an individual self-luminous celestial body,Builds the approved stellar sun star-system galaxy constellation and appearance-based comet vocabulary.,Yes,LX-SAC1-0005; XR-nyel
nyeleth,1,Yes,Adjective,Stellar; relating to or produced by a star,,,LX-SAC1-0006
kreznyel,1,Yes,Noun,Sun; a star understood in relation to an orbiting world as a principal source of daylight and heat,,,LX-SAC1-0007
vora,1,Yes,Noun,Planet; a large rounded celestial body that orbits a star and does not itself shine as a star,,,LX-SAC1-0008
vora,2,,Noun,Planet; a large rounded non-stellar body orbiting a star,Builds the approved planet planetary and asteroid or minor-planet vocabulary without weakening Terra or Ohnosha.,Yes,XR-vora
voraeth,1,Yes,Adjective,Planetary; relating to a planet as a whole or operating at planetary scale,,,LX-SAC1-0009
luneth,1,Yes,Adjective,"Lunar; relating to a moon or its cycles, surface, light, or motion",,,LX-SAC1-0010
nyelbel,1,Yes,Noun,Star system or planetary system; a star or stars and the bodies gravitationally associated with them,,,LX-SAC1-0011
wornyelbel,1,Yes,Noun,"Galaxy; a vast gravitationally associated gathering of stars, star systems, matter, and related structures",,,LX-SAC1-0012
nyelzhir,1,Yes,Noun,Constellation; a culturally or practically recognized pattern of stars linked into an image or navigational figure as seen from an observing place,,,LX-SAC1-0013
ravwek,1,Yes,Noun,Orbit; the recurring curved path of one body around another under sustained attraction,,,LX-SAC1-0014
ravwekaen,1,Yes,Verb,To orbit; to travel repeatedly around another body in an orbit,,,LX-SAC1-0015
ravwekin,1,Yes,Noun,Satellite; a natural or constructed body maintained in orbit around a larger body,,,LX-SAC1-0016
dralxar,1,Yes,Noun,Eclipse; a celestial obscuration produced when one body blocks another body or its light from an observer,,,LX-SAC1-0017
dralxaraen,1,Yes,Verb,To eclipse or celestially obscure; for one body to block another body or its light from an observer,,,LX-SAC1-0018
felvora,1,Yes,Noun,Asteroid or minor planet; a comparatively small natural celestial body orbiting a star,,,LX-SAC1-0019
zhirnyel,1,Yes,Noun,Comet; an orbiting celestial body historically recognized as a “thread-star” because it develops a visible trailing stream or tail when active,,,LX-SAC1-0020
dralfel,1,Yes,Noun,"Meteoroid; a small natural fragment of rock, metal, ice, or comparable matter traveling through space",,,LX-SAC1-0021
krezdralfel,1,Yes,Noun,Meteor; the visible luminous passage produced when a celestial fragment enters an atmosphere,,,LX-SAC1-0022
mordralfel,1,Yes,Noun,Meteorite; material from a celestial fragment that survives atmospheric passage and reaches the ground,,,LX-SAC1-0023
felmor,1,Yes,Noun,"Dust; very fine dry particles of matter capable of settling, drifting, or remaining suspended",,,LX-SAC1-0024
morshen,1,Yes,Noun,"Mass; the measured quantity of matter in a body, distinct from the gravitational force acting on it",,,LX-SAC1-0025
dralshen,1,Yes,Noun,"Astronomy; systematic observation and study of the observable heavens, celestial bodies, motions, radiation, and physical relations",,,LX-SAC1-0026
songashen,1,Yes,Noun,"Cosmology; disciplined study and modeling of the universe as a whole, including its large-scale structure, history, and possible origins",,,LX-SAC1-0027
shenbel,1,Yes,Noun,"Science; organized, revisable inquiry that builds explanations through systematic observation, measurement, testing, and comparison",,,LX-SAC1-0028
shenbeleth,1,Yes,Adjective,"Scientific; relating to the methods, evidence, explanations, or organized practice of science",,,LX-SAC1-0029
shenkes,1,Yes,Noun,Formal observation; a deliberately bounded and documented act of noticing under stated conditions,,,LX-SAC1-0030
shenkesaen,1,Yes,Verb,To observe scientifically or systematically under stated conditions,,,LX-SAC1-0031
kesdava,1,Yes,Noun,"Evidence; observed or reliably recorded information relevant to evaluating a claim, explanation, cause, or event",,,LX-SAC1-0032
sivshen,1,Yes,Noun,"Experiment; a controlled test or intervention designed to examine a question, relation, or prediction under uncertainty",,,LX-SAC1-0033
sivshenaen,1,Yes,Verb,To experiment; to conduct a controlled test intended to produce interpretable evidence,,,LX-SAC1-0034
sivkel,1,Yes,Noun,"Hypothesis; a provisional, testable statement offered to explain or predict an observable relation",,,LX-SAC1-0035
belkes,1,Yes,Noun,Scientific theory; an organized explanatory framework supported by converging evidence and repeated successful testing,,,LX-SAC1-0036
rinmek,1,Yes,Noun,"Model; a deliberately constructed representation preserving selected structure, relations, or behavior of something studied",,,LX-SAC1-0037
rinmekaen,1,Yes,Verb,"To model; to represent selected structure, relations, or behavior for explanation, testing, or prediction",,,LX-SAC1-0038
varrinmek,1,Yes,Noun,Simulation; a model made to operate or change through a sequence so possible behavior can be examined,,,LX-SAC1-0039
varrinmekaen,1,Yes,Verb,To simulate; to operate a model through changing states in order to examine possible behavior,,,LX-SAC1-0040
felshen,1,Yes,Noun,"Sample; a bounded portion, selection, or subset taken for examination or used to represent a larger whole",,,LX-SAC1-0041
felshenaen,1,Yes,Verb,"To sample; to select, collect, or measure a bounded portion intended to represent or reveal a larger whole",,,LX-SAC1-0042
drenvar,1,Yes,Noun,"Variable; a condition, property, value, or factor capable of changing within an observation, experiment, model, or calculation",,,LX-SAC1-0043
sivshenlian,1,Yes,Noun,Experimental control or reference condition; the comparison condition used to interpret what an experiment changed,,,LX-SAC1-0044
rethshen,1,Yes,Noun,Probability; a measured or formally estimated degree of likelihood under uncertainty,,,LX-SAC1-0045
shenreth,1,Yes,Noun,Measurement uncertainty; the stated range or limit within which a measured value remains uncertain,,,LX-SAC1-0046
shenlianeth,1,Yes,Adjective,"Accurate; close to a trusted reference, accepted value, or well-supported account",,,LX-SAC1-0047
pelsheneth,1,Yes,Adjective,Precise; narrowly resolved or consistently specified in measurement or expression,,,LX-SAC1-0048
shenvarash,1,Yes,Noun,"Scientific prediction or forecast; a stated future outcome derived from evidence, a model, calculation, or theory",,,LX-SAC1-0049
shenvarashaen,1,Yes,Verb,"To predict or forecast scientifically from evidence, a model, calculation, or theory",,,LX-SAC1-0050
weksivshen,1,Yes,Noun,Replication; an independently repeated experiment or test intended to determine whether a result recurs,,,LX-SAC1-0051
weksivshenaen,1,Yes,Verb,To replicate an experiment or test; to repeat its relevant method in order to test whether the result recurs,,,LX-SAC1-0052
shalpel,1,Yes,Noun,"Lens; a shaped transparent, reflective, crystalline, magical, or hybrid component that redirects or focuses light",,,LX-SAC1-0053
drallor,1,Yes,Noun,Telescope; an instrument that gathers or directs signals to observe distant celestial objects,,,LX-SAC1-0054
fellor,1,Yes,Noun,Microscope; an instrument that magnifies or otherwise resolves structures too small for unaided sight,,,LX-SAC1-0055
aru,1,,Noun,Magic; intentional relationship or practice producing effects beyond ordinary causation,Builds the approved general magic practitioner domain spell dispelling and technomancy vocabulary.,Yes,XR-aru
aru,2,Yes,Noun,Magic; intentional relationship or practice through which extraordinary forces beings places artifacts conditions or systems produce effects beyond ordinary causation,,,LX-GMMP1-0001
arueth,1,Yes,Adjective,Magical; relating to magic or produced through magical practice,,,LX-GMMP1-0002
kaarueth,1,Yes,Adjective,Nonmagical; not involving or produced through magic,,,LX-GMMP1-0003
aruaen,1,Yes,Verb,To use or practice magic generally,,,LX-GMMP1-0004
arural,1,Yes,Noun,Magical practitioner; a person who intentionally practices or works with magic,,,LX-GMMP1-0005
rinaru,1,Yes,Noun,Spiritual magic; magic acting through essence spirits attunement spiritual bonds or metaphysical identity,,,LX-GMMP1-0006
kalaru,1,Yes,Noun,Physical magic; magic acting upon matter bodies elements energy force motion or physically manifested change,,,LX-GMMP1-0007
esharu,1,Yes,Noun,Mental magic; magic acting upon thought awareness perception memory emotion dream or will,,,LX-GMMP1-0008
arukel,1,Yes,Noun,Spell; a bounded repeatable magical formulation encoded through words movement marks calculation music tools or another defined expression,,,LX-GMMP1-0009
arukelaen,1,Yes,Verb,To cast or activate a spell,,,LX-GMMP1-0010
shankalaen,1,Yes,Verb,To channel power through oneself a tool a bond or another medium,,,LX-GMMP1-0011
rinbel,1,Yes,Noun,Enchantment; a sustained extraordinary property or directive bound into the operative identity of a person object or place,,,LX-GMMP1-0012
rinbelaen,1,Yes,Verb,To enchant or imbue by binding a sustained extraordinary property or directive into operative identity,,,LX-GMMP1-0013
rinbeleth,1,Yes,Adjective,Enchanted; bearing a sustained extraordinary property or directive bound into operative identity,,,LX-GMMP1-0014
arthrin,1,Yes,Noun,Ward; a maintained protective condition held through essence bond intention or magic,,,LX-GMMP1-0015
xarrin,1,Yes,Noun,Metaphysical seal or containment; a maintained condition that closes confines or prevents passage across a metaphysical boundary,,,LX-GMMP1-0016
kaaruaen,1,Yes,Verb,To dispel or suppress an active magical effect,,,LX-GMMP1-0017
vaarrin,1,Yes,Noun,Blessing; an intended beneficial condition conferred upon a person object place relationship or undertaking,,,LX-GMMP1-0018
rathrin,1,Yes,Noun,Curse; a sustained hostile condition imposed upon a person object place relationship or undertaking,,,LX-GMMP1-0019
rinvek,1,Yes,Noun,Magical artifact or implement; an object made carried or used as an independently meaningful magical instrument,,,LX-GMMP1-0020
ohmpel,1,Yes,Noun,Magical focus; an object mark bodily point or prepared location through which attention and magical connection are concentrated or aligned,,,LX-GMMP1-0021
mekaru,1,Yes,Noun,Technomancy; magical practice whose operation depends upon active integration with machines computation constructed systems or engineered interfaces,,,LX-GMMP1-0022
thaenin,1,Yes,Noun,Spirit-being; a nonbodily or partly embodied presence understood to possess awareness will or agency,,,LX-GMMP1-0023
thaenohm,1,Yes,Noun,Spirit contact or communion; a reciprocal or attempted connection between a person and an agentive spirit-being,,,LX-GMMP1-0024
thaenohmaen,1,Yes,Verb,To contact or commune with a spirit-being,,,LX-GMMP1-0025
rinarshor,1,Yes,Noun,Aura; a perceivable or inferable field or presence surrounding a being object or place and associated with its present essence or condition,,,LX-GMMP1-0026
thaenbel,1,Yes,Noun,Spirit-binding; a maintained bond that attaches confines obligates or anchors a spirit-being to a person object place agreement or task,,,LX-GMMP1-0027
thaenbelaen,1,Yes,Verb,To bind a spirit-being to a person object place agreement or task,,,LX-GMMP1-0028
kathaenbelaen,1,Yes,Verb,To release a spirit-being from an imposed or maintained binding,,,LX-GMMP1-0029
krezpralaen,1,Yes,Verb,To shape or control fire or heat through extraordinary trained practice,,,LX-GMMP1-0030
dropralaen,1,Yes,Verb,To shape or control physical water its pressure motion or form through extraordinary trained practice,,,LX-GMMP1-0031
eshpralaen,1,Yes,Verb,To shape or control air wind or atmospheric motion through extraordinary trained practice,,,LX-GMMP1-0032
morpralaen,1,Yes,Verb,To shape or control soil stone metal mineral or other nonliving matter through extraordinary trained practice,,,LX-GMMP1-0033
velpralaen,1,Yes,Verb,To shape or control cold frost snow or ice through extraordinary trained practice,,,LX-GMMP1-0034
zhelpralaen,1,Yes,Verb,To shape or control electricity lightning energetic charge or comparable active power through extraordinary trained practice,,,LX-GMMP1-0035
tenarpralaen,1,Yes,Verb,To shape direct or sustain visible light or radiance through extraordinary trained practice,,,LX-GMMP1-0036
vethpralaen,1,Yes,Verb,To shape deepen move or sustain shadow and concealment through extraordinary trained practice,,,LX-GMMP1-0037
shalrinaen,1,Yes,Verb,To alter a living organism's growth tissue bodily process or biological development through extraordinary practice; to perform biomancy,,,LX-GMMP1-0038
vethshal,1,Yes,Noun,Illusion; a deliberately formed sensory appearance that obscures substitutes for or misdirects perception of what is present,,,LX-GMMP1-0039
vethshalaen,1,Yes,Verb,To create project or maintain an illusion,,,LX-GMMP1-0040
vethshaleth,1,Yes,Adjective,Illusory; presenting an intentionally constructed appearance rather than the underlying thing or condition,,,LX-GMMP1-0041
tharbel,1,Yes,Noun,Compulsion; an imposed binding upon choice or will that pressures or forces a person toward an action decision or restraint,,,LX-GMMP1-0042
tharbelaen,1,Yes,Verb,To compel; to bind or override another person's choice or will toward an action decision or restraint,,,LX-GMMP1-0043
katharbelaen,1,Yes,Verb,To release a person from compulsion or restore choice after imposed will-binding,,,LX-GMMP1-0044
kesxar,1,Yes,Noun,Perceptual veil; a condition that blocks narrows redirects or suppresses what reaches conscious awareness,,,LX-GMMP1-0045
kesxaraen,1,Yes,Verb,To veil perception; to prevent or redirect conscious notice of a person object event sensation or feature,,,LX-GMMP1-0046
worshankal,1,Yes,Noun,Overchanneling; passage of more force energy or magical influence than a body tool bond environment or system can safely mediate,,,LX-GMMP1-0047
worshankalaen,1,Yes,Verb,To overchannel power or magical influence,,,LX-GMMP1-0048
rethkal,1,Yes,Noun,Power instability; a condition in which force energy or magical influence behaves incoherently unpredictably or outside intended control,,,LX-GMMP1-0049
rethkaleth,1,Yes,Adjective,Unstable in power or magical operation; behaving through uncontrolled or incoherent energetic change,,,LX-GMMP1-0050
shantham,1,Yes,Noun,Backlash; an unintended harmful return spill or breakdown traveling through the path of a forceful energetic or magical working,,,LX-GMMP1-0051
ohmreth,1,Yes,Noun,Attunement disruption; interference contradiction or instability within a previously coherent connection or resonance,,,LX-GMMP1-0052
kaohmaen,1,Yes,Verb,To sever or deliberately end an attunement resonance or metaphysical connection,,,LX-GMMP1-0053
naku,1,,Noun,Left-side relation within an oriented frame,Builds approved ordinary expressions for leftward position or movement without encoding morality handedness or absolute geography.,Yes,XR-naku
naku,2,Yes,Preposition,On at or toward the left side relative to an established facing or direction of travel,,,LX-SRD1-0001
sora,1,,Noun,Right-side relation within an oriented frame,Builds approved ordinary expressions for rightward position or movement without encoding correctness entitlement or absolute geography.,Yes,XR-sora
sora,2,Yes,Preposition,On at or toward the right side relative to an established facing or direction of travel,,,LX-SRD1-0002
deni,1,Yes,Particle,Demonstrative marking a referent within the speaker's immediate sphere; this,,,LX-SRD1-0004
denya,1,Yes,Particle,Demonstrative marking a referent within the listener's immediate sphere; that by you,,,LX-SRD1-0005
denla,1,Yes,Particle,Demonstrative marking a referent away from both speaker and listener; that yonder,,,LX-SRD1-0006
anor,1,Yes,Noun,Interior or inside area of a bounded place object or region,,,LX-SRD1-0007
kaan,1,Yes,Preposition,Outside or beyond; not within a stated or understood boundary,,,LX-SRD1-0008
anshanaen,1,Yes,Verb,To enter; to cross a boundary from outside to inside a place,,,LX-SRD1-0009
thalshanaen,1,Yes,Verb,To exit; to cross a boundary from inside to outside a place,,,LX-SRD1-0010
hav,1,Yes,Noun,Laughter; a bodily vocal or breath-driven expression arising from amusement relief tension embarrassment disbelief or social response,,,LX-HLPS1-0001
hav,2,,Noun,Laughter; embodied amused tense relieved embarrassed disbelieving or socially responsive release,Builds the approved laughter humor comic-skill comic-role and ridicule vocabulary without equating laughter with joy or kindness.,Yes,XR-hav
havaen,1,Yes,Verb,To laugh; to express laughter through voice breath face or bodily movement,,,LX-HLPS1-0002
haveth,1,Yes,Adjective,Funny or amusing in a particular context; tending to provoke amused recognition or laughter,,,LX-HLPS1-0003
dovhav,1,Yes,Noun,Humor; playful framing incongruity or expression offered or received as amusing,,,LX-HLPS1-0004
dovkel,1,Yes,Noun,A joke; a bounded utterance story beat gesture or act framed for amusement rather than ordinary literal uptake,,,LX-HLPS1-0005
dovkelaen,1,Yes,Verb,To joke; with a person as direct object to tease them playfully rather than assert the words literally,,,LX-HLPS1-0006
keljek,1,Yes,Noun,Wordplay or a pun; humor made through a turn in sound wording segmentation or multiple meaning,,,LX-HLPS1-0007
pralhav,1,Yes,Noun,Wit; skill in producing apt economical or artfully timed humor,,,LX-HLPS1-0008
dovhavral,1,Yes,Noun,A comedian or comic performer; a person with a practiced role creating humor for others,,,LX-HLPS1-0009
havrath,1,Yes,Noun,Mockery or ridicule; laughter or comic treatment used to diminish expose or socially lower a target,,,LX-HLPS1-0010
havrathaen,1,Yes,Verb,To mock or ridicule someone; to use laughter or comic treatment against a target,,,LX-HLPS1-0011
jekkel,1,Yes,Noun,Irony; an understood contrast in which surface wording or apparent circumstances turn away from intended evaluation or actual outcome,,,LX-HLPS1-0012
peljekkel,1,Yes,Noun,Sarcasm; pointed irony used to criticize sting challenge or teasingly rebuke,,,LX-HLPS1-0013
nem,1,Yes,Noun,Understanding or comprehension; a coherent mental grasp of what something means how it works or how its parts relate,,,LX-UHEI1-0001
nem,2,,Verb,Understanding or comprehension; coherent mental grasp,Builds the approved understanding misunderstanding explanation and clarification vocabulary without equating comprehension with noticing clarity truth wisdom or hearing.,Yes,XR-nem
nemaen,1,Yes,Verb,To understand or comprehend,,,LX-UHEI1-0002
rethnem,1,Yes,Noun,A misunderstanding; a coherent but incorrect interpretation or grasp,,,LX-UHEI1-0003
rethnemaen,1,Yes,Verb,To misunderstand or form or hold an incorrect interpretation,,,LX-UHEI1-0004
kelnemaen,1,Yes,Verb,To explain or communicate something so another person can understand it,,,LX-UHEI1-0005
selnemaen,1,Yes,Verb,To clarify; to make an existing statement idea instruction or understanding less obscure or ambiguous,,,LX-UHEI1-0006
mbaen,1,Yes,Verb,To help or assist; to contribute effort ability care or resources toward another's need or undertaking without necessarily taking it over,,,LX-UHEI1-0007
zev,1,Yes,Noun,Envy; painful comparative desire for an advantage possession quality opportunity or position understood to belong to another,,,LX-UHEI1-0008
zev,2,,Noun,Envy; painful comparative desire for what another has,Builds the approved envy noun and verb without equating envy with general desire longing jealousy theft or allocation grievance.,Yes,XR-zev
zevaen,1,Yes,Verb,To envy or feel comparative desire for what another has or is understood to have,,,LX-UHEI1-0009
fahohm,1,Yes,Noun,Jealousy; fear that another may displace oneself within a valued bond attention or relational place,,,LX-UHEI1-0010
fahohmaen,1,Yes,Verb,To feel jealousy concerning a valued relationship attention or relational place,,,LX-UHEI1-0011
mira,1,,Noun,Embarrassment; immediate self-conscious social discomfort,Builds the approved embarrassment noun and verb without collapsing brief awkward exposure into shame guilt confusion or laughter.,Yes,XR-mira
mira,2,Yes,Noun,Embarrassment; immediate self-conscious social discomfort caused by awkwardness exposure error or unwanted attention,,,LX-UHEI1-0012
miraen,1,Yes,Verb,To feel embarrassed,,,LX-UHEI1-0013
daku,1,Yes,Noun,Boredom; an unpleasant or restless absence of engagement meaningful occupation novelty or attention,,,LX-UHEI1-0014
daku,2,,Noun,Boredom; aversive or restless under-engagement,Builds the approved boredom noun and verb without treating rest calm leisure or physical stillness as inherently negative.,Yes,XR-daku
dakuaen,1,Yes,Verb,To be or become bored,,,LX-UHEI1-0015
ravohm,1,Yes,Noun,Loneliness; painful longing for connection that feels absent insufficient or unreachable,,,LX-UHEI1-0016
ravohmaen,1,Yes,Verb,To feel lonely,,,LX-UHEI1-0017
kavkrez,1,Yes,Noun,Resentment; anger or grievance retained across time because a harm insult exclusion or unfairness feels unanswered,,,LX-UHEI1-0018
kavkrezaen,1,Yes,Verb,To resent or retain anger or grievance toward a person act or condition,,,LX-UHEI1-0019
fahreth,1,Yes,Noun,Anxiety; sustained or recurring apprehensive activation shaped by uncertain or anticipated threat whether or not a specific danger is identifiable,,,LX-UHEI1-0020
fahrethaen,1,Yes,Verb,To feel anxious,,,LX-UHEI1-0021
doran,1,,Noun,Torso or trunk as a bodily region,Names the central bodily region without forcing it into the broader Mor matter or Rin center families.,Yes,XR-doran
doran,2,Yes,Noun,Torso or trunk; the main bodily region excluding the head and limbs,,,LX-BIAOBF1-0001
breka,1,,Noun,Chest as a bodily region,Names the front upper torso without reducing the region to Thar heart.,Yes,XR-breka
breka,2,Yes,Noun,Chest; the front upper torso over the ribs and heart-lung region,,,LX-BIAOBF1-0002
vesh,1,,Noun,Back as a bodily surface,Names the rear torso distinctly from Vethvar positional behind.,Yes,XR-vesh
vesh,2,Yes,Noun,Back; the rear surface of the torso from the shoulders toward the pelvis,,,LX-BIAOBF1-0003
davel,1,,Noun,Belly or abdomen as a bodily region,Names the lower front torso without reducing it to Emil digestion or an inferred internal center.,Yes,XR-davel
davel,2,Yes,Noun,Belly or abdomen; the front lower torso between the chest and pelvis,,,LX-BIAOBF1-0004
korkalvar,1,Yes,Noun,Shoulder; the source or upper joining region of the arm,,,LX-BIAOBF1-0005
kalvargora,1,Yes,Noun,Elbow; the principal bending joint in the middle of the arm,,,LX-BIAOBF1-0006
gora,1,Yes,Noun,A bodily joint where bones meet and movement is allowed or limited,,,LX-BIAOBF1-0007
gora,2,,Noun,Bodily joint or articulated joining point,Builds the general joint noun and the approved elbow wrist knee and ankle compounds.,Yes,XR-gora
koringora,1,Yes,Noun,Wrist; the joint region joining the hand to the arm,,,LX-BIAOBF1-0008
pir,1,,Noun,Articulated bodily digit,Builds the approved finger noun and toe compound without treating the whole hand or foot as the digit.,Yes,XR-pir
pir,2,Yes,Noun,Finger or articulated digit of the hand; includes the thumb unless a contrast is needed,,,LX-BIAOBF1-0009
korsharvar,1,Yes,Noun,Hip; the source or upper joining region of the leg at the torso,,,LX-BIAOBF1-0010
sharvargora,1,Yes,Noun,Knee; the principal bending joint in the middle of the leg,,,LX-BIAOBF1-0011
morlkagora,1,Yes,Noun,Ankle; the joint region joining the foot to the leg,,,LX-BIAOBF1-0012
morlkapir,1,Yes,Noun,Toe; an articulated digit of the foot,,,LX-BIAOBF1-0013
xarmetha,1,Yes,Noun,Living skin; the body's outer protective tissue,,,LX-BIAOBF1-0014
metha,1,Yes,Noun,Flesh or soft bodily tissue beneath the skin and around the skeleton,,,LX-BIAOBF1-0015
metha,2,,Verb,Living flesh or soft bodily tissue,Builds living skin flesh and muscle terms while remaining distinct from meat as food and generic matter.,Yes,XR-metha
kalmetha,1,Yes,Noun,Muscle; strength-producing contractile bodily tissue,,,LX-BIAOBF1-0016
zek,1,,Noun,Tooth,Names the hard mouth structure without inaccurately treating it as ordinary bone.,Yes,XR-zek
zek,2,Yes,Noun,Tooth; a hard structure in the mouth used for biting and chewing,,,LX-BIAOBF1-0017
lera,1,,Noun,Tongue,Names the mouth organ without reducing it to taste or speech alone.,Yes,XR-lera
lera,2,Yes,Noun,Tongue; the mouth organ used for taste speech and moving food,,,LX-BIAOBF1-0018
numor,1,Yes,Noun,Throat; the internal passage behind the mouth used in swallowing,,,LX-BIAOBF1-0019
tash,1,Yes,Noun,An organ; a differentiated internal bodily structure with a characteristic function,,,LX-BIAOBF1-0020
tash,2,,Noun,Internal bodily organ with a characteristic function,Builds the general organ noun and the approved lung and stomach compounds.,Yes,XR-tash
khelu,1,Yes,Noun,Brain,Names the organ without reducing it to mind memory sensation or control metaphors.,Yes,LX-BIAOBF1-0021; XR-khelu
aentash,1,Yes,Noun,Lung; a breathing or gas-exchange organ,,,LX-BIAOBF1-0022
lumar,1,Yes,Noun,Liver,Names the organ without embedding an unapproved theory of its function.,Yes,LX-BIAOBF1-0023; XR-lumar
kedir,1,Yes,Noun,Kidney,Names the organ without embedding an unapproved theory of its function.,Yes,LX-BIAOBF1-0024; XR-kedir
emiltash,1,Yes,Noun,Stomach; the first food-receiving digestive organ,,,LX-BIAOBF1-0025
emilshan,1,Yes,Noun,Intestine or bowel; the digestive passage beyond the stomach,,,LX-BIAOBF1-0026
urenvek,1,Yes,Noun,Urinary bladder; the organ that holds urine,,,LX-BIAOBF1-0027
lesh,1,,Noun,Nerve or bodily signal pathway,Names anatomical nerves without reducing them to thread sensation will or strength.,Yes,XR-lesh
lesh,2,Yes,Noun,Nerve; a bodily strand or pathway carrying sensation or movement signals,,,LX-BIAOBF1-0028
ndemshan,1,Yes,Noun,Blood vessel; a bodily passage carrying blood,,,LX-BIAOBF1-0029
khos,1,Yes,Noun,A cough; one abrupt forceful expulsion of air,,,LX-BIAOBF1-0030
khos,2,,Noun,Cough as an abrupt bodily event,Builds a compact sound-symbolic cough noun and its ordinary verb.,Yes,XR-khos
khosaen,1,Yes,Verb,To cough,,,LX-BIAOBF1-0031
zer,1,Yes,Noun,A sneeze; one abrupt involuntary expulsion through the nose and mouth,,,LX-BIAOBF1-0032
zer,2,,Noun,Sneeze as an abrupt bodily event,Builds a compact sound-symbolic sneeze noun and its ordinary verb.,Yes,XR-zer
zeraen,1,Yes,Verb,To sneeze,,,LX-BIAOBF1-0033
suv,1,Yes,Noun,Sweat or perspiration,Builds the specific bodily-secretion noun and ordinary verb.,Yes,LX-BIAOBF1-0034; XR-suv
suvaen,1,Yes,Verb,To sweat or perspire,,,LX-BIAOBF1-0035
nar,1,,Noun,Nausea and the associated emetic event,Builds the nausea noun and the lexicalized vomiting verb while keeping state and event distinct.,Yes,XR-nar
nar,2,Yes,Noun,Nausea; a sick sensation or urge that one may vomit,,,LX-BIAOBF1-0036
naraen,1,Yes,Verb,To vomit,,,LX-BIAOBF1-0037
uren,1,Yes,Noun,Urine,,,LX-BIAOBF1-0038
uren,2,,Noun,Urine and urination,Builds the urine noun urinary-bladder compound and ordinary urination verb.,Yes,XR-uren
urenaen,1,Yes,Verb,To urinate,,,LX-BIAOBF1-0039
fek,1,,Noun,Feces and defecation,Builds the specific bodily-waste noun and ordinary defecation verb.,Yes,XR-fek
fek,2,Yes,Noun,Feces or stool,,,LX-BIAOBF1-0040
fekaen,1,Yes,Verb,To defecate,,,LX-BIAOBF1-0041
ndemwek,1,Yes,Noun,Menstruation or a menstrual period; recurring reproductive bleeding,,,LX-BIAOBF1-0042
ndemwekaen,1,Yes,Verb,To menstruate,,,LX-BIAOBF1-0043
kakesrinaen,1,Yes,Verb,To faint or lose consciousness suddenly and temporarily,,,LX-BIAOBF1-0044
noka,1,,Noun,External vulval anatomy,Builds the direct vulva noun and the approved vagina compound without classifying anatomy through gendered essence.,Yes,XR-noka
noka,2,Yes,Noun,Vulva; the external genital structures surrounding the vaginal and urethral openings,,,LX-RABFE2-0001
nokashan,1,Yes,Noun,Vagina; the elastic internal muscular canal extending from the vulva to the cervix,,,LX-RABFE2-0002
kiri,1,,Noun,Clitoris,Names the anatomical structure without reducing it to sensation arousal or sexual activity.,Yes,XR-kiri
kiri,2,Yes,Noun,Clitoris; the erectile sensory organ of vulval anatomy,,,LX-RABFE2-0003
mara,1,,Noun,Uterus,Builds the direct uterus noun and the approved cervix compound through the anatomical neck relation.,Yes,XR-mara
mara,2,Yes,Noun,Uterus; the muscular reproductive organ in which pregnancy may develop,,,LX-RABFE2-0004
marasorl,1,Yes,Noun,Cervix; the lower narrow part of the uterus opening into the vagina,,,LX-RABFE2-0005
seki,1,,Noun,Ovary,Names the gonad without extending plant seed terminology or embedding a broader reproductive theory.,Yes,XR-seki
seki,2,Yes,Noun,Ovary; a gonad that produces ova and reproductive hormones,,,LX-RABFE2-0006
tava,1,,Noun,Penis,Names the complete organ without reducing it to its urethral passage or classifying it through masculine essence.,Yes,XR-tava
tava,2,Yes,Noun,Penis; the external genital organ containing the urethra and involved in urination and sexual function,,,LX-RABFE2-0007
nderu,1,,Noun,Testicle,Builds the direct testicle noun and the approved scrotum compound without seed-vessel or bone imagery.,Yes,XR-nderu
nderu,2,Yes,Noun,Testicle; a gonad that produces sperm and reproductive hormones,,,LX-RABFE2-0008
nderuxar,1,Yes,Noun,Scrotum; the external sac of skin and tissue containing the testicles,,,LX-RABFE2-0009
urenshan,1,Yes,Noun,Urethra; the duct carrying urine from the bladder to the exterior and in some bodies also carrying semen,,,LX-RABFE2-0010
fena,1,,Noun,Anus or external anal opening,Names the opening distinctly from feces bowel and rectum.,Yes,XR-fena
fena,2,Yes,Noun,Anus; the external opening at the end of the digestive tract through which feces leave the body,,,LX-RABFE2-0011
leya,1,Yes,Noun,Sexual arousal; bodily sexual activation whether or not accompanied by desire consent or intended action,,,LX-RABFE2-0012
leya,2,,Noun,Sexual physiological arousal,Builds the approved arousal noun and verb and the orgasm noun and verb through Jor surge without equating bodily response with desire or consent.,Yes,XR-leya
leyaen,1,Yes,Verb,To become or be sexually aroused,,,LX-RABFE2-0013
leyajor,1,Yes,Noun,Orgasm; a brief peak reflex of sexual stimulation and release,,,LX-RABFE2-0014
leyajoraen,1,Yes,Verb,To have an orgasm,,,LX-RABFE2-0015
kelvordren,1,Yes,Noun,Saliva; bodily fluid produced in the mouth that moistens food and assists taste and swallowing,,,LX-RABFE2-0016
lorinshaldren,1,Yes,Noun,Tears; fluid produced by the eyes for protection irritation or emotional response,,,LX-RABFE2-0017
korpir,1,Yes,Noun,Thumb; the hand digit set apart from the other fingers and central to grip,,,LX-RABFE2-0018
morlkavesh,1,Yes,Noun,Heel; the rear weight-bearing part of the foot,,,LX-RABFE2-0019
ruma,1,Yes,Noun,Human hair; individual or collective hair growing from a person's scalp or body,,,LX-RABFE2-0020
ruma,2,,Noun,Human or person hair,Names hair growing from a person's scalp or body in historical phonological relation to Sura animal hair or fur.,Yes,XR-ruma
mu,1,Yes,Particle,What; optional content-question particle requesting an unidentified thing event content or matter,,,LX-SIP1-0001
nu,1,Yes,Particle,When; optional content-question particle requesting a time occasion or temporal point,,,LX-SIP1-0002
zhe,1,Yes,Particle,Why; optional content-question particle requesting a cause reason or motivation,,,LX-SIP1-0003
sha,1,Yes,Particle,How; optional content-question particle requesting a manner method or means,,,LX-SIP1-0004
lo,1,Yes,Particle,Where; optional content-question particle requesting a place location source or destination,,,LX-SIP1-0005
ri,1,Yes,Particle,Who; optional content-question particle requesting the identity of a person being or agentive participant,,,LX-SIP1-0006
tera,1,Yes,Noun,Home / Dwelling / Homestead (informal form of Teremil),,,LX-DR1-0001
velkrel,1,Yes,Noun,Breeze / Cool breeze / Light wind,,,LX-DR1-0002
varan,1,Yes,Verb,To reside / To stay / To be located at a physical place,,,LX-DR1-0003
shalil,1,Yes,Verb,To flow lightly / To move smoothly / To glide / To drift,,,LX-DR1-0004
serathrin,1,Yes,Noun,Confidant / Trusted inner friend / Sworn ally,,,LX-DR1-0005
zhivor,1,Yes,Noun,Family line / Ancestral household / Kin group,,,LX-DR1-0006
tharvok,1,Yes,Noun,Family / Heart-bonded family / Clan,,,LX-DR1-0007
evan,1,Yes,Noun,Market / Marketplace / Trading plaza,,,LX-DR1-0008
shenakar,1,Yes,Noun,Coinage / Currency system / Official trade money,,,LX-DR1-0009
em,1,Yes,Interjection,Um / Uh (hesitation or thinking particle),,,LX-DR1-0010
em,2,Yes,Particle,Conversational hesitation / Thinking particle,,,LX-DR1-0010
varin,1,Yes,Verb,To know / To be aware of,,,LX-DR1-0011
shena,1,Yes,Noun,Coin / Coins / Physical money,,,LX-DR1-0012
nkathal,1,Yes,Noun,Sadness / Grief / Sorrow / Enduring emotional pain,,,LX-DR1-0013
vrak,1,Yes,Adjective,Gone / Missing / Depleted / Dry (Trerran dialect),,,LX-DR1-0014
vrak,2,Yes,Particle,Gone / Missing / Depleted (Trerran dialect),,,LX-DR1-0014
theren,1,Yes,Noun,Village / Settlement / Local community,,,LX-DR1-0015
serilin,1,Yes,Noun,Sister / Female sibling,,,LX-DR1-0016
aelin,1,Yes,Noun,Youth / Young person / Student / Pupil,,,LX-DR1-0017
im,1,Yes,Noun,Device / Instrument / Implement / Internal mechanism,,,LX-DR1-0018
im,2,Yes,Particle,Device / Instrument / Internal mechanism,,,LX-DR1-0018
dreshal,1,Yes,Noun,Crystal device / Crystal implement,,,LX-DR1-0019
varshel,1,Yes,Noun,Road / Travel path / Highway,,,LX-DR1-0020
eshvan,1,Yes,Noun,Shop / Store / Market stall,,,LX-DR1-0021
noraen,1,Yes,Verb,To guide / To lead through time or experience / To instruct,,,LX-DR1-0022
thalesh,1,Yes,Noun,Ritual / Sacred balance ceremony,,,LX-DR1-0023
thalesh,2,Yes,Verb,To perform a balance rite,,,LX-DR1-0023
thalor,1,Yes,Noun,Outside / Exterior / Outer place,,,LX-DR1-0024
thalor,2,Yes,Adverb,Outside,,,LX-DR1-0024
daraen,1,Yes,Verb,To wait / To pause / To remain pending,,,LX-DR1-0025
varral,1,Yes,Noun,Traveler / Wanderer / Person on a journey,,,LX-DR1-0026
karjor,1,Yes,Noun,Impact / Mechanical surge / Strike force / Burst of energy,,,LX-DR1-0027
kavel,1,Yes,Noun,Forgetfulness / Memory gap / Loss of awareness,,,LX-DR1-0028
vorkaral,1,Yes,Noun,Worker / Mechanic / Laborer / Tool-operator,,,LX-DR1-0029
noral,1,Yes,Noun,Night / Nighttime / Nocturnal hours,,,LX-DR1-0030
khumrel,1,Yes,Noun,Compassion / Empathetic listening / Circle of care,,,LX-DR1-0031
terrarav,1,Yes,Noun,Pull of one's homeland / Yearning for home,,,LX-DR1-0032
zhirrathor,1,Yes,Noun,Thread to the past / Historical continuity / Lineage link,,,LX-DR1-0033
rin,1,Yes,Noun,Essence; inner spirit; true self,"Builds words for essence, identity, naming, and spiritually central inner qualities.",Yes,XR-rin
bel,1,Yes,Verb,"To bind or weave (symbolizing interconnection, fabric, or networks).",Conceptual range: Binding; weaving; systems; civilization,Yes,DM-RM-V2-0003; XR-bel
ohm,1,Yes,Noun,Connection; empathy; spiritual unity,"Builds words for attunement, empathy, love, resonance, and spiritual connection.",Yes,XR-ohm
mor,1,Yes,Noun,Matter; soil; earthy substance; physical grounding,"Builds words for earthiness, grounding, matter, physical substance, grain, and material support.",Yes,XR-mor
veth,1,Yes,Noun,Shade; mystery; hidden or sleeping things,"Builds words for shadow, sleep, hiddenness, mystery, stalking, and the unseen.",Yes,XR-veth
neth,1,Yes,Noun,Rest; physical stillness; support,"Builds words for rest, seated stillness, support surfaces, and physically settled states.",Yes,XR-neth
vanesh,1,Yes,Noun,Commerce; formal trade; merchant work,"Builds words for trade, market action, bargaining, goods, and merchant activity.",,XR-vanesh
vanesh,2,Yes,Verb,To trade / To conduct commerce,,,XR-vanesh
kar,1,Yes,Noun,Strike; mechanical force; tool-work,"Builds words for striking, tool-use, applied force, and mechanical action.",,XR-kar
kar,2,Yes,Verb,To strike / To apply force,,,XR-kar
verd,1,Yes,Noun,Foliage; forest growth; botanical life,"Builds words for forests, foliage, green growth, and plant-dominant landscapes.",Yes,XR-verd
trak,1,Yes,Noun,Tread; step; foot-borne movement,"Builds words for stepping, foot travel, shoes, and movement by tread.",Yes,XR-trak
kav,1,Yes,Noun,Age; preservation; ancient duration,"Builds words for age, preservation, oldness, and what has endured across long time.",Yes,XR-kav
vel,1,Yes,Noun,Wisdom; stillness; cold endurance,"Builds words for elderhood, cold stillness, memory, and age-earned wisdom or endurance.",Yes,XR-vel
zhir,1,Yes,Noun,Lineage; thread; connection through time,"Builds words for thread, lineage, kin-connection, continuity, and ties through time.",Yes,XR-zhir
khum,1,Yes,Noun,Circle; listening; reconciliation,"Builds words for circles of care, listening, reconciliation, mentorship, and chosen community.",Yes,XR-khum
tla,1,Yes,Noun,Intimacy; closeness; unspoken connection,"Builds words for intimacy, trusted closeness, anticipation, and quietly held personal bonds.",Yes,XR-tla
jor,1,Yes,Noun,Surge or burst (symbolizing sudden movements or energetic flows).,Conceptual range: Surge; burst; energetic flow,,XR-jor; DM-RM-V2-0011
jor,2,Yes,Verb,To surge / To burst forth,,,XR-jor; DM-RM-V2-0011
jek,1,Yes,Noun,Spiral or twist (symbolizing swirling patterns or dynamic shapes).,Conceptual range: Spiral; twist; swirling form,Yes,DM-RM-V2-0012; XR-jek
wek,1,Yes,Noun,Circularity or cycles (symbolizing completeness or renewal).,Conceptual range: Cycle; repetition; patterned return,Yes,DM-RM-V2-0016; XR-wek
lor,1,Yes,Noun,Guidance; sight; focus of leadership,"Builds words for guidance, leading, sightlines, sacred focus, and socially recognized direction.",Yes,XR-lor
wor,1,Yes,Noun,Abundance or plenty (symbolizing generosity or surplus).,Conceptual range: Abundance; plenty; fullness,Yes,DM-RM-V2-0017; XR-wor
vin,1,Yes,Noun,Pull; extraction; drawing out essence,"Builds words for drawing out, harvest, extraction, and movement from inner source to outer form.",Yes,XR-vin
zhael,1,Yes,Noun,Bloom; renewal; soft opening; empathy,"Builds words for blooming, spring renewal, flowers, empathy, and soft emotional opening.",Yes,XR-zhael
nk,1,Yes,Noun,Endurance; hidden strength,"Builds words for endurance through sorrow, held feeling, and quiet sustaining strength.",Yes,XR-nk
nku,1,Yes,Adjective,Hidden nurturing; held calm,"Builds words for comfort, forgiveness, promises, and nurturing support given to others.",Yes,XR-nku
phel,1,Yes,Noun,Warmth or comfort (symbolizing physical or emotional ease).,Conceptual range: Warmth; comfort; soothing ease,Yes,DM-RM-V2-0007; XR-phel
prak,1,Yes,Noun,"Softness or tenderness (e.g., soft food or texture).",Conceptual range: Softness; tenderness; gentle texture,Yes,DM-RM-V2-0008; XR-prak
bros,1,Yes,Verb,Layering or stratification (symbolizing levels or textures).,Conceptual range: Layering; stratification; stacked texture,Yes,DM-RM-V2-0004; XR-bros
bal,1,Yes,Noun,"Growth or sprouting (e.g., plants, development).",Conceptual range: Sprouting; development; budding growth,Yes,DM-RM-V2-0005; XR-bal
bren,1,Yes,Noun,"Harvest (e.g., the act or result of gathering food).",Conceptual range: Gathering; harvest; collected yield,,XR-bren; DM-RM-V2-0006
bren,2,Yes,Verb,To harvest / To gather,,,XR-bren; DM-RM-V2-0006
jel,1,Yes,Noun,Flavor or zest (bright taste or sensory experience).,Conceptual range: Zest; bright flavor; sensory sharpness,Yes,DM-RM-V2-0013; XR-jel
wel,1,Yes,Verb,"Sharing or unity (emphasizing communal aspects, symbolizing seamless connections or unbroken lines).",Conceptual range: Communal flow; sharing; seamless connection,Yes,DM-RM-V2-0015; XR-wel
xar,1,Yes,Noun,Shadow or cover (tied to concealed or protective qualities).,Conceptual range: Cover; veil; concealment for protection,,XR-xar; DM-RM-V2-0019
xar,2,Yes,Verb,To cover / To shelter / To close off,,,XR-xar; DM-RM-V2-0019
xil,1,Yes,Adjective,Hidden or secret (used for foods with a mysterious origin or preparation).,Conceptual range: Shard; fragment; hidden crystal detail,Yes,DM-RM-V2-0018; XR-xil
mb,1,Yes,Noun,Support; pillar; foundational weight,"Builds words for support, pillars, foundational burden, and figures who hold others up.",Yes,XR-mb
rek,1,Yes,Noun,Peak intensity; burning or heated state,"Intensifies a hot or active base toward peak force, burning conditions, or seasonal extremity.",Yes,XR-rek
rav,1,Yes,Noun,Pull; yearning; destiny attraction,"Builds words for pull, yearning, attraction, and destination-oriented desire.",Yes,XR-rav
thaen,1,Yes,Noun,Spirit-breath; still internal seasonality,"Builds words for seasonal spirit, inner breath, greeting warmth, and the living aura of a state.",Yes,XR-thaen
elor,1,Yes,Noun,Growth; upward alignment; unfolding maturity,"Builds words for growth, emergence, alignment, and upward or life-stage progression.",Yes,XR-elor
zhel,1,Yes,Noun,Spark; energy; quick power-flash,"Builds words for sparks, quick energy, charge, and condensed power.",Yes,XR-zhel
mek,1,Yes,Verb,Forging; construction; artificial making,"Builds words for constructed, synthetic, or force-made objects rather than naturally grown ones.",Yes,XR-mek
vek,1,Yes,Noun,Carrier; vessel; transported charge or substance,"Builds words for vessels, carriers, bars, and objects that hold or transport substance or energy.",Yes,XR-vek
livar,1,Yes,Noun,Preservation; salt-fixing; anti-decay,"Builds words for preservation, salting, mineral fixing, and keeping something from decay.",Yes,XR-livar
marin,1,Yes,Noun,Branch; extension; outward-growing limb,"Builds words for branches, outward-growing extensions, and lineage or form that spreads from a trunk.",Yes,XR-marin
fennil,1,Yes,Noun,Leaf; herb; soft medicinal greens,"Builds words for leaves, herbs, greens, and soft botanical matter used for food or medicine.",Yes,XR-fennil
vilor,1,Yes,Noun,Berry essence; small sweet fruit,"Builds words for berries, small fruits, and compact sweet or energetic produce.",Yes,XR-vilor
alor,1,Yes,Verb,Falling; descent; downward motion,"Builds words for falling, descent, and downward movement from air to ground.",Yes,XR-alor
arshor,1,Yes,Noun,Enveloping presence; atmospheric blanket,"Builds words for mist, envelopment, atmospheric covering, and presence that surrounds a space.",Yes,XR-arshor
torin,1,Yes,Noun,Protein; meat; concentrated animal sustenance,"Builds words for meat, protein, dense sustenance, and concentrated animal nourishment.",Yes,XR-torin
tarin,1,Yes,Noun,Dried sweetness; sun-preserved fruit,"Builds words for dried fruit sweetness, preserved sugars, and sun-concentrated food.",Yes,XR-tarin
soril,1,Yes,Noun,Depth of flavor; complex taste-body,"Builds words for depth of flavor, savory complexity, and richly layered taste.",Yes,XR-soril
tham,1,Yes,Verb,Mashing; softening; breaking structure down,"Builds words for mashed, softened, crushed, or blended physical substance.",Yes,XR-tham
venak,1,Yes,Noun,Warmth-vessel; held heat; stew-state,"Builds words for stew-like dishes, warm held mixtures, and food gathered into a vessel-form.",Yes,XR-venak
lak,1,Yes,Noun,Grain; earthy food-substance; bread material,"Builds words for grain substance, bread matter, and earthy food material used as a staple base.",Yes,XR-lak
van,1,Yes,Noun,Commercial site; market-space; shop-place,"Builds words for market-space, shop-place, and locations dedicated to commerce or exchange.",Yes,XR-van
kadren,1,Yes,Noun,"Masculine essence (strength, groundedness).",Preserved as standalone root/morpheme because source clearly defines it.,Yes,DM-RM-V1-0001
azan,1,Yes,Noun,"Feminine essence (nurturing, fluidity).",Preserved as standalone root/morpheme because source clearly defines it.,Yes,DM-RM-V1-0002
thee,1,Yes,Noun,"Neutral essence (balance, unity).",Preserved as standalone root/morpheme because source clearly defines it.,Yes,DM-RM-V1-0003
tha-,1,Yes,Prefix,Past Tense,Preserved as standalone root/morpheme because source clearly defines it.,,DM-RM-V1-0004; DM-RM-V2-0035
nor-,1,,Noun,"Time, the flow of events; also future prefix and preposition at/in time.",Refines existing Nor future/preposition/passive overlaps; no resolution applied.,Yes,DM-RM-S3-0011
nor-,2,Yes,Prefix,Future Tense,Preserved as standalone root/morpheme because source clearly defines it.,,DM-RM-V1-0005; DM-RM-V2-0036
-al,1,Yes,Suffix,Continuous,Preserved as standalone root/morpheme because source clearly defines it.,,DM-RM-V1-0006
-ath,1,Yes,Suffix,Perfective,Preserved as standalone root/morpheme because source clearly defines it.,,DM-RM-V1-0007
-as,1,Yes,Suffix,Habitual,Preserved as standalone root/morpheme because source clearly defines it.,,DM-RM-V1-0008
ver,1,Yes,Particle,Negation before the verb or noun,Preserved as standalone root/morpheme because source clearly defines it.,,DM-RM-V1-0009
ra,1,Yes,Particle,Questions start with Ra,Preserved as standalone root/morpheme because source clearly defines it.,,DM-RM-V1-0010
va,1,Yes,Particle,Imperatives (Commands) start with Va,Preserved as standalone root/morpheme because source clearly defines it.,,DM-RM-V1-0011
-ka,1,Yes,Particle,Possessive/linking marker,Always hyphenated to the possessor: Ilin-ka emil (our meal); La-ka kelvor (their mouth). Standalone ka means without or no.,,DM-RM-V1-0014
kilv,1,Yes,Noun,shadow/time,Original root/morpheme entry preserved.,Yes,DM-RM-V2-0002
pel,1,Yes,Noun,"Sharpness or clarity (symbolizing clean cuts, flavors, or piercing qualities).",Original expanded vocabulary root preserved.,Yes,DM-RM-V2-0009
jin,1,Yes,Adjective,"Unique or rare (e.g., exotic or specialty foods).",Original expanded vocabulary root preserved.,,DM-RM-V2-0014
nk-,1,Yes,Noun,"Endurance, hidden strength",Original root chart row preserved.,Yes,DM-RM-V2-0020
rav-,1,Yes,Noun,"Pull, yearning","Conceptual range: To pull, draw towards; desire, deep yearning, destiny pull.",Yes,DM-RM-V2-0021; DM-RM-S3-0021
mb-,1,Yes,Noun,"Layered, supportive",Original root chart row preserved.,Yes,DM-RM-V2-0022
tla-,1,Yes,Noun,"Close, intimate connection",Original root chart row preserved.,Yes,DM-RM-V2-0023
ohm-,1,Yes,Noun,"Connection, unity","Conceptual range: Connection, meeting point, circuit; spiritual connection distinct from Bel.",Yes,DM-RM-V2-0024; DM-RM-S3-0016
khum-,1,Yes,Noun,"Circle, reconciliation","Conceptual range: To listen, perceive, know through hearing; patient knowing and introspection.",Yes,DM-RM-V2-0025; DM-RM-S3-0025
zhae-,1,Yes,Noun,"Light, empathy",Original root chart row preserved.,Yes,DM-RM-V2-0026
nku-,1,Yes,Adjective,"Hidden, nurturing",Original root chart row preserved.,Yes,DM-RM-V2-0027
tl-,1,Yes,Noun,"Movement, flow",Original root chart row preserved.,Yes,DM-RM-V2-0028
-in,1,Yes,Suffix,Plural marker added to nouns ending in consonants,Original root/morpheme entry preserved.,,DM-RM-V2-0029
-in,2,Yes,Suffix,"Person or participant connected to a bond, place, or category",Additional participant sense; the existing consonant-noun plural sense remains valid. Interpret the established word in context.,,DM-RM-V2-0029
-n,1,Yes,Suffix,Plural marker added to nouns ending in vowels,Original root/morpheme entry preserved.,,DM-RM-V2-0030
-or,1,Yes,Suffix,Place/Location,Original root/morpheme entry preserved.,,DM-RM-V2-0031
-en,1,Yes,Suffix,Honorific/Formal-High Respect,Original root/morpheme entry preserved.,,DM-RM-V3-0002
-en,2,Yes,Suffix,Honorific/Respected form,Original root/morpheme entry preserved.,,DM-RM-V2-0032
-en,3,Yes,Suffix,Partner bonded to you,Original root/morpheme entry preserved.,,DM-RM-V3-0011
-lin,1,Yes,Suffix,Collective/Diminutive,Original root/morpheme entry preserved.,,DM-RM-V2-0033
-aen,1,Yes,Suffix,Verb-forming,Original root/morpheme entry preserved.,,DM-RM-V2-0034
ver-,1,Yes,Prefix,Negation,Original root/morpheme entry preserved.,,DM-RM-V2-0037
li-,1,Yes,Prefix,Respect/Honorific,Original root/morpheme entry preserved.,,DM-RM-V2-0038
li-,2,Yes,Prefix,show respect,Original root/morpheme entry preserved.,,DM-RM-V3-0001
lior,1,Yes,Pronoun,Relative Pronoun,Original root/morpheme entry preserved.,,DM-RM-V3-0006
ther,1,Yes,Particle,Comparative marker: more than,Original root/morpheme entry preserved.,,DM-RM-V3-0007
-esh,1,Yes,Suffix,deep relational ties,Original root/morpheme entry preserved.,,DM-RM-V3-0010
-el,1,Yes,Suffix,Beloved bound to them,Original root/morpheme entry preserved.,,DM-RM-V3-0012
-vel,1,Yes,Suffix,Bread shared among us,Original root/morpheme entry preserved.,,DM-RM-V3-0013
ten-,1,Yes,Prefix,Tens prefix,Original root/morpheme entry preserved.,,DM-RM-V3-0014
hek-,1,Yes,Prefix,Hundreds prefix,Original root/morpheme entry preserved.,,DM-RM-V3-0015
mel-,1,Yes,Prefix,Thousands prefix,Original root/morpheme entry preserved.,,DM-RM-V3-0016
fen-,1,Yes,Prefix,Tens of thousands prefix,Original root/morpheme entry preserved.,,DM-RM-V3-0017
hek-mel-,1,Yes,Prefix,Hundreds of thousands construction,Original root/morpheme entry preserved.,,DM-RM-V3-0018
ven,1,Yes,Particle,Subtraction marker meaning minus/subtract,Corrected to match the actual subtraction pattern used elsewhere in the canon data.,,DM-RM-V3-0019
-eth,1,Yes,Suffix,Suffix that marks inherent quality or essential manifestation,"Common adjectival examples: Shal -> Shaleth, Wor -> Woreth, Gorm -> Gormeth, Kal -> Kaleth.",,DM-RM-V4-0001
-eth,2,Yes,Suffix,Also used for abstract or ritual nouns,"Ritual/nominal examples: Shal'taleth, Aen'Moreth.",,DM-RM-V4-0001
vael,1,Yes,Particle,Subjunctive mood: wishes/hypotheticals,Original root/morpheme entry preserved.,,DM-RM-V4-0002
nor-ka,1,Yes,Particle,passive voice echo particle,Original root/morpheme entry preserved.,,DM-RM-V4-0003
nor-ka,2,Yes,Particle,Now / In this moment / At present,,,DM-RM-V4-0003
shal-,1,Yes,Noun,"Light, glow, brightness; hope, truth, creation, clarity, revelation, wisdom, life, beginnings.",Conceptual layer preserved; does not replace existing Shal lexicon rows.,Yes,DM-RM-S3-0001
krez-,1,Yes,Noun,"Fire, heat, energy; passion, creation, strength, life-force, warmth, resilience, purification.",Conceptual layer preserved; Krezthal/Krezathal variation already flagged in euphony supplement.,Yes,DM-RM-S3-0003
dren-,1,Yes,Noun,"Water, liquid, fluid; life, flow, change, healing, emotion, intuition, cleansing, adaptation.",Conceptual layer preserved; no standalone lexicon rows created for pairings.,Yes,DM-RM-S3-0004
morl-,1,Yes,Noun,"Stone, rock, mountain; endurance, history, stubbornness, strength, foundation, stability, defense.",Conceptual layer preserved; links to euphony Morlathar and existing Morl lexicon rows.,Yes,DM-RM-S3-0005
esh-,1,Yes,Noun,"Sky, air, wind; freedom, thought, divine, intellect, perspective, beginnings.",Conceptual layer preserved.,Yes,DM-RM-S3-0006
terra- / terra-,1,Yes,Noun,"Earth, ground, soil, land; lowercase terra is mundane physical ground; capitalized Terra is the world as living spiritual entity.",Root record containing alternative forms. The slash and trailing hyphens describe the roots; do not write the entire heading as one word.,,DM-RM-S3-0007
lian-,1,Yes,Noun,"Truth, honesty; reality, natural law, essence, logic, clarity, correctness.",Conceptual layer preserved; links to lianeth modality through existing Volume 4 material.,Yes,DM-RM-S3-0008
thal-,1,Yes,Noun,"Balance, harmony, equilibrium; also preposition meaning From / Out of.",Source uses Ohnoshan worldview language; current naming applied.,Yes,DM-RM-S3-0009
reth- / rethvok-,1,Yes,Noun,"Reth: uncertainty, confusion, doubt, a question, or. Rethvok: chaos, disorder, un-ordered state.",Root record containing alternative forms. The slash and trailing hyphens describe the roots; do not write the entire heading as one word.,,DM-RM-S3-0010
rin-,1,Yes,Noun,"Essence, core nature, spirit, intrinsic quality.",Important identity-context refinement preserved; no existing identity entries changed.,Yes,DM-RM-S3-0012
bel-,1,Yes,Verb,"To bind, weave, connect, fasten; civilization, bonds, restrictions, systems.",Conceptual layer preserved.,Yes,DM-RM-S3-0013
kal-,1,Yes,Noun,"Strength, power, force; neutral force whose virtue depends on use.",Source uses Ohnoshan language for philosophical debate; current naming applied.,Yes,DM-RM-S3-0014
shara-,1,Yes,Noun,"A path, a road, a journey; life path, strategy, decision path.",Conceptual layer preserved.,Yes,DM-RM-S3-0015
thar-,1,Yes,Noun,"The physical heart; source of emotion, will, and true inner self.",Source uses Ohnoshan stories language; current naming applied.,Yes,DM-RM-S3-0017
var-,1,Yes,Verb,"To go, move, travel; also preposition to/towards; action and existence.",Conceptual layer preserved; links to existing Var verb/preposition rows.,Yes,DM-RM-S3-0018
aen-,1,Yes,Verb,"To speak, breathe, make a sound; also complementizer that.",Refines Aen/Aenor polysemy and complementizer usage; no resolution applied.,Yes,DM-RM-S3-0019
pralaen-,1,Yes,Verb,"To make, craft, shape with care; skill, purpose, imposing order.",Conceptual layer preserved.,Yes,DM-RM-S3-0020
vok-,1,Yes,Noun,Duality of breaking a bond and forming a unity; noun Vok means unity; verb vokaen breaks unity.,Refines Vok unity/betrayal polysemy; no merge or correction applied.,Yes,DM-RM-S3-0022
ser-,1,Yes,Noun,"Friend, ally; also with and and.",Refines existing Ser friend/with/and polysemy; no resolution applied.,Yes,DM-RM-S3-0023
rath-,1,Yes,Noun,"Enemy, foe, adversary; also conditional particle if.",Refines Rath conditional/foe relation; no resolution applied.,Yes,DM-RM-S3-0024
zhir-,1,Yes,Noun,"Thread, line, cord; connection through time, lineage, history, cause-effect, fate.",Conceptual layer preserved; Bel/Ohm/Zhir distinctions flagged because they affect interpretation.,Yes,DM-RM-S3-0026
kel-,1,Yes,Verb,"To say, speak, name; definition and ordering through language.",Conceptual layer preserved; Aen/Kel distinction flagged because it affects lookup and interpretation.,Yes,DM-RM-S3-0027
rinaen,1,Yes,Verb,To be; to exist in essence; is-in-essence,Rin (essence) + Aen (breath/speaking) as a stative verb expressing essential being or existence.,,DX-rinaen
emil,1,Yes,Noun,Food; meal,Common everyday word for sustenance in both casual and formal contexts.,,DX-emil
teremil,1,Yes,Noun,Home,"Frequent conversational location word, often appearing in family and household examples.",,DX-teremil
serin,1,Yes,Noun,Friends,Ser (friend/ally/with) + -in (plural suffix). Plural form of Ser.,,DX-serin
varadan,1,Yes,Noun,Merchant,"Frequent marketplace word for the person who trades, bargains, or brings goods.",,DX-varadan
harven,1,Yes,Noun,Pack Beast,Ohnosha Forest; Domesticated mountain pack beast; compact and shaggy-furred; used for transport and companionship in rugged terrain.; Cultural role: Trusted travel companion and cargo carrier.,,OHC-0001
zharrel,1,Yes,Noun,Forest Predator,Ohnosha Forest; Stealthy forest pack predator with sleek musculature and bioluminescent speckled fur; hunts through coordinated tactics and silent communication.; Cultural role: Forest hunter and stealth symbol.,,OHC-0002
tharnspinners,1,Yes,Noun,Arachnid,"Ohnosha Forest; Small web-weaving arachnids whose patterned silk is culturally revered as a symbol of order and patience.; Cultural role: Symbol of order, patience, and careful making.",,OHC-0003
veilgliders,1,Yes,Noun,Gliding Insectivore,Ohnosha Forest; Nocturnal gliding insectivores with transparent shimmering wings that move silently through the canopy and leave glowing spores behind.; Cultural role: Canopy night-life creature associated with quiet motion.,,OHC-0004
tharokh,1,Yes,Noun,Endurance Mount,Desert; Endurance mount of the desert; slender and long-legged with a water-storing ridge; used by nomads for long-distance travel.; Cultural role: Nomad travel mount and endurance symbol.,,OHC-0005
velshen,1,Yes,Noun,Burrowing Creature,Desert; Armored burrowing moisture-hoarder with spade-like claws; survives by digging deep and conserving water internally.; Cultural role: Desert survival and conservation figure.,,OHC-0006
shavrek,1,Yes,Noun,Cliff Forager,Mountain; Nimble cliff-dwelling forager with powerful hooves and mottled fur.; Cultural role: Mountain forager and cliff adaptation symbol.,,OHC-0007
mossquill,1,Yes,Noun,Pollinator,Mountain; Bee-like mountain pollinator that spreads spores between alpine plants with a soft humming swarm.; Cultural role: Highland pollination and ecological support.,,OHC-0008
rynarth,1,Yes,Noun,Fox-like Predator,Mountain; Clever fox-like predator adapted to rocky and wooded slopes.; Cultural role: Cunning slope hunter.,,OHC-0009
vroshan,1,Yes,Noun,Scavenger,Mountain; Broad-winged high-altitude scavenger whose haunting call echoes across mountain peaks.; Cultural role: Peak scavenger and omen-like presence.,,OHC-0010
brinnek,1,Yes,Noun,Migratory Grazer,Grassland; Long-necked migratory grazer moving in striped herds across the plains.; Cultural role: Grassland herd animal and migration marker.,,OHC-0011
thravic,1,Yes,Noun,Ambush Predator,Grassland; Camouflaged ambush predator that lies hidden in tall grass before striking with precision.; Cultural role: Grassland danger and precision strike symbol.,,OHC-0012
fennlur,1,Yes,Noun,Pack Runner,Grassland; Wind-sensitive pack runner that kicks up dust and storm-signals as it moves.; Cultural role: Movement and storm-sense creature in grassland tradition.,,OHC-0013
vexflit,1,Yes,Noun,Pollinator Bird,"Grassland; Colorful pollinator bird with bright tail plumes and a musical call, vital to seed spreading and flowering grasses.; Cultural role: Seed-spreading and flowering-grass support.",,OHC-0014
grivol,1,Yes,Noun,Burrowing Rodent,"Grassland; Burrowing rodent and ecosystem engineer that stores seeds, aerates soil, and creates shelter for smaller life.; Cultural role: Landscape shaper and shelter-maker.",,OHC-0015
rethal,1,Yes,Noun,River Predator,"Aquatic; Camouflaged river predator with reflective scales, barbels, and a powerful hidden bite.; Cultural role: Waterline predator and concealment symbol.",,OHC-0016
lumora,1,Yes,Noun,Schooling Fish,Aquatic; Glowing schooling fish that form light-clouds underwater at night.; Cultural role: Night-water glow and collective movement.,,OHC-0017
thryssal,1,Yes,Noun,Swamp Scavenger,Aquatic; Algae-cloaked swamp scavenger that helps purify decaying waters.; Cultural role: Wetland purifier and decay-tender.,,OHC-0018
braskal,1,Yes,Noun,Coastal Herbivore,Aquatic; Coral-shelled coastal herbivore that forms symbiotic relationships with reef life.; Cultural role: Reef-linked herbivore and symbiosis figure.,,OHC-0019
selkari,1,Yes,Noun,Ocean Guardian,"Mythic / Symbolic; Serpent-like deep-sea guardian, graceful and revered, said to surface during celestial events.; Cultural role: Mythic coastal guardian and sacred ocean figure.",,OHC-0020
zhenlor,1,Yes,Noun,Legendary Figure,Mythic / Rumored; Early or rumored mythical creature or being that sits close to legend rather than confirmed common fauna.; Cultural role: Legendary / uncertain status.,,OHC-0021
zharak,1,Yes,Noun,Legendary Figure,Mythic / Rumored; Early or rumored mythical creature or being that sits close to legend rather than confirmed common fauna.; Cultural role: Legendary / uncertain status.,,OHC-0022
lorynth,1,Yes,Noun,Legendary Figure,Mythic / Rumored; Early or rumored mythical creature or being that sits close to legend rather than confirmed common fauna.; Cultural role: Legendary / uncertain status.,,OHC-0023
