id,headword,pronunciation,preview,search_text,has_root_word,source_entry_ids,override_json,metadata_json,approval_batch,derivation,origin_nation,national_usage,variant_forms,variant_pronunciations
i,I,/ee/,Pronoun: I / Me (1st Person Singular),i 1st person singular pronoun 1st person singular i remains simple and universal. remains simple and universal.      pronoun: i / me (1st person singular),,LX-V1-0001,{},null,,,,,,
ilin,Ilin,/ee-leen/,"Pronoun: We / Us [Inclusive] (1st Person Plural) ; Pronoun: Inclusive We: I + You (+ others). This is the communal, default ""we.""","ilin 1st person plural pronoun 1st person plural ilin represents ""we"" as a group bound by common purpose. represents ""we"" as a group bound by common purpose.     ilin inclusive we: i + you (+ others). this is the communal, default ""we."" clusivity ilin: inclusive we: i + you (+ others). this is the communal, default ""we.""       pronoun: we / us [inclusive] (1st person plural) ; pronoun: inclusive we: i + you (+ others). this is the communal, default ""we.""",,LX-V1-0002; LX-V4-0008,{},null,,,,,,
ya,Ya,/yah/,Pronoun: You (2nd Person Singular) ; Possessive: Your (direct personal suffix -ya),ya 2nd person singular pronoun 2nd person singular ya a straightforward pronoun for “you.” a straightforward pronoun for “you.”     -ya pronoun: you (2nd person singular) ; possessive: your (direct personal suffix -ya),,LX-V1-0003,"{""aliases"":[""-ya""]}",null,,,,,,
yalin,Yalin,/yah-leen/,Pronoun: You all / You / Y’all (2nd Person Plural),"yalin 2nd person plural pronoun 2nd person plural yalin ""you all."" signifies a collective of individuals addressed. ""you all."" signifies a collective of individuals addressed.      pronoun: you all / you / y'all (2nd person plural)",,LX-V1-0004,{},null,,,,,,
la,La,/lah/,Pronoun: He / She / They (3rd Person Singular),la 3rd person singular pronoun 3rd person singular la neutral pronoun meaning “he/she/they.” neutral pronoun meaning “he/she/they.”      pronoun: he / she / they (3rd person singular),,LX-V1-0005,{},null,,,,,,
lalin,Lalin,/lah-leen/,Pronoun: They / Them (3rd Person Plural),lalin 3rd person plural pronoun 3rd person plural lalin means “they” (a group not including speaker or addressee). means “they” (a group not including speaker or addressee).      pronoun: they / them (3rd person plural),,LX-V1-0006,{},null,,,,,,
kadron,Kadron,/kahdrohn/,Noun: Man (masculine person),kadron man (masculine person) gendered and neutral terms kadron man (masculine person) default term for men. default term for men.      noun: man (masculine person),,LX-V1-0007,{},null,,,,,,
azron,Azron,/ahzrohn/,Noun: Woman (feminine person),azron woman (feminine person) gendered and neutral terms azron woman (feminine person) default term for women. default term for women.      noun: woman (feminine person),,LX-V1-0008,{},null,,,,,,
theon,Theon,/theh-ohn/,Noun: Neutral person (non-binary),theon neutral person (non-binary) gendered and neutral terms theon neutral person (non-binary) represents balance or gender neutrality. represents balance or gender neutrality.      noun: neutral person (non-binary),,LX-V1-0009,{},null,,,,,,
kadfel,Kadfel,/kahdfehl/,Noun: Boy (young masculine person),kadfel boy (young masculine person) gendered and neutral terms kadfel boy (young masculine person) refers to a male child. refers to a male child.      noun: boy (young masculine person),,LX-V1-0010,{},null,,,,,,
azfel,Azfel,/ahzfehl/,Noun: Girl (young feminine person),azfel girl (young feminine person) gendered and neutral terms azfel girl (young feminine person) refers to a female child. refers to a female child.      noun: girl (young feminine person),,LX-V1-0011,{},null,,,,,,
theefel,Theefel,/theh-ehfehl/,Noun: Neutral child (non-binary child),theefel neutral child (non-binary child) gendered and neutral terms theefel neutral child (non-binary child) refers to a child of neutral identity. refers to a child of neutral identity.      noun: neutral child (non-binary child),,LX-V1-0012,{},null,,,,,,
azon,Azon,/ah-zohn/,Noun: Feminine man,azon feminine man gendered and neutral terms azon feminine man describes a man with feminine qualities. describes a man with feminine qualities.      noun: feminine man,,LX-V1-0013,{},null,,,,,,
kadon,Kadon,/kah-dohn/,Noun: Masculine woman,kadon masculine woman gendered and neutral terms kadon masculine woman describes a woman with masculine traits. describes a woman with masculine traits.      noun: masculine woman,,LX-V1-0014,{},null,,,,,,
var,Var,/var/,Verb: Go / Move ; Preposition: To / Towards,"var to, towards preposition var to, towards var dren (to the water) var dren (to the water)     var go / move (action and empowerment) strength & empowerment var go / move (action and empowerment)      var go / move everyday life var go / move      var to go/move - purposeful formal vocabulary var (to go/move - purposeful). usage: use in rituals, court, formal address, writing, when emphasizing depth. combine with li- / -en. use in rituals, court, formal address, writing, when emphasizing depth. combine with li- / -en.     var verb: go, move; preposition: to, towards polysemy entry var / verb: go, move / preposition: to, towards / a classic case where a verb of motion also serves as the preposition indicating direction. the core concept is movement. a classic case where a verb of motion also serves as the preposition indicating direction. the core concept is movement.      verb: go / move ; preposition: to / towards",,LX-V1-0015; LX-V2-0034; LX-V2-0063; LX-V3-0010; LX-V4-0099,{},null,,,,,,
ser,Ser,/ser/,Noun: Friend / Ally ; Preposition: With,"ser with preposition ser with var i ser ser (with a friend) var i ser ser (with a friend)     ser friend / ally community ser friend / ally      ser friend / ally everyday life ser friend / ally      ser and conjunction ser / re-purposed from ser (with) / and / rinaen morlak ser dren. (there is bread and water.) re-purposed from ser (with)     ser noun: friend, ally; preposition: with; conjunction: and polysemy entry ser / noun: friend, ally / preposition: with / conjunction: and / and is framed as accompaniment, the essence of friend. and is framed as accompaniment, the essence of friend.      noun: friend / ally ; preposition: with",,LX-V1-0016; LX-V2-0036; LX-V2-0065; LX-V4-0076; LX-V4-0112,{},null,,,,,,
thal,Thal,/thahl/,Noun: Balance / Harmony ; Preposition: From / Out of,"thal from, out of preposition thal from, out of tha-var la thal terra. tha-var la thal terra.     thal balance / harmony nature thal balance / harmony      thal balance / harmony time & mysticism thal balance / harmony      thal balance / harmony nature and landscapes thal balance / harmony      thal noun: balance, harmony; preposition: from, out of polysemy entry thal / noun: balance, harmony / preposition: from, out of / all things originate from a place of balance. all things originate from a place of balance.      noun: balance / harmony ; preposition: from / out of",Yes,LX-V1-0017; LX-V2-0008; LX-V2-0023; LX-V2-0072; LX-V4-0109; XR-thal,{},null,,,,,,
ka,Ka,/kah/,Preposition: Without ; Interjection: No,ka without preposition ka without var i ka shal. var i ka shal.     ka no basic response ka: no “ka.” – “no.”      preposition: without ; interjection: no,,LX-V1-0018; LX-V3-0018,{},null,,,,,,
an,An,/ahn/,"Preposition: At, in (place) ; Preposition: Spatial contexts (“at/in” location)","an at, in (place) preposition an at, in (place) varan i an varthas. varan i an varthas.     an spatial contexts (“at/in” location) preposition to avoid confusion with temporal usage, an is introduced for spatial contexts (“at/in” location). preserved as standalone root/morpheme because source clearly defines it.      preposition: at, in (place) ; preposition: spatial contexts (“at/in” location)",,LX-V1-0019; DM-RM-V1-0013,{},null,,,,,,
nor,Nor,/nor/,Noun: Time / Flow of Time ; Preposition: At / In (time),"nor at/in (time) preposition nor at/in (time) nor-var i nor varthas. nor-var i nor varthas.     nor time / flow of time time & mysticism nor time / flow of time      nor noun: time, flow of time; preposition: at/in (time) polysemy entry nor / noun: time, flow of time / preposition: at/in (time) / the core noun for time is also used as the preposition to mark a point in time. the core concept is temporality. the core noun for time is also used as the preposition to mark a point in time. the core concept is temporality.      noun: time / flow of time ; preposition: at / in (time)",Yes,LX-V1-0020; LX-V2-0020; LX-V4-0100; XR-nor,{},null,,,,,,
esh,Esh,/ehsh/,Noun: Sky / Air ; Preposition: Above / Over,"esh above, over preposition esh above, over var i esh dren. var i esh dren.     esh sky / air nature esh sky / air      esh sky / air nature and landscapes esh sky / air      esh noun: sky, air; preposition: above, over; suffix: -esh (relational) polysemy entry esh / noun: sky, air / preposition: above, over / suffix: -esh (relational) / the relational suffix extends the sky/above sense to metaphorical connection. the relational suffix extends the sky/above sense to metaphorical connection.      noun: sky / air ; preposition: above / over",Yes,LX-V1-0021; LX-V2-0006; LX-V2-0071; LX-V4-0110; XR-esh,{},null,,,,,,
morl,Morl,/mohrl/,"Noun: Mountain ; Preposition: Under, beneath","morl under, beneath preposition morl under, beneath var i morl dren. var i morl dren.     morl mountain nature morl mountain      morl mountain nature and landscapes morl mountain       noun: mountain ; preposition: under, beneath",Yes,LX-V1-0022; LX-V2-0005; LX-V2-0066; XR-morl,{},null,,,,,,
terra,Terra,/tehrrah/,Noun: Earth / Physical ground ; Noun: The Heart of Terra / Mystical force,terra earth / the heart of terra nature terra earth / the heart of terra      terra earth / ground nature and landscapes terra earth / ground      terra noun: earth (physical ground); noun: the heart of terra (mystical force) polysemy entry terra / noun: earth (physical ground) / noun: the heart of terra (mystical force) / the physical world and mystical source are inseparable in ohnoshan thought. the physical world and mystical source are inseparable in ohnoshan thought.      noun: earth / physical ground ; noun: the heart of terra / mystical force,Yes,LX-V2-0001; LX-V2-0073; LX-V4-0108; XR-terra,{},null,,,,,,
dren,Dren,/dren/,Noun: Water ; Noun: Water - symbolic,"dren water nature dren water      dren water / river nature and landscapes dren water / river      dren water - symbolic formal vocabulary dren (water - symbolic). usage: use in rituals, court, formal address, writing, when emphasizing depth. combine with li- / -en. use in rituals, court, formal address, writing, when emphasizing depth. combine with li- / -en.      noun: water ; noun: water - symbolic",Yes,LX-V2-0002; LX-V2-0068; LX-V3-0011; XR-dren,{},null,,,,,,
shal,Shal,/shahl/,Noun: Light / New Beginnings / Fate ; Verb: Hope,"shal light nature shal light      shal light / brightness nature and landscapes shal light / brightness      shal noun: light; noun: new beginnings, fate; verb (as to hope) polysemy entry shal / noun: light / noun: new beginnings, fate / verb (as to hope) / in celan philosophy, light is the source of all positive, forward-moving concepts. in celan philosophy, light is the source of all positive, forward-moving concepts.      noun: light / new beginnings / fate ; verb: hope",Yes,LX-V2-0003; LX-V2-0069; LX-V4-0101; XR-shal,{},null,,,,,,
krez,Krez,/krehz/,Noun: Fire ; Interjection: Blast! / Damn!,krez fire nature krez fire      krez fire / volcanic nature and landscapes krez fire / volcanic      krez noun: fire; interjection: blast! damn! polysemy entry krez / noun: fire / interjection: blast! damn! / fire is invoked as an interjection for hot emotions like anger and frustration. fire is invoked as an interjection for hot emotions like anger and frustration.      noun: fire ; interjection: blast! / damn!,Yes,LX-V2-0004; LX-V2-0070; LX-V4-0105; XR-krez,{},null,,,,,,
thar,Thar,/thar/,Noun: Heart ; Modal: Want to,thar heart (both literal and symbolic) nature thar heart (both literal and symbolic)      thar heart body thar heart      thar noun: heart; modal root (in want to) polysemy entry thar / noun: heart / modal root (in want to) / heart is source of life and desire. heart is source of life and desire.     thaar noun: heart ; modal: want to,Yes,LX-V2-0007; LX-V2-0057; LX-V4-0115; XR-thar,"{""aliases"":[""Thaar""],""usageNote"":""Thaar is the approved Arvan regional spelling of Thar (heart / emotional core).""}",null,,,,,,
vethor,Vethor,/vehthohr/,Noun: Shadow / Mystery ; Verb: Sleep,"vethor shadow / mystery nature vethor shadow / mystery      vethor shadow / mystery nature and landscapes vethor shadow / mystery      vethor noun: shadow, mystery; verb (as to sleep) polysemy entry vethor / noun: shadow, mystery / verb (as to sleep) / sleep is entering the shadow/mystery. sleep is entering the shadow/mystery.      noun: shadow / mystery ; verb: sleep",,LX-V2-0009; LX-V2-0067; LX-V4-0117,{},null,,,,,,
shara,Shara,/shah-rah/,Noun: Path / Journey ; Verb: To follow a path / To navigate / To track,shara path / journey nature shara path / journey       noun: path / journey ; verb: to follow a path / to navigate / to track,Yes,LX-V2-0010; XR-shara,{},null,,,,,,
zhilva,Zhilva,/zheelvah/,"Interjection: General ""Hello""","zhilva general ""hello"" greetings zhilva general ""hello""       interjection: general ""hello""",,LX-V2-0011,{},null,,,,,,
amthaen,Amthaen,/ahmthah-ehn/,"Interjection: Friendly ""Hi""","amthaen friendly ""hi"" greetings amthaen friendly ""hi""       interjection: friendly ""hi""",,LX-V2-0012,{},null,,,,,,
nekvar,Nekvar,/nehkvahr/,"Interjection: ""Good morning""","nekvar ""good morning"" greetings nekvar ""good morning""       interjection: ""good morning""",,LX-V2-0013,{},null,,,,,,
kelithor,Kelithor,/keh-leethohr/,"Interjection: ""Good afternoon""","kelithor ""good afternoon"" greetings kelithor ""good afternoon""       interjection: ""good afternoon""",,LX-V2-0014,{},null,,,,,,
tlosen,Tlosen,/tloh-sehn/,"Interjection: ""Good evening""","tlosen ""good evening"" greetings tlosen ""good evening""       interjection: ""good evening""",,LX-V2-0015,{},null,,,,,,
jexhaer,Jexhaer,/jehxhah-ehr/,"Interjection: ""Good night""","jexhaer ""good night"" greetings jexhaer ""good night""       interjection: ""good night""",,LX-V2-0016,{},null,,,,,,
revalen,Revalen,/reh-vah-lehn/,"Interjection: ""Farewell""","revalen ""farewell"" greetings revalen ""farewell""       interjection: ""farewell""",,LX-V2-0017,{},null,,,,,,
zharinor,Zharinor,/zhah-ree-nohr/,"Interjection: ""See you soon""","zharinor ""see you soon"" greetings zharinor ""see you soon""       interjection: ""see you soon""",,LX-V2-0018,{},null,,,,,,
vrekthael,Vrekthael,/vrehkthah-ehl/,"Interjection: Ceremonial ""Greetings""","vrekthael ceremonial ""greetings"" greetings vrekthael ceremonial ""greetings""       interjection: ceremonial ""greetings""",,LX-V2-0019,{},null,,,,,,
varash,Varash,/vah-rahsh/,Noun: Future / Prophecy,varash future / prophecy time & mysticism varash future / prophecy       noun: future / prophecy,,LX-V2-0021,{},null,,,,,,
rathor,Rathor,/rahthohr/,Noun: Old City / Ancient Place ; Noun: Past / History,rathor past / history time & mysticism rathor past / history      rathor old city / ancient place urban and mystical spaces rathor old city / ancient place       noun: old city / ancient place ; noun: past / history,,LX-V2-0022; LX-V2-0085,{},null,,,,,,
shalor,Shalor,/shah-lohr/,"Noun: Light (discovery, vision, hope) ; Noun: Light / New Beginnings / Fate","shalor light / new beginnings / fate time & mysticism shalor light / new beginnings / fate      shalor light (discovery, vision, hope) elements of wonder shalor light (discovery, vision, hope)      shalor sanctuary (light-filled place) urban and mystical spaces shalor sanctuary (light-filled place)       noun: light (discovery, vision, hope) ; noun: light / new beginnings / fate",,LX-V2-0024; LX-V2-0059; LX-V2-0084,{},null,,,,,,
thaal,Thaal,/thahl/,Noun: The Unknown / Wonder ; Particle: Superlative marker: most,thaal the unknown / wonder time & mysticism thaal the unknown / wonder      thaal the unknown / wonder elements of wonder thaal the unknown / wonder      thaal superlative marker: most marker thaal: superlative marker: most original root/morpheme entry preserved.      noun: the unknown / wonder ; particle: superlative marker: most,,LX-V2-0025; LX-V2-0060; DM-RM-V3-0008,{},null,,,,,,
lian,Lian,/lee-ahn/,Noun: Truth / Honesty ; Verb: Pray,"lian truth / honesty time & mysticism lian truth / honesty      lian truth / honesty everyday life lian truth / honesty      lian noun: truth, honesty; verb (as to pray); modal (as can/able to) polysemy entry lian / noun: truth, honesty / verb (as to pray) / modal (as can/able to) / truth is foundation for prayer and ability. truth is foundation for prayer and ability.      noun: truth / honesty ; verb: pray",Yes,LX-V2-0026; LX-V2-0064; LX-V4-0114; XR-lian,{},null,,,,,,
lumor,Lumor,/loo-mohr/,Noun: Light (enlightenment or insight) ; Noun: Talisman,lumor light (enlightenment or insight) time & mysticism lumor light (enlightenment or insight)       noun: light (enlightenment or insight) ; noun: talisman,,LX-V2-0027,{},null,,,,,,
aen,Aen,/ah-ehn/,Verb: Speak / Tell / Breathe ; Conjunction: That,"aen speak / tell / breath of life time & mysticism aen speak / tell / breath of life      aen speak / tell everyday life aen speak / tell      aen to speak/tell - poetic/deep formal vocabulary aen (to speak/tell - poetic/deep). usage: use in rituals, court, formal address, writing, when emphasizing depth. combine with li- / -en. use in rituals, court, formal address, writing, when emphasizing depth. combine with li- / -en.     aen verb: speak, breathe; complementizer: that; suffix: -aen (verb-forming) polysemy entry aen / verb: speak, breathe / complementizer: that / suffix: -aen (verb-forming) / the root aen signifies the breath of life, extending from speaking to the grammatical function of introducing a spoken clause. the root aen signifies the breath of life, extending from speaking to the grammatical function of introducing a spoken clause.     aen complementizer marker aen: complementizer original root/morpheme entry preserved.      verb: speak / tell / breathe ; conjunction: that",,LX-V2-0028; LX-V2-0062; LX-V3-0009; LX-V4-0102; DM-RM-V3-0005,"{""familyTerms"":[""Aenaen"",""Aenor"",""Aenvor""]}",null,,,,,,
varok,Varok,/vah-rohk/,Verb: Command / Direct,varok command / direct time & mysticism varok command / direct       verb: command / direct,,LX-V2-0029,{},null,,,,,,
arth,Arth,/ahrth/,Verb: Protect / Defend,arth protect / defend time & mysticism arth protect / defend       verb: protect / defend,Yes,LX-V2-0030; XR-arth,{},null,,,,,,
kal,Kal,/kahl/,Noun: Strength / Power ; Adjective: Strong,"kal strength / power strength & empowerment kal strength / power      kal noun: strength, power; adjective (as strong) polysemy entry kal / noun: strength, power / adjective (as strong) / strength is the root for the adjective describing that quality. strength is the root for the adjective describing that quality.      noun: strength / power ; adjective: strong",Yes,LX-V2-0031; LX-V4-0111; XR-kal,{},null,,,,,,
kalor,Kalor,/kah-lohr/,Noun: Courage / Strength of Spirit ; Noun: Strength (of the mind or spirit),kalor strength (of the mind or spirit) strength & empowerment kalor strength (of the mind or spirit)      kalor courage / strength of spirit emotions kalor courage / strength of spirit       noun: courage / strength of spirit ; noun: strength (of the mind or spirit),,LX-V2-0032; LX-V2-0042,{},null,,,,,,
seren,Seren,/seh-rehn/,Noun: Guardian / Protector ; Noun: Guardian/Protector,seren guardian / protector strength & empowerment seren guardian / protector      seren guardian/protector title / role seren: guardian/protector       noun: guardian / protector ; noun: guardian/protector,,LX-V2-0033; LX-V3-0007,{},null,,,,,,
arthen,Arthen,/ahrthehn/,Noun: Destiny / Purpose,arthen destiny / purpose strength & empowerment arthen destiny / purpose       noun: destiny / purpose,,LX-V2-0035,{},null,,,,,,
vaar,Vaar,/vah-ahr/,Noun: Peace / Unity ; Adjective: Good,"vaar peace / unity community vaar peace / unity      vaar peace / calm emotions vaar peace / calm      vaar noun: peace, unity; interjection (as relief); adjective (as good) polysemy entry vaar / noun: peace, unity / interjection (as relief) / adjective (as good) / peace/unity roots relief and goodness. peace/unity roots relief and goodness.      noun: peace / unity ; adjective: good",Yes,LX-V2-0037; LX-V2-0041; LX-V4-0113; XR-vaar,{},null,,,,,,
ilan,Ilan,/ee-lahn/,Noun: Student / Follower,ilan student / follower community ilan student / follower       noun: student / follower,,LX-V2-0038,{},null,,,,,,
lorin,Lorin,/loh-reen/,Noun: Guide ; Noun: Guide / Teacher,lorin guide / teacher community lorin guide / teacher      lorin guide title / role lorin: guide       noun: guide ; noun: guide / teacher,,LX-V2-0039; LX-V3-0005,{},null,,,,,,
rath,Rath,/rahth/,Noun: Enemy / Foe ; Particle: Conditional “If”,rath enemy / foe community rath enemy / foe      rath conditional “if” particle conditional “if”: use rath to introduce conditions. preserved as standalone root/morpheme because source clearly defines it.     rath conditional marker: if marker rath: conditional marker: if original root/morpheme entry preserved.      noun: enemy / foe ; particle: conditional “if”,,LX-V2-0040; DM-RM-V1-0012; DM-RM-V3-0009,{},null,,,,,,
fah,Fah,/fahh/,Noun: Darkness / Fear / Night ; Interjection: Ugh! / Bah!,"fah darkness / fear / night emotions fah darkness / fear / night      fah noun: darkness, fear, night; interjection: ugh! bah! polysemy entry fah / noun: darkness, fear, night / interjection: ugh! bah! / the core noun for a negative state is used as a visceral, emotional interjection. the core noun for a negative state is used as a visceral, emotional interjection.      noun: darkness / fear / night ; interjection: ugh! / bah!",Yes,LX-V2-0043; LX-V4-0104; XR-fah,{},null,,,,,,
thera,Thera,/theh-rah/,Noun: Longing / Yearning,thera longing / yearning emotions thera longing / yearning       noun: longing / yearning,,LX-V2-0044,{},null,,,,,,
reth,Reth,/rehth/,Noun: Confusion / Uncertainty ; Conjunction: Or,"reth confusion / uncertainty emotions reth confusion / uncertainty      reth or conjunction reth / re-purposed from reth (uncertainty) / or / ra drenaen ya dren reth phelvin? (do you drink water or the comfort-drink?) re-purposed from reth (uncertainty)     reth noun: confusion, uncertainty; conjunction: or; root (in possibility) polysemy entry reth / noun: confusion, uncertainty / conjunction: or / root (in possibility) / the conjunction or exists to present a choice between uncertain options. the conjunction or exists to present a choice between uncertain options.      noun: confusion / uncertainty ; conjunction: or",,LX-V2-0045; LX-V4-0077; LX-V4-0103,{},null,,,,,,
vial,Vial,/vee-ahl/,Noun: Joy / Happiness,vial joy / happiness emotions vial joy / happiness       noun: joy / happiness,,LX-V2-0046,{},null,,,,,,
lorinor,Lorinor,/loh-ree-nohr/,Noun: Head,lorinor head body lorinor head       noun: head,,LX-V2-0047,{},null,,,,,,
lorinshal,Lorinshal,/loh-reenshahl/,Noun: Eye,lorinshal eye body lorinshal eye       noun: eye,,LX-V2-0048,{},null,,,,,,
aenor,Aenor,/ah-ehnohr/,Noun: Ear ; Noun: Moment / Instant,"aenor ear body aenor ear      aenor moment, instant measurement unit aenor / aen (breath) + -or (time/place) / moment, instant / the shortest unit of time, ""the space of a breath."" (context distinguishes from aenor, ear). example: nor-var i an aenor. (i will go in a moment.) aen (breath) + -or (time/place). the shortest unit of time, ""the space of a breath."" (context distinguishes from aenor, ear).     aenor noun: ear; noun: moment, instant polysemy entry aenor / noun: ear / noun: moment, instant / a homonym. context distinguishes them. a homonym. context distinguishes them.      noun: ear ; noun: moment / instant",,LX-V2-0049; LX-V4-0081; LX-V4-0107,{},null,,,,,,
aenvor,Aenvor,/ah-ehnvohr/,Noun: Nose,aenvor nose body aenvor nose       noun: nose,,LX-V2-0050,{},null,,,,,,
kelvor,Kelvor,/kehlvohr/,Noun: Mouth,kelvor mouth body kelvor mouth       noun: mouth,,LX-V2-0051,{},null,,,,,,
sorl,Sorl,/sohrl/,Noun: Neck,sorl neck body sorl neck       noun: neck,,LX-V2-0052,{},null,,,,,,
kalvar,Kalvar,/kahlvahr/,Noun: Arm,kalvar arm body kalvar arm       noun: arm,,LX-V2-0053,{},null,,,,,,
korin,Korin,/koh-reen/,Noun: Hand,korin hand body korin hand       noun: hand,,LX-V2-0054,{},null,,,,,,
sharvar,Sharvar,/shahrvahr/,Noun: Leg,sharvar leg body sharvar leg       noun: leg,,LX-V2-0055,{},null,,,,,,
morlka,Morlka,/mohrlkah/,Noun: Foot,morlka foot body morlka foot       noun: foot,,LX-V2-0056,{},null,,,,,,
dral,Dral,/drahl/,Noun: Sky / Wonder / Heavens ; Interjection: Wow! / Heavens!,"dral sky / wonder / the heavens elements of wonder dral sky / wonder / the heavens      dral noun: sky, wonder, heavens; interjection: wow! heavens! polysemy entry dral / noun: sky, wonder, heavens / interjection: wow! heavens! / the concept of the heavens is invoked to express awe, wonder, or surprise. the concept of the heavens is invoked to express awe, wonder, or surprise.      noun: sky / wonder / heavens ; interjection: wow! / heavens!",Yes,LX-V2-0058; LX-V4-0106; XR-dral,{},null,,,,,,
tal,Tal,/tahl/,Verb: Give / Offer ; Verb: Take / Receive,"tal give / offer everyday life tal give / offer      tal verb: give, offer; verb: to take, receive polysemy entry tal / verb: give, offer / verb: to take, receive / context and prepositions determine exchange direction. context and prepositions determine exchange direction.      verb: give / offer ; verb: take / receive",Yes,LX-V2-0061; LX-V4-0116; XR-tal,{},null,,,,,,
morldren,Morldren,/morl-dren/,Noun: Waterfall (mountain + water) ; Noun: waterfall/mountain stream,morldren waterfall (mountain + water) nature and landscapes morldren waterfall (mountain + water)      morldren waterfall/mountain stream compounding example morl + dren = morldren (waterfall/mountain stream) morl + dren      noun: waterfall (mountain + water) ; noun: waterfall/mountain stream,,LX-V2-0074; LX-V2-0144,{},null,,,,,,
verdor,Verdor,/vehrdohr/,Noun: forest place/realm,verdor forest place/realm nature and landscapes verdor forest place/realm       noun: forest place/realm,,LX-V2-0075,{},null,,,,,,
mahr,Mahr,/mahhr/,Noun: ocean,mahr ocean nature and landscapes mahr ocean       noun: ocean,Yes,LX-V2-0076; XR-mahr,{},null,,,,,,
lun,Lun,/loon/,Noun: Lake ; Noun: Moon; Ohnosha's natural satellite or lunar body,lun lake nature and landscapes lun lake      lun moon; ohnosha's natural satellite or lunar body noun   source-attested polysemy from lx-v4-0083 lunwek: lun lake or moon + wek cycle     noun: lake ; noun: moon; ohnosha's natural satellite or lunar body,Yes,LX-V2-0077; LX-LPC1-0001; XR-lun,{},"{""origins"":[],""nationalUses"":[],""derivations"":[""Source-attested polysemy from LX-V4-0083 Lunwek: Lun Lake or Moon + Wek cycle""],""variants"":[]}",Lun Polysemy Correction 1,Source-attested polysemy from LX-V4-0083 Lunwek: Lun Lake or Moon + Wek cycle,,,,
velk,Velk,/vehlk/,Noun: Ice/Frozen water,velk ice/frozen water nature and landscapes velk ice/frozen water       noun: ice/frozen water,,LX-V2-0078,{},null,,,,,,
awek,Awek,/ah-wehk/,Noun: Spring,awek spring nature and landscapes awek spring       noun: spring,Yes,LX-V2-0079; XR-awek,{},null,,,,,,
terlin,Terlin,/tehrleen/,Noun: Island/beach,terlin island/beach nature and landscapes terlin island/beach       noun: island/beach,,LX-V2-0080,{},null,,,,,,
kaleth,Kaleth,/kah-lehth/,Noun: Fortress / Stronghold ; Adjective: Strong / Powerful / Intense / High in magnitude or reading,kaleth fortress / stronghold urban and mystical spaces kaleth fortress / stronghold       noun: fortress / stronghold ; adjective: strong / powerful / intense / high in magnitude or reading,,LX-V2-0081,{},null,,,,,,
varthas,Varthas,/vahrthahs/,Noun: City / Town,varthas city / town urban and mystical spaces varthas city / town       noun: city / town,,LX-V2-0082,{},null,,,,,,
lorash,Lorash,/loh-rahsh/,Noun: Temple / Shrine,lorash temple / shrine urban and mystical spaces lorash temple / shrine       noun: temple / shrine,,LX-V2-0083,{},null,,,,,,
krezor,Krezor,/kreh-zohr/,Noun: forge ; Noun: Forge / Place of Fire,"krezor forge / place of fire urban and mystical spaces krezor forge / place of fire      krezor forge compounding example krez + or = krezor (forge) krez + or     krezor hearth, fireplace, forge mundane objects & tools krezor / krez (fire) + -or (place) / hearth, fireplace, forge / rinaen krezor feneth. (the hearth is hot.) krez (fire) + -or (place)      noun: forge ; noun: forge / place of fire",,LX-V2-0086; LX-V2-0146; LX-V4-0017,{},null,,,,,,
norvaar,Norvaar,/nohrvah-ahr/,Noun: Gateway (time-related portal),norvaar gateway (time-related portal) urban and mystical spaces norvaar gateway (time-related portal)       noun: gateway (time-related portal),,LX-V2-0087,{},null,,,,,,
kinnshal,Kinnshal,/keennshahl/,Noun: Dawn (Light Awakens),"kinnshal dawn (light awakens) times of day kinnshal – dawn (light awakens)
○ root: kinn (daylight) + shal (light)
○ meaning: the time when light awakens, symbolizing renewal.
○ example: “var i dren an kinnshal.” – “i go to the water at dawn.” the time when light awakens, symbolizing renewal.      noun: dawn (light awakens)",,LX-V2-0088,{},null,,,,,,
kinnmor,Kinnmor,/keennmohr/,Noun: Morning (Earth Illuminated),"kinnmor morning (earth illuminated) times of day kinnmor – morning (earth illuminated)
○ root: kinn (daylight) + mor (earth)
○ meaning: early morning, when the earth is bathed in light.
○ example: “kinnmor kal dren nor shal.” – “the morning strengthens with water and light.” early morning, when the earth is bathed in light.      noun: morning (earth illuminated)",,LX-V2-0089,{},null,,,,,,
kinnlin,Kinnlin,/keennleen/,Noun: Noon (Full Light),"kinnlin noon (full light) times of day kinnlin – noon (full light)
○ root: kinn (daylight) + -lin (culmination)
○ meaning: midday, when light reaches its peak.
○ example: “tal i dren an kinnlin.” – “i drink the water at noon.” midday, when light reaches its peak.      noun: noon (full light)",,LX-V2-0090,{},null,,,,,,
kilvthal,Kilvthal,/keelvthahl/,Noun: Afternoon (Balancing Light and Shadow),"kilvthal afternoon (balancing light and shadow) times of day kilvthal – afternoon (balancing light and shadow)
○ root: kilv (shadow/time) + thal (balance)
○ meaning: the gradual transition from day to evening.
○ example: “nor-var i dren thal kilvthal.” – “i will go to the water in the afternoon.” the gradual transition from day to evening.      noun: afternoon (balancing light and shadow)",,LX-V2-0091,{},null,,,,,,
kilveth,Kilveth,/keelvehth/,Noun: Evening (Shadow's Embrace),"kilveth evening (shadow's embrace) times of day kilveth – evening (shadow's embrace)
○ root: kilv (shadow/time) + eth (embrace)
○ meaning: the time when shadows deepen and the day closes.
○ example: “kilveth dren morl shal.” – “evening rests under the light.” the time when shadows deepen and the day closes.      noun: evening (shadow's embrace)",,LX-V2-0092,{},null,,,,,,
kilvfah,Kilvfah,/keelvfahh/,Noun: Nightfall (Full Darkness),"kilvfah nightfall (full darkness) times of day kilvfah – nightfall (full darkness)
○ root: kilv (shadow/time) + fah (darkness)
○ meaning: the time when darkness envelops the world.
○ example: “var i dren an kilvfah.” – “i go to the water at nightfall.” the time when darkness envelops the world.      noun: nightfall (full darkness)",,LX-V2-0093,{},null,,,,,,
kilvlum,Kilvlum,/keelvloom/,Noun: Midnight (Shadowed Reflection),"kilvlum midnight (shadowed reflection) times of day kilvlum – midnight (shadowed reflection)
○ root: kilv (shadow/time) + lum (inner light)
○ meaning: the deep, reflective part of the night.
○ example: “tal i kilvlum dren nor veth.” – “i drink at midnight by the water's shadow.” the deep, reflective part of the night.      noun: midnight (shadowed reflection)",,LX-V2-0094,{},null,,,,,,
belrin,Belrin,/behlreen/,Noun: Woven fabric,"belrin woven fabric expanded vocabulary example: belrin (""woven fabric""; bel + rin = essence). bel + rin = essence      noun: woven fabric",,LX-V2-0095,{},null,,,,,,
belar,Belar,/beh-lahr/,"Noun: A blending spice; a seasoning used primarily to unite, balance, or mellow several flavors in a dish","belar binding spice expanded vocabulary example: belar (""binding spice""; bel + ar = intensity). bel + ar = intensity      noun: a blending spice; a seasoning used primarily to unite, balance, or mellow several flavors in a dish",,LX-V2-0096,{},null,,,,,,
brosrin,Brosrin,/brohsreen/,Noun: Layered food,"brosrin layered food expanded vocabulary example: brosrin (""layered food""; bros + rin = essence). bros + rin = essence      noun: layered food",,LX-V2-0097,{},null,,,,,,
balrin,Balrin,/bahlreen/,Noun: Growing food,"balrin growing food expanded vocabulary example: balrin (""growing food""; bal + rin = essence). bal + rin = essence      noun: growing food",,LX-V2-0098,{},null,,,,,,
brenmor,Brenmor,/brehnmohr/,Noun: Harvested roots,"brenmor harvested roots expanded vocabulary example: brenmor (""harvested roots""; bren + mor). bren + mor      noun: harvested roots",,LX-V2-0099,{},null,,,,,,
phelvin,Phelvin,/phehlveen/,Noun: Comforting drink ; Noun: Comfort Drink,"phelvin comforting drink expanded vocabulary example: phelvin (""comforting drink""; phel + vin = pulled/essence). phel + vin = pulled/essence     phelvin comfort drink beverages phelvin: comfort drink (phel + vin = soothing essence) phel + vin = soothing essence      noun: comforting drink ; noun: comfort drink",,LX-V2-0100; LX-V2-0162,{},null,,,,,,
prakorin,Prakorin,/prah-koh-reen/,Noun: Tender bread,"prakorin tender bread expanded vocabulary example: prakorin (""tender bread""; prak + orin = essence). prak + orin = essence      noun: tender bread",,LX-V2-0101,{},null,,,,,,
pelvar,Pelvar,/pehlvahr/,Noun: Sharp grain,"pelvar sharp grain expanded vocabulary example: pelvar (""sharp grain""; pel + var = grounded). pel + var = grounded     pelvar sharp grain staple foods pelvar: sharp grain (pel + var = piercing substance) pel + var = piercing substance      noun: sharp grain",,LX-V2-0102; LX-V2-0151,{},null,,,,,,
peldren,Peldren,/pehldrehn/,Noun: Piercing water,"peldren piercing water expanded vocabulary example: peldren (""piercing water""; pel + dren = water). pel + dren = water      noun: piercing water",,LX-V2-0103,{},null,,,,,,
pralmor,Pralmor,/prahlmohr/,Noun: Detailed carving,"pralmor detailed carving expanded vocabulary example: pralmor (""detailed carving""; pral + mor = earth). pral + mor = earth      noun: detailed carving",,LX-V2-0104,{},null,,,,,,
jorlin,Jorlin,/johrleen/,Noun: Bursting water,"jorlin bursting water expanded vocabulary example: jorlin (""bursting water""; jor + lin = collective flow). jor + lin = collective flow      noun: bursting water",,LX-V2-0105,{},null,,,,,,
jorvak,Jorvak,/johrvahk/,Noun: Bursting Stew ; Noun: Bursting warmth,"jorvak bursting warmth expanded vocabulary example: jorvak (""bursting warmth""; jor + vak = vessel). jor + vak = vessel     jorvak bursting stew prepared dishes jorvak: bursting stew (jor + vak = energetic vessel) jor + vak = energetic vessel      noun: bursting stew ; noun: bursting warmth",,LX-V2-0106; LX-V2-0152,{},null,,,,,,
jekvor,Jekvor,/jehkvohr/,"Noun: A spiraling spice; a seasoning recognizable by a curled, coiled, or twisted physical form","jekvor spiraling spice expanded vocabulary example: jekvor (""spiraling spice""; jek + vor = place). jek + vor = place      noun: a spiraling spice; a seasoning recognizable by a curled, coiled, or twisted physical form",,LX-V2-0107,{},null,,,,,,
jelvor,Jelvor,/jehlvohr/,"Noun: A zesty spice; a seasoning distinguished by a bright, sharp, lively flavor","jelvor zesty spice expanded vocabulary example: jelvor (""zesty spice""; jel + vor = location). jel + vor = location      noun: a zesty spice; a seasoning distinguished by a bright, sharp, lively flavor",,LX-V2-0108,{},null,,,,,,
jindral,Jindral,/jeendrahl/,Noun: Rare fruit,"jindral rare fruit expanded vocabulary example: jindral (""rare fruit""; jin + dral = wonder). jin + dral = wonder      noun: rare fruit",,LX-V2-0109,{},null,,,,,,
welrim,Welrim,/wehlreem/,Noun: Continuous Feast ; Noun: Shared feast,"welrim shared feast expanded vocabulary example: welrim (""shared feast""; wel + rim = celebration). wel + rim = celebration     welrim continuous feast prepared dishes welrim: continuous feast (wel + rim = flowing celebration) wel + rim = flowing celebration      noun: continuous feast ; noun: shared feast",,LX-V2-0110; LX-V2-0153,{},null,,,,,,
welmor,Welmor,/wehlmohr/,Noun: Flowing earth,"welmor flowing earth expanded vocabulary example: welmor (""flowing earth""; wel + mor = ground). wel + mor = ground      noun: flowing earth",,LX-V2-0111,{},null,,,,,,
weknor,Weknor,/wehknohr/,Noun: Cyclical time,"weknor cyclical time expanded vocabulary example: weknor (""cyclical time""; wek + nor = time). wek + nor = time      noun: cyclical time",,LX-V2-0112,{},null,,,,,,
worvenak,Worvenak,/wohrveh-nahk/,Noun: Abundant stew,"worvenak abundant stew expanded vocabulary example: worvenak (""abundant stew""; wor + venak = warmth). wor + venak = warmth      noun: abundant stew",,LX-V2-0113,{},null,,,,,,
xilvar,Xilvar,/xeelvahr/,Noun: A hidden spice; a seasoning or blend whose composition or preparation is deliberately concealed ; Noun: Fragmented Salt,"xilvar hidden spice expanded vocabulary example: xilvar (""hidden spice""; xil + var = essence). xil + var = essence     xilvar fragmented salt specialty ingredients xilvar: fragmented salt (xil + var = shard of substance) xil + var = shard of substance      noun: a hidden spice; a seasoning or blend whose composition or preparation is deliberately concealed ; noun: fragmented salt",,LX-V2-0114; LX-V2-0160,{},null,,,,,,
xarvel,Xarvel,/xahrvehl/,Noun: Covered meal ; Noun: Veiled Meal,"xarvel covered meal expanded vocabulary example: xarvel (""covered meal""; xar + vel = sustenance). xar + vel = sustenance     xarvel veiled meal prepared dishes xarvel: veiled meal (xar + vel = concealed sustenance) xar + vel = concealed sustenance      noun: covered meal ; noun: veiled meal",,LX-V2-0115; LX-V2-0156,{},null,,,,,,
ohmbaen,Ohmbaen,/ohhmbah-ehn/,Noun: Beloved or soulmate,ohmbaen beloved or soulmate refined relationships ohmbaen beloved or soulmate ohmbaen nor dren. (“the beloved rests near the water.”)       noun: beloved or soulmate,,LX-V2-0119,{},null,,,,,,
tlakorin,Tlakorin,/tlah-koh-reen/,Noun: Confidant or trusted companion,tlakorin confidant or trusted companion refined relationships tlakorin confidant or trusted companion tlakorin kal dren an varthas. (“the confidant strengthens the city.”)       noun: confidant or trusted companion,,LX-V2-0120,{},null,,,,,,
khumlor,Khumlor,/khoomlohr/,"Noun: Chosen family, circle of belonging","khumlor chosen family, circle of belonging refined relationships khumlor chosen family, circle of belonging khumlor var dren. (“the family gathers by the water.”)       noun: chosen family, circle of belonging",,LX-V2-0121,{},null,,,,,,
nkuvath,Nkuvath,/nkoo-vahth/,Noun: Promise or bond of trust,nkuvath promise or bond of trust refined relationships nkuvath promise or bond of trust nkuvath shal dren ser serathrin. (“the bond flows to the confidant.”)       noun: promise or bond of trust,,LX-V2-0122,{},null,,,,,,
mbalan,Mbalan,/mbah-lahn/,"Noun: Pillar of the community, a relied-upon figure","mbalan pillar of the community, a relied-upon figure refined relationships mbalan pillar of the community, a relied-upon figure mbalan ser dren an varthas. (“the community leader stands by the water in the city.”)       noun: pillar of the community, a relied-upon figure",,LX-V2-0123,{},null,,,,,,
nkural,Nkural,/nkoo-rahl/,Noun: Mentor or guide who nurtures growth,nkural mentor or guide who nurtures growth refined relationships nkural mentor or guide who nurtures growth nkural nor dren ser ilan. (“the mentor rests by the water with the student.”)       noun: mentor or guide who nurtures growth,,LX-V2-0124,{},null,,,,,,
tlankor,Tlankor,/tlahnkohr/,Noun: Ally or supporter during challenges,tlankor ally or supporter during challenges refined relationships tlankor ally or supporter during challenges tlankor kal dren ser serin. (“the ally strengthens by the water with friends.”)       noun: ally or supporter during challenges,,LX-V2-0125,{},null,,,,,,
tlakhura,Tlakhura,/tlahkhoo-rah/,"Noun: A bond shared between two people, unspoken yet strong","tlakhura a bond shared between two people, unspoken yet strong refined relationships tlakhura a bond shared between two people, unspoken yet strong tlakhura shal dren ser zhivor. (“a bond flows with the family.”)       noun: a bond shared between two people, unspoken yet strong",,LX-V2-0126,{},null,,,,,,
jorkal,Jorkal,/johrkahl/,Noun: Charge / Attack / Assault. A command or description of a forceful offensive push.,jorkal charge / attack / assault. a command or description of a forceful offensive push. battle jargon jorkal: derivation: jor (surge/burst) + kal (strength/power) / meaning: charge / attack / assault. a command or description of a forceful offensive push. / example: va jorkal an rath! (command: charge the enemy!) jor (surge/burst) + kal (strength/power)      noun: charge / attack / assault. a command or description of a forceful offensive push.,,LX-V2-0127,{},null,,,,,,
arthlor,Arthlor,/ahrthlohr/,Noun: Defensive Formation / Shield Wall / Fortified Position. Refers to holding a defensive position or a specific coordinated defensive setup.,arthlor defensive formation / shield wall / fortified position. refers to holding a defensive position or a specific coordinated defensive setup. battle jargon arthlor: derivation: arth (protect/defend) + -or (place/location) / meaning: defensive formation / shield wall / fortified position. refers to holding a defensive position or a specific coordinated defensive setup. / example: var seren arthlor an kaleth. (the guardians go to the defensive formation at the fortress.) arth (protect/defend) + -or (place/location)      noun: defensive formation / shield wall / fortified position. refers to holding a defensive position or a specific coordinated defensive setup.,,LX-V2-0128,{},null,,,,,,
serenkal,Serenkal,/seh-rehnkahl/,"Noun: Elite Warrior / Vanguard / Shock Trooper. Refers specifically to experienced, strong front-line fighters or protectors.","serenkal elite warrior / vanguard / shock trooper. refers specifically to experienced, strong front-line fighters or protectors. battle jargon serenkal: derivation: seren (guardian/protector) + kal (strength) / meaning: elite warrior / vanguard / shock trooper. refers specifically to experienced, strong front-line fighters or protectors. / example: nor-var serenkal thal morl. (the elite warriors will advance from the mountain.) seren (guardian/protector) + kal (strength)      noun: elite warrior / vanguard / shock trooper. refers specifically to experienced, strong front-line fighters or protectors.",,LX-V2-0129,{},null,,,,,,
belshara,Belshara,/bel-shah-rah/,"Noun: Coordinated Maneuver / Formation Movement / Tactical Path. Refers to moving troops in a specific, planned way. ; Noun: Duty (Bound Path)","belshara coordinated maneuver / formation movement / tactical path. refers to moving troops in a specific, planned way. battle jargon belshara: derivation: bel (bind/weave) + shara (path/journey) / meaning: coordinated maneuver / formation movement / tactical path. refers to moving troops in a specific, planned way. / example: lorin ilin belshara an vethor. (guide us in the coordinated maneuver through the shadow.) bel (bind/weave) + shara (path/journey)     belshara necessity (must/have to) modal adverb necessity (must/have to): belshara (""on a bound path"") example: var i belshara. (i must go.) ""on a bound path""     belshara duty (bound path) abstract concepts belshara / bel (bind) + shara (path) / duty (bound path) / rinaen belshara an ilin. (duty is with us.) bel (bind) + shara (path)      noun: coordinated maneuver / formation movement / tactical path. refers to moving troops in a specific, planned way. ; noun: duty (bound path)",,LX-V2-0130; LX-V4-0002; LX-V4-0066,{},null,,,,,,
rathvethor,Rathvethor,/rahth-veh-thor/,Noun: Hidden Enemy / Ambush / Unseen Threat. Used when scouting or warning about potential ambushes or concealed enemies.,rathvethor hidden enemy / ambush / unseen threat. used when scouting or warning about potential ambushes or concealed enemies. battle jargon rathvethor: derivation: rath (enemy/foe) + vethor (shadow/mystery) / meaning: hidden enemy / ambush / unseen threat. used when scouting or warning about potential ambushes or concealed enemies. / example: ra var rathvethor an verdor? (is there a hidden enemy in the forest?) rath (enemy/foe) + vethor (shadow/mystery)      noun: hidden enemy / ambush / unseen threat. used when scouting or warning about potential ambushes or concealed enemies.,,LX-V2-0131,{},null,,,,,,
lianaen,Lianaen,/lee-ahnah-ehn/,Verb: To Pray / Prayer / Speaking Truth (to the divine/Heart/Balance). The act of spiritual communion or supplication.,lianaen to pray / prayer / speaking truth (to the divine/heart/balance). the act of spiritual communion or supplication. temple jargon lianaen: derivation: lian (truth) + -aen (verb-forming) / meaning: to pray / prayer / speaking truth (to the divine/heart/balance). the act of spiritual communion or supplication. / example: var liorinen lianaen an shalor. (the honored elder goes to pray in the sanctuary.) lian (truth) + -aen (verb-forming)      verb: to pray / prayer / speaking truth (to the divine/heart/balance). the act of spiritual communion or supplication.,,LX-V2-0132,{},null,,,,,,
khumeth,Khumeth,/khoo-mehth/,Noun: Sacred Ritual / Ceremony / Circle Rite. Refers to a formal spiritual practice or ceremony.,khumeth sacred ritual / ceremony / circle rite. refers to a formal spiritual practice or ceremony. temple jargon khumeth: derivation: khum (circle/reconciliation) + eth (sacred act/embrace - assuming ) / meaning: sacred ritual / ceremony / circle rite. refers to a formal spiritual practice or ceremony. / example: nor-var tharvok khumeth an zhaelor. (the family will perform the ritual in the spring (season).) khum (circle/reconciliation) + eth (sacred act/embrace - assuming )      noun: sacred ritual / ceremony / circle rite. refers to a formal spiritual practice or ceremony.,,LX-V2-0133,{},null,,,,,,
talrin,Talrin,/tahl-rin/,Noun: Offering / Spiritual Sacrifice (of self/intent/item). The act of giving something (physical or metaphorical) as part of a ritual.,talrin offering / spiritual sacrifice (of self/intent/item). the act of giving something (physical or metaphorical) as part of a ritual. temple jargon talrin: derivation: tal (give/offer) + rin (essence) / meaning: offering / spiritual sacrifice (of self/intent/item). the act of giving something (physical or metaphorical) as part of a ritual. / example: tal ilin talrin ser vaar. (we give an offering with peace.) tal (give/offer) + rin (essence)      noun: offering / spiritual sacrifice (of self/intent/item). the act of giving something (physical or metaphorical) as part of a ritual.,,LX-V2-0134,{},null,,,,,,
rinvarash,Rinvarash,/rin-vah-rahsh/,Noun: Prophetic Vision / Spiritual Insight / Glimpse of Essence. Refers to receiving divine guidance or seeing future possibilities through spiritual connection.,rinvarash prophetic vision / spiritual insight / glimpse of essence. refers to receiving divine guidance or seeing future possibilities through spiritual connection. temple jargon rinvarash: derivation: rin (essence) + varash (future/prophecy) / meaning: prophetic vision / spiritual insight / glimpse of essence. refers to receiving divine guidance or seeing future possibilities through spiritual connection. / example: var rinvarash thal liorin. (prophetic vision comes from the elder.) rin (essence) + varash (future/prophecy)      noun: prophetic vision / spiritual insight / glimpse of essence. refers to receiving divine guidance or seeing future possibilities through spiritual connection.,,LX-V2-0136,{},null,,,,,,
belshen,Belshen,/behlshehn/,Noun: Price / Binding Value / Agreed Cost. The established or negotiated value that binds a trade.,belshen price / binding value / agreed cost. the established or negotiated value that binds a trade. market jargon belshen: derivation: bel (bind/weave) + shen(akar) (coinage - shortening for flow) / meaning: price / binding value / agreed cost. the established or negotiated value that binds a trade. / example: ra aen ya belshen velrin? (do you speak the price of the food?) bel (bind/weave) + shen(akar) (coinage - shortening for flow)      noun: price / binding value / agreed cost. the established or negotiated value that binds a trade.,,LX-V2-0137,{},null,,,,,,
vaneshem,Vaneshem,/vah-nehshehm/,Noun: Goods / Wares / Trade Items. The physical products being exchanged.,"vaneshem goods / wares / trade items. the physical products being exchanged. market jargon vaneshem: derivation: vanesh (trade) + -em (perhaps related to emil food, or a general marker for 'items') / meaning: goods / wares / trade items. the physical products being exchanged. / example: var varadan vaneshem an varthas. (the merchant brings goods into the city.) vanesh (trade) + -em (perhaps related to emil food, or a general marker for 'items')      noun: goods / wares / trade items. the physical products being exchanged.",,LX-V2-0138,{},null,,,,,,
thalaneshen,Thalaneshen,/thah-lah-nehshehn/,Noun: Bargaining / Haggling / Balanced Trade Talk. The process of negotiating a fair price or exchange.,thalaneshen bargaining / haggling / balanced trade talk. the process of negotiating a fair price or exchange. market jargon thalaneshen: derivation: thal (balance) + aen (speak) + shen(akar) (coinage - shortened) or thal + vanesh + -en (abstract noun?) / meaning: bargaining / haggling / balanced trade talk. the process of negotiating a fair price or exchange. / example: var thalaneshen ser varadan. (bargaining goes with the merchant.) thal (balance) + aen (speak) + shen(akar) (coinage - shortened) or thal + vanesh + -en (abstract noun?)      noun: bargaining / haggling / balanced trade talk. the process of negotiating a fair price or exchange.,,LX-V2-0139,{},null,,,,,,
ka-shen,Ka-Shen,/kah-shehn/,Noun: Barter / Tradegoods (non-monetary) / Without Coin. Refers to trade done through exchange of goods rather than currency.,ka-shen barter / tradegoods (non-monetary) / without coin. refers to trade done through exchange of goods rather than currency. market jargon ka-shen: derivation: ka (without) + shen(akar) (coinage) / meaning: barter / tradegoods (non-monetary) / without coin. refers to trade done through exchange of goods rather than currency. / example: vanesh ilin ka-shen lialor. (we trade via barter indeed.) ka (without) + shen(akar) (coinage)      noun: barter / tradegoods (non-monetary) / without coin. refers to trade done through exchange of goods rather than currency.,,LX-V2-0140,{},null,,,,,,
vellian,Vellian,/vel-lee-ahn/,"Noun: Quality Goods / Honest Value / True Sustenance. Refers to goods considered high quality, fairly priced, or genuinely valuable.","vellian quality goods / honest value / true sustenance. refers to goods considered high quality, fairly priced, or genuinely valuable. market jargon vellian: derivation: vel (sustenance/food or wisdom/value?) + lian (truth/honesty) / meaning: quality goods / honest value / true sustenance. refers to goods considered high quality, fairly priced, or genuinely valuable. / example: tal varadan vellian an ilan. (the merchant offers quality goods to the student.) vel (sustenance/food or wisdom/value?) + lian (truth/honesty)      noun: quality goods / honest value / true sustenance. refers to goods considered high quality, fairly priced, or genuinely valuable.",,LX-V2-0141,{},null,,,,,,
terradren,Terradren,/tehrrahdrehn/,Noun: fertile soil/well-irrigated land,terradren fertile soil/well-irrigated land compounding example terra + dren = terradren (fertile soil/well-irrigated land) terra + dren      noun: fertile soil/well-irrigated land,,LX-V2-0142,{},null,,,,,,
drenshal,Drenshal,/drehnshahl/,Noun: reflective pool/crystal-clear spring,drenshal reflective pool/crystal-clear spring compounding example dren + shal = drenshal (reflective pool/crystal-clear spring) dren + shal      noun: reflective pool/crystal-clear spring,,LX-V2-0143,{},null,,,,,,
terraesh,Terraesh,/tehrrah-ehsh/,Noun: horizon/place where earth meets sky,terraesh horizon/place where earth meets sky compounding example terra + esh = terraesh (horizon/place where earth meets sky) terra + esh      noun: horizon/place where earth meets sky,,LX-V2-0145,{},null,,,,,,
morlak,Morlak,/mohrlahk/,Noun: Bread/Grain,morlak bread/grain staple foods morlak: bread/grain (unchanged; mor + lak = earthy substance) unchanged; mor + lak = earthy substance      noun: bread/grain,,LX-V2-0147,{},null,,,,,,
velrin,Velrin,/vehlreen/,Noun: Meal/Food,velrin meal/food staple foods velrin: meal/food (general; unchanged; vel + rin = sustenance essence) general; unchanged; vel + rin = sustenance essence      noun: meal/food,,LX-V2-0148,{},null,,,,,,
teravin,Teravin,/teh-rah-veen/,Noun: Root Vegetable,teravin root vegetable staple foods teravin: root vegetable (terra + vin = earth-drawn) terra + vin = earth-drawn      noun: root vegetable,,LX-V2-0149,{},null,,,,,,
broslak,Broslak,/brohslahk/,Noun: Layered Bread,broslak layered bread staple foods broslak: layered bread (bros + lak = stratified grain) bros + lak = stratified grain      noun: layered bread,,LX-V2-0150,{},null,,,,,,
lorlivok,Lorlivok,/lohrlee-vohk/,Noun: Earthbake,lorlivok earthbake prepared dishes lorlivok: earthbake (lor + li + vok = fire-heated earth bond) lor + li + vok = fire-heated earth bond      noun: earthbake,,LX-V2-0154,{},null,,,,,,
phelkarin,Phelkarin,/phehlkah-reen/,Noun: Comforting Porridge,phelkarin comforting porridge prepared dishes phelkarin: comforting porridge (phel + karin = soothing grain essence) phel + karin = soothing grain essence      noun: comforting porridge,,LX-V2-0155,{},null,,,,,,
felorin,Felorin,/feh-loh-reen/,Noun: Berry from Coral Reefs ; Noun: Berry/Small Fruit,felorin berry/small fruit specialty ingredients felorin: berry/small fruit (fel + orin = delicate core;) fel + orin = delicate core;     felorin berry from coral reefs food vocabulary by nation ● felorin: berry from coral reefs (fel = small + orin = core) fel = small + orin = core      noun: berry from coral reefs ; noun: berry/small fruit,,LX-V2-0157; LX-V2-0174,{},null,,,,,,
jekvin,Jekvin,/jehkveen/,Noun: Spiral Herb,jekvin spiral herb specialty ingredients jekvin: spiral herb (jek + vin = twisted essence) jek + vin = twisted essence      noun: spiral herb,,LX-V2-0158,{},null,,,,,,
belmor,Belmor,/behlmohr/,Noun: A root spice; a seasoning made from the root or rhizome of a plant,belmor root spice specialty ingredients belmor: root spice (bel + mor = binding earth) bel + mor = binding earth      noun: a root spice; a seasoning made from the root or rhizome of a plant,,LX-V2-0159,{},null,,,,,,
vethhar,Vethhar,/vehthhahr/,Noun: Shadowspice,vethhar shadowspice specialty ingredients vethhar: shadowspice (veth + har = mystical vitality) veth + har = mystical vitality      noun: shadowspice,,LX-V2-0161,{},null,,,,,,
velithor,Velithor,/veh-leethohr/,Noun: Strong Ale,velithor strong ale beverages velithor: strong ale (vel + ithor = energy strength; unchanged) vel + ithor = energy strength; unchanged      noun: strong ale,,LX-V2-0163,{},null,,,,,,
tenarorin,Tenarorin,/teh-nah-roh-reen/,Noun: Glow Wine,tenarorin glow wine beverages tenarorin: glow wine (tenar + orin = radiant essence) tenar + orin = radiant essence      noun: glow wine,,LX-V2-0164,{},null,,,,,,
lianfel,Lianfel,/lee-ahnfehl/,Noun: Truth Tea,lianfel truth tea beverages lianfel: truth tea (lian + fel = clarity delicacy) lian + fel = clarity delicacy      noun: truth tea,,LX-V2-0165,{},null,,,,,,
jorvilor,Jorvilor,/johrvee-lohr/,Noun: Bursting Berry Drink,jorvilor bursting berry drink beverages jorvilor: bursting berry drink (jor + vilor = energetic berry essence) jor + vilor = energetic berry essence      noun: bursting berry drink,,LX-V2-0166,{},null,,,,,,
zhelvek,Zhelvek,/zhehlvehk/,Noun: Energy Bar ; Noun: Energy carrier,zhelvek energy bar food vocabulary by nation ● zhelvek: energy bar (zhel = spark/energy + vek = carrier) zhel = spark/energy + vek = carrier      noun: energy bar ; noun: energy carrier,,LX-V2-0167,{},null,,,,,,
velmek,Velmek,/vehlmehk/,Noun: Synthetic Protein,velmek synthetic protein food vocabulary by nation ● velmek: synthetic protein (vel = sustenance + mek = forged) vel = sustenance + mek = forged      noun: synthetic protein,,LX-V2-0168,{},null,,,,,,
phelrin,Phelrin,/phehlreen/,Noun: Comfort Food,phelrin comfort food food vocabulary by nation ● phelrin: comfort food (phel = warmth + rin = essence) phel = warmth + rin = essence      noun: comfort food,,LX-V2-0169,{},null,,,,,,
jorvalin,Jorvalin,/johrvah-leen/,Noun: Effervescent Beverage,jorvalin effervescent beverage food vocabulary by nation ● jorvalin: effervescent beverage (jor = burst + valin = bubbling essence) jor = burst + valin = bubbling essence      noun: effervescent beverage,,LX-V2-0170,{},null,,,,,,
drenlivar,Drenlivar,/drehnlee-vahr/,Noun: Salted Fish,drenlivar salted fish food vocabulary by nation ● drenlivar: salted fish (dren = water + livar = preserved) dren = water + livar = preserved      noun: salted fish,,LX-V2-0171,{},null,,,,,,
eshtenor,Eshtenor,/ehshteh-nohr/,Noun: Seaweed Snack,eshtenor seaweed snack food vocabulary by nation ● eshtenor: seaweed snack (esh = sky + tenar = glow) esh = sky + tenar = glow      noun: seaweed snack,,LX-V2-0172,{},null,,,,,,
jekvarin,Jekvarin,/jehkvah-reen/,Noun: Spiral Shellfish,jekvarin spiral shellfish food vocabulary by nation ● jekvarin: spiral shellfish (jek = spiral + varin = small sea creature) jek = spiral + varin = small sea creature      noun: spiral shellfish,,LX-V2-0173,{},null,,,,,,
tharmor,Tharmor,/thahrmohr/,Noun: Rootbread,tharmor rootbread food vocabulary by nation ● tharmor: rootbread (thar = heart + mor = earth) thar = heart + mor = earth      noun: rootbread,,LX-V2-0175,{},null,,,,,,
terafennil,Terafennil,/teh-rah-fehnneel/,Noun: Herb Stew,terafennil herb stew food vocabulary by nation ● terafennil: herb stew (terra = earth + fennil = leafy essence) terra = earth + fennil = leafy essence      noun: herb stew,,LX-V2-0176,{},null,,,,,,
brenvor,Brenvor,/brehnvohr/,Noun: Harvested Nuts,brenvor harvested nuts food vocabulary by nation ● brenvor: harvested nuts (bren = gathering + vor = location) bren = gathering + vor = location      noun: harvested nuts,,LX-V2-0177,{},null,,,,,,
welvinor,Welvinor,/wehlvee-nohr/,Noun: Flowing Mead,welvinor flowing mead food vocabulary by nation ● welvinor: flowing mead (wel = flow + vinor = sweet liquid) wel = flow + vinor = sweet liquid      noun: flowing mead,,LX-V2-0178,{},null,,,,,,
krezfel,Krezfel,/krehzfehl/,Noun: Spiced Grain,krezfel spiced grain food vocabulary by nation ● krezfel: spiced grain (krez = fire + fel = small) krez = fire + fel = small      noun: spiced grain,,LX-V2-0179,{},null,,,,,,
morthas,Morthas,/mohrthahs/,Noun: Sand-Roasted Nuts,morthas sand-roasted nuts food vocabulary by nation ● morthas: sand-roasted nuts (mor = earth + thas = heat-roasted) mor = earth + thas = heat-roasted      noun: sand-roasted nuts,,LX-V2-0180,{},null,,,,,,
voktarin,Voktarin,/vohktah-reen/,Noun: Preserved Dates,voktarin preserved dates food vocabulary by nation ● voktarin: preserved dates (vok = bond + tarin = dried sweetness) vok = bond + tarin = dried sweetness      noun: preserved dates,,LX-V2-0181,{},null,,,,,,
phelmorin,Phelmorin,/phehlmoh-reen/,Noun: Warm Desert Tea,phelmorin warm desert tea food vocabulary by nation ● phelmorin: warm desert tea (phel = warmth + morin = earth essence) phel = warmth + morin = earth essence      noun: warm desert tea,,LX-V2-0182,{},null,,,,,,
velthamor,Velthamor,/vehlthah-mohr/,Noun: Frozen Root Mash,velthamor frozen root mash food vocabulary by nation ● velthamor: frozen root mash (vel = sustenance + tham = mashed + or = earth) vel = sustenance + tham = mashed + or = earth      noun: frozen root mash,,LX-V2-0183,{},null,,,,,,
eshvilor,Eshvilor,/ehshvee-lohr/,Noun: Snowberry Wine,eshvilor snowberry wine food vocabulary by nation ● eshvilor: snowberry wine (esh = sky + vilor = berry essence) esh = sky + vilor = berry essence      noun: snowberry wine,,LX-V2-0184,{},null,,,,,,
thalshorin,Thalshorin,/thahlshoh-reen/,Noun: Ice Stew,thalshorin ice stew food vocabulary by nation ● thalshorin: ice stew (thal = balance + shorin = preserved essence) thal = balance + shorin = preserved essence      noun: ice stew,,LX-V2-0185,{},null,,,,,,
xarlorin,Xarlorin,/xahrloh-reen/,Noun: Hidden Spice Tea,xarlorin hidden spice tea food vocabulary by nation ● xarlorin: hidden spice tea (xar = concealed + lorin = guide) xar = concealed + lorin = guide      noun: hidden spice tea,,LX-V2-0186,{},null,,,,,,
morvenak,Morvenak,/mohrveh-nahk/,Noun: Hearty Grain Porridge,morvenak hearty grain porridge food vocabulary by nation ● morvenak: hearty grain porridge (mor = earth + venak = warm strength) mor = earth + venak = warm strength      noun: hearty grain porridge,,LX-V2-0187,{},null,,,,,,
kreztorin,Kreztorin,/krehztoh-reen/,Noun: Smoked and Dried Meat,kreztorin smoked and dried meat food vocabulary by nation ● kreztorin: smoked and dried meat (krez = fire + torin = preserved protein) krez = fire + torin = preserved protein      noun: smoked and dried meat,,LX-V2-0188,{},null,,,,,,
velkorin,Velkorin,/vehlkoh-reen/,Noun: Military Ration,velkorin military ration food vocabulary by nation ● velkorin: military ration (vel = energy + korin = prepared for travel) vel = energy + korin = prepared for travel      noun: military ration,,LX-V2-0189,{},null,,,,,,
xilbren,Xilbren,/xeelbrehn/,Noun: Fragmented Grain Cake,xilbren fragmented grain cake food vocabulary by nation ● xilbren: fragmented grain cake (xil = shard + bren = layered gathering) xil = shard + bren = layered gathering      noun: fragmented grain cake,,LX-V2-0190,{},null,,,,,,
drenkor,Drenkor,/drehnkohr/,Noun: Oasis Bread,drenkor oasis bread food vocabulary by nation ● drenkor: oasis bread (dren = water + kor = source of strength) dren = water + kor = source of strength      noun: oasis bread,,LX-V2-0191,{},null,,,,,,
vethsoril,Vethsoril,/vehthsoh-reel/,Noun: Shadowspice Stew,vethsoril shadowspice stew food vocabulary by nation ● vethsoril: shadowspice stew (veth = shadow + soril = deep flavor) veth = shadow + soril = deep flavor      noun: shadowspice stew,,LX-V2-0192,{},null,,,,,,
shalorin,Shalorin,/shah-loh-reen/,Noun: Sweet Fig-Like Fruit,shalorin sweet fig-like fruit food vocabulary by nation ● shalorin: sweet fig-like fruit (shal = light + orin = essence) shal = light + orin = essence      noun: sweet fig-like fruit,,LX-V2-0193,{},null,,,,,,
welkarin,Welkarin,/wehlkah-reen/,Noun: Flowing Desert Drink,welkarin flowing desert drink food vocabulary by nation ● welkarin: flowing desert drink (wel = flow + karin = soothing) wel = flow + karin = soothing      noun: flowing desert drink,,LX-V2-0194,{},null,,,,,,
morlathor,Morlathor,/mohrlahthohr/,Noun: Stone-Root Bread,morlathor stone-root bread food vocabulary by nation ● morlathor: stone-root bread (morl = mountain + athor = endurance) morl = mountain + athor = endurance      noun: stone-root bread,,LX-V2-0195,{},null,,,,,,
velkrin,Velkrin,/vehlkreen/,Noun: Fermented Drink,velkrin fermented drink food vocabulary by nation ● velkrin: fermented drink (vel = sustenance + krin = aged/fermented) vel = sustenance + krin = aged/fermented      noun: fermented drink,,LX-V2-0196,{},null,,,,,,
krezlorin,Krezlorin,/krehzloh-reen/,Noun: Fire-Grilled Meat,krezlorin fire-grilled meat food vocabulary by nation ● krezlorin: fire-grilled meat (krez = fire + lorin = cooking guide) krez = fire + lorin = cooking guide      noun: fire-grilled meat,,LX-V2-0197,{},null,,,,,,
pralvinor,Pralvinor,/prahlvee-nohr/,Noun: Delicate Mead,pralvinor delicate mead food vocabulary by nation ● pralvinor: delicate mead (pral = intricacy + vinor = sweet liquid) pral = intricacy + vinor = sweet liquid      noun: delicate mead,,LX-V2-0198,{},null,,,,,,
zhaelor,Zhaelor,/zhah-ehlohr/,Noun: Spring,"zhaelor spring seasons zhaelor (spring)
○ root derivation: zhael (bloom/renewal) + or (time/place).
○ meaning: the blooming season.
○ example: ""zhaelor shalil nor dren."" ""spring flows lightly by the water."" the blooming season.      noun: spring",,LX-V2-0199,{},null,,,,,,
fenrek,Fenrek,/fehnrehk/,Noun: Summer,"fenrek summer seasons fenrek (summer)
○ root derivation: fen (warmth) + rek (intensity).
○ meaning: the season of intense warmth.
○ example: ""fenrek kal nor dren."" ""summer strengthens by the water."" the season of intense warmth.      noun: summer",,LX-V2-0200,{},null,,,,,,
tharvin,Tharvin,/thahrveen/,Noun: Autumn,"tharvin autumn seasons tharvin (autumn)
○ root derivation: thar (heart/center) + vin (drawing/pulling).
○ meaning: the balancing season; time of harvest.
○ example: ""tharvin nor dren kal morl."" ""autumn balances the water with the mountain."" the balancing season; time of harvest.      noun: autumn",,LX-V2-0201,{},null,,,,,,
velthaen,Velthaen,/vehlthah-ehn/,Noun: Winter,"velthaen winter seasons velthaen (winter)
○ root derivation: vel (cold/stillness) + thaen (spirit).
○ meaning: the season of cold and spiritual stillness.
○ example: ""velthaen dren nor morl."" ""winter flows by the mountain."" the season of cold and spiritual stillness.      noun: winter",,LX-V2-0202,{},null,,,,,,
eshthael,Eshthael,/ehshthah-ehl/,Noun: Breeze,"eshthael breeze weather terms eshthael (breeze)
○ root derivation: esh (sky) + thael (gentle motion).
○ meaning: a light and flowing breeze.
○ example: ""eshthael nor dren."" ""the breeze flows by the water."" a light and flowing breeze.      noun: breeze",,LX-V2-0203,{},null,,,,,,
shalithor,Shalithor,/shah-leethohr/,Noun: Sunlight,"shalithor sunlight weather terms shalithor (sunlight)
○ root derivation: shal (light) + ithor (essence).
○ meaning: the life-giving essence of sunlight.
○ example: ""shalithor kal dren an evan."" ""the sunlight strengthens at the market."" the life-giving essence of sunlight.      noun: sunlight",,LX-V2-0204,{},null,,,,,,
dralorim,Dralorim,/drah-loh-reem/,Noun: Storm,"dralorim storm weather terms dralorim (storm)
○ root derivation: dral (heavens) + orim (essence).
○ meaning: a celestial storm or significant weather event.
○ example: ""dralorim nor dren thal shal."" ""the storm flows with the water under the light."" a celestial storm or significant weather event.      noun: storm",,LX-V2-0205,{},null,,,,,,
velarshor,Velarshor,/veh-lahrshohr/,Noun: Fog,"velarshor fog weather terms velarshor (fog)
○ root derivation: vel (cold/stillness) + arshor (enveloping presence).
○ meaning: a quiet, enveloping mist.
○ example: ""velarshor dren thal morl."" ""the mist rests over the mountain."" a quiet, enveloping mist.      noun: fog",,LX-V2-0206,{},null,,,,,,
drenalor,Drenalor,/dreh-nah-lohr/,Noun: Rain,"drenalor rain weather terms drenalor (rain)
○ root derivation: dren (water) + alor (falling).
○ meaning: falling rain from the sky.
○ example: ""drenalor shalil nor dren."" ""the rain falls lightly over the water."" falling rain from the sky.      noun: rain",,LX-V2-0207,{},null,,,,,,
eshvelor,Eshvelor,/ehshveh-lohr/,Noun: Snowfall,"eshvelor snowfall weather terms eshvelor (snowfall)
○ root derivation: esh (sky) + velor (falling cold).
○ meaning: snow falling gently from the sky.
○ example: ""eshvelor nor dren thal morl."" ""the snow falls by the water and the mountain."" snow falling gently from the sky.      noun: snowfall",,LX-V2-0208,{},null,,,,,,
thalorim,Thalorim,/thah-loh-reem/,Noun: Lightning,"thalorim lightning weather terms thalorim (lightning)
○ root derivation: thal (balance) + orim (essence).
○ meaning: a sudden, balanced flash of energy.
○ example: ""thalorim kal dren."" ""the lightning strikes the water."" a sudden, balanced flash of energy.      noun: lightning",,LX-V2-0209,{},null,,,,,,
krezrek,Krezrek,/krehzrehk/,Noun: Heatwave,"krezrek heatwave weather terms krezrek (heatwave)
○ root derivation: krez (heat) + rek (intensity).
○ meaning: an overpowering wave of heat.
○ example: ""krezrek dren nor fenrek."" ""the heatwave flows with summer."" an overpowering wave of heat.      noun: heatwave",,LX-V2-0210,{},null,,,,,,
drenvelesh,Drenvelesh,/drehnveh-lehsh/,Noun: Morning Dew,"drenvelesh morning dew weather terms drenvelesh (morning dew)
○ root derivation: dren (water) + vel (cold) + esh (sky).
○ meaning: dew formed from the cold sky.
○ example: ""drenvelesh dren thal morl."" ""the morning dew rests on the water by the mountain."" dew formed from the cold sky.      noun: morning dew",,LX-V2-0211,{},null,,,,,,
eshvelaneth,Eshvelaneth,/ehshveh-lah-nehth/,Noun: Hailstorm ; Noun: Snowstorm Guidance Ritual,"eshvelaneth hailstorm weather terms eshvelaneth (hailstorm)
○ root derivation: esh (sky) + vel (cold) + aneth (strike).
○ meaning: a storm of icy hail striking the ground.
○ example: ""eshvelaneth kal morl."" ""the hailstorm strikes the mountain."" a storm of icy hail striking the ground.     eshvelaneth snowstorm guidance ritual national ceremonial term eshvelaneth: snowstorm guidance ritual
derived from: esh (sky) + vel (cold) + aneth (strike).
meaning: a ritual to seek guidance during challenging times.
example phrase: ""eshvelaneth shan dren an tharvok."" ""the snowstorm guidance passes to the family."" derived from: esh (sky) + vel (cold) + aneth (strike). meaning: a ritual to seek guidance during challenging times.      noun: hailstorm ; noun: snowstorm guidance ritual",,LX-V2-0212; LX-V3-0118,{},null,,,,,,
ilinor,Ilinor,/ee-lee-nohr/,Quantifier: All / Entire / Whole,"ilinor all / entire / whole quantifier ilinor (all / entire / whole): derivation: ilin (we/collective) + -or (place/domain)? suggests ""the whole domain of us."" usage: placed before the noun. usage: placed before the noun it modifies.      quantifier: all / entire / whole",,LX-V2-0213,{},null,,,,,,
som,Som,/sohm/,Quantifier: Some / A few / Part of,som some / a few / part of quantifier som (some / a few / part of): derivation: coined short word. usage: placed before the noun. usage: placed before the noun.      quantifier: some / a few / part of,,LX-V2-0214,{},null,,,,,,
melen,Melen,/meh-lehn/,Quantifier: Many / Much / Numerous,"melen many / much / numerous quantifier melen (many / much / numerous): derivation: mel- (thousand prefix) + -en (honorific/collective feel)? suggests a large, respected number. usage: placed before the noun. usage: placed before the noun.      quantifier: many / much / numerous",,LX-V2-0215,{},null,,,,,,
felin,Felin,/feh-leen/,Quantifier: Few / Little / Small amount,felin few / little / small amount quantifier felin (few / little / small amount): derivation: fel (small/young root) + -in (collective/plural). usage: placed before the noun. usage: placed before the noun.      quantifier: few / little / small amount,,LX-V2-0216,{},null,,,,,,
ekor,Ekor,/eh-kohr/,Quantifier: Each / Every,"ekor each / every quantifier ekor (each / every): derivation: ek (hypothetical root for ""one/single"" related to numbers?) + kor (source/strength)? ""each source."" usage: placed before the noun. usage: placed before the noun.      quantifier: each / every",,LX-V2-0217,{},null,,,,,,
liana,Liana,/lee-ahnah/,Noun: Lady,liana lady title / role liana: lady       noun: lady,,LX-V3-0001,{},null,,,,,,
lianor,Lianor,/lee-ahnohr/,"Noun: Idea, Thought (Place of truth) ; Noun: Sir","lianor sir title / role lianor: sir      lianor idea, thought (place of truth) abstract concepts lianor / lian (truth) + -or (place) / idea, thought (place of truth) / aen ya lianor. (speak your thought.) lian (truth) + -or (place)      noun: idea, thought (place of truth) ; noun: sir",,LX-V3-0002; LX-V4-0068,{},null,,,,,,
liorin,Liorin,/lee-ohreen/,Noun: Teacher/Elder,liorin teacher/elder title / role liorin: teacher/elder       noun: teacher/elder,,LX-V3-0003,{},null,,,,,,
liorinen,Liorinen,/lee-or-in-en/,Noun: Honored Elder/Teacher,liorinen honored elder/teacher title / role liorinen: honored elder/teacher       noun: honored elder/teacher,,LX-V3-0004,{},null,,,,,,
lorinen,Lorinen,/loh-ree-nehn/,Noun: Honored Guide,lorinen honored guide title / role lorinen: honored guide       noun: honored guide,,LX-V3-0006,{},null,,,,,,
li-seren,Li-Seren,/lee-seh-rehn/,Noun: Respected Guardian,li-seren respected guardian title / role li-seren: respected guardian       noun: respected guardian,,LX-V3-0008,{},null,,,,,,
kel,Kel,/kehl/,Verb: Say / Talk (informal) ; Noun: Name,"kel to say/talk/tell - direct informal vocabulary kel (to say/talk/tell - direct). usage: use in casual conversation, between friends/family, marketplaces. avoid li- / -en unless context requires politeness. use in casual conversation, between friends/family, marketplaces. avoid li- / -en unless context requires politeness.     kel verb: to say/talk (informal); noun (as name); noun (as word) polysemy entry kel / verb: to say/talk (informal) / noun (as name) / noun (as word) / saying is foundation for name and word. saying is foundation for name and word.     kel a text; a connected body of written or encoded words rather than information or data generally noun        verb: say / talk (informal) ; noun: name",Yes,LX-V3-0012; LX-V4-0121; LX-SCP1-0001; XR-kel,{},null,Semantic Continuity and Polysemy 1,,,,,
min,Min,/meen/,Verb: To go/walk/head over - casual,"min to go/walk/head over - casual informal vocabulary min (to go/walk/head over - casual). usage: use in casual conversation, between friends/family, marketplaces. avoid li- / -en unless context requires politeness. use in casual conversation, between friends/family, marketplaces. avoid li- / -en unless context requires politeness.      verb: to go/walk/head over - casual",,LX-V3-0013,{},null,,,,,,
dro,Dro,/droh/,Noun: Water - basic,"dro water - basic informal vocabulary dro (water - basic). usage: use in casual conversation, between friends/family, marketplaces. avoid li- / -en unless context requires politeness. use in casual conversation, between friends/family, marketplaces. avoid li- / -en unless context requires politeness.      noun: water - basic",Yes,LX-V3-0014; XR-dro,{},null,,,,,,
ar,Ar,/ahr/,"Particle: Intensifier - very, intensely","ar intensifier - very, intensely emotional intensity marker ar (intensifier - very, intensely). usage: place after the verb/adjective. fahaen i ar! (i am terrified!). place after the verb/adjective. fahaen i ar! (i am terrified!).     ar intensifier - very, intensely marker ar (intensifier - very, intensely). usage: place after the verb/adjective. original root/morpheme entry preserved.      particle: intensifier - very, intensely",,LX-V3-0015; DM-RM-V3-0003,{},null,,,,,,
fel,Fel,/fehl/,"Particle: Diminisher - slightly, a bit","fel diminisher - slightly, a bit emotional intensity marker fel (diminisher - slightly, a bit). usage: place after the verb/adjective. theraen i fel. (i long a little.) place after the verb/adjective. theraen i fel. (i long a little.)     fel diminisher - slightly, a bit marker fel (diminisher - slightly, a bit). usage: place after the verb/adjective. original root/morpheme entry preserved.      particle: diminisher - slightly, a bit",,LX-V3-0016; DM-RM-V3-0004,{},null,,,,,,
lia,Lia,/lee-ah/,Interjection: Yes,"lia yes basic response lia: yes “lia, i var dren.” – “yes, i go to the water.”      interjection: yes",,LX-V3-0017,{},null,,,,,,
rethlian,Rethlian,/rehthlee-ahn/,Modal: Possibility (May/Might) ; Interjection: Maybe,"rethlian maybe basic response rethlian: maybe “rethlian, i nor var dren.” – “maybe, i will go to the water.”     rethlian possibility (may/might) modal adverb possibility (may/might): rethlian (""maybe/perhaps"") example: var i rethlian. (i might go.) ""maybe/perhaps""      modal: possibility (may/might) ; interjection: maybe",,LX-V3-0019; LX-V4-0003,{},null,,,,,,
mmm,Mmm,/mmm/,Interjection: Considering or listening thoughtfully.,mmm considering or listening thoughtfully. hesitation sound mmm: considering or listening thoughtfully.       interjection: considering or listening thoughtfully.,,LX-V3-0021,{},null,,,,,,
lialor,Lialor,/lee-ahlohr/,Particle: “Indeed” or “Certainly.”,"lialor “indeed” or “certainly.” discourse particle lialor: “indeed” or “certainly.” “lialor, serin vanesh shenakar.” – “indeed, the friends trade coinage.” “lialor, serin vanesh shenakar.” – “indeed, the friends trade coinage.”      particle: “indeed” or “certainly.”",,LX-V3-0022,{},null,,,,,,
varthen,Varthen,/vahrthehn/,Particle: “So” or “Thus.”,"varthen “so” or “thus.” discourse particle varthen: “so” or “thus.” “varthen, ya var dren?” – “so, you go to the water?” “varthen, ya var dren?” – “so, you go to the water?”      particle: “so” or “thus.”",,LX-V3-0023,{},null,,,,,,
shalra,Shalra,/shahlrah/,Particle: “Well?” or “So then?”,"shalra “well?” or “so then?” discourse particle shalra: “well?” or “so then?” “shalra, ya var emil?” – “well, do you get food?” “shalra, ya var emil?” – “well, do you get food?”      particle: “well?” or “so then?”",,LX-V3-0024,{},null,,,,,,
lianlor,Lianlor,/lee-ahnlohr/,Particle: “Honestly” or “To be truthful…”,"lianlor “honestly” or “to be truthful...” discourse particle lianlor: “honestly” or “to be truthful...” “lianlor, ver var i dren.” – “honestly, i do not go to the water.” “lianlor, ver var i dren.” – “honestly, i do not go to the water.”      particle: “honestly” or “to be truthful...”",,LX-V3-0025,{},null,,,,,,
vara,Vara,/vah-rah/,"Particle: Then, Next, So (sequencer).","vara then, next, so (sequencer). discourse particle vara: then, next, so (sequencer). usage: typically clause-initial. usage: typically clause-initial.      particle: then, next, so (sequencer).",,LX-V3-0026,{},null,,,,,,
thalka,Thalka,/thahlkah/,"Particle: But, However, Yet, Still (contrast).","thalka but, however, yet, still (contrast). discourse particle thalka: but, however, yet, still (contrast). usage: typically clause-initial. usage: typically clause-initial.      particle: but, however, yet, still (contrast).",,LX-V3-0027,{},null,,,,,,
sera,Sera,/seh-rah/,"Particle: Also, Too, Even, As well (additive).","sera also, too, even, as well (additive). discourse particle sera: also, too, even, as well (additive). usage: flexible placement, often after subject or near modified element. usage: flexible placement, often after subject or near modified element.      particle: also, too, even, as well (additive).",,LX-V3-0028,{},null,,,,,,
tek,Tek,/tehk/,"Particle: Just, Only, Merely (limiter).","tek just, only, merely (limiter). discourse particle tek: just, only, merely (limiter). usage: typically before the modified element. usage: typically before the modified element.      particle: just, only, merely (limiter).",,LX-V3-0029,{},null,,,,,,
elan,Elan,/eh-lahn/,"Particle: Well... (conversational starter/filler, declarative).","elan well... (conversational starter/filler, declarative). discourse particle elan: well... (conversational starter/filler, declarative). usage: typically sentence-initial. usage: typically sentence-initial.      particle: well... (conversational starter/filler, declarative).",,LX-V3-0030,{},null,,,,,,
rathka,Rathka,/rahthkah/,"Particle: As if, Supposing, Like (hypothetical).","rathka as if, supposing, like (hypothetical). discourse particle rathka: as if, supposing, like (hypothetical). usage: typically clause-initial. usage: typically clause-initial.      particle: as if, supposing, like (hypothetical).",,LX-V3-0031,{},null,,,,,,
lialor'ka,Lialor'ka,/lee-ahlohr'kah/,Particle: Really?! Truly?! Actually?! (surprise/emphasis).,lialor'ka really?! truly?! actually?! (surprise/emphasis). discourse particle lialor'ka: really?! truly?! actually?! (surprise/emphasis). usage: as interjection or emphasis. usage: as interjection or emphasis.      particle: really?! truly?! actually?! (surprise/emphasis).,,LX-V3-0032,{},null,,,,,,
reth'thal,Reth‘thal,/rehththahl/,"Particle: Perhaps, Possibly (stronger doubt than Rethlian).","reth'thal perhaps, possibly (stronger doubt than rethlian). discourse particle reth'thal: perhaps, possibly (stronger doubt than rethlian). usage: typically sentence-initial. usage: typically sentence-initial.      particle: perhaps, possibly (stronger doubt than rethlian).",,LX-V3-0033,{},null,,,,,,
lia'ser,Lia‘ser,/lee-ahsehr/,"Particle: Right, Okay, I see, Understood (acknowledgement).","lia'ser right, okay, i see, understood (acknowledgement). discourse particle lia'ser: right, okay, i see, understood (acknowledgement). usage: response marker. usage: response marker.      particle: right, okay, i see, understood (acknowledgement).",,LX-V3-0034,{},null,,,,,,
lian'lia,Lian'lia,/lee-ahn-lee-ah/,Particle: Exactly! Precisely! Just so! (strong agreement).,lian'lia exactly! precisely! just so! (strong agreement). discourse particle lian'lia: exactly! precisely! just so! (strong agreement). usage: response marker. usage: response marker.      particle: exactly! precisely! just so! (strong agreement).,,LX-V3-0035,{},null,,,,,,
verka,Verka,/vehrkah/,Particle: Not at all! Absolutely not! (emphatic negation).,verka not at all! absolutely not! (emphatic negation). discourse particle verka: not at all! absolutely not! (emphatic negation). usage: response marker. usage: response marker.      particle: not at all! absolutely not! (emphatic negation).,,LX-V3-0036,{},null,,,,,,
thaal'ra,Thaal'ra,/thah-ahl'rah/,Particle: I wonder if... (speculation).,thaal'ra i wonder if... (speculation). discourse particle thaal'ra: i wonder if... (speculation). usage: typically sentence-initial. usage: typically sentence-initial.      particle: i wonder if... (speculation).,,LX-V3-0037,{},null,,,,,,
wek'aen,Wek'aen,/wehk'ah-ehn/,"Particle: Again, As said before, To repeat (repetition).","wek'aen again, as said before, to repeat (repetition). discourse particle wek'aen: again, as said before, to repeat (repetition). usage: typically sentence-initial or near repeated idea. usage: typically sentence-initial or near repeated idea.      particle: again, as said before, to repeat (repetition).",,LX-V3-0038,{},null,,,,,,
kora,Kora,/koh-rah/,"Particle: Because, Since, For the reason that... (causation).","kora because, since, for the reason that... (causation). discourse particle kora: because, since, for the reason that... (causation). usage: introduces a reason clause. structure might need careful handling (e.g., main clause, kora + reason clause) usage: introduces a reason clause. structure might need careful handling (e.g., main clause, kora + reason clause)      particle: because, since, for the reason that... (causation).",,LX-V3-0145,{},null,,,,,,
tavan,Tavan,/tah-vahn/,Noun: Parent,"tavan parent kinship term tavan (parent)
derived from: retain as-is.
example: ""tavan shalil nor felka."" (""the parent moves lightly with the child."") retain as-is.      noun: parent",,LX-V3-0039,{},null,,,,,,
felka,Felka,/fehlkah/,Noun: Child,"felka child kinship term felka (child)
derived from: retain as-is.
example: ""felka ser dren an tavan."" (""the child is with the parent by the water."") retain as-is.      noun: child",,LX-V3-0040,{},null,,,,,,
zhiren,Zhiren,/zhee-rehn/,Noun: Sibling,"zhiren sibling kinship term zhiren (sibling)
derived from: retain as-is.
example: ""zhiren vanesh dren."" (""the sibling trades water."") retain as-is.      noun: sibling",,LX-V3-0041,{},null,,,,,,
velar,Velar,/veh-lahr/,Noun: Elder/Grandparent,"velar elder/grandparent kinship term velar (elder/grandparent)
derived from: retain as-is.
example: ""velar shalil nor dren."" (""the elder moves lightly by the water."") retain as-is.      noun: elder/grandparent",,LX-V3-0042,{},null,,,,,,
pralin,Pralin,/prah-leen/,Noun: Cousin,"pralin cousin kinship term pralin (cousin)
derived from: pral (intricacy/detail) + -in (connected group).
example: ""pralin ser dren thal morl."" (""the cousin is by the water under the mountain."") pral (intricacy/detail) + -in (connected group).      noun: cousin",,LX-V3-0043,{},null,,,,,,
velkavor,Velkavor,/vehlkah-vohr/,Noun: Ancestor / Great-grandparent,"velkavor ancestor / great-grandparent kinship term velkavor (ancestor / great-grandparent)
derived from: vel (wisdom) + kav (preserved/ancient) + or (time).
example: ""velkavor lian nor terra."" (""the ancestor speaks to the earth."") vel (wisdom) + kav (preserved/ancient) + or (time).      noun: ancestor / great-grandparent",,LX-V3-0044,{},null,,,,,,
belvok,Belvok,/behlvohk/,Noun: Family / Clan,"belvok family / clan kinship term belvok (family / clan)
derived from: bel (binding) + vok (unity/bond).
example: ""belvok ser dren an teremil."" (""the family is together at home by the water."") bel (binding) + vok (unity/bond).      noun: family / clan",,LX-V3-0045,{},null,,,,,,
xarvethral,Xarvethral,/xahrvehthrahl/,Noun: Adoptive Parent,"xarvethral adoptive parent kinship term xarvethral (adoptive parent)
derived from: xar (concealment/protection) + veth (shadow) + ral (caretaker).
example: ""xarvethral ser felka thal dren."" (""the adoptive parent is with the child by the water."") xar (concealment/protection) + veth (shadow) + ral (caretaker).      noun: adoptive parent",,LX-V3-0046,{},null,,,,,,
tavojorin,Tavojorin,/tah-voh-joh-reen/,Noun: Parent-in-law,"tavojorin parent-in-law kinship term tavojorin (parent-in-law)
derived from: tav (giver/source) + jor (surge/connection) + -in (person).
example: ""tavojorin shalil nor dren an belvok."" (""the parent-in-law rests with the family by the water."") tav (giver/source) + jor (surge/connection) + -in (person).      noun: parent-in-law",,LX-V3-0047,{},null,,,,,,
zhivorin,Zhivorin,/zhee-voh-reen/,Noun: Sibling-in-law,"zhivorin sibling-in-law kinship term zhivorin (sibling-in-law)
derived from: zhir (lineage) + vor (place of bond) + -in (person).
example: ""zhivorin nor dren an tavan."" (""the sibling-in-law is with the parent by the water."") zhir (lineage) + vor (place of bond) + -in (person).      noun: sibling-in-law",,LX-V3-0048,{},null,,,,,,
kalvok,Kalvok,/kahlvohk/,Noun: Partner / Spouse,"kalvok partner / spouse kinship term kalvok (partner / spouse)
derived from: kal (strength) + vok (unity).
example: ""kalvok ser belvok an teremil."" (""the partner is with the family at home."") kal (strength) + vok (unity).      noun: partner / spouse",,LX-V3-0049,{},null,,,,,,
velpralor,Velpralor,/vehlprah-lohr/,Noun: Elder Partner,"velpralor elder partner kinship term velpralor (elder partner)
derived from: vel (wisdom) + pral (intricacy) + or (time).
example: ""velpralor kal dren nor velar."" (""the elder partner strengthens with the elder by the water."") vel (wisdom) + pral (intricacy) + or (time).      noun: elder partner",,LX-V3-0050,{},null,,,,,,
tavrel,Tavrel,/tahvrehl/,Noun: Aunt/Uncle,"tavrel aunt/uncle kinship term tavrel (aunt/uncle)
derived from: tav (giver/source) + rel (branch).
example: ""tavrel ser dren thal felka."" (""the uncle/aunt is by the water with the child."") tav (giver/source) + rel (branch).      noun: aunt/uncle",,LX-V3-0051,{},null,,,,,,
felvin,Felvin,/fehlveen/,Noun: Niece/Nephew,"felvin niece/nephew kinship term felvin (niece/nephew)
derived from: fel (young/new) + vin (pulled).
example: ""felvin nor dren an tavan."" (""the niece/nephew rests with the parent by the water."") fel (young/new) + vin (pulled).      noun: niece/nephew",,LX-V3-0052,{},null,,,,,,
zharin,Zharin,/zhah-reen/,Noun: Distant Relative,"zharin distant relative kinship term zharin (distant relative)
derived from: zhir (lineage) + arin (far-reaching).
example: ""zharin ser dren thal tharvok."" (""the distant relative is by the water under the family."") zhir (lineage) + arin (far-reaching).      noun: distant relative",,LX-V3-0053,{},null,,,,,,
velxorin,Velxorin,/vehlxoh-reen/,Noun: Elder Ancestor,"velxorin elder ancestor kinship term velxorin (elder ancestor)
derived from: vel (wisdom) + xor (hidden) + in (person).
example: ""velxorin lian nor terra."" (""the elder ancestor speaks to the earth."") vel (wisdom) + xor (hidden) + in (person).      noun: elder ancestor",,LX-V3-0054,{},null,,,,,,
kalvokesh,Kalvokesh,/kahlvoh-kehsh/,Noun: Spouse's Family,"kalvokesh spouse's family kinship term kalvokesh (spouse's family)
derived from: kal (strength) + vok (unity) + esh (connection).
example: ""kalvokesh ser dren an belvok."" (""the spouse's family is by the water with the unified family."") kal (strength) + vok (unity) + esh (connection).      noun: spouse's family",,LX-V3-0055,{},null,,,,,,
zhirkalor,Zhirkalor,/zheerkah-lohr/,Noun: Partner by Lineage,"zhirkalor partner by lineage kinship term zhirkalor (partner by lineage)
derived from: zhir (lineage) + kal (strength) + or (shared essence).
example: ""zhirkalor ser dren."" (""the partner by lineage is with the water."") zhir (lineage) + kal (strength) + or (shared essence).      noun: partner by lineage",,LX-V3-0056,{},null,,,,,,
xarfelvin,Xarfelvin,/xahrfehlveen/,Noun: Adoptive Niece/Nephew,"xarfelvin adoptive niece/nephew kinship term xarfelvin (adoptive niece/nephew)
derived from: xar (protection) + fel (young) + vin (pulled).
example: ""xarfelvin ser dren an xarvethral."" (""the adoptive niece/nephew is with the adoptive parent by the water."") xar (protection) + fel (young) + vin (pulled).      noun: adoptive niece/nephew",,LX-V3-0057,{},null,,,,,,
belvethral,Belvethral,/behlvehthrahl/,Noun: Chosen Family,"belvethral chosen family kinship term belvethral (chosen family)
derived from: bel (binding) + veth (shadow) + ral (caretaker).
example: ""belvethral ser dren thal teremil."" (""the chosen family is by the water at home."") bel (binding) + veth (shadow) + ral (caretaker).      noun: chosen family",,LX-V3-0058,{},null,,,,,,
velmarin,Velmarin,/vehlmah-reen/,Noun: Ancient Tree (species) ; Noun: Honorary Elder,"velmarin honorary elder kinship term velmarin (honorary elder)
derived from: vel (wisdom) + mar (branch) + in (connected).
example: ""velmarin shalil nor dren."" (""the honorary elder moves lightly by the water."") vel (wisdom) + mar (branch) + in (connected).     velmarin ancient tree (species) flora & fauna velmarin / vel (wisdom) + marin (branch) / ancient tree (species) / rinaen velmarin kaveth. (the ancient tree is old.) vel (wisdom) + marin (branch)      noun: ancient tree (species) ; noun: honorary elder",,LX-V3-0059; LX-V4-0062,{},null,,,,,,
pralvokesh,Pralvokesh,/prahlvoh-kehsh/,Noun: Trusted Ally or Friend,"pralvokesh trusted ally or friend kinship term pralvokesh (trusted ally or friend)
derived from: pral (intricacy) + vok (unity) + esh (connection).
example: ""pralvokesh ser dren an belvok."" (""the trusted ally is with the family by the water."") pral (intricacy) + vok (unity) + esh (connection).      noun: trusted ally or friend",,LX-V3-0060,{},null,,,,,,
ian,Ian,/ee-ahn/,Possessive: My / Direct Possession marker,ian my / direct possession marker possession ian: my / direct possession marker      -ian possessive: my / direct possession marker,,LX-V3-0061,"{""aliases"":[""-ian""]}",null,,,,,,
anen,Anen,/ah-nehn/,Possessive: Your / Direct Possession marker,anen your / direct possession marker possession anen: your / direct possession marker       possessive: your / direct possession marker,,LX-V3-0062,{},null,,,,,,
eshen,Eshen,/ehshehn/,Possessive: His/Her/Their / Direct Possession marker,eshen his/her/their / direct possession marker possession eshen: his/her/their / direct possession marker      -eshen possessive: his/her/their / direct possession marker,,LX-V3-0063,"{""aliases"":[""-eshen""]}",null,,,,,,
velian,Velian,/veh-lee-ahn/,Possessive: Our / Direct Possession marker,velian our / direct possession marker possession velian: our / direct possession marker       possessive: our / direct possession marker,,LX-V3-0064,{},null,,,,,,
rathorim,Rathorim,/rahthoh-reem/,Noun: Remembrance (the act).,rathorim remembrance (the act). mourning/remembrance noun rathorim: remembrance (the act).       noun: remembrance (the act).,,LX-V3-0065,{},null,,,,,,
fah'thar,Fah'thar,/fahh'thahr/,Noun: Grief (heart-darkness).,fah'thar grief (heart-darkness). mourning/remembrance noun fah'thar: grief (heart-darkness).       noun: grief (heart-darkness).,,LX-V3-0066,{},null,,,,,,
vel'rathor,Vel'rathor,/vehl'rahthohr/,Noun: Enduring Memory / Still Past.,vel'rathor enduring memory / still past. mourning/remembrance noun vel'rathor: enduring memory / still past.       noun: enduring memory / still past.,,LX-V3-0067,{},null,,,,,,
rathorimaen,Rathorimaen,/rahthoh-ree-mah-ehn/,Verb: To Remember / Memorialize.,rathorimaen to remember / memorialize. mourning/remembrance verb rathorimaen: to remember / memorialize.       verb: to remember / memorialize.,,LX-V3-0068,{},null,,,,,,
fah'tharaen,Fah'tharaen,/fahh'thah-rah-ehn/,Verb: To Mourn / Grieve Deeply.,fah'tharaen to mourn / grieve deeply. mourning/remembrance verb fah'tharaen: to mourn / grieve deeply.       verb: to mourn / grieve deeply.,,LX-V3-0069,{},null,,,,,,
ohm'rin,Ohm'rin,/ohhm'reen/,Noun: Attunement / Essence-Connection.,ohm'rin attunement / essence-connection. spiritual unity noun ohm'rin: attunement / essence-connection.       noun: attunement / essence-connection.,,LX-V3-0070,{},null,,,,,,
thal'vok,Thal'vok,/thahl'vohk/,Noun: Balanced Unity / Harmony Bond.,thal'vok balanced unity / harmony bond. spiritual unity noun thal'vok: balanced unity / harmony bond.       noun: balanced unity / harmony bond.,,LX-V3-0071,{},null,,,,,,
ohm'aen,Ohm'aen,/ohhm'ah-ehn/,Verb: To Connect With / Attune To (revisited).,ohm'aen to connect with / attune to (revisited). spiritual unity verb ohm'aen: to connect with / attune to (revisited).       verb: to connect with / attune to (revisited).,,LX-V3-0072,{},null,,,,,,
thal'vokaen,Thal'vokaen,/thahl'voh-kah-ehn/,Verb: To Harmonize / Achieve Balanced Unity.,thal'vokaen to harmonize / achieve balanced unity. spiritual unity verb thal'vokaen: to harmonize / achieve balanced unity.       verb: to harmonize / achieve balanced unity.,,LX-V3-0074,{},null,,,,,,
shal'taleth,Shal'taleth,/shahl'tah-lehth/,Noun: Light-Offering Ritual.,shal'taleth light-offering ritual. ritual noun shal'taleth: light-offering ritual.       noun: light-offering ritual.,,LX-V3-0075,{},null,,,,,,
bel'rathorimeth,Bel'Rathorimeth,/behl'rahthoh-ree-mehth/,Noun: Memory-Weaving Ritual.,bel'rathorimeth memory-weaving ritual. ritual noun bel'rathorimeth: memory-weaving ritual.       noun: memory-weaving ritual.,,LX-V3-0076,{},null,,,,,,
aen'moreth,Aen'Moreth,/ah-ehn'moh-rehth/,Noun: Breath-into-Stone Ritual.,aen'moreth breath-into-stone ritual. ritual noun aen'moreth: breath-into-stone ritual.       noun: breath-into-stone ritual.,,LX-V3-0077,{},null,,,,,,
lorin'ohmeth,Lorin'Ohmeth,/loh-reen'ohhmehth/,Noun: Guidance-Seeking Ritual.,lorin'ohmeth guidance-seeking ritual. ritual noun lorin'ohmeth: guidance-seeking ritual.       noun: guidance-seeking ritual.,,LX-V3-0078,{},null,,,,,,
thal'talaen,Thal'talaen,/thahl'tah-lah-ehn/,Verb: To sacrifice/relinquish (general verb).,thal'talaen to sacrifice/relinquish (general verb). sacrifice verb/noun thal'talaen: to sacrifice/relinquish (general verb).       verb: to sacrifice/relinquish (general verb).,,LX-V3-0083,{},null,,,,,,
thal'taleth,Thal'taleth,/thahl'tah-lehth/,Noun: Act/Ritual of Sacrifice (general noun).,thal'taleth act/ritual of sacrifice (general noun). sacrifice verb/noun thal'taleth: act/ritual of sacrifice (general noun).       noun: act/ritual of sacrifice (general noun).,,LX-V3-0084,{},null,,,,,,
thar'taleth,Thar'taleth,/thahr'tah-lehth/,Noun: Life/Heart Sacrifice Ritual (noun).,thar'taleth life/heart sacrifice ritual (noun). sacrifice verb/noun thar'taleth: life/heart sacrifice ritual (noun).       noun: life/heart sacrifice ritual (noun).,,LX-V3-0085,{},null,,,,,,
arthen'taleth,Arthen'taleth,/ahrthehn'tah-lehth/,Noun: Sacrifice for Destiny Ritual (noun).,arthen'taleth sacrifice for destiny ritual (noun). sacrifice verb/noun arthen'taleth: sacrifice for destiny ritual (noun).       noun: sacrifice for destiny ritual (noun).,,LX-V3-0086,{},null,,,,,,
kor'taleth,Kor'taleth,/kohr'tah-lehth/,Noun: Offering to Power Source Ritual (noun).,kor'taleth offering to power source ritual (noun). sacrifice verb/noun kor'taleth: offering to power source ritual (noun).       noun: offering to power source ritual (noun).,,LX-V3-0087,{},null,,,,,,
talaen,Talaen,/tah-lah-ehn/,"Verb: To give/offer (used for simpler offerings). ; Verb: To Take (contextual), To Receive","talaen to give/offer (used for simpler offerings). sacrifice verb/noun talaen: to give/offer (used for simpler offerings).      talaen to take (contextual), to receive essential verbs talaen / tal (give/offer) / to take (contextual), to receive / talaen i drenvor thal pralor. (i take the bowl from the table.) tal (give/offer)      verb: to give/offer (used for simpler offerings). ; verb: to take (contextual), to receive",,LX-V3-0088; LX-V4-0051,{},null,,,,,,
fahaen,Fahaen,/fah-hah-ehn/,Verb: To Fear.,"fahaen to fear. emotion verb fahaen: meaning: to fear. / derivation: from fah (fear/darkness) + -aen. / usage: standard verb, follows vso. fahaen i vethor. (i fear the shadow.) derivation: from fah (fear/darkness) + -aen. usage: standard verb, follows vso.      verb: to fear.",,LX-V3-0089,{},null,,,,,,
theraen,Theraen,/theh-rah-ehn/,Verb: To Long For / Yearn For.,"theraen to long for / yearn for. emotion verb theraen: meaning: to long for / yearn for. / derivation: from thera (longing) + -aen. / usage: standard verb, follows vso. theraen la shalor. (they long for the sanctuary.) derivation: from thera (longing) + -aen. usage: standard verb, follows vso.      verb: to long for / yearn for.",,LX-V3-0090,{},null,,,,,,
vialaen,Vialaen,/vee-ahlah-ehn/,Verb: To Be Joyful / Rejoice.,"vialaen to be joyful / rejoice. emotion verb vialaen: meaning: to be joyful / rejoice. / derivation: from vial (joy) + -aen. / usage: standard verb, follows vso. vialaen ilin ser vaar. (we rejoice in peace.) derivation: from vial (joy) + -aen. usage: standard verb, follows vso.      verb: to be joyful / rejoice.",,LX-V3-0091,{},null,,,,,,
ohmaen,Ohmaen,/ohhmah-ehn/,Verb: To Love / Cherish / Feel Connection / Attune To (can have spiritual nuance).,"ohmaen to love / cherish / feel connection / attune to (can have spiritual nuance). emotion verb ohmaen: meaning: to love / cherish / feel connection / attune to (can have spiritual nuance). / derivation: from ohm- (connection/unity) + -aen. / usage: standard verb, follows vso. ohmaen ya kalvok-en. (you love your bonded partner.) derivation: from ohm- (connection/unity) + -aen. usage: standard verb, follows vso.      verb: to love / cherish / feel connection / attune to (can have spiritual nuance).",,LX-V3-0092,{},null,,,,,,
ravokhaen,Ravokhaen,/rah-vohkhah-ehn/,Verb: To Desire / Want Intensely.,"ravokhaen to desire / want intensely. emotion verb ravokhaen: meaning: to desire / want intensely. / derivation: from ravokha (desire) + -aen. / usage: standard verb, follows vso. ravokhaen tavan dren. (the parent desires water.) derivation: from ravokha (desire) + -aen. usage: standard verb, follows vso.      verb: to desire / want intensely.",,LX-V3-0093,{},null,,,,,,
shalaen,Shalaen,/shah-lah-ehn/,"Verb: To Hope / See Light Ahead. ; Verb: To See, To perceive with light","shalaen to hope / see light ahead. emotion verb shalaen: meaning: to hope / see light ahead. / derivation: from shal (light/hope) + -aen. / usage: standard verb, follows vso. shalaen ilin an kinnshal. (we hope in the dawn.) derivation: from shal (light/hope) + -aen. usage: standard verb, follows vso.     shalaen to see, to perceive with light essential verbs shalaen / shal (light) + -aen / to see, to perceive with light / shalaen i vethral an verdor. (i see the pack hunter in the forest.) shal (light) + -aen      verb: to hope / see light ahead. ; verb: to see, to perceive with light",,LX-V3-0094; LX-V4-0047,{},null,,,,,,
seraen,Seraen,/seh-rah-ehn/,Verb: To Trust / Ally With.,"seraen to trust / ally with. emotion verb seraen: meaning: to trust / ally with. / derivation: from ser (friend/ally) + -aen. / usage: standard verb, follows vso. seraen kaikoa lianor. (kaikoa trusts the sir.) derivation: from ser (friend/ally) + -aen. usage: standard verb, follows vso.      verb: to trust / ally with.",,LX-V3-0095,{},null,,,,,,
nkathalaen,Nkathalaen,/nkahthah-lah-ehn/,Verb: To Grieve / Be Sad.,"nkathalaen to grieve / be sad. emotion verb nkathalaen: meaning: to grieve / be sad. / derivation: from nkathal (sadness) + -aen. / usage: standard verb, follows vso. nkathalaen velar rathor. (the elder grieves for the past.) derivation: from nkathal (sadness) + -aen. usage: standard verb, follows vso.      verb: to grieve / be sad.",,LX-V3-0096,{},null,,,,,,
rathaen,Rathaen,/rahthah-ehn/,Verb: To Hate / Oppose Strongly / Treat as Foe.,"rathaen to hate / oppose strongly / treat as foe. emotion verb rathaen: meaning: to hate / oppose strongly / treat as foe. / derivation: from rath (enemy/foe) + -aen. / usage: standard verb, follows vso. rathaen lalin fah. (they hate the darkness.) derivation: from rath (enemy/foe) + -aen. usage: standard verb, follows vso.      verb: to hate / oppose strongly / treat as foe.",,LX-V3-0097,{},null,,,,,,
krezaen,Krezaen,/kreh-zah-ehn/,Verb: To Rage / Burn with Anger.,"krezaen to rage / burn with anger. emotion verb krezaen: meaning: to rage / burn with anger. / derivation: from krez (fire) + -aen. / usage: standard verb, follows vso. krezaen kadron an varok. (the man rages at the command.) derivation: from krez (fire) + -aen. usage: standard verb, follows vso.      verb: to rage / burn with anger.",,LX-V3-0098,{},null,,,,,,
rethaen,Rethaen,/rehthah-ehn/,Verb: To Worry / Be Uncertain.,"rethaen to worry / be uncertain. emotion verb rethaen: meaning: to worry / be uncertain. / derivation: from reth (uncertainty) + -aen. / usage: standard verb, follows vso. ra rethaen ya nor varash? (do you worry about the future?) derivation: from reth (uncertainty) + -aen. usage: standard verb, follows vso.      verb: to worry / be uncertain.",,LX-V3-0099,{},null,,,,,,
vershalaen,Vershalaen,/vehrshah-lah-ehn/,Verb: To Despair / Lose Hope.,"vershalaen to despair / lose hope. emotion verb vershalaen: meaning: to despair / lose hope. / derivation: from ver- (negation) + shal (light/hope) + -aen. / usage: standard verb, follows vso. vershalaen la nor fah. (they despair in the darkness.) derivation: from ver- (negation) + shal (light/hope) + -aen. usage: standard verb, follows vso.      verb: to despair / lose hope.",,LX-V3-0100,{},null,,,,,,
thaalaen,Thaalaen,/thah-ahlah-ehn/,Verb: To Feel Awe / Wonder.,"thaalaen to feel awe / wonder. emotion verb thaalaen: meaning: to feel awe / wonder. / derivation: from thaal (wonder/unknown) + -aen. / usage: standard verb, follows vso. thaalaen ilin an dral. (we wonder at the heavens.) derivation: from thaal (wonder/unknown) + -aen. usage: standard verb, follows vso.      verb: to feel awe / wonder.",,LX-V3-0101,{},null,,,,,,
vaaranoraen,Vaaranoraen,/vah-ahrah-noh-rah-ehn/,Verb: To Feel Contentment / Inner Peace.,"vaaranoraen to feel contentment / inner peace. emotion verb vaaranoraen: meaning: to feel contentment / inner peace. / derivation: hypothetical noun vaaranor (inner peace) + -aen. / usage: standard verb, follows vso. vaaranoraen velar ser teremil. (the elder feels content with the meal.) derivation: hypothetical noun vaaranor (inner peace) + -aen. usage: standard verb, follows vso.      verb: to feel contentment / inner peace.",,LX-V3-0102,{},null,,,,,,
vokaen,Vokaen,/voh-kah-ehn/,Verb: To Betray / Break Bond.,"vokaen to betray / break bond. emotion verb vokaen: meaning: to betray / break bond. / derivation: from vok (unity/bond) + -aen. / usage: standard verb, follows vso. vokaen ser rath. (the friend betrays the enemy.) derivation: from vok (unity/bond) + -aen. usage: standard verb, follows vso.      verb: to betray / break bond.",,LX-V3-0103,{},null,,,,,,
veth'tharaen,Veth'tharaen,/vehth'thah-rah-ehn/,Verb: To Feel Shame / Guilt.,"veth'tharaen to feel shame / guilt. emotion verb veth'tharaen: meaning: to feel shame / guilt. / derivation: from veth (shadow) + thar (heart) + -aen. / usage: standard verb, follows vso. veth'tharaen kadron nor lian ver. (the man feels shame for the untruth.) derivation: from veth (shadow) + thar (heart) + -aen. usage: standard verb, follows vso.      verb: to feel shame / guilt.",,LX-V3-0104,{},null,,,,,,
zhaeaen,Zhaeaen,/zhah-eh-ah-ehn/,Verb: To Feel Empathy / Sympathize.,"zhaeaen to feel empathy / sympathize. emotion verb zhaeaen: meaning: to feel empathy / sympathize. / derivation: from zhae- (light/empathy) + -aen. / usage: standard verb, follows vso. zhaeaen azron ser nkathal. (the woman empathizes with the sadness.) derivation: from zhae- (light/empathy) + -aen. usage: standard verb, follows vso.      verb: to feel empathy / sympathize.",,LX-V3-0105,{},null,,,,,,
vaar'kelaen,Vaar'kelaen,/vah-ahr'keh-lah-ehn/,Verb: To Feel Relief.,"vaar'kelaen to feel relief. emotion verb vaar'kelaen: meaning: to feel relief. / derivation: from vaar (peace) + hypothetical kel (arrive) + -aen. / usage: standard verb, follows vso. vaar'kelaen i an shal. (i feel relief in the light.) derivation: from vaar (peace) + hypothetical kel (arrive) + -aen. usage: standard verb, follows vso.      verb: to feel relief.",,LX-V3-0106,{},null,,,,,,
drenvokesh,Drenvokesh,/drehnvoh-kehsh/,Noun: Water Unity Ceremony,"drenvokesh water unity ceremony national ceremonial term drenvokesh: water unity ceremony
derived from: dren (water) + vok (bond) + esh (connection).
meaning: a ritual where families or clans pledge unity near water.
example phrase: ""drenvokesh kal dren nor belvok."" ""the water unity strengthens the family by the water."" derived from: dren (water) + vok (bond) + esh (connection). meaning: a ritual where families or clans pledge unity near water.      noun: water unity ceremony",,LX-V3-0107,{},null,,,,,,
eshlorien,Eshlorien,/ehshloh-ree-ehn/,Noun: Wave Naming Ritual,"eshlorien wave naming ritual national ceremonial term eshlorien: wave naming ritual
derived from: esh (sky/air) + lorin (guide).
meaning: a naming ceremony for children born by the sea.
example phrase: ""eshlorien nor dren an zhaelor."" ""the wave naming flows by the water in spring."" derived from: esh (sky/air) + lorin (guide). meaning: a naming ceremony for children born by the sea.      noun: wave naming ritual",,LX-V3-0108,{},null,,,,,,
terrashaneth,Terrashaneth,/tehrrahshah-nehth/,Noun: Earth Blessing Ceremony,"terrashaneth earth blessing ceremony national ceremonial term terrashaneth: earth blessing ceremony
derived from: terra (earth) + shan (pass) + eth (sacred).
meaning: a ritual to bless the land and seek the ancestors' guidance.
example phrase: ""terrashaneth lian nor tharvok."" ""the earth blessing speaks to the family."" derived from: terra (earth) + shan (pass) + eth (sacred). meaning: a ritual to bless the land and seek the ancestors' guidance.      noun: earth blessing ceremony",,LX-V3-0109,{},null,,,,,,
velpralim,Velpralim,/vehlprah-leem/,Noun: Wisdom Transfer Ritual,"velpralim wisdom transfer ritual national ceremonial term velpralim: wisdom transfer ritual
derived from: vel (wisdom) + pral (intricacy) + im (essence).
meaning: a ceremony for elders to pass their knowledge to younger generations.
example phrase: ""velpralim shan dren an zhirelorim."" ""the wisdom transfer passes to the coming-of-age ritual."" derived from: vel (wisdom) + pral (intricacy) + im (essence). meaning: a ceremony for elders to pass their knowledge to younger generations.      noun: wisdom transfer ritual",,LX-V3-0110,{},null,,,,,,
kreztharim,Kreztharim,/krehzthah-reem/,Noun: Fire Heart Ritual,"kreztharim fire heart ritual national ceremonial term kreztharim: fire heart ritual
derived from: krez (fire) + thar (heart) + im (essence).
meaning: a ceremony to honor strength and resilience within families.
example phrase: ""kreztharim kal nor dren."" ""the fire heart strengthens by the water."" derived from: krez (fire) + thar (heart) + im (essence). meaning: a ceremony to honor strength and resilience within families.      noun: fire heart ritual",,LX-V3-0111,{},null,,,,,,
zhivokesh,Zhivokesh,/zhee-voh-kehsh/,Noun: Bond Renewal Ceremony,"zhivokesh bond renewal ceremony national ceremonial term zhivokesh: bond renewal ceremony
derived from: zhi (lineage) + vok (unity) + esh (connection).
meaning: a ritual where family bonds are reaffirmed under the desert stars.
example phrase: ""zhivokesh shalil thal morl."" ""the bond renewal flows under the mountain."" derived from: zhi (lineage) + vok (unity) + esh (connection). meaning: a ritual where family bonds are reaffirmed under the desert stars.      noun: bond renewal ceremony",,LX-V3-0112,{},null,,,,,,
dralshaneth,Dralshaneth,/drahlshah-nehth/,Noun: Heaven's Blessing,"dralshaneth heaven's blessing national ceremonial term dralshaneth: heaven's blessing
derived from: dral (heavens) + shan (pass) + eth (sacred).
meaning: a celestial ceremony to seek guidance and protection for the family.
example phrase: ""dralshaneth kal dren an belvok."" ""the heaven's blessing strengthens the family."" derived from: dral (heavens) + shan (pass) + eth (sacred). meaning: a celestial ceremony to seek guidance and protection for the family.      noun: heaven's blessing",,LX-V3-0113,{},null,,,,,,
zhirelorim,Zhirelorim,/zhee-reh-loh-reem/,Noun: Cosmic Coming-of-Age,"zhirelorim cosmic coming-of-age national ceremonial term zhirelorim: cosmic coming-of-age
derived from: zhir (lineage) + elor (growth) + im (essence).
meaning: a coming-of-age ritual tied to celestial alignments.
example phrase: ""zhirelorim nor dren an dralorim."" ""the coming-of-age flows with the celestial storm."" derived from: zhir (lineage) + elor (growth) + im (essence). meaning: a coming-of-age ritual tied to celestial alignments.      noun: cosmic coming-of-age",,LX-V3-0114,{},null,,,,,,
morlatharim,Morlatharim,/mohrlahthah-reem/,Noun: Stone Heart Ceremony,"morlatharim stone heart ceremony national ceremonial term morlatharim: stone heart ceremony
derived from: morl (mountain) + thar (heart) + im (essence).
meaning: a ritual to honor resilience and fortify family bonds.
example phrase: ""morlatharim shalil nor dren."" ""the stone heart flows by the water."" derived from: morl (mountain) + thar (heart) + im (essence). meaning: a ritual to honor resilience and fortify family bonds.      noun: stone heart ceremony",,LX-V3-0115,{},null,,,,,,
velmarineth,Velmarineth,/vehlmah-ree-nehth/,Noun: Elder's Blessing,"velmarineth elder's blessing national ceremonial term velmarineth: elder's blessing
derived from: vel (wisdom) + marin (branch) + eth (sacred).
meaning: a ceremony where elders bless the younger branches of the family tree.
example phrase: ""velmarineth lian nor felka."" ""the elder's blessing speaks to the child."" derived from: vel (wisdom) + marin (branch) + eth (sacred). meaning: a ceremony where elders bless the younger branches of the family tree.      noun: elder's blessing",,LX-V3-0116,{},null,,,,,,
velthaelvok,Velthaelvok,/vehlthah-ehlvohk/,Noun: Winter Unity Ceremony,"velthaelvok winter unity ceremony national ceremonial term velthaelvok: winter unity ceremony
derived from: vel (cold) + thael (motion) + vok (unity).
meaning: a ritual for families to renew bonds during the harsh winter season.
example phrase: ""velthaelvok ser dren thal velthaen."" ""the winter unity flows with the cold season."" derived from: vel (cold) + thael (motion) + vok (unity). meaning: a ritual for families to renew bonds during the harsh winter season.      noun: winter unity ceremony",,LX-V3-0117,{},null,,,,,,
drenkorath,Drenkorath,/drehnkoh-rahth/,Noun: Oasis Blessing Ceremony ; Noun: Sacred spring,"drenkorath oasis blessing ceremony national ceremonial term drenkorath: oasis blessing ceremony
derived from: dren (water) + kor (source/strength) + ath (balance).
meaning: a ritual where families gather to honor and protect their oasis or water source.
example phrase: ""drenkorath lian nor dren."" ""the oasis blessing speaks to the water."" derived from: dren (water) + kor (source/strength) + ath (balance). meaning: a ritual where families gather to honor and protect their oasis or water source.      noun: oasis blessing ceremony ; noun: sacred spring",,LX-V3-0119,{},null,,,,,,
shalorveth,Shalorveth,/shah-lohrvehth/,Noun: Shadowlight Ritual,"shalorveth shadowlight ritual national ceremonial term shalorveth: shadowlight ritual
derived from: shal (light) + or (essence) + veth (shadow).
meaning: a mystical ceremony that represents the balance between opposites (light and shadow, joy and sorrow) within family ties.
example phrase: ""shalorveth kal dren thal tharvok."" ""the shadowlight ritual strengthens with the family under balance."" derived from: shal (light) + or (essence) + veth (shadow). meaning: a mystical ceremony that represents the balance between opposites (light and shadow, joy and sorrow) within family ties.      noun: shadowlight ritual",,LX-V3-0120,{},null,,,,,,
velterim,Velterim,/vehlteh-reem/,Noun: Desert Passage Ceremony,"velterim desert passage ceremony national ceremonial term velterim: desert passage ceremony
derived from: vel (stillness/cold) + ter (journey) + im (essence).
meaning: a coming-of-age ritual where individuals complete a journey across the desert, symbolizing growth and resilience.
example phrase: ""velterim shan dren nor zhirelorim."" ""the desert passage passes to the coming-of-age ritual."" derived from: vel (stillness/cold) + ter (journey) + im (essence). meaning: a coming-of-age ritual where individuals complete a journey across the desert, symbolizing growth and resilience.      noun: desert passage ceremony",,LX-V3-0121,{},null,,,,,,
krezmorath,Krezmorath,/krehzmoh-rahth/,Noun: Fire Bond Ritual,"krezmorath fire bond ritual national ceremonial term krezmorath: fire bond ritual
derived from: krez (fire) + mor (earth/grounding) + ath (balance).
meaning: a ritual performed around a fire to fortify family unity and resolve, often before significant challenges.
example phrase: ""krezmorath kal dren an belvok."" ""the fire bond strengthens with the family."" derived from: krez (fire) + mor (earth/grounding) + ath (balance). meaning: a ritual performed around a fire to fortify family unity and resolve, often before significant challenges.      noun: fire bond ritual",,LX-V3-0122,{},null,,,,,,
tharvelim,Tharvelim,/thahrveh-leem/,Noun: Mountain Ancestor Ritual,"tharvelim mountain ancestor ritual national ceremonial term tharvelim: mountain ancestor ritual
derived from: thar (heart) + vel (wisdom) + im (essence).
meaning: a ceremony where the wisdom and strength of ancestors are invoked for guidance and protection.
example phrase: ""tharvelim lian dren an terra."" ""the mountain ancestor ritual speaks to the earth."" derived from: thar (heart) + vel (wisdom) + im (essence). meaning: a ceremony where the wisdom and strength of ancestors are invoked for guidance and protection.      noun: mountain ancestor ritual",,LX-V3-0123,{},null,,,,,,
kalorinath,Kalorinath,/kah-loh-ree-nahth/,Noun: Fortress Bonding Ceremony,"kalorinath fortress bonding ceremony national ceremonial term kalorinath: fortress bonding ceremony
derived from: kal (strength) + lorin (guide) + ath (balance).
meaning: a ritual marking the formal union of families, emphasizing collective strength and mutual guidance.
example phrase: ""kalorinath ser dren thal tharvok."" ""the fortress bonding ceremony is with the family under balance."" derived from: kal (strength) + lorin (guide) + ath (balance). meaning: a ritual marking the formal union of families, emphasizing collective strength and mutual guidance.      noun: fortress bonding ceremony",,LX-V3-0124,{},null,,,,,,
varkareth,Varkareth,/vahrkah-rehth/,"Noun: ""Metal-mover"" or ""gear-grinder""; implies reliance on machines and lack of natural warmth.","varkareth ""metal-mover"" or ""gear-grinder""; implies reliance on machines and lack of natural warmth. slur mechuma / varkareth / ""metal-mover"" or ""gear-grinder""; implies reliance on machines and lack of natural warmth. / used to insult mechuma's heavy technological dependence over natural wisdom. used to insult mechuma's heavy technological dependence over natural wisdom.      noun: ""metal-mover"" or ""gear-grinder""; implies reliance on machines and lack of natural warmth.",,LX-V3-0125,{},null,,,,,,
drenkaesh,Drenkaesh,/drehnkah-ehsh/,"Noun: ""Water-waster""; suggests carelessness or indulgence in water abundance.","drenkaesh ""water-waster""; suggests carelessness or indulgence in water abundance. slur pelagae / drenkaesh / ""water-waster""; suggests carelessness or indulgence in water abundance. / pelagaeans seen as wasteful by desert and mountain nations. pelagaeans seen as wasteful by desert and mountain nations.      noun: ""water-waster""; suggests carelessness or indulgence in water abundance.",,LX-V3-0126,{},null,,,,,,
tharfah,Tharfah,/thahrfahh/,"Noun: ""Weak-hearted"" or ""soft-rooted""; dismisses their gentle, nature-centric approach as sentimental.","tharfah ""weak-hearted"" or ""soft-rooted""; dismisses their gentle, nature-centric approach as sentimental. slur verdalris / tharfah / ""weak-hearted"" or ""soft-rooted""; dismisses their gentle, nature-centric approach as sentimental. / verdalrisians are mocked for being overly emotional or soft. verdalrisians are mocked for being overly emotional or soft.      noun: ""weak-hearted"" or ""soft-rooted""; dismisses their gentle, nature-centric approach as sentimental.",,LX-V3-0127,{},null,,,,,,
krez-verin,Krez-verin,/krehz-veh-reen/,"Noun: ""Fire-nothing"" or ""ash-breather""; criticizes their environment and resource scarcity.","krez-verin ""fire-nothing"" or ""ash-breather""; criticizes their environment and resource scarcity. slur zarithan / krez-verin / ""fire-nothing"" or ""ash-breather""; criticizes their environment and resource scarcity. / zarithans insulted for living in barren deserts with little resources. zarithans insulted for living in barren deserts with little resources.      noun: ""fire-nothing"" or ""ash-breather""; criticizes their environment and resource scarcity.",,LX-V3-0128,{},null,,,,,,
eshreth,Eshreth,/ehshrehth/,"Noun: ""Sky-confused""; implies a dreamy or detached nature under the icy skies.","eshreth ""sky-confused""; implies a dreamy or detached nature under the icy skies. slur nivveil / eshreth / ""sky-confused""; implies a dreamy or detached nature under the icy skies. / nivveil perceived as distant or impractical under harsh skies. nivveil perceived as distant or impractical under harsh skies.      noun: ""sky-confused""; implies a dreamy or detached nature under the icy skies.",,LX-V3-0129,{},null,,,,,,
rathorkinash,Rathorkinash,/rahthohrkee-nahsh/,"Noun: ""Ancient-prattler""; suggests being stuck in outdated traditions and unyielding.","rathorkinash ""ancient-prattler""; suggests being stuck in outdated traditions and unyielding. slur marakor / rathorkinash / ""ancient-prattler""; suggests being stuck in outdated traditions and unyielding. / marakorians mocked for clinging to their ancient ways. marakorians mocked for clinging to their ancient ways.      noun: ""ancient-prattler""; suggests being stuck in outdated traditions and unyielding.",,LX-V3-0130,{},null,,,,,,
vethordrenka,Vethordrenka,/vehthohrdrehnkah/,"Noun: ""Shadow-water leech""; insults their reliance on hidden water resources or mysterious magic.","vethordrenka ""shadow-water leech""; insults their reliance on hidden water resources or mysterious magic. slur jasara / vethordrenka / ""shadow-water leech""; insults their reliance on hidden water resources or mysterious magic. / jasarans accused of parasitically surviving through secretive means. jasarans accused of parasitically surviving through secretive means.      noun: ""shadow-water leech""; insults their reliance on hidden water resources or mysterious magic.",,LX-V3-0131,{},null,,,,,,
morl-karash,Morl-karash,/mohrl-kah-rahsh/,"Noun: ""Stone-brained""; criticizes rigidity and stubbornness, reflective of their mountain nature.","morl-karash ""stone-brained""; criticizes rigidity and stubbornness, reflective of their mountain nature. slur valkeldor / morl-karash / ""stone-brained""; criticizes rigidity and stubbornness, reflective of their mountain nature. / valkeldorians labeled as hard-headed and unchangeable like stone. valkeldorians labeled as hard-headed and unchangeable like stone.      noun: ""stone-brained""; criticizes rigidity and stubbornness, reflective of their mountain nature.",,LX-V3-0132,{},null,,,,,,
verin,Verin,/veh-reen/,Noun: Zero,verin zero number verin – zero       noun: zero,,LX-V3-0133,{},null,,,,,,
unar,Unar,/oo-nahr/,Noun: One,unar one number unar – one       noun: one,Yes,LX-V3-0134; XR-unar,{},null,,,,,,
del,Del,/dehl/,Noun: Two,del two number del – two       noun: two,Yes,LX-V3-0135; XR-del,{},null,,,,,,
tren,Tren,/trehn/,Noun: Three,tren three number tren – three       noun: three,Yes,LX-V3-0136; XR-tren,{},null,,,,,,
quen,Quen,/qoo-ehn/,Noun: Four,quen four number quen – four       noun: four,Yes,LX-V3-0137; XR-quen,{},null,,,,,,
peth,Peth,/pehth/,Noun: Five,peth five number peth – five       noun: five,Yes,LX-V3-0138; XR-peth,{},null,,,,,,
senar,Senar,/seh-nahr/,Noun: Six,senar six number senar – six       noun: six,Yes,LX-V3-0139; XR-senar,{},null,,,,,,
sethe,Sethe,/sehtheh/,Noun: Seven,sethe seven number sethe – seven       noun: seven,Yes,LX-V3-0140; XR-sethe,{},null,,,,,,
oven,Oven,/oh-vehn/,Noun: Eight,oven eight number oven – eight       noun: eight,Yes,LX-V3-0141; XR-oven,{},null,,,,,,
nevar,Nevar,/neh-vahr/,Noun: Nine,nevar nine number nevar – nine       noun: nine,Yes,LX-V3-0142; XR-nevar,{},null,,,,,,
tenar,Tenar,/teh-nahr/,Number: Ten ; Noun: Radiance / Steady glow / Visible light,tenar ten number tenar – ten       number: ten ; noun: radiance / steady glow / visible light,Yes,LX-V3-0143; XR-tenar,{},null,,,,,,
lianeth,Lianeth,/lee-ahnehth/,Modal: Ability (Can/Able to) ; Verb: Ability (Can/Able to),"lianeth ability (can/able to) modal adverb ability (can/able to): lianeth (""having true quality"") example: aen i lianeth. (i can speak.) ""having true quality""      modal: ability (can/able to) ; verb: ability (can/able to)",,LX-V4-0001,{},null,,,,,,
thar-ka,Thar-ka,/thahr-kah/,Modal: Desire (Want to) ; Noun: Desire,"thar-ka desire (want to) modal adverb desire (want to): thar-ka (""by heart's desire"") example: var i thar-ka. (i want to go.) ""by heart's desire""      modal: desire (want to) ; noun: desire",,LX-V4-0004,{},null,,,,,,
inko,Inko,/eenkoh/,Pronoun: We two / Us two [Dual],inko we two (me and you) dual pronoun inko: we two (me and you)       pronoun: we two / us two [dual],,LX-V4-0005,{},null,,,,,,
yako,Yako,/yah-koh/,Pronoun: You two [Dual],yako you two dual pronoun yako: you two       pronoun: you two [dual],,LX-V4-0006,{},null,,,,,,
lako,Lako,/lah-koh/,Pronoun: They two [Dual],lako they two dual pronoun lako: they two       pronoun: they two [dual],,LX-V4-0007,{},null,,,,,,
imen,Imen,/ee-mehn/,Pronoun: We / Us [Exclusive],"imen exclusive we: i + others (but not you). this is the group ""we."" clusivity imen: exclusive we: i + others (but not you). this is the group ""we.""       pronoun: we / us [exclusive]",,LX-V4-0009,{},null,,,,,,
nethor,Nethor,/nehthohr/,"Noun: Chair, Seat","nethor chair, seat mundane objects & tools nethor / neth- (rest/support) + -or (place) / chair, seat / nethaen azron an nethor. (the woman sits on the chair.) neth- (rest/support) + -or (place)      noun: chair, seat",,LX-V4-0010,{},null,,,,,,
zhirin,Zhirin,/zhee-reen/,"Noun: Rope, Cord","zhirin rope, cord mundane objects & tools zhirin / zhir- (lineage/thread) + -in (collective) / rope, cord / rinaen zhirin an pralor. (the rope is on the table.) zhir- (lineage/thread) + -in (collective)      noun: rope, cord",,LX-V4-0011,{},null,,,,,,
vorkor,Vorkor,/vohrkohr/,"Noun: Door, Gateway (mundane)","vorkor door, gateway (mundane) mundane objects & tools vorkor / vor (place of bond) + kor (source) / door, gateway (mundane) / var i thal vorkor. (i go from/through the door.) vor (place of bond) + kor (source)      noun: door, gateway (mundane)",,LX-V4-0012,{},null,,,,,,
kareth,Kareth,/kah-rehth/,"Noun: Hammer, Striking Tool","kareth hammer, striking tool mundane objects & tools kareth / kar- (strike) + -eth (purposeful act) / hammer, striking tool / karethaen i kareth. (i use the hammer.) kar- (strike) + -eth (purposeful act)      noun: hammer, striking tool",,LX-V4-0013,{},null,,,,,,
pralor,Pralor,/prah-lohr/,"Noun: Table, Flat Surface","pralor table, flat surface mundane objects & tools pralor / pral- (detail/work) + -or (place) / table, flat surface / rinaen emil esh pralor. (the food is on the table.) pral- (detail/work) + -or (place)      noun: table, flat surface",,LX-V4-0014,{},null,,,,,,
peleth,Peleth,/peh-lehth/,"Noun: Knife, Blade","peleth knife, blade mundane objects & tools peleth / pel- (sharpness) + -eth (quality of) / knife, blade / rinaen peleth selineth. (the knife is clean.) pel- (sharpness) + -eth (quality of)      noun: knife, blade",,LX-V4-0015,{},null,,,,,,
drenvor,Drenvor,/drehnvohr/,"Noun: Bowl, Cup, Water-holder","drenvor bowl, cup, water-holder mundane objects & tools drenvor / dren (water) + vor (place of bond) / bowl, cup, water-holder / rinaen drenvor woreth. (the bowl is full.) dren (water) + vor (place of bond)      noun: bowl, cup, water-holder",,LX-V4-0016,{},null,,,,,,
nethlor,Nethlor,/nehthlohr/,"Noun: Bed, Pallet, Resting-place","nethlor bed, pallet, resting-place mundane objects & tools nethlor / neth (rest) + -lor (place) / bed, pallet, resting-place / vethoraen felka an nethlor. (the child sleeps on the bed.) neth (rest) + -lor (place)      noun: bed, pallet, resting-place",,LX-V4-0018,{},null,,,,,,
shalkor,Shalkor,/shahlkohr/,"Noun: Lamp, Torch, Light Source","shalkor lamp, torch, light source mundane objects & tools shalkor / shal (light) + kor (source) / lamp, torch, light source / arth shalkor ilin thal fah. (the lamp protects us from the darkness.) shal (light) + kor (source)      noun: lamp, torch, light source",,LX-V4-0019,{},null,,,,,,
lianbelrin,Lianbelrin,/lee-ahnbehlreen/,"Noun: Book, Scroll, Woven Truth","lianbelrin book, scroll, woven truth mundane objects & tools lianbelrin / lian (truth) + belrin (woven fabric) / book, scroll, woven truth / aen velar lianbelrin. (the elder speaks the story/book.) lian (truth) + belrin (woven fabric)      noun: book, scroll, woven truth",,LX-V4-0020,{},null,,,,,,
gormeth,Gormeth,/gohrmehth/,"Adjective: Dirty, Soiled","gormeth dirty, soiled basic & sensory adjectives gormeth / gorm- (grime) + -eth / dirty, soiled / rinaen korin-ian gormeth. (my hands are dirty.) gorm- (grime) + -eth      adjective: dirty, soiled",,LX-V4-0021,{},null,,,,,,
selineth,Selineth,/seh-lee-nehth/,"Adjective: Clean, Pure","selineth clean, pure basic & sensory adjectives selineth / sel- (clear/pure) + -eth / clean, pure / rinaen dren selineth. (the water is clean.) sel- (clear/pure) + -eth      adjective: clean, pure",,LX-V4-0022,{},null,,,,,,
maganeth,Maganeth,/mah-gah-nehth/,"Adjective: Heavy, Big, Imposing","maganeth heavy, big, imposing basic & sensory adjectives maganeth / mag- (weight) + -eth / heavy, big, imposing / rinaen mor maganeth. (the stone is heavy.) mag- (weight) + -eth      adjective: heavy, big, imposing",,LX-V4-0023,{},null,,,,,,
feleth,Feleth,/feh-lehth/,"Adjective: Light (weight), Small, New","feleth light (weight), small, new basic & sensory adjectives feleth / fel- (small/young) + -eth / light (weight), small, new / rinaen zhirin feleth. (the rope is light.) fel- (small/young) + -eth      adjective: light (weight), small, new",,LX-V4-0024,{},null,,,,,,
woreth,Woreth,/woh-rehth/,"Adjective: Full, Abundant","woreth full, abundant basic & sensory adjectives woreth / wor- (abundance) + -eth / full, abundant / rinaen drenvor woreth. (the bowl is full.) wor- (abundance) + -eth      adjective: full, abundant",,LX-V4-0025,{},null,,,,,,
zun,Zun,/zoon/,Adjective: Empty,zun empty basic & sensory adjectives zun / zun- (void/hollow) / empty / rinaen teremil zun. (the home is empty.) zun- (void/hollow)      adjective: empty,,LX-V4-0026,{},null,,,,,,
kaveth,Kaveth,/kah-vehth/,"Adjective: Old, Ancient","kaveth old, ancient basic & sensory adjectives kaveth / kav- (preserved/ancient) + -eth / old, ancient / rinaen kaleth kaveth. (the fortress is old.) kav- (preserved/ancient) + -eth      adjective: old, ancient",,LX-V4-0027,{},null,,,,,,
vaareth,Vaareth,/vah-ahrehth/,"Adjective: Good, Peaceful, Harmonious","vaareth good, peaceful, harmonious basic & sensory adjectives vaareth / vaar (peace/unity) + -eth / good, peaceful, harmonious / rinaen lianor-ian vaareth. (my thought is good.) vaar (peace/unity) + -eth      adjective: good, peaceful, harmonious",,LX-V4-0028,{},null,,,,,,
joreth,Joreth,/joh-rehth/,"Adjective: Fast, Quick, Surging","joreth fast, quick, surging basic & sensory adjectives joreth / jor- (surge/burst) + -eth / fast, quick, surging / var vethral joreth. (the pack hunter goes fast.) jor- (surge/burst) + -eth      adjective: fast, quick, surging",,LX-V4-0029,{},null,,,,,,
feneth,Feneth,/feh-nehth/,"Adjective: Hot, Warm","feneth hot, warm basic & sensory adjectives feneth / fen- (warmth) + -eth / hot, warm / rinaen krezor feneth. (the hearth is hot.) fen- (warmth) + -eth      adjective: hot, warm",,LX-V4-0030,{},null,,,,,,
veleth,Veleth,/veh-lehth/,"Adjective: Cold, Cool, Slow","veleth cold, cool, slow basic & sensory adjectives veleth / vel- (cold/stillness) + -eth / cold, cool, slow / rinaen velk veleth. (the ice is cold.) vel- (cold/stillness) + -eth      adjective: cold, cool, slow",,LX-V4-0031,{},null,,,,,,
praketh,Praketh,/prah-kehth/,"Adjective: Soft, Tender","praketh soft, tender basic & sensory adjectives praketh / prak- (softness) + -eth / soft, tender / rinaen belrin praketh. (the fabric is soft.) prak- (softness) + -eth      adjective: soft, tender",,LX-V4-0032,{},null,,,,,,
moreth,Moreth,/moh-rehth/,"Adjective: Hard, Firm, Earth-like","moreth hard, firm, earth-like basic & sensory adjectives moreth / mor- (earth) + -eth / hard, firm, earth-like / rinaen pralor moreth. (the table is hard.) mor- (earth) + -eth      adjective: hard, firm, earth-like",,LX-V4-0033,{},null,,,,,,
dreneth,Dreneth,/dreh-nehth/,"Adjective: Wet, Damp, Watery","dreneth wet, damp, watery basic & sensory adjectives dreneth / dren (water) + -eth / wet, damp, watery / rinaen xaresh dreneth. (the cloak is wet.) dren (water) + -eth      adjective: wet, damp, watery",,LX-V4-0034,{},null,,,,,,
kadreneth,Kadreneth,/kahdreh-nehth/,"Adjective: Dry, Waterless","kadreneth dry, waterless basic & sensory adjectives kadreneth / ka-dren (without water) + -eth / dry, waterless / rinaen morlak kadreneth. (the bread is dry.) ka-dren (without water) + -eth      adjective: dry, waterless",,LX-V4-0035,{},null,,,,,,
belkor,Belkor,/behlkohr/,"Noun: Tunic, Shirt","belkor tunic, shirt clothing & worn items belkor / bel (weave) + kor (core) / tunic, shirt / rinaen belkor-ian verdeth. (my tunic is green.) bel (weave) + kor (core)      noun: tunic, shirt",,LX-V4-0036,{},null,,,,,,
sharbel,Sharbel,/shahrbehl/,"Noun: Pants, Leggings","sharbel pants, leggings clothing & worn items sharbel / shara (path) + bel (bind) / pants, leggings / rinaen sharbel maganeth. (the pants are heavy.) shara (path) + bel (bind)      noun: pants, leggings",,LX-V4-0037,{},null,,,,,,
xaresh,Xaresh,/xah-rehsh/,"Noun: Cloak, Mantle","xaresh cloak, mantle clothing & worn items xaresh / xar (cover) + esh (sky/air) / cloak, mantle / arth xaresh i thal velk. (the cloak protects me from the ice.) xar (cover) + esh (sky/air)      noun: cloak, mantle",,LX-V4-0038,{},null,,,,,,
trakor,Trakor,/trah-kohr/,"Noun: Shoes, Boots","trakor shoes, boots clothing & worn items trakor / trak- (tread/step) + -or (place) / shoes, boots / ver var i ka trakor. (i do not go without shoes.) trak- (tread/step) + -or (place)      noun: shoes, boots",,LX-V4-0039,{},null,,,,,,
zhirvok,Zhirvok,/zheervohk/,Noun: Belt,zhirvok belt clothing & worn items zhirvok / zhir (line/lineage) + vok (bond) / belt / rinaen peleth an zhirvok. (the knife is on the belt.) zhir (line/lineage) + vok (bond)      noun: belt,,LX-V4-0040,{},null,,,,,,
krelek,Krelek,/kreh-lehk/,Adjective: Red,krelek red colors krelek / inspired by krez (fire) / red / rinaen zhaelin krelek. (the flower is red.) inspired by krez (fire)      adjective: red,,LX-V4-0041,{},null,,,,,,
lunor,Lunor,/loo-nohr/,Adjective: Blue,lunor blue colors lunor / inspired by lun (lake) / blue / rinaen esh lunor. (the sky is blue.) inspired by lun (lake)      adjective: blue,,LX-V4-0042,{},null,,,,,,
verdeth,Verdeth,/vehrdehth/,Adjective: Green,verdeth green colors verdeth / inspired by verdor (forest) / green / rinaen xaresh verdeth. (the cloak is green.) inspired by verdor (forest)      adjective: green,,LX-V4-0043,{},null,,,,,,
shaleth,Shaleth,/shah-lehth/,"Adjective: Yellow, Gold, Bright","shaleth yellow, gold, bright colors shaleth / shal (light) + -eth / yellow, gold, bright / rinaen shena shaleth. (the coin is gold.) shal (light) + -eth      adjective: yellow, gold, bright",,LX-V4-0044,{},null,,,,,,
faheth,Faheth,/fah-hehth/,"Adjective: Black, Dark","faheth black, dark colors faheth / fah (darkness) + -eth / black, dark / rinaen mor faheth. (the stone is black.) fah (darkness) + -eth      adjective: black, dark",,LX-V4-0045,{},null,,,,,,
velek,Velek,/veh-lehk/,Adjective: White,velek white colors velek / inspired by velk (ice) / white / rinaen morlak velek. (the bread is white.) inspired by velk (ice)      adjective: white,,LX-V4-0046,{},null,,,,,,
aenaen,Aenaen,/ah-ehnah-ehn/,"Verb: To Hear, To perceive sound","aenaen to hear, to perceive sound essential verbs aenaen / aen (speak/breath) + -aen / to hear, to perceive sound / aenaen i eshlin an zhaelin. (i hear the bird in the flower.) aen (speak/breath) + -aen      verb: to hear, to perceive sound",,LX-V4-0048,{},null,,,,,,
pralaen,Pralaen,/prah-lah-ehn/,"Verb: To Make, To create with care","pralaen to make, to create with care essential verbs pralaen / pral (detail/work) + -aen / to make, to create with care / pralaen i krezor. (i am making a hearth.) pral (detail/work) + -aen      verb: to make, to create with care",,LX-V4-0049,{},null,,,,,,
karethaen,Karethaen,/kah-rehthah-ehn/,"Verb: To Use, To wield a tool","karethaen to use, to wield a tool essential verbs karethaen / kareth (hammer/tool) + -aen / to use, to wield a tool / karethaen i peleth. (i use the knife.) kareth (hammer/tool) + -aen      verb: to use, to wield a tool",,LX-V4-0050,{},null,,,,,,
velaen,Velaen,/veh-lah-ehn/,"Verb: To Eat, To take sustenance","velaen to eat, to take sustenance essential verbs velaen / vel (sustenance) + -aen / to eat, to take sustenance / velaen ilin morlak. (we eat the bread.) vel (sustenance) + -aen      verb: to eat, to take sustenance",,LX-V4-0052,{},null,,,,,,
drenaen,Drenaen,/dreh-nah-ehn/,"Verb: To Drink, To take liquid","drenaen to drink, to take liquid essential verbs drenaen / dren (water) + -aen / to drink, to take liquid / drenaen ya phelvin. (you drink the comforting drink.) dren (water) + -aen      verb: to drink, to take liquid",,LX-V4-0053,{},null,,,,,,
nethaen,Nethaen,/nehthah-ehn/,"Verb: To Sit, To be at rest","nethaen to sit, to be at rest essential verbs nethaen / neth (rest) + -aen / to sit, to be at rest / nethaen azron an nethor. (the woman sits on the chair.) neth (rest) + -aen      verb: to sit, to be at rest",,LX-V4-0054,{},null,,,,,,
moraen,Moraen,/moh-rah-ehn/,"Verb: To Stand, To be grounded","moraen to stand, to be grounded essential verbs moraen / mor (earth) + -aen / to stand, to be grounded / moraen i an terra. (i stand on the earth.) mor (earth) + -aen      verb: to stand, to be grounded",,LX-V4-0055,{},null,,,,,,
vethoraen,Vethoraen,/vehthoh-rah-ehn/,"Verb: To Sleep, To enter shadow","vethoraen to sleep, to enter shadow essential verbs vethoraen / vethor (shadow) + -aen / to sleep, to enter shadow / nor-vethoraen ilin an nethlor. (we will sleep on the beds.) vethor (shadow) + -aen      verb: to sleep, to enter shadow",,LX-V4-0056,{},null,,,,,,
morthera,Morthera,/mohrtheh-rah/,Noun: Beast of Burden,morthera beast of burden flora & fauna morthera / mor (earth) + thera (longing/pulling) / beast of burden / rinaen morthera maganeth. (the beast of burden is heavy.) mor (earth) + thera (longing/pulling)      noun: beast of burden,,LX-V4-0057,{},null,,,,,,
vethral,Vethral,/vehthrahl/,Noun: Pack Hunter,vethral pack hunter flora & fauna vethral / veth (shadow) + ral (caretaker/stalker) / pack hunter / var vethral joreth. (the pack hunter goes fast.) veth (shadow) + ral (caretaker/stalker)      noun: pack hunter,,LX-V4-0058,{},null,,,,,,
vershara,Vershara,/vehrshah-rah/,Noun: Prey Animal (deer-like),vershara prey animal (deer-like) flora & fauna vershara / verdor (forest) + shara (path) / prey animal (deer-like) / velaen vethral vershara. (the pack hunter eats the prey animal.) verdor (forest) + shara (path)      noun: prey animal (deer-like),,LX-V4-0059,{},null,,,,,,
kalrath,Kalrath,/kahlrahth/,Noun: Apex Predator (solitary),kalrath apex predator (solitary) flora & fauna kalrath / kal (strength) + rath (foe) / apex predator (solitary) / vethoraen kalrath an morl. (the apex predator sleeps in the mountains.) kal (strength) + rath (foe)      noun: apex predator (solitary),,LX-V4-0060,{},null,,,,,,
eshlin,Eshlin,/ehshleen/,Noun: Common Bird,eshlin common bird flora & fauna eshlin / esh (sky) + -lin (collective/small thing) / common bird / aenaen i eshlin an velmarin. (i hear a bird in the ancient tree.) esh (sky) + -lin (collective/small thing)      noun: common bird,,LX-V4-0061,{},null,,,,,,
zhaelin,Zhaelin,/zhah-ehleen/,Noun: Common Flower,zhaelin common flower flora & fauna zhaelin / zhael (bloom/renewal) + -in / common flower / rinaen zhaelin krelek an verdor. (the red flower is in the forest.) zhael (bloom/renewal) + -in      noun: common flower,,LX-V4-0063,{},null,,,,,,
thallian,Thallian,/thahllee-ahn/,Noun: Justice (True Balance),thallian justice (true balance) abstract concepts thallian / thal (balance) + lian (truth) / justice (true balance) / ravokhaen ilin thallian. (we desire justice.) thal (balance) + lian (truth)      noun: justice (true balance),,LX-V4-0064,{},null,,,,,,
sharaka,Sharaka,/shah-rah-kah/,Noun: Freedom (Path without binding),sharaka freedom (path without binding) abstract concepts sharaka / shara (path) + ka (without) / freedom (path without binding) / ohmaen i sharaka. (i love freedom.) shara (path) + ka (without)      noun: freedom (path without binding),,LX-V4-0065,{},null,,,,,,
velrathor,Velrathor,/vehlrahthohr/,Noun: Memory,velrathor memory abstract concepts velrathor / vel (enduring) + rathor (past) / memory / rinaen velrathor vaareth. (the memory is good.) vel (enduring) + rathor (past)      noun: memory,,LX-V4-0067,{},null,,,,,,
vethrin,Vethrin,/vehthreen/,Noun: Dream (Essence of shadow),vethrin dream (essence of shadow) abstract concepts vethrin / veth (shadow) + rin (essence) / dream (essence of shadow) / var i an vethrin. (i go into a dream.) veth (shadow) + rin (essence)      noun: dream (essence of shadow),,LX-V4-0069,{},null,,,,,,
kelrin,Kelrin,/kehlreen/,Noun: Name (Essence of what is spoken),kelrin name (essence of what is spoken) abstract concepts kelrin / kel (say/talk) + rin (essence) / name (essence of what is spoken) / ra aen ya kelrin? (do you speak your name?) kel (say/talk) + rin (essence)      noun: name (essence of what is spoken),,LX-V4-0070,{},null,,,,,,
kelka,Kelka,/kehlkah/,Noun: Word (Particle of speech),kelka word (particle of speech) abstract concepts kelka / kel (say/talk) + -ka (particle) / word (particle of speech) / ver aen i unar kelka. (i do not speak one word.) kel (say/talk) + -ka (particle)      noun: word (particle of speech),,LX-V4-0071,{},null,,,,,,
rathlor,Rathlor,/rahthlohr/,Noun: Danger (A place of foes),rathlor danger (a place of foes) abstract concepts rathlor / rath (foe) + -lor (place) / danger (a place of foes) / rinaen rathlor an shara. (there is danger on the path.) rath (foe) + -lor (place)      noun: danger (a place of foes),,LX-V4-0072,{},null,,,,,,
vaarlor,Vaarlor,/vah-ahrlohr/,Noun: Safety (A place of peace),vaarlor safety (a place of peace) abstract concepts vaarlor / vaar (peace) + -lor (place) / safety (a place of peace) / var ilin an vaarlor. (we go into safety.) vaar (peace) + -lor (place)      noun: safety (a place of peace),,LX-V4-0073,{},null,,,,,,
belthal,Belthal,/behlthahl/,Noun: Order (Woven Balance),belthal order (woven balance) abstract concepts belthal / bel (bind) + thal (balance) / order (woven balance) / lorin belthal ilin. (order guides us.) bel (bind) + thal (balance)      noun: order (woven balance),,LX-V4-0074,{},null,,,,,,
rethvok,Rethvok,/rehthvohk/,Noun: Chaos (A bond of confusion),rethvok chaos (a bond of confusion) abstract concepts rethvok / reth (confusion) + vok (bond) / chaos (a bond of confusion) / fahaen i rethvok. (i fear chaos.) reth (confusion) + vok (bond)      noun: chaos (a bond of confusion),,LX-V4-0075,{},null,,,,,,
korineth,Korineth,/koh-ree-nehth/,Noun: Handspan,"korineth handspan measurement unit korineth / korin (hand) + -eth / handspan / a small, precise unit, the width of a hand. used in crafting and short-distance measurements. example: rinaen zhirin ten-del korineth. (the rope is 20 handspans long.) korin (hand) + -eth. a small, precise unit, the width of a hand. used in crafting and short-distance measurements.      noun: handspan",,LX-V4-0078,{},null,,,,,,
shar,Shar,/shahr/,"Noun: Stride, Pace","shar stride, pace measurement unit shar / shortened from shara (path) / stride, pace / a standard human stride. used for measuring rooms, fields, and medium distances. example: rinaen kaleth hek-unar shar thalor. (the fortress is 100 strides outside.) shortened from shara (path). a standard human stride. used for measuring rooms, fields, and medium distances.      noun: stride, pace",,LX-V4-0079,{},null,,,,,,
kinnshara,Kinnshara,/keennshah-rah/,Noun: Day's Journey,kinnshara day's journey measurement unit kinnshara / kinn- (daylight) + shara (path) / day's journey / the standard distance one can travel on foot in a day. example: rinaen varthas ten-peth kinnshara. (the city is 50 day's-journeys away.) kinn- (daylight) + shara (path). the standard distance one can travel on foot in a day.      noun: day's journey,,LX-V4-0080,{},null,,,,,,
kinn,Kinn,/keenn/,Noun: Day,kinn day measurement unit kinn / from the root for daylight / day / a full cycle of light and darkness. example: var ilin an tren kinn. (we go in three days.) from the root for daylight. a full cycle of light and darkness.      noun: day,Yes,LX-V4-0082; DM-RM-V2-0001,{},null,,,,,,
lunwek,Lunwek,/loonwehk/,Noun: Month,lunwek month measurement unit lunwek / lun (lake/moon) + wek (cycle) / month / a full cycle of the moon. example: nor-var fenrek an unar lunwek. (summer will arrive in one month.) lun (lake/moon) + wek (cycle). a full cycle of the moon.      noun: month,,LX-V4-0083,{},null,,,,,,
tharvin-wek,Tharvin-Wek,/thahrveen-wehk/,Noun: Year,"tharvin-wek year measurement unit tharvin-wek / tharvin (autumn) + wek (cycle) / year / a full cycle of the seasons, marked by the harvest/balancing season. example: rinaen i ten-del tharvinwek kaveth. (i am 20 years old.) tharvin (autumn) + wek (cycle). a full cycle of the seasons, marked by the harvest/balancing season.     tharvinwek noun: year",,LX-V4-0084,"{""aliases"":[""tharvinwek""],""usageNote"":""Year / annual cycle. Tharvinwek is the fused spelling of this established entry.""}",null,,,,,,
shen,Shen,/shehn/,Noun: Coinage / Currency ; Measure: Unit of weight / measure,"shen measure measurement unit shen / shortened from shenakar (coinage) / measure / a small, standard measure for trade, like a handful of grain. example: tal i peth shen morlak. (i give five measures of grain.) shortened from shenakar (coinage). a small, standard measure for trade, like a handful of grain.     shen noun (from coinage); unit of weight: measure polysemy entry shen / noun (from coinage) / unit of weight: measure / currency gives name to measured trade. currency gives name to measured trade.      noun: coinage / currency ; measure: unit of weight / measure",Yes,LX-V4-0085; LX-V4-0123; XR-shen,{},null,,,,,,
morkal,Morkal,/mohrkahl/,Noun: Stone-weight,"morkal stone-weight measurement unit morkal / mor (stone/earth) + kal (strength/weight) / stone-weight / a large, standard unit of weight for heavy goods. example: rinaen morthera maganeth an hek-unar morkal. (the beast of burden is heavy by 100 stone-weights.) mor (stone/earth) + kal (strength/weight). a large, standard unit of weight for heavy goods.      noun: stone-weight",,LX-V4-0086,{},null,,,,,,
kor,Kor,/kohr/,Noun: Source / Strength ; Measure: Unit of length / handspan measure,kor center or middle; the central position or region within a bounded whole noun        noun: source / strength ; measure: unit of length / handspan measure,Yes,LX-V4-0118; LX-SRD1-0003; XR-kor,{},null,Spatial Reference and Deixis 1,,,,,
pral,Pral,/prahl/,Noun: Table ; Verb: Make,"pral root: intricacy, detail; noun (as table); verb (as to make) polysemy entry pral / root: intricacy, detail / noun (as table) / verb (as to make) / skilled work gives rise to place for work and act of doing it. skilled work gives rise to place for work and act of doing it.     pral intricacy; detail; skilled craftsmanship root root family evidence: pralaen, pralor, pralmor builds words for craft, fine detail, deliberate making, and skilled intricate work.     pral intricacy or detail (symbolizing small, delicate work). root pral: intricacy or detail (symbolizing small, delicate work). original expanded vocabulary root preserved.      noun: table ; verb: make",Yes,LX-V4-0119; XR-pral; DM-RM-V2-0010,{},null,,,,,,
vok,Vok,/vohk/,Noun: Unity / Bond ; Verb: Betray,"vok root: unity, bond; verb (as to betray) polysemy entry vok / root: unity, bond / verb (as to betray) / unity roots the verb describing its violation. unity roots the verb describing its violation.     vok unity; formal bond; bond-state root root family evidence: vok, vokaen, rethvok builds words for unity, bonding, alliance, partnership, and formal togetherness.      noun: unity / bond ; verb: betray",Yes,LX-V4-0120; XR-vok,{},null,,,,,,
eth,Eth,/ehth/,"Suffix: -like, -ful ; Suffix: sacred act of","eth suffix (adjectival): -like, -ful; suffix (nominal/ritual): sacred act of polysemy entry eth / suffix (adjectival): -like, -ful / suffix (nominal/ritual): sacred act of / essential manifestation as quality or formal act. essential manifestation as quality or formal act.      suffix: -like, -ful ; suffix: sacred act of",,LX-V4-0122,{},null,,,,,,
droshen,Droshen,/droh-shehn/,Noun: Water ration,"droshen water ration noun   dro + shen jasara jasaran water allotment for households, travelers, or fields.   noun: water ration",,LX-NE1-0001,{},"{""origins"":[""Jasara""],""nationalUses"":[""Jasaran water allotment for households, travelers, or fields.""],""derivations"":[""Dro + Shen""],""variants"":[]}",National Expansion 1,Dro + Shen,Jasara,"Jasaran water allotment for households, travelers, or fields.",,
drokav,Drokav,/droh-kahv/,Noun: Cistern; protected water reserve,drokav cistern; protected water reserve noun   dro + kav jasara jasaran protected storage for scarce water.   noun: cistern; protected water reserve,,LX-NE1-0002,{},"{""origins"":[""Jasara""],""nationalUses"":[""Jasaran protected storage for scarce water.""],""derivations"":[""Dro + Kav""],""variants"":[]}",National Expansion 1,Dro + Kav,Jasara,Jasaran protected storage for scarce water.,,
droral,Droral,/droh-rahl/,Noun: Water keeper; water steward,droral water keeper; water steward noun   dro + ral jasara jasaran caretaker responsible for a shared water supply.   noun: water keeper; water steward,,LX-NE1-0003,{},"{""origins"":[""Jasara""],""nationalUses"":[""Jasaran caretaker responsible for a shared water supply.""],""derivations"":[""Dro + Ral""],""variants"":[]}",National Expansion 1,Dro + Ral,Jasara,Jasaran caretaker responsible for a shared water supply.,,
drobel,Drobel,/droh-behl/,Noun: Water-distribution system,drobel water-distribution system noun   dro + bel jasara jasaran irrigation network or civic waterworks.   noun: water-distribution system,,LX-NE1-0004,{},"{""origins"":[""Jasara""],""nationalUses"":[""Jasaran irrigation network or civic waterworks.""],""derivations"":[""Dro + Bel""],""variants"":[]}",National Expansion 1,Dro + Bel,Jasara,Jasaran irrigation network or civic waterworks.,,
awekshara,Awekshara,/ah-wehk-shah-rah/,Noun: Spring-fed canal,awekshara spring-fed canal noun   awek + shara jasara a channel carrying spring water into settlements or fields.   noun: spring-fed canal,,LX-NE1-0005,{},"{""origins"":[""Jasara""],""nationalUses"":[""A channel carrying spring water into settlements or fields.""],""derivations"":[""Awek + Shara""],""variants"":[]}",National Expansion 1,Awek + Shara,Jasara,A channel carrying spring water into settlements or fields.,,
mahrowek,Mahrowek,/mahhr-oh-wehk/,Noun: Tide,mahrowek tide noun   mahr + wek pelagae the recurring ocean cycle central to pelagaean travel and daily timekeeping. mahrwek  noun: tide,,LX-NE1-0006,{},"{""origins"":[""Pelagae""],""nationalUses"":[""The recurring ocean cycle central to Pelagaean travel and daily timekeeping.""],""derivations"":[""Mahr + Wek""],""variants"":[{""form"":""Mahrwek"",""pronunciation"":""/mahhr-wehk/""}]}",National Expansion 1,Mahr + Wek,Pelagae,The recurring ocean cycle central to Pelagaean travel and daily timekeeping.,Mahrwek,/mahhr-wehk/
mahrkal,Mahrkal,/mahhr-kahl/,Noun: Deep-water pressure,mahrkal deep-water pressure noun   mahr + kal pelagae the force of ocean water at depth.   noun: deep-water pressure,,LX-NE1-0007,{},"{""origins"":[""Pelagae""],""nationalUses"":[""The force of ocean water at depth.""],""derivations"":[""Mahr + Kal""],""variants"":[]}",National Expansion 1,Mahr + Kal,Pelagae,The force of ocean water at depth.,,
drosel,Drosel,/droh-sehl/,Noun: Clean drinking water,drosel clean drinking water noun   dro + sel pelagae ordinary water made safe and clean for drinking.   noun: clean drinking water,,LX-NE1-0008,{},"{""origins"":[""Pelagae""],""nationalUses"":[""Ordinary water made safe and clean for drinking.""],""derivations"":[""Dro + Sel""],""variants"":[]}",National Expansion 1,Dro + Sel,Pelagae,Ordinary water made safe and clean for drinking.,,
mahrvek,Mahrvek,/mahhr-vehk/,Noun: Boat; ship; sea vessel,mahrvek boat; ship; sea vessel noun   mahr + vek pelagae a vessel used to carry people or goods across the sea.   noun: boat; ship; sea vessel,,LX-NE1-0009,{},"{""origins"":[""Pelagae""],""nationalUses"":[""A vessel used to carry people or goods across the sea.""],""derivations"":[""Mahr + Vek""],""variants"":[]}",National Expansion 1,Mahr + Vek,Pelagae,A vessel used to carry people or goods across the sea.,,
lormahr,Lormahr,/lohr-mahhr/,Noun: Seamanship; ocean navigation,lormahr seamanship; ocean navigation noun   lor + mahr pelagae the practiced skill of guiding vessels across the ocean.   noun: seamanship; ocean navigation,,LX-NE1-0010,{},"{""origins"":[""Pelagae""],""nationalUses"":[""The practiced skill of guiding vessels across the ocean.""],""derivations"":[""Lor + Mahr""],""variants"":[]}",National Expansion 1,Lor + Mahr,Pelagae,The practiced skill of guiding vessels across the ocean.,,
zhelbel,Zhelbel,/zhehl-behl/,Noun: Connected energy-distribution system,zhelbel connected energy-distribution system noun   zhel + bel mechuma the mechuman power grid and its connected energy lines.   noun: connected energy-distribution system,,LX-NE1-0011,{},"{""origins"":[""Mechuma""],""nationalUses"":[""The Mechuman power grid and its connected energy lines.""],""derivations"":[""Zhel + Bel""],""variants"":[]}",National Expansion 1,Zhel + Bel,Mechuma,The Mechuman power grid and its connected energy lines.,,
belzhir,Belzhir,/behl-zheer/,Noun: Communications network,belzhir communications network noun   bel + zhir mechuma a connected system for carrying messages or information.   noun: communications network,,LX-NE1-0012,{},"{""origins"":[""Mechuma""],""nationalUses"":[""A connected system for carrying messages or information.""],""derivations"":[""Bel + Zhir""],""variants"":[]}",National Expansion 1,Bel + Zhir,Mechuma,A connected system for carrying messages or information.,,
shenlian,Shenlian,/shehn-lee-ahn/,Noun: Standard; reference measure,shenlian standard; reference measure noun   shen + lian mechuma a trusted measure or specification used to judge correctness.   noun: standard; reference measure,,LX-NE1-0013,{},"{""origins"":[""Mechuma""],""nationalUses"":[""A trusted measure or specification used to judge correctness.""],""derivations"":[""Shen + Lian""],""variants"":[]}",National Expansion 1,Shen + Lian,Mechuma,A trusted measure or specification used to judge correctness.,,
belwek,Belwek,/behl-wehk/,Noun: Ordered recurring process,"belwek ordered recurring process noun   bel + wek mechuma a mechuman automated routine or, elsewhere, any deliberately managed cycle. belewek; belowek  noun: ordered recurring process",,LX-NE1-0014,{},"{""origins"":[""Mechuma""],""nationalUses"":[""A Mechuman automated routine or, elsewhere, any deliberately managed cycle.""],""derivations"":[""Bel + Wek""],""variants"":[{""form"":""Belewek"",""pronunciation"":""/behl-eh-wehk/""},{""form"":""Belowek"",""pronunciation"":""/behl-oh-wehk/""}]}",National Expansion 1,Bel + Wek,Mechuma,"A Mechuman automated routine or, elsewhere, any deliberately managed cycle.",Belewek; Belowek,/behl-eh-wehk/; /behl-oh-wehk/
mekral,Mekral,/mehk-rahl/,Noun: Keeper or repairer of constructed mechanisms,mekral keeper or repairer of constructed mechanisms noun   mek + ral mechuma a mechuman mechanic or systems technician.   noun: keeper or repairer of constructed mechanisms,,LX-NE1-0015,{},"{""origins"":[""Mechuma""],""nationalUses"":[""A Mechuman mechanic or systems technician.""],""derivations"":[""Mek + Ral""],""variants"":[]}",National Expansion 1,Mek + Ral,Mechuma,A Mechuman mechanic or systems technician.,,
verdvin,Verdvin,/vehrd-veen/,Noun: Sap; plant extract,verdvin sap; plant extract noun   verd + vin verdalris a fluid drawn from botanical life.   noun: sap; plant extract,,LX-NE1-0016,{},"{""origins"":[""Verdalris""],""nationalUses"":[""A fluid drawn from botanical life.""],""derivations"":[""Verd + Vin""],""variants"":[]}",National Expansion 1,Verd + Vin,Verdalris,A fluid drawn from botanical life.,,
fennilphel,Fennilphel,/fehn-neel-phehl/,Noun: Herbal remedy,fennilphel herbal remedy noun   fennil + phel verdalris a soothing preparation made primarily from medicinal leaves or herbs.   noun: herbal remedy,,LX-NE1-0017,{},"{""origins"":[""Verdalris""],""nationalUses"":[""A soothing preparation made primarily from medicinal leaves or herbs.""],""derivations"":[""Fennil + Phel""],""variants"":[]}",National Expansion 1,Fennil + Phel,Verdalris,A soothing preparation made primarily from medicinal leaves or herbs.,,
belverd,Belverd,/behl-vehrd/,Noun: Joined or grafted living growth,belverd joined or grafted living growth noun   bel + verd verdalris a plant graft or cultivated joining of living botanical material.   noun: joined or grafted living growth,,LX-NE1-0018,{},"{""origins"":[""Verdalris""],""nationalUses"":[""A plant graft or cultivated joining of living botanical material.""],""derivations"":[""Bel + Verd""],""variants"":[]}",National Expansion 1,Bel + Verd,Verdalris,A plant graft or cultivated joining of living botanical material.,,
arthverd,Arthverd,/ahrth-vehrd/,Noun: Protective living vegetation,arthverd protective living vegetation noun   arth + verd verdalris a cultivated hedge or living plant barrier.   noun: protective living vegetation,,LX-NE1-0019,{},"{""origins"":[""Verdalris""],""nationalUses"":[""A cultivated hedge or living plant barrier.""],""derivations"":[""Arth + Verd""],""variants"":[]}",National Expansion 1,Arth + Verd,Verdalris,A cultivated hedge or living plant barrier.,,
zhaelral,Zhaelral,/zhah-ehl-rahl/,Noun: Restorative healer,zhaelral restorative healer noun   zhael + ral verdalris a caretaker of physical or ecological recovery.   noun: restorative healer,,LX-NE1-0020,{},"{""origins"":[""Verdalris""],""nationalUses"":[""A caretaker of physical or ecological recovery.""],""derivations"":[""Zhael + Ral""],""variants"":[]}",National Expansion 1,Zhael + Ral,Verdalris,A caretaker of physical or ecological recovery.,,
velmor,Velmor,/vehl-mohr/,Noun: Frozen ground; permafrost,velmor frozen ground; permafrost noun   vel + mor nivveil ground held in enduring cold.   noun: frozen ground; permafrost,,LX-NE1-0021,{},"{""origins"":[""Nivveil""],""nationalUses"":[""Ground held in enduring cold.""],""derivations"":[""Vel + Mor""],""variants"":[]}",National Expansion 1,Vel + Mor,Nivveil,Ground held in enduring cold.,,
xarphelor,Xarphelor,/xahr-phehl-ohr/,Noun: Warmth-retaining shelter,xarphelor warmth-retaining shelter noun   xar + phel + -or nivveil a nivveilian insulated shelter built to preserve warmth.   noun: warmth-retaining shelter,,LX-NE1-0022,{},"{""origins"":[""Nivveil""],""nationalUses"":[""A Nivveilian insulated shelter built to preserve warmth.""],""derivations"":[""Xar + Phel + -or""],""variants"":[]}",National Expansion 1,Xar + Phel + -or,Nivveil,A Nivveilian insulated shelter built to preserve warmth.,,
welkrez,Welkrez,/wehl-krehz/,Noun: Shared fire; communal heat source,welkrez shared fire; communal heat source noun   wel + krez nivveil a communally maintained hearth or source of warmth.   noun: shared fire; communal heat source,,LX-NE1-0023,{},"{""origins"":[""Nivveil""],""nationalUses"":[""A communally maintained hearth or source of warmth.""],""derivations"":[""Wel + Krez""],""variants"":[]}",National Expansion 1,Wel + Krez,Nivveil,A communally maintained hearth or source of warmth.,,
velalivar,Velalivar,/vehl-ah-lee-vahr/,Noun: Preservation through cold or dormancy,"velalivar preservation through cold or dormancy noun   vel + livar nivveil nivveilian cold storage; verdalrisian preservation of seeds, herbs, or specimens. vellivar  noun: preservation through cold or dormancy",,LX-NE1-0024,{},"{""origins"":[""Nivveil""],""nationalUses"":[""Nivveilian cold storage; Verdalrisian preservation of seeds, herbs, or specimens.""],""derivations"":[""Vel + Livar""],""variants"":[{""form"":""Vellivar"",""pronunciation"":""/vehl-lee-vahr/""}]}",National Expansion 1,Vel + Livar,Nivveil,"Nivveilian cold storage; Verdalrisian preservation of seeds, herbs, or specimens.",Vellivar,/vehl-lee-vahr/
veljor,Veljor,/vehl-johr/,Noun: Sudden freeze; cold snap,veljor sudden freeze; cold snap noun   vel + jor nivveil a brief and forceful onset of freezing weather.   noun: sudden freeze; cold snap,,LX-NE1-0025,{},"{""origins"":[""Nivveil""],""nationalUses"":[""A brief and forceful onset of freezing weather.""],""derivations"":[""Vel + Jor""],""variants"":[]}",National Expansion 1,Vel + Jor,Nivveil,A brief and forceful onset of freezing weather.,,
thalorimor,Thalorimor,/thah-loh-reem-ohr/,Noun: Lightning-management structure,thalorimor lightning-management structure noun   thalorim + -or valkeldor a valkeldorian lightning tower or storm-energy station.   noun: lightning-management structure,,LX-NE1-0026,{},"{""origins"":[""Valkeldor""],""nationalUses"":[""A Valkeldorian lightning tower or storm-energy station.""],""derivations"":[""Thalorim + -or""],""variants"":[]}",National Expansion 1,Thalorim + -or,Valkeldor,A Valkeldorian lightning tower or storm-energy station.,,
mormek,Mormek,/mohr-mehk/,Noun: Worked stone; masonry stone,mormek worked stone; masonry stone noun   mor + mek valkeldor prepared mineral material used in construction.   noun: worked stone; masonry stone,,LX-NE1-0027,{},"{""origins"":[""Valkeldor""],""nationalUses"":[""Prepared mineral material used in construction.""],""derivations"":[""Mor + Mek""],""variants"":[]}",National Expansion 1,Mor + Mek,Valkeldor,Prepared mineral material used in construction.,,
dralbelaen,Dralbelaen,/drahl-behl-ah-ehn/,Verb: To harness storm energy,dralbelaen to harness storm energy verb   dral + bel + -aen valkeldor to bind or direct the force of a storm for purposeful use.   verb: to harness storm energy,,LX-NE1-0028,{},"{""origins"":[""Valkeldor""],""nationalUses"":[""To bind or direct the force of a storm for purposeful use.""],""derivations"":[""Dral + Bel + -aen""],""variants"":[]}",National Expansion 1,Dral + Bel + -aen,Valkeldor,To bind or direct the force of a storm for purposeful use.,,
kalwek,Kalwek,/kahl-wehk/,Noun: Repeated strengthening or training cycle,kalwek repeated strengthening or training cycle noun   kal + wek valkeldor a valkeldorian drill or repeated combat-training exercise. kalewek; kalowek  noun: repeated strengthening or training cycle,,LX-NE1-0029,{},"{""origins"":[""Valkeldor""],""nationalUses"":[""A Valkeldorian drill or repeated combat-training exercise.""],""derivations"":[""Kal + Wek""],""variants"":[{""form"":""Kalewek"",""pronunciation"":""/kahl-eh-wehk/""},{""form"":""Kalowek"",""pronunciation"":""/kahl-oh-wehk/""}]}",National Expansion 1,Kal + Wek,Valkeldor,A Valkeldorian drill or repeated combat-training exercise.,Kalewek; Kalowek,/kahl-eh-wehk/; /kahl-oh-wehk/
arthaxar,Arthaxar,/ahrth-ah-xahr/,Noun: Armor; purpose-built protective covering,arthaxar armor; purpose-built protective covering noun   arth + xar valkeldor protective covering worn or fitted against physical harm. arthxar  noun: armor; purpose-built protective covering,,LX-NE1-0030,{},"{""origins"":[""Valkeldor""],""nationalUses"":[""Protective covering worn or fitted against physical harm.""],""derivations"":[""Arth + Xar""],""variants"":[{""form"":""Arthxar"",""pronunciation"":""/ahrth-xahr/""}]}",National Expansion 1,Arth + Xar,Valkeldor,Protective covering worn or fitted against physical harm.,Arthxar,/ahrth-xahr/
thalbel,Thalbel,/thahl-behl/,Noun: Codified law; legal code,thalbel codified law; legal code noun   thal + bel marakor a formally bound system of law.   noun: codified law; legal code,,LX-NE1-0031,{},"{""origins"":[""Marakor""],""nationalUses"":[""A formally bound system of law.""],""derivations"":[""Thal + Bel""],""variants"":[]}",National Expansion 1,Thal + Bel,Marakor,A formally bound system of law.,,
liankavor,Liankavor,/lee-ahn-kah-vohr/,Noun: Archive; records repository,liankavor archive; records repository noun   lian + kav + -or marakor a place where records and preserved knowledge are kept.   noun: archive; records repository,,LX-NE1-0032,{},"{""origins"":[""Marakor""],""nationalUses"":[""A place where records and preserved knowledge are kept.""],""derivations"":[""Lian + Kav + -or""],""variants"":[]}",National Expansion 1,Lian + Kav + -or,Marakor,A place where records and preserved knowledge are kept.,,
kavral,Kavral,/kahv-rahl/,Noun: Keeper of preserved records or objects,"kavral keeper of preserved records or objects noun   kav + ral marakor a marakorian archivist or, elsewhere, a curator or preservation keeper.   noun: keeper of preserved records or objects",,LX-NE1-0033,{},"{""origins"":[""Marakor""],""nationalUses"":[""A Marakorian archivist or, elsewhere, a curator or preservation keeper.""],""derivations"":[""Kav + Ral""],""variants"":[]}",National Expansion 1,Kav + Ral,Marakor,"A Marakorian archivist or, elsewhere, a curator or preservation keeper.",,
kalshen,Kalshen,/kahl-shehn/,"Noun: Measured level of ability, standing, or authority","kalshen measured level of ability, standing, or authority noun   kal + shen marakor a marakorian official rank or formally assessed standing.   noun: measured level of ability, standing, or authority",,LX-NE1-0034,{},"{""origins"":[""Marakor""],""nationalUses"":[""A Marakorian official rank or formally assessed standing.""],""derivations"":[""Kal + Shen""],""variants"":[]}",National Expansion 1,Kal + Shen,Marakor,A Marakorian official rank or formally assessed standing.,,
rinshen,Rinshen,/reen-shehn/,Noun: Official identifying record,rinshen official identifying record noun   rin + shen marakor a civic registration or record used to establish identity.   noun: official identifying record,,LX-NE1-0035,{},"{""origins"":[""Marakor""],""nationalUses"":[""A civic registration or record used to establish identity.""],""derivations"":[""Rin + Shen""],""variants"":[]}",National Expansion 1,Rin + Shen,Marakor,A civic registration or record used to establish identity.,,
dralshara,Dralshara,/drahl-shah-rah/,Noun: Star route; celestial path,dralshara star route; celestial path noun   dral + shara zarithan a route found or followed through observation of the heavens.   noun: star route; celestial path,,LX-NE1-0036,{},"{""origins"":[""Zarithan""],""nationalUses"":[""A route found or followed through observation of the heavens.""],""derivations"":[""Dral + Shara""],""variants"":[]}",National Expansion 1,Dral + Shara,Zarithan,A route found or followed through observation of the heavens.,,
eshlor,Eshlor,/ehsh-lohr/,Noun: Wind bearing; direction read from the air,eshlor wind bearing; direction read from the air noun   esh + lor zarithan a navigational bearing determined from wind or atmospheric movement.   noun: wind bearing; direction read from the air,,LX-NE1-0037,{},"{""origins"":[""Zarithan""],""nationalUses"":[""A navigational bearing determined from wind or atmospheric movement.""],""derivations"":[""Esh + Lor""],""variants"":[]}",National Expansion 1,Esh + Lor,Zarithan,A navigational bearing determined from wind or atmospheric movement.,,
karvek,Karvek,/kahr-vehk/,Noun: Portable toolkit,karvek portable toolkit noun   kar + vek zarithan a carried set of tools for repair or practical work.   noun: portable toolkit,,LX-NE1-0038,{},"{""origins"":[""Zarithan""],""nationalUses"":[""A carried set of tools for repair or practical work.""],""derivations"":[""Kar + Vek""],""variants"":[]}",National Expansion 1,Kar + Vek,Zarithan,A carried set of tools for repair or practical work.,,
sharavok,Sharavok,/shah-rah-vohk/,Noun: Traveling company; caravan,sharavok traveling company; caravan noun   shara + vok zarithan a group bonded by a shared journey.   noun: traveling company; caravan,,LX-NE1-0039,{},"{""origins"":[""Zarithan""],""nationalUses"":[""A group bonded by a shared journey.""],""derivations"":[""Shara + Vok""],""variants"":[]}",National Expansion 1,Shara + Vok,Zarithan,A group bonded by a shared journey.,,
vethdren,Vethdren,/vehth-drehn/,Noun: Concealed or subterranean water,vethdren concealed or subterranean water noun   veth + dren zarithan a hidden survival source in zarithan; a protected underground supply in jasara.   noun: concealed or subterranean water,,LX-NE1-0040,{},"{""origins"":[""Zarithan""],""nationalUses"":[""A hidden survival source in Zarithan; a protected underground supply in Jasara.""],""derivations"":[""Veth + Dren""],""variants"":[]}",National Expansion 1,Veth + Dren,Zarithan,A hidden survival source in Zarithan; a protected underground supply in Jasara.,,
dor,Dor,/dohr/,Verb: To put or place something at a location,dor to put or place something at a location verb        verb: to put or place something at a location,Yes,LX-CNE1-0001; XR-dor,{},null,Conversational Narrative Engine 1,,,,,
vekaen,Vekaen,/veh-kah-ehn/,Verb: To carry or transport while retaining responsibility for what is moved,vekaen to carry or transport while retaining responsibility for what is moved verb   vek + -aen     verb: to carry or transport while retaining responsibility for what is moved,,LX-CNE1-0002,{},"{""origins"":[],""nationalUses"":[],""derivations"":[""Vek + -aen""],""variants"":[]}",Conversational Narrative Engine 1,Vek + -aen,,,,
korinaen,Korinaen,/kohr-ee-nah-ehn/,Verb: To hold or maintain a grip on,korinaen to hold or maintain a grip on verb   korin + -aen     verb: to hold or maintain a grip on,,LX-CNE1-0003,{},"{""origins"":[],""nationalUses"":[],""derivations"":[""Korin + -aen""],""variants"":[]}",Conversational Narrative Engine 1,Korin + -aen,,,,
aloraen,Aloraen,/ah-loh-rah-ehn/,Verb: To drop release downward or let fall,aloraen to drop release downward or let fall verb   alor + -aen     verb: to drop release downward or let fall,,LX-CNE1-0004,{},"{""origins"":[],""nationalUses"":[],""derivations"":[""Alor + -aen""],""variants"":[]}",Conversational Narrative Engine 1,Alor + -aen,,,,
kaxaraen,Kaxaraen,/kah-xah-rah-ehn/,Verb: To open uncover or remove a closure so access becomes possible,kaxaraen to open uncover or remove a closure so access becomes possible verb   ka + xar + -aen     verb: to open uncover or remove a closure so access becomes possible,,LX-CNE1-0005,{},"{""origins"":[],""nationalUses"":[],""derivations"":[""Ka + Xar + -aen""],""variants"":[]}",Conversational Narrative Engine 1,Ka + Xar + -aen,,,,
xaraen,Xaraen,/xah-rah-ehn/,Verb: To close cover or move an opening into a shut state,xaraen to close cover or move an opening into a shut state verb   xar + -aen     verb: to close cover or move an opening into a shut state,,LX-CNE1-0006,{},"{""origins"":[],""nationalUses"":[],""derivations"":[""Xar + -aen""],""variants"":[]}",Conversational Narrative Engine 1,Xar + -aen,,,,
jekaen,Jekaen,/jeh-kah-ehn/,Verb: To turn rotate or change facing,jekaen to turn rotate or change facing verb   jek + -aen     verb: to turn rotate or change facing,,LX-CNE1-0007,{},"{""origins"":[],""nationalUses"":[],""derivations"":[""Jek + -aen""],""variants"":[]}",Conversational Narrative Engine 1,Jek + -aen,,,,
sharaen,Sharaen,/shah-rah-ehn/,Verb: To follow a person route sequence or instruction,sharaen to follow a person route sequence or instruction verb   shara + -aen     verb: to follow a person route sequence or instruction,,LX-CNE1-0008,{},"{""origins"":[],""nationalUses"":[],""derivations"":[""Shara + -aen""],""variants"":[]}",Conversational Narrative Engine 1,Shara + -aen,,,,
dar,Dar,/dahr/,Verb: To wait or pause while an event remains pending; hold on,dar to wait or pause while an event remains pending; hold on verb        verb: to wait or pause while an event remains pending; hold on,Yes,LX-CNE1-0009; XR-dar,{},null,Conversational Narrative Engine 1,,,,,
siv,Siv,/seev/,Verb: To try or attempt without presupposing the outcome,siv to try or attempt without presupposing the outcome verb        verb: to try or attempt without presupposing the outcome,Yes,LX-CNE1-0010; XR-siv,{},null,Conversational Narrative Engine 1,,,,,
sivathaen,Sivathaen,/see-vath-ah-ehn/,Verb: To succeed or reach the intended outcome of an attempt,sivathaen to succeed or reach the intended outcome of an attempt verb   siv + ath + -aen     verb: to succeed or reach the intended outcome of an attempt,,LX-CNE1-0011,{},"{""origins"":[],""nationalUses"":[],""derivations"":[""Siv + Ath + -aen""],""variants"":[]}",Conversational Narrative Engine 1,Siv + Ath + -aen,,,,
sivrethaen,Sivrethaen,/seev-reth-ah-ehn/,Verb: To fail or end an attempt without its intended outcome,sivrethaen to fail or end an attempt without its intended outcome verb   siv + reth + -aen   sivarethaen  verb: to fail or end an attempt without its intended outcome,,LX-CNE1-0012,{},"{""origins"":[],""nationalUses"":[],""derivations"":[""Siv + Reth + -aen""],""variants"":[{""form"":""Sivarethaen"",""pronunciation"":""/see-vah-reth-ah-ehn/""}]}",Conversational Narrative Engine 1,Siv + Reth + -aen,,,Sivarethaen,/see-vah-reth-ah-ehn/
tharsharaen,Tharsharaen,/thahr-shah-rah-ehn/,Verb: To decide or choose a course by an act of will,tharsharaen to decide or choose a course by an act of will verb   thar + shara + -aen     verb: to decide or choose a course by an act of will,,LX-CNE1-0013,{},"{""origins"":[],""nationalUses"":[],""derivations"":[""Thar + Shara + -aen""],""variants"":[]}",Conversational Narrative Engine 1,Thar + Shara + -aen,,,,
tharshara,Tharshara,/thahr-shah-rah/,Noun: A choice; the course selected among alternatives,tharshara a choice; the course selected among alternatives noun   thar + shara     noun: a choice; the course selected among alternatives,,LX-CNE1-0014,{},"{""origins"":[],""nationalUses"":[],""derivations"":[""Thar + Shara""],""variants"":[]}",Conversational Narrative Engine 1,Thar + Shara,,,,
drenvaraen,Drenvaraen,/drehn-vah-rah-ehn/,Verb: To change alter or become meaningfully different,drenvaraen to change alter or become meaningfully different verb   dren + var + -aen     verb: to change alter or become meaningfully different,,LX-CNE1-0015,{},"{""origins"":[],""nationalUses"":[],""derivations"":[""Dren + Var + -aen""],""variants"":[]}",Conversational Narrative Engine 1,Dren + Var + -aen,,,,
kes,Kes,/kehs/,Verb: To notice or register something in awareness,kes to notice or register something in awareness verb        verb: to notice or register something in awareness,Yes,LX-CNE1-0016; XR-kes,{},null,Conversational Narrative Engine 1,,,,,
velzhiraen,Velzhiraen,/vehl-zhee-rah-ehn/,Verb: To remember or retain a fact person event or intention in memory,velzhiraen to remember or retain a fact person event or intention in memory verb   vel + zhir + -aen     verb: to remember or retain a fact person event or intention in memory,,LX-CNE1-0017,{},"{""origins"":[],""nationalUses"":[],""derivations"":[""Vel + Zhir + -aen""],""variants"":[]}",Conversational Narrative Engine 1,Vel + Zhir + -aen,,,,
kavelzhiraen,Kavelzhiraen,/kah-vehl-zhee-rah-ehn/,Verb: To forget or lose access to something previously known or intended,kavelzhiraen to forget or lose access to something previously known or intended verb   ka + vel + zhir + -aen     verb: to forget or lose access to something previously known or intended,,LX-CNE1-0018,{},"{""origins"":[],""nationalUses"":[],""derivations"":[""Ka + Vel + Zhir + -aen""],""variants"":[]}",Conversational Narrative Engine 1,Ka + Vel + Zhir + -aen,,,,
athnor,Athnor,/ath-nohr/,Particle: Already; completed by the reference time,athnor already; completed by the reference time particle   ath + nor   athanor  particle: already; completed by the reference time,,LX-CNE1-0019,{},"{""origins"":[],""nationalUses"":[],""derivations"":[""Ath + Nor""],""variants"":[{""form"":""Athanor"",""pronunciation"":""/ath-ah-nohr/""}]}",Conversational Narrative Engine 1,Ath + Nor,,,Athanor,/ath-ah-nohr/
nethnor,Nethnor,/neth-nohr/,Particle: Still; continuing to be true at the reference time,nethnor still; continuing to be true at the reference time particle   neth + nor   nethanor  particle: still; continuing to be true at the reference time,,LX-CNE1-0020,{},"{""origins"":[],""nationalUses"":[],""derivations"":[""Neth + Nor""],""variants"":[{""form"":""Nethanor"",""pronunciation"":""/neth-ah-nohr/""}]}",Conversational Narrative Engine 1,Neth + Nor,,,Nethanor,/neth-ah-nohr/
felath,Felath,/feh-lath/,Particle: Almost; near realization but not complete,felath almost; near realization but not complete particle   fel + ath     particle: almost; near realization but not complete,,LX-CNE1-0021,{},"{""origins"":[],""nationalUses"":[],""derivations"":[""Fel + Ath""],""variants"":[]}",Conversational Narrative Engine 1,Fel + Ath,,,,
worlian,Worlian,/wohr-lee-ahn/,Quantifier: Enough; sufficient for the relevant need or purpose,worlian enough; sufficient for the relevant need or purpose quantifier   wor + lian     quantifier: enough; sufficient for the relevant need or purpose,,LX-CNE1-0022,{},"{""origins"":[],""nationalUses"":[],""derivations"":[""Wor + Lian""],""variants"":[]}",Conversational Narrative Engine 1,Wor + Lian,,,,
rethshara,Rethshara,/reth-shah-rah/,Particle: Instead; by a substituted course or option,rethshara instead; by a substituted course or option particle   reth + shara     particle: instead; by a substituted course or option,,LX-CNE1-0023,{},"{""origins"":[],""nationalUses"":[],""derivations"":[""Reth + Shara""],""variants"":[]}",Conversational Narrative Engine 1,Reth + Shara,,,,
servok,Servok,/sehr-vohk/,Particle: Together; in one company or coordinated action,servok together; in one company or coordinated action particle   ser + vok     particle: together; in one company or coordinated action,,LX-CNE1-0024,{},"{""origins"":[],""nationalUses"":[],""derivations"":[""Ser + Vok""],""variants"":[]}",Conversational Narrative Engine 1,Ser + Vok,,,,
kavok,Kavok,/kah-vohk/,Particle: Apart; separate in place company or coordinated action,kavok apart; separate in place company or coordinated action particle   ka + vok     particle: apart; separate in place company or coordinated action,,LX-CNE1-0025,{},"{""origins"":[],""nationalUses"":[],""derivations"":[""Ka + Vok""],""variants"":[]}",Conversational Narrative Engine 1,Ka + Vok,,,,
zhirkor,Zhirkor,/zheer-kohr/,Noun: A cause; the initiating condition or event that produces an effect,zhirkor a cause; the initiating condition or event that produces an effect noun   zhir + kor     noun: a cause; the initiating condition or event that produces an effect,,LX-CNE1-0026,{},"{""origins"":[],""nationalUses"":[],""derivations"":[""Zhir + Kor""],""variants"":[]}",Conversational Narrative Engine 1,Zhir + Kor,,,,
zhirath,Zhirath,/zhee-rath/,Noun: A result or consequence realized by prior conditions,zhirath a result or consequence realized by prior conditions noun   zhir + ath     noun: a result or consequence realized by prior conditions,,LX-CNE1-0027,{},"{""origins"":[],""nationalUses"":[],""derivations"":[""Zhir + Ath""],""variants"":[]}",Conversational Narrative Engine 1,Zhir + Ath,,,,
lianzhir,Lianzhir,/lee-ahn-zheer/,Noun: A reason; an explanatory or justificatory connection,lianzhir a reason; an explanatory or justificatory connection noun   lian + zhir     noun: a reason; an explanatory or justificatory connection,,LX-CNE1-0028,{},"{""origins"":[],""nationalUses"":[],""derivations"":[""Lian + Zhir""],""variants"":[]}",Conversational Narrative Engine 1,Lian + Zhir,,,,
rethpral,Rethpral,/reth-prahl/,Noun: A mistake; an incorrect act judgment or construction,rethpral a mistake; an incorrect act judgment or construction noun   reth + pral   rethapral  noun: a mistake; an incorrect act judgment or construction,,LX-CNE1-0029,{},"{""origins"":[],""nationalUses"":[],""derivations"":[""Reth + Pral""],""variants"":[{""form"":""Rethapral"",""pronunciation"":""/reth-ah-prahl/""}]}",Conversational Narrative Engine 1,Reth + Pral,,,Rethapral,/reth-ah-prahl/
belreth,Belreth,/behl-reth/,Noun: A problem; a bounded difficulty that obstructs an intended course,belreth a problem; a bounded difficulty that obstructs an intended course noun   bel + reth   belareth  noun: a problem; a bounded difficulty that obstructs an intended course,,LX-CNE1-0030,{},"{""origins"":[],""nationalUses"":[],""derivations"":[""Bel + Reth""],""variants"":[{""form"":""Belareth"",""pronunciation"":""/behl-ah-reth/""}]}",Conversational Narrative Engine 1,Bel + Reth,,,Belareth,/behl-ah-reth/
lianbel,Lianbel,/lee-ahn-behl/,Noun: A solution; an arrangement answer or action that resolves a problem,lianbel a solution; an arrangement answer or action that resolves a problem noun   lian + bel     noun: a solution; an arrangement answer or action that resolves a problem,,LX-CNE1-0031,{},"{""origins"":[],""nationalUses"":[],""derivations"":[""Lian + Bel""],""variants"":[]}",Conversational Narrative Engine 1,Lian + Bel,,,,
rakel,Rakel,/rah-kehl/,Interjection: Pardon? What did you say?,rakel pardon? what did you say? interjection   ra + kel     interjection: pardon? what did you say?,,LX-CNE1-0032,{},"{""origins"":[],""nationalUses"":[],""derivations"":[""Ra + Kel""],""variants"":[]}",Conversational Narrative Engine 1,Ra + Kel,,,,
serdel,Serdel,/sehr-dehl/,Preposition: Between; in the interval or relation bounded by two anchors,serdel between; in the interval or relation bounded by two anchors preposition   ser + del     preposition: between; in the interval or relation bounded by two anchors,,LX-CNE1-0033,{},"{""origins"":[],""nationalUses"":[],""derivations"":[""Ser + Del""],""variants"":[]}",Conversational Narrative Engine 1,Ser + Del,,,,
shalvar,Shalvar,/shahl-vahr/,Preposition: Ahead of or in front of relative to facing or motion,shalvar ahead of or in front of relative to facing or motion preposition   shal + var     preposition: ahead of or in front of relative to facing or motion,,LX-CNE1-0034,{},"{""origins"":[],""nationalUses"":[],""derivations"":[""Shal + Var""],""variants"":[]}",Conversational Narrative Engine 1,Shal + Var,,,,
vethvar,Vethvar,/veth-vahr/,Preposition: Behind or at the back of relative to facing or motion,vethvar behind or at the back of relative to facing or motion preposition   veth + var   vethavar  preposition: behind or at the back of relative to facing or motion,,LX-CNE1-0035,{},"{""origins"":[],""nationalUses"":[],""derivations"":[""Veth + Var""],""variants"":[{""form"":""Vethavar"",""pronunciation"":""/veth-ah-vahr/""}]}",Conversational Narrative Engine 1,Veth + Var,,,Vethavar,/veth-ah-vahr/
shan,Shan,/shahn/,Verb: Passing; transfer; handoff between states ; Preposition: Through or across from one side or boundary to another,"shan through or across from one side or boundary to another preposition       shan passing; transfer; handoff between states root root family evidence: terrashaneth, velpralim, dralshaneth builds words for passing onward, ceremonial transfer, blessing transmission, and movement between holders or generations.      verb: passing; transfer; handoff between states ; preposition: through or across from one side or boundary to another",Yes,LX-CNE1-0036; XR-shan,"{""showRootSense"":true}",null,Conversational Narrative Engine 1,,,,,
shalnor,Shalnor,/shahl-nohr/,Preposition: Before or earlier than a reference event or time,shalnor before or earlier than a reference event or time preposition   shal + nor     preposition: before or earlier than a reference event or time,,LX-CNE1-0037,{},"{""origins"":[],""nationalUses"":[],""derivations"":[""Shal + Nor""],""variants"":[]}",Conversational Narrative Engine 1,Shal + Nor,,,,
vethnor,Vethnor,/veth-nohr/,Preposition: After or later than a reference event or time,vethnor after or later than a reference event or time preposition   veth + nor   vethanor  preposition: after or later than a reference event or time,,LX-CNE1-0038,{},"{""origins"":[],""nationalUses"":[],""derivations"":[""Veth + Nor""],""variants"":[{""form"":""Vethanor"",""pronunciation"":""/veth-ah-nohr/""}]}",Conversational Narrative Engine 1,Veth + Nor,,,Vethanor,/veth-ah-nohr/
sernor,Sernor,/sehr-nohr/,Conjunction: While; during the time that another event occurs,sernor while; during the time that another event occurs conjunction   ser + nor     conjunction: while; during the time that another event occurs,,LX-CNE1-0039,{},"{""origins"":[],""nationalUses"":[],""derivations"":[""Ser + Nor""],""variants"":[]}",Conversational Narrative Engine 1,Ser + Nor,,,,
varnor,Varnor,/vahr-nohr/,Preposition: Until or up to a specified time or event,varnor until or up to a specified time or event preposition   var + nor     preposition: until or up to a specified time or event,,LX-CNE1-0040,{},"{""origins"":[],""nationalUses"":[],""derivations"":[""Var + Nor""],""variants"":[]}",Conversational Narrative Engine 1,Var + Nor,,,,
shem,Shem,/shehm/,"Noun: A handled scoop used to stir, lift, or serve food or liquid; spoon or ladle","shem a handled scoop used to stir, lift, or serve food or liquid; spoon or ladle noun        noun: a handled scoop used to stir, lift, or serve food or liquid; spoon or ladle",Yes,LX-DSL1-0001; XR-shem,{},null,Domestic and Sensory Life 1,,,,,
krezvek,Krezvek,/krehz-vehk/,Noun: A deep heat-safe vessel used for cooking over or beside fire; cooking pot,krezvek a deep heat-safe vessel used for cooking over or beside fire; cooking pot noun   krez + vek     noun: a deep heat-safe vessel used for cooking over or beside fire; cooking pot,,LX-DSL1-0002,{},"{""origins"":[],""nationalUses"":[],""derivations"":[""Krez + Vek""],""variants"":[]}",Domestic and Sensory Life 1,Krez + Vek,,,,
krezpral,Krezpral,/krehz-prahl/,Noun: A shallow or flat cooking surface heated by fire; pan or griddle,krezpral a shallow or flat cooking surface heated by fire; pan or griddle noun   krez + pral   krezapral  noun: a shallow or flat cooking surface heated by fire; pan or griddle,,LX-DSL1-0003,{},"{""origins"":[],""nationalUses"":[],""derivations"":[""Krez + Pral""],""variants"":[{""form"":""Krezapral"",""pronunciation"":""/kreh-zah-prahl/""}]}",Domestic and Sensory Life 1,Krez + Pral,,,Krezapral,/kreh-zah-prahl/
emilpral,Emilpral,/eh-meel-prahl/,Noun: A flat object on which food is served or eaten; plate or serving tray,emilpral a flat object on which food is served or eaten; plate or serving tray noun   emil + pral     noun: a flat object on which food is served or eaten; plate or serving tray,,LX-DSL1-0004,{},"{""origins"":[],""nationalUses"":[],""derivations"":[""Emil + Pral""],""variants"":[]}",Domestic and Sensory Life 1,Emil + Pral,,,,
kavvek,Kavvek,/kahv-vehk/,"Noun: A closable vessel used to store and preserve food, liquid, or small materials; jar","kavvek a closable vessel used to store and preserve food, liquid, or small materials; jar noun   kav + vek   kavavek  noun: a closable vessel used to store and preserve food, liquid, or small materials; jar",,LX-DSL1-0005,{},"{""origins"":[],""nationalUses"":[],""derivations"":[""Kav + Vek""],""variants"":[{""form"":""Kavavek"",""pronunciation"":""/kah-vah-vehk/""}]}",Domestic and Sensory Life 1,Kav + Vek,,,Kavavek,/kah-vah-vehk/
eshpral,Eshpral,/ehsh-prahl/,Noun: A raised flat support surface used to hold household objects; shelf,eshpral a raised flat support surface used to hold household objects; shelf noun   esh + pral   eshapral  noun: a raised flat support surface used to hold household objects; shelf,,LX-DSL1-0006,{},"{""origins"":[],""nationalUses"":[],""derivations"":[""Esh + Pral""],""variants"":[{""form"":""Eshapral"",""pronunciation"":""/eh-shah-prahl/""}]}",Domestic and Sensory Life 1,Esh + Pral,,,Eshapral,/eh-shah-prahl/
xarvek,Xarvek,/xahr-vehk/,"Noun: An enclosed household storage container; chest, cupboard, or cabinet","xarvek an enclosed household storage container; chest, cupboard, or cabinet noun   xar + vek     noun: an enclosed household storage container; chest, cupboard, or cabinet",,LX-DSL1-0007,{},"{""origins"":[],""nationalUses"":[],""derivations"":[""Xar + Vek""],""variants"":[]}",Domestic and Sensory Life 1,Xar + Vek,,,,
rask,Rask,/rahsk/,Noun: Animal skin or removed raw hide before preparation as leather,rask animal skin or removed raw hide before preparation as leather noun        noun: animal skin or removed raw hide before preparation as leather,Yes,LX-DSL1-0008; XR-rask,{},null,Domestic and Sensory Life 1,,,,,
mekrask,Mekrask,/mehk-rahsk/,"Noun: Prepared hide made durable for clothing, straps, containers, or coverings; leather","mekrask prepared hide made durable for clothing, straps, containers, or coverings; leather noun   mek + rask     noun: prepared hide made durable for clothing, straps, containers, or coverings; leather",,LX-DSL1-0009,{},"{""origins"":[],""nationalUses"":[],""derivations"":[""Mek + Rask""],""variants"":[]}",Domestic and Sensory Life 1,Mek + Rask,,,,
lem,Lem,/lehm/,Noun: Fine mineral earth that becomes plastic and shapeable when wet; clay,lem fine mineral earth that becomes plastic and shapeable when wet; clay noun        noun: fine mineral earth that becomes plastic and shapeable when wet; clay,Yes,LX-DSL1-0010; XR-lem,{},null,Domestic and Sensory Life 1,,,,,
lemath,Lemath,/leh-mahth/,Noun: Clay transformed into a hard durable material by firing; fired clay or ceramic,lemath clay transformed into a hard durable material by firing; fired clay or ceramic noun   lem + -ath     noun: clay transformed into a hard durable material by firing; fired clay or ceramic,,LX-DSL1-0011,{},"{""origins"":[],""nationalUses"":[],""derivations"":[""Lem + -ath""],""variants"":[]}",Domestic and Sensory Life 1,Lem + -ath,,,,
selmek,Selmek,/sehl-mehk/,Noun: A hard clear manufactured material that transmits light; glass,selmek a hard clear manufactured material that transmits light; glass noun   sel + mek     noun: a hard clear manufactured material that transmits light; glass,,LX-DSL1-0012,{},"{""origins"":[],""nationalUses"":[],""derivations"":[""Sel + Mek""],""variants"":[]}",Domestic and Sensory Life 1,Sel + Mek,,,,
tir,Tir,/teer/,Noun: Copper; the reddish workable elemental metal,tir copper; the reddish workable elemental metal noun        noun: copper; the reddish workable elemental metal,Yes,LX-DSL1-0013; XR-tir,{},null,Domestic and Sensory Life 1,,,,,
tirkal,Tirkal,/teer-kahl/,Noun: Bronze; the hardened copper-based alloy used for tools vessels fittings or ornament,tirkal bronze; the hardened copper-based alloy used for tools vessels fittings or ornament noun   tir + kal     noun: bronze; the hardened copper-based alloy used for tools vessels fittings or ornament,,LX-DSL1-0014,{},"{""origins"":[],""nationalUses"":[],""derivations"":[""Tir + Kal""],""variants"":[]}",Domestic and Sensory Life 1,Tir + Kal,,,,
aiv,Aiv,/ah-eev/,Noun: Bodily pain or physical hurting without specifying its cause or intensity,aiv bodily pain or physical hurting without specifying its cause or intensity noun        noun: bodily pain or physical hurting without specifying its cause or intensity,Yes,LX-DSL1-0015; XR-aiv,{},null,Domestic and Sensory Life 1,,,,,
aivaen,Aivaen,/ah-ee-vah-ehn/,Verb: To ache or hurt with a dull continuing bodily pain,aivaen to ache or hurt with a dull continuing bodily pain verb   aiv + -aen     verb: to ache or hurt with a dull continuing bodily pain,,LX-DSL1-0016,{},"{""origins"":[],""nationalUses"":[],""derivations"":[""Aiv + -aen""],""variants"":[]}",Domestic and Sensory Life 1,Aiv + -aen,,,,
pelaivaen,Pelaivaen,/pehl-ah-ee-vah-ehn/,"Verb: To sting; to produce or experience sudden, sharp, localized pain","pelaivaen to sting; to produce or experience sudden, sharp, localized pain verb   pel + aiv + -aen     verb: to sting; to produce or experience sudden, sharp, localized pain",,LX-DSL1-0017,{},"{""origins"":[],""nationalUses"":[],""derivations"":[""Pel + Aiv + -aen""],""variants"":[]}",Domestic and Sensory Life 1,Pel + Aiv + -aen,,,,
rekaivaen,Rekaivaen,/reh-kah-ee-vah-ehn/,"Verb: To burn bodily; to produce or experience hot, searing, or irritating pain","rekaivaen to burn bodily; to produce or experience hot, searing, or irritating pain verb   rek + aiv + -aen     verb: to burn bodily; to produce or experience hot, searing, or irritating pain",,LX-DSL1-0018,{},"{""origins"":[],""nationalUses"":[],""derivations"":[""Rek + Aiv + -aen""],""variants"":[]}",Domestic and Sensory Life 1,Rek + Aiv + -aen,,,,
teshaen,Teshaen,/teh-shah-ehn/,Verb: To itch; to produce or experience surface irritation that urges rubbing or scratching,teshaen to itch; to produce or experience surface irritation that urges rubbing or scratching verb   tesh + -aen     verb: to itch; to produce or experience surface irritation that urges rubbing or scratching,,LX-DSL1-0019,{},"{""origins"":[],""nationalUses"":[],""derivations"":[""Tesh + -aen""],""variants"":[]}",Domestic and Sensory Life 1,Tesh + -aen,,,,
rivaen,Rivaen,/ree-vah-ehn/,"Verb: To shiver or tremble in small involuntary motions from cold, fear, illness, or strain","rivaen to shiver or tremble in small involuntary motions from cold, fear, illness, or strain verb   riv + -aen     verb: to shiver or tremble in small involuntary motions from cold, fear, illness, or strain",,LX-DSL1-0020,{},"{""origins"":[],""nationalUses"":[],""derivations"":[""Riv + -aen""],""variants"":[]}",Domestic and Sensory Life 1,Riv + -aen,,,,
jelaen,Jelaen,/jeh-lah-ehn/,Verb: To taste; to perceive or examine flavor through the mouth,jelaen to taste; to perceive or examine flavor through the mouth verb   jel + -aen     verb: to taste; to perceive or examine flavor through the mouth,,LX-DSL1-0021,{},"{""origins"":[],""nationalUses"":[],""derivations"":[""Jel + -aen""],""variants"":[]}",Domestic and Sensory Life 1,Jel + -aen,,,,
kelvorthamaen,Kelvorthamaen,/kehl-vohr-thah-mah-ehn/,Verb: To chew; to crush food repeatedly in the mouth before swallowing,kelvorthamaen to chew; to crush food repeatedly in the mouth before swallowing verb   kelvor + tham + -aen     verb: to chew; to crush food repeatedly in the mouth before swallowing,,LX-DSL1-0022,{},"{""origins"":[],""nationalUses"":[],""derivations"":[""Kelvor + Tham + -aen""],""variants"":[]}",Domestic and Sensory Life 1,Kelvor + Tham + -aen,,,,
feldrenaen,Feldrenaen,/fehl-dreh-nah-ehn/,Verb: To drip; for liquid to fall or emerge in small separated drops,feldrenaen to drip; for liquid to fall or emerge in small separated drops verb   fel + dren + -aen     verb: to drip; for liquid to fall or emerge in small separated drops,,LX-DSL1-0023,{},"{""origins"":[],""nationalUses"":[],""derivations"":[""Fel + Dren + -aen""],""variants"":[]}",Domestic and Sensory Life 1,Fel + Dren + -aen,,,,
pelvokaen,Pelvokaen,/pehl-voh-kah-ehn/,Verb: To snap; to break suddenly with a sharp crack,pelvokaen to snap; to break suddenly with a sharp crack verb   pel + vok + -aen     verb: to snap; to break suddenly with a sharp crack,,LX-DSL1-0024,{},"{""origins"":[],""nationalUses"":[],""derivations"":[""Pel + Vok + -aen""],""variants"":[]}",Domestic and Sensory Life 1,Pel + Vok + -aen,,,,
selpralaen,Selpralaen,/sehl-prah-lah-ehn/,Verb: To polish; to rub or work a surface until it becomes smooth clean or reflective,selpralaen to polish; to rub or work a surface until it becomes smooth clean or reflective verb   sel + pral + -aen     verb: to polish; to rub or work a surface until it becomes smooth clean or reflective,,LX-DSL1-0025,{},"{""origins"":[],""nationalUses"":[],""derivations"":[""Sel + Pral + -aen""],""variants"":[]}",Domestic and Sensory Life 1,Sel + Pral + -aen,,,,
pelvaraen,Pelvaraen,/pehl-vah-rah-ehn/,Verb: To scrape; to drag a hard or sharp edge across a surface to abrade it or remove material,pelvaraen to scrape; to drag a hard or sharp edge across a surface to abrade it or remove material verb   pel + var + -aen     verb: to scrape; to drag a hard or sharp edge across a surface to abrade it or remove material,,LX-DSL1-0026,{},"{""origins"":[],""nationalUses"":[],""derivations"":[""Pel + Var + -aen""],""variants"":[]}",Domestic and Sensory Life 1,Pel + Var + -aen,,,,
zem,Zem,/zehm/,Noun: Wood or timber as a workable material separated conceptually from a living tree,zem wood or timber as a workable material separated conceptually from a living tree noun        noun: wood or timber as a workable material separated conceptually from a living tree,Yes,LX-DSL1-0027; XR-zem,{},null,Domestic and Sensory Life 1,,,,,
kren,Kren,/krehn/,Noun: Metal as a general class of hard workable material without specifying a particular metal,kren metal as a general class of hard workable material without specifying a particular metal noun        noun: metal as a general class of hard workable material without specifying a particular metal,Yes,LX-DSL1-0028; XR-kren,{},null,Domestic and Sensory Life 1,,,,,
drentalaen,Drentalaen,/drehn-tah-lah-ehn/,Verb: To pour; to transfer liquid deliberately in a directed stream,drentalaen to pour; to transfer liquid deliberately in a directed stream verb   dren + tal + -aen   drenatalaen  verb: to pour; to transfer liquid deliberately in a directed stream,,LX-DSL1-0029,{},"{""origins"":[],""nationalUses"":[],""derivations"":[""Dren + Tal + -aen""],""variants"":[{""form"":""Drenatalaen"",""pronunciation"":""/dreh-nah-tah-lah-ehn/""}]}",Domestic and Sensory Life 1,Dren + Tal + -aen,,,Drenatalaen,/dreh-nah-tah-lah-ehn/
jekthamaen,Jekthamaen,/jehk-thah-mah-ehn/,Verb: To stir or mix a soft or liquid substance by repeated circular movement,jekthamaen to stir or mix a soft or liquid substance by repeated circular movement verb   jek + tham + -aen   jekathamaen  verb: to stir or mix a soft or liquid substance by repeated circular movement,,LX-DSL1-0030,{},"{""origins"":[],""nationalUses"":[],""derivations"":[""Jek + Tham + -aen""],""variants"":[{""form"":""Jekathamaen"",""pronunciation"":""/jeh-kah-thah-mah-ehn/""}]}",Domestic and Sensory Life 1,Jek + Tham + -aen,,,Jekathamaen,/jeh-kah-thah-mah-ehn/
drenselaen,Drenselaen,/drehn-seh-lah-ehn/,Verb: To wash or rinse something with liquid so grime or residue is removed,drenselaen to wash or rinse something with liquid so grime or residue is removed verb   dren + sel + -aen     verb: to wash or rinse something with liquid so grime or residue is removed,,LX-DSL1-0031,{},"{""origins"":[],""nationalUses"":[],""derivations"":[""Dren + Sel + -aen""],""variants"":[]}",Domestic and Sensory Life 1,Dren + Sel + -aen,,,,
numaen,Numaen,/noo-mah-ehn/,"Verb: To swallow; to move food, liquid, medicine, or saliva from the mouth through the throat","numaen to swallow; to move food, liquid, medicine, or saliva from the mouth through the throat verb   num + -aen     verb: to swallow; to move food, liquid, medicine, or saliva from the mouth through the throat",,LX-DSL1-0032,{},"{""origins"":[],""nationalUses"":[],""derivations"":[""Num + -aen""],""variants"":[]}",Domestic and Sensory Life 1,Num + -aen,,,,
nolaen,Nolaen,/noh-lah-ehn/,Verb: To smell; to perceive or examine a scent through the nose,nolaen to smell; to perceive or examine a scent through the nose verb   nol + -aen     verb: to smell; to perceive or examine a scent through the nose,,LX-DSL1-0033,{},"{""origins"":[],""nationalUses"":[],""derivations"":[""Nol + -aen""],""variants"":[]}",Domestic and Sensory Life 1,Nol + -aen,,,,
tovaen,Tovaen,/toh-vah-ehn/,Verb: To touch or perceive through bodily contact without implying that the object is held,tovaen to touch or perceive through bodily contact without implying that the object is held verb   tov + -aen     verb: to touch or perceive through bodily contact without implying that the object is held,,LX-DSL1-0034,{},"{""origins"":[],""nationalUses"":[],""derivations"":[""Tov + -aen""],""variants"":[]}",Domestic and Sensory Life 1,Tov + -aen,,,,
emilrav,Emilrav,/eh-meel-rahv/,Noun: Hunger; the bodily pull or need for food,emilrav hunger; the bodily pull or need for food noun   emil + rav   emilarav  noun: hunger; the bodily pull or need for food,,LX-DSL1-0035,{},"{""origins"":[],""nationalUses"":[],""derivations"":[""Emil + Rav""],""variants"":[{""form"":""Emilarav"",""pronunciation"":""/eh-meel-ah-rahv/""}]}",Domestic and Sensory Life 1,Emil + Rav,,,Emilarav,/eh-meel-ah-rahv/
drorav,Drorav,/droh-rahv/,Noun: Thirst; the bodily pull or need for drinking water or other liquid,drorav thirst; the bodily pull or need for drinking water or other liquid noun   dro + rav     noun: thirst; the bodily pull or need for drinking water or other liquid,,LX-DSL1-0036,{},"{""origins"":[],""nationalUses"":[],""derivations"":[""Dro + Rav""],""variants"":[]}",Domestic and Sensory Life 1,Dro + Rav,,,,
felkal,Felkal,/fehl-kahl/,Noun: Bodily fatigue or tiredness; a temporary state of diminished strength and need for rest,felkal bodily fatigue or tiredness; a temporary state of diminished strength and need for rest noun   fel + kal     noun: bodily fatigue or tiredness; a temporary state of diminished strength and need for rest,,LX-DSL1-0037,{},"{""origins"":[],""nationalUses"":[],""derivations"":[""Fel + Kal""],""variants"":[]}",Domestic and Sensory Life 1,Fel + Kal,,,,
maveth,Maveth,/mah-vehth/,Adjective: Sick or ill; affected by a disturbance of bodily health rather than a single injury,maveth sick or ill; affected by a disturbance of bodily health rather than a single injury adjective   mav + -eth     adjective: sick or ill; affected by a disturbance of bodily health rather than a single injury,,LX-DSL1-0038,{},"{""origins"":[],""nationalUses"":[],""derivations"":[""Mav + -eth""],""variants"":[]}",Domestic and Sensory Life 1,Mav + -eth,,,,
aivkor,Aivkor,/ah-eev-kohr/,Noun: A bounded bodily wound or injured place; localized physical damage rather than pain itself,aivkor a bounded bodily wound or injured place; localized physical damage rather than pain itself noun   aiv + kor   aivakor  noun: a bounded bodily wound or injured place; localized physical damage rather than pain itself,,LX-DSL1-0039,{},"{""origins"":[],""nationalUses"":[],""derivations"":[""Aiv + Kor""],""variants"":[{""form"":""Aivakor"",""pronunciation"":""/ah-ee-vah-kohr/""}]}",Domestic and Sensory Life 1,Aiv + Kor,,,Aivakor,/ah-ee-vah-kohr/
tesh,Tesh,/tehsh/,Noun: An itch or localized surface irritation that creates an urge to rub or scratch,tesh an itch or localized surface irritation that creates an urge to rub or scratch noun        noun: an itch or localized surface irritation that creates an urge to rub or scratch,,LX-DSL1-0040,{},null,Domestic and Sensory Life 1,,,,,
riv,Riv,/reev/,Noun: A shiver or small involuntary tremor of the body,riv a shiver or small involuntary tremor of the body noun        noun: a shiver or small involuntary tremor of the body,,LX-DSL1-0041,{},null,Domestic and Sensory Life 1,,,,,
num,Num,/noom/,Noun: A swallow; one act of moving something from the mouth through the throat,num a swallow; one act of moving something from the mouth through the throat noun        noun: a swallow; one act of moving something from the mouth through the throat,,LX-DSL1-0042,{},null,Domestic and Sensory Life 1,,,,,
nol,Nol,/nohl/,Noun: The sense or perception of smell; the capacity to perceive scent,nol the sense or perception of smell; the capacity to perceive scent noun        noun: the sense or perception of smell; the capacity to perceive scent,,LX-DSL1-0043,{},null,Domestic and Sensory Life 1,,,,,
tov,Tov,/tohv/,Noun: A touch or instance of physical contact without continued holding,tov a touch or instance of physical contact without continued holding noun        noun: a touch or instance of physical contact without continued holding,,LX-DSL1-0044,{},null,Domestic and Sensory Life 1,,,,,
mav,Mav,/mahv/,Noun: Sickness or illness as a disturbance of bodily health,mav sickness or illness as a disturbance of bodily health noun        noun: sickness or illness as a disturbance of bodily health,,LX-DSL1-0045,{},null,Domestic and Sensory Life 1,,,,,
norzhir,Norzhir,/nor-zheer/,Noun: A timeline; one continuous thread of causally connected events,norzhir a timeline; one continuous thread of causally connected events noun   nor + zhir     noun: a timeline; one continuous thread of causally connected events,,LX-PFM1-0001,{},"{""origins"":[],""nationalUses"":[],""derivations"":[""Nor + Zhir""],""variants"":[]}",Post-Fracture Mechanics 1,Nor + Zhir,,,,
thalnor,Thalnor,/thahl-nor/,Noun: Temporal stability; time proceeding in a coherent internally consistent flow,thalnor temporal stability; time proceeding in a coherent internally consistent flow noun   thal + nor     noun: temporal stability; time proceeding in a coherent internally consistent flow,,LX-PFM1-0002,{},"{""origins"":[],""nationalUses"":[],""derivations"":[""Thal + Nor""],""variants"":[]}",Post-Fracture Mechanics 1,Thal + Nor,,,,
norreth,Norreth,/nor-rehth/,Noun: Temporal instability in which the order or continuity of events is unreliable,norreth temporal instability in which the order or continuity of events is unreliable noun   nor + reth     noun: temporal instability in which the order or continuity of events is unreliable,,LX-PFM1-0003,{},"{""origins"":[],""nationalUses"":[],""derivations"":[""Nor + Reth""],""variants"":[]}",Post-Fracture Mechanics 1,Nor + Reth,,,,
normav,Normav,/nor-mahv/,Noun: Timeline sickness; illness caused by damaged or conflicting temporal continuity,normav timeline sickness; illness caused by damaged or conflicting temporal continuity noun   nor + mav     noun: timeline sickness; illness caused by damaged or conflicting temporal continuity,,LX-PFM1-0004,{},"{""origins"":[],""nationalUses"":[],""derivations"":[""Nor + Mav""],""variants"":[]}",Post-Fracture Mechanics 1,Nor + Mav,,,,
normaveth,Normaveth,/nor-mah-vehth/,Adjective: Afflicted by timeline sickness or showing its characteristic temporal symptoms,normaveth afflicted by timeline sickness or showing its characteristic temporal symptoms adjective   normav + -eth     adjective: afflicted by timeline sickness or showing its characteristic temporal symptoms,,LX-PFM1-0005,{},"{""origins"":[],""nationalUses"":[],""derivations"":[""Normav + -eth""],""variants"":[]}",Post-Fracture Mechanics 1,Normav + -eth,,,,
xilnor,Xilnor,/xeel-nor/,Noun: A temporal fracture; a break in the continuity of a timeline,xilnor a temporal fracture; a break in the continuity of a timeline noun   xil + nor     noun: a temporal fracture; a break in the continuity of a timeline,,LX-PFM1-0006,{},"{""origins"":[],""nationalUses"":[],""derivations"":[""Xil + Nor""],""variants"":[]}",Post-Fracture Mechanics 1,Xil + Nor,,,,
felnor,Felnor,/fehl-nor/,Noun: A time skip; a missing interval that is not experienced although events continue beyond it,felnor a time skip; a missing interval that is not experienced although events continue beyond it noun   fel + nor     noun: a time skip; a missing interval that is not experienced although events continue beyond it,,LX-PFM1-0007,{},"{""origins"":[],""nationalUses"":[],""derivations"":[""Fel + Nor""],""variants"":[]}",Post-Fracture Mechanics 1,Fel + Nor,,,,
delnor,Delnor,/dehl-nor/,Noun: Temporal overlap; two distinct time states occupying the same place or experience,delnor temporal overlap; two distinct time states occupying the same place or experience noun   del + nor     noun: temporal overlap; two distinct time states occupying the same place or experience,,LX-PFM1-0008,{},"{""origins"":[],""nationalUses"":[],""derivations"":[""Del + Nor""],""variants"":[]}",Post-Fracture Mechanics 1,Del + Nor,,,,
rethweknor,Rethweknor,/rehth-wehk-nor/,Noun: An involuntary time loop in which an interval recursively repeats without completing normally,rethweknor an involuntary time loop in which an interval recursively repeats without completing normally noun   reth + weknor   retheweknor  noun: an involuntary time loop in which an interval recursively repeats without completing normally,,LX-PFM1-0009,{},"{""origins"":[],""nationalUses"":[],""derivations"":[""Reth + Weknor""],""variants"":[{""form"":""Retheweknor"",""pronunciation"":""/reh-theh-wehk-nor/""}]}",Post-Fracture Mechanics 1,Reth + Weknor,,,Retheweknor,/reh-theh-wehk-nor/
jornor,Jornor,/jor-nor/,Noun: A temporal surge in which time passes abnormally fast relative to its surroundings,jornor a temporal surge in which time passes abnormally fast relative to its surroundings noun   jor + nor     noun: a temporal surge in which time passes abnormally fast relative to its surroundings,,LX-PFM1-0010,{},"{""origins"":[],""nationalUses"":[],""derivations"":[""Jor + Nor""],""variants"":[]}",Post-Fracture Mechanics 1,Jor + Nor,,,,
velnor,Velnor,/vehl-nor/,Noun: Temporal drag in which time passes abnormally slowly relative to its surroundings,velnor temporal drag in which time passes abnormally slowly relative to its surroundings noun   vel + nor     noun: temporal drag in which time passes abnormally slowly relative to its surroundings,,LX-PFM1-0011,{},"{""origins"":[],""nationalUses"":[],""derivations"":[""Vel + Nor""],""variants"":[]}",Post-Fracture Mechanics 1,Vel + Nor,,,,
norshan,Norshan,/nor-shahn/,Noun: Temporal displacement; movement of a person object or place away from its proper time or timeline,norshan temporal displacement; movement of a person object or place away from its proper time or timeline noun   nor + shan     noun: temporal displacement; movement of a person object or place away from its proper time or timeline,,LX-PFM1-0012,{},"{""origins"":[],""nationalUses"":[],""derivations"":[""Nor + Shan""],""variants"":[]}",Post-Fracture Mechanics 1,Nor + Shan,,,,
norshanaen,Norshanaen,/nor-shah-nah-ehn/,Verb: To become temporally displaced or be shifted into another time position or timeline,norshanaen to become temporally displaced or be shifted into another time position or timeline verb   norshan + -aen     verb: to become temporally displaced or be shifted into another time position or timeline,,LX-PFM1-0013,{},"{""origins"":[],""nationalUses"":[],""derivations"":[""Norshan + -aen""],""variants"":[]}",Post-Fracture Mechanics 1,Norshan + -aen,,,,
thalnoraen,Thalnoraen,/thahl-noh-rah-ehn/,Verb: To stabilize temporal flow and restore coherent event order,thalnoraen to stabilize temporal flow and restore coherent event order verb   thal + nor + -aen     verb: to stabilize temporal flow and restore coherent event order,,LX-PFM1-0014,{},"{""origins"":[],""nationalUses"":[],""derivations"":[""Thal + Nor + -aen""],""variants"":[]}",Post-Fracture Mechanics 1,Thal + Nor + -aen,,,,
vethvelrathor,Vethvelrathor,/vehth-vehl-rah-thor/,Noun: An Echo; a residual memory-pattern of a soul or entity that repeats without thought intention or agency,vethvelrathor an echo; a residual memory-pattern of a soul or entity that repeats without thought intention or agency noun   veth + velrathor   vethavelrathor  noun: an echo; a residual memory-pattern of a soul or entity that repeats without thought intention or agency,,LX-PFM1-0015,{},"{""origins"":[],""nationalUses"":[],""derivations"":[""Veth + Velrathor""],""variants"":[{""form"":""Vethavelrathor"",""pronunciation"":""/veh-thah-vehl-rah-thor/""}]}",Post-Fracture Mechanics 1,Veth + Velrathor,,,Vethavelrathor,/veh-thah-vehl-rah-thor/
shanvelrathor,Shanvelrathor,/shahn-vehl-rah-thor/,Noun: An authentic memory that crossed from another timeline into the present rememberer,shanvelrathor an authentic memory that crossed from another timeline into the present rememberer noun   shan + velrathor     noun: an authentic memory that crossed from another timeline into the present rememberer,,LX-PFM1-0016,{},"{""origins"":[],""nationalUses"":[],""derivations"":[""Shan + Velrathor""],""variants"":[]}",Post-Fracture Mechanics 1,Shan + Velrathor,,,,
shanvelzhiraen,Shanvelzhiraen,/shahn-vehl-zhee-rah-ehn/,Verb: To experience or recall an authentic memory originating in another timeline,shanvelzhiraen to experience or recall an authentic memory originating in another timeline verb   shan + velzhiraen     verb: to experience or recall an authentic memory originating in another timeline,,LX-PFM1-0017,{},"{""origins"":[],""nationalUses"":[],""derivations"":[""Shan + Velzhiraen""],""variants"":[]}",Post-Fracture Mechanics 1,Shan + Velzhiraen,,,,
delvelrathor,Delvelrathor,/dehl-vehl-rah-thor/,Noun: The simultaneous possession of two incompatible memories of the same personal event,delvelrathor the simultaneous possession of two incompatible memories of the same personal event noun   del + velrathor     noun: the simultaneous possession of two incompatible memories of the same personal event,,LX-PFM1-0018,{},"{""origins"":[],""nationalUses"":[],""derivations"":[""Del + Velrathor""],""variants"":[]}",Post-Fracture Mechanics 1,Del + Velrathor,,,,
belvelrathor,Belvelrathor,/behl-vehl-rah-thor/,Noun: Memory entanglement in which memories from distinct lives or timelines become joined and difficult to separate,belvelrathor memory entanglement in which memories from distinct lives or timelines become joined and difficult to separate noun   bel + velrathor     noun: memory entanglement in which memories from distinct lives or timelines become joined and difficult to separate,,LX-PFM1-0019,{},"{""origins"":[],""nationalUses"":[],""derivations"":[""Bel + Velrathor""],""variants"":[]}",Post-Fracture Mechanics 1,Bel + Velrathor,,,,
rathorjor,Rathorjor,/rah-thor-jor/,Noun: A sudden involuntary memory intrusion or vivid burst of remembered experience,rathorjor a sudden involuntary memory intrusion or vivid burst of remembered experience noun   rathor + jor     noun: a sudden involuntary memory intrusion or vivid burst of remembered experience,,LX-PFM1-0020,{},"{""origins"":[],""nationalUses"":[],""derivations"":[""Rathor + Jor""],""variants"":[]}",Post-Fracture Mechanics 1,Rathor + Jor,,,,
kavelrathor,Kavelrathor,/kah-vehl-rah-thor/,Noun: A memory gap; a bounded part of personal experience from which memory is absent,kavelrathor a memory gap; a bounded part of personal experience from which memory is absent noun   ka + velrathor     noun: a memory gap; a bounded part of personal experience from which memory is absent,,LX-PFM1-0021,{},"{""origins"":[],""nationalUses"":[],""derivations"":[""Ka + Velrathor""],""variants"":[]}",Post-Fracture Mechanics 1,Ka + Velrathor,,,,
lianreth,Lianreth,/lee-ahn-rehth/,Noun: A reality anomaly; a condition in which ordinarily reliable physical or temporal laws become incoherent,lianreth a reality anomaly; a condition in which ordinarily reliable physical or temporal laws become incoherent noun   lian + reth     noun: a reality anomaly; a condition in which ordinarily reliable physical or temporal laws become incoherent,,LX-PFM1-0022,{},"{""origins"":[],""nationalUses"":[],""derivations"":[""Lian + Reth""],""variants"":[]}",Post-Fracture Mechanics 1,Lian + Reth,,,,
lianrethor,Lianrethor,/lee-ahn-reh-thor/,Noun: A localized anomaly zone within which reality behaves incoherently,lianrethor a localized anomaly zone within which reality behaves incoherently noun   lianreth + or     noun: a localized anomaly zone within which reality behaves incoherently,,LX-PFM1-0023,{},"{""origins"":[],""nationalUses"":[],""derivations"":[""Lianreth + Or""],""variants"":[]}",Post-Fracture Mechanics 1,Lianreth + Or,,,,
lianrethaen,Lianrethaen,/lee-ahn-reh-thah-ehn/,Verb: For reality or physical law to warp and become locally incoherent,lianrethaen for reality or physical law to warp and become locally incoherent verb   lianreth + -aen     verb: for reality or physical law to warp and become locally incoherent,,LX-PFM1-0024,{},"{""origins"":[],""nationalUses"":[],""derivations"":[""Lianreth + -aen""],""variants"":[]}",Post-Fracture Mechanics 1,Lianreth + -aen,,,,
lianthal,Lianthal,/lee-ahn-thahl/,Noun: Reality coherence; the stable agreement of physical spatial and temporal law,lianthal reality coherence; the stable agreement of physical spatial and temporal law noun   lian + thal     noun: reality coherence; the stable agreement of physical spatial and temporal law,,LX-PFM1-0025,{},"{""origins"":[],""nationalUses"":[],""derivations"":[""Lian + Thal""],""variants"":[]}",Post-Fracture Mechanics 1,Lian + Thal,,,,
lianthalaen,Lianthalaen,/lee-ahn-thah-lah-ehn/,Verb: To stabilize an anomaly by restoring coherent physical spatial and temporal law,lianthalaen to stabilize an anomaly by restoring coherent physical spatial and temporal law verb   lian + thal + -aen     verb: to stabilize an anomaly by restoring coherent physical spatial and temporal law,,LX-PFM1-0026,{},"{""origins"":[],""nationalUses"":[],""derivations"":[""Lian + Thal + -aen""],""variants"":[]}",Post-Fracture Mechanics 1,Lian + Thal + -aen,,,,
rethmor,Rethmor,/rehth-mor/,Noun: Anomalously rearranged terrain whose shape or material relations no longer follow ordinary geography,rethmor anomalously rearranged terrain whose shape or material relations no longer follow ordinary geography noun   reth + mor   rethamor  noun: anomalously rearranged terrain whose shape or material relations no longer follow ordinary geography,,LX-PFM1-0027,{},"{""origins"":[],""nationalUses"":[],""derivations"":[""Reth + Mor""],""variants"":[{""form"":""Rethamor"",""pronunciation"":""/reh-thah-mor/""}]}",Post-Fracture Mechanics 1,Reth + Mor,,,Rethamor,/reh-thah-mor/
lianrethxar,Lianrethxar,/lee-ahn-rehth-xahr/,Noun: The perceptible boundary or enclosing edge of a localized reality anomaly,lianrethxar the perceptible boundary or enclosing edge of a localized reality anomaly noun   lianreth + xar   lianrethaxar  noun: the perceptible boundary or enclosing edge of a localized reality anomaly,,LX-PFM1-0028,{},"{""origins"":[],""nationalUses"":[],""derivations"":[""Lianreth + Xar""],""variants"":[{""form"":""Lianrethaxar"",""pronunciation"":""/lee-ahn-reh-thah-xahr/""}]}",Post-Fracture Mechanics 1,Lianreth + Xar,,,Lianrethaxar,/lee-ahn-reh-thah-xahr/
kalrav,Kalrav,/kahl-rahv/,Noun: Gravity; the physical force by which bodies and matter draw or press toward a mass or direction,kalrav gravity; the physical force by which bodies and matter draw or press toward a mass or direction noun   kal + rav     noun: gravity; the physical force by which bodies and matter draw or press toward a mass or direction,,LX-PFM1-0029,{},"{""origins"":[],""nationalUses"":[],""derivations"":[""Kal + Rav""],""variants"":[]}",Post-Fracture Mechanics 1,Kal + Rav,,,,
kalravor,Kalravor,/kahl-rah-vor/,Noun: A localized gravitational pocket with a pull distinct from the surrounding area,kalravor a localized gravitational pocket with a pull distinct from the surrounding area noun   kalrav + or     noun: a localized gravitational pocket with a pull distinct from the surrounding area,,LX-PFM1-0030,{},"{""origins"":[],""nationalUses"":[],""derivations"":[""Kalrav + Or""],""variants"":[]}",Post-Fracture Mechanics 1,Kalrav + Or,,,,
workalrav,Workalrav,/wor-kahl-rahv/,Noun: High gravity; gravitational pull substantially stronger than the surrounding norm,workalrav high gravity; gravitational pull substantially stronger than the surrounding norm noun   wor + kalrav     noun: high gravity; gravitational pull substantially stronger than the surrounding norm,,LX-PFM1-0031,{},"{""origins"":[],""nationalUses"":[],""derivations"":[""Wor + Kalrav""],""variants"":[]}",Post-Fracture Mechanics 1,Wor + Kalrav,,,,
felkalrav,Felkalrav,/fehl-kahl-rahv/,Noun: Low gravity; gravitational pull substantially weaker than the surrounding norm,felkalrav low gravity; gravitational pull substantially weaker than the surrounding norm noun   fel + kalrav     noun: low gravity; gravitational pull substantially weaker than the surrounding norm,,LX-PFM1-0032,{},"{""origins"":[],""nationalUses"":[],""derivations"":[""Fel + Kalrav""],""variants"":[]}",Post-Fracture Mechanics 1,Fel + Kalrav,,,,
kakalrav,Kakalrav,/kah-kahl-rahv/,Noun: Weightlessness caused by the local absence or cancellation of gravitational pull,kakalrav weightlessness caused by the local absence or cancellation of gravitational pull noun   ka + kalrav     noun: weightlessness caused by the local absence or cancellation of gravitational pull,,LX-PFM1-0033,{},"{""origins"":[],""nationalUses"":[],""derivations"":[""Ka + Kalrav""],""variants"":[]}",Post-Fracture Mechanics 1,Ka + Kalrav,,,,
jekkalrav,Jekkalrav,/jehk-kahl-rahv/,Noun: Gravitational sway; repeated or unstable changes in the direction of local gravity,jekkalrav gravitational sway; repeated or unstable changes in the direction of local gravity noun   jek + kalrav   jekakalrav  noun: gravitational sway; repeated or unstable changes in the direction of local gravity,,LX-PFM1-0034,{},"{""origins"":[],""nationalUses"":[],""derivations"":[""Jek + Kalrav""],""variants"":[{""form"":""Jekakalrav"",""pronunciation"":""/jeh-kah-kahl-rahv/""}]}",Post-Fracture Mechanics 1,Jek + Kalrav,,,Jekakalrav,/jeh-kah-kahl-rahv/
kalravaen,Kalravaen,/kahl-rah-vah-ehn/,Verb: To exert gravitational pull or draw matter through a physical gravitational field,kalravaen to exert gravitational pull or draw matter through a physical gravitational field verb   kalrav + -aen     verb: to exert gravitational pull or draw matter through a physical gravitational field,,LX-PFM1-0035,{},"{""origins"":[],""nationalUses"":[],""derivations"":[""Kalrav + -aen""],""variants"":[]}",Post-Fracture Mechanics 1,Kalrav + -aen,,,,
lianrethshen,Lianrethshen,/lee-ahn-rehth-shehn/,Measure: An anomaly reading; a measured value describing the intensity or instability of a reality anomaly ; Noun: An anomaly reading; a measured value describing the intensity or instability of a reality anomaly,lianrethshen an anomaly reading; a measured value describing the intensity or instability of a reality anomaly measure   lianreth + shen   lianrethashen  measure: an anomaly reading; a measured value describing the intensity or instability of a reality anomaly ; noun: an anomaly reading; a measured value describing the intensity or instability of a reality anomaly,,LX-PFM1-0036,{},"{""origins"":[],""nationalUses"":[],""derivations"":[""Lianreth + Shen""],""variants"":[{""form"":""Lianrethashen"",""pronunciation"":""/lee-ahn-reh-thah-shehn/""}]}",Post-Fracture Mechanics 1,Lianreth + Shen,,,Lianrethashen,/lee-ahn-reh-thah-shehn/
vaarshen,Vaarshen,/vahr-shehn/,Measure: A safe clearance distance established between a hazard and an unprotected person or place ; Noun: A safe clearance distance established between a hazard and an unprotected person or place,vaarshen a safe clearance distance established between a hazard and an unprotected person or place measure   vaar + shen     measure: a safe clearance distance established between a hazard and an unprotected person or place ; noun: a safe clearance distance established between a hazard and an unprotected person or place,,LX-PFM1-0037,{},"{""origins"":[],""nationalUses"":[],""derivations"":[""Vaar + Shen""],""variants"":[]}",Post-Fracture Mechanics 1,Vaar + Shen,,,,
keldoraen,Keldoraen,/kehl-doh-rah-ehn/,Verb: To mark a location by deliberately placing a sign name or warning indicator there ; Verb: To write or inscribe visible language on a surface,keldoraen to mark a location by deliberately placing a sign name or warning indicator there verb   kel + dor + -aen    keldoraen to write or inscribe visible language on a surface verb        verb: to mark a location by deliberately placing a sign name or warning indicator there ; verb: to write or inscribe visible language on a surface,,LX-PFM1-0038; LX-SCP1-0004,{},"{""origins"":[],""nationalUses"":[],""derivations"":[""Kel + Dor + -aen""],""variants"":[]}",Post-Fracture Mechanics 1; Semantic Continuity and Polysemy 1,Kel + Dor + -aen,,,,
kasharaen,Kasharaen,/kah-shah-rah-ehn/,Verb: To avoid or route around a known person object place or hazard so it does not enter one's path,kasharaen to avoid or route around a known person object place or hazard so it does not enter one's path verb   ka + shara + -aen     verb: to avoid or route around a known person object place or hazard so it does not enter one's path,,LX-PFM1-0039,{},"{""origins"":[],""nationalUses"":[],""derivations"":[""Ka + Shara + -aen""],""variants"":[]}",Post-Fracture Mechanics 1,Ka + Shara + -aen,,,,
belkoraen,Belkoraen,/behl-koh-rah-ehn/,Verb: To anchor a person object or place to a stable reference so displacement is resisted,belkoraen to anchor a person object or place to a stable reference so displacement is resisted verb   bel + kor + -aen     verb: to anchor a person object or place to a stable reference so displacement is resisted,,LX-PFM1-0040,{},"{""origins"":[],""nationalUses"":[],""derivations"":[""Bel + Kor + -aen""],""variants"":[]}",Post-Fracture Mechanics 1,Bel + Kor + -aen,,,,
balpral,Balpral,/bahl-prahl/,Noun: Agriculture or farming as the skilled practice of deliberately raising useful living growth,balpral agriculture or farming as the skilled practice of deliberately raising useful living growth noun   bal growth + pral skilled craft   balapral  noun: agriculture or farming as the skilled practice of deliberately raising useful living growth,,LX-FAP1-0001,{},"{""origins"":[],""nationalUses"":[],""derivations"":[""Bal growth + Pral skilled craft""],""variants"":[{""form"":""Balapral"",""pronunciation"":""/bah-lah-prahl/""}]}","Food, Agriculture, and Preservation 1",Bal growth + Pral skilled craft,,,Balapral,/bah-lah-prahl/
balral,Balral,/bahl-rahl/,Noun: Farmer or cultivator; a person responsible for raising crops,balral farmer or cultivator; a person responsible for raising crops noun   bal growth + ral caretaker   balaral  noun: farmer or cultivator; a person responsible for raising crops,,LX-FAP1-0002,{},"{""origins"":[],""nationalUses"":[],""derivations"":[""Bal growth + Ral caretaker""],""variants"":[{""form"":""Balaral"",""pronunciation"":""/bah-lah-rahl/""}]}","Food, Agriculture, and Preservation 1",Bal growth + Ral caretaker,,,Balaral,/bah-lah-rahl/
pralbal,Pralbal,/prahl-bahl/,Noun: A crop; living growth deliberately cultivated for later harvest,pralbal a crop; living growth deliberately cultivated for later harvest noun   pral deliberate skilled making + bal growth   pralabal  noun: a crop; living growth deliberately cultivated for later harvest,,LX-FAP1-0003,{},"{""origins"":[],""nationalUses"":[],""derivations"":[""Pral deliberate skilled making + Bal growth""],""variants"":[{""form"":""Pralabal"",""pronunciation"":""/prah-lah-bahl/""}]}","Food, Agriculture, and Preservation 1",Pral deliberate skilled making + Bal growth,,,Pralabal,/prah-lah-bahl/
balpralaen,Balpralaen,/bahl-prahl-ah-ehn/,Verb: To cultivate; to tend living growth deliberately toward a useful harvest,balpralaen to cultivate; to tend living growth deliberately toward a useful harvest verb   bal growth + pral skilled practice + -aen   balapralaen  verb: to cultivate; to tend living growth deliberately toward a useful harvest,,LX-FAP1-0004,{},"{""origins"":[],""nationalUses"":[],""derivations"":[""Bal growth + Pral skilled practice + -aen""],""variants"":[{""form"":""Balapralaen"",""pronunciation"":""/bah-lah-prahl-ah-ehn/""}]}","Food, Agriculture, and Preservation 1",Bal growth + Pral skilled practice + -aen,,,Balapralaen,/bah-lah-prahl-ah-ehn/
drobalaen,Drobalaen,/droh-bahl-ah-ehn/,Verb: To irrigate; to supply cultivated growth or land with deliberately directed physical water,drobalaen to irrigate; to supply cultivated growth or land with deliberately directed physical water verb   dro physical water + bal growth + -aen     verb: to irrigate; to supply cultivated growth or land with deliberately directed physical water,,LX-FAP1-0005,{},"{""origins"":[],""nationalUses"":[],""derivations"":[""Dro physical water + Bal growth + -aen""],""variants"":[]}","Food, Agriculture, and Preservation 1",Dro physical water + Bal growth + -aen,,,,
sov,Sov,/sohv/,Noun: A bounded cultivated field or working plot of land,sov a bounded cultivated field or working plot of land noun        noun: a bounded cultivated field or working plot of land,Yes,LX-FAP1-0006; XR-sov,{},null,"Food, Agriculture, and Preservation 1",,,,,
brossov,Brossov,/brohs-sohv/,Noun: An agricultural terrace; a cultivated plot formed as one level in a stepped slope,brossov an agricultural terrace; a cultivated plot formed as one level in a stepped slope noun   bros layering + sov cultivated plot   brosasov  noun: an agricultural terrace; a cultivated plot formed as one level in a stepped slope,,LX-FAP1-0007,{},"{""origins"":[],""nationalUses"":[],""derivations"":[""Bros layering + Sov cultivated plot""],""variants"":[{""form"":""Brosasov"",""pronunciation"":""/broh-sah-sohv/""}]}","Food, Agriculture, and Preservation 1",Bros layering + Sov cultivated plot,,,Brosasov,/broh-sah-sohv/
verdsov,Verdsov,/vehrd-sohv/,"Noun: A garden; a cultivated plot primarily containing herbs, vegetables, flowers, or mixed plants","verdsov a garden; a cultivated plot primarily containing herbs, vegetables, flowers, or mixed plants noun   verd botanical growth + sov cultivated plot   verdasov  noun: a garden; a cultivated plot primarily containing herbs, vegetables, flowers, or mixed plants",,LX-FAP1-0008,{},"{""origins"":[],""nationalUses"":[],""derivations"":[""Verd botanical growth + Sov cultivated plot""],""variants"":[{""form"":""Verdasov"",""pronunciation"":""/vehr-dah-sohv/""}]}","Food, Agriculture, and Preservation 1",Verd botanical growth + Sov cultivated plot,,,Verdasov,/vehr-dah-sohv/
vilorsov,Vilorsov,/vee-lohr-sohv/,Noun: An orchard or fruit grove; a cultivated plot of fruit-bearing perennial plants,vilorsov an orchard or fruit grove; a cultivated plot of fruit-bearing perennial plants noun   vilor small fruit or berry essence + sov cultivated plot     noun: an orchard or fruit grove; a cultivated plot of fruit-bearing perennial plants,,LX-FAP1-0009,{},"{""origins"":[],""nationalUses"":[],""derivations"":[""Vilor small fruit or berry essence + Sov cultivated plot""],""variants"":[]}","Food, Agriculture, and Preservation 1",Vilor small fruit or berry essence + Sov cultivated plot,,,,
kesbrenaen,Kesbrenaen,/kehs-brehn-ah-ehn/,Verb: To forage; to search attentively for and gather naturally occurring food or useful plants,kesbrenaen to forage; to search attentively for and gather naturally occurring food or useful plants verb   kes attentive noticing + bren gathering or harvest + -aen   kesabrenaen  verb: to forage; to search attentively for and gather naturally occurring food or useful plants,,LX-FAP1-0010,{},"{""origins"":[],""nationalUses"":[],""derivations"":[""Kes attentive noticing + Bren gathering or harvest + -aen""],""variants"":[{""form"":""Kesabrenaen"",""pronunciation"":""/keh-sah-brehn-ah-ehn/""}]}","Food, Agriculture, and Preservation 1",Kes attentive noticing + Bren gathering or harvest + -aen,,,Kesabrenaen,/keh-sah-brehn-ah-ehn/
gavaen,Gavaen,/gah-vah-ehn/,Verb: To hunt; to track and pursue living quarry for capture or killing,gavaen to hunt; to track and pursue living quarry for capture or killing verb   gav living-quarry pursuit + -aen     verb: to hunt; to track and pursue living quarry for capture or killing,,LX-FAP1-0011,{},"{""origins"":[],""nationalUses"":[],""derivations"":[""Gav living-quarry pursuit + -aen""],""variants"":[]}","Food, Agriculture, and Preservation 1",Gav living-quarry pursuit + -aen,,,,
gavral,Gavral,/gahv-rahl/,Noun: A hunter; a person practiced in tracking and pursuing living quarry,gavral a hunter; a person practiced in tracking and pursuing living quarry noun   gav living-quarry pursuit + ral watcher or practitioner   gavaral  noun: a hunter; a person practiced in tracking and pursuing living quarry,,LX-FAP1-0012,{},"{""origins"":[],""nationalUses"":[],""derivations"":[""Gav living-quarry pursuit + Ral watcher or practitioner""],""variants"":[{""form"":""Gavaral"",""pronunciation"":""/gah-vah-rahl/""}]}","Food, Agriculture, and Preservation 1",Gav living-quarry pursuit + Ral watcher or practitioner,,,Gavaral,/gah-vah-rahl/
nesh,Nesh,/nehsh/,"Noun: An aquatic creature; in ordinary unmarked use, especially a fish","nesh an aquatic creature; in ordinary unmarked use, especially a fish noun        noun: an aquatic creature; in ordinary unmarked use, especially a fish",Yes,LX-FAP1-0013; XR-nesh,{},null,"Food, Agriculture, and Preservation 1",,,,,
neshbrenaen,Neshbrenaen,/nehsh-brehn-ah-ehn/,Verb: To fish or harvest aquatic creatures from water,neshbrenaen to fish or harvest aquatic creatures from water verb   nesh aquatic creature + bren harvest + -aen   neshabrenaen  verb: to fish or harvest aquatic creatures from water,,LX-FAP1-0014,{},"{""origins"":[],""nationalUses"":[],""derivations"":[""Nesh aquatic creature + Bren harvest + -aen""],""variants"":[{""form"":""Neshabrenaen"",""pronunciation"":""/neh-shah-brehn-ah-ehn/""}]}","Food, Agriculture, and Preservation 1",Nesh aquatic creature + Bren harvest + -aen,,,Neshabrenaen,/neh-shah-brehn-ah-ehn/
neshbrenral,Neshbrenral,/nehsh-brehn-rahl/,Noun: A fisher or aquatic harvester; a person whose regular work is catching aquatic creatures,neshbrenral a fisher or aquatic harvester; a person whose regular work is catching aquatic creatures noun   nesh aquatic creature + bren harvest + ral practitioner     noun: a fisher or aquatic harvester; a person whose regular work is catching aquatic creatures,,LX-FAP1-0015,{},"{""origins"":[],""nationalUses"":[],""derivations"":[""Nesh aquatic creature + Bren harvest + Ral practitioner""],""variants"":[]}","Food, Agriculture, and Preservation 1",Nesh aquatic creature + Bren harvest + Ral practitioner,,,,
xarnesh,Xarnesh,/xahr-nehsh/,Noun: Shellfish; an aquatic creature distinguished by a hard protective outer covering,xarnesh shellfish; an aquatic creature distinguished by a hard protective outer covering noun   xar protective covering + nesh aquatic creature     noun: shellfish; an aquatic creature distinguished by a hard protective outer covering,,LX-FAP1-0016,{},"{""origins"":[],""nationalUses"":[],""derivations"":[""Xar protective covering + Nesh aquatic creature""],""variants"":[]}","Food, Agriculture, and Preservation 1",Xar protective covering + Nesh aquatic creature,,,,
mahrfennil,Mahrfennil,/mahhr-fehn-neel/,Noun: Seaweed; edible or useful marine plantlike growth,"mahrfennil seaweed; edible or useful marine plantlike growth noun   mahr ocean + fennil leaf, herb, or soft greens     noun: seaweed; edible or useful marine plantlike growth",,LX-FAP1-0017,{},"{""origins"":[],""nationalUses"":[],""derivations"":[""Mahr ocean + Fennil leaf, herb, or soft greens""],""variants"":[]}","Food, Agriculture, and Preservation 1","Mahr ocean + Fennil leaf, herb, or soft greens",,,,
zor,Zor,/zohr/,Noun: An animal or beast; the ordinary general category of animal life,zor an animal or beast; the ordinary general category of animal life noun        noun: an animal or beast; the ordinary general category of animal life,Yes,LX-FAP1-0018; XR-zor,{},null,"Food, Agriculture, and Preservation 1",,,,,
belzor,Belzor,/behl-zohr/,"Noun: Livestock; domesticated animals held under continuing human care for food, materials, labor, or transport","belzor livestock; domesticated animals held under continuing human care for food, materials, labor, or transport noun   bel maintained bond or system + zor animal   belazor  noun: livestock; domesticated animals held under continuing human care for food, materials, labor, or transport",,LX-FAP1-0019,{},"{""origins"":[],""nationalUses"":[],""derivations"":[""Bel maintained bond or system + Zor animal""],""variants"":[{""form"":""Belazor"",""pronunciation"":""/beh-lah-zohr/""}]}","Food, Agriculture, and Preservation 1",Bel maintained bond or system + Zor animal,,,Belazor,/beh-lah-zohr/
belzoraen,Belzoraen,/behl-zohr-ah-ehn/,Verb: To herd; to keep domesticated animals together and direct their movement or care,belzoraen to herd; to keep domesticated animals together and direct their movement or care verb   bel bind or coordinate + zor animal + -aen   belazoraen  verb: to herd; to keep domesticated animals together and direct their movement or care,,LX-FAP1-0020,{},"{""origins"":[],""nationalUses"":[],""derivations"":[""Bel bind or coordinate + Zor animal + -aen""],""variants"":[{""form"":""Belazoraen"",""pronunciation"":""/beh-lah-zohr-ah-ehn/""}]}","Food, Agriculture, and Preservation 1",Bel bind or coordinate + Zor animal + -aen,,,Belazoraen,/beh-lah-zohr-ah-ehn/
belzorral,Belzorral,/behl-zohr-rahl/,Noun: A herder or shepherd; a person responsible for livestock,belzorral a herder or shepherd; a person responsible for livestock noun   belzor livestock + ral caretaker   belzoraral  noun: a herder or shepherd; a person responsible for livestock,,LX-FAP1-0021,{},"{""origins"":[],""nationalUses"":[],""derivations"":[""Belzor livestock + Ral caretaker""],""variants"":[{""form"":""Belzoraral"",""pronunciation"":""/behl-zohr-ah-rahl/""}]}","Food, Agriculture, and Preservation 1",Belzor livestock + Ral caretaker,,,Belzoraral,/behl-zohr-ah-rahl/
zordren,Zordren,/zohr-drehn/,Noun: Milk; nourishing liquid naturally produced by an animal,zordren milk; nourishing liquid naturally produced by an animal noun   zor animal + dren life-bearing liquid     noun: milk; nourishing liquid naturally produced by an animal,,LX-FAP1-0022,{},"{""origins"":[],""nationalUses"":[],""derivations"":[""Zor animal + Dren life-bearing liquid""],""variants"":[]}","Food, Agriculture, and Preservation 1",Zor animal + Dren life-bearing liquid,,,,
zordrenvinaen,Zordrenvinaen,/zohr-drehn-veen-ah-ehn/,Verb: To milk; to draw milk from an animal,zordrenvinaen to milk; to draw milk from an animal verb   zor animal + dren liquid + vin extraction + -aen     verb: to milk; to draw milk from an animal,,LX-FAP1-0023,{},"{""origins"":[],""nationalUses"":[],""derivations"":[""Zor animal + Dren liquid + Vin extraction + -aen""],""variants"":[]}","Food, Agriculture, and Preservation 1",Zor animal + Dren liquid + Vin extraction + -aen,,,,
felverd,Felverd,/fehl-vehrd/,Noun: Moss; dense low-growing mats of very small plant growth,felverd moss; dense low-growing mats of very small plant growth noun   fel smallness + verd botanical growth     noun: moss; dense low-growing mats of very small plant growth,,LX-FAP1-0024,{},"{""origins"":[],""nationalUses"":[],""derivations"":[""Fel smallness + Verd botanical growth""],""variants"":[]}","Food, Agriculture, and Preservation 1",Fel smallness + Verd botanical growth,,,,
morlverd,Morlverd,/mohrl-vehrd/,"Noun: Lichen; slow surface growth characteristically attached to stone, bark, or similarly hard material","morlverd lichen; slow surface growth characteristically attached to stone, bark, or similarly hard material noun   morl stone or endurance + verd botanical growth   morlaverd  noun: lichen; slow surface growth characteristically attached to stone, bark, or similarly hard material",,LX-FAP1-0025,{},"{""origins"":[],""nationalUses"":[],""derivations"":[""Morl stone or endurance + Verd botanical growth""],""variants"":[{""form"":""Morlaverd"",""pronunciation"":""/mohr-lah-vehrd/""}]}","Food, Agriculture, and Preservation 1",Morl stone or endurance + Verd botanical growth,,,Morlaverd,/mohr-lah-vehrd/
nelar,Nelar,/neh-lahr/,"Noun: Nectar; a sweet liquid naturally produced by a plant, especially in flowers, that may be gathered as food","nelar nectar; a sweet liquid naturally produced by a plant, especially in flowers, that may be gathered as food noun        noun: nectar; a sweet liquid naturally produced by a plant, especially in flowers, that may be gathered as food",Yes,LX-FAP1-0026; XR-nelar,{},null,"Food, Agriculture, and Preservation 1",,,,,
zornelar,Zornelar,/zohr-neh-lahr/,Noun: Honey; nectar gathered and transformed by an animal into a dense stored sweet food,zornelar honey; nectar gathered and transformed by an animal into a dense stored sweet food noun   zor animal + nelar nectar     noun: honey; nectar gathered and transformed by an animal into a dense stored sweet food,,LX-FAP1-0027,{},"{""origins"":[],""nationalUses"":[],""derivations"":[""Zor animal + Nelar nectar""],""variants"":[]}","Food, Agriculture, and Preservation 1",Zor animal + Nelar nectar,,,,
jelkor,Jelkor,/jehl-kohr/,Noun: Spice or seasoning; a concentrated source of flavor added in a relatively small amount,jelkor spice or seasoning; a concentrated source of flavor added in a relatively small amount noun   jel flavor or zest + kor concentrated source or core     noun: spice or seasoning; a concentrated source of flavor added in a relatively small amount,,LX-FAP1-0028,{},"{""origins"":[],""nationalUses"":[],""derivations"":[""Jel flavor or zest + Kor concentrated source or core""],""variants"":[]}","Food, Agriculture, and Preservation 1",Jel flavor or zest + Kor concentrated source or core,,,,
fennildren,Fennildren,/fehn-neel-drehn/,Noun: Tea or herbal infusion; a drink made by steeping plant material in water,fennildren tea or herbal infusion; a drink made by steeping plant material in water noun   fennil leaf or herb + dren liquid   fenniladren  noun: tea or herbal infusion; a drink made by steeping plant material in water,,LX-FAP1-0029,{},"{""origins"":[],""nationalUses"":[],""derivations"":[""Fennil leaf or herb + Dren liquid""],""variants"":[{""form"":""Fenniladren"",""pronunciation"":""/fehn-nee-lah-drehn/""}]}","Food, Agriculture, and Preservation 1",Fennil leaf or herb + Dren liquid,,,Fenniladren,/fehn-nee-lah-drehn/
emildren,Emildren,/eh-meel-drehn/,Noun: A beverage; prepared liquid intended for drinking,emildren a beverage; prepared liquid intended for drinking noun   emil food or meal + dren liquid   emiladren  noun: a beverage; prepared liquid intended for drinking,,LX-FAP1-0030,{},"{""origins"":[],""nationalUses"":[],""derivations"":[""Emil food or meal + Dren liquid""],""variants"":[{""form"":""Emiladren"",""pronunciation"":""/eh-mee-lah-drehn/""}]}","Food, Agriculture, and Preservation 1",Emil food or meal + Dren liquid,,,Emiladren,/eh-mee-lah-drehn/
saren,Saren,/sah-rehn/,"Noun: Wheat; the cultivated cereal whose kernels are commonly ground into flour for bread, porridge, and other foods","saren wheat; the cultivated cereal whose kernels are commonly ground into flour for bread, porridge, and other foods noun        noun: wheat; the cultivated cereal whose kernels are commonly ground into flour for bread, porridge, and other foods",Yes,LX-FAP2-0001; XR-saren,{},null,"Food, Agriculture, and Preservation 2",,,,,
fellak,Fellak,/fehl-lahk/,Noun: Flour or grain meal; grain reduced to a fine dry powder for cooking,fellak flour or grain meal; grain reduced to a fine dry powder for cooking noun   fel fineness or smallness + lak grain substance     noun: flour or grain meal; grain reduced to a fine dry powder for cooking,,LX-FAP2-0002,{},"{""origins"":[],""nationalUses"":[],""derivations"":[""Fel fineness or smallness + Lak grain substance""],""variants"":[]}","Food, Agriculture, and Preservation 2",Fel fineness or smallness + Lak grain substance,,,,
drenfellak,Drenfellak,/drehn-fehl-lahk/,Noun: Dough; a workable mixture whose main structure comes from flour combined with water or another liquid,drenfellak dough; a workable mixture whose main structure comes from flour combined with water or another liquid noun   dren liquid + fellak flour     noun: dough; a workable mixture whose main structure comes from flour combined with water or another liquid,,LX-FAP2-0003,{},"{""origins"":[],""nationalUses"":[],""derivations"":[""Dren liquid + Fellak flour""],""variants"":[]}","Food, Agriculture, and Preservation 2",Dren liquid + Fellak flour,,,,
olan,Olan,/oh-lahn/,"Noun: Oil; a viscous water-resistant liquid or softened fatty substance derived from plants, animals, minerals, or manufacture","olan oil; a viscous water-resistant liquid or softened fatty substance derived from plants, animals, minerals, or manufacture noun        noun: oil; a viscous water-resistant liquid or softened fatty substance derived from plants, animals, minerals, or manufacture",Yes,LX-FAP2-0004; XR-olan,{},null,"Food, Agriculture, and Preservation 2",,,,,
emilolan,Emilolan,/eh-meel-oh-lahn/,Noun: Cooking or edible oil; oil prepared and considered safe for use in food,emilolan cooking or edible oil; oil prepared and considered safe for use in food noun   emil food + olan oil     noun: cooking or edible oil; oil prepared and considered safe for use in food,,LX-FAP2-0005,{},"{""origins"":[],""nationalUses"":[],""derivations"":[""Emil food + Olan oil""],""variants"":[]}","Food, Agriculture, and Preservation 2",Emil food + Olan oil,,,,
morolan,Morolan,/mohr-oh-lahn/,Noun: Fat; an energy-rich bodily or food substance that is normally solid or semi-solid rather than freely flowing like oil,morolan fat; an energy-rich bodily or food substance that is normally solid or semi-solid rather than freely flowing like oil noun   mor physical matter + olan oily substance     noun: fat; an energy-rich bodily or food substance that is normally solid or semi-solid rather than freely flowing like oil,,LX-FAP2-0006,{},"{""origins"":[],""nationalUses"":[],""derivations"":[""Mor physical matter + Olan oily substance""],""variants"":[]}","Food, Agriculture, and Preservation 2",Mor physical matter + Olan oily substance,,,,
pralfel,Pralfel,/prahl-fehl/,"Noun: An ingredient; one selected component combined with others in preparing food, drink, medicine, or another mixture","pralfel an ingredient; one selected component combined with others in preparing food, drink, medicine, or another mixture noun   pral deliberate making + fel constituent portion     noun: an ingredient; one selected component combined with others in preparing food, drink, medicine, or another mixture",,LX-FAP2-0007,{},"{""origins"":[],""nationalUses"":[],""derivations"":[""Pral deliberate making + Fel constituent portion""],""variants"":[]}","Food, Agriculture, and Preservation 2",Pral deliberate making + Fel constituent portion,,,,
emilshara,Emilshara,/eh-meel-shah-rah/,"Noun: A recipe; repeatable instructions, sequence, and proportions for preparing food or drink","emilshara a recipe; repeatable instructions, sequence, and proportions for preparing food or drink noun   emil food or meal + shara path or ordered course     noun: a recipe; repeatable instructions, sequence, and proportions for preparing food or drink",,LX-FAP2-0008,{},"{""origins"":[],""nationalUses"":[],""derivations"":[""Emil food or meal + Shara path or ordered course""],""variants"":[]}","Food, Agriculture, and Preservation 2",Emil food or meal + Shara path or ordered course,,,,
emilpralaen,Emilpralaen,/eh-meel-prahl-ah-ehn/,"Verb: To cook; to deliberately transform food into an edible or desired prepared state, especially through heat","emilpralaen to cook; to deliberately transform food into an edible or desired prepared state, especially through heat verb   emil food + pral skilled making + -aen     verb: to cook; to deliberately transform food into an edible or desired prepared state, especially through heat",,LX-FAP2-0009,{},"{""origins"":[],""nationalUses"":[],""derivations"":[""Emil food + Pral skilled making + -aen""],""variants"":[]}","Food, Agriculture, and Preservation 2",Emil food + Pral skilled making + -aen,,,,
xarkrezaen,Xarkrezaen,/xahr-krehz-ah-ehn/,Verb: To bake; to cook food through sustained dry heat retained around it in an oven or comparable enclosure,xarkrezaen to bake; to cook food through sustained dry heat retained around it in an oven or comparable enclosure verb   xar enclosure + krez heat + -aen; food is supplied by the lexical meaning and context   xarakrezaen  verb: to bake; to cook food through sustained dry heat retained around it in an oven or comparable enclosure,,LX-FAP2-0010,{},"{""origins"":[],""nationalUses"":[],""derivations"":[""Xar enclosure + Krez heat + -aen; food is supplied by the lexical meaning and context""],""variants"":[{""form"":""Xarakrezaen"",""pronunciation"":""/xah-rah-krehz-ah-ehn/""}]}","Food, Agriculture, and Preservation 2",Xar enclosure + Krez heat + -aen; food is supplied by the lexical meaning and context,,,Xarakrezaen,/xah-rah-krehz-ah-ehn/
krezdrenaen,Krezdrenaen,/krehz-drehn-ah-ehn/,"Verb: To boil; to heat a liquid until it bubbles vigorously, or to cook something in that liquid","krezdrenaen to boil; to heat a liquid until it bubbles vigorously, or to cook something in that liquid verb   krez heat + dren liquid + -aen     verb: to boil; to heat a liquid until it bubbles vigorously, or to cook something in that liquid",,LX-FAP2-0011,{},"{""origins"":[],""nationalUses"":[],""derivations"":[""Krez heat + Dren liquid + -aen""],""variants"":[]}","Food, Agriculture, and Preservation 2",Krez heat + Dren liquid + -aen,,,,
eshkrezaen,Eshkrezaen,/ehsh-krehz-ah-ehn/,Verb: To roast; to cook an exposed solid food through sustained dry heat surrounding or radiating toward it,eshkrezaen to roast; to cook an exposed solid food through sustained dry heat surrounding or radiating toward it verb   esh open air + krez heat + -aen; food is supplied by the lexical meaning and context     verb: to roast; to cook an exposed solid food through sustained dry heat surrounding or radiating toward it,,LX-FAP2-0012,{},"{""origins"":[],""nationalUses"":[],""derivations"":[""Esh open air + Krez heat + -aen; food is supplied by the lexical meaning and context""],""variants"":[]}","Food, Agriculture, and Preservation 2",Esh open air + Krez heat + -aen; food is supplied by the lexical meaning and context,,,,
pelkrezaen,Pelkrezaen,/pehl-krehz-ah-ehn/,"Verb: To grill or sear; to cook food against direct concentrated heat so its surface browns, chars, or forms a crust","pelkrezaen to grill or sear; to cook food against direct concentrated heat so its surface browns, chars, or forms a crust verb   pel sharp concentration + krez heat + -aen; food is supplied by the lexical meaning and context   pelakrezaen  verb: to grill or sear; to cook food against direct concentrated heat so its surface browns, chars, or forms a crust",,LX-FAP2-0013,{},"{""origins"":[],""nationalUses"":[],""derivations"":[""Pel sharp concentration + Krez heat + -aen; food is supplied by the lexical meaning and context""],""variants"":[{""form"":""Pelakrezaen"",""pronunciation"":""/peh-lah-krehz-ah-ehn/""}]}","Food, Agriculture, and Preservation 2",Pel sharp concentration + Krez heat + -aen; food is supplied by the lexical meaning and context,,,Pelakrezaen,/peh-lah-krehz-ah-ehn/
olankrezaen,Olankrezaen,/oh-lahn-krehz-ah-ehn/,Verb: To fry; to cook food through direct contact with heated oil or fat,olankrezaen to fry; to cook food through direct contact with heated oil or fat verb   olan oil + krez heat + -aen; food is supplied by the lexical meaning and context   olanakrezaen  verb: to fry; to cook food through direct contact with heated oil or fat,,LX-FAP2-0014,{},"{""origins"":[],""nationalUses"":[],""derivations"":[""Olan oil + Krez heat + -aen; food is supplied by the lexical meaning and context""],""variants"":[{""form"":""Olanakrezaen"",""pronunciation"":""/oh-lah-nah-krehz-ah-ehn/""}]}","Food, Agriculture, and Preservation 2",Olan oil + Krez heat + -aen; food is supplied by the lexical meaning and context,,,Olanakrezaen,/oh-lah-nah-krehz-ah-ehn/
eshdrenaen,Eshdrenaen,/ehsh-drehn-ah-ehn/,Verb: To steam food; to cook food through contact with heated water vapor without immersing it in liquid,eshdrenaen to steam food; to cook food through contact with heated water vapor without immersing it in liquid verb   esh air or vapor + dren water + -aen; food is supplied by the lexical meaning and context   eshadrenaen  verb: to steam food; to cook food through contact with heated water vapor without immersing it in liquid,,LX-FAP2-0015,{},"{""origins"":[],""nationalUses"":[],""derivations"":[""Esh air or vapor + Dren water + -aen; food is supplied by the lexical meaning and context""],""variants"":[{""form"":""Eshadrenaen"",""pronunciation"":""/eh-shah-drehn-ah-ehn/""}]}","Food, Agriculture, and Preservation 2",Esh air or vapor + Dren water + -aen; food is supplied by the lexical meaning and context,,,Eshadrenaen,/eh-shah-drehn-ah-ehn/
felthamaen,Felthamaen,/fehl-thah-mah-ehn/,Verb: To grind; to reduce a dry material to small particles or powder through repeated crushing or abrasion,felthamaen to grind; to reduce a dry material to small particles or powder through repeated crushing or abrasion verb   fel smallness + tham structural breakdown + -aen     verb: to grind; to reduce a dry material to small particles or powder through repeated crushing or abrasion,,LX-FAP2-0016,{},"{""origins"":[],""nationalUses"":[],""derivations"":[""Fel smallness + Tham structural breakdown + -aen""],""variants"":[]}","Food, Agriculture, and Preservation 2",Fel smallness + Tham structural breakdown + -aen,,,,
pelaen,Pelaen,/pehl-ah-ehn/,"Verb: To cut or slice with a sharp edge, without specifying the particular tool or shape of the resulting pieces","pelaen to cut or slice with a sharp edge, without specifying the particular tool or shape of the resulting pieces verb   pel sharpness or cutting edge + -aen     verb: to cut or slice with a sharp edge, without specifying the particular tool or shape of the resulting pieces",,LX-FAP2-0017,{},"{""origins"":[],""nationalUses"":[],""derivations"":[""Pel sharpness or cutting edge + -aen""],""variants"":[]}","Food, Agriculture, and Preservation 2",Pel sharpness or cutting edge + -aen,,,,
drenpralaen,Drenpralaen,/drehn-prahl-ah-ehn/,"Verb: To brew; to prepare a drink by steeping, heating, fermenting, or a deliberate combination of those processes","drenpralaen to brew; to prepare a drink by steeping, heating, fermenting, or a deliberate combination of those processes verb   dren liquid or drink + pral skilled making + -aen   drenapralaen  verb: to brew; to prepare a drink by steeping, heating, fermenting, or a deliberate combination of those processes",,LX-FAP2-0018,{},"{""origins"":[],""nationalUses"":[],""derivations"":[""Dren liquid or drink + Pral skilled making + -aen""],""variants"":[{""form"":""Drenapralaen"",""pronunciation"":""/dreh-nah-prahl-ah-ehn/""}]}","Food, Agriculture, and Preservation 2",Dren liquid or drink + Pral skilled making + -aen,,,Drenapralaen,/dreh-nah-prahl-ah-ehn/
seldrenvinaen,Seldrenvinaen,/sehl-drehn-veen-ah-ehn/,Verb: To distill; to purify or concentrate a liquid by vaporizing it and collecting the condensed result,seldrenvinaen to distill; to purify or concentrate a liquid by vaporizing it and collecting the condensed result verb   sel purity + dren liquid + vin extraction + -aen   seladrenvinaen  verb: to distill; to purify or concentrate a liquid by vaporizing it and collecting the condensed result,,LX-FAP2-0019,{},"{""origins"":[],""nationalUses"":[],""derivations"":[""Sel purity + Dren liquid + Vin extraction + -aen""],""variants"":[{""form"":""Seladrenvinaen"",""pronunciation"":""/seh-lah-drehn-veen-ah-ehn/""}]}","Food, Agriculture, and Preservation 2",Sel purity + Dren liquid + Vin extraction + -aen,,,Seladrenvinaen,/seh-lah-drehn-veen-ah-ehn/
balemilaen,Balemilaen,/bahl-eh-meel-ah-ehn/,Verb: To ferment; to transform food or drink through controlled activity of living cultures,balemilaen to ferment; to transform food or drink through controlled activity of living cultures verb   bal living growth + emil food or drink + -aen     verb: to ferment; to transform food or drink through controlled activity of living cultures,,LX-FAP2-0020,{},"{""origins"":[],""nationalUses"":[],""derivations"":[""Bal living growth + Emil food or drink + -aen""],""variants"":[]}","Food, Agriculture, and Preservation 2",Bal living growth + Emil food or drink + -aen,,,,
mura,Mura,/moo-rah/,Noun: Smoke; airborne gases and fine particles produced by combustion,mura smoke; airborne gases and fine particles produced by combustion noun        noun: smoke; airborne gases and fine particles produced by combustion,Yes,LX-FAP2-0021; XR-mura,{},null,"Food, Agriculture, and Preservation 2",,,,,
muraen,Muraen,/moo-rah-ehn/,"Verb: To smoke or smoke-treat something; especially to expose food deliberately to smoke for flavor, drying, or preservation","muraen to smoke or smoke-treat something; especially to expose food deliberately to smoke for flavor, drying, or preservation verb   mura smoke + -aen     verb: to smoke or smoke-treat something; especially to expose food deliberately to smoke for flavor, drying, or preservation",,LX-FAP2-0022,{},"{""origins"":[],""nationalUses"":[],""derivations"":[""Mura smoke + -aen""],""variants"":[]}","Food, Agriculture, and Preservation 2",Mura smoke + -aen,,,,
vindrenaen,Vindrenaen,/veen-drehn-ah-ehn/,Verb: To dehydrate or deliberately dry something by extracting enough moisture to slow spoilage or change its use,vindrenaen to dehydrate or deliberately dry something by extracting enough moisture to slow spoilage or change its use verb   vin extraction + dren water + -aen   vinadrenaen  verb: to dehydrate or deliberately dry something by extracting enough moisture to slow spoilage or change its use,,LX-FAP2-0023,{},"{""origins"":[],""nationalUses"":[],""derivations"":[""Vin extraction + Dren water + -aen""],""variants"":[{""form"":""Vinadrenaen"",""pronunciation"":""/vee-nah-drehn-ah-ehn/""}]}","Food, Agriculture, and Preservation 2",Vin extraction + Dren water + -aen,,,Vinadrenaen,/vee-nah-drehn-ah-ehn/
livaraen,Livaraen,/lee-vahr-ah-ehn/,"Verb: To cure or preserve food through salt, drying, smoke, fermentation, or another controlled anti-decay treatment","livaraen to cure or preserve food through salt, drying, smoke, fermentation, or another controlled anti-decay treatment verb   livar preservation or anti-decay + -aen     verb: to cure or preserve food through salt, drying, smoke, fermentation, or another controlled anti-decay treatment",,LX-FAP2-0024,{},"{""origins"":[],""nationalUses"":[],""derivations"":[""Livar preservation or anti-decay + -aen""],""variants"":[]}","Food, Agriculture, and Preservation 2",Livar preservation or anti-decay + -aen,,,,
vellivaraen,Vellivaraen,/vehl-lee-vahr-ah-ehn/,Verb: To preserve food or another perishable substance through freezing or sustained cold storage,vellivaraen to preserve food or another perishable substance through freezing or sustained cold storage verb   vel cold stillness + livar preservation + -aen   velalivaraen  verb: to preserve food or another perishable substance through freezing or sustained cold storage,,LX-FAP2-0025,{},"{""origins"":[],""nationalUses"":[],""derivations"":[""Vel cold stillness + Livar preservation + -aen""],""variants"":[{""form"":""Velalivaraen"",""pronunciation"":""/veh-lah-lee-vahr-ah-ehn/""}]}","Food, Agriculture, and Preservation 2",Vel cold stillness + Livar preservation + -aen,,,Velalivaraen,/veh-lah-lee-vahr-ah-ehn/
zhaeleth,Zhaeleth,/zhah-eh-leth/,"Adjective: Fresh; recently gathered, produced, or prepared and still retaining its expected original quality","zhaeleth fresh; recently gathered, produced, or prepared and still retaining its expected original quality adjective   zhael bloom, renewal, or recent opening + -eth     adjective: fresh; recently gathered, produced, or prepared and still retaining its expected original quality",,LX-FAP2-0026,{},"{""origins"":[],""nationalUses"":[],""derivations"":[""Zhael bloom, renewal, or recent opening + -eth""],""variants"":[]}","Food, Agriculture, and Preservation 2","Zhael bloom, renewal, or recent opening + -eth",,,,
ruvan,Ruvan,/roo-vahn/,"Noun: Moral institutional or social corruption understood as living rot spreading through a community or organized system ; Noun: Rot or organic spoilage; uncontrolled biological decay that degrades food, tissue, or other once-living material","ruvan rot or organic spoilage; uncontrolled biological decay that degrades food, tissue, or other once-living material noun       ruvan moral institutional or social corruption understood as living rot spreading through a community or organized system noun        noun: moral institutional or social corruption understood as living rot spreading through a community or organized system ; noun: rot or organic spoilage; uncontrolled biological decay that degrades food, tissue, or other once-living material",Yes,LX-FAP2-0027; LX-SCP1-0007; XR-ruvan,{},null,"Food, Agriculture, and Preservation 2; Semantic Continuity and Polysemy 1",,,,,
ruvanaen,Ruvanaen,/roo-vahn-ah-ehn/,"Verb: To rot or spoil through uncontrolled organic decay until quality, structure, or safety is lost","ruvanaen to rot or spoil through uncontrolled organic decay until quality, structure, or safety is lost verb   ruvan organic decay + -aen     verb: to rot or spoil through uncontrolled organic decay until quality, structure, or safety is lost",,LX-FAP2-0028,{},"{""origins"":[],""nationalUses"":[],""derivations"":[""Ruvan organic decay + -aen""],""variants"":[]}","Food, Agriculture, and Preservation 2",Ruvan organic decay + -aen,,,,
ruvaneth,Ruvaneth,/roo-vah-neth/,Adjective: Rotten or spoiled; substantially degraded by organic decay and no longer sound for its expected use,ruvaneth rotten or spoiled; substantially degraded by organic decay and no longer sound for its expected use adjective   ruvan organic decay + -eth     adjective: rotten or spoiled; substantially degraded by organic decay and no longer sound for its expected use,,LX-FAP2-0029,{},"{""origins"":[],""nationalUses"":[],""derivations"":[""Ruvan organic decay + -eth""],""variants"":[]}","Food, Agriculture, and Preservation 2",Ruvan organic decay + -eth,,,,
emilpraleth,Emilpraleth,/eh-meel-prah-leth/,Adjective: Cooked; deliberately transformed into a prepared food state by heat or an equivalent culinary process,emilpraleth cooked; deliberately transformed into a prepared food state by heat or an equivalent culinary process adjective   emil food + pral deliberate preparation + -eth     adjective: cooked; deliberately transformed into a prepared food state by heat or an equivalent culinary process,,LX-FAP2-0030,{},"{""origins"":[],""nationalUses"":[],""derivations"":[""Emil food + Pral deliberate preparation + -eth""],""variants"":[]}","Food, Agriculture, and Preservation 2",Emil food + Pral deliberate preparation + -eth,,,,
kaemilpraleth,Kaemilpraleth,/kah-eh-meel-prah-leth/,"Adjective: Raw or uncooked; not yet transformed by cooking, without implying that the food is unsafe or unfinished","kaemilpraleth raw or uncooked; not yet transformed by cooking, without implying that the food is unsafe or unfinished adjective   ka absence + emilpraleth cooked     adjective: raw or uncooked; not yet transformed by cooking, without implying that the food is unsafe or unfinished",,LX-FAP2-0031,{},"{""origins"":[],""nationalUses"":[],""derivations"":[""Ka absence + Emilpraleth cooked""],""variants"":[]}","Food, Agriculture, and Preservation 2",Ka absence + Emilpraleth cooked,,,,
talemilaen,Talemilaen,/tahl-eh-meel-ah-ehn/,"Verb: To feed; to give or provide food to another person, animal, or living being","talemilaen to feed; to give or provide food to another person, animal, or living being verb   tal give or offer + emil food + -aen     verb: to feed; to give or provide food to another person, animal, or living being",,LX-FAP2-0032,{},"{""origins"":[],""nationalUses"":[],""derivations"":[""Tal give or offer + Emil food + -aen""],""variants"":[]}","Food, Agriculture, and Preservation 2",Tal give or offer + Emil food + -aen,,,,
gav,Gav,/gahv/,Noun: A hunt; the purposeful pursuit of living quarry,gav a hunt; the purposeful pursuit of living quarry noun        noun: a hunt; the purposeful pursuit of living quarry,,LX-FAP1-0031,{},null,"Food, Agriculture, and Preservation 1",,,,,
belxar,Belxar,/behl-xahr/,"Noun: Clothing or a garment; an object deliberately worn on the body for coverage, protection, work, identity, or custom","belxar clothing or a garment; an object deliberately worn on the body for coverage, protection, work, identity, or custom noun   bel woven or bound construction + xar covering     noun: clothing or a garment; an object deliberately worn on the body for coverage, protection, work, identity, or custom",,LX-CWM1-0001,{},"{""origins"":[],""nationalUses"":[],""derivations"":[""Bel woven or bound construction + Xar covering""],""variants"":[]}","Clothing, Wearable Protection, and Ordinary Materials 1",Bel woven or bound construction + Xar covering,,,,
belxaraen,Belxaraen,/behl-xahr-ah-ehn/,Verb: To wear clothing or another garment as an ongoing bodily covering,belxaraen to wear clothing or another garment as an ongoing bodily covering verb   belxar garment + -aen     verb: to wear clothing or another garment as an ongoing bodily covering,,LX-CWM1-0002,{},"{""origins"":[],""nationalUses"":[],""derivations"":[""Belxar garment + -aen""],""variants"":[]}","Clothing, Wearable Protection, and Ordinary Materials 1",Belxar garment + -aen,,,,
velbelxar,Velbelxar,/vehl-behl-xahr/,Noun: A heavy coat; a substantial sleeved outer garment made to retain warmth and resist severe weather,velbelxar a heavy coat; a substantial sleeved outer garment made to retain warmth and resist severe weather noun   vel cold endurance + belxar garment     noun: a heavy coat; a substantial sleeved outer garment made to retain warmth and resist severe weather,,LX-CWM1-0003,{},"{""origins"":[],""nationalUses"":[],""derivations"":[""Vel cold endurance + Belxar garment""],""variants"":[]}","Clothing, Wearable Protection, and Ordinary Materials 1",Vel cold endurance + Belxar garment,,,,
eshtrakor,Eshtrakor,/ehsh-trah-kohr/,Noun: A sandal; open or highly ventilated footwear that protects the sole while leaving much of the foot exposed,eshtrakor a sandal; open or highly ventilated footwear that protects the sole while leaving much of the foot exposed noun   esh air or openness + trakor footwear     noun: a sandal; open or highly ventilated footwear that protects the sole while leaving much of the foot exposed,,LX-CWM1-0004,{},"{""origins"":[],""nationalUses"":[],""derivations"":[""Esh air or openness + Trakor footwear""],""variants"":[]}","Clothing, Wearable Protection, and Ordinary Materials 1",Esh air or openness + Trakor footwear,,,,
velpraltrakor,Velpraltrakor,/vehl-prahl-trah-kohr/,Noun: A snowshoe; broad foot-worn frame or platform that spreads weight and limits sinking into snow,velpraltrakor a snowshoe; broad foot-worn frame or platform that spreads weight and limits sinking into snow noun   vel cold + pral flat working surface + trakor footwear   velpralatrakor  noun: a snowshoe; broad foot-worn frame or platform that spreads weight and limits sinking into snow,,LX-CWM1-0005,{},"{""origins"":[],""nationalUses"":[],""derivations"":[""Vel cold + Pral flat working surface + Trakor footwear""],""variants"":[{""form"":""Velpralatrakor"",""pronunciation"":""/vehl-prah-lah-trah-kohr/""}]}","Clothing, Wearable Protection, and Ordinary Materials 1",Vel cold + Pral flat working surface + Trakor footwear,,,Velpralatrakor,/vehl-prah-lah-trah-kohr/
pelveltrakor,Pelveltrakor,/pehl-vehl-trah-kohr/,Noun: An ice skate; foot-worn runner or blade made for controlled gliding across ice,pelveltrakor an ice skate; foot-worn runner or blade made for controlled gliding across ice noun   pel sharp edge + vel ice or cold + trakor footwear   pelvelatrakor  noun: an ice skate; foot-worn runner or blade made for controlled gliding across ice,,LX-CWM1-0006,{},"{""origins"":[],""nationalUses"":[],""derivations"":[""Pel sharp edge + Vel ice or cold + Trakor footwear""],""variants"":[{""form"":""Pelvelatrakor"",""pronunciation"":""/pehl-veh-lah-trah-kohr/""}]}","Clothing, Wearable Protection, and Ordinary Materials 1",Pel sharp edge + Vel ice or cold + Trakor footwear,,,Pelvelatrakor,/pehl-veh-lah-trah-kohr/
lorinorxar,Lorinorxar,/loh-ree-nohr-xahr/,"Noun: A head covering, including a wrapped cloth, cap, hat, or other covering whose primary function is worn coverage of the head","lorinorxar a head covering, including a wrapped cloth, cap, hat, or other covering whose primary function is worn coverage of the head noun   lorinor head + xar covering     noun: a head covering, including a wrapped cloth, cap, hat, or other covering whose primary function is worn coverage of the head",,LX-CWM1-0007,{},"{""origins"":[],""nationalUses"":[],""derivations"":[""Lorinor head + Xar covering""],""variants"":[]}","Clothing, Wearable Protection, and Ordinary Materials 1",Lorinor head + Xar covering,,,,
rema,Rema,/reh-mah/,Noun: The face; the visible front of the head containing the principal social and sensory features,rema the face; the visible front of the head containing the principal social and sensory features noun        noun: the face; the visible front of the head containing the principal social and sensory features,Yes,LX-CWM1-0008; XR-rema,{},null,"Clothing, Wearable Protection, and Ordinary Materials 1",,,,,
remaxar,Remaxar,/reh-mah-xahr/,"Noun: A face covering or mask worn over the mouth, nose, or broader face for protection, concealment, custom, or work","remaxar a face covering or mask worn over the mouth, nose, or broader face for protection, concealment, custom, or work noun   rema face + xar covering     noun: a face covering or mask worn over the mouth, nose, or broader face for protection, concealment, custom, or work",,LX-CWM1-0009,{},"{""origins"":[],""nationalUses"":[],""derivations"":[""Rema face + Xar covering""],""variants"":[]}","Clothing, Wearable Protection, and Ordinary Materials 1",Rema face + Xar covering,,,,
zhirbel,Zhirbel,/zheer-behl/,Noun: A strap; a flexible narrow band used to secure carry suspend or fasten something,zhirbel a strap; a flexible narrow band used to secure carry suspend or fasten something noun   zhir line or cord + bel fastening     noun: a strap; a flexible narrow band used to secure carry suspend or fasten something,,LX-CWM1-0010,{},"{""origins"":[],""nationalUses"":[],""derivations"":[""Zhir line or cord + Bel fastening""],""variants"":[]}","Clothing, Wearable Protection, and Ordinary Materials 1",Zhir line or cord + Bel fastening,,,,
welzhirbel,Welzhirbel,/wehl-zheer-behl/,Noun: A harness; a coordinated set of worn straps used to carry restrain secure or transmit pulling force,welzhirbel a harness; a coordinated set of worn straps used to carry restrain secure or transmit pulling force noun   wel joined system + zhirbel strap     noun: a harness; a coordinated set of worn straps used to carry restrain secure or transmit pulling force,,LX-CWM1-0011,{},"{""origins"":[],""nationalUses"":[],""derivations"":[""Wel joined system + Zhirbel strap""],""variants"":[]}","Clothing, Wearable Protection, and Ordinary Materials 1",Wel joined system + Zhirbel strap,,,,
belmek,Belmek,/behl-mehk/,"Noun: A reusable mechanical fastener, including a buckle or clasp, that joins or adjusts straps or garment parts","belmek a reusable mechanical fastener, including a buckle or clasp, that joins or adjusts straps or garment parts noun   bel fastening + mek constructed mechanism     noun: a reusable mechanical fastener, including a buckle or clasp, that joins or adjusts straps or garment parts",,LX-CWM1-0012,{},"{""origins"":[],""nationalUses"":[],""derivations"":[""Bel fastening + Mek constructed mechanism""],""variants"":[]}","Clothing, Wearable Protection, and Ordinary Materials 1",Bel fastening + Mek constructed mechanism,,,,
belmekaen,Belmekaen,/behl-mehk-ah-ehn/,Verb: To fasten or secure something with a clasp buckle or comparable reusable mechanism,belmekaen to fasten or secure something with a clasp buckle or comparable reusable mechanism verb   belmek fastener + -aen     verb: to fasten or secure something with a clasp buckle or comparable reusable mechanism,,LX-CWM1-0013,{},"{""origins"":[],""nationalUses"":[],""derivations"":[""Belmek fastener + -aen""],""variants"":[]}","Clothing, Wearable Protection, and Ordinary Materials 1",Belmek fastener + -aen,,,,
kabelmekaen,Kabelmekaen,/kah-behl-mehk-ah-ehn/,Verb: To unfasten or release a clasp buckle or comparable reusable mechanism,kabelmekaen to unfasten or release a clasp buckle or comparable reusable mechanism verb   ka reversal or removal + belmek fastener + -aen     verb: to unfasten or release a clasp buckle or comparable reusable mechanism,,LX-CWM1-0014,{},"{""origins"":[],""nationalUses"":[],""derivations"":[""Ka reversal or removal + Belmek fastener + -aen""],""variants"":[]}","Clothing, Wearable Protection, and Ordinary Materials 1",Ka reversal or removal + Belmek fastener + -aen,,,,
korinxar,Korinxar,/koh-reen-xahr/,"Noun: A glove or mitten; a hand covering worn for warmth, safety, cleanliness, or work","korinxar a glove or mitten; a hand covering worn for warmth, safety, cleanliness, or work noun   korin hand + xar covering     noun: a glove or mitten; a hand covering worn for warmth, safety, cleanliness, or work",,LX-CWM1-0015,{},"{""origins"":[],""nationalUses"":[],""derivations"":[""Korin hand + Xar covering""],""variants"":[]}","Clothing, Wearable Protection, and Ordinary Materials 1",Korin hand + Xar covering,,,,
lorinshalxar,Lorinshalxar,/loh-reen-shahl-xahr/,"Noun: Goggles; close-fitting eye protection against glare, dust, wind, water, cold, or debris","lorinshalxar goggles; close-fitting eye protection against glare, dust, wind, water, cold, or debris noun   lorinshal eye + xar protective covering   lorinshalaxar  noun: goggles; close-fitting eye protection against glare, dust, wind, water, cold, or debris",,LX-CWM1-0016,{},"{""origins"":[],""nationalUses"":[],""derivations"":[""Lorinshal eye + Xar protective covering""],""variants"":[{""form"":""Lorinshalaxar"",""pronunciation"":""/loh-reen-shah-lah-xahr/""}]}","Clothing, Wearable Protection, and Ordinary Materials 1",Lorinshal eye + Xar protective covering,,,Lorinshalaxar,/loh-reen-shah-lah-xahr/
remashalxar,Remashalxar,/reh-mah-shahl-xahr/,Noun: A visor; a worn eye or face shield that filters light blocks hazards or carries visible information,remashalxar a visor; a worn eye or face shield that filters light blocks hazards or carries visible information noun   rema face + shal light or sight + xar covering   remashalaxar  noun: a visor; a worn eye or face shield that filters light blocks hazards or carries visible information,,LX-CWM1-0017,{},"{""origins"":[],""nationalUses"":[],""derivations"":[""Rema face + Shal light or sight + Xar covering""],""variants"":[{""form"":""Remashalaxar"",""pronunciation"":""/reh-mah-shah-lah-xahr/""}]}","Clothing, Wearable Protection, and Ordinary Materials 1",Rema face + Shal light or sight + Xar covering,,,Remashalaxar,/reh-mah-shah-lah-xahr/
rinbelxar,Rinbelxar,/reen-behl-xahr/,"Noun: A uniform; standardized clothing that visibly marks an occupation, rank, institution, team, or assigned duty","rinbelxar a uniform; standardized clothing that visibly marks an occupation, rank, institution, team, or assigned duty noun   rin identity + belxar garment     noun: a uniform; standardized clothing that visibly marks an occupation, rank, institution, team, or assigned duty",,LX-CWM1-0018,{},"{""origins"":[],""nationalUses"":[],""derivations"":[""Rin identity + Belxar garment""],""variants"":[]}","Clothing, Wearable Protection, and Ordinary Materials 1",Rin identity + Belxar garment,,,,
felzhir,Felzhir,/fehl-zheer/,"Noun: A fiber; a fine natural or manufactured strand used alone or combined in textiles, cordage, padding, or composites","felzhir a fiber; a fine natural or manufactured strand used alone or combined in textiles, cordage, padding, or composites noun   fel smallness or fineness + zhir thread or line     noun: a fiber; a fine natural or manufactured strand used alone or combined in textiles, cordage, padding, or composites",,LX-CWM1-0019,{},"{""origins"":[],""nationalUses"":[],""derivations"":[""Fel smallness or fineness + Zhir thread or line""],""variants"":[]}","Clothing, Wearable Protection, and Ordinary Materials 1",Fel smallness or fineness + Zhir thread or line,,,,
sura,Sura,/soo-rah/,Noun: Fur; dense animal hair as a natural body covering or as a material used for warmth padding trim or craft,sura fur; dense animal hair as a natural body covering or as a material used for warmth padding trim or craft noun        noun: fur; dense animal hair as a natural body covering or as a material used for warmth padding trim or craft,Yes,LX-CWM1-0020; XR-sura,{},null,"Clothing, Wearable Protection, and Ordinary Materials 1",,,,,
belsura,Belsura,/behl-soo-rah/,Noun: Wool; spinnable insulating animal fiber prepared for thread felt padding or woven cloth,belsura wool; spinnable insulating animal fiber prepared for thread felt padding or woven cloth noun   bel textile working + sura animal hair or fur     noun: wool; spinnable insulating animal fiber prepared for thread felt padding or woven cloth,,LX-CWM1-0021,{},"{""origins"":[],""nationalUses"":[],""derivations"":[""Bel textile working + Sura animal hair or fur""],""variants"":[]}","Clothing, Wearable Protection, and Ordinary Materials 1",Bel textile working + Sura animal hair or fur,,,,
verdselzhir,Verdselzhir,/vehrd-sehl-zheer/,"Noun: Linen; lightweight, smooth plant-fiber thread or cloth made for cool, breathable garments and household textiles","verdselzhir linen; lightweight, smooth plant-fiber thread or cloth made for cool, breathable garments and household textiles noun   verd botanical growth + sel smooth physical clarity + zhir fiber or thread   verdeselzhir  noun: linen; lightweight, smooth plant-fiber thread or cloth made for cool, breathable garments and household textiles",,LX-CWM1-0022,{},"{""origins"":[],""nationalUses"":[],""derivations"":[""Verd botanical growth + Sel smooth physical clarity + Zhir fiber or thread""],""variants"":[{""form"":""Verdeselzhir"",""pronunciation"":""/vehr-deh-sehl-zheer/""}]}","Clothing, Wearable Protection, and Ordinary Materials 1",Verd botanical growth + Sel smooth physical clarity + Zhir fiber or thread,,,Verdeselzhir,/vehr-deh-sehl-zheer/
selzhir,Selzhir,/sehl-zheer/,"Noun: Silk; fine, smooth, strong natural filament, and by extension the cloth woven from that filament","selzhir silk; fine, smooth, strong natural filament, and by extension the cloth woven from that filament noun   sel smooth clarity + zhir thread     noun: silk; fine, smooth, strong natural filament, and by extension the cloth woven from that filament",,LX-CWM1-0023,{},"{""origins"":[],""nationalUses"":[],""derivations"":[""Sel smooth clarity + Zhir thread""],""variants"":[]}","Clothing, Wearable Protection, and Ordinary Materials 1",Sel smooth clarity + Zhir thread,,,,
kalbelrin,Kalbelrin,/kahl-behl-reen/,"Noun: Canvas; heavy, tightly woven, durable cloth used for tents, sails, bags, coverings, and workwear","kalbelrin canvas; heavy, tightly woven, durable cloth used for tents, sails, bags, coverings, and workwear noun   kal strength + belrin woven fabric     noun: canvas; heavy, tightly woven, durable cloth used for tents, sails, bags, coverings, and workwear",,LX-CWM1-0024,{},"{""origins"":[],""nationalUses"":[],""derivations"":[""Kal strength + Belrin woven fabric""],""variants"":[]}","Clothing, Wearable Protection, and Ordinary Materials 1",Kal strength + Belrin woven fabric,,,,
olanbelrin,Olanbelrin,/oh-lahn-behl-reen/,Noun: Oilskin; woven fabric deliberately treated with oil to resist water and weather,olanbelrin oilskin; woven fabric deliberately treated with oil to resist water and weather noun   olan oil + belrin woven fabric     noun: oilskin; woven fabric deliberately treated with oil to resist water and weather,,LX-CWM1-0025,{},"{""origins"":[],""nationalUses"":[],""derivations"":[""Olan oil + Belrin woven fabric""],""variants"":[]}","Clothing, Wearable Protection, and Ordinary Materials 1",Olan oil + Belrin woven fabric,,,,
drenartheth,Drenartheth,/drehn-ahr-theth/,Adjective: Waterproof; made to resist penetration by water under the conditions for which the object was designed,drenartheth waterproof; made to resist penetration by water under the conditions for which the object was designed adjective   dren water + arth protection + -eth     adjective: waterproof; made to resist penetration by water under the conditions for which the object was designed,,LX-CWM1-0026,{},"{""origins"":[],""nationalUses"":[],""derivations"":[""Dren water + Arth protection + -eth""],""variants"":[]}","Clothing, Wearable Protection, and Ordinary Materials 1",Dren water + Arth protection + -eth,,,,
shanartheth,Shanartheth,/shahn-ahr-theth/,"Adjective: Insulated; made to resist unwanted transfer of heat, cold, sound, electricity, or magical energy","shanartheth insulated; made to resist unwanted transfer of heat, cold, sound, electricity, or magical energy adjective   shan passage or transfer + arth protection + -eth     adjective: insulated; made to resist unwanted transfer of heat, cold, sound, electricity, or magical energy",,LX-CWM1-0027,{},"{""origins"":[],""nationalUses"":[],""derivations"":[""Shan passage or transfer + Arth protection + -eth""],""variants"":[]}","Clothing, Wearable Protection, and Ordinary Materials 1",Shan passage or transfer + Arth protection + -eth,,,,
zhelshaneth,Zhelshaneth,/zhehl-shah-neth/,Adjective: Electrically or energetically conductive; able to carry electrical or magical charge through a material,zhelshaneth electrically or energetically conductive; able to carry electrical or magical charge through a material adjective   zhel energy or charge + shan passage + -eth     adjective: electrically or energetically conductive; able to carry electrical or magical charge through a material,,LX-CWM1-0028,{},"{""origins"":[],""nationalUses"":[],""derivations"":[""Zhel energy or charge + Shan passage + -eth""],""variants"":[]}","Clothing, Wearable Protection, and Ordinary Materials 1",Zhel energy or charge + Shan passage + -eth,,,,
kalmorl,Kalmorl,/kahl-mohrl/,"Noun: Granite; hard, visibly crystalline building stone valued for strength, weight, and durability","kalmorl granite; hard, visibly crystalline building stone valued for strength, weight, and durability noun   kal strength + morl stone   kalamorl  noun: granite; hard, visibly crystalline building stone valued for strength, weight, and durability",,LX-CWM2-0001,{},"{""origins"":[],""nationalUses"":[],""derivations"":[""Kal strength + Morl stone""],""variants"":[{""form"":""Kalamorl"",""pronunciation"":""/kah-lah-mohrl/""}]}","Clothing, Wearable Protection, and Ordinary Materials 2",Kal strength + Morl stone,,,Kalamorl,/kah-lah-mohrl/
krezmorl,Krezmorl,/krehz-mohrl/,Noun: Basalt; dense dark volcanic stone formed from cooled molten rock,krezmorl basalt; dense dark volcanic stone formed from cooled molten rock noun   krez fire or heat + morl stone   krezamorl  noun: basalt; dense dark volcanic stone formed from cooled molten rock,,LX-CWM2-0002,{},"{""origins"":[],""nationalUses"":[],""derivations"":[""Krez fire or heat + Morl stone""],""variants"":[{""form"":""Krezamorl"",""pronunciation"":""/kreh-zah-mohrl/""}]}","Clothing, Wearable Protection, and Ordinary Materials 2",Krez fire or heat + Morl stone,,,Krezamorl,/kreh-zah-mohrl/
brosmorl,Brosmorl,/brohs-mohrl/,Noun: Slate; fine-layered stone that naturally splits into durable flat sheets,brosmorl slate; fine-layered stone that naturally splits into durable flat sheets noun   bros layering + morl stone   brosamorl  noun: slate; fine-layered stone that naturally splits into durable flat sheets,,LX-CWM2-0003,{},"{""origins"":[],""nationalUses"":[],""derivations"":[""Bros layering + Morl stone""],""variants"":[{""form"":""Brosamorl"",""pronunciation"":""/broh-sah-mohrl/""}]}","Clothing, Wearable Protection, and Ordinary Materials 2",Bros layering + Morl stone,,,Brosamorl,/broh-sah-mohrl/
sadar,Sadar,/sah-dahr/,Noun: Sand; loose mineral grains produced by weathering and moved by wind or water,sadar sand; loose mineral grains produced by weathering and moved by wind or water noun        noun: sand; loose mineral grains produced by weathering and moved by wind or water,Yes,LX-CWM2-0004; XR-sadar,{},null,"Clothing, Wearable Protection, and Ordinary Materials 2",,,,,
sadarmorl,Sadarmorl,/sah-dahr-mohrl/,"Noun: Sandstone; consolidated sand-grained stone used in buildings, carving, and paving","sadarmorl sandstone; consolidated sand-grained stone used in buildings, carving, and paving noun   sadar sand + morl stone     noun: sandstone; consolidated sand-grained stone used in buildings, carving, and paving",,LX-CWM2-0005,{},"{""origins"":[],""nationalUses"":[],""derivations"":[""Sadar sand + Morl stone""],""variants"":[]}","Clothing, Wearable Protection, and Ordinary Materials 2",Sadar sand + Morl stone,,,,
eran,Eran,/eh-rahn/,"Noun: Iron; the strong workable elemental metal used widely in tools, structures, weapons, and machinery","eran iron; the strong workable elemental metal used widely in tools, structures, weapons, and machinery noun        noun: iron; the strong workable elemental metal used widely in tools, structures, weapons, and machinery",Yes,LX-CWM2-0006; XR-eran,{},null,"Clothing, Wearable Protection, and Ordinary Materials 2",,,,,
osar,Osar,/oh-sahr/,"Noun: Bone; rigid skeletal tissue and the material taken from it for tools, fasteners, ornament, or craft","osar bone; rigid skeletal tissue and the material taken from it for tools, fasteners, ornament, or craft noun        noun: bone; rigid skeletal tissue and the material taken from it for tools, fasteners, ornament, or craft",Yes,LX-CWM2-0007; XR-osar,{},null,"Clothing, Wearable Protection, and Ordinary Materials 2",,,,,
dresh,Dresh,/drehsh/,"Noun: Crystal; an ordered mineral solid, often faceted or translucent, used naturally, magically, structurally, or technologically","dresh crystal; an ordered mineral solid, often faceted or translucent, used naturally, magically, structurally, or technologically noun        noun: crystal; an ordered mineral solid, often faceted or translucent, used naturally, magically, structurally, or technologically",Yes,LX-CWM2-0008; XR-dresh,{},null,"Clothing, Wearable Protection, and Ordinary Materials 2",,,,,
neshmorl,Neshmorl,/nehsh-mohrl/,Noun: A reef-forming colonial aquatic organism together with the hard mineral structure or craft material it produces; coral,neshmorl a reef-forming colonial aquatic organism together with the hard mineral structure or craft material it produces; coral noun   nesh aquatic creature + morl stone or mineral structure   neshamorl  noun: a reef-forming colonial aquatic organism together with the hard mineral structure or craft material it produces; coral,,LX-CWM2-0009,{},"{""origins"":[],""nationalUses"":[],""derivations"":[""Nesh aquatic creature + Morl stone or mineral structure""],""variants"":[{""form"":""Neshamorl"",""pronunciation"":""/neh-shah-mohrl/""}]}","Clothing, Wearable Protection, and Ordinary Materials 2",Nesh aquatic creature + Morl stone or mineral structure,,,Neshamorl,/neh-shah-mohrl/
zorxar,Zorxar,/zohr-xahr/,"Noun: A shell; the hard protective outer covering made by an animal, and the material taken from that covering","zorxar a shell; the hard protective outer covering made by an animal, and the material taken from that covering noun   zor animal + xar protective covering     noun: a shell; the hard protective outer covering made by an animal, and the material taken from that covering",,LX-CWM2-0010,{},"{""origins"":[],""nationalUses"":[],""derivations"":[""Zor animal + Xar protective covering""],""variants"":[]}","Clothing, Wearable Protection, and Ordinary Materials 2",Zor animal + Xar protective covering,,,,
kavolan,Kavolan,/kahv-oh-lahn/,"Noun: Wax; a moldable, water-resistant organic or manufactured substance used for seals, coatings, polish, preservation, and wick-fed light","kavolan wax; a moldable, water-resistant organic or manufactured substance used for seals, coatings, polish, preservation, and wick-fed light noun   kav preservation or enduring state + olan oil-like water-resistant substance     noun: wax; a moldable, water-resistant organic or manufactured substance used for seals, coatings, polish, preservation, and wick-fed light",,LX-CWM2-0011,{},"{""origins"":[],""nationalUses"":[],""derivations"":[""Kav preservation or enduring state + Olan oil-like water-resistant substance""],""variants"":[]}","Clothing, Wearable Protection, and Ordinary Materials 2",Kav preservation or enduring state + Olan oil-like water-resistant substance,,,,
verdbel,Verdbel,/vehrd-behl/,"Noun: Resin; sticky plant-derived material that can harden and is used as adhesive, sealant, incense, coating, or finish","verdbel resin; sticky plant-derived material that can harden and is used as adhesive, sealant, incense, coating, or finish noun   verd botanical life + bel binding   verdabel  noun: resin; sticky plant-derived material that can harden and is used as adhesive, sealant, incense, coating, or finish",,LX-CWM2-0012,{},"{""origins"":[],""nationalUses"":[],""derivations"":[""Verd botanical life + Bel binding""],""variants"":[{""form"":""Verdabel"",""pronunciation"":""/vehr-dah-behl/""}]}","Clothing, Wearable Protection, and Ordinary Materials 2",Verd botanical life + Bel binding,,,Verdabel,/vehr-dah-behl/
hir,Hir,/heer/,"Noun: Color or hue; the visible chromatic quality of a surface, light, or substance","hir color or hue; the visible chromatic quality of a surface, light, or substance noun        noun: color or hue; the visible chromatic quality of a surface, light, or substance",Yes,LX-CWM2-0013; XR-hir,{},null,"Clothing, Wearable Protection, and Ordinary Materials 2",,,,,
hirmor,Hirmor,/heer-mohr/,Noun: Pigment or dye material; a substance used to impart color to another material,hirmor pigment or dye material; a substance used to impart color to another material noun   hir color + mor physical substance     noun: pigment or dye material; a substance used to impart color to another material,,LX-CWM2-0014,{},"{""origins"":[],""nationalUses"":[],""derivations"":[""Hir color + Mor physical substance""],""variants"":[]}","Clothing, Wearable Protection, and Ordinary Materials 2",Hir color + Mor physical substance,,,,
hiraen,Hiraen,/hee-rah-ehn/,"Verb: To dye or color; to impart a color to cloth, leather, hair, a surface, or another material","hiraen to dye or color; to impart a color to cloth, leather, hair, a surface, or another material verb   hir color + -aen     verb: to dye or color; to impart a color to cloth, leather, hair, a surface, or another material",,LX-CWM2-0015,{},"{""origins"":[],""nationalUses"":[],""derivations"":[""Hir color + -aen""],""variants"":[]}","Clothing, Wearable Protection, and Ordinary Materials 2",Hir color + -aen,,,,
belkren,Belkren,/behl-krehn/,Noun: An alloy; a deliberately combined metallic material whose properties differ from those of its component metals,belkren an alloy; a deliberately combined metallic material whose properties differ from those of its component metals noun   bel binding or joined system + kren metal   belakren  noun: an alloy; a deliberately combined metallic material whose properties differ from those of its component metals,,LX-CWM2-0016,{},"{""origins"":[],""nationalUses"":[],""derivations"":[""Bel binding or joined system + Kren metal""],""variants"":[{""form"":""Belakren"",""pronunciation"":""/beh-lah-krehn/""}]}","Clothing, Wearable Protection, and Ordinary Materials 2",Bel binding or joined system + Kren metal,,,Belakren,/beh-lah-krehn/
karmek,Karmek,/kahr-mehk/,Noun: A tool; a portable implement deliberately used to perform practical work,karmek a tool; a portable implement deliberately used to perform practical work noun   kar tool-work or applied mechanical force + mek constructed object     noun: a tool; a portable implement deliberately used to perform practical work,,LX-TM1-0001,{},"{""origins"":[],""nationalUses"":[],""derivations"":[""Kar tool-work or applied mechanical force + Mek constructed object""],""variants"":[]}",Tools and Machines 1,Kar tool-work or applied mechanical force + Mek constructed object,,,,
kalmek,Kalmek,/kahl-mehk/,Noun: A machine; a constructed system whose connected parts transmit or transform force energy motion or information,kalmek a machine; a constructed system whose connected parts transmit or transform force energy motion or information noun   kal force or power + mek constructed system     noun: a machine; a constructed system whose connected parts transmit or transform force energy motion or information,,LX-TM1-0002,{},"{""origins"":[],""nationalUses"":[],""derivations"":[""Kal force or power + Mek constructed system""],""variants"":[]}",Tools and Machines 1,Kal force or power + Mek constructed system,,,,
felmek,Felmek,/fehl-mehk/,Noun: A component; one constructed part intended to function within a larger machine device or assembly,felmek a component; one constructed part intended to function within a larger machine device or assembly noun   fel smaller constituent + mek constructed object     noun: a component; one constructed part intended to function within a larger machine device or assembly,,LX-TM1-0003,{},"{""origins"":[],""nationalUses"":[],""derivations"":[""Fel smaller constituent + Mek constructed object""],""variants"":[]}",Tools and Machines 1,Fel smaller constituent + Mek constructed object,,,,
zhaelpralaen,Zhaelpralaen,/zhah-ehl-prahl-ah-ehn/,Verb: To repair; to restore a damaged object or system to usable working condition,zhaelpralaen to repair; to restore a damaged object or system to usable working condition verb   zhael renewal + pral skilled making + -aen     verb: to repair; to restore a damaged object or system to usable working condition,,LX-TM1-0004,{},"{""origins"":[],""nationalUses"":[],""derivations"":[""Zhael renewal + Pral skilled making + -aen""],""variants"":[]}",Tools and Machines 1,Zhael renewal + Pral skilled making + -aen,,,,
thamvek,Thamvek,/thahm-vehk/,Noun: A mortar; a strong bowl-shaped working vessel in which substances are crushed or ground,thamvek a mortar; a strong bowl-shaped working vessel in which substances are crushed or ground noun   tham crushing or structural breakdown + vek vessel     noun: a mortar; a strong bowl-shaped working vessel in which substances are crushed or ground,,LX-TM1-0005,{},"{""origins"":[],""nationalUses"":[],""derivations"":[""Tham crushing or structural breakdown + Vek vessel""],""variants"":[]}",Tools and Machines 1,Tham crushing or structural breakdown + Vek vessel,,,,
thamkar,Thamkar,/thahm-kahr/,Noun: A pestle; a handheld striking or pressing tool used to crush or grind material in a mortar,thamkar a pestle; a handheld striking or pressing tool used to crush or grind material in a mortar noun   tham crushing + kar applied striking force     noun: a pestle; a handheld striking or pressing tool used to crush or grind material in a mortar,,LX-TM1-0006,{},"{""origins"":[],""nationalUses"":[],""derivations"":[""Tham crushing + Kar applied striking force""],""variants"":[]}",Tools and Machines 1,Tham crushing + Kar applied striking force,,,,
zhirpel,Zhirpel,/zheer-pehl/,Noun: A needle; a thin pointed implement used for sewing piercing or comparable fine work,zhirpel a needle; a thin pointed implement used for sewing piercing or comparable fine work noun   zhir thread or fine line + pel sharp point     noun: a needle; a thin pointed implement used for sewing piercing or comparable fine work,,LX-TM1-0007,{},"{""origins"":[],""nationalUses"":[],""derivations"":[""Zhir thread or fine line + Pel sharp point""],""variants"":[]}",Tools and Machines 1,Zhir thread or fine line + Pel sharp point,,,,
pelkorin,Pelkorin,/pehl-koh-reen/,Noun: An awl; a handheld pointed tool for piercing holes in hide cloth wood or another workable material,pelkorin an awl; a handheld pointed tool for piercing holes in hide cloth wood or another workable material noun   pel piercing sharpness + korin hand     noun: an awl; a handheld pointed tool for piercing holes in hide cloth wood or another workable material,,LX-TM1-0008,{},"{""origins"":[],""nationalUses"":[],""derivations"":[""Pel piercing sharpness + Korin hand""],""variants"":[]}",Tools and Machines 1,Pel piercing sharpness + Korin hand,,,,
delpel,Delpel,/dehl-pehl/,Noun: Shears or scissors; a paired-blade hand tool whose edges close across material to cut it,delpel shears or scissors; a paired-blade hand tool whose edges close across material to cut it noun   del paired structure + pel cutting edge     noun: shears or scissors; a paired-blade hand tool whose edges close across material to cut it,,LX-TM1-0009,{},"{""origins"":[],""nationalUses"":[],""derivations"":[""Del paired structure + Pel cutting edge""],""variants"":[]}",Tools and Machines 1,Del paired structure + Pel cutting edge,,,,
delkorin,Delkorin,/dehl-koh-reen/,Noun: Tongs; a paired gripping tool used to hold lift or turn hot dangerous or difficult objects,delkorin tongs; a paired gripping tool used to hold lift or turn hot dangerous or difficult objects noun   del pair + korin hand or grip     noun: tongs; a paired gripping tool used to hold lift or turn hot dangerous or difficult objects,,LX-TM1-0010,{},"{""origins"":[],""nationalUses"":[],""derivations"":[""Del pair + Korin hand or grip""],""variants"":[]}",Tools and Machines 1,Del pair + Korin hand or grip,,,,
pelkar,Pelkar,/pehl-kahr/,Noun: A chisel; a hard-edged tool driven or pressed to cut groove or shape stone wood ice or metal,pelkar a chisel; a hard-edged tool driven or pressed to cut groove or shape stone wood ice or metal noun   pel cutting edge + kar applied striking force     noun: a chisel; a hard-edged tool driven or pressed to cut groove or shape stone wood ice or metal,,LX-TM1-0011,{},"{""origins"":[],""nationalUses"":[],""derivations"":[""Pel cutting edge + Kar applied striking force""],""variants"":[]}",Tools and Machines 1,Pel cutting edge + Kar applied striking force,,,,
drenkavvek,Drenkavvek,/drehn-kahv-vehk/,Noun: A bottle or flask; a portable narrow-opening liquid vessel that can be closed for carrying or storage,drenkavvek a bottle or flask; a portable narrow-opening liquid vessel that can be closed for carrying or storage noun   dren liquid + kav preservation + vek vessel   drenakavvek  noun: a bottle or flask; a portable narrow-opening liquid vessel that can be closed for carrying or storage,,LX-TM1-0012,{},"{""origins"":[],""nationalUses"":[],""derivations"":[""Dren liquid + Kav preservation + Vek vessel""],""variants"":[{""form"":""Drenakavvek"",""pronunciation"":""/dreh-nah-kahv-vehk/""}]}",Tools and Machines 1,Dren liquid + Kav preservation + Vek vessel,,,Drenakavvek,/dreh-nah-kahv-vehk/
krezdrenvek,Krezdrenvek,/krehz-drehn-vehk/,Noun: A kettle; a closable or covered vessel designed to heat and pour water or another drink,krezdrenvek a kettle; a closable or covered vessel designed to heat and pour water or another drink noun   krez heat + dren liquid + vek vessel   krezadrenvek  noun: a kettle; a closable or covered vessel designed to heat and pour water or another drink,,LX-TM1-0013,{},"{""origins"":[],""nationalUses"":[],""derivations"":[""Krez heat + Dren liquid + Vek vessel""],""variants"":[{""form"":""Krezadrenvek"",""pronunciation"":""/kreh-zah-drehn-vehk/""}]}",Tools and Machines 1,Krez heat + Dren liquid + Vek vessel,,,Krezadrenvek,/kreh-zah-drehn-vehk/
rinpel,Rinpel,/reen-pehl/,Noun: A seal or stamp; an identifying or authorizing impression or the handheld implement that produces it,rinpel a seal or stamp; an identifying or authorizing impression or the handheld implement that produces it noun   rin identity + pel precise impressed mark     noun: a seal or stamp; an identifying or authorizing impression or the handheld implement that produces it,,LX-TM1-0014,{},"{""origins"":[],""nationalUses"":[],""derivations"":[""Rin identity + Pel precise impressed mark""],""variants"":[]}",Tools and Machines 1,Rin identity + Pel precise impressed mark,,,,
kelpel,Kelpel,/kehl-pehl/,Noun: A stylus; a narrow handheld instrument used to write mark draw or operate a responsive surface,kelpel a stylus; a narrow handheld instrument used to write mark draw or operate a responsive surface noun   kel language or inscription + pel narrow point     noun: a stylus; a narrow handheld instrument used to write mark draw or operate a responsive surface,,LX-TM1-0015,{},"{""origins"":[],""nationalUses"":[],""derivations"":[""Kel language or inscription + Pel narrow point""],""variants"":[]}",Tools and Machines 1,Kel language or inscription + Pel narrow point,,,,
kelpral,Kelpral,/kehl-prahl/,Noun: A writing slate or tablet; a reusable flat object used to hold written calculated drawn or displayed information,kelpral a writing slate or tablet; a reusable flat object used to hold written calculated drawn or displayed information noun   kel expressed information + pral prepared working surface     noun: a writing slate or tablet; a reusable flat object used to hold written calculated drawn or displayed information,,LX-TM1-0016,{},"{""origins"":[],""nationalUses"":[],""derivations"":[""Kel expressed information + Pral prepared working surface""],""variants"":[]}",Tools and Machines 1,Kel expressed information + Pral prepared working surface,,,,
shenzhir,Shenzhir,/shehn-zheer/,Noun: A ruler or measuring rod; a straight calibrated tool used to measure length or test alignment,shenzhir a ruler or measuring rod; a straight calibrated tool used to measure length or test alignment noun   shen measure + zhir line     noun: a ruler or measuring rod; a straight calibrated tool used to measure length or test alignment,,LX-TM1-0017,{},"{""origins"":[],""nationalUses"":[],""derivations"":[""Shen measure + Zhir line""],""variants"":[]}",Tools and Machines 1,Shen measure + Zhir line,,,,
lormek,Lormek,/lohr-mehk/,Noun: A compass; an instrument that indicates direction independently of a visible destination,lormek a compass; an instrument that indicates direction independently of a visible destination noun   lor guidance or directional focus + mek device     noun: a compass; an instrument that indicates direction independently of a visible destination,,LX-TM1-0018,{},"{""origins"":[],""nationalUses"":[],""derivations"":[""Lor guidance or directional focus + Mek device""],""variants"":[]}",Tools and Machines 1,Lor guidance or directional focus + Mek device,,,,
sharashen,Sharashen,/shah-rah-shehn/,Noun: A map; a deliberate spatial representation of places boundaries paths and their relations,sharashen a map; a deliberate spatial representation of places boundaries paths and their relations noun   shara path or route + shen measured reference     noun: a map; a deliberate spatial representation of places boundaries paths and their relations,,LX-TM1-0019,{},"{""origins"":[],""nationalUses"":[],""derivations"":[""Shara path or route + Shen measured reference""],""variants"":[]}",Tools and Machines 1,Shara path or route + Shen measured reference,,,,
normek,Normek,/nohr-mehk/,Noun: A clock or timepiece; an instrument that measures and displays a current time or passing duration,normek a clock or timepiece; an instrument that measures and displays a current time or passing duration noun   nor time + mek device     noun: a clock or timepiece; an instrument that measures and displays a current time or passing duration,,LX-TM1-0020,{},"{""origins"":[],""nationalUses"":[],""derivations"":[""Nor time + Mek device""],""variants"":[]}",Tools and Machines 1,Nor time + Mek device,,,,
belpralmek,Belpralmek,/behl-prahl-mehk/,Noun: A loom; a frame or machine that holds and interlaces threads to produce woven material,belpralmek a loom; a frame or machine that holds and interlaces threads to produce woven material noun   bel weaving + pral skilled arrangement + mek apparatus   belapralmek  noun: a loom; a frame or machine that holds and interlaces threads to produce woven material,,LX-TM1-0021,{},"{""origins"":[],""nationalUses"":[],""derivations"":[""Bel weaving + Pral skilled arrangement + Mek apparatus""],""variants"":[{""form"":""Belapralmek"",""pronunciation"":""/beh-lah-prahl-mehk/""}]}",Tools and Machines 1,Bel weaving + Pral skilled arrangement + Mek apparatus,,,Belapralmek,/beh-lah-prahl-mehk/
jekzhirvek,Jekzhirvek,/jehk-zheer-vehk/,Noun: A spool or reel; a holder around which thread wire cord or another flexible line is wound,jekzhirvek a spool or reel; a holder around which thread wire cord or another flexible line is wound noun   jek spiral or winding + zhir line + vek holder   jekazhirvek  noun: a spool or reel; a holder around which thread wire cord or another flexible line is wound,,LX-TM1-0022,{},"{""origins"":[],""nationalUses"":[],""derivations"":[""Jek spiral or winding + Zhir line + Vek holder""],""variants"":[{""form"":""Jekazhirvek"",""pronunciation"":""/jeh-kah-zheer-vehk/""}]}",Tools and Machines 1,Jek spiral or winding + Zhir line + Vek holder,,,Jekazhirvek,/jeh-kah-zheer-vehk/
shenmek,Shenmek,/shehn-mehk/,Noun: A gauge or meter; an instrument that measures and displays the state or quantity of a system,shenmek a gauge or meter; an instrument that measures and displays the state or quantity of a system noun   shen measure + mek device     noun: a gauge or meter; an instrument that measures and displays the state or quantity of a system,,LX-TM1-0023,{},"{""origins"":[],""nationalUses"":[],""derivations"":[""Shen measure + Mek device""],""variants"":[]}",Tools and Machines 1,Shen measure + Mek device,,,,
kesmek,Kesmek,/kehs-mehk/,Noun: A sensor; a device that detects a physical environmental energetic or magical condition,kesmek a sensor; a device that detects a physical environmental energetic or magical condition noun   kes detection or registration + mek device     noun: a sensor; a device that detects a physical environmental energetic or magical condition,,LX-TM1-0024,{},"{""origins"":[],""nationalUses"":[],""derivations"":[""Kes detection or registration + Mek device""],""variants"":[]}",Tools and Machines 1,Kes detection or registration + Mek device,,,,
shenlianaen,Shenlianaen,/shehn-lee-ahn-ah-ehn/,Verb: To calibrate; to adjust an instrument against a trusted standard so its readings are reliable,shenlianaen to calibrate; to adjust an instrument against a trusted standard so its readings are reliable verb   shenlian reference standard + -aen     verb: to calibrate; to adjust an instrument against a trusted standard so its readings are reliable,,LX-TM1-0025,{},"{""origins"":[],""nationalUses"":[],""derivations"":[""Shenlian reference standard + -aen""],""variants"":[]}",Tools and Machines 1,Shenlian reference standard + -aen,,,,
kormek,Kormek,/kohr-mehk/,Noun: An engine or motor; the core machine that converts supplied or stored energy into sustained mechanical motion,kormek an engine or motor; the core machine that converts supplied or stored energy into sustained mechanical motion noun   kor functional core or source + mek machine     noun: an engine or motor; the core machine that converts supplied or stored energy into sustained mechanical motion,,LX-TM1-0026,{},"{""origins"":[],""nationalUses"":[],""derivations"":[""Kor functional core or source + Mek machine""],""variants"":[]}",Tools and Machines 1,Kor functional core or source + Mek machine,,,,
zhelkor,Zhelkor,/zhehl-kohr/,Noun: A generator; a machine or system whose primary function is producing usable energy or charge,zhelkor a generator; a machine or system whose primary function is producing usable energy or charge noun   zhel energy or charge + kor source     noun: a generator; a machine or system whose primary function is producing usable energy or charge,,LX-TM1-0027,{},"{""origins"":[],""nationalUses"":[],""derivations"":[""Zhel energy or charge + Kor source""],""variants"":[]}",Tools and Machines 1,Zhel energy or charge + Kor source,,,,
zhelkav,Zhelkav,/zhehl-kahv/,Noun: A battery or power cell; a bounded device that stores energy for later release,zhelkav a battery or power cell; a bounded device that stores energy for later release noun   zhel energy + kav preservation or reserve     noun: a battery or power cell; a bounded device that stores energy for later release,,LX-TM1-0028,{},"{""origins"":[],""nationalUses"":[],""derivations"":[""Zhel energy + Kav preservation or reserve""],""variants"":[]}",Tools and Machines 1,Zhel energy + Kav preservation or reserve,,,,
shanmek,Shanmek,/shahn-mehk/,Noun: A pipe or conduit; an enclosed constructed channel that carries liquid gas energy or protected lines,shanmek a pipe or conduit; an enclosed constructed channel that carries liquid gas energy or protected lines noun   shan passage through a boundary + mek constructed object     noun: a pipe or conduit; an enclosed constructed channel that carries liquid gas energy or protected lines,,LX-TM1-0029,{},"{""origins"":[],""nationalUses"":[],""derivations"":[""Shan passage through a boundary + Mek constructed object""],""variants"":[]}",Tools and Machines 1,Shan passage through a boundary + Mek constructed object,,,,
krenzhir,Krenzhir,/krehn-zheer/,Noun: Wire or conductive cable; a flexible metallic line alone or bundled used to carry force charge or signal,krenzhir wire or conductive cable; a flexible metallic line alone or bundled used to carry force charge or signal noun   kren metal + zhir line   krenazhir  noun: wire or conductive cable; a flexible metallic line alone or bundled used to carry force charge or signal,,LX-TM1-0030,{},"{""origins"":[],""nationalUses"":[],""derivations"":[""Kren metal + Zhir line""],""variants"":[{""form"":""Krenazhir"",""pronunciation"":""/kreh-nah-zheer/""}]}",Tools and Machines 1,Kren metal + Zhir line,,,Krenazhir,/kreh-nah-zheer/
selshan,Selshan,/sehl-shahn/,Noun: A filter; a material or device that permits selected passage while removing or blocking unwanted matter,selshan a filter; a material or device that permits selected passage while removing or blocking unwanted matter noun   sel physical clarity or purification + shan passage     noun: a filter; a material or device that permits selected passage while removing or blocking unwanted matter,,LX-TM1-0031,{},"{""origins"":[],""nationalUses"":[],""derivations"":[""Sel physical clarity or purification + Shan passage""],""variants"":[]}",Tools and Machines 1,Sel physical clarity or purification + Shan passage,,,,
selshanaen,Selshanaen,/sehl-shahn-ah-ehn/,Verb: To filter; to pass matter through a selective barrier so unwanted material is removed,selshanaen to filter; to pass matter through a selective barrier so unwanted material is removed verb   selshan filter + -aen     verb: to filter; to pass matter through a selective barrier so unwanted material is removed,,LX-TM1-0032,{},"{""origins"":[],""nationalUses"":[],""derivations"":[""Selshan filter + -aen""],""variants"":[]}",Tools and Machines 1,Selshan filter + -aen,,,,
ravshan,Ravshan,/rahv-shahn/,Noun: A pump; a device that draws drives or pressurizes liquid or gas through a controlled passage,ravshan a pump; a device that draws drives or pressurizes liquid or gas through a controlled passage noun   rav physical pull + shan passage     noun: a pump; a device that draws drives or pressurizes liquid or gas through a controlled passage,,LX-TM1-0033,{},"{""origins"":[],""nationalUses"":[],""derivations"":[""Rav physical pull + Shan passage""],""variants"":[]}",Tools and Machines 1,Rav physical pull + Shan passage,,,,
belshan,Belshan,/behl-shahn/,Noun: A valve; an adjustable closure that controls passage through a pipe channel or vessel,belshan a valve; an adjustable closure that controls passage through a pipe channel or vessel noun   bel binding or controlled restriction + shan passage     noun: a valve; an adjustable closure that controls passage through a pipe channel or vessel,,LX-TM1-0034,{},"{""origins"":[],""nationalUses"":[],""derivations"":[""Bel binding or controlled restriction + Shan passage""],""variants"":[]}",Tools and Machines 1,Bel binding or controlled restriction + Shan passage,,,,
wekmek,Wekmek,/wehk-mehk/,Noun: A wheel; a circular rotating component used to support movement or transmit mechanical force,wekmek a wheel; a circular rotating component used to support movement or transmit mechanical force noun   wek circular cycle + mek constructed component     noun: a wheel; a circular rotating component used to support movement or transmit mechanical force,,LX-TM1-0035,{},"{""origins"":[],""nationalUses"":[],""derivations"":[""Wek circular cycle + Mek constructed component""],""variants"":[]}",Tools and Machines 1,Wek circular cycle + Mek constructed component,,,,
korwek,Korwek,/kohr-wehk/,Noun: An axle; a central shaft on or with which a wheel or rotating part turns,korwek an axle; a central shaft on or with which a wheel or rotating part turns noun   kor core + wek rotation   korewek; korowek  noun: an axle; a central shaft on or with which a wheel or rotating part turns,,LX-TM1-0036,{},"{""origins"":[],""nationalUses"":[],""derivations"":[""Kor core + Wek rotation""],""variants"":[{""form"":""Korewek"",""pronunciation"":""/kohr-eh-wehk/""},{""form"":""Korowek"",""pronunciation"":""/kohr-oh-wehk/""}]}",Tools and Machines 1,Kor core + Wek rotation,,,Korewek; Korowek,/kohr-eh-wehk/; /kohr-oh-wehk/
jekmek,Jekmek,/jehk-mehk/,Noun: A gear or cog; a shaped rotating component that transfers motion or force by engaging another part,jekmek a gear or cog; a shaped rotating component that transfers motion or force by engaging another part noun   jek rotation or twisting motion + mek component   jekemek  noun: a gear or cog; a shaped rotating component that transfers motion or force by engaging another part,,LX-TM1-0037,{},"{""origins"":[],""nationalUses"":[],""derivations"":[""Jek rotation or twisting motion + Mek component""],""variants"":[{""form"":""Jekemek"",""pronunciation"":""/jeh-keh-mehk/""}]}",Tools and Machines 1,Jek rotation or twisting motion + Mek component,,,Jekemek,/jeh-keh-mehk/
ravkar,Ravkar,/rahv-kahr/,Noun: A lever; a rigid bar used around a support point to redirect or multiply applied force,ravkar a lever; a rigid bar used around a support point to redirect or multiply applied force noun   rav pull + kar applied mechanical force   ravekar  noun: a lever; a rigid bar used around a support point to redirect or multiply applied force,,LX-TM1-0038,{},"{""origins"":[],""nationalUses"":[],""derivations"":[""Rav pull + Kar applied mechanical force""],""variants"":[{""form"":""Ravekar"",""pronunciation"":""/rah-veh-kahr/""}]}",Tools and Machines 1,Rav pull + Kar applied mechanical force,,,Ravekar,/rah-veh-kahr/
wekrav,Wekrav,/wehk-rahv/,Noun: A pulley; a grooved rotating component that guides a flexible line to redirect pulling force,wekrav a pulley; a grooved rotating component that guides a flexible line to redirect pulling force noun   wek rotation + rav pull   wekarav  noun: a pulley; a grooved rotating component that guides a flexible line to redirect pulling force,,LX-TM1-0039,{},"{""origins"":[],""nationalUses"":[],""derivations"":[""Wek rotation + Rav pull""],""variants"":[{""form"":""Wekarav"",""pronunciation"":""/weh-kah-rahv/""}]}",Tools and Machines 1,Wek rotation + Rav pull,,,Wekarav,/weh-kah-rahv/
jekkal,Jekkal,/jehk-kahl/,Noun: A mechanical spring; a resilient component that stores force through bending compression extension or coiling and releases it by returning toward its prior form,jekkal a mechanical spring; a resilient component that stores force through bending compression extension or coiling and releases it by returning toward its prior form noun   jek coil or shaped turn + kal stored force     noun: a mechanical spring; a resilient component that stores force through bending compression extension or coiling and releases it by returning toward its prior form,,LX-TM1-0040,{},"{""origins"":[],""nationalUses"":[],""derivations"":[""Jek coil or shaped turn + Kal stored force""],""variants"":[]}",Tools and Machines 1,Jek coil or shaped turn + Kal stored force,,,,
varvek,Varvek,/vahr-vehk/,Noun: A vehicle; a constructed carrier used to transport people or goods from place to place,varvek a vehicle; a constructed carrier used to transport people or goods from place to place noun   var movement or travel + vek carrier   varavek  noun: a vehicle; a constructed carrier used to transport people or goods from place to place,,LX-TVO1-0001,{},"{""origins"":[],""nationalUses"":[],""derivations"":[""Var movement or travel + Vek carrier""],""variants"":[{""form"":""Varavek"",""pronunciation"":""/vah-rah-vehk/""}]}",Transportation and Vehicle Operations 1,Var movement or travel + Vek carrier,,,Varavek,/vah-rah-vehk/
felvek,Felvek,/fehl-vehk/,Noun: A cart; a small wheeled carrier moved by a person animal or light machine,felvek a cart; a small wheeled carrier moved by a person animal or light machine noun   fel smallness + vek carrier     noun: a cart; a small wheeled carrier moved by a person animal or light machine,,LX-TVO1-0002,{},"{""origins"":[],""nationalUses"":[],""derivations"":[""Fel smallness + Vek carrier""],""variants"":[]}",Transportation and Vehicle Operations 1,Fel smallness + Vek carrier,,,,
morvek,Morvek,/mohr-vehk/,Noun: A wagon; a substantial wheeled land vehicle primarily used to carry cargo,morvek a wagon; a substantial wheeled land vehicle primarily used to carry cargo noun   mor material load or grounded matter + vek carrier     noun: a wagon; a substantial wheeled land vehicle primarily used to carry cargo,,LX-TVO1-0003,{},"{""origins"":[],""nationalUses"":[],""derivations"":[""Mor material load or grounded matter + Vek carrier""],""variants"":[]}",Transportation and Vehicle Operations 1,Mor material load or grounded matter + Vek carrier,,,,
pralvek,Pralvek,/prahl-vehk/,Noun: A sled; a runner-supported vehicle drawn or pushed across snow ice sand or another yielding surface,pralvek a sled; a runner-supported vehicle drawn or pushed across snow ice sand or another yielding surface noun   pral prepared flat working surface + vek carrier     noun: a sled; a runner-supported vehicle drawn or pushed across snow ice sand or another yielding surface,,LX-TVO1-0004,{},"{""origins"":[],""nationalUses"":[],""derivations"":[""Pral prepared flat working surface + Vek carrier""],""variants"":[]}",Transportation and Vehicle Operations 1,Pral prepared flat working surface + Vek carrier,,,,
kormekvek,Kormekvek,/kohr-mehk-vehk/,Noun: A motor vehicle; an engine-driven land vehicle including an ordinary car field car or jeep,kormekvek a motor vehicle; an engine-driven land vehicle including an ordinary car field car or jeep noun   kormek engine or motor + vek carrier   kormekavek  noun: a motor vehicle; an engine-driven land vehicle including an ordinary car field car or jeep,,LX-TVO1-0005,{},"{""origins"":[],""nationalUses"":[],""derivations"":[""Kormek engine or motor + Vek carrier""],""variants"":[{""form"":""Kormekavek"",""pronunciation"":""/kohr-meh-kah-vehk/""}]}",Transportation and Vehicle Operations 1,Kormek engine or motor + Vek carrier,,,Kormekavek,/kohr-meh-kah-vehk/
delkormek,Delkormek,/dehl-kohr-mehk/,Noun: A motorcycle or motorbike; a two-wheeled powered vehicle ridden astride,delkormek a motorcycle or motorbike; a two-wheeled powered vehicle ridden astride noun   del two or paired + kormek engine-driven machine     noun: a motorcycle or motorbike; a two-wheeled powered vehicle ridden astride,,LX-TVO1-0006,{},"{""origins"":[],""nationalUses"":[],""derivations"":[""Del two or paired + Kormek engine-driven machine""],""variants"":[]}",Transportation and Vehicle Operations 1,Del two or paired + Kormek engine-driven machine,,,,
delwek,Delwek,/dehl-wehk/,Noun: A bicycle; a two-wheeled vehicle propelled primarily by its rider,delwek a bicycle; a two-wheeled vehicle propelled primarily by its rider noun   del two or paired + wek cycle or rotation   delewek; delowek  noun: a bicycle; a two-wheeled vehicle propelled primarily by its rider,,LX-TVO1-0007,{},"{""origins"":[],""nationalUses"":[],""derivations"":[""Del two or paired + Wek cycle or rotation""],""variants"":[{""form"":""Delewek"",""pronunciation"":""/dehl-eh-wehk/""},{""form"":""Delowek"",""pronunciation"":""/dehl-oh-wehk/""}]}",Transportation and Vehicle Operations 1,Del two or paired + Wek cycle or rotation,,,Delewek; Delowek,/dehl-eh-wehk/; /dehl-oh-wehk/
zhirvek,Zhirvek,/zheer-vehk/,Noun: A railcar; one vehicle constructed to travel on a fixed rail,zhirvek a railcar; one vehicle constructed to travel on a fixed rail noun   zhir fixed line + vek carrier     noun: a railcar; one vehicle constructed to travel on a fixed rail,,LX-TVO1-0008,{},"{""origins"":[],""nationalUses"":[],""derivations"":[""Zhir fixed line + Vek carrier""],""variants"":[]}",Transportation and Vehicle Operations 1,Zhir fixed line + Vek carrier,,,,
belzhirvek,Belzhirvek,/behl-zheer-vehk/,Noun: A train; an ordered set of one or more linked rail vehicles operating as a unit,belzhirvek a train; an ordered set of one or more linked rail vehicles operating as a unit noun   bel connected system + zhirvek railcar     noun: a train; an ordered set of one or more linked rail vehicles operating as a unit,,LX-TVO1-0009,{},"{""origins"":[],""nationalUses"":[],""derivations"":[""Bel connected system + Zhirvek railcar""],""variants"":[]}",Transportation and Vehicle Operations 1,Bel connected system + Zhirvek railcar,,,,
zhirshara,Zhirshara,/zheer-shah-rah/,Noun: A railway or rail track; a fixed guided-line route made for rail vehicles,zhirshara a railway or rail track; a fixed guided-line route made for rail vehicles noun   zhir fixed line + shara route     noun: a railway or rail track; a fixed guided-line route made for rail vehicles,,LX-TVO1-0010,{},"{""origins"":[],""nationalUses"":[],""derivations"":[""Zhir fixed line + Shara route""],""variants"":[]}",Transportation and Vehicle Operations 1,Zhir fixed line + Shara route,,,,
shalilvek,Shalilvek,/shah-leel-vehk/,Noun: A glider; a vehicle or board that travels through sustained low-resistance movement in air water sand or a guided energy current,shalilvek a glider; a vehicle or board that travels through sustained low-resistance movement in air water sand or a guided energy current noun   established shalil flowing or moving lightly + vek carrier     noun: a glider; a vehicle or board that travels through sustained low-resistance movement in air water sand or a guided energy current,,LX-TVO1-0011,{},"{""origins"":[],""nationalUses"":[],""derivations"":[""Established Shalil flowing or moving lightly + Vek carrier""],""variants"":[]}",Transportation and Vehicle Operations 1,Established Shalil flowing or moving lightly + Vek carrier,,,,
eshvek,Eshvek,/ehsh-vehk/,Noun: An aircraft; any constructed vehicle whose defining travel occurs through the air,eshvek an aircraft; any constructed vehicle whose defining travel occurs through the air noun   esh air or sky + vek carrier     noun: an aircraft; any constructed vehicle whose defining travel occurs through the air,,LX-TVO1-0012,{},"{""origins"":[],""nationalUses"":[],""derivations"":[""Esh air or sky + Vek carrier""],""variants"":[]}",Transportation and Vehicle Operations 1,Esh air or sky + Vek carrier,,,,
mahrxarvek,Mahrxarvek,/mahhr-xahr-vehk/,Noun: A submersible; an enclosed vehicle made to travel beneath the surface of a large body of water,mahrxarvek a submersible; an enclosed vehicle made to travel beneath the surface of a large body of water noun   mahr sea + xar enclosure or cover + vek carrier     noun: a submersible; an enclosed vehicle made to travel beneath the surface of a large body of water,,LX-TVO1-0013,{},"{""origins"":[],""nationalUses"":[],""derivations"":[""Mahr sea + Xar enclosure or cover + Vek carrier""],""variants"":[]}",Transportation and Vehicle Operations 1,Mahr sea + Xar enclosure or cover + Vek carrier,,,,
krenzhirvek,Krenzhirvek,/krehn-zheer-vehk/,Noun: A cable car or aerial tram; a passenger or cargo vehicle pulled along or suspended from a fixed cable,krenzhirvek a cable car or aerial tram; a passenger or cargo vehicle pulled along or suspended from a fixed cable noun   krenzhir metal cable + vek carrier   krenazhirvek  noun: a cable car or aerial tram; a passenger or cargo vehicle pulled along or suspended from a fixed cable,,LX-TVO1-0014,{},"{""origins"":[],""nationalUses"":[],""derivations"":[""Krenzhir metal cable + Vek carrier""],""variants"":[{""form"":""Krenazhirvek"",""pronunciation"":""/kreh-nah-zheer-vehk/""}]}",Transportation and Vehicle Operations 1,Krenzhir metal cable + Vek carrier,,,Krenazhirvek,/kreh-nah-zheer-vehk/
mahrpral,Mahrpral,/mahhr-prahl/,Noun: A raft; a flat buoyant watercraft without an enclosed hull,mahrpral a raft; a flat buoyant watercraft without an enclosed hull noun   mahr sea or broad water + pral flat working surface     noun: a raft; a flat buoyant watercraft without an enclosed hull,,LX-TVO1-0015,{},"{""origins"":[],""nationalUses"":[],""derivations"":[""Mahr sea or broad water + Pral flat working surface""],""variants"":[]}",Transportation and Vehicle Operations 1,Mahr sea or broad water + Pral flat working surface,,,,
vekvaraen,Vekvaraen,/vehk-vahr-ah-ehn/,Verb: To ride; to travel supported and carried by an animal or vehicle without supplying its primary motive force,vekvaraen to ride; to travel supported and carried by an animal or vehicle without supplying its primary motive force verb   vek carried transport + var travel + -aen     verb: to ride; to travel supported and carried by an animal or vehicle without supplying its primary motive force,,LX-TVO1-0016,{},"{""origins"":[],""nationalUses"":[],""derivations"":[""Vek carried transport + Var travel + -aen""],""variants"":[]}",Transportation and Vehicle Operations 1,Vek carried transport + Var travel + -aen,,,,
kormekaen,Kormekaen,/kohr-mehk-ah-ehn/,Verb: To drive or operate a powered vehicle or machine through control of its engine or motor,kormekaen to drive or operate a powered vehicle or machine through control of its engine or motor verb   kormek engine or motor + -aen     verb: to drive or operate a powered vehicle or machine through control of its engine or motor,,LX-TVO1-0017,{},"{""origins"":[],""nationalUses"":[],""derivations"":[""Kormek engine or motor + -aen""],""variants"":[]}",Transportation and Vehicle Operations 1,Kormek engine or motor + -aen,,,,
lorvekaen,Lorvekaen,/lohr-vehk-ah-ehn/,Verb: To steer; to control the direction of a vehicle vessel or mount,lorvekaen to steer; to control the direction of a vehicle vessel or mount verb   lor guidance or directional focus + vek carrier + -aen     verb: to steer; to control the direction of a vehicle vessel or mount,,LX-TVO1-0018,{},"{""origins"":[],""nationalUses"":[],""derivations"":[""Lor guidance or directional focus + Vek carrier + -aen""],""variants"":[]}",Transportation and Vehicle Operations 1,Lor guidance or directional focus + Vek carrier + -aen,,,,
mahrvaraen,Mahrvaraen,/mahhr-vahr-ah-ehn/,Verb: To sail; to travel over water in a vessel by wind current or controlled propulsion,mahrvaraen to sail; to travel over water in a vessel by wind current or controlled propulsion verb   mahr sea + var travel + -aen     verb: to sail; to travel over water in a vessel by wind current or controlled propulsion,,LX-TVO1-0019,{},"{""origins"":[],""nationalUses"":[],""derivations"":[""Mahr sea + Var travel + -aen""],""variants"":[]}",Transportation and Vehicle Operations 1,Mahr sea + Var travel + -aen,,,,
eshvaraen,Eshvaraen,/ehsh-vahr-ah-ehn/,Verb: To fly; to move or travel through the air under lift power or natural ability,eshvaraen to fly; to move or travel through the air under lift power or natural ability verb   esh air + var travel + -aen     verb: to fly; to move or travel through the air under lift power or natural ability,,LX-TVO1-0020,{},"{""origins"":[],""nationalUses"":[],""derivations"":[""Esh air + Var travel + -aen""],""variants"":[]}",Transportation and Vehicle Operations 1,Esh air + Var travel + -aen,,,,
anvekaen,Anvekaen,/ahn-vehk-ah-ehn/,Verb: To board; to enter or mount a vehicle vessel or transport animal for travel ; Verb: To load cargo; to put goods or material aboard or into transport in preparation for travel,anvekaen to board; to enter or mount a vehicle vessel or transport animal for travel verb   an in or at + vek carrier + -aen    anvekaen to load cargo; to put goods or material aboard or into transport in preparation for travel verb        verb: to board; to enter or mount a vehicle vessel or transport animal for travel ; verb: to load cargo; to put goods or material aboard or into transport in preparation for travel,,LX-TVO1-0021; LX-SCP1-0002,{},"{""origins"":[],""nationalUses"":[],""derivations"":[""An in or at + Vek carrier + -aen""],""variants"":[]}",Transportation and Vehicle Operations 1; Semantic Continuity and Polysemy 1,An in or at + Vek carrier + -aen,,,,
thalvekaen,Thalvekaen,/thahl-vehk-ah-ehn/,Verb: To disembark; to leave or come out of a vehicle vessel or transport animal after travel ; Verb: To unload cargo; to remove goods or material from transport after travel,thalvekaen to disembark; to leave or come out of a vehicle vessel or transport animal after travel verb   thal from or out of + vek carrier + -aen    thalvekaen to unload cargo; to remove goods or material from transport after travel verb        verb: to disembark; to leave or come out of a vehicle vessel or transport animal after travel ; verb: to unload cargo; to remove goods or material from transport after travel,,LX-TVO1-0022; LX-SCP1-0003,{},"{""origins"":[],""nationalUses"":[],""derivations"":[""Thal from or out of + Vek carrier + -aen""],""variants"":[]}",Transportation and Vehicle Operations 1; Semantic Continuity and Polysemy 1,Thal from or out of + Vek carrier + -aen,,,,
weksharaen,Weksharaen,/wehk-shah-rah-ehn/,Verb: To commute; to travel repeatedly along a regular route between recurring destinations,weksharaen to commute; to travel repeatedly along a regular route between recurring destinations verb   wek repetition + shara route + -aen     verb: to commute; to travel repeatedly along a regular route between recurring destinations,,LX-TVO1-0023,{},"{""origins"":[],""nationalUses"":[],""derivations"":[""Wek repetition + Shara route + -aen""],""variants"":[]}",Transportation and Vehicle Operations 1,Wek repetition + Shara route + -aen,,,,
dorvekaen,Dorvekaen,/dohr-vehk-ah-ehn/,Verb: To park or berth; to place and leave a vehicle or vessel in an intended stopping position,dorvekaen to park or berth; to place and leave a vehicle or vessel in an intended stopping position verb   dor put or place + vek vehicle or vessel + -aen     verb: to park or berth; to place and leave a vehicle or vessel in an intended stopping position,,LX-TVO1-0024,{},"{""origins"":[],""nationalUses"":[],""derivations"":[""Dor put or place + Vek vehicle or vessel + -aen""],""variants"":[]}",Transportation and Vehicle Operations 1,Dor put or place + Vek vehicle or vessel + -aen,,,,
jorvar,Jorvar,/johr-vahr/,Measure: Speed; the rate at which a person creature object or vehicle moves through distance ; Noun: Speed; the rate at which a person creature object or vehicle moves through distance,jorvar speed; the rate at which a person creature object or vehicle moves through distance measure   jor surge or quick movement + var movement     measure: speed; the rate at which a person creature object or vehicle moves through distance ; noun: speed; the rate at which a person creature object or vehicle moves through distance,,LX-TVO1-0025,{},"{""origins"":[],""nationalUses"":[],""derivations"":[""Jor surge or quick movement + Var movement""],""variants"":[]}",Transportation and Vehicle Operations 1,Jor surge or quick movement + Var movement,,,,
jorvaraen,Jorvaraen,/johr-vahr-ah-ehn/,Verb: To accelerate; to increase the speed of movement or travel,jorvaraen to accelerate; to increase the speed of movement or travel verb   jorvar speed + -aen     verb: to accelerate; to increase the speed of movement or travel,,LX-TVO1-0026,{},"{""origins"":[],""nationalUses"":[],""derivations"":[""Jorvar speed + -aen""],""variants"":[]}",Transportation and Vehicle Operations 1,Jorvar speed + -aen,,,,
velvaraen,Velvaraen,/vehl-vahr-ah-ehn/,Verb: To slow or decelerate; to reduce the speed of movement or travel,velvaraen to slow or decelerate; to reduce the speed of movement or travel verb   vel stillness or slowness + var movement + -aen     verb: to slow or decelerate; to reduce the speed of movement or travel,,LX-TVO1-0027,{},"{""origins"":[],""nationalUses"":[],""derivations"":[""Vel stillness or slowness + Var movement + -aen""],""variants"":[]}",Transportation and Vehicle Operations 1,Vel stillness or slowness + Var movement + -aen,,,,
belvekaen,Belvekaen,/behl-vehk-ah-ehn/,Verb: To brake; to apply controlled resistance that slows or stops a vehicle or moving mechanism,belvekaen to brake; to apply controlled resistance that slows or stops a vehicle or moving mechanism verb   bel binding or controlled restriction + vek carrier + -aen     verb: to brake; to apply controlled resistance that slows or stops a vehicle or moving mechanism,,LX-TVO1-0028,{},"{""origins"":[],""nationalUses"":[],""derivations"":[""Bel binding or controlled restriction + Vek carrier + -aen""],""variants"":[]}",Transportation and Vehicle Operations 1,Bel binding or controlled restriction + Vek carrier + -aen,,,,
ravvekaen,Ravvekaen,/rahv-vehk-ah-ehn/,Verb: To tow; to pull a vehicle vessel or transport load behind another source of movement,ravvekaen to tow; to pull a vehicle vessel or transport load behind another source of movement verb   rav physical pull + vek carrier + -aen     verb: to tow; to pull a vehicle vessel or transport load behind another source of movement,,LX-TVO1-0029,{},"{""origins"":[],""nationalUses"":[],""derivations"":[""Rav physical pull + Vek carrier + -aen""],""variants"":[]}",Transportation and Vehicle Operations 1,Rav physical pull + Vek carrier + -aen,,,,
felshara,Felshara,/fehl-shah-rah/,Noun: A lane; one narrow designated path within a larger route or movement system,felshara a lane; one narrow designated path within a larger route or movement system noun   fel smaller division + shara route     noun: a lane; one narrow designated path within a larger route or movement system,,LX-TVO1-0030,{},"{""origins"":[],""nationalUses"":[],""derivations"":[""Fel smaller division + Shara route""],""variants"":[]}",Transportation and Vehicle Operations 1,Fel smaller division + Shara route,,,,
vekmor,Vekmor,/vehk-mohr/,Noun: Cargo; goods or material carried as a transport load,vekmor cargo; goods or material carried as a transport load noun   vek transport carrier + mor physical matter or material load     noun: cargo; goods or material carried as a transport load,,LX-TVO1-0031,{},"{""origins"":[],""nationalUses"":[],""derivations"":[""Vek transport carrier + Mor physical matter or material load""],""variants"":[]}",Transportation and Vehicle Operations 1,Vek transport carrier + Mor physical matter or material load,,,,
vekin,Vekin,/veh-keen/,Noun: A passenger or rider; a person being transported who is not operating the conveyance,vekin a passenger or rider; a person being transported who is not operating the conveyance noun   vek carrier or transport + established -in person relation     noun: a passenger or rider; a person being transported who is not operating the conveyance,,LX-TVO1-0032,{},"{""origins"":[],""nationalUses"":[],""derivations"":[""Vek carrier or transport + established -in person relation""],""variants"":[]}",Transportation and Vehicle Operations 1,Vek carrier or transport + established -in person relation,,,,
lorvekral,Lorvekral,/lohr-vehk-rahl/,Noun: A driver or transport operator; a person responsible for controlling and directing a vehicle or conveyance,lorvekral a driver or transport operator; a person responsible for controlling and directing a vehicle or conveyance noun   lor directional control + vek vehicle + ral practitioner   lorvekaral  noun: a driver or transport operator; a person responsible for controlling and directing a vehicle or conveyance,,LX-TVO1-0033,{},"{""origins"":[],""nationalUses"":[],""derivations"":[""Lor directional control + Vek vehicle + Ral practitioner""],""variants"":[{""form"":""Lorvekaral"",""pronunciation"":""/lohr-veh-kah-rahl/""}]}",Transportation and Vehicle Operations 1,Lor directional control + Vek vehicle + Ral practitioner,,,Lorvekaral,/lohr-veh-kah-rahl/
eshlorral,Eshlorral,/ehsh-lohr-rahl/,Noun: A pilot; a person trained to control an aircraft or another specialized vehicle navigated through three-dimensional space,eshlorral a pilot; a person trained to control an aircraft or another specialized vehicle navigated through three-dimensional space noun   esh air + lor guidance + ral practitioner   eshloraral  noun: a pilot; a person trained to control an aircraft or another specialized vehicle navigated through three-dimensional space,,LX-TVO1-0034,{},"{""origins"":[],""nationalUses"":[],""derivations"":[""Esh air + Lor guidance + Ral practitioner""],""variants"":[{""form"":""Eshloraral"",""pronunciation"":""/ehsh-loh-rah-rahl/""}]}",Transportation and Vehicle Operations 1,Esh air + Lor guidance + Ral practitioner,,,Eshloraral,/ehsh-loh-rah-rahl/
welvek,Welvek,/wehl-vehk/,Noun: Traffic; the collective movement and interaction of vehicles and transported travelers through shared routes,welvek traffic; the collective movement and interaction of vehicles and transported travelers through shared routes noun   wel communal flow + vek transport     noun: traffic; the collective movement and interaction of vehicles and transported travelers through shared routes,,LX-TVO1-0035,{},"{""origins"":[],""nationalUses"":[],""derivations"":[""Wel communal flow + Vek transport""],""variants"":[]}",Transportation and Vehicle Operations 1,Wel communal flow + Vek transport,,,,
mekor,Mekor,/meh-kohr/,Noun: Building; a deliberately constructed structure intended for use or occupancy,mekor building; a deliberately constructed structure intended for use or occupancy noun   mek construction + -or place     noun: building; a deliberately constructed structure intended for use or occupancy,,LX-BSPI1-0001,{},"{""origins"":[],""nationalUses"":[],""derivations"":[""Mek construction + -or place""],""variants"":[]}",Built Spaces and Public Infrastructure 1,Mek construction + -or place,,,,
ndara,Ndara,/n-dah-rah/,Noun: Wall; an upright structural surface that encloses divides or supports built space,ndara wall; an upright structural surface that encloses divides or supports built space noun        noun: wall; an upright structural surface that encloses divides or supports built space,Yes,LX-BSPI1-0002; XR-ndara,{},null,Built Spaces and Public Infrastructure 1,,,,,
eshxar,Eshxar,/ehsh-xahr/,Noun: Roof; the exterior upper covering of a building,eshxar roof; the exterior upper covering of a building noun   esh above + xar cover   eshaxar  noun: roof; the exterior upper covering of a building,,LX-BSPI1-0003,{},"{""origins"":[],""nationalUses"":[],""derivations"":[""Esh above + Xar cover""],""variants"":[{""form"":""Eshaxar"",""pronunciation"":""/eh-shah-xahr/""}]}",Built Spaces and Public Infrastructure 1,Esh above + Xar cover,,,Eshaxar,/eh-shah-xahr/
morlpral,Morlpral,/mohrl-prahl/,Noun: Floor; the lower surface upon which people or objects stand inside a structure,morlpral floor; the lower surface upon which people or objects stand inside a structure noun   morl below or stone + pral flat working surface   morlapral  noun: floor; the lower surface upon which people or objects stand inside a structure,,LX-BSPI1-0004,{},"{""origins"":[],""nationalUses"":[],""derivations"":[""Morl below or stone + Pral flat working surface""],""variants"":[{""form"":""Morlapral"",""pronunciation"":""/mohr-lah-prahl/""}]}",Built Spaces and Public Infrastructure 1,Morl below or stone + Pral flat working surface,,,Morlapral,/mohr-lah-prahl/
aneshxar,Aneshxar,/ahn-ehsh-xahr/,Noun: Ceiling; the interior upper surface of a room,aneshxar ceiling; the interior upper surface of a room noun   an within + esh above + xar cover   aneshaxar  noun: ceiling; the interior upper surface of a room,,LX-BSPI1-0005,{},"{""origins"":[],""nationalUses"":[],""derivations"":[""An within + Esh above + Xar cover""],""variants"":[{""form"":""Aneshaxar"",""pronunciation"":""/ahn-eh-shah-xahr/""}]}",Built Spaces and Public Infrastructure 1,An within + Esh above + Xar cover,,,Aneshaxar,/ahn-eh-shah-xahr/
shalshan,Shalshan,/shahl-shahn/,Noun: Window; an opening that admits light or permits sight through a wall,shalshan window; an opening that admits light or permits sight through a wall noun   shal light + shan passage     noun: window; an opening that admits light or permits sight through a wall,,LX-BSPI1-0006,{},"{""origins"":[],""nationalUses"":[],""derivations"":[""Shal light + Shan passage""],""variants"":[]}",Built Spaces and Public Infrastructure 1,Shal light + Shan passage,,,,
xarzhir,Xarzhir,/xahr-zheer/,Noun: Screen or lattice; a patterned covering that filters light sight air or passage,xarzhir screen or lattice; a patterned covering that filters light sight air or passage noun   xar cover + zhir line or thread     noun: screen or lattice; a patterned covering that filters light sight air or passage,,LX-BSPI1-0007,{},"{""origins"":[],""nationalUses"":[],""derivations"":[""Xar cover + Zhir line or thread""],""variants"":[]}",Built Spaces and Public Infrastructure 1,Xar cover + Zhir line or thread,,,,
kormor,Kormor,/kohr-mohr/,Noun: Foundation; the load-bearing base upon which a structure rests,kormor foundation; the load-bearing base upon which a structure rests noun   kor core + mor ground or matter     noun: foundation; the load-bearing base upon which a structure rests,,LX-BSPI1-0008,{},"{""origins"":[],""nationalUses"":[],""derivations"":[""Kor core + Mor ground or matter""],""variants"":[]}",Built Spaces and Public Infrastructure 1,Kor core + Mor ground or matter,,,,
mbalanmor,Mbalanmor,/m-bah-lahn-mohr/,Noun: Structural pillar or column; an upright physical support that bears architectural weight,mbalanmor structural pillar or column; an upright physical support that bears architectural weight noun   mbalan relied-upon support + mor physical matter     noun: structural pillar or column; an upright physical support that bears architectural weight,,LX-BSPI1-0009,{},"{""origins"":[],""nationalUses"":[],""derivations"":[""Mbalan relied-upon support + Mor physical matter""],""variants"":[]}",Built Spaces and Public Infrastructure 1,Mbalan relied-upon support + Mor physical matter,,,,
ndavior,Ndavior,/n-dah-vee-ohr/,Noun: Storey or building level; one horizontally usable tier at a particular height,ndavior storey or building level; one horizontally usable tier at a particular height noun   ndavi vertical level + -or place     noun: storey or building level; one horizontally usable tier at a particular height,,LX-BSPI1-0010,{},"{""origins"":[],""nationalUses"":[],""derivations"":[""Ndavi vertical level + -or place""],""variants"":[]}",Built Spaces and Public Infrastructure 1,Ndavi vertical level + -or place,,,,
xaror,Xaror,/xahr-ohr/,Noun: Room or chamber; a bounded interior space within a structure,xaror room or chamber; a bounded interior space within a structure noun   xar enclosure + -or place     noun: room or chamber; a bounded interior space within a structure,,LX-BSPI1-0011,{},"{""origins"":[],""nationalUses"":[],""derivations"":[""Xar enclosure + -or place""],""variants"":[]}",Built Spaces and Public Infrastructure 1,Xar enclosure + -or place,,,,
worxaror,Worxaror,/wohr-xahr-ohr/,Noun: Hall; a large interior room intended for gathering passage or shared activity,worxaror hall; a large interior room intended for gathering passage or shared activity noun   wor great or full + xaror room   woraxaror  noun: hall; a large interior room intended for gathering passage or shared activity,,LX-BSPI1-0012,{},"{""origins"":[],""nationalUses"":[],""derivations"":[""Wor great or full + Xaror room""],""variants"":[{""form"":""Woraxaror"",""pronunciation"":""/woh-rah-xahr-ohr/""}]}",Built Spaces and Public Infrastructure 1,Wor great or full + Xaror room,,,Woraxaror,/woh-rah-xahr-ohr/
xarwelor,Xarwelor,/xahr-weh-lohr/,Noun: Courtyard; an open shared space enclosed by buildings or walls,xarwelor courtyard; an open shared space enclosed by buildings or walls noun   xar enclosure + wel communal flow + -or place     noun: courtyard; an open shared space enclosed by buildings or walls,,LX-BSPI1-0013,{},"{""origins"":[],""nationalUses"":[],""derivations"":[""Xar enclosure + Wel communal flow + -or place""],""variants"":[]}",Built Spaces and Public Infrastructure 1,Xar enclosure + Wel communal flow + -or place,,,,
welpralor,Welpralor,/wehl-prah-lohr/,Noun: Plaza or public square; a prepared open civic surface for gathering exchange or ceremony,welpralor plaza or public square; a prepared open civic surface for gathering exchange or ceremony noun   wel communal flow + pral flat surface + -or place   welapralor  noun: plaza or public square; a prepared open civic surface for gathering exchange or ceremony,,LX-BSPI1-0014,{},"{""origins"":[],""nationalUses"":[],""derivations"":[""Wel communal flow + Pral flat surface + -or place""],""variants"":[{""form"":""Welapralor"",""pronunciation"":""/weh-lah-prah-lohr/""}]}",Built Spaces and Public Infrastructure 1,Wel communal flow + Pral flat surface + -or place,,,Welapralor,/weh-lah-prah-lohr/
mekeshpral,Mekeshpral,/mehk-ehsh-prahl/,Noun: Balcony; a constructed raised platform projecting from or attached to a building,mekeshpral balcony; a constructed raised platform projecting from or attached to a building noun   mek construction + esh raised + pral flat surface   mekeshapral  noun: balcony; a constructed raised platform projecting from or attached to a building,,LX-BSPI1-0015,{},"{""origins"":[],""nationalUses"":[],""derivations"":[""Mek construction + Esh raised + Pral flat surface""],""variants"":[{""form"":""Mekeshapral"",""pronunciation"":""/mehk-eh-shah-prahl/""}]}",Built Spaces and Public Infrastructure 1,Mek construction + Esh raised + Pral flat surface,,,Mekeshapral,/mehk-eh-shah-prahl/
velkelor,Velkelor,/vehl-keh-lohr/,Noun: Library; a place organized for keeping consulting and sharing books or other readable works,velkelor library; a place organized for keeping consulting and sharing books or other readable works noun   vel wisdom + kel language or text + -or place     noun: library; a place organized for keeping consulting and sharing books or other readable works,,LX-BSPI1-0016,{},"{""origins"":[],""nationalUses"":[],""derivations"":[""Vel wisdom + Kel language or text + -or place""],""variants"":[]}",Built Spaces and Public Infrastructure 1,Vel wisdom + Kel language or text + -or place,,,,
shenpralor,Shenpralor,/shehn-prah-lohr/,Noun: Laboratory; a controlled place for measured testing preparation and investigation,shenpralor laboratory; a controlled place for measured testing preparation and investigation noun   shen measure + pral skilled work + -or place   shenapralor  noun: laboratory; a controlled place for measured testing preparation and investigation,,LX-BSPI1-0017,{},"{""origins"":[],""nationalUses"":[],""derivations"":[""Shen measure + Pral skilled work + -or place""],""variants"":[{""form"":""Shenapralor"",""pronunciation"":""/sheh-nah-prah-lohr/""}]}",Built Spaces and Public Infrastructure 1,Shen measure + Pral skilled work + -or place,,,Shenapralor,/sheh-nah-prah-lohr/
shenkesor,Shenkesor,/shehn-keh-sohr/,Noun: Observatory; a place equipped for systematic observation and measurement at distance,shenkesor observatory; a place equipped for systematic observation and measurement at distance noun   shen measure + kes notice or observe + -or place     noun: observatory; a place equipped for systematic observation and measurement at distance,,LX-BSPI1-0018,{},"{""origins"":[],""nationalUses"":[],""derivations"":[""Shen measure + Kes notice or observe + -or place""],""variants"":[]}",Built Spaces and Public Infrastructure 1,Shen measure + Kes notice or observe + -or place,,,,
belzhirkavor,Belzhirkavor,/behl-zheer-kah-vohr/,Noun: Data center; a secured facility that connects stores and maintains large bodies of machine-readable information,belzhirkavor data center; a secured facility that connects stores and maintains large bodies of machine-readable information noun   bel system + zhir connected line + kav preservation + -or place   belazhirakavor  noun: data center; a secured facility that connects stores and maintains large bodies of machine-readable information,,LX-BSPI1-0019,{},"{""origins"":[],""nationalUses"":[],""derivations"":[""Bel system + Zhir connected line + Kav preservation + -or place""],""variants"":[{""form"":""Belazhirakavor"",""pronunciation"":""/beh-lah-zhee-rah-kah-vohr/""}]}",Built Spaces and Public Infrastructure 1,Bel system + Zhir connected line + Kav preservation + -or place,,,Belazhirakavor,/beh-lah-zhee-rah-kah-vohr/
lormekor,Lormekor,/lohr-meh-kohr/,Noun: Control room; a dedicated room from which machines infrastructure or operations are monitored and directed,lormekor control room; a dedicated room from which machines infrastructure or operations are monitored and directed noun   lor guidance or control + mekor constructed place     noun: control room; a dedicated room from which machines infrastructure or operations are monitored and directed,,LX-BSPI1-0020,{},"{""origins"":[],""nationalUses"":[],""derivations"":[""Lor guidance or control + Mekor constructed place""],""variants"":[]}",Built Spaces and Public Infrastructure 1,Lor guidance or control + Mekor constructed place,,,,
mekpralor,Mekpralor,/mehk-prah-lohr/,Noun: Workshop; a place arranged for making repairing or skilled manual work,mekpralor workshop; a place arranged for making repairing or skilled manual work noun   mek construction + pral skilled work + -or place   mekapralor  noun: workshop; a place arranged for making repairing or skilled manual work,,LX-BSPI1-0021,{},"{""origins"":[],""nationalUses"":[],""derivations"":[""Mek construction + Pral skilled work + -or place""],""variants"":[{""form"":""Mekapralor"",""pronunciation"":""/meh-kah-prah-lohr/""}]}",Built Spaces and Public Infrastructure 1,Mek construction + Pral skilled work + -or place,,,Mekapralor,/meh-kah-prah-lohr/
njor,Njor,/n-johr/,Noun: A bridge between separated people groups systems or ideas; a connection that crosses a meaningful division ; Noun: Bridge or structural span that carries passage across a gap waterway or obstruction,njor bridge or structural span that carries passage across a gap waterway or obstruction noun       njor a bridge between separated people groups systems or ideas; a connection that crosses a meaningful division noun        noun: a bridge between separated people groups systems or ideas; a connection that crosses a meaningful division ; noun: bridge or structural span that carries passage across a gap waterway or obstruction,Yes,LX-BSPI1-0022; LX-SCP1-0005; XR-njor,{},null,Built Spaces and Public Infrastructure 1; Semantic Continuity and Polysemy 1,,,,,
mekshara,Mekshara,/mehk-shah-rah/,Noun: Road; a deliberately built and maintained land route,mekshara road; a deliberately built and maintained land route noun   mek construction + shara route     noun: road; a deliberately built and maintained land route,,LX-BSPI1-0023,{},"{""origins"":[],""nationalUses"":[],""derivations"":[""Mek construction + Shara route""],""variants"":[]}",Built Spaces and Public Infrastructure 1,Mek construction + Shara route,,,,
brosshara,Brosshara,/brohs-shah-rah/,Noun: Stair or stairway; a stepped route between different heights,brosshara stair or stairway; a stepped route between different heights noun   bros layered or stacked + shara route   brosashara  noun: stair or stairway; a stepped route between different heights,,LX-BSPI1-0024,{},"{""origins"":[],""nationalUses"":[],""derivations"":[""Bros layered or stacked + Shara route""],""variants"":[{""form"":""Brosashara"",""pronunciation"":""/broh-sah-shah-rah/""}]}",Built Spaces and Public Infrastructure 1,Bros layered or stacked + Shara route,,,Brosashara,/broh-sah-shah-rah/
morlshan,Morlshan,/mohrl-shahn/,Noun: Tunnel; an enclosed passage through or beneath earth stone or another obstruction,morlshan tunnel; an enclosed passage through or beneath earth stone or another obstruction noun   morl stone or beneath + shan passage   morlashan  noun: tunnel; an enclosed passage through or beneath earth stone or another obstruction,,LX-BSPI1-0025,{},"{""origins"":[],""nationalUses"":[],""derivations"":[""Morl stone or beneath + Shan passage""],""variants"":[{""form"":""Morlashan"",""pronunciation"":""/mohr-lah-shahn/""}]}",Built Spaces and Public Infrastructure 1,Morl stone or beneath + Shan passage,,,Morlashan,/mohr-lah-shahn/
varshanmek,Varshanmek,/vahr-shahn-mehk/,Noun: Transit tube; an enclosed engineered conduit made for moving people or vehicles,varshanmek transit tube; an enclosed engineered conduit made for moving people or vehicles noun   var travel + shan passage + mek construction     noun: transit tube; an enclosed engineered conduit made for moving people or vehicles,,LX-BSPI1-0026,{},"{""origins"":[],""nationalUses"":[],""derivations"":[""Var travel + Shan passage + Mek construction""],""variants"":[]}",Built Spaces and Public Infrastructure 1,Var travel + Shan passage + Mek construction,,,,
varbelor,Varbelor,/vahr-beh-lohr/,Noun: Station or terminal; an organized place where a scheduled transport journey begins ends or transfers,varbelor station or terminal; an organized place where a scheduled transport journey begins ends or transfers noun   var travel + bel organized system + -or place     noun: station or terminal; an organized place where a scheduled transport journey begins ends or transfers,,LX-BSPI1-0027,{},"{""origins"":[],""nationalUses"":[],""derivations"":[""Var travel + Bel organized system + -or place""],""variants"":[]}",Built Spaces and Public Infrastructure 1,Var travel + Bel organized system + -or place,,,,
eshpralor,Eshpralor,/ehsh-prah-lohr/,Noun: Platform; a prepared raised surface used for boarding loading speaking working or observation,eshpralor platform; a prepared raised surface used for boarding loading speaking working or observation noun   esh raised + pral flat surface + -or place   eshapralor  noun: platform; a prepared raised surface used for boarding loading speaking working or observation,,LX-BSPI1-0028,{},"{""origins"":[],""nationalUses"":[],""derivations"":[""Esh raised + Pral flat surface + -or place""],""variants"":[{""form"":""Eshapralor"",""pronunciation"":""/eh-shah-prah-lohr/""}]}",Built Spaces and Public Infrastructure 1,Esh raised + Pral flat surface + -or place,,,Eshapralor,/eh-shah-prah-lohr/
ndavivek,Ndavivek,/n-dah-vee-vehk/,Noun: Elevator or mechanical lift; a carrier that moves people or goods vertically between fixed levels,ndavivek elevator or mechanical lift; a carrier that moves people or goods vertically between fixed levels noun   ndavi vertical level or change + vek carrier     noun: elevator or mechanical lift; a carrier that moves people or goods vertically between fixed levels,,LX-BSPI1-0029,{},"{""origins"":[],""nationalUses"":[],""derivations"":[""Ndavi vertical level or change + Vek carrier""],""variants"":[]}",Built Spaces and Public Infrastructure 1,Ndavi vertical level or change + Vek carrier,,,,
mahrpralor,Mahrpralor,/mahr-prah-lohr/,Noun: Dock; a built waterside platform used to board load unload or secure vessels,mahrpralor dock; a built waterside platform used to board load unload or secure vessels noun   mahr sea or water body + pral platform + -or place   mahrapralor  noun: dock; a built waterside platform used to board load unload or secure vessels,,LX-BSPI1-0030,{},"{""origins"":[],""nationalUses"":[],""derivations"":[""Mahr sea or water body + Pral platform + -or place""],""variants"":[{""form"":""Mahrapralor"",""pronunciation"":""/mah-rah-prah-lohr/""}]}",Built Spaces and Public Infrastructure 1,Mahr sea or water body + Pral platform + -or place,,,Mahrapralor,/mah-rah-prah-lohr/
mahrxaror,Mahrxaror,/mahr-xahr-ohr/,Noun: Harbor; a sheltered water area where vessels can anchor arrive or depart,mahrxaror harbor; a sheltered water area where vessels can anchor arrive or depart noun   mahr sea or water body + xar shelter + -or place   mahraxaror  noun: harbor; a sheltered water area where vessels can anchor arrive or depart,,LX-BSPI1-0031,{},"{""origins"":[],""nationalUses"":[],""derivations"":[""Mahr sea or water body + Xar shelter + -or place""],""variants"":[{""form"":""Mahraxaror"",""pronunciation"":""/mah-rah-xahr-ohr/""}]}",Built Spaces and Public Infrastructure 1,Mahr sea or water body + Xar shelter + -or place,,,Mahraxaror,/mah-rah-xahr-ohr/
vekxaror,Vekxaror,/vehk-xahr-ohr/,Noun: Garage or vehicle shelter; an enclosed place for keeping protecting or servicing vehicles,vekxaror garage or vehicle shelter; an enclosed place for keeping protecting or servicing vehicles noun   vek carrier or vehicle + xar enclosure + -or place   vekaxaror  noun: garage or vehicle shelter; an enclosed place for keeping protecting or servicing vehicles,,LX-BSPI1-0032,{},"{""origins"":[],""nationalUses"":[],""derivations"":[""Vek carrier or vehicle + Xar enclosure + -or place""],""variants"":[{""form"":""Vekaxaror"",""pronunciation"":""/veh-kah-xahr-ohr/""}]}",Built Spaces and Public Infrastructure 1,Vek carrier or vehicle + Xar enclosure + -or place,,,Vekaxaror,/veh-kah-xahr-ohr/
vekpralor,Vekpralor,/vehk-prah-lohr/,Noun: Parking area; a prepared place where vehicles are left temporarily when not operating,vekpralor parking area; a prepared place where vehicles are left temporarily when not operating noun   vek vehicle + pral prepared surface + -or place   vekapralor  noun: parking area; a prepared place where vehicles are left temporarily when not operating,,LX-BSPI1-0033,{},"{""origins"":[],""nationalUses"":[],""derivations"":[""Vek vehicle + Pral prepared surface + -or place""],""variants"":[{""form"":""Vekapralor"",""pronunciation"":""/veh-kah-prah-lohr/""}]}",Built Spaces and Public Infrastructure 1,Vek vehicle + Pral prepared surface + -or place,,,Vekapralor,/veh-kah-prah-lohr/
droshara,Droshara,/droh-shah-rah/,Noun: Canal; a deliberately made channel that carries water along a set route,droshara canal; a deliberately made channel that carries water along a set route noun   dro ordinary physical water + shara route     noun: canal; a deliberately made channel that carries water along a set route,,LX-BSPI1-0034,{},"{""origins"":[],""nationalUses"":[],""derivations"":[""Dro ordinary physical water + Shara route""],""variants"":[]}",Built Spaces and Public Infrastructure 1,Dro ordinary physical water + Shara route,,,,
dronjor,Dronjor,/droh-n-johr/,Noun: Aqueduct; a bridge-like or elevated structure that carries water across a gap,dronjor aqueduct; a bridge-like or elevated structure that carries water across a gap noun   dro water + njor structural span     noun: aqueduct; a bridge-like or elevated structure that carries water across a gap,,LX-BSPI1-0035,{},"{""origins"":[],""nationalUses"":[],""derivations"":[""Dro water + Njor structural span""],""variants"":[]}",Built Spaces and Public Infrastructure 1,Dro water + Njor structural span,,,,
eshmekor,Eshmekor,/ehsh-meh-kohr/,Noun: Tower; a tall structure whose usable space rises substantially above its surrounding buildings or land,eshmekor tower; a tall structure whose usable space rises substantially above its surrounding buildings or land noun   esh above + mekor building     noun: tower; a tall structure whose usable space rises substantially above its surrounding buildings or land,,LX-BSPI1-0036,{},"{""origins"":[],""nationalUses"":[],""derivations"":[""Esh above + Mekor building""],""variants"":[]}",Built Spaces and Public Infrastructure 1,Esh above + Mekor building,,,,
wekxar,Wekxar,/wehk-xahr/,Noun: Dome; a rounded or circular roof or overhead enclosure,wekxar dome; a rounded or circular roof or overhead enclosure noun   wek circularity + xar cover   wekaxar  noun: dome; a rounded or circular roof or overhead enclosure,,LX-BSPI1-0037,{},"{""origins"":[],""nationalUses"":[],""derivations"":[""Wek circularity + Xar cover""],""variants"":[{""form"":""Wekaxar"",""pronunciation"":""/weh-kah-xahr/""}]}",Built Spaces and Public Infrastructure 1,Wek circularity + Xar cover,,,Wekaxar,/weh-kah-xahr/
drojormek,Drojormek,/droh-johr-mehk/,Noun: Fountain; a constructed feature that directs water upward or outward before it falls or gathers,drojormek fountain; a constructed feature that directs water upward or outward before it falls or gathers noun   dro water + jor surge + mek construction     noun: fountain; a constructed feature that directs water upward or outward before it falls or gathers,,LX-BSPI1-0038,{},"{""origins"":[],""nationalUses"":[],""derivations"":[""Dro water + Jor surge + Mek construction""],""variants"":[]}",Built Spaces and Public Infrastructure 1,Dro water + Jor surge + Mek construction,,,,
nethmek,Nethmek,/neht-hmehk/,Noun: Furniture; movable constructed objects that support sitting resting storing eating or ordinary indoor work,nethmek furniture; movable constructed objects that support sitting resting storing eating or ordinary indoor work noun   neth rest or support + mek constructed object   nethamek  noun: furniture; movable constructed objects that support sitting resting storing eating or ordinary indoor work,,LX-BSPI1-0039,{},"{""origins"":[],""nationalUses"":[],""derivations"":[""Neth rest or support + Mek constructed object""],""variants"":[{""form"":""Nethamek"",""pronunciation"":""/neht-hah-mehk/""}]}",Built Spaces and Public Infrastructure 1,Neth rest or support + Mek constructed object,,,Nethamek,/neht-hah-mehk/
ndavi,Ndavi,/n-dah-vee/,Noun: Vertical level or height position used to distinguish one fixed elevation from another,ndavi vertical level or height position used to distinguish one fixed elevation from another noun        noun: vertical level or height position used to distinguish one fixed elevation from another,Yes,LX-BSPI1-0040; XR-ndavi,{},null,Built Spaces and Public Infrastructure 1,,,,,
belor,Belor,/beh-lohr/,Noun: Institution; an enduring organized body or system established to perform a recognized social civic educational religious or economic function,belor institution; an enduring organized body or system established to perform a recognized social civic educational religious or economic function noun   bel organized system or binding + -or realized domain     noun: institution; an enduring organized body or system established to perform a recognized social civic educational religious or economic function,,LX-GCI1-0001,{},"{""origins"":[],""nationalUses"":[],""derivations"":[""Bel organized system or binding + -or realized domain""],""variants"":[]}",Government and Civic Institutions 1,Bel organized system or binding + -or realized domain,,,,
lorbel,Lorbel,/lohr-behl/,Noun: Government; the organized system through which a community or state directs public affairs and administers authority,lorbel government; the organized system through which a community or state directs public affairs and administers authority noun   lor guidance or leadership + bel organized system     noun: government; the organized system through which a community or state directs public affairs and administers authority,,LX-GCI1-0002,{},"{""origins"":[],""nationalUses"":[],""derivations"":[""Lor guidance or leadership + Bel organized system""],""variants"":[]}",Government and Civic Institutions 1,Lor guidance or leadership + Bel organized system,,,,
lorbelaen,Lorbelaen,/lohr-beh-lah-ehn/,Verb: To govern; to exercise recognized authority over public decisions law and administration,lorbelaen to govern; to exercise recognized authority over public decisions law and administration verb   lorbel government + -aen verb     verb: to govern; to exercise recognized authority over public decisions law and administration,,LX-GCI1-0003,{},"{""origins"":[],""nationalUses"":[],""derivations"":[""Lorbel government + -aen verb""],""variants"":[]}",Government and Civic Institutions 1,Lorbel government + -aen verb,,,,
khumkel,Khumkel,/khoom-kehl/,Noun: Council; a deliberative governing or advisory body whose members listen speak and decide together,khumkel council; a deliberative governing or advisory body whose members listen speak and decide together noun   khum listening or reconciliation circle + kel ordered speech   khumakel  noun: council; a deliberative governing or advisory body whose members listen speak and decide together,,LX-GCI1-0004,{},"{""origins"":[],""nationalUses"":[],""derivations"":[""Khum listening or reconciliation circle + Kel ordered speech""],""variants"":[{""form"":""Khumakel"",""pronunciation"":""/khoo-mah-kehl/""}]}",Government and Civic Institutions 1,Khum listening or reconciliation circle + Kel ordered speech,,,Khumakel,/khoo-mah-kehl/
khumkelral,Khumkelral,/khoom-kehl-rahl/,Noun: Council member or representative; a person authorized to speak and decide for others within a governing body,khumkelral council member or representative; a person authorized to speak and decide for others within a governing body noun   khumkel council + ral entrusted caretaker role   khumakelral  noun: council member or representative; a person authorized to speak and decide for others within a governing body,,LX-GCI1-0005,{},"{""origins"":[],""nationalUses"":[],""derivations"":[""Khumkel council + Ral entrusted caretaker role""],""variants"":[{""form"":""Khumakelral"",""pronunciation"":""/khoo-mah-kehl-rahl/""}]}",Government and Civic Institutions 1,Khumkel council + Ral entrusted caretaker role,,,Khumakelral,/khoo-mah-kehl-rahl/
kalrin,Kalrin,/kahl-reen/,Noun: Ruler or sovereign; a person holding supreme governing authority without specifying gender or hereditary title,kalrin ruler or sovereign; a person holding supreme governing authority without specifying gender or hereditary title noun   kal power + rin embodied identity     noun: ruler or sovereign; a person holding supreme governing authority without specifying gender or hereditary title,,LX-GCI1-0006,{},"{""origins"":[],""nationalUses"":[],""derivations"":[""Kal power + Rin embodied identity""],""variants"":[]}",Government and Civic Institutions 1,Kal power + Rin embodied identity,,,,
belvoklor,Belvoklor,/behl-vohk-lohr/,Noun: Chieftain or clan leader; the recognized leader and guide of a clan mobile community or local people,belvoklor chieftain or clan leader; the recognized leader and guide of a clan mobile community or local people noun   belvok clan or family + lor guidance or leadership   belvokalor  noun: chieftain or clan leader; the recognized leader and guide of a clan mobile community or local people,,LX-GCI1-0007,{},"{""origins"":[],""nationalUses"":[],""derivations"":[""Belvok clan or family + Lor guidance or leadership""],""variants"":[{""form"":""Belvokalor"",""pronunciation"":""/behl-voh-kah-lohr/""}]}",Government and Civic Institutions 1,Belvok clan or family + Lor guidance or leadership,,,Belvokalor,/behl-voh-kah-lohr/
lorbelral,Lorbelral,/lohr-behl-rahl/,Noun: Public official; a person entrusted with an authorized civic or administrative office,lorbelral public official; a person entrusted with an authorized civic or administrative office noun   lorbel government + ral entrusted caretaker role     noun: public official; a person entrusted with an authorized civic or administrative office,,LX-GCI1-0008,{},"{""origins"":[],""nationalUses"":[],""derivations"":[""Lorbel government + Ral entrusted caretaker role""],""variants"":[]}",Government and Civic Institutions 1,Lorbel government + Ral entrusted caretaker role,,,,
welkelthar,Welkelthar,/wehl-kehl-thahr/,Noun: Election; a formal collective process through which members express their will to choose an officeholder or decide a public question,welkelthar election; a formal collective process through which members express their will to choose an officeholder or decide a public question noun   wel community or shared action + kel expressed + thar will     noun: election; a formal collective process through which members express their will to choose an officeholder or decide a public question,,LX-GCI1-0009,{},"{""origins"":[],""nationalUses"":[],""derivations"":[""Wel community or shared action + Kel expressed + Thar will""],""variants"":[]}",Government and Civic Institutions 1,Wel community or shared action + Kel expressed + Thar will,,,,
keltharaen,Keltharaen,/kehl-thah-rah-ehn/,Verb: To vote; to formally express one's choice or will in a collective decision,keltharaen to vote; to formally express one's choice or will in a collective decision verb   kel express or name + thar will + -aen     verb: to vote; to formally express one's choice or will in a collective decision,,LX-GCI1-0010,{},"{""origins"":[],""nationalUses"":[],""derivations"":[""Kel express or name + Thar will + -aen""],""variants"":[]}",Government and Civic Institutions 1,Kel express or name + Thar will + -aen,,,,
lorshara,Lorshara,/lohr-shah-rah/,Noun: Policy; an adopted principle plan or course that guides recurring institutional decisions,lorshara policy; an adopted principle plan or course that guides recurring institutional decisions noun   lor guidance + shara course or path     noun: policy; an adopted principle plan or course that guides recurring institutional decisions,,LX-GCI1-0011,{},"{""origins"":[],""nationalUses"":[],""derivations"":[""Lor guidance + Shara course or path""],""variants"":[]}",Government and Civic Institutions 1,Lor guidance + Shara course or path,,,,
kalkel,Kalkel,/kahl-kehl/,Noun: Decree or official order; an authoritative public instruction issued by a ruler office or governing body,kalkel decree or official order; an authoritative public instruction issued by a ruler office or governing body noun   kal authority or power + kel declared word   kalakel  noun: decree or official order; an authoritative public instruction issued by a ruler office or governing body,,LX-GCI1-0012,{},"{""origins"":[],""nationalUses"":[],""derivations"":[""Kal authority or power + Kel declared word""],""variants"":[{""form"":""Kalakel"",""pronunciation"":""/kah-lah-kehl/""}]}",Government and Civic Institutions 1,Kal authority or power + Kel declared word,,,Kalakel,/kah-lah-kehl/
belrinpel,Belrinpel,/behl-reen-pehl/,Noun: Permit or formal authorization; an official record or instrument granting permission for a restricted action or access,belrinpel permit or formal authorization; an official record or instrument granting permission for a restricted action or access noun   bel institutional binding + rinpel authorizing seal   belrinapel  noun: permit or formal authorization; an official record or instrument granting permission for a restricted action or access,,LX-GCI1-0013,{},"{""origins"":[],""nationalUses"":[],""derivations"":[""Bel institutional binding + Rinpel authorizing seal""],""variants"":[{""form"":""Belrinapel"",""pronunciation"":""/behl-ree-nah-pehl/""}]}",Government and Civic Institutions 1,Bel institutional binding + Rinpel authorizing seal,,,Belrinapel,/behl-ree-nah-pehl/
shental,Shental,/shehn-tahl/,Noun: Allocation; a measured assignment of limited resources among recipients or purposes,shental allocation; a measured assignment of limited resources among recipients or purposes noun   shen measure or assigned value + tal transfer     noun: allocation; a measured assignment of limited resources among recipients or purposes,,LX-GCI1-0014,{},"{""origins"":[],""nationalUses"":[],""derivations"":[""Shen measure or assigned value + Tal transfer""],""variants"":[]}",Government and Civic Institutions 1,Shen measure or assigned value + Tal transfer,,,,
shentalaen,Shentalaen,/shehn-tah-lah-ehn/,Verb: To allocate; to assign measured portions of a limited resource to particular recipients or purposes,shentalaen to allocate; to assign measured portions of a limited resource to particular recipients or purposes verb   shental allocation + -aen     verb: to allocate; to assign measured portions of a limited resource to particular recipients or purposes,,LX-GCI1-0015,{},"{""origins"":[],""nationalUses"":[],""derivations"":[""Shental allocation + -aen""],""variants"":[]}",Government and Civic Institutions 1,Shental allocation + -aen,,,,
weltal,Weltal,/wehl-tahl/,Noun: Distribution; the organized delivery or division of resources among multiple recipients or places,weltal distribution; the organized delivery or division of resources among multiple recipients or places noun   wel shared or multiple flow + tal transfer     noun: distribution; the organized delivery or division of resources among multiple recipients or places,,LX-GCI1-0016,{},"{""origins"":[],""nationalUses"":[],""derivations"":[""Wel shared or multiple flow + Tal transfer""],""variants"":[]}",Government and Civic Institutions 1,Wel shared or multiple flow + Tal transfer,,,,
weltalaen,Weltalaen,/wehl-tah-lah-ehn/,Verb: To distribute; to deliver or divide resources among multiple recipients or destinations,weltalaen to distribute; to deliver or divide resources among multiple recipients or destinations verb   weltal distribution + -aen     verb: to distribute; to deliver or divide resources among multiple recipients or destinations,,LX-GCI1-0017,{},"{""origins"":[],""nationalUses"":[],""derivations"":[""Weltal distribution + -aen""],""variants"":[]}",Government and Civic Institutions 1,Weltal distribution + -aen,,,,
kelreth,Kelreth,/kehl-rehth/,Noun: Dispute; an active disagreement involving competing claims rights accounts or interests,kelreth dispute; an active disagreement involving competing claims rights accounts or interests noun   kel stated claim + reth uncertainty or conflict     noun: dispute; an active disagreement involving competing claims rights accounts or interests,,LX-GCI1-0018,{},"{""origins"":[],""nationalUses"":[],""derivations"":[""Kel stated claim + Reth uncertainty or conflict""],""variants"":[]}",Government and Civic Institutions 1,Kel stated claim + Reth uncertainty or conflict,,,,
thalkelreth,Thalkelreth,/thahl-kehl-rehth/,Noun: Arbitration; a structured hearing and balancing of competing claims intended to produce a binding resolution,thalkelreth arbitration; a structured hearing and balancing of competing claims intended to produce a binding resolution noun   thal balance + kelreth dispute   thalakelreth  noun: arbitration; a structured hearing and balancing of competing claims intended to produce a binding resolution,,LX-GCI1-0019,{},"{""origins"":[],""nationalUses"":[],""derivations"":[""Thal balance + Kelreth dispute""],""variants"":[{""form"":""Thalakelreth"",""pronunciation"":""/thah-lah-kehl-rehth/""}]}",Government and Civic Institutions 1,Thal balance + Kelreth dispute,,,Thalakelreth,/thah-lah-kehl-rehth/
thalkelrethaen,Thalkelrethaen,/thahl-kehl-reh-thah-ehn/,Verb: To arbitrate; to hear competing claims and make or guide a binding resolution,thalkelrethaen to arbitrate; to hear competing claims and make or guide a binding resolution verb   thalkelreth arbitration + -aen   thalakelrethaen  verb: to arbitrate; to hear competing claims and make or guide a binding resolution,,LX-GCI1-0020,{},"{""origins"":[],""nationalUses"":[],""derivations"":[""Thalkelreth arbitration + -aen""],""variants"":[{""form"":""Thalakelrethaen"",""pronunciation"":""/thah-lah-kehl-reh-thah-ehn/""}]}",Government and Civic Institutions 1,Thalkelreth arbitration + -aen,,,Thalakelrethaen,/thah-lah-kehl-reh-thah-ehn/
welrin,Welrin,/wehl-reen/,Noun: Citizen; a recognized member of a state or civic community with associated rights and duties,welrin citizen; a recognized member of a state or civic community with associated rights and duties noun   wel community + rin recognized identity     noun: citizen; a recognized member of a state or civic community with associated rights and duties,,LX-GCI1-0021,{},"{""origins"":[],""nationalUses"":[],""derivations"":[""Wel community + Rin recognized identity""],""variants"":[]}",Government and Civic Institutions 1,Wel community + Rin recognized identity,,,,
welrinath,Welrinath,/wehl-ree-nahth/,Noun: Citizenship; the enduring recognized civic status rights and duties of a citizen,welrinath citizenship; the enduring recognized civic status rights and duties of a citizen noun   welrin citizen + -ath established or enduring state     noun: citizenship; the enduring recognized civic status rights and duties of a citizen,,LX-GCI1-0022,{},"{""origins"":[],""nationalUses"":[],""derivations"":[""Welrin citizen + -ath established or enduring state""],""variants"":[]}",Government and Civic Institutions 1,Welrin citizen + -ath established or enduring state,,,,
felbelor,Felbelor,/fehl-beh-lohr/,Noun: District; an administrative or functional subdivision of a settlement or territory,felbelor district; an administrative or functional subdivision of a settlement or territory noun   fel smaller part + belor organized domain     noun: district; an administrative or functional subdivision of a settlement or territory,,LX-GCI1-0023,{},"{""origins"":[],""nationalUses"":[],""derivations"":[""Fel smaller part + Belor organized domain""],""variants"":[]}",Government and Civic Institutions 1,Fel smaller part + Belor organized domain,,,,
lorzhir,Lorzhir,/lohr-zheer/,Noun: Border; the recognized line or narrow dividing zone between territories or jurisdictions,lorzhir border; the recognized line or narrow dividing zone between territories or jurisdictions noun   lor jurisdictional guidance or authority + zhir line     noun: border; the recognized line or narrow dividing zone between territories or jurisdictions,,LX-GCI1-0024,{},"{""origins"":[],""nationalUses"":[],""derivations"":[""Lor jurisdictional guidance or authority + Zhir line""],""variants"":[]}",Government and Civic Institutions 1,Lor jurisdictional guidance or authority + Zhir line,,,,
kelvok,Kelvok,/kehl-vohk/,Noun: Contract; a deliberate binding agreement that states obligations permissions or exchange,kelvok contract; a deliberate binding agreement that states obligations permissions or exchange noun   kel stated terms + vok unity or formal bond     noun: contract; a deliberate binding agreement that states obligations permissions or exchange,,LX-GCI1-0025,{},"{""origins"":[],""nationalUses"":[],""derivations"":[""Kel stated terms + Vok unity or formal bond""],""variants"":[]}",Government and Civic Institutions 1,Kel stated terms + Vok unity or formal bond,,,,
verkalkelaen,Verkalkelaen,/vehr-kahl-keh-lah-ehn/,Verb: To veto; to formally prevent a proposed public decision or order from taking effect through recognized authority,verkalkelaen to veto; to formally prevent a proposed public decision or order from taking effect through recognized authority verb   ver- negation + kalkel official order + -aen     verb: to veto; to formally prevent a proposed public decision or order from taking effect through recognized authority,,LX-GCI1-0026,{},"{""origins"":[],""nationalUses"":[],""derivations"":[""Ver- negation + Kalkel official order + -aen""],""variants"":[]}",Government and Civic Institutions 1,Ver- negation + Kalkel official order + -aen,,,,
weleth,Weleth,/weh-lehth/,Adjective: Public; open to concerning or belonging to the community as a whole,weleth public; open to concerning or belonging to the community as a whole adjective   wel community or shared flow + -eth adjective     adjective: public; open to concerning or belonging to the community as a whole,,LX-GCI1-0027,{},"{""origins"":[],""nationalUses"":[],""derivations"":[""Wel community or shared flow + -eth adjective""],""variants"":[]}",Government and Civic Institutions 1,Wel community or shared flow + -eth adjective,,,,
kaweleth,Kaweleth,/kah-weh-lehth/,Adjective: Private; restricted to an individual or defined group rather than the community as a whole,kaweleth private; restricted to an individual or defined group rather than the community as a whole adjective   ka without or outside shared access + wel community + -eth adjective     adjective: private; restricted to an individual or defined group rather than the community as a whole,,LX-GCI1-0028,{},"{""origins"":[],""nationalUses"":[],""derivations"":[""Ka without or outside shared access + Wel community + -eth adjective""],""variants"":[]}",Government and Civic Institutions 1,Ka without or outside shared access + Wel community + -eth adjective,,,,
ral,Ral,/rahl/,Noun: Steward or caretaker; a person entrusted with managing and caring for a shared resource place household institution or continuing responsibility,ral steward or caretaker; a person entrusted with managing and caring for a shared resource place household institution or continuing responsibility noun        noun: steward or caretaker; a person entrusted with managing and caring for a shared resource place household institution or continuing responsibility,,LX-WRT1-0001,{},null,Work Roles and Trade 1,,,,,
pralilan,Pralilan,/prahl-ee-lahn/,Noun: Apprentice; a learner formally training in a craft or occupation through supervised practical work,pralilan apprentice; a learner formally training in a craft or occupation through supervised practical work noun   pral skilled craft + ilan student or follower     noun: apprentice; a learner formally training in a craft or occupation through supervised practical work,,LX-WRT1-0002,{},"{""origins"":[],""nationalUses"":[],""derivations"":[""Pral skilled craft + Ilan student or follower""],""variants"":[]}",Work Roles and Trade 1,Pral skilled craft + Ilan student or follower,,,,
pralral,Pralral,/prahl-rahl/,Noun: Artisan or craftsperson; a skilled maker of useful or artistic objects through practiced handwork,pralral artisan or craftsperson; a skilled maker of useful or artistic objects through practiced handwork noun   pral skilled craftsmanship + ral practiced role   pralaral  noun: artisan or craftsperson; a skilled maker of useful or artistic objects through practiced handwork,,LX-WRT1-0003,{},"{""origins"":[],""nationalUses"":[],""derivations"":[""Pral skilled craftsmanship + Ral practiced role""],""variants"":[{""form"":""Pralaral"",""pronunciation"":""/prah-lah-rahl/""}]}",Work Roles and Trade 1,Pral skilled craftsmanship + Ral practiced role,,,Pralaral,/prah-lah-rahl/
krenral,Krenral,/krehn-rahl/,Noun: Smith or metalworker; a craftsperson whose defining work is shaping joining treating or repairing metal,krenral smith or metalworker; a craftsperson whose defining work is shaping joining treating or repairing metal noun   kren metal + ral practiced role   krenaral  noun: smith or metalworker; a craftsperson whose defining work is shaping joining treating or repairing metal,,LX-WRT1-0004,{},"{""origins"":[],""nationalUses"":[],""derivations"":[""Kren metal + Ral practiced role""],""variants"":[{""form"":""Krenaral"",""pronunciation"":""/kreh-nah-rahl/""}]}",Work Roles and Trade 1,Kren metal + Ral practiced role,,,Krenaral,/kreh-nah-rahl/
mormekral,Mormekral,/mohr-mehk-rahl/,Noun: Mason; a craftsperson who builds or repairs using prepared stone brick or comparable structural units,mormekral mason; a craftsperson who builds or repairs using prepared stone brick or comparable structural units noun   mormek worked or masonry stone + ral practiced role   mormekaral  noun: mason; a craftsperson who builds or repairs using prepared stone brick or comparable structural units,,LX-WRT1-0005,{},"{""origins"":[],""nationalUses"":[],""derivations"":[""Mormek worked or masonry stone + Ral practiced role""],""variants"":[{""form"":""Mormekaral"",""pronunciation"":""/mohr-meh-kah-rahl/""}]}",Work Roles and Trade 1,Mormek worked or masonry stone + Ral practiced role,,,Mormekaral,/mohr-meh-kah-rahl/
lormekral,Lormekral,/lohr-mehk-rahl/,Noun: Engineer; a person who designs analyzes directs or maintains complex constructed systems,lormekral engineer; a person who designs analyzes directs or maintains complex constructed systems noun   lor guidance or design + mek constructed system + ral entrusted practitioner   lormekaral  noun: engineer; a person who designs analyzes directs or maintains complex constructed systems,,LX-WRT1-0006,{},"{""origins"":[],""nationalUses"":[],""derivations"":[""Lor guidance or design + Mek constructed system + Ral entrusted practitioner""],""variants"":[{""form"":""Lormekaral"",""pronunciation"":""/lohr-meh-kah-rahl/""}]}",Work Roles and Trade 1,Lor guidance or design + Mek constructed system + Ral entrusted practitioner,,,Lormekaral,/lohr-meh-kah-rahl/
shenral,Shenral,/shehn-rahl/,Noun: Scholar or researcher; a person engaged in systematic study measurement interpretation and production of knowledge,shenral scholar or researcher; a person engaged in systematic study measurement interpretation and production of knowledge noun   shen measure or evaluation + ral entrusted practitioner   shenaral  noun: scholar or researcher; a person engaged in systematic study measurement interpretation and production of knowledge,,LX-WRT1-0007,{},"{""origins"":[],""nationalUses"":[],""derivations"":[""Shen measure or evaluation + Ral entrusted practitioner""],""variants"":[{""form"":""Shenaral"",""pronunciation"":""/sheh-nah-rahl/""}]}",Work Roles and Trade 1,Shen measure or evaluation + Ral entrusted practitioner,,,Shenaral,/sheh-nah-rahl/
kelvekral,Kelvekral,/kehl-vehk-rahl/,Noun: Courier or messenger; a person responsible for carrying messages records or small entrusted goods between people or places,kelvekral courier or messenger; a person responsible for carrying messages records or small entrusted goods between people or places noun   kel message or ordered language + vek carrier + ral entrusted role   kelvekaral  noun: courier or messenger; a person responsible for carrying messages records or small entrusted goods between people or places,,LX-WRT1-0008,{},"{""origins"":[],""nationalUses"":[],""derivations"":[""Kel message or ordered language + Vek carrier + Ral entrusted role""],""variants"":[{""form"":""Kelvekaral"",""pronunciation"":""/kehl-veh-kah-rahl/""}]}",Work Roles and Trade 1,Kel message or ordered language + Vek carrier + Ral entrusted role,,,Kelvekaral,/kehl-veh-kah-rahl/
sharalorin,Sharalorin,/shah-rah-loh-reen/,Noun: Navigator; a person who determines and guides a safe route through terrain sea air underground space or outer space,sharalorin navigator; a person who determines and guides a safe route through terrain sea air underground space or outer space noun   shara route or path + lorin guide or teacher     noun: navigator; a person who determines and guides a safe route through terrain sea air underground space or outer space,,LX-WRT1-0009,{},"{""origins"":[],""nationalUses"":[],""derivations"":[""Shara route or path + Lorin guide or teacher""],""variants"":[]}",Work Roles and Trade 1,Shara route or path + Lorin guide or teacher,,,,
anvanesh,Anvanesh,/ahn-vah-nehsh/,Verb: To buy; to acquire goods access or services into one's possession through payment,anvanesh to buy; to acquire goods access or services into one's possession through payment verb   an inward or into one's sphere + vanesh formal trade     verb: to buy; to acquire goods access or services into one's possession through payment,,LX-WRT1-0010,{},"{""origins"":[],""nationalUses"":[],""derivations"":[""An inward or into one's sphere + Vanesh formal trade""],""variants"":[]}",Work Roles and Trade 1,An inward or into one's sphere + Vanesh formal trade,,,,
thalvanesh,Thalvanesh,/thahl-vah-nehsh/,Verb: To sell; to transfer goods access or services out of one's possession in return for payment,thalvanesh to sell; to transfer goods access or services out of one's possession in return for payment verb   thal from or outward + vanesh formal trade     verb: to sell; to transfer goods access or services out of one's possession in return for payment,,LX-WRT1-0011,{},"{""origins"":[],""nationalUses"":[],""derivations"":[""Thal from or outward + Vanesh formal trade""],""variants"":[]}",Work Roles and Trade 1,Thal from or outward + Vanesh formal trade,,,,
lorzhiranshan,Lorzhiranshan,/lohr-zheer-ahn-shahn/,Verb: To import; to bring goods or services through a jurisdictional border into the jurisdiction through trade,lorzhiranshan to import; to bring goods or services through a jurisdictional border into the jurisdiction through trade verb   lorzhir jurisdictional border + an inward + shan passage or transfer     verb: to import; to bring goods or services through a jurisdictional border into the jurisdiction through trade,,LX-WRT1-0012,{},"{""origins"":[],""nationalUses"":[],""derivations"":[""Lorzhir jurisdictional border + An inward + Shan passage or transfer""],""variants"":[]}",Work Roles and Trade 1,Lorzhir jurisdictional border + An inward + Shan passage or transfer,,,,
lorzhirthalshan,Lorzhirthalshan,/lohr-zheer-thahl-shahn/,Verb: To export; to send goods or services through a jurisdictional border out of the jurisdiction through trade,lorzhirthalshan to export; to send goods or services through a jurisdictional border out of the jurisdiction through trade verb   lorzhir jurisdictional border + thal from or outward + shan passage or transfer     verb: to export; to send goods or services through a jurisdictional border out of the jurisdiction through trade,,LX-WRT1-0013,{},"{""origins"":[],""nationalUses"":[],""derivations"":[""Lorzhir jurisdictional border + Thal from or outward + Shan passage or transfer""],""variants"":[]}",Work Roles and Trade 1,Lorzhir jurisdictional border + Thal from or outward + Shan passage or transfer,,,,
ianath,Ianath,/ee-ah-nahth/,Noun: Ownership; an established state or recognized right of direct possession control use exclusion or transfer,ianath ownership; an established state or recognized right of direct possession control use exclusion or transfer noun   ian direct possession + -ath established or enduring state     noun: ownership; an established state or recognized right of direct possession control use exclusion or transfer,,LX-WRT1-0014,{},"{""origins"":[],""nationalUses"":[],""derivations"":[""Ian direct possession + -ath established or enduring state""],""variants"":[]}",Work Roles and Trade 1,Ian direct possession + -ath established or enduring state,,,,
ngar,Ngar,/n-gahr/,Noun: Weapon; an object or device designed or deliberately used to injure disable threaten or destroy,ngar weapon; an object or device designed or deliberately used to injure disable threaten or destroy noun        noun: weapon; an object or device designed or deliberately used to injure disable threaten or destroy,Yes,LX-DW1-0001; XR-ngar,{},null,Defense and Weapons 1,,,,,
ngarpel,Ngarpel,/n-gahr-pehl/,Noun: Sword; a long handheld bladed weapon used for cutting or thrusting,ngarpel sword; a long handheld bladed weapon used for cutting or thrusting noun   ngar weapon + pel sharpness piercing quality   ngarapel  noun: sword; a long handheld bladed weapon used for cutting or thrusting,,LX-DW1-0002,{},"{""origins"":[],""nationalUses"":[],""derivations"":[""Ngar weapon + Pel sharpness piercing quality""],""variants"":[{""form"":""Ngarapel"",""pronunciation"":""/n-gah-rah-pehl/""}]}",Defense and Weapons 1,Ngar weapon + Pel sharpness piercing quality,,,Ngarapel,/n-gah-rah-pehl/
ngarzhir,Ngarzhir,/n-gahr-zheer/,Noun: Spear; a long shafted pointed weapon used for thrusting or throwing,ngarzhir spear; a long shafted pointed weapon used for thrusting or throwing noun   ngar weapon + zhir narrow linear form   ngarazhir  noun: spear; a long shafted pointed weapon used for thrusting or throwing,,LX-DW1-0003,{},"{""origins"":[],""nationalUses"":[],""derivations"":[""Ngar weapon + Zhir narrow linear form""],""variants"":[{""form"":""Ngarazhir"",""pronunciation"":""/n-gah-rah-zheer/""}]}",Defense and Weapons 1,Ngar weapon + Zhir narrow linear form,,,Ngarazhir,/n-gah-rah-zheer/
ravjor,Ravjor,/rahv-johr/,Noun: Bow; a tension weapon that stores force through bending and releases it to launch an arrow,ravjor bow; a tension weapon that stores force through bending and releases it to launch an arrow noun   rav pull or tension + jor sudden energetic release   ravajor  noun: bow; a tension weapon that stores force through bending and releases it to launch an arrow,,LX-DW1-0004,{},"{""origins"":[],""nationalUses"":[],""derivations"":[""Rav pull or tension + Jor sudden energetic release""],""variants"":[{""form"":""Ravajor"",""pronunciation"":""/rah-vah-johr/""}]}",Defense and Weapons 1,Rav pull or tension + Jor sudden energetic release,,,Ravajor,/rah-vah-johr/
ravjorvek,Ravjorvek,/rahv-johr-vehk/,Noun: Arrow; a slender pointed projectile launched from a bow,ravjorvek arrow; a slender pointed projectile launched from a bow noun   ravjor bow + vek carried projectile   ravajorvek  noun: arrow; a slender pointed projectile launched from a bow,,LX-DW1-0005,{},"{""origins"":[],""nationalUses"":[],""derivations"":[""Ravjor bow + Vek carried projectile""],""variants"":[{""form"":""Ravajorvek"",""pronunciation"":""/rah-vah-johr-vehk/""}]}",Defense and Weapons 1,Ravjor bow + Vek carried projectile,,,Ravajorvek,/rah-vah-johr-vehk/
arthkal,Arthkal,/ahrth-kahl/,Noun: Shield; a handheld worn generated or projected defensive barrier that intercepts or deflects attack,arthkal shield; a handheld worn generated or projected defensive barrier that intercepts or deflects attack noun   arth defense + kal force or strength   arthakal  noun: shield; a handheld worn generated or projected defensive barrier that intercepts or deflects attack,,LX-DW1-0006,{},"{""origins"":[],""nationalUses"":[],""derivations"":[""Arth defense + Kal force or strength""],""variants"":[{""form"":""Arthakal"",""pronunciation"":""/ahr-thah-kahl/""}]}",Defense and Weapons 1,Arth defense + Kal force or strength,,,Arthakal,/ahr-thah-kahl/
ngarjor,Ngarjor,/n-gahr-johr/,Noun: Gun or firearm; a controlled mechanical weapon that launches a material projectile through explosive pressure or comparable discharge,ngarjor gun or firearm; a controlled mechanical weapon that launches a material projectile through explosive pressure or comparable discharge noun   ngar weapon + jor burst or discharge   ngarajor  noun: gun or firearm; a controlled mechanical weapon that launches a material projectile through explosive pressure or comparable discharge,,LX-DW1-0007,{},"{""origins"":[],""nationalUses"":[],""derivations"":[""Ngar weapon + Jor burst or discharge""],""variants"":[{""form"":""Ngarajor"",""pronunciation"":""/n-gah-rah-johr/""}]}",Defense and Weapons 1,Ngar weapon + Jor burst or discharge,,,Ngarajor,/n-gah-rah-johr/
ngarzhel,Ngarzhel,/n-gahr-zhehl/,Noun: Energy weapon; a weapon that directs electrical magical kinetic radiant or comparable non-material energy,ngarzhel energy weapon; a weapon that directs electrical magical kinetic radiant or comparable non-material energy noun   ngar weapon + zhel spark energy or charge   ngarazhel  noun: energy weapon; a weapon that directs electrical magical kinetic radiant or comparable non-material energy,,LX-DW1-0008,{},"{""origins"":[],""nationalUses"":[],""derivations"":[""Ngar weapon + Zhel spark energy or charge""],""variants"":[{""form"":""Ngarazhel"",""pronunciation"":""/n-gah-rah-zhehl/""}]}",Defense and Weapons 1,Ngar weapon + Zhel spark energy or charge,,,Ngarazhel,/n-gah-rah-zhehl/
ngarvek,Ngarvek,/n-gahr-vehk/,Noun: Ammunition or firing charge; a consumable projectile cartridge charge or stored firing unit loaded or supplied to a weapon,ngarvek ammunition or firing charge; a consumable projectile cartridge charge or stored firing unit loaded or supplied to a weapon noun   ngar weapon + vek carried charge or substance   ngaravek  noun: ammunition or firing charge; a consumable projectile cartridge charge or stored firing unit loaded or supplied to a weapon,,LX-DW1-0009,{},"{""origins"":[],""nationalUses"":[],""derivations"":[""Ngar weapon + Vek carried charge or substance""],""variants"":[{""form"":""Ngaravek"",""pronunciation"":""/n-gah-rah-vehk/""}]}",Defense and Weapons 1,Ngar weapon + Vek carried charge or substance,,,Ngaravek,/n-gah-rah-vehk/
welarth,Welarth,/wehl-ahrth/,Noun: Militia; a locally organized body of community members or citizens trained and available for collective defense commonly alongside ordinary civilian work,welarth militia; a locally organized body of community members or citizens trained and available for collective defense commonly alongside ordinary civilian work noun   wel community or shared action + arth defense     noun: militia; a locally organized body of community members or citizens trained and available for collective defense commonly alongside ordinary civilian work,,LX-OC1-0001,{},"{""origins"":[],""nationalUses"":[],""derivations"":[""Wel community or shared action + Arth defense""],""variants"":[]}",Organized Conflict 1,Wel community or shared action + Arth defense,,,,
ngarwel,Ngarwel,/n-gahr-wehl/,Noun: Army or armed force; a formally organized body trained equipped and commanded for sustained armed operations,ngarwel army or armed force; a formally organized body trained equipped and commanded for sustained armed operations noun   ngar weapon + wel organized collective   ngarawel  noun: army or armed force; a formally organized body trained equipped and commanded for sustained armed operations,,LX-OC1-0002,{},"{""origins"":[],""nationalUses"":[],""derivations"":[""Ngar weapon + Wel organized collective""],""variants"":[{""form"":""Ngarawel"",""pronunciation"":""/n-gah-rah-wehl/""}]}",Organized Conflict 1,Ngar weapon + Wel organized collective,,,Ngarawel,/n-gah-rah-wehl/
kesvar,Kesvar,/kehs-vahr/,Noun: Patrol; an organized watch journey repeatedly made through an area to observe warn deter danger or maintain security; also the group making that journey,kesvar patrol; an organized watch journey repeatedly made through an area to observe warn deter danger or maintain security; also the group making that journey noun   kes attention or noticing + var purposeful movement   kesavar  noun: patrol; an organized watch journey repeatedly made through an area to observe warn deter danger or maintain security; also the group making that journey,,LX-OC1-0003,{},"{""origins"":[],""nationalUses"":[],""derivations"":[""Kes attention or noticing + Var purposeful movement""],""variants"":[{""form"":""Kesavar"",""pronunciation"":""/keh-sah-vahr/""}]}",Organized Conflict 1,Kes attention or noticing + Var purposeful movement,,,Kesavar,/keh-sah-vahr/
xarkaleth,Xarkaleth,/xahr-kah-leth/,Noun: Siege; a sustained operation that encloses isolates or denies passage and supplies to a fortified place in order to compel surrender,xarkaleth siege; a sustained operation that encloses isolates or denies passage and supplies to a fortified place in order to compel surrender noun   xar covering or enclosure + kaleth fortress or stronghold     noun: siege; a sustained operation that encloses isolates or denies passage and supplies to a fortified place in order to compel surrender,,LX-OC1-0004,{},"{""origins"":[],""nationalUses"":[],""derivations"":[""Xar covering or enclosure + Kaleth fortress or stronghold""],""variants"":[]}",Organized Conflict 1,Xar covering or enclosure + Kaleth fortress or stronghold,,,,
vethbel,Vethbel,/vehth-behl/,Noun: Trap; a concealed or prepared device placement or situation intended to capture restrain injure or disable,vethbel trap; a concealed or prepared device placement or situation intended to capture restrain injure or disable noun   veth hidden or unseen + bel binding or restraint   vethabel  noun: trap; a concealed or prepared device placement or situation intended to capture restrain injure or disable,,LX-OC1-0005,{},"{""origins"":[],""nationalUses"":[],""derivations"":[""Veth hidden or unseen + Bel binding or restraint""],""variants"":[{""form"":""Vethabel"",""pronunciation"":""/veh-thah-behl/""}]}",Organized Conflict 1,Veth hidden or unseen + Bel binding or restraint,,,Vethabel,/veh-thah-behl/
lorpel,Lorpel,/lohr-pehl/,Noun: Target; a person place object or point deliberately selected as the focus of observation pursuit action or attack,lorpel target; a person place object or point deliberately selected as the focus of observation pursuit action or attack noun   lor directed focus or sightline + pel precise point   lorapel  noun: target; a person place object or point deliberately selected as the focus of observation pursuit action or attack,,LX-OC1-0006,{},"{""origins"":[],""nationalUses"":[],""derivations"":[""Lor directed focus or sightline + Pel precise point""],""variants"":[{""form"":""Lorapel"",""pronunciation"":""/loh-rah-pehl/""}]}",Organized Conflict 1,Lor directed focus or sightline + Pel precise point,,,Lorapel,/loh-rah-pehl/
lorpelaen,Lorpelaen,/lohr-peh-lah-ehn/,Verb: To aim; to align one's attention body tool weapon or projected action toward an intended target,lorpelaen to aim; to align one's attention body tool weapon or projected action toward an intended target verb   lorpel target + -aen verb     verb: to aim; to align one's attention body tool weapon or projected action toward an intended target,,LX-OC1-0007,{},"{""origins"":[],""nationalUses"":[],""derivations"":[""Lorpel target + -aen verb""],""variants"":[]}",Organized Conflict 1,Lorpel target + -aen verb,,,,
ngarjoraen,Ngarjoraen,/n-gahr-johr-ah-ehn/,Verb: To shoot or fire; to launch a projectile or directed discharge from a weapon,ngarjoraen to shoot or fire; to launch a projectile or directed discharge from a weapon verb   ngar weapon + jor burst or release + -aen verb   ngarajoraen  verb: to shoot or fire; to launch a projectile or directed discharge from a weapon,,LX-OC1-0008,{},"{""origins"":[],""nationalUses"":[],""derivations"":[""Ngar weapon + Jor burst or release + -aen verb""],""variants"":[{""form"":""Ngarajoraen"",""pronunciation"":""/n-gah-rah-johr-ah-ehn/""}]}",Organized Conflict 1,Ngar weapon + Jor burst or release + -aen verb,,,Ngarajoraen,/n-gah-rah-johr-ah-ehn/
arthkaraen,Arthkaraen,/ahrth-kahr-ah-ehn/,Verb: To block or parry; to intercept stop or turn aside an incoming strike projectile or directed attack,arthkaraen to block or parry; to intercept stop or turn aside an incoming strike projectile or directed attack verb   arth defense + kar strike or applied force + -aen verb   arthakaraen  verb: to block or parry; to intercept stop or turn aside an incoming strike projectile or directed attack,,LX-OC1-0009,{},"{""origins"":[],""nationalUses"":[],""derivations"":[""Arth defense + Kar strike or applied force + -aen verb""],""variants"":[{""form"":""Arthakaraen"",""pronunciation"":""/ahr-thah-kahr-ah-ehn/""}]}",Organized Conflict 1,Arth defense + Kar strike or applied force + -aen verb,,,Arthakaraen,/ahr-thah-kahr-ah-ehn/
vethvaraen,Vethvaraen,/vehth-vahr-ah-ehn/,Verb: To retreat or withdraw from danger or combat while preserving purposeful movement cohesion or the possibility of continued action,vethvaraen to retreat or withdraw from danger or combat while preserving purposeful movement cohesion or the possibility of continued action verb   vethvar behind or toward the rear + -aen verb   vethavaraen  verb: to retreat or withdraw from danger or combat while preserving purposeful movement cohesion or the possibility of continued action,,LX-OC1-0010,{},"{""origins"":[],""nationalUses"":[],""derivations"":[""Vethvar behind or toward the rear + -aen verb""],""variants"":[{""form"":""Vethavaraen"",""pronunciation"":""/veh-thah-vahr-ah-ehn/""}]}",Organized Conflict 1,Vethvar behind or toward the rear + -aen verb,,,Vethavaraen,/veh-thah-vahr-ah-ehn/
kaarthaen,Kaarthaen,/kah-ahr-thah-ehn/,Verb: To surrender; to cease resistance and submit oneself or one's force to an opposing authority or power,kaarthaen to surrender; to cease resistance and submit oneself or one's force to an opposing authority or power verb   ka cessation or without-state + arth defense or resistance + -aen verb     verb: to surrender; to cease resistance and submit oneself or one's force to an opposing authority or power,,LX-OC1-0011,{},"{""origins"":[],""nationalUses"":[],""derivations"":[""Ka cessation or without-state + Arth defense or resistance + -aen verb""],""variants"":[]}",Organized Conflict 1,Ka cessation or without-state + Arth defense or resistance + -aen verb,,,,
mavmor,Mavmor,/mahv-mohr/,Noun: Poison or toxin; a substance that disrupts bodily function or causes illness injury or death through ingestion contact inhalation or injection,mavmor poison or toxin; a substance that disrupts bodily function or causes illness injury or death through ingestion contact inhalation or injection noun   mav bodily illness + mor physical substance   mavamor  noun: poison or toxin; a substance that disrupts bodily function or causes illness injury or death through ingestion contact inhalation or injection,,LX-OC1-0012,{},"{""origins"":[],""nationalUses"":[],""derivations"":[""Mav bodily illness + Mor physical substance""],""variants"":[{""form"":""Mavamor"",""pronunciation"":""/mah-vah-mohr/""}]}",Organized Conflict 1,Mav bodily illness + Mor physical substance,,,Mavamor,/mah-vah-mohr/
rathnor,Rathnor,/rahth-nor/,Noun: War; sustained organized armed conflict between political communities states peoples or major factions,rathnor war; sustained organized armed conflict between political communities states peoples or major factions noun   rath hostile opposition or foe + nor continuing time or event duration   rathanor  noun: war; sustained organized armed conflict between political communities states peoples or major factions,,LX-OC1-0013,{},"{""origins"":[],""nationalUses"":[],""derivations"":[""Rath hostile opposition or foe + Nor continuing time or event duration""],""variants"":[{""form"":""Rathanor"",""pronunciation"":""/rah-thah-nor/""}]}",Organized Conflict 1,Rath hostile opposition or foe + Nor continuing time or event duration,,,Rathanor,/rah-thah-nor/
rathjor,Rathjor,/rahth-johr/,Noun: Battle; a bounded armed encounter or major clash usually occurring within a larger war or campaign,rathjor battle; a bounded armed encounter or major clash usually occurring within a larger war or campaign noun   rath hostile opposition + jor forceful surge or clash   rathajor  noun: battle; a bounded armed encounter or major clash usually occurring within a larger war or campaign,,LX-OC1-0014,{},"{""origins"":[],""nationalUses"":[],""derivations"":[""Rath hostile opposition + Jor forceful surge or clash""],""variants"":[{""form"":""Rathajor"",""pronunciation"":""/rah-thah-johr/""}]}",Organized Conflict 1,Rath hostile opposition + Jor forceful surge or clash,,,Rathajor,/rah-thah-johr/
tlamor,Tlamor,/tlah-mohr/,Noun: Sex; sexual activity or intercourse involving bodily intimacy without specifying participants relationship purpose or gender,tlamor sex; sexual activity or intercourse involving bodily intimacy without specifying participants relationship purpose or gender noun   tla intimacy or close connection + mor physical embodiment or matter     noun: sex; sexual activity or intercourse involving bodily intimacy without specifying participants relationship purpose or gender,,LX-SBD1-0001,{},"{""origins"":[],""nationalUses"":[],""derivations"":[""Tla intimacy or close connection + Mor physical embodiment or matter""],""variants"":[]}","Sex, Birth, and Death 1",Tla intimacy or close connection + Mor physical embodiment or matter,,,,
tlamoraen,Tlamoraen,/tlah-moh-rah-ehn/,Verb: To have sex or engage in sexual activity,tlamoraen to have sex or engage in sexual activity verb   tlamor sex + -aen verb     verb: to have sex or engage in sexual activity,,LX-SBD1-0002,{},"{""origins"":[],""nationalUses"":[],""derivations"":[""Tlamor sex + -aen verb""],""variants"":[]}","Sex, Birth, and Death 1",Tlamor sex + -aen verb,,,,
tlamoreth,Tlamoreth,/tlah-moh-rehth/,Adjective: Sexual; pertaining to sexual activity or its bodily functions,tlamoreth sexual; pertaining to sexual activity or its bodily functions adjective   tlamor sex + -eth adjective     adjective: sexual; pertaining to sexual activity or its bodily functions,,LX-SBD1-0003,{},"{""origins"":[],""nationalUses"":[],""derivations"":[""Tlamor sex + -eth adjective""],""variants"":[]}","Sex, Birth, and Death 1",Tlamor sex + -eth adjective,,,,
shalbal,Shalbal,/shahl-bahl/,Noun: Birth; the emergence of a living being from pregnancy an egg a pod or comparable development into independent life,shalbal birth; the emergence of a living being from pregnancy an egg a pod or comparable development into independent life noun   shal life or beginning + bal budding growth   shalabal  noun: birth; the emergence of a living being from pregnancy an egg a pod or comparable development into independent life,,LX-SBD1-0004,{},"{""origins"":[],""nationalUses"":[],""derivations"":[""Shal life or beginning + Bal budding growth""],""variants"":[{""form"":""Shalabal"",""pronunciation"":""/shah-lah-bahl/""}]}","Sex, Birth, and Death 1",Shal life or beginning + Bal budding growth,,,Shalabal,/shah-lah-bahl/
shalbalaen,Shalbalaen,/shahl-bah-lah-ehn/,Verb: To give birth or bring a developing living being into independent life; the passive form means to be born,shalbalaen to give birth or bring a developing living being into independent life; the passive form means to be born verb   shalbal birth + -aen verb     verb: to give birth or bring a developing living being into independent life; the passive form means to be born,,LX-SBD1-0005,{},"{""origins"":[],""nationalUses"":[],""derivations"":[""Shalbal birth + -aen verb""],""variants"":[]}","Sex, Birth, and Death 1",Shalbal birth + -aen verb,,,,
shalbaleth,Shalbaleth,/shahl-bah-lehth/,Adjective: Newborn or newly born; having very recently emerged into independent life,shalbaleth newborn or newly born; having very recently emerged into independent life adjective   shalbal birth + -eth adjective   shalabaleth  adjective: newborn or newly born; having very recently emerged into independent life,,LX-SBD1-0006,{},"{""origins"":[],""nationalUses"":[],""derivations"":[""Shalbal birth + -eth adjective""],""variants"":[{""form"":""Shalabaleth"",""pronunciation"":""/shah-lah-bah-lehth/""}]}","Sex, Birth, and Death 1",Shalbal birth + -eth adjective,,,Shalabaleth,/shah-lah-bah-lehth/
duma,Duma,/doo-mah/,Noun: Death; the irreversible end of a living being's bodily life without by itself determining what happens to soul identity or memory,duma death; the irreversible end of a living being's bodily life without by itself determining what happens to soul identity or memory noun        noun: death; the irreversible end of a living being's bodily life without by itself determining what happens to soul identity or memory,Yes,LX-SBD1-0007; XR-duma,{},null,"Sex, Birth, and Death 1",,,,,
dumaen,Dumaen,/doo-mah-ehn/,Verb: To die; to undergo the irreversible end of bodily life,dumaen to die; to undergo the irreversible end of bodily life verb   duma death + -aen verb     verb: to die; to undergo the irreversible end of bodily life,,LX-SBD1-0008,{},"{""origins"":[],""nationalUses"":[],""derivations"":[""Duma death + -aen verb""],""variants"":[]}","Sex, Birth, and Death 1",Duma death + -aen verb,,,,
dumeth,Dumeth,/doo-mehth/,Adjective: Dead or deceased; no longer bodily alive,dumeth dead or deceased; no longer bodily alive adjective   duma death + -eth adjective     adjective: dead or deceased; no longer bodily alive,,LX-SBD1-0009,{},"{""origins"":[],""nationalUses"":[],""derivations"":[""Duma death + -eth adjective""],""variants"":[]}","Sex, Birth, and Death 1",Duma death + -eth adjective,,,,
sel,Sel,/sehl/,Noun: Mental clarity; an unobscured and internally ordered state of thought without implying truth evidence or correctness ; Noun: Physical clarity; purity; absence of grime,"sel mental clarity; an unobscured and internally ordered state of thought without implying truth evidence or correctness noun       sel physical clarity; purity; absence of grime root root family evidence: selineth builds words for cleanliness, purity, transparency, and physically clear states.      noun: mental clarity; an unobscured and internally ordered state of thought without implying truth evidence or correctness ; noun: physical clarity; purity; absence of grime",Yes,LX-SCP1-0006; XR-sel,"{""showRootSense"":true}",null,Semantic Continuity and Polysemy 1,,,,,
dov,Dov,/dohv/,Noun: Play or recreation undertaken primarily for enjoyment,dov play or recreation undertaken primarily for enjoyment noun        noun: play or recreation undertaken primarily for enjoyment,Yes,LX-RC1-0001; XR-dov,{},null,Recreation and Competition 1,,,,,
dovaen,Dovaen,/doh-vah-ehn/,Verb: To play or engage in recreation,dovaen to play or engage in recreation verb   dov play or recreation + -aen verb     verb: to play or engage in recreation,,LX-RC1-0002,{},"{""origins"":[],""nationalUses"":[],""derivations"":[""Dov play or recreation + -aen verb""],""variants"":[]}",Recreation and Competition 1,Dov play or recreation + -aen verb,,,,
dovath,Dovath,/doh-vahth/,Noun: A game; a bounded form of play with recognized rules or goals,dovath a game; a bounded form of play with recognized rules or goals noun   dov play + ath established or bounded completed form     noun: a game; a bounded form of play with recognized rules or goals,,LX-RC1-0003,{},"{""origins"":[],""nationalUses"":[],""derivations"":[""Dov play + Ath established or bounded completed form""],""variants"":[]}",Recreation and Competition 1,Dov play + Ath established or bounded completed form,,,,
dovin,Dovin,/doh-veen/,Noun: A player participating in play or a game,dovin a player participating in play or a game noun   dov play + -in participant relation     noun: a player participating in play or a game,,LX-RC1-0004,{},"{""origins"":[],""nationalUses"":[],""derivations"":[""Dov play + -in participant relation""],""variants"":[]}",Recreation and Competition 1,Dov play + -in participant relation,,,,
kaldov,Kaldov,/kahl-dohv/,Noun: A sport; physically demanding or trained skill-based play,kaldov a sport; physically demanding or trained skill-based play noun   kal physical power or trained ability + dov play     noun: a sport; physically demanding or trained skill-based play,,LX-RC1-0005,{},"{""origins"":[],""nationalUses"":[],""derivations"":[""Kal physical power or trained ability + Dov play""],""variants"":[]}",Recreation and Competition 1,Kal physical power or trained ability + Dov play,,,,
nak,Nak,/nahk/,Noun: Competition; organized striving whose outcomes are compared,nak competition; organized striving whose outcomes are compared noun        noun: competition; organized striving whose outcomes are compared,Yes,LX-RC1-0006; XR-nak,{},null,Recreation and Competition 1,,,,,
nakaen,Nakaen,/nah-kah-ehn/,Verb: To compete,nakaen to compete verb   nak competition + -aen verb     verb: to compete,,LX-RC1-0007,{},"{""origins"":[],""nationalUses"":[],""derivations"":[""Nak competition + -aen verb""],""variants"":[]}",Recreation and Competition 1,Nak competition + -aen verb,,,,
nakin,Nakin,/nah-keen/,Noun: Competitor or contestant,nakin competitor or contestant noun   nak competition + -in participant relation     noun: competitor or contestant,,LX-RC1-0008,{},"{""origins"":[],""nationalUses"":[],""derivations"":[""Nak competition + -in participant relation""],""variants"":[]}",Recreation and Competition 1,Nak competition + -in participant relation,,,,
sivvok,Sivvok,/seev-vohk/,Noun: A team; people joined around one shared effort or goal,sivvok a team; people joined around one shared effort or goal noun   siv directed effort + vok unity or bond   sivavok  noun: a team; people joined around one shared effort or goal,,LX-RC1-0009,{},"{""origins"":[],""nationalUses"":[],""derivations"":[""Siv directed effort + Vok unity or bond""],""variants"":[{""form"":""Sivavok"",""pronunciation"":""/see-vah-vohk/""}]}",Recreation and Competition 1,Siv directed effort + Vok unity or bond,,,Sivavok,/see-vah-vohk/
thalnakin,Thalnakin,/thahl-nah-keen/,Noun: An opponent; the competitor serving as one's balancing counterpart,thalnakin an opponent; the competitor serving as one's balancing counterpart noun   thal reciprocal balance + nakin competitor     noun: an opponent; the competitor serving as one's balancing counterpart,,LX-RC1-0010,{},"{""origins"":[],""nationalUses"":[],""derivations"":[""Thal reciprocal balance + Nakin competitor""],""variants"":[]}",Recreation and Competition 1,Thal reciprocal balance + Nakin competitor,,,,
nakshara,Nakshara,/nahk-shah-rah/,Noun: A rule or agreed course governing a game or competition,nakshara a rule or agreed course governing a game or competition noun   nak competition + shara ordered path or course   nakashara  noun: a rule or agreed course governing a game or competition,,LX-RC1-0011,{},"{""origins"":[],""nationalUses"":[],""derivations"":[""Nak competition + Shara ordered path or course""],""variants"":[{""form"":""Nakashara"",""pronunciation"":""/nah-kah-shah-rah/""}]}",Recreation and Competition 1,Nak competition + Shara ordered path or course,,,Nakashara,/nah-kah-shah-rah/
naklorral,Naklorral,/nahk-lohr-rahl/,Noun: Referee or competition judge entrusted to guide and assess fair play,naklorral referee or competition judge entrusted to guide and assess fair play noun   nak competition + lor guidance + ral entrusted practiced role   nakalorral  noun: referee or competition judge entrusted to guide and assess fair play,,LX-RC1-0012,{},"{""origins"":[],""nationalUses"":[],""derivations"":[""Nak competition + Lor guidance + Ral entrusted practiced role""],""variants"":[{""form"":""Nakalorral"",""pronunciation"":""/nah-kah-lohr-rahl/""}]}",Recreation and Competition 1,Nak competition + Lor guidance + Ral entrusted practiced role,,,Nakalorral,/nah-kah-lohr-rahl/
naktal,Naktal,/nahk-tahl/,Noun: Prize or reward awarded through competition,naktal prize or reward awarded through competition noun   nak competition + tal offering or transfer   nakatal  noun: prize or reward awarded through competition,,LX-RC1-0013,{},"{""origins"":[],""nationalUses"":[],""derivations"":[""Nak competition + Tal offering or transfer""],""variants"":[{""form"":""Nakatal"",""pronunciation"":""/nah-kah-tahl/""}]}",Recreation and Competition 1,Nak competition + Tal offering or transfer,,,Nakatal,/nah-kah-tahl/
shalnak,Shalnak,/shahl-nahk/,Noun: Victory or a competitive win,shalnak victory or a competitive win noun   shal forward or light-facing position + nak competition     noun: victory or a competitive win,,LX-RC1-0014,{},"{""origins"":[],""nationalUses"":[],""derivations"":[""Shal forward or light-facing position + Nak competition""],""variants"":[]}",Recreation and Competition 1,Shal forward or light-facing position + Nak competition,,,,
shalnakaen,Shalnakaen,/shahl-nah-kah-ehn/,Verb: To win a competition,shalnakaen to win a competition verb   shalnak victory + -aen verb     verb: to win a competition,,LX-RC1-0015,{},"{""origins"":[],""nationalUses"":[],""derivations"":[""Shalnak victory + -aen verb""],""variants"":[]}",Recreation and Competition 1,Shalnak victory + -aen verb,,,,
vethnak,Vethnak,/vehth-nahk/,Noun: Defeat or competitive loss,vethnak defeat or competitive loss noun   veth behind or shaded position + nak competition   vethanak  noun: defeat or competitive loss,,LX-RC1-0016,{},"{""origins"":[],""nationalUses"":[],""derivations"":[""Veth behind or shaded position + Nak competition""],""variants"":[{""form"":""Vethanak"",""pronunciation"":""/veh-thah-nahk/""}]}",Recreation and Competition 1,Veth behind or shaded position + Nak competition,,,Vethanak,/veh-thah-nahk/
vethnakaen,Vethnakaen,/vehth-nah-kah-ehn/,Verb: To lose a competition,vethnakaen to lose a competition verb   vethnak defeat + -aen verb   vethanakaen  verb: to lose a competition,,LX-RC1-0017,{},"{""origins"":[],""nationalUses"":[],""derivations"":[""Vethnak defeat + -aen verb""],""variants"":[{""form"":""Vethanakaen"",""pronunciation"":""/veh-thah-nah-kah-ehn/""}]}",Recreation and Competition 1,Vethnak defeat + -aen verb,,,Vethanakaen,/veh-thah-nah-kah-ehn/
thalnak,Thalnak,/thahl-nahk/,Noun: A tie or draw; a competitively balanced result,thalnak a tie or draw; a competitively balanced result noun   thal equilibrium + nak competition     noun: a tie or draw; a competitively balanced result,,LX-RC1-0018,{},"{""origins"":[],""nationalUses"":[],""derivations"":[""Thal equilibrium + Nak competition""],""variants"":[]}",Recreation and Competition 1,Thal equilibrium + Nak competition,,,,
jornak,Jornak,/johr-nahk/,Noun: A race; competition determined primarily by speed,jornak a race; competition determined primarily by speed noun   jor energetic surge or speed + nak competition     noun: a race; competition determined primarily by speed,,LX-RC1-0019,{},"{""origins"":[],""nationalUses"":[],""derivations"":[""Jor energetic surge or speed + Nak competition""],""variants"":[]}",Recreation and Competition 1,Jor energetic surge or speed + Nak competition,,,,
jornakaen,Jornakaen,/johr-nah-kah-ehn/,Verb: To race or compete for speed,jornakaen to race or compete for speed verb   jornak race + -aen verb     verb: to race or compete for speed,,LX-RC1-0020,{},"{""origins"":[],""nationalUses"":[],""derivations"":[""Jornak race + -aen verb""],""variants"":[]}",Recreation and Competition 1,Jornak race + -aen verb,,,,
trakshalilaen,Trakshalilaen,/trahk-shah-leel-ah-ehn/,Verb: To skate; to glide using foot-worn runners wheels or comparable low-friction equipment,trakshalilaen to skate; to glide using foot-worn runners wheels or comparable low-friction equipment verb   trak foot-borne movement + established shalil flowing lightly + -aen verb   trakashalilaen  verb: to skate; to glide using foot-worn runners wheels or comparable low-friction equipment,,LX-RC1-0021,{},"{""origins"":[],""nationalUses"":[],""derivations"":[""Trak foot-borne movement + established Shalil flowing lightly + -aen verb""],""variants"":[{""form"":""Trakashalilaen"",""pronunciation"":""/trah-kah-shah-leel-ah-ehn/""}]}",Recreation and Competition 1,Trak foot-borne movement + established Shalil flowing lightly + -aen verb,,,Trakashalilaen,/trah-kah-shah-leel-ah-ehn/
mahrshalilaen,Mahrshalilaen,/mahr-shah-leel-ah-ehn/,Verb: To surf or current-glide across moving water using a board glider or body control,mahrshalilaen to surf or current-glide across moving water using a board glider or body control verb   mahr sea or ocean + established shalil flowing lightly + -aen verb   mahrashalilaen  verb: to surf or current-glide across moving water using a board glider or body control,,LX-RC1-0022,{},"{""origins"":[],""nationalUses"":[],""derivations"":[""Mahr sea or ocean + established Shalil flowing lightly + -aen verb""],""variants"":[{""form"":""Mahrashalilaen"",""pronunciation"":""/mah-rah-shah-leel-ah-ehn/""}]}",Recreation and Competition 1,Mahr sea or ocean + established Shalil flowing lightly + -aen verb,,,Mahrashalilaen,/mah-rah-shah-leel-ah-ehn/
aennor,Aennor,/ah-ehn-nohr/,Noun: Music; intentionally organized sound unfolding through time,aennor music; intentionally organized sound unfolding through time noun   canonical aen sound or breath + nor time     noun: music; intentionally organized sound unfolding through time,,LX-PSAC1-0001,{},"{""origins"":[],""nationalUses"":[],""derivations"":[""Canonical Aen sound or breath + Nor time""],""variants"":[]}","Performance, Story Arts, and Celebration 1",Canonical Aen sound or breath + Nor time,,,,
aennoraen,Aennoraen,/ah-ehn-noh-rah-ehn/,Verb: To make play or perform music,aennoraen to make play or perform music verb   aennor music + -aen verb     verb: to make play or perform music,,LX-PSAC1-0002,{},"{""origins"":[],""nationalUses"":[],""derivations"":[""Aennor music + -aen verb""],""variants"":[]}","Performance, Story Arts, and Celebration 1",Aennor music + -aen verb,,,,
aennorral,Aennorral,/ah-ehn-nohr-rahl/,Noun: Musician; a person with a practiced role making or performing music,aennorral musician; a person with a practiced role making or performing music noun   aennor music + ral practiced role     noun: musician; a person with a practiced role making or performing music,,LX-PSAC1-0003,{},"{""origins"":[],""nationalUses"":[],""derivations"":[""Aennor music + Ral practiced role""],""variants"":[]}","Performance, Story Arts, and Celebration 1",Aennor music + Ral practiced role,,,,
thael,Thael,/thah-ehl/,Noun: Rhythm or beat; a recurring pattern of pulse sound or movement ; Adjective: Gentle motion; breeze-like rhythm,"thael rhythm or beat; a recurring pattern of pulse sound or movement noun       thael gentle motion; breeze-like rhythm root root family evidence: eshthael, velthaelvok builds words for breeze, gentle motion, rhythmic flow, and soft moving air.      noun: rhythm or beat; a recurring pattern of pulse sound or movement ; adjective: gentle motion; breeze-like rhythm",Yes,LX-PSAC1-0004; XR-thael,"{""showRootSense"":true}",null,"Performance, Story Arts, and Celebration 1",,,,,
aenthael,Aenthael,/ah-ehn-thah-ehl/,Noun: A song; a bounded vocal or musical composition organized by rhythm,aenthael a song; a bounded vocal or musical composition organized by rhythm noun   aen voice or sound + thael rhythm     noun: a song; a bounded vocal or musical composition organized by rhythm,,LX-PSAC1-0005,{},"{""origins"":[],""nationalUses"":[],""derivations"":[""Aen voice or sound + Thael rhythm""],""variants"":[]}","Performance, Story Arts, and Celebration 1",Aen voice or sound + Thael rhythm,,,,
aenthaelaen,Aenthaelaen,/ah-ehn-thah-ehl-ah-ehn/,Verb: To sing,aenthaelaen to sing verb   aenthael song + -aen verb     verb: to sing,,LX-PSAC1-0006,{},"{""origins"":[],""nationalUses"":[],""derivations"":[""Aenthael song + -aen verb""],""variants"":[]}","Performance, Story Arts, and Celebration 1",Aenthael song + -aen verb,,,,
aenthaelral,Aenthaelral,/ah-ehn-thah-ehl-rahl/,Noun: Singer; a person with a practiced singing role,aenthaelral singer; a person with a practiced singing role noun   aenthael song + ral practiced role   aenthaelaral  noun: singer; a person with a practiced singing role,,LX-PSAC1-0007,{},"{""origins"":[],""nationalUses"":[],""derivations"":[""Aenthael song + Ral practiced role""],""variants"":[{""form"":""Aenthaelaral"",""pronunciation"":""/ah-ehn-thah-ehl-ah-rahl/""}]}","Performance, Story Arts, and Celebration 1",Aenthael song + Ral practiced role,,,Aenthaelaral,/ah-ehn-thah-ehl-ah-rahl/
welaenthael,Welaenthael,/wehl-ah-ehn-thah-ehl/,Noun: Chorus; coordinated group singing or the group singing together,welaenthael chorus; coordinated group singing or the group singing together noun   wel communal flow + aenthael song     noun: chorus; coordinated group singing or the group singing together,,LX-PSAC1-0008,{},"{""origins"":[],""nationalUses"":[],""derivations"":[""Wel communal flow + Aenthael song""],""variants"":[]}","Performance, Story Arts, and Celebration 1",Wel communal flow + Aenthael song,,,,
karthael,Karthael,/kahr-thah-ehl/,Noun: Drum or percussion instrument sounded through rhythmic striking,karthael drum or percussion instrument sounded through rhythmic striking noun   kar striking action + thael rhythm   karathael  noun: drum or percussion instrument sounded through rhythmic striking,,LX-PSAC1-0009,{},"{""origins"":[],""nationalUses"":[],""derivations"":[""Kar striking action + Thael rhythm""],""variants"":[{""form"":""Karathael"",""pronunciation"":""/kah-rah-thah-ehl/""}]}","Performance, Story Arts, and Celebration 1",Kar striking action + Thael rhythm,,,Karathael,/kah-rah-thah-ehl/
karthaelaen,Karthaelaen,/kahr-thah-ehl-ah-ehn/,Verb: To drum or produce rhythm through repeated striking,karthaelaen to drum or produce rhythm through repeated striking verb   karthael drum + -aen verb   karathaelaen  verb: to drum or produce rhythm through repeated striking,,LX-PSAC1-0010,{},"{""origins"":[],""nationalUses"":[],""derivations"":[""Karthael drum + -aen verb""],""variants"":[{""form"":""Karathaelaen"",""pronunciation"":""/kah-rah-thah-ehl-ah-ehn/""}]}","Performance, Story Arts, and Celebration 1",Karthael drum + -aen verb,,,Karathaelaen,/kah-rah-thah-ehl-ah-ehn/
karthaelral,Karthaelral,/kahr-thah-ehl-rahl/,Noun: Drummer or practiced percussionist,karthaelral drummer or practiced percussionist noun   karthael drum + ral practiced role   karathaelaral  noun: drummer or practiced percussionist,,LX-PSAC1-0011,{},"{""origins"":[],""nationalUses"":[],""derivations"":[""Karthael drum + Ral practiced role""],""variants"":[{""form"":""Karathaelaral"",""pronunciation"":""/kah-rah-thah-ehl-ah-rahl/""}]}","Performance, Story Arts, and Celebration 1",Karthael drum + Ral practiced role,,,Karathaelaral,/kah-rah-thah-ehl-ah-rahl/
thaelaen,Thaelaen,/thah-ehl-ah-ehn/,Verb: To dance; to move the body in deliberate rhythm,thaelaen to dance; to move the body in deliberate rhythm verb   thael rhythm or patterned movement + -aen verb     verb: to dance; to move the body in deliberate rhythm,,LX-PSAC1-0012,{},"{""origins"":[],""nationalUses"":[],""derivations"":[""Thael rhythm or patterned movement + -aen verb""],""variants"":[]}","Performance, Story Arts, and Celebration 1",Thael rhythm or patterned movement + -aen verb,,,,
thaelral,Thaelral,/thah-ehl-rahl/,Noun: Dancer; a person with a practiced dancing role,thaelral dancer; a person with a practiced dancing role noun   thael rhythm or dance + ral practiced role   thaelaral  noun: dancer; a person with a practiced dancing role,,LX-PSAC1-0013,{},"{""origins"":[],""nationalUses"":[],""derivations"":[""Thael rhythm or dance + Ral practiced role""],""variants"":[{""form"":""Thaelaral"",""pronunciation"":""/thah-ehl-ah-rahl/""}]}","Performance, Story Arts, and Celebration 1",Thael rhythm or dance + Ral practiced role,,,Thaelaral,/thah-ehl-ah-rahl/
aenzhir,Aenzhir,/ah-ehn-zheer/,Noun: Melody or musical line; a connected path of sound through time,aenzhir melody or musical line; a connected path of sound through time noun   aen sound + zhir connected thread through time     noun: melody or musical line; a connected path of sound through time,,LX-PSAC1-0014,{},"{""origins"":[],""nationalUses"":[],""derivations"":[""Aen sound + Zhir connected thread through time""],""variants"":[]}","Performance, Story Arts, and Celebration 1",Aen sound + Zhir connected thread through time,,,,
zhirkel,Zhirkel,/zheer-kehl/,Noun: Story tale or narrative; connected words carrying events through sequence,zhirkel story tale or narrative; connected words carrying events through sequence noun   zhir continuity through time + kel word or text     noun: story tale or narrative; connected words carrying events through sequence,,LX-PSAC1-0015,{},"{""origins"":[],""nationalUses"":[],""derivations"":[""Zhir continuity through time + Kel word or text""],""variants"":[]}","Performance, Story Arts, and Celebration 1",Zhir continuity through time + Kel word or text,,,,
zhirkelral,Zhirkelral,/zheer-kehl-rahl/,Noun: Storyteller; a practiced teller or keeper of narratives,zhirkelral storyteller; a practiced teller or keeper of narratives noun   zhirkel story + ral practiced role   zhirkelaral  noun: storyteller; a practiced teller or keeper of narratives,,LX-PSAC1-0016,{},"{""origins"":[],""nationalUses"":[],""derivations"":[""Zhirkel story + Ral practiced role""],""variants"":[{""form"":""Zhirkelaral"",""pronunciation"":""/zheer-kehl-ah-rahl/""}]}","Performance, Story Arts, and Celebration 1",Zhirkel story + Ral practiced role,,,Zhirkelaral,/zheer-kehl-ah-rahl/
rinpral,Rinpral,/reen-prahl/,Noun: Art or an artwork; deliberate expressive making that gives perceptible form to inner essence,rinpral art or an artwork; deliberate expressive making that gives perceptible form to inner essence noun   rin inner essence + pral skilled detailed making     noun: art or an artwork; deliberate expressive making that gives perceptible form to inner essence,,LX-PSAC1-0017,{},"{""origins"":[],""nationalUses"":[],""derivations"":[""Rin inner essence + Pral skilled detailed making""],""variants"":[]}","Performance, Story Arts, and Celebration 1",Rin inner essence + Pral skilled detailed making,,,,
rinpralral,Rinpralral,/reen-prahl-rahl/,Noun: Artist; a practiced maker of expressive art,rinpralral artist; a practiced maker of expressive art noun   rinpral art + ral practiced role   rinpralaral  noun: artist; a practiced maker of expressive art,,LX-PSAC1-0018,{},"{""origins"":[],""nationalUses"":[],""derivations"":[""Rinpral art + Ral practiced role""],""variants"":[{""form"":""Rinpralaral"",""pronunciation"":""/reen-prahl-ah-rahl/""}]}","Performance, Story Arts, and Celebration 1",Rinpral art + Ral practiced role,,,Rinpralaral,/reen-prahl-ah-rahl/
norpral,Norpral,/nohr-prahl/,Noun: Live performance; expressive skilled work presented as it unfolds through time,norpral live performance; expressive skilled work presented as it unfolds through time noun   nor unfolding time + pral skilled expressive work     noun: live performance; expressive skilled work presented as it unfolds through time,,LX-PSAC1-0019,{},"{""origins"":[],""nationalUses"":[],""derivations"":[""Nor unfolding time + Pral skilled expressive work""],""variants"":[]}","Performance, Story Arts, and Celebration 1",Nor unfolding time + Pral skilled expressive work,,,,
norpralaen,Norpralaen,/nohr-prahl-ah-ehn/,Verb: To perform or present an artistic work live,norpralaen to perform or present an artistic work live verb   norpral live performance + -aen verb     verb: to perform or present an artistic work live,,LX-PSAC1-0020,{},"{""origins"":[],""nationalUses"":[],""derivations"":[""Norpral live performance + -aen verb""],""variants"":[]}","Performance, Story Arts, and Celebration 1",Norpral live performance + -aen verb,,,,
norpralral,Norpralral,/nohr-prahl-rahl/,Noun: Performer; a person with a practiced live-performance role,norpralral performer; a person with a practiced live-performance role noun   norpral live performance + ral practiced role   norpralaral  noun: performer; a person with a practiced live-performance role,,LX-PSAC1-0021,{},"{""origins"":[],""nationalUses"":[],""derivations"":[""Norpral live performance + Ral practiced role""],""variants"":[{""form"":""Norpralaral"",""pronunciation"":""/nohr-prahl-ah-rahl/""}]}","Performance, Story Arts, and Celebration 1",Norpral live performance + Ral practiced role,,,Norpralaral,/nohr-prahl-ah-rahl/
khumkes,Khumkes,/khoom-kehs/,Noun: Audience; a gathered body joined by attention to a performance speaker or event,khumkes audience; a gathered body joined by attention to a performance speaker or event noun   khum listening or reconciliation circle + kes directed attention     noun: audience; a gathered body joined by attention to a performance speaker or event,,LX-PSAC1-0022,{},"{""origins"":[],""nationalUses"":[],""derivations"":[""Khum listening or reconciliation circle + Kes directed attention""],""variants"":[]}","Performance, Story Arts, and Celebration 1",Khum listening or reconciliation circle + Kes directed attention,,,,
norpralor,Norpralor,/nohr-prah-lohr/,Noun: Stage or designated performance area,norpralor stage or designated performance area noun   norpral live performance + -or place or bounded setting     noun: stage or designated performance area,,LX-PSAC1-0023,{},"{""origins"":[],""nationalUses"":[],""derivations"":[""Norpral live performance + -or place or bounded setting""],""variants"":[]}","Performance, Story Arts, and Celebration 1",Norpral live performance + -or place or bounded setting,,,,
rim,Rim,/reem/,Noun: Celebration; a festive observance expressing shared joy recognition or remembrance,rim celebration; a festive observance expressing shared joy recognition or remembrance noun        noun: celebration; a festive observance expressing shared joy recognition or remembrance,Yes,LX-PSAC1-0024; XR-rim,{},null,"Performance, Story Arts, and Celebration 1",,,,,
rimaen,Rimaen,/ree-mah-ehn/,Verb: To celebrate or observe festively,rimaen to celebrate or observe festively verb   rim celebration + -aen verb     verb: to celebrate or observe festively,,LX-PSAC1-0025,{},"{""origins"":[],""nationalUses"":[],""derivations"":[""Rim celebration + -aen verb""],""variants"":[]}","Performance, Story Arts, and Celebration 1",Rim celebration + -aen verb,,,,
rimor,Rimor,/ree-mohr/,Noun: Festival; a time-bounded or place-bounded public celebration,rimor festival; a time-bounded or place-bounded public celebration noun   rim celebration + -or place or time-bounded domain     noun: festival; a time-bounded or place-bounded public celebration,,LX-PSAC1-0026,{},"{""origins"":[],""nationalUses"":[],""derivations"":[""Rim celebration + -or place or time-bounded domain""],""variants"":[]}","Performance, Story Arts, and Celebration 1",Rim celebration + -or place or time-bounded domain,,,,
ndem,Ndem,/n-dehm/,Noun: Blood; the circulating bodily fluid associated with life injury and internal transport,ndem blood; the circulating bodily fluid associated with life injury and internal transport noun        noun: blood; the circulating bodily fluid associated with life injury and internal transport,Yes,LX-HTS1-0001; XR-ndem,{},null,"Health, Treatment, and Survival 1",,,,,
ndemaen,Ndemaen,/n-deh-mah-ehn/,Verb: To bleed; for blood to leave its vessels or the body through injury or another bodily cause,ndemaen to bleed; for blood to leave its vessels or the body through injury or another bodily cause verb   ndem blood + -aen verb     verb: to bleed; for blood to leave its vessels or the body through injury or another bodily cause,,LX-HTS1-0002,{},"{""origins"":[],""nationalUses"":[],""derivations"":[""Ndem blood + -aen verb""],""variants"":[]}","Health, Treatment, and Survival 1",Ndem blood + -aen verb,,,,
mavkes,Mavkes,/mahv-kehs/,Noun: Symptom or clinical sign; an experienced or observable indication of illness injury or bodily disturbance,mavkes symptom or clinical sign; an experienced or observable indication of illness injury or bodily disturbance noun   mav illness + kes noticed evidence     noun: symptom or clinical sign; an experienced or observable indication of illness injury or bodily disturbance,,LX-HTS1-0003,{},"{""origins"":[],""nationalUses"":[],""derivations"":[""Mav illness + Kes noticed evidence""],""variants"":[]}","Health, Treatment, and Survival 1",Mav illness + Kes noticed evidence,,,,
keshen,Keshen,/keh-shehn/,Noun: Clinical examination or assessment through structured observation and measurement,keshen clinical examination or assessment through structured observation and measurement noun   kes observation + shen measurement     noun: clinical examination or assessment through structured observation and measurement,,LX-HTS1-0004,{},"{""origins"":[],""nationalUses"":[],""derivations"":[""Kes observation + Shen measurement""],""variants"":[]}","Health, Treatment, and Survival 1",Kes observation + Shen measurement,,,,
keshenaen,Keshenaen,/keh-sheh-nah-ehn/,Verb: To examine or assess clinically through directed observation questions touch measurement or testing,keshenaen to examine or assess clinically through directed observation questions touch measurement or testing verb   keshen clinical examination + -aen verb     verb: to examine or assess clinically through directed observation questions touch measurement or testing,,LX-HTS1-0005,{},"{""origins"":[],""nationalUses"":[],""derivations"":[""Keshen clinical examination + -aen verb""],""variants"":[]}","Health, Treatment, and Survival 1",Keshen clinical examination + -aen verb,,,,
keshenath,Keshenath,/keh-sheh-nahth/,Noun: Diagnosis; the concluded identification of a bodily condition based on clinical signs and assessment,keshenath diagnosis; the concluded identification of a bodily condition based on clinical signs and assessment noun   keshen clinical examination + -ath established result     noun: diagnosis; the concluded identification of a bodily condition based on clinical signs and assessment,,LX-HTS1-0006,{},"{""origins"":[],""nationalUses"":[],""derivations"":[""Keshen clinical examination + -ath established result""],""variants"":[]}","Health, Treatment, and Survival 1",Keshen clinical examination + -ath established result,,,,
sava,Sava,/sah-vah/,Noun: Care or treatment for sickness or injury in ordinary speech without specifying a formal method or clinical plan,sava care or treatment for sickness or injury in ordinary speech without specifying a formal method or clinical plan noun        noun: care or treatment for sickness or injury in ordinary speech without specifying a formal method or clinical plan,Yes,LX-HTS1-0007; XR-sava,{},null,"Health, Treatment, and Survival 1",,,,,
savaen,Savaen,/sah-vah-ehn/,Verb: To care for or treat someone who is sick or injured in an ordinary nontechnical sense,savaen to care for or treat someone who is sick or injured in an ordinary nontechnical sense verb   sava ordinary health care + -aen verb     verb: to care for or treat someone who is sick or injured in an ordinary nontechnical sense,,LX-HTS1-0008,{},"{""origins"":[],""nationalUses"":[],""derivations"":[""Sava ordinary health care + -aen verb""],""variants"":[]}","Health, Treatment, and Survival 1",Sava ordinary health care + -aen verb,,,,
savin,Savin,/sah-veen/,Noun: Patient; a person or living being presently receiving or awaiting health care,savin patient; a person or living being presently receiving or awaiting health care noun   sava ordinary health care + -in participant relation     noun: patient; a person or living being presently receiving or awaiting health care,,LX-HTS1-0009,{},"{""origins"":[],""nationalUses"":[],""derivations"":[""Sava ordinary health care + -in participant relation""],""variants"":[]}","Health, Treatment, and Survival 1",Sava ordinary health care + -in participant relation,,,,
savor,Savor,/sah-vohr/,Noun: Clinic infirmary or ordinary place organized to provide health care,savor clinic infirmary or ordinary place organized to provide health care noun   sava ordinary health care + -or place     noun: clinic infirmary or ordinary place organized to provide health care,,LX-HTS1-0010,{},"{""origins"":[],""nationalUses"":[],""derivations"":[""Sava ordinary health care + -or place""],""variants"":[]}","Health, Treatment, and Survival 1",Sava ordinary health care + -or place,,,,
talzhael,Talzhael,/tahl-zhah-ehl/,Noun: Defined medical treatment therapeutic intervention or planned course selected for a particular condition,talzhael defined medical treatment therapeutic intervention or planned course selected for a particular condition noun   tal directed application + zhael restoration   talazhael  noun: defined medical treatment therapeutic intervention or planned course selected for a particular condition,,LX-HTS1-0011,{},"{""origins"":[],""nationalUses"":[],""derivations"":[""Tal directed application + Zhael restoration""],""variants"":[{""form"":""Talazhael"",""pronunciation"":""/tah-lah-zhah-ehl/""}]}","Health, Treatment, and Survival 1",Tal directed application + Zhael restoration,,,Talazhael,/tah-lah-zhah-ehl/
talzhaelaen,Talzhaelaen,/tahl-zhah-ehl-ah-ehn/,Verb: To administer or carry out a defined medical treatment or therapeutic intervention,talzhaelaen to administer or carry out a defined medical treatment or therapeutic intervention verb   talzhael defined treatment + -aen verb     verb: to administer or carry out a defined medical treatment or therapeutic intervention,,LX-HTS1-0012,{},"{""origins"":[],""nationalUses"":[],""derivations"":[""Talzhael defined treatment + -aen verb""],""variants"":[]}","Health, Treatment, and Survival 1",Talzhael defined treatment + -aen verb,,,,
zhaelphel,Zhaelphel,/zhah-ehl-fehl/,Noun: Medicine; a prepared substance formulation or directed therapeutic agent used to prevent relieve or treat illness or injury,zhaelphel medicine; a prepared substance formulation or directed therapeutic agent used to prevent relieve or treat illness or injury noun   zhael restoration + phel soothing relief   zhaelaphel  noun: medicine; a prepared substance formulation or directed therapeutic agent used to prevent relieve or treat illness or injury,,LX-HTS1-0013,{},"{""origins"":[],""nationalUses"":[],""derivations"":[""Zhael restoration + Phel soothing relief""],""variants"":[{""form"":""Zhaelaphel"",""pronunciation"":""/zhah-eh-lah-fehl/""}]}","Health, Treatment, and Survival 1",Zhael restoration + Phel soothing relief,,,Zhaelaphel,/zhah-eh-lah-fehl/
zhaelshen,Zhaelshen,/zhah-ehl-shehn/,Noun: Medicinal dose; one measured amount of medicine administered at one time,zhaelshen medicinal dose; one measured amount of medicine administered at one time noun   zhael therapeutic restoration + shen measured amount     noun: medicinal dose; one measured amount of medicine administered at one time,,LX-HTS1-0014,{},"{""origins"":[],""nationalUses"":[],""derivations"":[""Zhael therapeutic restoration + Shen measured amount""],""variants"":[]}","Health, Treatment, and Survival 1",Zhael therapeutic restoration + Shen measured amount,,,,
morzhael,Morzhael,/mohr-zhah-ehl/,Noun: Physical healing or recovery; the bodily process of returning toward health or usable function,morzhael physical healing or recovery; the bodily process of returning toward health or usable function noun   mor physical embodiment + zhael renewal   morazhael  noun: physical healing or recovery; the bodily process of returning toward health or usable function,,LX-HTS1-0015,{},"{""origins"":[],""nationalUses"":[],""derivations"":[""Mor physical embodiment + Zhael renewal""],""variants"":[{""form"":""Morazhael"",""pronunciation"":""/moh-rah-zhah-ehl/""}]}","Health, Treatment, and Survival 1",Mor physical embodiment + Zhael renewal,,,Morazhael,/moh-rah-zhah-ehl/
mavkrez,Mavkrez,/mahv-krehz/,Noun: Fever; illness-associated elevation of bodily heat,mavkrez fever; illness-associated elevation of bodily heat noun   mav illness + krez bodily heat   mavakrez  noun: fever; illness-associated elevation of bodily heat,,LX-HTS1-0016,{},"{""origins"":[],""nationalUses"":[],""derivations"":[""Mav illness + Krez bodily heat""],""variants"":[{""form"":""Mavakrez"",""pronunciation"":""/mah-vah-krehz/""}]}","Health, Treatment, and Survival 1",Mav illness + Krez bodily heat,,,Mavakrez,/mah-vah-krehz/
mavbal,Mavbal,/mahv-bahl/,Noun: Infection; harmful biological invasion or growth within living tissue or a bodily system,mavbal infection; harmful biological invasion or growth within living tissue or a bodily system noun   mav illness + bal living growth   mavabal  noun: infection; harmful biological invasion or growth within living tissue or a bodily system,,LX-HTS1-0017,{},"{""origins"":[],""nationalUses"":[],""derivations"":[""Mav illness + Bal living growth""],""variants"":[{""form"":""Mavabal"",""pronunciation"":""/mah-vah-bahl/""}]}","Health, Treatment, and Survival 1",Mav illness + Bal living growth,,,Mavabal,/mah-vah-bahl/
mavbaleth,Mavbaleth,/mahv-bah-lehth/,Adjective: Infected; affected by harmful biological presence or growth,mavbaleth infected; affected by harmful biological presence or growth adjective   mavbal infection + -eth adjective     adjective: infected; affected by harmful biological presence or growth,,LX-HTS1-0018,{},"{""origins"":[],""nationalUses"":[],""derivations"":[""Mavbal infection + -eth adjective""],""variants"":[]}","Health, Treatment, and Survival 1",Mavbal infection + -eth adjective,,,,
mavbalshaneth,Mavbalshaneth,/mahv-bahl-shah-nehth/,Adjective: Infectious or contagious; capable of transmitting an infection between hosts,mavbalshaneth infectious or contagious; capable of transmitting an infection between hosts adjective   mavbal infection + shan passage or transfer + -eth adjective     adjective: infectious or contagious; capable of transmitting an infection between hosts,,LX-HTS1-0019,{},"{""origins"":[],""nationalUses"":[],""derivations"":[""Mavbal infection + Shan passage or transfer + -eth adjective""],""variants"":[]}","Health, Treatment, and Survival 1",Mavbal infection + Shan passage or transfer + -eth adjective,,,,
zhaelolan,Zhaelolan,/zhah-ehl-oh-lahn/,Noun: Medicinal salve or ointment; a spreadable topical preparation used to soothe protect or treat tissue,zhaelolan medicinal salve or ointment; a spreadable topical preparation used to soothe protect or treat tissue noun   zhael restoration + olan oil-like substance     noun: medicinal salve or ointment; a spreadable topical preparation used to soothe protect or treat tissue,,LX-HTS1-0020,{},"{""origins"":[],""nationalUses"":[],""derivations"":[""Zhael restoration + Olan oil-like substance""],""variants"":[]}","Health, Treatment, and Survival 1",Zhael restoration + Olan oil-like substance,,,,
aivkorxar,Aivkorxar,/ah-eev-kohr-xahr/,Noun: Bandage or wound dressing; a covering placed over an injured bodily site to protect it or support healing,aivkorxar bandage or wound dressing; a covering placed over an injured bodily site to protect it or support healing noun   aivkor wound + xar protective covering   aivakorxar  noun: bandage or wound dressing; a covering placed over an injured bodily site to protect it or support healing,,LX-HTS1-0021,{},"{""origins"":[],""nationalUses"":[],""derivations"":[""Aivkor wound + Xar protective covering""],""variants"":[{""form"":""Aivakorxar"",""pronunciation"":""/ah-ee-vah-kohr-xahr/""}]}","Health, Treatment, and Survival 1",Aivkor wound + Xar protective covering,,,Aivakorxar,/ah-ee-vah-kohr-xahr/
jorzhael,Jorzhael,/johr-zhah-ehl/,Noun: First aid; immediate limited care intended to preserve life prevent worsening or stabilize someone before fuller treatment,jorzhael first aid; immediate limited care intended to preserve life prevent worsening or stabilize someone before fuller treatment noun   jor urgent burst + zhael restoration     noun: first aid; immediate limited care intended to preserve life prevent worsening or stabilize someone before fuller treatment,,LX-HTS1-0022,{},"{""origins"":[],""nationalUses"":[],""derivations"":[""Jor urgent burst + Zhael restoration""],""variants"":[]}","Health, Treatment, and Survival 1",Jor urgent burst + Zhael restoration,,,,
mavmorzhael,Mavmorzhael,/mahv-mohr-zhah-ehl/,Noun: Antidote; medicine or treatment specifically intended to counteract a poison or toxin,mavmorzhael antidote; medicine or treatment specifically intended to counteract a poison or toxin noun   mavmor poison + zhael restoration   mavamorzhael  noun: antidote; medicine or treatment specifically intended to counteract a poison or toxin,,LX-HTS1-0023,{},"{""origins"":[],""nationalUses"":[],""derivations"":[""Mavmor poison + Zhael restoration""],""variants"":[{""form"":""Mavamorzhael"",""pronunciation"":""/mah-vah-mohr-zhah-ehl/""}]}","Health, Treatment, and Survival 1",Mavmor poison + Zhael restoration,,,Mavamorzhael,/mah-vah-mohr-zhah-ehl/
rekrathlor,Rekrathlor,/rehk-rahth-lohr/,Noun: Emergency; an immediate serious danger requiring prompt coordinated action,rekrathlor emergency; an immediate serious danger requiring prompt coordinated action noun   rek peak intensity + rathlor danger   rekarathlor  noun: emergency; an immediate serious danger requiring prompt coordinated action,,LX-HTS1-0024,{},"{""origins"":[],""nationalUses"":[],""derivations"":[""Rek peak intensity + Rathlor danger""],""variants"":[{""form"":""Rekarathlor"",""pronunciation"":""/reh-kah-rahth-lohr/""}]}","Health, Treatment, and Survival 1",Rek peak intensity + Rathlor danger,,,Rekarathlor,/reh-kah-rahth-lohr/
rathlorkel,Rathlorkel,/rahth-lohr-kehl/,Noun: Warning or alert communicating a present or approaching danger,rathlorkel warning or alert communicating a present or approaching danger noun   rathlor danger + kel stated message     noun: warning or alert communicating a present or approaching danger,,LX-HTS1-0025,{},"{""origins"":[],""nationalUses"":[],""derivations"":[""Rathlor danger + Kel stated message""],""variants"":[]}","Health, Treatment, and Survival 1",Rathlor danger + Kel stated message,,,,
velmav,Velmav,/vehl-mahv/,Noun: Hypothermia or dangerous systemic cold exposure; bodily illness caused by excessive loss of heat,velmav hypothermia or dangerous systemic cold exposure; bodily illness caused by excessive loss of heat noun   vel severe cold or cold endurance + mav bodily illness   velamav  noun: hypothermia or dangerous systemic cold exposure; bodily illness caused by excessive loss of heat,,LX-HTS1-0026,{},"{""origins"":[],""nationalUses"":[],""derivations"":[""Vel severe cold or cold endurance + Mav bodily illness""],""variants"":[{""form"":""Velamav"",""pronunciation"":""/veh-lah-mahv/""}]}","Health, Treatment, and Survival 1",Vel severe cold or cold endurance + Mav bodily illness,,,Velamav,/veh-lah-mahv/
rekmav,Rekmav,/rehk-mahv/,Noun: Severe systemic heat illness including heatstroke; bodily failure caused by excessive environmental heat,rekmav severe systemic heat illness including heatstroke; bodily failure caused by excessive environmental heat noun   rek peak heat or intensity + mav bodily illness   rekamav  noun: severe systemic heat illness including heatstroke; bodily failure caused by excessive environmental heat,,LX-HTS1-0027,{},"{""origins"":[],""nationalUses"":[],""derivations"":[""Rek peak heat or intensity + Mav bodily illness""],""variants"":[{""form"":""Rekamav"",""pronunciation"":""/reh-kah-mahv/""}]}","Health, Treatment, and Survival 1",Rek peak heat or intensity + Mav bodily illness,,,Rekamav,/reh-kah-mahv/
velaivkor,Velaivkor,/vehl-ah-eev-kohr/,Noun: Frostbite; localized bodily tissue injury caused by severe cold or freezing,velaivkor frostbite; localized bodily tissue injury caused by severe cold or freezing noun   vel cold + aivkor wounded bodily site     noun: frostbite; localized bodily tissue injury caused by severe cold or freezing,,LX-HTS1-0028,{},"{""origins"":[],""nationalUses"":[],""derivations"":[""Vel cold + Aivkor wounded bodily site""],""variants"":[]}","Health, Treatment, and Survival 1",Vel cold + Aivkor wounded bodily site,,,,
kadromav,Kadromav,/kah-droh-mahv/,Noun: Bodily dehydration; an unsafe physiological deficit of water,kadromav bodily dehydration; an unsafe physiological deficit of water noun   ka absence + dro physical water + mav bodily illness     noun: bodily dehydration; an unsafe physiological deficit of water,,LX-HTS1-0029,{},"{""origins"":[],""nationalUses"":[],""derivations"":[""Ka absence + Dro physical water + Mav bodily illness""],""variants"":[]}","Health, Treatment, and Survival 1",Ka absence + Dro physical water + Mav bodily illness,,,,
kesrin,Kesrin,/kehs-reen/,Noun: Wakeful consciousness; a living being's present capacity for awareness and responsive engagement,kesrin wakeful consciousness; a living being's present capacity for awareness and responsive engagement noun   kes awareness + rin embodied inner self     noun: wakeful consciousness; a living being's present capacity for awareness and responsive engagement,,LX-HTS1-0030,{},"{""origins"":[],""nationalUses"":[],""derivations"":[""Kes awareness + Rin embodied inner self""],""variants"":[]}","Health, Treatment, and Survival 1",Kes awareness + Rin embodied inner self,,,,
kakesrin,Kakesrin,/kah-kehs-reen/,Noun: Unconsciousness; involuntary absence of wakeful awareness and responsive engagement while bodily life continues,kakesrin unconsciousness; involuntary absence of wakeful awareness and responsive engagement while bodily life continues noun   ka absence + kesrin wakeful consciousness     noun: unconsciousness; involuntary absence of wakeful awareness and responsive engagement while bodily life continues,,LX-HTS1-0031,{},"{""origins"":[],""nationalUses"":[],""derivations"":[""Ka absence + Kesrin wakeful consciousness""],""variants"":[]}","Health, Treatment, and Survival 1",Ka absence + Kesrin wakeful consciousness,,,,
kakesrineth,Kakesrineth,/kah-kehs-ree-nehth/,Adjective: Unconscious; alive but not wakefully aware or responsively engaged,kakesrineth unconscious; alive but not wakefully aware or responsively engaged adjective   kakesrin unconsciousness + -eth adjective     adjective: unconscious; alive but not wakefully aware or responsively engaged,,LX-HTS1-0032,{},"{""origins"":[],""nationalUses"":[],""derivations"":[""Kakesrin unconsciousness + -eth adjective""],""variants"":[]}","Health, Treatment, and Survival 1",Kakesrin unconsciousness + -eth adjective,,,,
kesrinaen,Kesrinaen,/kehs-ree-nah-ehn/,Verb: To regain consciousness or return to wakeful responsiveness after unconsciousness,kesrinaen to regain consciousness or return to wakeful responsiveness after unconsciousness verb   kesrin wakeful consciousness + -aen verb     verb: to regain consciousness or return to wakeful responsiveness after unconsciousness,,LX-HTS1-0033,{},"{""origins"":[],""nationalUses"":[],""derivations"":[""Kesrin wakeful consciousness + -aen verb""],""variants"":[]}","Health, Treatment, and Survival 1",Kesrin wakeful consciousness + -aen verb,,,,
vaarshan,Vaarshan,/vahr-shahn/,Noun: Rescue; the successful transfer of an endangered or trapped being into relative safety,vaarshan rescue; the successful transfer of an endangered or trapped being into relative safety noun   vaar safety + shan passage or transfer     noun: rescue; the successful transfer of an endangered or trapped being into relative safety,,LX-HTS1-0034,{},"{""origins"":[],""nationalUses"":[],""derivations"":[""Vaar safety + Shan passage or transfer""],""variants"":[]}","Health, Treatment, and Survival 1",Vaar safety + Shan passage or transfer,,,,
vaarshanaen,Vaarshanaen,/vahr-shah-nah-ehn/,Verb: To rescue; to bring an endangered or trapped being out of immediate danger or confinement into relative safety,vaarshanaen to rescue; to bring an endangered or trapped being out of immediate danger or confinement into relative safety verb   vaarshan rescue + -aen verb     verb: to rescue; to bring an endangered or trapped being out of immediate danger or confinement into relative safety,,LX-HTS1-0035,{},"{""origins"":[],""nationalUses"":[],""derivations"":[""Vaarshan rescue + -aen verb""],""variants"":[]}","Health, Treatment, and Survival 1",Vaarshan rescue + -aen verb,,,,
thalwelvar,Thalwelvar,/thahl-wehl-vahr/,Noun: Evacuation; organized outward movement of people or living beings from a dangerous place,thalwelvar evacuation; organized outward movement of people or living beings from a dangerous place noun   thal outward or from + wel coordinated group + var movement     noun: evacuation; organized outward movement of people or living beings from a dangerous place,,LX-HTS1-0036,{},"{""origins"":[],""nationalUses"":[],""derivations"":[""Thal outward or from + Wel coordinated group + Var movement""],""variants"":[]}","Health, Treatment, and Survival 1",Thal outward or from + Wel coordinated group + Var movement,,,,
thalwelvaraen,Thalwelvaraen,/thahl-wehl-vah-rah-ehn/,Verb: To evacuate; to organize or carry out removal of people or living beings from a dangerous place,thalwelvaraen to evacuate; to organize or carry out removal of people or living beings from a dangerous place verb   thalwelvar evacuation + -aen verb     verb: to evacuate; to organize or carry out removal of people or living beings from a dangerous place,,LX-HTS1-0037,{},"{""origins"":[],""nationalUses"":[],""derivations"":[""Thalwelvar evacuation + -aen verb""],""variants"":[]}","Health, Treatment, and Survival 1",Thalwelvar evacuation + -aen verb,,,,
mavbalshanaen,Mavbalshanaen,/mahv-bahl-shah-nah-ehn/,Verb: To transmit an infection between hosts or populations,mavbalshanaen to transmit an infection between hosts or populations verb   mavbal infection + shan passage + -aen verb     verb: to transmit an infection between hosts or populations,,LX-HTS1-0038,{},"{""origins"":[],""nationalUses"":[],""derivations"":[""Mavbal infection + Shan passage + -aen verb""],""variants"":[]}","Health, Treatment, and Survival 1",Mavbal infection + Shan passage + -aen verb,,,,
mavbalxar,Mavbalxar,/mahv-bahl-xahr/,Noun: Quarantine; health-directed separation used to prevent possible transmission of infection,mavbalxar quarantine; health-directed separation used to prevent possible transmission of infection noun   mavbal infection + xar protective enclosure   mavabalxar  noun: quarantine; health-directed separation used to prevent possible transmission of infection,,LX-HTS1-0039,{},"{""origins"":[],""nationalUses"":[],""derivations"":[""Mavbal infection + Xar protective enclosure""],""variants"":[{""form"":""Mavabalxar"",""pronunciation"":""/mah-vah-bahl-xahr/""}]}","Health, Treatment, and Survival 1",Mavbal infection + Xar protective enclosure,,,Mavabalxar,/mah-vah-bahl-xahr/
shalkav,Shalkav,/shahl-kahv/,Noun: Survival; continued bodily life or essential function despite danger deprivation injury or destructive conditions,shalkav survival; continued bodily life or essential function despite danger deprivation injury or destructive conditions noun   shal life + kav preservation or endurance through time   shalakav  noun: survival; continued bodily life or essential function despite danger deprivation injury or destructive conditions,,LX-HTS1-0040,{},"{""origins"":[],""nationalUses"":[],""derivations"":[""Shal life + Kav preservation or endurance through time""],""variants"":[{""form"":""Shalakav"",""pronunciation"":""/shah-lah-kahv/""}]}","Health, Treatment, and Survival 1",Shal life + Kav preservation or endurance through time,,,Shalakav,/shah-lah-kahv/
kavaen,Kavaen,/kah-vah-ehn/,Verb: To endure last or survive through damaging conditions without ceasing to live or function,kavaen to endure last or survive through damaging conditions without ceasing to live or function verb   kav preservation or endurance through time + -aen verb     verb: to endure last or survive through damaging conditions without ceasing to live or function,,LX-HTS1-0041,{},"{""origins"":[],""nationalUses"":[],""derivations"":[""Kav preservation or endurance through time + -aen verb""],""variants"":[]}","Health, Treatment, and Survival 1",Kav preservation or endurance through time + -aen verb,,,,
vaarbelwek,Vaarbelwek,/vahr-behl-wehk/,Noun: Safety or emergency protocol; an established ordered procedure for preventing harm or responding to danger,vaarbelwek safety or emergency protocol; an established ordered procedure for preventing harm or responding to danger noun   vaar safety + belwek ordered recurring process     noun: safety or emergency protocol; an established ordered procedure for preventing harm or responding to danger,,LX-HTS1-0042,{},"{""origins"":[],""nationalUses"":[],""derivations"":[""Vaar safety + Belwek ordered recurring process""],""variants"":[]}","Health, Treatment, and Survival 1",Vaar safety + Belwek ordered recurring process,,,,
nethvek,Nethvek,/nehth-vehk/,Noun: Stretcher or supported casualty carrier designed to move someone who cannot move safely,nethvek stretcher or supported casualty carrier designed to move someone who cannot move safely noun   neth bodily rest or support + vek carrier   nethavek  noun: stretcher or supported casualty carrier designed to move someone who cannot move safely,,LX-HTS1-0043,{},"{""origins"":[],""nationalUses"":[],""derivations"":[""Neth bodily rest or support + Vek carrier""],""variants"":[{""form"":""Nethavek"",""pronunciation"":""/neh-thah-vehk/""}]}","Health, Treatment, and Survival 1",Neth bodily rest or support + Vek carrier,,,Nethavek,/neh-thah-vehk/
shentalzhael,Shentalzhael,/shehn-tahl-zhah-ehl/,Noun: Medical triage; measured assignment of treatment priority and limited care resources according to urgency ; Verb: To triage / To prioritize treatment,shentalzhael medical triage; measured assignment of treatment priority and limited care resources according to urgency noun   shen measured assignment + talzhael defined treatment     noun: medical triage; measured assignment of treatment priority and limited care resources according to urgency ; verb: to triage / to prioritize treatment,,LX-HTS1-0044,{},"{""origins"":[],""nationalUses"":[],""derivations"":[""Shen measured assignment + Talzhael defined treatment""],""variants"":[]}","Health, Treatment, and Survival 1",Shen measured assignment + Talzhael defined treatment,,,,
felmorl,Felmorl,/fehl-morl/,Noun: Hill; a natural raised landform smaller and generally lower than a mountain,felmorl hill; a natural raised landform smaller and generally lower than a mountain noun   fel small + morl mountain     noun: hill; a natural raised landform smaller and generally lower than a mountain,,LX-EGE1-0001,{},"{""origins"":[],""nationalUses"":[],""derivations"":[""Fel small + Morl mountain""],""variants"":[]}","Environment, Geography, and Ecology 1",Fel small + Morl mountain,,,,
delmorl,Delmorl,/dehl-morl/,Noun: Valley; low land held between opposing slopes or heights,delmorl valley; low land held between opposing slopes or heights noun   del paired sides + morl mountain or raised stone land     noun: valley; low land held between opposing slopes or heights,,LX-EGE1-0002,{},"{""origins"":[],""nationalUses"":[],""derivations"":[""Del paired sides + Morl mountain or raised stone land""],""variants"":[]}","Environment, Geography, and Ecology 1",Del paired sides + Morl mountain or raised stone land,,,,
pelmorl,Pelmorl,/pehl-morl/,Noun: Cliff; a steep exposed face of rock or earth,pelmorl cliff; a steep exposed face of rock or earth noun   pel sharp edge + morl stone landform     noun: cliff; a steep exposed face of rock or earth,,LX-EGE1-0003,{},"{""origins"":[],""nationalUses"":[],""derivations"":[""Pel sharp edge + Morl stone landform""],""variants"":[]}","Environment, Geography, and Ecology 1",Pel sharp edge + Morl stone landform,,,,
morlshara,Morlshara,/morl-shah-rah/,Noun: Mountain pass; a traversable route through or between mountain heights,morlshara mountain pass; a traversable route through or between mountain heights noun   morl mountain + shara path     noun: mountain pass; a traversable route through or between mountain heights,,LX-EGE1-0004,{},"{""origins"":[],""nationalUses"":[],""derivations"":[""Morl mountain + Shara path""],""variants"":[]}","Environment, Geography, and Ecology 1",Morl mountain + Shara path,,,,
xarmorl,Xarmorl,/xahr-morl/,Noun: Cave or cavern; a naturally sheltered hollow within earth or stone,xarmorl cave or cavern; a naturally sheltered hollow within earth or stone noun   xar protective or concealing cover + morl stone     noun: cave or cavern; a naturally sheltered hollow within earth or stone,,LX-EGE1-0005,{},"{""origins"":[],""nationalUses"":[],""derivations"":[""Xar protective or concealing cover + Morl stone""],""variants"":[]}","Environment, Geography, and Ecology 1",Xar protective or concealing cover + Morl stone,,,,
shanmorl,Shanmorl,/shahn-morl/,Noun: Canyon or gorge; a deep open passage cut through rock or land,shanmorl canyon or gorge; a deep open passage cut through rock or land noun   shan passage through + morl stone land     noun: canyon or gorge; a deep open passage cut through rock or land,,LX-EGE1-0006,{},"{""origins"":[],""nationalUses"":[],""derivations"":[""Shan passage through + Morl stone land""],""variants"":[]}","Environment, Geography, and Ecology 1",Shan passage through + Morl stone land,,,,
selmor,Selmor,/sehl-mor/,Noun: Plain; broad relatively level open ground,selmor plain; broad relatively level open ground noun   sel clear or unobstructed + mor ground     noun: plain; broad relatively level open ground,,LX-EGE1-0007,{},"{""origins"":[],""nationalUses"":[],""derivations"":[""Sel clear or unobstructed + Mor ground""],""variants"":[]}","Environment, Geography, and Ecology 1",Sel clear or unobstructed + Mor ground,,,,
ndavimor,Ndavimor,/n-dah-vee-mor/,Noun: Plateau; a broad area of high relatively level ground,ndavimor plateau; a broad area of high relatively level ground noun   ndavi fixed vertical level + mor ground     noun: plateau; a broad area of high relatively level ground,,LX-EGE1-0008,{},"{""origins"":[],""nationalUses"":[],""derivations"":[""Ndavi fixed vertical level + Mor ground""],""variants"":[]}","Environment, Geography, and Ecology 1",Ndavi fixed vertical level + Mor ground,,,,
kadromor,Kadromor,/kah-droh-mor/,Noun: Desert or arid land; a broad region defined by persistent lack of available water,kadromor desert or arid land; a broad region defined by persistent lack of available water noun   ka absence + dro water + mor land     noun: desert or arid land; a broad region defined by persistent lack of available water,,LX-EGE1-0009,{},"{""origins"":[],""nationalUses"":[],""derivations"":[""Ka absence + Dro water + Mor land""],""variants"":[]}","Environment, Geography, and Ecology 1",Ka absence + Dro water + Mor land,,,,
brossadar,Brossadar,/bros-sah-dahr/,Noun: Dune; a banked or ridged body of wind-shaped sand,brossadar dune; a banked or ridged body of wind-shaped sand noun   bros layer or stratum + sadar sand     noun: dune; a banked or ridged body of wind-shaped sand,,LX-EGE1-0010,{},"{""origins"":[],""nationalUses"":[],""derivations"":[""Bros layer or stratum + Sadar sand""],""variants"":[]}","Environment, Geography, and Ecology 1",Bros layer or stratum + Sadar sand,,,,
velkmorl,Velkmorl,/velk-morl/,Noun: Glacier; a large enduring mass of landbound ice that moves slowly under its own weight,velkmorl glacier; a large enduring mass of landbound ice that moves slowly under its own weight noun   velk ice + morl mountain or massive stone landform   velkamorl  noun: glacier; a large enduring mass of landbound ice that moves slowly under its own weight,,LX-EGE1-0011,{},"{""origins"":[],""nationalUses"":[],""derivations"":[""Velk ice + Morl mountain or massive stone landform""],""variants"":[{""form"":""Velkamorl"",""pronunciation"":""/vehl-kah-morl/""}]}","Environment, Geography, and Ecology 1",Velk ice + Morl mountain or massive stone landform,,,Velkamorl,/vehl-kah-morl/
terramahr,Terramahr,/teh-rah-mahr/,Noun: Coast or coastline; the meeting boundary of land and sea,terramahr coast or coastline; the meeting boundary of land and sea noun   terra land + mahr ocean     noun: coast or coastline; the meeting boundary of land and sea,,LX-EGE1-0012,{},"{""origins"":[],""nationalUses"":[],""derivations"":[""Terra land + Mahr ocean""],""variants"":[]}","Environment, Geography, and Ecology 1",Terra land + Mahr ocean,,,,
drenfel,Drenfel,/drehn-fehl/,Noun: Stream or brook; a small natural flowing watercourse,drenfel stream or brook; a small natural flowing watercourse noun   dren river or water + fel small     noun: stream or brook; a small natural flowing watercourse,,LX-EGE1-0013,{},"{""origins"":[],""nationalUses"":[],""derivations"":[""Dren river or water + Fel small""],""variants"":[]}","Environment, Geography, and Ecology 1",Dren river or water + Fel small,,,,
fellun,Fellun,/fehl-loon/,Noun: Pond; a small inland body of relatively still water,fellun pond; a small inland body of relatively still water noun   fel small + lun lake     noun: pond; a small inland body of relatively still water,,LX-EGE1-0014,{},"{""origins"":[],""nationalUses"":[],""derivations"":[""Fel small + Lun lake""],""variants"":[]}","Environment, Geography, and Ecology 1",Fel small + Lun lake,,,,
drenverd,Drenverd,/drehn-vehrd/,Noun: Wetland; water-saturated habitat such as a marsh swamp or bog,drenverd wetland; water-saturated habitat such as a marsh swamp or bog noun   dren water + verd living plant growth     noun: wetland; water-saturated habitat such as a marsh swamp or bog,,LX-EGE1-0015,{},"{""origins"":[],""nationalUses"":[],""derivations"":[""Dren water + Verd living plant growth""],""variants"":[]}","Environment, Geography, and Ecology 1",Dren water + Verd living plant growth,,,,
mahrmorl,Mahrmorl,/mahr-morl/,Noun: Reef; a shallow submerged ridge or structure of rock coral or accumulated biological material,mahrmorl reef; a shallow submerged ridge or structure of rock coral or accumulated biological material noun   mahr sea + morl ridge or stone structure     noun: reef; a shallow submerged ridge or structure of rock coral or accumulated biological material,,LX-EGE1-0016,{},"{""origins"":[],""nationalUses"":[],""derivations"":[""Mahr sea + Morl ridge or stone structure""],""variants"":[]}","Environment, Geography, and Ecology 1",Mahr sea + Morl ridge or stone structure,,,,
drenjor,Drenjor,/drehn-jor/,Noun: Wave; a traveling rise fall or surge across a body of water,drenjor wave; a traveling rise fall or surge across a body of water noun   dren water + jor surge     noun: wave; a traveling rise fall or surge across a body of water,,LX-EGE1-0017,{},"{""origins"":[],""nationalUses"":[],""derivations"":[""Dren water + Jor surge""],""variants"":[]}","Environment, Geography, and Ecology 1",Dren water + Jor surge,,,,
mahrwel,Mahrwel,/mahr-wehl/,Noun: Current; sustained directional movement within a body of water,mahrwel current; sustained directional movement within a body of water noun   mahr sea or large water + wel continuous flow     noun: current; sustained directional movement within a body of water,,LX-EGE1-0018,{},"{""origins"":[],""nationalUses"":[],""derivations"":[""Mahr sea or large water + Wel continuous flow""],""variants"":[]}","Environment, Geography, and Ecology 1",Mahr sea or large water + Wel continuous flow,,,,
eshnor,Eshnor,/esh-nor/,Noun: Weather; the present or near-term condition of the air and sky,eshnor weather; the present or near-term condition of the air and sky noun   esh air or sky + nor time-state     noun: weather; the present or near-term condition of the air and sky,,LX-EGE1-0019,{},"{""origins"":[],""nationalUses"":[],""derivations"":[""Esh air or sky + Nor time-state""],""variants"":[]}","Environment, Geography, and Ecology 1",Esh air or sky + Nor time-state,,,,
eshweknor,Eshweknor,/esh-wehk-nor/,Noun: Climate; the recurring long-duration pattern of weather in a region,eshweknor climate; the recurring long-duration pattern of weather in a region noun   esh sky or air + wek recurring cycle + nor extended time-state   eshwekenor  noun: climate; the recurring long-duration pattern of weather in a region,,LX-EGE1-0020,{},"{""origins"":[],""nationalUses"":[],""derivations"":[""Esh sky or air + Wek recurring cycle + Nor extended time-state""],""variants"":[{""form"":""Eshwekenor"",""pronunciation"":""/esh-weh-keh-nor/""}]}","Environment, Geography, and Ecology 1",Esh sky or air + Wek recurring cycle + Nor extended time-state,,,Eshwekenor,/esh-weh-keh-nor/
drenesh,Drenesh,/drehn-esh/,Noun: Cloud; a visible gathered body of water droplets ice dust or vapor in the sky,drenesh cloud; a visible gathered body of water droplets ice dust or vapor in the sky noun   dren water-bearing substance + esh sky     noun: cloud; a visible gathered body of water droplets ice dust or vapor in the sky,,LX-EGE1-0021,{},"{""origins"":[],""nationalUses"":[],""derivations"":[""Dren water-bearing substance + Esh sky""],""variants"":[]}","Environment, Geography, and Ecology 1",Dren water-bearing substance + Esh sky,,,,
eshkar,Eshkar,/esh-kahr/,Noun: Thunder; the abrupt sound produced through a storm-charged sky,eshkar thunder; the abrupt sound produced through a storm-charged sky noun   esh sky + kar strike     noun: thunder; the abrupt sound produced through a storm-charged sky,,LX-EGE1-0022,{},"{""origins"":[],""nationalUses"":[],""derivations"":[""Esh sky + Kar strike""],""variants"":[]}","Environment, Geography, and Ecology 1",Esh sky + Kar strike,,,,
eshjor,Eshjor,/esh-jor/,Noun: Gale; a sustained dangerously strong wind,eshjor gale; a sustained dangerously strong wind noun   esh air + jor surge     noun: gale; a sustained dangerously strong wind,,LX-EGE1-0023,{},"{""origins"":[],""nationalUses"":[],""derivations"":[""Esh air + Jor surge""],""variants"":[]}","Environment, Geography, and Ecology 1",Esh air + Jor surge,,,,
eshdren,Eshdren,/esh-drehn/,Noun: Humidity; the amount or felt presence of water vapor in the air,eshdren humidity; the amount or felt presence of water vapor in the air noun   esh air + dren water     noun: humidity; the amount or felt presence of water vapor in the air,,LX-EGE1-0024,{},"{""origins"":[],""nationalUses"":[],""derivations"":[""Esh air + Dren water""],""variants"":[]}","Environment, Geography, and Ecology 1",Esh air + Dren water,,,,
kadro,Kadro,/kah-droh/,Noun: Drought; a sustained period of dangerously insufficient available water,kadro drought; a sustained period of dangerously insufficient available water noun   ka absence + dro physical water     noun: drought; a sustained period of dangerously insufficient available water,,LX-EGE1-0025,{},"{""origins"":[],""nationalUses"":[],""derivations"":[""Ka absence + Dro physical water""],""variants"":[]}","Environment, Geography, and Ecology 1",Ka absence + Dro physical water,,,,
drenrek,Drenrek,/drehn-rehk/,Noun: Flood; an event in which water rises or spreads beyond its ordinary bounds,drenrek flood; an event in which water rises or spreads beyond its ordinary bounds noun   dren water + rek peak intensity     noun: flood; an event in which water rises or spreads beyond its ordinary bounds,,LX-EGE1-0026,{},"{""origins"":[],""nationalUses"":[],""derivations"":[""Dren water + Rek peak intensity""],""variants"":[]}","Environment, Geography, and Ecology 1",Dren water + Rek peak intensity,,,,
morkar,Morkar,/mor-kahr/,Noun: Earthquake or ground tremor; a sudden shaking of the ground,morkar earthquake or ground tremor; a sudden shaking of the ground noun   mor earth or matter + kar strike     noun: earthquake or ground tremor; a sudden shaking of the ground,,LX-EGE1-0027,{},"{""origins"":[],""nationalUses"":[],""derivations"":[""Mor earth or matter + Kar strike""],""variants"":[]}","Environment, Geography, and Ecology 1",Mor earth or matter + Kar strike,,,,
morljor,Morljor,/morl-jor/,Noun: Landslide or rockslide; rapid downslope movement of earth stone or debris,morljor landslide or rockslide; rapid downslope movement of earth stone or debris noun   morl mountain or stone + jor surge     noun: landslide or rockslide; rapid downslope movement of earth stone or debris,,LX-EGE1-0028,{},"{""origins"":[],""nationalUses"":[],""derivations"":[""Morl mountain or stone + Jor surge""],""variants"":[]}","Environment, Geography, and Ecology 1",Morl mountain or stone + Jor surge,,,,
sadarjor,Sadarjor,/sah-dahr-jor/,Noun: Sandstorm; wind-driven sand dense or forceful enough to impair travel sight or safety,sadarjor sandstorm; wind-driven sand dense or forceful enough to impair travel sight or safety noun   sadar sand + jor surge     noun: sandstorm; wind-driven sand dense or forceful enough to impair travel sight or safety,,LX-EGE1-0029,{},"{""origins"":[],""nationalUses"":[],""derivations"":[""Sadar sand + Jor surge""],""variants"":[]}","Environment, Geography, and Ecology 1",Sadar sand + Jor surge,,,,
velxar,Velxar,/vehl-xahr/,Noun: Frost; a thin deposited or frozen coating of ice on a surface,velxar frost; a thin deposited or frozen coating of ice on a surface noun   vel cold + xar covering     noun: frost; a thin deposited or frozen coating of ice on a surface,,LX-EGE1-0030,{},"{""origins"":[],""nationalUses"":[],""derivations"":[""Vel cold + Xar covering""],""variants"":[]}","Environment, Geography, and Ecology 1",Vel cold + Xar covering,,,,
felsadar,Felsadar,/fehl-sah-dahr/,Noun: Silt; fine mineral sediment carried or deposited by water,felsadar silt; fine mineral sediment carried or deposited by water noun   fel small or fine + sadar granular earth     noun: silt; fine mineral sediment carried or deposited by water,,LX-EGE1-0031,{},"{""origins"":[],""nationalUses"":[],""derivations"":[""Fel small or fine + Sadar granular earth""],""variants"":[]}","Environment, Geography, and Ecology 1",Fel small or fine + Sadar granular earth,,,,
krezshen,Krezshen,/krehz-shehn/,Noun: Temperature; the measured thermal condition of something along a hot-to-cold scale,krezshen temperature; the measured thermal condition of something along a hot-to-cold scale noun   krez heat + shen measure     noun: temperature; the measured thermal condition of something along a hot-to-cold scale,,LX-EGE1-0032,{},"{""origins"":[],""nationalUses"":[],""derivations"":[""Krez heat + Shen measure""],""variants"":[]}","Environment, Geography, and Ecology 1",Krez heat + Shen measure,,,,
verdin,Verdin,/vehr-deen/,Noun: Plant; an individual organism belonging to botanical life,verdin plant; an individual organism belonging to botanical life noun   verd botanical life + -in individual participant     noun: plant; an individual organism belonging to botanical life,,LX-EGE1-0033,{},"{""origins"":[],""nationalUses"":[],""derivations"":[""Verd botanical life + -in individual participant""],""variants"":[]}","Environment, Geography, and Ecology 1",Verd botanical life + -in individual participant,,,,
verdmarin,Verdmarin,/vehrd-mah-reen/,Noun: Tree; a woody plant organized around a persistent trunk and branching growth,verdmarin tree; a woody plant organized around a persistent trunk and branching growth noun   verd plant life + marin branch     noun: tree; a woody plant organized around a persistent trunk and branching growth,,LX-EGE1-0034,{},"{""origins"":[],""nationalUses"":[],""derivations"":[""Verd plant life + Marin branch""],""variants"":[]}","Environment, Geography, and Ecology 1",Verd plant life + Marin branch,,,,
morlzhir,Morlzhir,/morl-zheer/,Noun: Plant root; the usually hidden anchoring and absorbing structure extending through soil or another medium,morlzhir plant root; the usually hidden anchoring and absorbing structure extending through soil or another medium noun   morl ground or stone + zhir thread     noun: plant root; the usually hidden anchoring and absorbing structure extending through soil or another medium,,LX-EGE1-0035,{},"{""origins"":[],""nationalUses"":[],""derivations"":[""Morl ground or stone + Zhir thread""],""variants"":[]}","Environment, Geography, and Ecology 1",Morl ground or stone + Zhir thread,,,,
verdxar,Verdxar,/vehrd-xahr/,Noun: Bark; the protective outer covering of a woody plant,verdxar bark; the protective outer covering of a woody plant noun   verd plant + xar protective covering     noun: bark; the protective outer covering of a woody plant,,LX-EGE1-0036,{},"{""origins"":[],""nationalUses"":[],""derivations"":[""Verd plant + Xar protective covering""],""variants"":[]}","Environment, Geography, and Ecology 1",Verd plant + Xar protective covering,,,,
zhirverd,Zhirverd,/zheer-vehrd/,Noun: Vine; a climbing or trailing plant with a long flexible growth form,zhirverd vine; a climbing or trailing plant with a long flexible growth form noun   zhir thread + verd plant     noun: vine; a climbing or trailing plant with a long flexible growth form,,LX-EGE1-0037,{},"{""origins"":[],""nationalUses"":[],""derivations"":[""Zhir thread + Verd plant""],""variants"":[]}","Environment, Geography, and Ecology 1",Zhir thread + Verd plant,,,,
verdpel,Verdpel,/vehrd-pehl/,Noun: Grass; narrow-bladed ground-covering plant growth,verdpel grass; narrow-bladed ground-covering plant growth noun   verd plant life + pel narrow edge or blade     noun: grass; narrow-bladed ground-covering plant growth,,LX-EGE1-0038,{},"{""origins"":[],""nationalUses"":[],""derivations"":[""Verd plant life + Pel narrow edge or blade""],""variants"":[]}","Environment, Geography, and Ecology 1",Verd plant life + Pel narrow edge or blade,,,,
balvek,Balvek,/bahl-vehk/,Noun: Seed; a compact growth-bearing body capable of beginning a new plant,balvek seed; a compact growth-bearing body capable of beginning a new plant noun   bal living growth + vek carrier     noun: seed; a compact growth-bearing body capable of beginning a new plant,,LX-EGE1-0039,{},"{""origins"":[],""nationalUses"":[],""derivations"":[""Bal living growth + Vek carrier""],""variants"":[]}","Environment, Geography, and Ecology 1",Bal living growth + Vek carrier,,,,
balshan,Balshan,/bahl-shahn/,Noun: Pollination; transfer of reproductive plant material enabling seed or fruit formation,balshan pollination; transfer of reproductive plant material enabling seed or fruit formation noun   bal growth + shan transfer     noun: pollination; transfer of reproductive plant material enabling seed or fruit formation,,LX-EGE1-0040,{},"{""origins"":[],""nationalUses"":[],""derivations"":[""Bal growth + Shan transfer""],""variants"":[]}","Environment, Geography, and Ecology 1",Bal growth + Shan transfer,,,,
mbu,Mbu,/m-boo/,Noun: Fungus or fungal life; an organism in the fungal kingdom distinct from plants and animals,mbu fungus or fungal life; an organism in the fungal kingdom distinct from plants and animals noun        noun: fungus or fungal life; an organism in the fungal kingdom distinct from plants and animals,Yes,LX-EGE1-0041; XR-mbu,{},null,"Environment, Geography, and Ecology 1",,,,,
shalrin,Shalrin,/shahl-reen/,Noun: Organism; an individual living being considered as one functioning life,shalrin organism; an individual living being considered as one functioning life noun   shal life + rin embodied self     noun: organism; an individual living being considered as one functioning life,,LX-EGE1-0042,{},"{""origins"":[],""nationalUses"":[],""derivations"":[""Shal life + Rin embodied self""],""variants"":[]}","Environment, Geography, and Ecology 1",Shal life + Rin embodied self,,,,
nali,Nali,/nah-lee/,Noun: Species; a recognized kind or lineage of living organisms whose members share an enduring biological identity,nali species; a recognized kind or lineage of living organisms whose members share an enduring biological identity noun        noun: species; a recognized kind or lineage of living organisms whose members share an enduring biological identity,Yes,LX-EGE1-0043; XR-nali,{},null,"Environment, Geography, and Ecology 1",,,,,
nalior,Nalior,/nah-lee-or/,Noun: Habitat; the ordinary environment in which an organism or species lives and meets its life needs,nalior habitat; the ordinary environment in which an organism or species lives and meets its life needs noun   nali species + -or place relation     noun: habitat; the ordinary environment in which an organism or species lives and meets its life needs,,LX-EGE1-0044,{},"{""origins"":[],""nationalUses"":[],""derivations"":[""Nali species + -or place relation""],""variants"":[]}","Environment, Geography, and Ecology 1",Nali species + -or place relation,,,,
ohmshal,Ohmshal,/ohm-shahl/,Noun: Ecosystem; the connected living community and physical environment functioning together,ohmshal ecosystem; the connected living community and physical environment functioning together noun   ohm connection + shal life     noun: ecosystem; the connected living community and physical environment functioning together,,LX-EGE1-0045,{},"{""origins"":[],""nationalUses"":[],""derivations"":[""Ohm connection + Shal life""],""variants"":[]}","Environment, Geography, and Ecology 1",Ohm connection + Shal life,,,,
welnali,Welnali,/wehl-nah-lee/,Noun: Population; the members of one species living in a defined place or study area,welnali population; the members of one species living in a defined place or study area noun   wel shared collective + nali species     noun: population; the members of one species living in a defined place or study area,,LX-EGE1-0046,{},"{""origins"":[],""nationalUses"":[],""derivations"":[""Wel shared collective + Nali species""],""variants"":[]}","Environment, Geography, and Ecology 1",Wel shared collective + Nali species,,,,
kornali,Kornali,/kor-nah-lee/,Noun: Native species; a species established within a place through its ordinary ecological history,kornali native species; a species established within a place through its ordinary ecological history noun   kor home or belonging + nali species     noun: native species; a species established within a place through its ordinary ecological history,,LX-EGE1-0047,{},"{""origins"":[],""nationalUses"":[],""derivations"":[""Kor home or belonging + Nali species""],""variants"":[]}","Environment, Geography, and Ecology 1",Kor home or belonging + Nali species,,,,
shannali,Shannali,/shahn-nah-lee/,Noun: Introduced species; a species carried beyond its prior range by people trade or another unusual transfer,shannali introduced species; a species carried beyond its prior range by people trade or another unusual transfer noun   shan transfer + nali species     noun: introduced species; a species carried beyond its prior range by people trade or another unusual transfer,,LX-EGE1-0048,{},"{""origins"":[],""nationalUses"":[],""derivations"":[""Shan transfer + Nali species""],""variants"":[]}","Environment, Geography, and Ecology 1",Shan transfer + Nali species,,,,
rathshannali,Rathshannali,/rahth-shahn-nah-lee/,Noun: Invasive species; an introduced species that spreads in ways causing ecological harm,rathshannali invasive species; an introduced species that spreads in ways causing ecological harm noun   rath danger + shannali introduced species   rathashannali  noun: invasive species; an introduced species that spreads in ways causing ecological harm,,LX-EGE1-0049,{},"{""origins"":[],""nationalUses"":[],""derivations"":[""Rath danger + Shannali introduced species""],""variants"":[{""form"":""Rathashannali"",""pronunciation"":""/rah-thah-shahn-nah-lee/""}]}","Environment, Geography, and Ecology 1",Rath danger + Shannali introduced species,,,Rathashannali,/rah-thah-shahn-nah-lee/
dumanali,Dumanali,/doo-mah-nah-lee/,Noun: Extinction; the complete end of a species or distinct living lineage,dumanali extinction; the complete end of a species or distinct living lineage noun   duma death + nali species     noun: extinction; the complete end of a species or distinct living lineage,,LX-EGE1-0050,{},"{""origins"":[],""nationalUses"":[],""derivations"":[""Duma death + Nali species""],""variants"":[]}","Environment, Geography, and Ecology 1",Duma death + Nali species,,,,
rathnali,Rathnali,/rahth-nah-lee/,Noun: Endangered or threatened species; a species facing a serious risk of extinction,rathnali endangered or threatened species; a species facing a serious risk of extinction noun   rath danger + nali species     noun: endangered or threatened species; a species facing a serious risk of extinction,,LX-EGE1-0051,{},"{""origins"":[],""nationalUses"":[],""derivations"":[""Rath danger + Nali species""],""variants"":[]}","Environment, Geography, and Ecology 1",Rath danger + Nali species,,,,
gavin,Gavin,/gah-veen/,Noun: Prey or quarry; an animal pursued by a predator or hunter,gavin prey or quarry; an animal pursued by a predator or hunter noun   gav hunt or pursuit + -in pursued participant     noun: prey or quarry; an animal pursued by a predator or hunter,,LX-EGE1-0052,{},"{""origins"":[],""nationalUses"":[],""derivations"":[""Gav hunt or pursuit + -in pursued participant""],""variants"":[]}","Environment, Geography, and Ecology 1",Gav hunt or pursuit + -in pursued participant,,,,
rathzor,Rathzor,/rahth-zor/,Noun: Predator; an animal that hunts and consumes other animals,rathzor predator; an animal that hunts and consumes other animals noun   rath dangerous opposing force + zor animal     noun: predator; an animal that hunts and consumes other animals,,LX-EGE1-0053,{},"{""origins"":[],""nationalUses"":[],""derivations"":[""Rath dangerous opposing force + Zor animal""],""variants"":[]}","Environment, Geography, and Ecology 1",Rath dangerous opposing force + Zor animal,,,,
welzor,Welzor,/wehl-zor/,Noun: Animal group; a socially or spatially gathered body of animals including a herd flock pack school or swarm,welzor animal group; a socially or spatially gathered body of animals including a herd flock pack school or swarm noun   wel together or collective + zor animal     noun: animal group; a socially or spatially gathered body of animals including a herd flock pack school or swarm,,LX-EGE1-0054,{},"{""origins"":[],""nationalUses"":[],""derivations"":[""Wel together or collective + Zor animal""],""variants"":[]}","Environment, Geography, and Ecology 1",Wel together or collective + Zor animal,,,,
zornethor,Zornethor,/zor-neh-thor/,Noun: Nest den or lair; a place used by an animal for shelter rest birth or raising young,zornethor nest den or lair; a place used by an animal for shelter rest birth or raising young noun   zor animal + nethor resting place     noun: nest den or lair; a place used by an animal for shelter rest birth or raising young,,LX-EGE1-0055,{},"{""origins"":[],""nationalUses"":[],""derivations"":[""Zor animal + Nethor resting place""],""variants"":[]}","Environment, Geography, and Ecology 1",Zor animal + Nethor resting place,,,,
wekvaraen,Wekvaraen,/wehk-vah-rah-ehn/,Verb: To migrate; to move cyclically or seasonally between habitats or regions,wekvaraen to migrate; to move cyclically or seasonally between habitats or regions verb   wek cycle + var move + -aen   wekavaraen  verb: to migrate; to move cyclically or seasonally between habitats or regions,,LX-EGE1-0056,{},"{""origins"":[],""nationalUses"":[],""derivations"":[""Wek cycle + Var move + -aen""],""variants"":[{""form"":""Wekavaraen"",""pronunciation"":""/weh-kah-vah-rah-ehn/""}]}","Environment, Geography, and Ecology 1",Wek cycle + Var move + -aen,,,Wekavaraen,/weh-kah-vah-rah-ehn/
emilzhir,Emilzhir,/eh-meel-zheer/,Noun: Food chain; a directional sequence of feeding relations through which nourishment and energy pass,emilzhir food chain; a directional sequence of feeding relations through which nourishment and energy pass noun   emil food + zhir connecting thread     noun: food chain; a directional sequence of feeding relations through which nourishment and energy pass,,LX-EGE1-0057,{},"{""origins"":[],""nationalUses"":[],""derivations"":[""Emil food + Zhir connecting thread""],""variants"":[]}","Environment, Geography, and Ecology 1",Emil food + Zhir connecting thread,,,,
emilbel,Emilbel,/eh-meel-behl/,Noun: Food web; the interconnected network of feeding relationships within an ecosystem,emilbel food web; the interconnected network of feeding relationships within an ecosystem noun   emil food + bel binding network     noun: food web; the interconnected network of feeding relationships within an ecosystem,,LX-EGE1-0058,{},"{""origins"":[],""nationalUses"":[],""derivations"":[""Emil food + Bel binding network""],""variants"":[]}","Environment, Geography, and Ecology 1",Emil food + Bel binding network,,,,
terramav,Terramav,/teh-rah-mahv/,Noun: Environmental or ecological degradation; sustained damage that weakens the health or functioning of land water air or living systems,terramav environmental or ecological degradation; sustained damage that weakens the health or functioning of land water air or living systems noun   terra living world or land + mav sickness     noun: environmental or ecological degradation; sustained damage that weakens the health or functioning of land water air or living systems,,LX-EGE1-0059,{},"{""origins"":[],""nationalUses"":[],""derivations"":[""Terra living world or land + Mav sickness""],""variants"":[]}","Environment, Geography, and Ecology 1",Terra living world or land + Mav sickness,,,,
mavverd,Mavverd,/mahv-vehrd/,Noun: Plant blight; a spreading disease or destructive condition affecting plants,mavverd plant blight; a spreading disease or destructive condition affecting plants noun   mav illness + verd plant life     noun: plant blight; a spreading disease or destructive condition affecting plants,,LX-EGE1-0060,{},"{""origins"":[],""nationalUses"":[],""derivations"":[""Mav illness + Verd plant life""],""variants"":[]}","Environment, Geography, and Ecology 1",Mav illness + Verd plant life,,,,
gorm,Gorm,/gorm/,Noun: Dirt grime or unwanted soiling matter on a body object or surface,gorm dirt grime or unwanted soiling matter on a body object or surface noun        noun: dirt grime or unwanted soiling matter on a body object or surface,Yes,LX-EGE1-0061; XR-gorm,{},null,"Environment, Geography, and Ecology 1",,,,,
welgorm,Welgorm,/wehl-gorm/,Noun: Pollution; harmful or unwanted matter or energy dispersed through shared air water soil or surroundings,welgorm pollution; harmful or unwanted matter or energy dispersed through shared air water soil or surroundings noun   wel shared or spreading field + gorm contamination or soiling matter     noun: pollution; harmful or unwanted matter or energy dispersed through shared air water soil or surroundings,,LX-EGE1-0062,{},"{""origins"":[],""nationalUses"":[],""derivations"":[""Wel shared or spreading field + Gorm contamination or soiling matter""],""variants"":[]}","Environment, Geography, and Ecology 1",Wel shared or spreading field + Gorm contamination or soiling matter,,,,
pelnor,Pelnor,/pehl-nor/,Noun: Erosion; gradual wearing cutting or removal of soil rock or surface material over time,pelnor erosion; gradual wearing cutting or removal of soil rock or surface material over time noun   pel cutting edge + nor time     noun: erosion; gradual wearing cutting or removal of soil rock or surface material over time,,LX-EGE1-0063,{},"{""origins"":[],""nationalUses"":[],""derivations"":[""Pel cutting edge + Nor time""],""variants"":[]}","Environment, Geography, and Ecology 1",Pel cutting edge + Nor time,,,,
xilnalior,Xilnalior,/xil-nah-lee-or/,Noun: Habitat fragmentation; division of a habitat into disconnected or poorly connected pieces,xilnalior habitat fragmentation; division of a habitat into disconnected or poorly connected pieces noun   xil fragmentation + nalior habitat     noun: habitat fragmentation; division of a habitat into disconnected or poorly connected pieces,,LX-EGE1-0064,{},"{""origins"":[],""nationalUses"":[],""derivations"":[""Xil fragmentation + Nalior habitat""],""variants"":[]}","Environment, Geography, and Ecology 1",Xil fragmentation + Nalior habitat,,,,
terrakav,Terrakav,/teh-rah-kahv/,Noun: Environmental conservation; deliberate long-term protection of lands waters species or ecological processes,terrakav environmental conservation; deliberate long-term protection of lands waters species or ecological processes noun   terra living world + kav preservation     noun: environmental conservation; deliberate long-term protection of lands waters species or ecological processes,,LX-EGE1-0065,{},"{""origins"":[],""nationalUses"":[],""derivations"":[""Terra living world + Kav preservation""],""variants"":[]}","Environment, Geography, and Ecology 1",Terra living world + Kav preservation,,,,
terrazhael,Terrazhael,/teh-rah-zhah-ehl/,Noun: Ecological restoration; deliberate assistance that returns a damaged environment toward health and function,terrazhael ecological restoration; deliberate assistance that returns a damaged environment toward health and function noun   terra living world + zhael renewal     noun: ecological restoration; deliberate assistance that returns a damaged environment toward health and function,,LX-EGE1-0066,{},"{""origins"":[],""nationalUses"":[],""derivations"":[""Terra living world + Zhael renewal""],""variants"":[]}","Environment, Geography, and Ecology 1",Terra living world + Zhael renewal,,,,
sul,Sul,/sool/,Noun: Resource; a usable supply substance energy source or environmental provision available to meet a need,sul resource; a usable supply substance energy source or environmental provision available to meet a need noun        noun: resource; a usable supply substance energy source or environmental provision available to meet a need,Yes,LX-EGE1-0067; XR-sul,{},null,"Environment, Geography, and Ecology 1",,,,,
worsul,Worsul,/wor-sool/,Noun: Resource abundance or surplus; a condition in which usable supply substantially exceeds present need,worsul resource abundance or surplus; a condition in which usable supply substantially exceeds present need noun   wor fullness or abundance + sul resource     noun: resource abundance or surplus; a condition in which usable supply substantially exceeds present need,,LX-EGE1-0068,{},"{""origins"":[],""nationalUses"":[],""derivations"":[""Wor fullness or abundance + Sul resource""],""variants"":[]}","Environment, Geography, and Ecology 1",Wor fullness or abundance + Sul resource,,,,
kasul,Kasul,/kah-sool/,Noun: Resource scarcity or shortage; a condition in which usable supply is insufficient or difficult to obtain,kasul resource scarcity or shortage; a condition in which usable supply is insufficient or difficult to obtain noun   ka absence or insufficiency + sul resource     noun: resource scarcity or shortage; a condition in which usable supply is insufficient or difficult to obtain,,LX-EGE1-0069,{},"{""origins"":[],""nationalUses"":[],""derivations"":[""Ka absence or insufficiency + Sul resource""],""variants"":[]}","Environment, Geography, and Ecology 1",Ka absence or insufficiency + Sul resource,,,,
kavsul,Kavsul,/kahv-sool/,Noun: Reserve or stockpile; a supply deliberately preserved for later need or emergency use,kavsul reserve or stockpile; a supply deliberately preserved for later need or emergency use noun   kav preservation through time + sul resource     noun: reserve or stockpile; a supply deliberately preserved for later need or emergency use,,LX-EGE1-0070,{},"{""origins"":[],""nationalUses"":[],""derivations"":[""Kav preservation through time + Sul resource""],""variants"":[]}","Environment, Geography, and Ecology 1",Kav preservation through time + Sul resource,,,,
weksul,Weksul,/wehk-sool/,Noun: Renewable resource; a resource replenished through a recurring natural or managed cycle at a usable rate,weksul renewable resource; a resource replenished through a recurring natural or managed cycle at a usable rate noun   wek cycle + sul resource     noun: renewable resource; a resource replenished through a recurring natural or managed cycle at a usable rate,,LX-EGE1-0071,{},"{""origins"":[],""nationalUses"":[],""derivations"":[""Wek cycle + Sul resource""],""variants"":[]}","Environment, Geography, and Ecology 1",Wek cycle + Sul resource,,,,
versul,Versul,/vehr-sool/,Noun: Waste or refuse; material discarded or left over because it is no longer treated as a usable resource,versul waste or refuse; material discarded or left over because it is no longer treated as a usable resource noun   ver negation or reversal + sul resource     noun: waste or refuse; material discarded or left over because it is no longer treated as a usable resource,,LX-EGE1-0072,{},"{""origins"":[],""nationalUses"":[],""derivations"":[""Ver negation or reversal + Sul resource""],""variants"":[]}","Environment, Geography, and Ecology 1",Ver negation or reversal + Sul resource,,,,
dava,Dava,/dah-vah/,Noun: Information; meaningful content capable of being known communicated represented or stored,dava information; meaningful content capable of being known communicated represented or stored noun        noun: information; meaningful content capable of being known communicated represented or stored,Yes,LX-ICAES1-0001; XR-dava,{},null,"Information, Computation, Automation, and Electrical Systems 1",,,,,
shendava,Shendava,/shehn-dah-vah/,Noun: Data; observations measurements states or symbols arranged so they can be examined or processed,shendava data; observations measurements states or symbols arranged so they can be examined or processed noun   shen measured value + dava information     noun: data; observations measurements states or symbols arranged so they can be examined or processed,,LX-ICAES1-0002,{},"{""origins"":[],""nationalUses"":[],""derivations"":[""Shen measured value + Dava information""],""variants"":[]}","Information, Computation, Automation, and Electrical Systems 1",Shen measured value + Dava information,,,,
kavdava,Kavdava,/kahv-dah-vah/,Noun: Record; information deliberately preserved as an account of an event state decision person or transaction,kavdava record; information deliberately preserved as an account of an event state decision person or transaction noun   kav preservation through time + dava information     noun: record; information deliberately preserved as an account of an event state decision person or transaction,,LX-ICAES1-0003,{},"{""origins"":[],""nationalUses"":[],""derivations"":[""Kav preservation through time + Dava information""],""variants"":[]}","Information, Computation, Automation, and Electrical Systems 1",Kav preservation through time + Dava information,,,,
davaxar,Davaxar,/dah-vah-xahr/,Noun: File; one bounded body of information treated as a movable storable retrievable unit,davaxar file; one bounded body of information treated as a movable storable retrievable unit noun   dava information + xar enclosing boundary     noun: file; one bounded body of information treated as a movable storable retrievable unit,,LX-ICAES1-0004,{},"{""origins"":[],""nationalUses"":[],""derivations"":[""Dava information + Xar enclosing boundary""],""variants"":[]}","Information, Computation, Automation, and Electrical Systems 1",Dava information + Xar enclosing boundary,,,,
beldava,Beldava,/behl-dah-vah/,Noun: Database; an organized body of related information or records structured for reliable retrieval,beldava database; an organized body of related information or records structured for reliable retrieval noun   bel organized system + dava information     noun: database; an organized body of related information or records structured for reliable retrieval,,LX-ICAES1-0005,{},"{""origins"":[],""nationalUses"":[],""derivations"":[""Bel organized system + Dava information""],""variants"":[]}","Information, Computation, Automation, and Electrical Systems 1",Bel organized system + Dava information,,,,
davapral,Davapral,/dah-vah-prahl/,Noun: Display or screen; a prepared surface on which changing information is made visible,davapral display or screen; a prepared surface on which changing information is made visible noun   dava information + pral prepared working surface     noun: display or screen; a prepared surface on which changing information is made visible,,LX-ICAES1-0006,{},"{""origins"":[],""nationalUses"":[],""derivations"":[""Dava information + Pral prepared working surface""],""variants"":[]}","Information, Computation, Automation, and Electrical Systems 1",Dava information + Pral prepared working surface,,,,
zheldava,Zheldava,/zhehl-dah-vah/,Noun: Signal; a detectable variation of energy sound light pressure motion or magic that carries information,zheldava signal; a detectable variation of energy sound light pressure motion or magic that carries information noun   zhel energetic change + dava information     noun: signal; a detectable variation of energy sound light pressure motion or magic that carries information,,LX-ICAES1-0007,{},"{""origins"":[],""nationalUses"":[],""derivations"":[""Zhel energetic change + Dava information""],""variants"":[]}","Information, Computation, Automation, and Electrical Systems 1",Zhel energetic change + Dava information,,,,
ohmshan,Ohmshan,/ohm-shahn/,Noun: Interface; the shared boundary through which two people devices or systems exchange information or control,ohmshan interface; the shared boundary through which two people devices or systems exchange information or control noun   ohm connection + shan passage or transfer     noun: interface; the shared boundary through which two people devices or systems exchange information or control,,LX-ICAES1-0008,{},"{""origins"":[],""nationalUses"":[],""derivations"":[""Ohm connection + Shan passage or transfer""],""variants"":[]}","Information, Computation, Automation, and Electrical Systems 1",Ohm connection + Shan passage or transfer,,,,
anmek,Anmek,/ahn-mehk/,Noun: Input; information energy material or instruction supplied into a system for operation or processing,anmek input; information energy material or instruction supplied into a system for operation or processing noun   an inward or at-in relation + mek constructed system     noun: input; information energy material or instruction supplied into a system for operation or processing,,LX-ICAES1-0009,{},"{""origins"":[],""nationalUses"":[],""derivations"":[""An inward or at-in relation + Mek constructed system""],""variants"":[]}","Information, Computation, Automation, and Electrical Systems 1",An inward or at-in relation + Mek constructed system,,,,
thalmek,Thalmek,/thahl-mehk/,Noun: Output; information energy material or result produced outward from a system,thalmek output; information energy material or result produced outward from a system noun   thal from or out of + mek constructed system     noun: output; information energy material or result produced outward from a system,,LX-ICAES1-0010,{},"{""origins"":[],""nationalUses"":[],""derivations"":[""Thal from or out of + Mek constructed system""],""variants"":[]}","Information, Computation, Automation, and Electrical Systems 1",Thal from or out of + Mek constructed system,,,,
raku,Raku,/rah-koo/,Noun: Computation; rule-governed transformation or evaluation of numbers symbols states or information,raku computation; rule-governed transformation or evaluation of numbers symbols states or information noun        noun: computation; rule-governed transformation or evaluation of numbers symbols states or information,Yes,LX-ICAES1-0011; XR-raku,{},null,"Information, Computation, Automation, and Electrical Systems 1",,,,,
rakuaen,Rakuaen,/rah-koo-ah-ehn/,Verb: To compute or process; to transform or evaluate numbers symbols states or information through defined operations,rakuaen to compute or process; to transform or evaluate numbers symbols states or information through defined operations verb   raku computation + -aen verb     verb: to compute or process; to transform or evaluate numbers symbols states or information through defined operations,,LX-ICAES1-0012,{},"{""origins"":[],""nationalUses"":[],""derivations"":[""Raku computation + -aen verb""],""variants"":[]}","Information, Computation, Automation, and Electrical Systems 1",Raku computation + -aen verb,,,,
rakumek,Rakumek,/rah-koo-mehk/,Noun: Computer or computing device; a machine whose central function is computation and information processing,rakumek computer or computing device; a machine whose central function is computation and information processing noun   raku computation + mek machine     noun: computer or computing device; a machine whose central function is computation and information processing,,LX-ICAES1-0013,{},"{""origins"":[],""nationalUses"":[],""derivations"":[""Raku computation + Mek machine""],""variants"":[]}","Information, Computation, Automation, and Electrical Systems 1",Raku computation + Mek machine,,,,
rakufelmek,Rakufelmek,/rah-koo-fehl-mehk/,Noun: Processor; the component within a larger system that performs its central computational operations,rakufelmek processor; the component within a larger system that performs its central computational operations noun   raku computation + felmek component     noun: processor; the component within a larger system that performs its central computational operations,,LX-ICAES1-0014,{},"{""origins"":[],""nationalUses"":[],""derivations"":[""Raku computation + Felmek component""],""variants"":[]}","Information, Computation, Automation, and Electrical Systems 1",Raku computation + Felmek component,,,,
rakushara,Rakushara,/rah-koo-shah-rah/,Noun: Algorithm; a defined sequence of operations that produces or seeks a result from given input,rakushara algorithm; a defined sequence of operations that produces or seeks a result from given input noun   raku computation + shara ordered path     noun: algorithm; a defined sequence of operations that produces or seeks a result from given input,,LX-ICAES1-0015,{},"{""origins"":[],""nationalUses"":[],""derivations"":[""Raku computation + Shara ordered path""],""variants"":[]}","Information, Computation, Automation, and Electrical Systems 1",Raku computation + Shara ordered path,,,,
rakukel,Rakukel,/rah-koo-kehl/,Noun: Code; symbolic instructions or expressions written so a computing system can interpret or execute them,rakukel code; symbolic instructions or expressions written so a computing system can interpret or execute them noun   raku computation + kel language or text     noun: code; symbolic instructions or expressions written so a computing system can interpret or execute them,,LX-ICAES1-0016,{},"{""origins"":[],""nationalUses"":[],""derivations"":[""Raku computation + Kel language or text""],""variants"":[]}","Information, Computation, Automation, and Electrical Systems 1",Raku computation + Kel language or text,,,,
belraku,Belraku,/behl-rah-koo/,Noun: Program; an organized body of executable instructions and related computational structure,belraku program; an organized body of executable instructions and related computational structure noun   bel organized binding + raku computation     noun: program; an organized body of executable instructions and related computational structure,,LX-ICAES1-0017,{},"{""origins"":[],""nationalUses"":[],""derivations"":[""Bel organized binding + Raku computation""],""variants"":[]}","Information, Computation, Automation, and Electrical Systems 1",Bel organized binding + Raku computation,,,,
varokraku,Varokraku,/vah-rohk-rah-koo/,Noun: Automation; transfer of an operation's moment-to-moment execution to an instruction-governed system,varokraku automation; transfer of an operation's moment-to-moment execution to an instruction-governed system noun   varok direction or command + raku rule-governed operation     noun: automation; transfer of an operation's moment-to-moment execution to an instruction-governed system,,LX-ICAES1-0018,{},"{""origins"":[],""nationalUses"":[],""derivations"":[""Varok direction or command + Raku rule-governed operation""],""variants"":[]}","Information, Computation, Automation, and Electrical Systems 1",Varok direction or command + Raku rule-governed operation,,,,
varokrakuaen,Varokrakuaen,/vah-rohk-rah-koo-ah-ehn/,Verb: To automate; to place an operation under instruction-governed system execution,varokrakuaen to automate; to place an operation under instruction-governed system execution verb   varokraku automation + -aen verb     verb: to automate; to place an operation under instruction-governed system execution,,LX-ICAES1-0019,{},"{""origins"":[],""nationalUses"":[],""derivations"":[""Varokraku automation + -aen verb""],""variants"":[]}","Information, Computation, Automation, and Electrical Systems 1",Varokraku automation + -aen verb,,,,
varokrakueth,Varokrakueth,/vah-rohk-rah-koo-ehth/,Adjective: Automated; operating through prior instructions without continuous moment-to-moment human direction,varokrakueth automated; operating through prior instructions without continuous moment-to-moment human direction adjective   varokraku automation + -eth adjective     adjective: automated; operating through prior instructions without continuous moment-to-moment human direction,,LX-ICAES1-0020,{},"{""origins"":[],""nationalUses"":[],""derivations"":[""Varokraku automation + -eth adjective""],""variants"":[]}","Information, Computation, Automation, and Electrical Systems 1",Varokraku automation + -eth adjective,,,,
davashanaen,Davashanaen,/dah-vah-shahn-ah-ehn/,Verb: To transmit information or a signal from one person device or place toward another,davashanaen to transmit information or a signal from one person device or place toward another verb   dava information + shan transfer + -aen verb     verb: to transmit information or a signal from one person device or place toward another,,LX-ICAES1-0021,{},"{""origins"":[],""nationalUses"":[],""derivations"":[""Dava information + Shan transfer + -aen verb""],""variants"":[]}","Information, Computation, Automation, and Electrical Systems 1",Dava information + Shan transfer + -aen verb,,,,
deldavaen,Deldavaen,/dehl-dah-vah-ehn/,Verb: To copy; to create a second information instance preserving the represented content,deldavaen to copy; to create a second information instance preserving the represented content verb   del two or paired instance + dava information + -aen verb     verb: to copy; to create a second information instance preserving the represented content,,LX-ICAES1-0022,{},"{""origins"":[],""nationalUses"":[],""derivations"":[""Del two or paired instance + Dava information + -aen verb""],""variants"":[]}","Information, Computation, Automation, and Electrical Systems 1",Del two or paired instance + Dava information + -aen verb,,,,
andavaen,Andavaen,/ahn-dah-vah-ehn/,Verb: To upload; to transfer information into a remote shared or receiving system,andavaen to upload; to transfer information into a remote shared or receiving system verb   an inward relation + dava information + -aen verb     verb: to upload; to transfer information into a remote shared or receiving system,,LX-ICAES1-0023,{},"{""origins"":[],""nationalUses"":[],""derivations"":[""An inward relation + Dava information + -aen verb""],""variants"":[]}","Information, Computation, Automation, and Electrical Systems 1",An inward relation + Dava information + -aen verb,,,,
thaldavaen,Thaldavaen,/thahl-dah-vah-ehn/,Verb: To download; to transfer information out of a remote or shared system into a local receiving system,thaldavaen to download; to transfer information out of a remote or shared system into a local receiving system verb   thal from or outward relation + dava information + -aen verb     verb: to download; to transfer information out of a remote or shared system into a local receiving system,,LX-ICAES1-0024,{},"{""origins"":[],""nationalUses"":[],""derivations"":[""Thal from or outward relation + Dava information + -aen verb""],""variants"":[]}","Information, Computation, Automation, and Electrical Systems 1",Thal from or outward relation + Dava information + -aen verb,,,,
kavdavaen,Kavdavaen,/kahv-dah-vah-ehn/,Verb: To record or save; to preserve information in a form intended for later retrieval,kavdavaen to record or save; to preserve information in a form intended for later retrieval verb   kav preservation + dava information + -aen verb     verb: to record or save; to preserve information in a form intended for later retrieval,,LX-ICAES1-0025,{},"{""origins"":[],""nationalUses"":[],""derivations"":[""Kav preservation + Dava information + -aen verb""],""variants"":[]}","Information, Computation, Automation, and Electrical Systems 1",Kav preservation + Dava information + -aen verb,,,,
kavdeldava,Kavdeldava,/kahv-dehl-dah-vah/,Noun: Backup; a deliberately preserved additional copy used to restore information after loss or damage,kavdeldava backup; a deliberately preserved additional copy used to restore information after loss or damage noun   kav preservation + del second instance + dava information   kavadeldava  noun: backup; a deliberately preserved additional copy used to restore information after loss or damage,,LX-ICAES1-0026,{},"{""origins"":[],""nationalUses"":[],""derivations"":[""Kav preservation + Del second instance + Dava information""],""variants"":[{""form"":""Kavadeldava"",""pronunciation"":""/kah-vah-dehl-dah-vah/""}]}","Information, Computation, Automation, and Electrical Systems 1",Kav preservation + Del second instance + Dava information,,,Kavadeldava,/kah-vah-dehl-dah-vah/
kesdavaen,Kesdavaen,/kehs-dah-vah-ehn/,Verb: To search or query; to examine an information body systematically for a requested item relation or result,kesdavaen to search or query; to examine an information body systematically for a requested item relation or result verb   kes directed attention or detection + dava information + -aen verb     verb: to search or query; to examine an information body systematically for a requested item relation or result,,LX-ICAES1-0027,{},"{""origins"":[],""nationalUses"":[],""derivations"":[""Kes directed attention or detection + Dava information + -aen verb""],""variants"":[]}","Information, Computation, Automation, and Electrical Systems 1",Kes directed attention or detection + Dava information + -aen verb,,,,
belnoraen,Belnoraen,/behl-nohr-ah-ehn/,Verb: To synchronize; to bring connected participants or systems into the same relevant timing sequence or information state,belnoraen to synchronize; to bring connected participants or systems into the same relevant timing sequence or information state verb   bel coordinated system + nor time or event flow + -aen verb     verb: to synchronize; to bring connected participants or systems into the same relevant timing sequence or information state,,LX-ICAES1-0028,{},"{""origins"":[],""nationalUses"":[],""derivations"":[""Bel coordinated system + Nor time or event flow + -aen verb""],""variants"":[]}","Information, Computation, Automation, and Electrical Systems 1",Bel coordinated system + Nor time or event flow + -aen verb,,,,
mekreth,Mekreth,/mehk-rehth/,Noun: System malfunction; a condition in which a constructed system no longer performs its intended operation reliably,mekreth system malfunction; a condition in which a constructed system no longer performs its intended operation reliably noun   mek constructed system + reth uncertainty or disorder     noun: system malfunction; a condition in which a constructed system no longer performs its intended operation reliably,,LX-ICAES1-0029,{},"{""origins"":[],""nationalUses"":[],""derivations"":[""Mek constructed system + Reth uncertainty or disorder""],""variants"":[]}","Information, Computation, Automation, and Electrical Systems 1",Mek constructed system + Reth uncertainty or disorder,,,,
felmekreth,Felmekreth,/fehl-mehk-rehth/,Noun: Defect or bug; one bounded flaw in a component design instruction set or program that can produce incorrect behavior,felmekreth defect or bug; one bounded flaw in a component design instruction set or program that can produce incorrect behavior noun   fel small or bounded part + mekreth system malfunction   felmekareth  noun: defect or bug; one bounded flaw in a component design instruction set or program that can produce incorrect behavior,,LX-ICAES1-0030,{},"{""origins"":[],""nationalUses"":[],""derivations"":[""Fel small or bounded part + Mekreth system malfunction""],""variants"":[{""form"":""Felmekareth"",""pronunciation"":""/fehl-meh-kah-rehth/""}]}","Information, Computation, Automation, and Electrical Systems 1",Fel small or bounded part + Mekreth system malfunction,,,Felmekareth,/fehl-meh-kah-rehth/
rekmekreth,Rekmekreth,/rehk-mehk-rehth/,Noun: Crash; sudden severe system failure involving abrupt loss of operation or control,rekmekreth crash; sudden severe system failure involving abrupt loss of operation or control noun   rek peak intensity + mekreth malfunction   rekamekreth  noun: crash; sudden severe system failure involving abrupt loss of operation or control,,LX-ICAES1-0031,{},"{""origins"":[],""nationalUses"":[],""derivations"":[""Rek peak intensity + Mekreth malfunction""],""variants"":[{""form"":""Rekamekreth"",""pronunciation"":""/reh-kah-mehk-rehth/""}]}","Information, Computation, Automation, and Electrical Systems 1",Rek peak intensity + Mekreth malfunction,,,Rekamekreth,/reh-kah-mehk-rehth/
rethdava,Rethdava,/rehth-dah-vah/,Noun: Data corruption; information made internally incoherent damaged or unreliable through unintended alteration,rethdava data corruption; information made internally incoherent damaged or unreliable through unintended alteration noun   reth confusion or disorder + dava information     noun: data corruption; information made internally incoherent damaged or unreliable through unintended alteration,,LX-ICAES1-0032,{},"{""origins"":[],""nationalUses"":[],""derivations"":[""Reth confusion or disorder + Dava information""],""variants"":[]}","Information, Computation, Automation, and Electrical Systems 1",Reth confusion or disorder + Dava information,,,,
xardava,Xardava,/xahr-dah-vah/,Noun: Encrypted or deliberately protected information whose usable content is concealed without authorized recovery,xardava encrypted or deliberately protected information whose usable content is concealed without authorized recovery noun   xar protective concealment + dava information     noun: encrypted or deliberately protected information whose usable content is concealed without authorized recovery,,LX-ICAES1-0033,{},"{""origins"":[],""nationalUses"":[],""derivations"":[""Xar protective concealment + Dava information""],""variants"":[]}","Information, Computation, Automation, and Electrical Systems 1",Xar protective concealment + Dava information,,,,
xardavaen,Xardavaen,/xahr-dah-vah-ehn/,Verb: To encrypt; to transform information into a protected form that conceals its usable content,xardavaen to encrypt; to transform information into a protected form that conceals its usable content verb   xardava protected information + -aen verb     verb: to encrypt; to transform information into a protected form that conceals its usable content,,LX-ICAES1-0034,{},"{""origins"":[],""nationalUses"":[],""derivations"":[""Xardava protected information + -aen verb""],""variants"":[]}","Information, Computation, Automation, and Electrical Systems 1",Xardava protected information + -aen verb,,,,
kaxardavaen,Kaxardavaen,/kah-xahr-dah-vah-ehn/,Verb: To decrypt; to restore protected information to usable form through authorized means,kaxardavaen to decrypt; to restore protected information to usable form through authorized means verb   ka removal or reversal + xardava encrypted information + -aen verb     verb: to decrypt; to restore protected information to usable form through authorized means,,LX-ICAES1-0035,{},"{""origins"":[],""nationalUses"":[],""derivations"":[""Ka removal or reversal + Xardava encrypted information + -aen verb""],""variants"":[]}","Information, Computation, Automation, and Electrical Systems 1",Ka removal or reversal + Xardava encrypted information + -aen verb,,,,
zhelwel,Zhelwel,/zhehl-wehl/,Noun: Electrical or energetic current; sustained directional movement of charge through a medium or system,zhelwel electrical or energetic current; sustained directional movement of charge through a medium or system noun   zhel charge or energy + wel continuous flow     noun: electrical or energetic current; sustained directional movement of charge through a medium or system,,LX-ICAES1-0036,{},"{""origins"":[],""nationalUses"":[],""derivations"":[""Zhel charge or energy + Wel continuous flow""],""variants"":[]}","Information, Computation, Automation, and Electrical Systems 1",Zhel charge or energy + Wel continuous flow,,,,
zhelshara,Zhelshara,/zhehl-shah-rah/,Noun: Circuit; an organized conductive path through which charge can travel and return or complete an intended route,zhelshara circuit; an organized conductive path through which charge can travel and return or complete an intended route noun   zhel charge + shara path     noun: circuit; an organized conductive path through which charge can travel and return or complete an intended route,,LX-ICAES1-0037,{},"{""origins"":[],""nationalUses"":[],""derivations"":[""Zhel charge + Shara path""],""variants"":[]}","Information, Computation, Automation, and Electrical Systems 1",Zhel charge + Shara path,,,,
ravzhel,Ravzhel,/rahv-zhehl/,Noun: Electrical potential or voltage; the difference that exerts a driving pull on charge between points,ravzhel electrical potential or voltage; the difference that exerts a driving pull on charge between points noun   rav pull or attraction + zhel charge     noun: electrical potential or voltage; the difference that exerts a driving pull on charge between points,,LX-ICAES1-0038,{},"{""origins"":[],""nationalUses"":[],""derivations"":[""Rav pull or attraction + Zhel charge""],""variants"":[]}","Information, Computation, Automation, and Electrical Systems 1",Rav pull or attraction + Zhel charge,,,,
zhelshan,Zhelshan,/zhehl-shahn/,Noun: Conductor; a material component or path whose intended function is carrying electrical or magical charge,zhelshan conductor; a material component or path whose intended function is carrying electrical or magical charge noun   zhel charge + shan passage     noun: conductor; a material component or path whose intended function is carrying electrical or magical charge,,LX-ICAES1-0039,{},"{""origins"":[],""nationalUses"":[],""derivations"":[""Zhel charge + Shan passage""],""variants"":[]}","Information, Computation, Automation, and Electrical Systems 1",Zhel charge + Shan passage,,,,
zhelxar,Zhelxar,/zhehl-xahr/,Noun: Insulator; a material component or barrier used to prevent unwanted passage of charge,zhelxar insulator; a material component or barrier used to prevent unwanted passage of charge noun   zhel charge + xar protective cover     noun: insulator; a material component or barrier used to prevent unwanted passage of charge,,LX-ICAES1-0040,{},"{""origins"":[],""nationalUses"":[],""derivations"":[""Zhel charge + Xar protective cover""],""variants"":[]}","Information, Computation, Automation, and Electrical Systems 1",Zhel charge + Xar protective cover,,,,
jorzhelkav,Jorzhelkav,/johr-zhehl-kahv/,Noun: Capacitor; a component that stores charge for rapid controlled release rather than sustained reserve use,jorzhelkav capacitor; a component that stores charge for rapid controlled release rather than sustained reserve use noun   jor burst + zhelkav energy-storage cell     noun: capacitor; a component that stores charge for rapid controlled release rather than sustained reserve use,,LX-ICAES1-0041,{},"{""origins"":[],""nationalUses"":[],""derivations"":[""Jor burst + Zhelkav energy-storage cell""],""variants"":[]}","Information, Computation, Automation, and Electrical Systems 1",Jor burst + Zhelkav energy-storage cell,,,,
zhelvorkor,Zhelvorkor,/zhehl-vohr-kohr/,Noun: Electrical switch or gate; a device that opens closes or redirects a path of charge or control,zhelvorkor electrical switch or gate; a device that opens closes or redirects a path of charge or control noun   zhel charge + vorkor gate     noun: electrical switch or gate; a device that opens closes or redirects a path of charge or control,,LX-ICAES1-0042,{},"{""origins"":[],""nationalUses"":[],""derivations"":[""Zhel charge + Vorkor gate""],""variants"":[]}","Information, Computation, Automation, and Electrical Systems 1",Zhel charge + Vorkor gate,,,,
zhelpel,Zhelpel,/zhehl-pehl/,Noun: Electrical contact or terminal; a defined point at which charge signal or a conductive connection enters leaves or joins a component,zhelpel electrical contact or terminal; a defined point at which charge signal or a conductive connection enters leaves or joins a component noun   zhel charge + pel precise edge or point     noun: electrical contact or terminal; a defined point at which charge signal or a conductive connection enters leaves or joins a component,,LX-ICAES1-0043,{},"{""origins"":[],""nationalUses"":[],""derivations"":[""Zhel charge + Pel precise edge or point""],""variants"":[]}","Information, Computation, Automation, and Electrical Systems 1",Zhel charge + Pel precise edge or point,,,,
jorzhel,Jorzhel,/johr-zhehl/,Noun: Power surge; a brief sudden rise or burst of electrical or energetic force,jorzhel power surge; a brief sudden rise or burst of electrical or energetic force noun   jor surge + zhel energy     noun: power surge; a brief sudden rise or burst of electrical or energetic force,,LX-ICAES1-0044,{},"{""origins"":[],""nationalUses"":[],""derivations"":[""Jor surge + Zhel energy""],""variants"":[]}","Information, Computation, Automation, and Electrical Systems 1",Jor surge + Zhel energy,,,,
worzhel,Worzhel,/wohr-zhehl/,Noun: Overload; a condition in which supplied power current or demand exceeds the safe capacity of a system,worzhel overload; a condition in which supplied power current or demand exceeds the safe capacity of a system noun   wor excess or abundance + zhel energy     noun: overload; a condition in which supplied power current or demand exceeds the safe capacity of a system,,LX-ICAES1-0045,{},"{""origins"":[],""nationalUses"":[],""derivations"":[""Wor excess or abundance + Zhel energy""],""variants"":[]}","Information, Computation, Automation, and Electrical Systems 1",Wor excess or abundance + Zhel energy,,,,
kazhel,Kazhel,/kah-zhehl/,Noun: Power outage or blackout; loss of usable supplied energy within a place device or connected system,kazhel power outage or blackout; loss of usable supplied energy within a place device or connected system noun   ka absence + zhel power     noun: power outage or blackout; loss of usable supplied energy within a place device or connected system,,LX-ICAES1-0046,{},"{""origins"":[],""nationalUses"":[],""derivations"":[""Ka absence + Zhel power""],""variants"":[]}","Information, Computation, Automation, and Electrical Systems 1",Ka absence + Zhel power,,,,
zhelreth,Zhelreth,/zhehl-rehth/,Noun: Electrical fault; an abnormal electrical condition that disrupts safe or intended operation,zhelreth electrical fault; an abnormal electrical condition that disrupts safe or intended operation noun   zhel charge + reth disorder     noun: electrical fault; an abnormal electrical condition that disrupts safe or intended operation,,LX-ICAES1-0047,{},"{""origins"":[],""nationalUses"":[],""derivations"":[""Zhel charge + Reth disorder""],""variants"":[]}","Information, Computation, Automation, and Electrical Systems 1",Zhel charge + Reth disorder,,,,
rethzhelshara,Rethzhelshara,/rehth-zhehl-shah-rah/,Noun: Short circuit; an unintended low-control path that allows charge to bypass its intended circuit route,rethzhelshara short circuit; an unintended low-control path that allows charge to bypass its intended circuit route noun   reth disorder + zhelshara circuit   rethazhelshara  noun: short circuit; an unintended low-control path that allows charge to bypass its intended circuit route,,LX-ICAES1-0048,{},"{""origins"":[],""nationalUses"":[],""derivations"":[""Reth disorder + Zhelshara circuit""],""variants"":[{""form"":""Rethazhelshara"",""pronunciation"":""/reh-thah-zhehl-shah-rah/""}]}","Information, Computation, Automation, and Electrical Systems 1",Reth disorder + Zhelshara circuit,,,Rethazhelshara,/reh-thah-zhehl-shah-rah/
zhelaen,Zhelaen,/zhehl-ah-ehn/,Verb: To energize or power; to supply usable energy so a device system or effect can operate,zhelaen to energize or power; to supply usable energy so a device system or effect can operate verb   zhel energy + -aen verb     verb: to energize or power; to supply usable energy so a device system or effect can operate,,LX-ICAES1-0049,{},"{""origins"":[],""nationalUses"":[],""derivations"":[""Zhel energy + -aen verb""],""variants"":[]}","Information, Computation, Automation, and Electrical Systems 1",Zhel energy + -aen verb,,,,
kavzhelaen,Kavzhelaen,/kahv-zhehl-ah-ehn/,Verb: To charge or recharge; to place energy into a storage device for later release,kavzhelaen to charge or recharge; to place energy into a storage device for later release verb   kav preservation + zhel energy + -aen verb     verb: to charge or recharge; to place energy into a storage device for later release,,LX-ICAES1-0050,{},"{""origins"":[],""nationalUses"":[],""derivations"":[""Kav preservation + Zhel energy + -aen verb""],""variants"":[]}","Information, Computation, Automation, and Electrical Systems 1",Kav preservation + Zhel energy + -aen verb,,,,
thalzhelaen,Thalzhelaen,/thahl-zhehl-ah-ehn/,Verb: To discharge; to release stored electrical or energetic charge outward from a component or system,thalzhelaen to discharge; to release stored electrical or energetic charge outward from a component or system verb   thal from or outward + zhel charge + -aen verb     verb: to discharge; to release stored electrical or energetic charge outward from a component or system,,LX-ICAES1-0051,{},"{""origins"":[],""nationalUses"":[],""derivations"":[""Thal from or outward + Zhel charge + -aen verb""],""variants"":[]}","Information, Computation, Automation, and Electrical Systems 1",Thal from or outward + Zhel charge + -aen verb,,,,
arthzhelshara,Arthzhelshara,/ahrth-zhehl-shah-rah/,Noun: Circuit protector; a fuse breaker or comparable component that interrupts dangerous electrical conditions,arthzhelshara circuit protector; a fuse breaker or comparable component that interrupts dangerous electrical conditions noun   arth protection + zhelshara circuit   arthazhelshara  noun: circuit protector; a fuse breaker or comparable component that interrupts dangerous electrical conditions,,LX-ICAES1-0052,{},"{""origins"":[],""nationalUses"":[],""derivations"":[""Arth protection + Zhelshara circuit""],""variants"":[{""form"":""Arthazhelshara"",""pronunciation"":""/ahr-thah-zhehl-shah-rah/""}]}","Information, Computation, Automation, and Electrical Systems 1",Arth protection + Zhelshara circuit,,,Arthazhelshara,/ahr-thah-zhehl-shah-rah/
morzhelshan,Morzhelshan,/mohr-zhehl-shahn/,Noun: Electrical ground or grounding path; a controlled conductive connection to earth a common reference or a safe charge sink,morzhelshan electrical ground or grounding path; a controlled conductive connection to earth a common reference or a safe charge sink noun   mor physical ground or matter + zhelshan conductor     noun: electrical ground or grounding path; a controlled conductive connection to earth a common reference or a safe charge sink,,LX-ICAES1-0053,{},"{""origins"":[],""nationalUses"":[],""derivations"":[""Mor physical ground or matter + Zhelshan conductor""],""variants"":[]}","Information, Computation, Automation, and Electrical Systems 1",Mor physical ground or matter + Zhelshan conductor,,,,
mekkes,Mekkes,/mehk-kehs/,Noun: Technical diagnostic examination; a systematic test used to locate or characterize a fault in a constructed system,mekkes technical diagnostic examination; a systematic test used to locate or characterize a fault in a constructed system noun   mek constructed system + kes directed detection     noun: technical diagnostic examination; a systematic test used to locate or characterize a fault in a constructed system,,LX-ICAES1-0054,{},"{""origins"":[],""nationalUses"":[],""derivations"":[""Mek constructed system + Kes directed detection""],""variants"":[]}","Information, Computation, Automation, and Electrical Systems 1",Mek constructed system + Kes directed detection,,,,
mekkesaen,Mekkesaen,/mehk-kehs-ah-ehn/,Verb: To diagnose or troubleshoot a constructed system by systematic testing and interpretation,mekkesaen to diagnose or troubleshoot a constructed system by systematic testing and interpretation verb   mekkes technical diagnostic examination + -aen verb     verb: to diagnose or troubleshoot a constructed system by systematic testing and interpretation,,LX-ICAES1-0055,{},"{""origins"":[],""nationalUses"":[],""derivations"":[""Mekkes technical diagnostic examination + -aen verb""],""variants"":[]}","Information, Computation, Automation, and Electrical Systems 1",Mekkes technical diagnostic examination + -aen verb,,,,
varokmek,Varokmek,/vah-rohk-mehk/,Noun: Controller or control unit; a device or subsystem that directs another system according to commands input or prior instructions,varokmek controller or control unit; a device or subsystem that directs another system according to commands input or prior instructions noun   varok command or direction + mek device     noun: controller or control unit; a device or subsystem that directs another system according to commands input or prior instructions,,LX-ICAES1-0056,{},"{""origins"":[],""nationalUses"":[],""derivations"":[""Varok command or direction + Mek device""],""variants"":[]}","Information, Computation, Automation, and Electrical Systems 1",Varok command or direction + Mek device,,,,
rethzheldava,Rethzheldava,/rehth-zhehl-dah-vah/,Noun: Signal interference or noise; unwanted disturbance that obscures alters or competes with an information-bearing signal,rethzheldava signal interference or noise; unwanted disturbance that obscures alters or competes with an information-bearing signal noun   reth disorder + zheldava signal   rethazheldava  noun: signal interference or noise; unwanted disturbance that obscures alters or competes with an information-bearing signal,,LX-ICAES1-0057,{},"{""origins"":[],""nationalUses"":[],""derivations"":[""Reth disorder + Zheldava signal""],""variants"":[{""form"":""Rethazheldava"",""pronunciation"":""/reh-thah-zhehl-dah-vah/""}]}","Information, Computation, Automation, and Electrical Systems 1",Reth disorder + Zheldava signal,,,Rethazheldava,/reh-thah-zhehl-dah-vah/
songa,Songa,/soh-ngah/,"Noun: Universe or cosmos; the total physical expanse and all matter, energy, places, and events within it","songa universe or cosmos; the total physical expanse and all matter, energy, places, and events within it noun        noun: universe or cosmos; the total physical expanse and all matter, energy, places, and events within it",Yes,LX-SAC1-0001; XR-songa,{},null,"Science, Astronomy, and Cosmology 1",,,,,
songaeth,Songaeth,/soh-ngah-ehth/,"Adjective: Cosmic; relating to the universe's scale, structure, forces, or wider order","songaeth cosmic; relating to the universe's scale, structure, forces, or wider order adjective   songa universe + -eth adjective     adjective: cosmic; relating to the universe's scale, structure, forces, or wider order",,LX-SAC1-0002,{},"{""origins"":[],""nationalUses"":[],""derivations"":[""Songa universe + -eth adjective""],""variants"":[]}","Science, Astronomy, and Cosmology 1",Songa universe + -eth adjective,,,,
songazun,Songazun,/soh-ngah-zoon/,Noun: Outer space; the predominantly empty region beyond a world's substantial atmosphere,songazun outer space; the predominantly empty region beyond a world's substantial atmosphere noun   songa universe + zun empty     noun: outer space; the predominantly empty region beyond a world's substantial atmosphere,,LX-SAC1-0003,{},"{""origins"":[],""nationalUses"":[],""derivations"":[""Songa universe + Zun empty""],""variants"":[]}","Science, Astronomy, and Cosmology 1",Songa universe + Zun empty,,,,
zunesh,Zunesh,/zoo-nehsh/,Noun: Vacuum; a region with no air or extremely little matter or pressure,zunesh vacuum; a region with no air or extremely little matter or pressure noun   zun empty + esh air     noun: vacuum; a region with no air or extremely little matter or pressure,,LX-SAC1-0004,{},"{""origins"":[],""nationalUses"":[],""derivations"":[""Zun empty + Esh air""],""variants"":[]}","Science, Astronomy, and Cosmology 1",Zun empty + Esh air,,,,
nyel,Nyel,/nyehl/,Noun: Star; an individual self-luminous celestial body,nyel star; an individual self-luminous celestial body noun        noun: star; an individual self-luminous celestial body,Yes,LX-SAC1-0005; XR-nyel,{},null,"Science, Astronomy, and Cosmology 1",,,,,
nyeleth,Nyeleth,/nyeh-lehth/,Adjective: Stellar; relating to or produced by a star,nyeleth stellar; relating to or produced by a star adjective   nyel star + -eth adjective     adjective: stellar; relating to or produced by a star,,LX-SAC1-0006,{},"{""origins"":[],""nationalUses"":[],""derivations"":[""Nyel star + -eth adjective""],""variants"":[]}","Science, Astronomy, and Cosmology 1",Nyel star + -eth adjective,,,,
kreznyel,Kreznyel,/krez-nyehl/,Noun: Sun; a star understood in relation to an orbiting world as a principal source of daylight and heat,kreznyel sun; a star understood in relation to an orbiting world as a principal source of daylight and heat noun   krez fire or heat + nyel star   krezenyel  noun: sun; a star understood in relation to an orbiting world as a principal source of daylight and heat,,LX-SAC1-0007,{},"{""origins"":[],""nationalUses"":[],""derivations"":[""Krez fire or heat + Nyel star""],""variants"":[{""form"":""Krezenyel"",""pronunciation"":""/kreh-zeh-nyehl/""}]}","Science, Astronomy, and Cosmology 1",Krez fire or heat + Nyel star,,,Krezenyel,/kreh-zeh-nyehl/
vora,Vora,/voh-rah/,Noun: Planet; a large rounded celestial body that orbits a star and does not itself shine as a star,vora planet; a large rounded celestial body that orbits a star and does not itself shine as a star noun        noun: planet; a large rounded celestial body that orbits a star and does not itself shine as a star,Yes,LX-SAC1-0008; XR-vora,{},null,"Science, Astronomy, and Cosmology 1",,,,,
voraeth,Voraeth,/voh-rah-ehth/,Adjective: Planetary; relating to a planet as a whole or operating at planetary scale,voraeth planetary; relating to a planet as a whole or operating at planetary scale adjective   vora planet + -eth adjective     adjective: planetary; relating to a planet as a whole or operating at planetary scale,,LX-SAC1-0009,{},"{""origins"":[],""nationalUses"":[],""derivations"":[""Vora planet + -eth adjective""],""variants"":[]}","Science, Astronomy, and Cosmology 1",Vora planet + -eth adjective,,,,
luneth,Luneth,/loo-nehth/,"Adjective: Lunar; relating to a moon or its cycles, surface, light, or motion","luneth lunar; relating to a moon or its cycles, surface, light, or motion adjective   lun moon + -eth adjective     adjective: lunar; relating to a moon or its cycles, surface, light, or motion",,LX-SAC1-0010,{},"{""origins"":[],""nationalUses"":[],""derivations"":[""Lun moon + -eth adjective""],""variants"":[]}","Science, Astronomy, and Cosmology 1",Lun moon + -eth adjective,,,,
nyelbel,Nyelbel,/nyehl-behl/,Noun: Star system or planetary system; a star or stars and the bodies gravitationally associated with them,nyelbel star system or planetary system; a star or stars and the bodies gravitationally associated with them noun   nyel star + bel organized binding     noun: star system or planetary system; a star or stars and the bodies gravitationally associated with them,,LX-SAC1-0011,{},"{""origins"":[],""nationalUses"":[],""derivations"":[""Nyel star + Bel organized binding""],""variants"":[]}","Science, Astronomy, and Cosmology 1",Nyel star + Bel organized binding,,,,
wornyelbel,Wornyelbel,/wor-nyehl-behl/,"Noun: Galaxy; a vast gravitationally associated gathering of stars, star systems, matter, and related structures","wornyelbel galaxy; a vast gravitationally associated gathering of stars, star systems, matter, and related structures noun   wor great or abundant + nyelbel star system   worenyelbel  noun: galaxy; a vast gravitationally associated gathering of stars, star systems, matter, and related structures",,LX-SAC1-0012,{},"{""origins"":[],""nationalUses"":[],""derivations"":[""Wor great or abundant + Nyelbel star system""],""variants"":[{""form"":""Worenyelbel"",""pronunciation"":""/woh-reh-nyehl-behl/""}]}","Science, Astronomy, and Cosmology 1",Wor great or abundant + Nyelbel star system,,,Worenyelbel,/woh-reh-nyehl-behl/
nyelzhir,Nyelzhir,/nyehl-zheer/,Noun: Constellation; a culturally or practically recognized pattern of stars linked into an image or navigational figure as seen from an observing place,nyelzhir constellation; a culturally or practically recognized pattern of stars linked into an image or navigational figure as seen from an observing place noun   nyel star + zhir connecting line or thread   nyelezhir  noun: constellation; a culturally or practically recognized pattern of stars linked into an image or navigational figure as seen from an observing place,,LX-SAC1-0013,{},"{""origins"":[],""nationalUses"":[],""derivations"":[""Nyel star + Zhir connecting line or thread""],""variants"":[{""form"":""Nyelezhir"",""pronunciation"":""/nyeh-leh-zheer/""}]}","Science, Astronomy, and Cosmology 1",Nyel star + Zhir connecting line or thread,,,Nyelezhir,/nyeh-leh-zheer/
ravwek,Ravwek,/rahv-wehk/,Noun: Orbit; the recurring curved path of one body around another under sustained attraction,ravwek orbit; the recurring curved path of one body around another under sustained attraction noun   rav pull or attraction + wek cycle     noun: orbit; the recurring curved path of one body around another under sustained attraction,,LX-SAC1-0014,{},"{""origins"":[],""nationalUses"":[],""derivations"":[""Rav pull or attraction + Wek cycle""],""variants"":[]}","Science, Astronomy, and Cosmology 1",Rav pull or attraction + Wek cycle,,,,
ravwekaen,Ravwekaen,/rahv-weh-kah-ehn/,Verb: To orbit; to travel repeatedly around another body in an orbit,ravwekaen to orbit; to travel repeatedly around another body in an orbit verb   ravwek orbit + -aen verb     verb: to orbit; to travel repeatedly around another body in an orbit,,LX-SAC1-0015,{},"{""origins"":[],""nationalUses"":[],""derivations"":[""Ravwek orbit + -aen verb""],""variants"":[]}","Science, Astronomy, and Cosmology 1",Ravwek orbit + -aen verb,,,,
ravwekin,Ravwekin,/rahv-weh-keen/,Noun: Satellite; a natural or constructed body maintained in orbit around a larger body,ravwekin satellite; a natural or constructed body maintained in orbit around a larger body noun   ravwek orbit + -in individual     noun: satellite; a natural or constructed body maintained in orbit around a larger body,,LX-SAC1-0016,{},"{""origins"":[],""nationalUses"":[],""derivations"":[""Ravwek orbit + -in individual""],""variants"":[]}","Science, Astronomy, and Cosmology 1",Ravwek orbit + -in individual,,,,
dralxar,Dralxar,/drahl-xahr/,Noun: Eclipse; a celestial obscuration produced when one body blocks another body or its light from an observer,dralxar eclipse; a celestial obscuration produced when one body blocks another body or its light from an observer noun   dral heavens + xar cover or shadow     noun: eclipse; a celestial obscuration produced when one body blocks another body or its light from an observer,,LX-SAC1-0017,{},"{""origins"":[],""nationalUses"":[],""derivations"":[""Dral heavens + Xar cover or shadow""],""variants"":[]}","Science, Astronomy, and Cosmology 1",Dral heavens + Xar cover or shadow,,,,
dralxaraen,Dralxaraen,/drahl-xahr-ah-ehn/,Verb: To eclipse or celestially obscure; for one body to block another body or its light from an observer,dralxaraen to eclipse or celestially obscure; for one body to block another body or its light from an observer verb   dralxar eclipse + -aen verb     verb: to eclipse or celestially obscure; for one body to block another body or its light from an observer,,LX-SAC1-0018,{},"{""origins"":[],""nationalUses"":[],""derivations"":[""Dralxar eclipse + -aen verb""],""variants"":[]}","Science, Astronomy, and Cosmology 1",Dralxar eclipse + -aen verb,,,,
felvora,Felvora,/fehl-voh-rah/,Noun: Asteroid or minor planet; a comparatively small natural celestial body orbiting a star,felvora asteroid or minor planet; a comparatively small natural celestial body orbiting a star noun   fel smaller + vora planet or planetary body     noun: asteroid or minor planet; a comparatively small natural celestial body orbiting a star,,LX-SAC1-0019,{},"{""origins"":[],""nationalUses"":[],""derivations"":[""Fel smaller + Vora planet or planetary body""],""variants"":[]}","Science, Astronomy, and Cosmology 1",Fel smaller + Vora planet or planetary body,,,,
zhirnyel,Zhirnyel,/zheer-nyehl/,Noun: Comet; an orbiting celestial body historically recognized as a “thread-star” because it develops a visible trailing stream or tail when active,zhirnyel comet; an orbiting celestial body historically recognized as a “thread-star” because it develops a visible trailing stream or tail when active noun   zhir thread or line + nyel star   zhiranyel  noun: comet; an orbiting celestial body historically recognized as a “thread-star” because it develops a visible trailing stream or tail when active,,LX-SAC1-0020,{},"{""origins"":[],""nationalUses"":[],""derivations"":[""Zhir thread or line + Nyel star""],""variants"":[{""form"":""Zhiranyel"",""pronunciation"":""/zhee-rah-nyehl/""}]}","Science, Astronomy, and Cosmology 1",Zhir thread or line + Nyel star,,,Zhiranyel,/zhee-rah-nyehl/
dralfel,Dralfel,/drahl-fehl/,"Noun: Meteoroid; a small natural fragment of rock, metal, ice, or comparable matter traveling through space","dralfel meteoroid; a small natural fragment of rock, metal, ice, or comparable matter traveling through space noun   dral heavens + fel small bounded part     noun: meteoroid; a small natural fragment of rock, metal, ice, or comparable matter traveling through space",,LX-SAC1-0021,{},"{""origins"":[],""nationalUses"":[],""derivations"":[""Dral heavens + Fel small bounded part""],""variants"":[]}","Science, Astronomy, and Cosmology 1",Dral heavens + Fel small bounded part,,,,
krezdralfel,Krezdralfel,/krez-drahl-fehl/,Noun: Meteor; the visible luminous passage produced when a celestial fragment enters an atmosphere,krezdralfel meteor; the visible luminous passage produced when a celestial fragment enters an atmosphere noun   krez heat or burning light + dralfel meteoroid   krezadralfel  noun: meteor; the visible luminous passage produced when a celestial fragment enters an atmosphere,,LX-SAC1-0022,{},"{""origins"":[],""nationalUses"":[],""derivations"":[""Krez heat or burning light + Dralfel meteoroid""],""variants"":[{""form"":""Krezadralfel"",""pronunciation"":""/kreh-zah-drahl-fehl/""}]}","Science, Astronomy, and Cosmology 1",Krez heat or burning light + Dralfel meteoroid,,,Krezadralfel,/kreh-zah-drahl-fehl/
mordralfel,Mordralfel,/mohr-drahl-fehl/,Noun: Meteorite; material from a celestial fragment that survives atmospheric passage and reaches the ground,mordralfel meteorite; material from a celestial fragment that survives atmospheric passage and reaches the ground noun   mor ground or physical matter + dralfel celestial fragment   moradralfel  noun: meteorite; material from a celestial fragment that survives atmospheric passage and reaches the ground,,LX-SAC1-0023,{},"{""origins"":[],""nationalUses"":[],""derivations"":[""Mor ground or physical matter + Dralfel celestial fragment""],""variants"":[{""form"":""Moradralfel"",""pronunciation"":""/moh-rah-drahl-fehl/""}]}","Science, Astronomy, and Cosmology 1",Mor ground or physical matter + Dralfel celestial fragment,,,Moradralfel,/moh-rah-drahl-fehl/
felmor,Felmor,/fehl-mohr/,"Noun: Dust; very fine dry particles of matter capable of settling, drifting, or remaining suspended","felmor dust; very fine dry particles of matter capable of settling, drifting, or remaining suspended noun   fel small or diminished + mor matter     noun: dust; very fine dry particles of matter capable of settling, drifting, or remaining suspended",,LX-SAC1-0024,{},"{""origins"":[],""nationalUses"":[],""derivations"":[""Fel small or diminished + Mor matter""],""variants"":[]}","Science, Astronomy, and Cosmology 1",Fel small or diminished + Mor matter,,,,
morshen,Morshen,/mohr-shehn/,"Noun: Mass; the measured quantity of matter in a body, distinct from the gravitational force acting on it","morshen mass; the measured quantity of matter in a body, distinct from the gravitational force acting on it noun   mor matter + shen measure     noun: mass; the measured quantity of matter in a body, distinct from the gravitational force acting on it",,LX-SAC1-0025,{},"{""origins"":[],""nationalUses"":[],""derivations"":[""Mor matter + Shen measure""],""variants"":[]}","Science, Astronomy, and Cosmology 1",Mor matter + Shen measure,,,,
dralshen,Dralshen,/drahl-shehn/,"Noun: Astronomy; systematic observation and study of the observable heavens, celestial bodies, motions, radiation, and physical relations","dralshen astronomy; systematic observation and study of the observable heavens, celestial bodies, motions, radiation, and physical relations noun   dral heavens + shen measured study     noun: astronomy; systematic observation and study of the observable heavens, celestial bodies, motions, radiation, and physical relations",,LX-SAC1-0026,{},"{""origins"":[],""nationalUses"":[],""derivations"":[""Dral heavens + Shen measured study""],""variants"":[]}","Science, Astronomy, and Cosmology 1",Dral heavens + Shen measured study,,,,
songashen,Songashen,/soh-ngah-shehn/,"Noun: Cosmology; disciplined study and modeling of the universe as a whole, including its large-scale structure, history, and possible origins","songashen cosmology; disciplined study and modeling of the universe as a whole, including its large-scale structure, history, and possible origins noun   songa universe + shen measured study     noun: cosmology; disciplined study and modeling of the universe as a whole, including its large-scale structure, history, and possible origins",,LX-SAC1-0027,{},"{""origins"":[],""nationalUses"":[],""derivations"":[""Songa universe + Shen measured study""],""variants"":[]}","Science, Astronomy, and Cosmology 1",Songa universe + Shen measured study,,,,
shenbel,Shenbel,/shehn-behl/,"Noun: Science; organized, revisable inquiry that builds explanations through systematic observation, measurement, testing, and comparison","shenbel science; organized, revisable inquiry that builds explanations through systematic observation, measurement, testing, and comparison noun   shen measurement or disciplined inquiry + bel organized system     noun: science; organized, revisable inquiry that builds explanations through systematic observation, measurement, testing, and comparison",,LX-SAC1-0028,{},"{""origins"":[],""nationalUses"":[],""derivations"":[""Shen measurement or disciplined inquiry + Bel organized system""],""variants"":[]}","Science, Astronomy, and Cosmology 1",Shen measurement or disciplined inquiry + Bel organized system,,,,
shenbeleth,Shenbeleth,/shehn-beh-lehth/,"Adjective: Scientific; relating to the methods, evidence, explanations, or organized practice of science","shenbeleth scientific; relating to the methods, evidence, explanations, or organized practice of science adjective   shenbel science + -eth adjective     adjective: scientific; relating to the methods, evidence, explanations, or organized practice of science",,LX-SAC1-0029,{},"{""origins"":[],""nationalUses"":[],""derivations"":[""Shenbel science + -eth adjective""],""variants"":[]}","Science, Astronomy, and Cosmology 1",Shenbel science + -eth adjective,,,,
shenkes,Shenkes,/shehn-kehs/,Noun: Formal observation; a deliberately bounded and documented act of noticing under stated conditions,shenkes formal observation; a deliberately bounded and documented act of noticing under stated conditions noun   shen measured method + kes notice or register     noun: formal observation; a deliberately bounded and documented act of noticing under stated conditions,,LX-SAC1-0030,{},"{""origins"":[],""nationalUses"":[],""derivations"":[""Shen measured method + Kes notice or register""],""variants"":[]}","Science, Astronomy, and Cosmology 1",Shen measured method + Kes notice or register,,,,
shenkesaen,Shenkesaen,/shehn-keh-sah-ehn/,Verb: To observe scientifically or systematically under stated conditions,shenkesaen to observe scientifically or systematically under stated conditions verb   shenkes formal observation + -aen verb     verb: to observe scientifically or systematically under stated conditions,,LX-SAC1-0031,{},"{""origins"":[],""nationalUses"":[],""derivations"":[""Shenkes formal observation + -aen verb""],""variants"":[]}","Science, Astronomy, and Cosmology 1",Shenkes formal observation + -aen verb,,,,
kesdava,Kesdava,/kehs-dah-vah/,"Noun: Evidence; observed or reliably recorded information relevant to evaluating a claim, explanation, cause, or event","kesdava evidence; observed or reliably recorded information relevant to evaluating a claim, explanation, cause, or event noun   kes observation + dava information     noun: evidence; observed or reliably recorded information relevant to evaluating a claim, explanation, cause, or event",,LX-SAC1-0032,{},"{""origins"":[],""nationalUses"":[],""derivations"":[""Kes observation + Dava information""],""variants"":[]}","Science, Astronomy, and Cosmology 1",Kes observation + Dava information,,,,
sivshen,Sivshen,/seev-shehn/,"Noun: Experiment; a controlled test or intervention designed to examine a question, relation, or prediction under uncertainty","sivshen experiment; a controlled test or intervention designed to examine a question, relation, or prediction under uncertainty noun   siv attempt under uncertainty + shen measurement     noun: experiment; a controlled test or intervention designed to examine a question, relation, or prediction under uncertainty",,LX-SAC1-0033,{},"{""origins"":[],""nationalUses"":[],""derivations"":[""Siv attempt under uncertainty + Shen measurement""],""variants"":[]}","Science, Astronomy, and Cosmology 1",Siv attempt under uncertainty + Shen measurement,,,,
sivshenaen,Sivshenaen,/seev-sheh-nah-ehn/,Verb: To experiment; to conduct a controlled test intended to produce interpretable evidence,sivshenaen to experiment; to conduct a controlled test intended to produce interpretable evidence verb   sivshen experiment + -aen verb     verb: to experiment; to conduct a controlled test intended to produce interpretable evidence,,LX-SAC1-0034,{},"{""origins"":[],""nationalUses"":[],""derivations"":[""Sivshen experiment + -aen verb""],""variants"":[]}","Science, Astronomy, and Cosmology 1",Sivshen experiment + -aen verb,,,,
sivkel,Sivkel,/seev-kehl/,"Noun: Hypothesis; a provisional, testable statement offered to explain or predict an observable relation","sivkel hypothesis; a provisional, testable statement offered to explain or predict an observable relation noun   siv attempt under uncertainty + kel statement or text     noun: hypothesis; a provisional, testable statement offered to explain or predict an observable relation",,LX-SAC1-0035,{},"{""origins"":[],""nationalUses"":[],""derivations"":[""Siv attempt under uncertainty + Kel statement or text""],""variants"":[]}","Science, Astronomy, and Cosmology 1",Siv attempt under uncertainty + Kel statement or text,,,,
belkes,Belkes,/behl-kehs/,Noun: Scientific theory; an organized explanatory framework supported by converging evidence and repeated successful testing,belkes scientific theory; an organized explanatory framework supported by converging evidence and repeated successful testing noun   bel organized structure + kes observation     noun: scientific theory; an organized explanatory framework supported by converging evidence and repeated successful testing,,LX-SAC1-0036,{},"{""origins"":[],""nationalUses"":[],""derivations"":[""Bel organized structure + Kes observation""],""variants"":[]}","Science, Astronomy, and Cosmology 1",Bel organized structure + Kes observation,,,,
rinmek,Rinmek,/reen-mehk/,"Noun: Model; a deliberately constructed representation preserving selected structure, relations, or behavior of something studied","rinmek model; a deliberately constructed representation preserving selected structure, relations, or behavior of something studied noun   rin essential character + mek constructed form     noun: model; a deliberately constructed representation preserving selected structure, relations, or behavior of something studied",,LX-SAC1-0037,{},"{""origins"":[],""nationalUses"":[],""derivations"":[""Rin essential character + Mek constructed form""],""variants"":[]}","Science, Astronomy, and Cosmology 1",Rin essential character + Mek constructed form,,,,
rinmekaen,Rinmekaen,/reen-meh-kah-ehn/,"Verb: To model; to represent selected structure, relations, or behavior for explanation, testing, or prediction","rinmekaen to model; to represent selected structure, relations, or behavior for explanation, testing, or prediction verb   rinmek model + -aen verb     verb: to model; to represent selected structure, relations, or behavior for explanation, testing, or prediction",,LX-SAC1-0038,{},"{""origins"":[],""nationalUses"":[],""derivations"":[""Rinmek model + -aen verb""],""variants"":[]}","Science, Astronomy, and Cosmology 1",Rinmek model + -aen verb,,,,
varrinmek,Varrinmek,/vahr-reen-mehk/,Noun: Simulation; a model made to operate or change through a sequence so possible behavior can be examined,varrinmek simulation; a model made to operate or change through a sequence so possible behavior can be examined noun   var motion or change + rinmek model   vararinmek  noun: simulation; a model made to operate or change through a sequence so possible behavior can be examined,,LX-SAC1-0039,{},"{""origins"":[],""nationalUses"":[],""derivations"":[""Var motion or change + Rinmek model""],""variants"":[{""form"":""Vararinmek"",""pronunciation"":""/vah-rah-reen-mehk/""}]}","Science, Astronomy, and Cosmology 1",Var motion or change + Rinmek model,,,Vararinmek,/vah-rah-reen-mehk/
varrinmekaen,Varrinmekaen,/vahr-reen-meh-kah-ehn/,Verb: To simulate; to operate a model through changing states in order to examine possible behavior,varrinmekaen to simulate; to operate a model through changing states in order to examine possible behavior verb   varrinmek simulation + -aen verb   vararinmekaen  verb: to simulate; to operate a model through changing states in order to examine possible behavior,,LX-SAC1-0040,{},"{""origins"":[],""nationalUses"":[],""derivations"":[""Varrinmek simulation + -aen verb""],""variants"":[{""form"":""Vararinmekaen"",""pronunciation"":""/vah-rah-reen-meh-kah-ehn/""}]}","Science, Astronomy, and Cosmology 1",Varrinmek simulation + -aen verb,,,Vararinmekaen,/vah-rah-reen-meh-kah-ehn/
felshen,Felshen,/fehl-shehn/,"Noun: Sample; a bounded portion, selection, or subset taken for examination or used to represent a larger whole","felshen sample; a bounded portion, selection, or subset taken for examination or used to represent a larger whole noun   fel smaller part + shen measurement     noun: sample; a bounded portion, selection, or subset taken for examination or used to represent a larger whole",,LX-SAC1-0041,{},"{""origins"":[],""nationalUses"":[],""derivations"":[""Fel smaller part + Shen measurement""],""variants"":[]}","Science, Astronomy, and Cosmology 1",Fel smaller part + Shen measurement,,,,
felshenaen,Felshenaen,/fehl-sheh-nah-ehn/,"Verb: To sample; to select, collect, or measure a bounded portion intended to represent or reveal a larger whole","felshenaen to sample; to select, collect, or measure a bounded portion intended to represent or reveal a larger whole verb   felshen sample + -aen verb     verb: to sample; to select, collect, or measure a bounded portion intended to represent or reveal a larger whole",,LX-SAC1-0042,{},"{""origins"":[],""nationalUses"":[],""derivations"":[""Felshen sample + -aen verb""],""variants"":[]}","Science, Astronomy, and Cosmology 1",Felshen sample + -aen verb,,,,
drenvar,Drenvar,/drehn-vahr/,"Noun: Variable; a condition, property, value, or factor capable of changing within an observation, experiment, model, or calculation","drenvar variable; a condition, property, value, or factor capable of changing within an observation, experiment, model, or calculation noun   established drenvaraen change + noun-forming base     noun: variable; a condition, property, value, or factor capable of changing within an observation, experiment, model, or calculation",,LX-SAC1-0043,{},"{""origins"":[],""nationalUses"":[],""derivations"":[""Established Drenvaraen change + noun-forming base""],""variants"":[]}","Science, Astronomy, and Cosmology 1",Established Drenvaraen change + noun-forming base,,,,
sivshenlian,Sivshenlian,/seev-shehn-lee-ahn/,Noun: Experimental control or reference condition; the comparison condition used to interpret what an experiment changed,sivshenlian experimental control or reference condition; the comparison condition used to interpret what an experiment changed noun   sivshen experiment + lian reliable reference     noun: experimental control or reference condition; the comparison condition used to interpret what an experiment changed,,LX-SAC1-0044,{},"{""origins"":[],""nationalUses"":[],""derivations"":[""Sivshen experiment + Lian reliable reference""],""variants"":[]}","Science, Astronomy, and Cosmology 1",Sivshen experiment + Lian reliable reference,,,,
rethshen,Rethshen,/rehth-shehn/,Noun: Probability; a measured or formally estimated degree of likelihood under uncertainty,rethshen probability; a measured or formally estimated degree of likelihood under uncertainty noun   reth uncertainty + shen measure     noun: probability; a measured or formally estimated degree of likelihood under uncertainty,,LX-SAC1-0045,{},"{""origins"":[],""nationalUses"":[],""derivations"":[""Reth uncertainty + Shen measure""],""variants"":[]}","Science, Astronomy, and Cosmology 1",Reth uncertainty + Shen measure,,,,
shenreth,Shenreth,/shehn-rehth/,Noun: Measurement uncertainty; the stated range or limit within which a measured value remains uncertain,shenreth measurement uncertainty; the stated range or limit within which a measured value remains uncertain noun   shen measurement + reth uncertainty     noun: measurement uncertainty; the stated range or limit within which a measured value remains uncertain,,LX-SAC1-0046,{},"{""origins"":[],""nationalUses"":[],""derivations"":[""Shen measurement + Reth uncertainty""],""variants"":[]}","Science, Astronomy, and Cosmology 1",Shen measurement + Reth uncertainty,,,,
shenlianeth,Shenlianeth,/shehn-lee-ah-nehth/,"Adjective: Accurate; close to a trusted reference, accepted value, or well-supported account","shenlianeth accurate; close to a trusted reference, accepted value, or well-supported account adjective   shenlian standard + -eth adjective     adjective: accurate; close to a trusted reference, accepted value, or well-supported account",,LX-SAC1-0047,{},"{""origins"":[],""nationalUses"":[],""derivations"":[""Shenlian standard + -eth adjective""],""variants"":[]}","Science, Astronomy, and Cosmology 1",Shenlian standard + -eth adjective,,,,
pelsheneth,Pelsheneth,/pehl-sheh-nehth/,Adjective: Precise; narrowly resolved or consistently specified in measurement or expression,pelsheneth precise; narrowly resolved or consistently specified in measurement or expression adjective   pel sharp clarity or fine point + shen measure + -eth adjective     adjective: precise; narrowly resolved or consistently specified in measurement or expression,,LX-SAC1-0048,{},"{""origins"":[],""nationalUses"":[],""derivations"":[""Pel sharp clarity or fine point + Shen measure + -eth adjective""],""variants"":[]}","Science, Astronomy, and Cosmology 1",Pel sharp clarity or fine point + Shen measure + -eth adjective,,,,
shenvarash,Shenvarash,/shehn-vah-rahsh/,"Noun: Scientific prediction or forecast; a stated future outcome derived from evidence, a model, calculation, or theory","shenvarash scientific prediction or forecast; a stated future outcome derived from evidence, a model, calculation, or theory noun   shen measured method + varash future     noun: scientific prediction or forecast; a stated future outcome derived from evidence, a model, calculation, or theory",,LX-SAC1-0049,{},"{""origins"":[],""nationalUses"":[],""derivations"":[""Shen measured method + Varash future""],""variants"":[]}","Science, Astronomy, and Cosmology 1",Shen measured method + Varash future,,,,
shenvarashaen,Shenvarashaen,/shehn-vah-rah-shah-ehn/,"Verb: To predict or forecast scientifically from evidence, a model, calculation, or theory","shenvarashaen to predict or forecast scientifically from evidence, a model, calculation, or theory verb   shenvarash prediction + -aen verb     verb: to predict or forecast scientifically from evidence, a model, calculation, or theory",,LX-SAC1-0050,{},"{""origins"":[],""nationalUses"":[],""derivations"":[""Shenvarash prediction + -aen verb""],""variants"":[]}","Science, Astronomy, and Cosmology 1",Shenvarash prediction + -aen verb,,,,
weksivshen,Weksivshen,/wehk-seev-shehn/,Noun: Replication; an independently repeated experiment or test intended to determine whether a result recurs,weksivshen replication; an independently repeated experiment or test intended to determine whether a result recurs noun   wek repetition or cycle + sivshen experiment     noun: replication; an independently repeated experiment or test intended to determine whether a result recurs,,LX-SAC1-0051,{},"{""origins"":[],""nationalUses"":[],""derivations"":[""Wek repetition or cycle + Sivshen experiment""],""variants"":[]}","Science, Astronomy, and Cosmology 1",Wek repetition or cycle + Sivshen experiment,,,,
weksivshenaen,Weksivshenaen,/wehk-seev-sheh-nah-ehn/,Verb: To replicate an experiment or test; to repeat its relevant method in order to test whether the result recurs,weksivshenaen to replicate an experiment or test; to repeat its relevant method in order to test whether the result recurs verb   weksivshen replication + -aen verb     verb: to replicate an experiment or test; to repeat its relevant method in order to test whether the result recurs,,LX-SAC1-0052,{},"{""origins"":[],""nationalUses"":[],""derivations"":[""Weksivshen replication + -aen verb""],""variants"":[]}","Science, Astronomy, and Cosmology 1",Weksivshen replication + -aen verb,,,,
shalpel,Shalpel,/shahl-pehl/,"Noun: Lens; a shaped transparent, reflective, crystalline, magical, or hybrid component that redirects or focuses light","shalpel lens; a shaped transparent, reflective, crystalline, magical, or hybrid component that redirects or focuses light noun   shal light + pel precise point or edge     noun: lens; a shaped transparent, reflective, crystalline, magical, or hybrid component that redirects or focuses light",,LX-SAC1-0053,{},"{""origins"":[],""nationalUses"":[],""derivations"":[""Shal light + Pel precise point or edge""],""variants"":[]}","Science, Astronomy, and Cosmology 1",Shal light + Pel precise point or edge,,,,
drallor,Drallor,/drahl-lohr/,Noun: Telescope; an instrument that gathers or directs signals to observe distant celestial objects,drallor telescope; an instrument that gathers or directs signals to observe distant celestial objects noun   dral heavens + lor directed sight or focus   dralalor  noun: telescope; an instrument that gathers or directs signals to observe distant celestial objects,,LX-SAC1-0054,{},"{""origins"":[],""nationalUses"":[],""derivations"":[""Dral heavens + Lor directed sight or focus""],""variants"":[{""form"":""Dralalor"",""pronunciation"":""/drah-lah-lohr/""}]}","Science, Astronomy, and Cosmology 1",Dral heavens + Lor directed sight or focus,,,Dralalor,/drah-lah-lohr/
fellor,Fellor,/fehl-lohr/,Noun: Microscope; an instrument that magnifies or otherwise resolves structures too small for unaided sight,fellor microscope; an instrument that magnifies or otherwise resolves structures too small for unaided sight noun   fel small or diminished scale + lor directed sight or focus   felalor  noun: microscope; an instrument that magnifies or otherwise resolves structures too small for unaided sight,,LX-SAC1-0055,{},"{""origins"":[],""nationalUses"":[],""derivations"":[""Fel small or diminished scale + Lor directed sight or focus""],""variants"":[{""form"":""Felalor"",""pronunciation"":""/feh-lah-lohr/""}]}","Science, Astronomy, and Cosmology 1",Fel small or diminished scale + Lor directed sight or focus,,,Felalor,/feh-lah-lohr/
aru,Aru,/ah-roo/,Noun: Magic; intentional relationship or practice through which extraordinary forces beings places artifacts conditions or systems produce effects beyond ordinary causation,aru magic; intentional relationship or practice through which extraordinary forces beings places artifacts conditions or systems produce effects beyond ordinary causation noun        noun: magic; intentional relationship or practice through which extraordinary forces beings places artifacts conditions or systems produce effects beyond ordinary causation,Yes,LX-GMMP1-0001; XR-aru,{},null,General Magic and Metaphysical Practice 1,,,,,
arueth,Arueth,/ah-roo-ehth/,Adjective: Magical; relating to magic or produced through magical practice,arueth magical; relating to magic or produced through magical practice adjective   aru magic + -eth adjective     adjective: magical; relating to magic or produced through magical practice,,LX-GMMP1-0002,{},"{""origins"":[],""nationalUses"":[],""derivations"":[""Aru magic + -eth adjective""],""variants"":[]}",General Magic and Metaphysical Practice 1,Aru magic + -eth adjective,,,,
kaarueth,Kaarueth,/kah-ah-roo-ehth/,Adjective: Nonmagical; not involving or produced through magic,kaarueth nonmagical; not involving or produced through magic adjective   ka absence + aru magic + -eth adjective     adjective: nonmagical; not involving or produced through magic,,LX-GMMP1-0003,{},"{""origins"":[],""nationalUses"":[],""derivations"":[""Ka absence + Aru magic + -eth adjective""],""variants"":[]}",General Magic and Metaphysical Practice 1,Ka absence + Aru magic + -eth adjective,,,,
aruaen,Aruaen,/ah-roo-ah-ehn/,Verb: To use or practice magic generally,aruaen to use or practice magic generally verb   aru magic + -aen verb     verb: to use or practice magic generally,,LX-GMMP1-0004,{},"{""origins"":[],""nationalUses"":[],""derivations"":[""Aru magic + -aen verb""],""variants"":[]}",General Magic and Metaphysical Practice 1,Aru magic + -aen verb,,,,
arural,Arural,/ah-roo-rahl/,Noun: Magical practitioner; a person who intentionally practices or works with magic,arural magical practitioner; a person who intentionally practices or works with magic noun   aru magic + -ral practitioner     noun: magical practitioner; a person who intentionally practices or works with magic,,LX-GMMP1-0005,{},"{""origins"":[],""nationalUses"":[],""derivations"":[""Aru magic + -ral practitioner""],""variants"":[]}",General Magic and Metaphysical Practice 1,Aru magic + -ral practitioner,,,,
rinaru,Rinaru,/reen-ah-roo/,Noun: Spiritual magic; magic acting through essence spirits attunement spiritual bonds or metaphysical identity,rinaru spiritual magic; magic acting through essence spirits attunement spiritual bonds or metaphysical identity noun   rin essence or inner spirit + aru magic     noun: spiritual magic; magic acting through essence spirits attunement spiritual bonds or metaphysical identity,,LX-GMMP1-0006,{},"{""origins"":[],""nationalUses"":[],""derivations"":[""Rin essence or inner spirit + Aru magic""],""variants"":[]}",General Magic and Metaphysical Practice 1,Rin essence or inner spirit + Aru magic,,,,
kalaru,Kalaru,/kahl-ah-roo/,Noun: Physical magic; magic acting upon matter bodies elements energy force motion or physically manifested change,kalaru physical magic; magic acting upon matter bodies elements energy force motion or physically manifested change noun   kal physical power + aru magic     noun: physical magic; magic acting upon matter bodies elements energy force motion or physically manifested change,,LX-GMMP1-0007,{},"{""origins"":[],""nationalUses"":[],""derivations"":[""Kal physical power + Aru magic""],""variants"":[]}",General Magic and Metaphysical Practice 1,Kal physical power + Aru magic,,,,
esharu,Esharu,/ehsh-ah-roo/,Noun: Mental magic; magic acting upon thought awareness perception memory emotion dream or will,esharu mental magic; magic acting upon thought awareness perception memory emotion dream or will noun   esh thought or intellect + aru magic     noun: mental magic; magic acting upon thought awareness perception memory emotion dream or will,,LX-GMMP1-0008,{},"{""origins"":[],""nationalUses"":[],""derivations"":[""Esh thought or intellect + Aru magic""],""variants"":[]}",General Magic and Metaphysical Practice 1,Esh thought or intellect + Aru magic,,,,
arukel,Arukel,/ah-roo-kehl/,Noun: Spell; a bounded repeatable magical formulation encoded through words movement marks calculation music tools or another defined expression,arukel spell; a bounded repeatable magical formulation encoded through words movement marks calculation music tools or another defined expression noun   aru magic + kel defined expression or text     noun: spell; a bounded repeatable magical formulation encoded through words movement marks calculation music tools or another defined expression,,LX-GMMP1-0009,{},"{""origins"":[],""nationalUses"":[],""derivations"":[""Aru magic + Kel defined expression or text""],""variants"":[]}",General Magic and Metaphysical Practice 1,Aru magic + Kel defined expression or text,,,,
arukelaen,Arukelaen,/ah-roo-keh-lah-ehn/,Verb: To cast or activate a spell,arukelaen to cast or activate a spell verb   arukel spell + -aen verb     verb: to cast or activate a spell,,LX-GMMP1-0010,{},"{""origins"":[],""nationalUses"":[],""derivations"":[""Arukel spell + -aen verb""],""variants"":[]}",General Magic and Metaphysical Practice 1,Arukel spell + -aen verb,,,,
shankalaen,Shankalaen,/shahn-kahl-ah-ehn/,Verb: To channel power through oneself a tool a bond or another medium,shankalaen to channel power through oneself a tool a bond or another medium verb   shan passage + kal power + -aen verb     verb: to channel power through oneself a tool a bond or another medium,,LX-GMMP1-0011,{},"{""origins"":[],""nationalUses"":[],""derivations"":[""Shan passage + Kal power + -aen verb""],""variants"":[]}",General Magic and Metaphysical Practice 1,Shan passage + Kal power + -aen verb,,,,
rinbel,Rinbel,/reen-behl/,Noun: Enchantment; a sustained extraordinary property or directive bound into the operative identity of a person object or place,rinbel enchantment; a sustained extraordinary property or directive bound into the operative identity of a person object or place noun   rin operative essence + bel binding     noun: enchantment; a sustained extraordinary property or directive bound into the operative identity of a person object or place,,LX-GMMP1-0012,{},"{""origins"":[],""nationalUses"":[],""derivations"":[""Rin operative essence + Bel binding""],""variants"":[]}",General Magic and Metaphysical Practice 1,Rin operative essence + Bel binding,,,,
rinbelaen,Rinbelaen,/reen-beh-lah-ehn/,Verb: To enchant or imbue by binding a sustained extraordinary property or directive into operative identity,rinbelaen to enchant or imbue by binding a sustained extraordinary property or directive into operative identity verb   rinbel enchantment + -aen verb     verb: to enchant or imbue by binding a sustained extraordinary property or directive into operative identity,,LX-GMMP1-0013,{},"{""origins"":[],""nationalUses"":[],""derivations"":[""Rinbel enchantment + -aen verb""],""variants"":[]}",General Magic and Metaphysical Practice 1,Rinbel enchantment + -aen verb,,,,
rinbeleth,Rinbeleth,/reen-beh-lehth/,Adjective: Enchanted; bearing a sustained extraordinary property or directive bound into operative identity,rinbeleth enchanted; bearing a sustained extraordinary property or directive bound into operative identity adjective   rinbel enchantment + -eth adjective     adjective: enchanted; bearing a sustained extraordinary property or directive bound into operative identity,,LX-GMMP1-0014,{},"{""origins"":[],""nationalUses"":[],""derivations"":[""Rinbel enchantment + -eth adjective""],""variants"":[]}",General Magic and Metaphysical Practice 1,Rinbel enchantment + -eth adjective,,,,
arthrin,Arthrin,/ahrth-reen/,Noun: Ward; a maintained protective condition held through essence bond intention or magic,arthrin ward; a maintained protective condition held through essence bond intention or magic noun   arth protection + rin essence   artharin  noun: ward; a maintained protective condition held through essence bond intention or magic,,LX-GMMP1-0015,{},"{""origins"":[],""nationalUses"":[],""derivations"":[""Arth protection + Rin essence""],""variants"":[{""form"":""Artharin"",""pronunciation"":""/ahr-thah-reen/""}]}",General Magic and Metaphysical Practice 1,Arth protection + Rin essence,,,Artharin,/ahr-thah-reen/
xarrin,Xarrin,/xahr-reen/,Noun: Metaphysical seal or containment; a maintained condition that closes confines or prevents passage across a metaphysical boundary,xarrin metaphysical seal or containment; a maintained condition that closes confines or prevents passage across a metaphysical boundary noun   xar cover or closure + rin essence   xararin  noun: metaphysical seal or containment; a maintained condition that closes confines or prevents passage across a metaphysical boundary,,LX-GMMP1-0016,{},"{""origins"":[],""nationalUses"":[],""derivations"":[""Xar cover or closure + Rin essence""],""variants"":[{""form"":""Xararin"",""pronunciation"":""/xah-rah-reen/""}]}",General Magic and Metaphysical Practice 1,Xar cover or closure + Rin essence,,,Xararin,/xah-rah-reen/
kaaruaen,Kaaruaen,/kah-ah-roo-ah-ehn/,Verb: To dispel or suppress an active magical effect,kaaruaen to dispel or suppress an active magical effect verb   ka reversal or absence + aru magic + -aen verb     verb: to dispel or suppress an active magical effect,,LX-GMMP1-0017,{},"{""origins"":[],""nationalUses"":[],""derivations"":[""Ka reversal or absence + Aru magic + -aen verb""],""variants"":[]}",General Magic and Metaphysical Practice 1,Ka reversal or absence + Aru magic + -aen verb,,,,
vaarrin,Vaarrin,/vahr-reen/,Noun: Blessing; an intended beneficial condition conferred upon a person object place relationship or undertaking,vaarrin blessing; an intended beneficial condition conferred upon a person object place relationship or undertaking noun   vaar peace or beneficial harmony + rin essence     noun: blessing; an intended beneficial condition conferred upon a person object place relationship or undertaking,,LX-GMMP1-0018,{},"{""origins"":[],""nationalUses"":[],""derivations"":[""Vaar peace or beneficial harmony + Rin essence""],""variants"":[]}",General Magic and Metaphysical Practice 1,Vaar peace or beneficial harmony + Rin essence,,,,
rathrin,Rathrin,/rahth-reen/,Noun: Curse; a sustained hostile condition imposed upon a person object place relationship or undertaking,rathrin curse; a sustained hostile condition imposed upon a person object place relationship or undertaking noun   rath hostile pressure or harm + rin essence   ratharin  noun: curse; a sustained hostile condition imposed upon a person object place relationship or undertaking,,LX-GMMP1-0019,{},"{""origins"":[],""nationalUses"":[],""derivations"":[""Rath hostile pressure or harm + Rin essence""],""variants"":[{""form"":""Ratharin"",""pronunciation"":""/rah-thah-reen/""}]}",General Magic and Metaphysical Practice 1,Rath hostile pressure or harm + Rin essence,,,Ratharin,/rah-thah-reen/
rinvek,Rinvek,/reen-vehk/,Noun: Magical artifact or implement; an object made carried or used as an independently meaningful magical instrument,rinvek magical artifact or implement; an object made carried or used as an independently meaningful magical instrument noun   rin operative essence + vek carrier or vessel     noun: magical artifact or implement; an object made carried or used as an independently meaningful magical instrument,,LX-GMMP1-0020,{},"{""origins"":[],""nationalUses"":[],""derivations"":[""Rin operative essence + Vek carrier or vessel""],""variants"":[]}",General Magic and Metaphysical Practice 1,Rin operative essence + Vek carrier or vessel,,,,
ohmpel,Ohmpel,/ohm-pehl/,Noun: Magical focus; an object mark bodily point or prepared location through which attention and magical connection are concentrated or aligned,ohmpel magical focus; an object mark bodily point or prepared location through which attention and magical connection are concentrated or aligned noun   ohm connection or attunement + pel precise point     noun: magical focus; an object mark bodily point or prepared location through which attention and magical connection are concentrated or aligned,,LX-GMMP1-0021,{},"{""origins"":[],""nationalUses"":[],""derivations"":[""Ohm connection or attunement + Pel precise point""],""variants"":[]}",General Magic and Metaphysical Practice 1,Ohm connection or attunement + Pel precise point,,,,
mekaru,Mekaru,/mehk-ah-roo/,Noun: Technomancy; magical practice whose operation depends upon active integration with machines computation constructed systems or engineered interfaces,mekaru technomancy; magical practice whose operation depends upon active integration with machines computation constructed systems or engineered interfaces noun   mek constructed mechanism + aru magic     noun: technomancy; magical practice whose operation depends upon active integration with machines computation constructed systems or engineered interfaces,,LX-GMMP1-0022,{},"{""origins"":[],""nationalUses"":[],""derivations"":[""Mek constructed mechanism + Aru magic""],""variants"":[]}",General Magic and Metaphysical Practice 1,Mek constructed mechanism + Aru magic,,,,
thaenin,Thaenin,/thah-eh-neen/,Noun: Spirit-being; a nonbodily or partly embodied presence understood to possess awareness will or agency,thaenin spirit-being; a nonbodily or partly embodied presence understood to possess awareness will or agency noun   thaen spirit-breath + -in individual participant     noun: spirit-being; a nonbodily or partly embodied presence understood to possess awareness will or agency,,LX-GMMP1-0023,{},"{""origins"":[],""nationalUses"":[],""derivations"":[""Thaen spirit-breath + -in individual participant""],""variants"":[]}",General Magic and Metaphysical Practice 1,Thaen spirit-breath + -in individual participant,,,,
thaenohm,Thaenohm,/thah-ehn-ohm/,Noun: Spirit contact or communion; a reciprocal or attempted connection between a person and an agentive spirit-being,thaenohm spirit contact or communion; a reciprocal or attempted connection between a person and an agentive spirit-being noun   thaen spirit + ohm connection     noun: spirit contact or communion; a reciprocal or attempted connection between a person and an agentive spirit-being,,LX-GMMP1-0024,{},"{""origins"":[],""nationalUses"":[],""derivations"":[""Thaen spirit + Ohm connection""],""variants"":[]}",General Magic and Metaphysical Practice 1,Thaen spirit + Ohm connection,,,,
thaenohmaen,Thaenohmaen,/thah-ehn-ohm-ah-ehn/,Verb: To contact or commune with a spirit-being,thaenohmaen to contact or commune with a spirit-being verb   thaenohm spirit contact + -aen verb     verb: to contact or commune with a spirit-being,,LX-GMMP1-0025,{},"{""origins"":[],""nationalUses"":[],""derivations"":[""Thaenohm spirit contact + -aen verb""],""variants"":[]}",General Magic and Metaphysical Practice 1,Thaenohm spirit contact + -aen verb,,,,
rinarshor,Rinarshor,/reen-ahr-shor/,Noun: Aura; a perceivable or inferable field or presence surrounding a being object or place and associated with its present essence or condition,rinarshor aura; a perceivable or inferable field or presence surrounding a being object or place and associated with its present essence or condition noun   rin essence + arshor enveloping presence     noun: aura; a perceivable or inferable field or presence surrounding a being object or place and associated with its present essence or condition,,LX-GMMP1-0026,{},"{""origins"":[],""nationalUses"":[],""derivations"":[""Rin essence + Arshor enveloping presence""],""variants"":[]}",General Magic and Metaphysical Practice 1,Rin essence + Arshor enveloping presence,,,,
thaenbel,Thaenbel,/thah-ehn-behl/,Noun: Spirit-binding; a maintained bond that attaches confines obligates or anchors a spirit-being to a person object place agreement or task,thaenbel spirit-binding; a maintained bond that attaches confines obligates or anchors a spirit-being to a person object place agreement or task noun   thaen spirit + bel binding     noun: spirit-binding; a maintained bond that attaches confines obligates or anchors a spirit-being to a person object place agreement or task,,LX-GMMP1-0027,{},"{""origins"":[],""nationalUses"":[],""derivations"":[""Thaen spirit + Bel binding""],""variants"":[]}",General Magic and Metaphysical Practice 1,Thaen spirit + Bel binding,,,,
thaenbelaen,Thaenbelaen,/thah-ehn-beh-lah-ehn/,Verb: To bind a spirit-being to a person object place agreement or task,thaenbelaen to bind a spirit-being to a person object place agreement or task verb   thaenbel spirit-binding + -aen verb     verb: to bind a spirit-being to a person object place agreement or task,,LX-GMMP1-0028,{},"{""origins"":[],""nationalUses"":[],""derivations"":[""Thaenbel spirit-binding + -aen verb""],""variants"":[]}",General Magic and Metaphysical Practice 1,Thaenbel spirit-binding + -aen verb,,,,
kathaenbelaen,Kathaenbelaen,/kah-thah-ehn-beh-lah-ehn/,Verb: To release a spirit-being from an imposed or maintained binding,kathaenbelaen to release a spirit-being from an imposed or maintained binding verb   ka reversal + thaenbelaen bind a spirit     verb: to release a spirit-being from an imposed or maintained binding,,LX-GMMP1-0029,{},"{""origins"":[],""nationalUses"":[],""derivations"":[""Ka reversal + Thaenbelaen bind a spirit""],""variants"":[]}",General Magic and Metaphysical Practice 1,Ka reversal + Thaenbelaen bind a spirit,,,,
krezpralaen,Krezpralaen,/krehz-prahl-ah-ehn/,Verb: To shape or control fire or heat through extraordinary trained practice,krezpralaen to shape or control fire or heat through extraordinary trained practice verb   krez fire or heat + pral skilled shaping   krezapralaen  verb: to shape or control fire or heat through extraordinary trained practice,,LX-GMMP1-0030,{},"{""origins"":[],""nationalUses"":[],""derivations"":[""Krez fire or heat + Pral skilled shaping""],""variants"":[{""form"":""Krezapralaen"",""pronunciation"":""/kreh-zah-prahl-ah-ehn/""}]}",General Magic and Metaphysical Practice 1,Krez fire or heat + Pral skilled shaping,,,Krezapralaen,/kreh-zah-prahl-ah-ehn/
dropralaen,Dropralaen,/droh-prahl-ah-ehn/,Verb: To shape or control physical water its pressure motion or form through extraordinary trained practice,dropralaen to shape or control physical water its pressure motion or form through extraordinary trained practice verb   dro physical water + pral skilled shaping     verb: to shape or control physical water its pressure motion or form through extraordinary trained practice,,LX-GMMP1-0031,{},"{""origins"":[],""nationalUses"":[],""derivations"":[""Dro physical water + Pral skilled shaping""],""variants"":[]}",General Magic and Metaphysical Practice 1,Dro physical water + Pral skilled shaping,,,,
eshpralaen,Eshpralaen,/ehsh-prahl-ah-ehn/,Verb: To shape or control air wind or atmospheric motion through extraordinary trained practice,eshpralaen to shape or control air wind or atmospheric motion through extraordinary trained practice verb   esh air or wind + pral skilled shaping     verb: to shape or control air wind or atmospheric motion through extraordinary trained practice,,LX-GMMP1-0032,{},"{""origins"":[],""nationalUses"":[],""derivations"":[""Esh air or wind + Pral skilled shaping""],""variants"":[]}",General Magic and Metaphysical Practice 1,Esh air or wind + Pral skilled shaping,,,,
morpralaen,Morpralaen,/mohr-prahl-ah-ehn/,Verb: To shape or control soil stone metal mineral or other nonliving matter through extraordinary trained practice,morpralaen to shape or control soil stone metal mineral or other nonliving matter through extraordinary trained practice verb   mor matter or earth + pral skilled shaping     verb: to shape or control soil stone metal mineral or other nonliving matter through extraordinary trained practice,,LX-GMMP1-0033,{},"{""origins"":[],""nationalUses"":[],""derivations"":[""Mor matter or earth + Pral skilled shaping""],""variants"":[]}",General Magic and Metaphysical Practice 1,Mor matter or earth + Pral skilled shaping,,,,
velpralaen,Velpralaen,/vehl-prahl-ah-ehn/,Verb: To shape or control cold frost snow or ice through extraordinary trained practice,velpralaen to shape or control cold frost snow or ice through extraordinary trained practice verb   vel cold stillness + pral skilled shaping     verb: to shape or control cold frost snow or ice through extraordinary trained practice,,LX-GMMP1-0034,{},"{""origins"":[],""nationalUses"":[],""derivations"":[""Vel cold stillness + Pral skilled shaping""],""variants"":[]}",General Magic and Metaphysical Practice 1,Vel cold stillness + Pral skilled shaping,,,,
zhelpralaen,Zhelpralaen,/zhehl-prahl-ah-ehn/,Verb: To shape or control electricity lightning energetic charge or comparable active power through extraordinary trained practice,zhelpralaen to shape or control electricity lightning energetic charge or comparable active power through extraordinary trained practice verb   zhel energy or charge + pral skilled shaping     verb: to shape or control electricity lightning energetic charge or comparable active power through extraordinary trained practice,,LX-GMMP1-0035,{},"{""origins"":[],""nationalUses"":[],""derivations"":[""Zhel energy or charge + Pral skilled shaping""],""variants"":[]}",General Magic and Metaphysical Practice 1,Zhel energy or charge + Pral skilled shaping,,,,
tenarpralaen,Tenarpralaen,/teh-nahr-prahl-ah-ehn/,Verb: To shape direct or sustain visible light or radiance through extraordinary trained practice,tenarpralaen to shape direct or sustain visible light or radiance through extraordinary trained practice verb   tenar steady radiance + pral skilled shaping     verb: to shape direct or sustain visible light or radiance through extraordinary trained practice,,LX-GMMP1-0036,{},"{""origins"":[],""nationalUses"":[],""derivations"":[""Tenar steady radiance + Pral skilled shaping""],""variants"":[]}",General Magic and Metaphysical Practice 1,Tenar steady radiance + Pral skilled shaping,,,,
vethpralaen,Vethpralaen,/vehth-prahl-ah-ehn/,Verb: To shape deepen move or sustain shadow and concealment through extraordinary trained practice,vethpralaen to shape deepen move or sustain shadow and concealment through extraordinary trained practice verb   veth shade or hiddenness + pral skilled shaping   vethapralaen  verb: to shape deepen move or sustain shadow and concealment through extraordinary trained practice,,LX-GMMP1-0037,{},"{""origins"":[],""nationalUses"":[],""derivations"":[""Veth shade or hiddenness + Pral skilled shaping""],""variants"":[{""form"":""Vethapralaen"",""pronunciation"":""/veh-thah-prahl-ah-ehn/""}]}",General Magic and Metaphysical Practice 1,Veth shade or hiddenness + Pral skilled shaping,,,Vethapralaen,/veh-thah-prahl-ah-ehn/
shalrinaen,Shalrinaen,/shahl-ree-nah-ehn/,Verb: To alter a living organism's growth tissue bodily process or biological development through extraordinary practice; to perform biomancy,shalrinaen to alter a living organism's growth tissue bodily process or biological development through extraordinary practice; to perform biomancy verb   shalrin living organism + -aen verb     verb: to alter a living organism's growth tissue bodily process or biological development through extraordinary practice; to perform biomancy,,LX-GMMP1-0038,{},"{""origins"":[],""nationalUses"":[],""derivations"":[""Shalrin living organism + -aen verb""],""variants"":[]}",General Magic and Metaphysical Practice 1,Shalrin living organism + -aen verb,,,,
vethshal,Vethshal,/vehth-shahl/,Noun: Illusion; a deliberately formed sensory appearance that obscures substitutes for or misdirects perception of what is present,vethshal illusion; a deliberately formed sensory appearance that obscures substitutes for or misdirects perception of what is present noun   veth concealment + shal light or revelation     noun: illusion; a deliberately formed sensory appearance that obscures substitutes for or misdirects perception of what is present,,LX-GMMP1-0039,{},"{""origins"":[],""nationalUses"":[],""derivations"":[""Veth concealment + Shal light or revelation""],""variants"":[]}",General Magic and Metaphysical Practice 1,Veth concealment + Shal light or revelation,,,,
vethshalaen,Vethshalaen,/vehth-shah-lah-ehn/,Verb: To create project or maintain an illusion,vethshalaen to create project or maintain an illusion verb   vethshal illusion + -aen verb     verb: to create project or maintain an illusion,,LX-GMMP1-0040,{},"{""origins"":[],""nationalUses"":[],""derivations"":[""Vethshal illusion + -aen verb""],""variants"":[]}",General Magic and Metaphysical Practice 1,Vethshal illusion + -aen verb,,,,
vethshaleth,Vethshaleth,/vehth-shah-lehth/,Adjective: Illusory; presenting an intentionally constructed appearance rather than the underlying thing or condition,vethshaleth illusory; presenting an intentionally constructed appearance rather than the underlying thing or condition adjective   vethshal illusion + -eth adjective     adjective: illusory; presenting an intentionally constructed appearance rather than the underlying thing or condition,,LX-GMMP1-0041,{},"{""origins"":[],""nationalUses"":[],""derivations"":[""Vethshal illusion + -eth adjective""],""variants"":[]}",General Magic and Metaphysical Practice 1,Vethshal illusion + -eth adjective,,,,
tharbel,Tharbel,/thahr-behl/,Noun: Compulsion; an imposed binding upon choice or will that pressures or forces a person toward an action decision or restraint,tharbel compulsion; an imposed binding upon choice or will that pressures or forces a person toward an action decision or restraint noun   thar will or emotional core + bel binding     noun: compulsion; an imposed binding upon choice or will that pressures or forces a person toward an action decision or restraint,,LX-GMMP1-0042,{},"{""origins"":[],""nationalUses"":[],""derivations"":[""Thar will or emotional core + Bel binding""],""variants"":[]}",General Magic and Metaphysical Practice 1,Thar will or emotional core + Bel binding,,,,
tharbelaen,Tharbelaen,/thahr-beh-lah-ehn/,Verb: To compel; to bind or override another person's choice or will toward an action decision or restraint,tharbelaen to compel; to bind or override another person's choice or will toward an action decision or restraint verb   tharbel compulsion + -aen verb     verb: to compel; to bind or override another person's choice or will toward an action decision or restraint,,LX-GMMP1-0043,{},"{""origins"":[],""nationalUses"":[],""derivations"":[""Tharbel compulsion + -aen verb""],""variants"":[]}",General Magic and Metaphysical Practice 1,Tharbel compulsion + -aen verb,,,,
katharbelaen,Katharbelaen,/kah-thahr-beh-lah-ehn/,Verb: To release a person from compulsion or restore choice after imposed will-binding,katharbelaen to release a person from compulsion or restore choice after imposed will-binding verb   ka reversal + tharbelaen compel     verb: to release a person from compulsion or restore choice after imposed will-binding,,LX-GMMP1-0044,{},"{""origins"":[],""nationalUses"":[],""derivations"":[""Ka reversal + Tharbelaen compel""],""variants"":[]}",General Magic and Metaphysical Practice 1,Ka reversal + Tharbelaen compel,,,,
kesxar,Kesxar,/kehs-xahr/,Noun: Perceptual veil; a condition that blocks narrows redirects or suppresses what reaches conscious awareness,kesxar perceptual veil; a condition that blocks narrows redirects or suppresses what reaches conscious awareness noun   kes awareness or noticing + xar cover     noun: perceptual veil; a condition that blocks narrows redirects or suppresses what reaches conscious awareness,,LX-GMMP1-0045,{},"{""origins"":[],""nationalUses"":[],""derivations"":[""Kes awareness or noticing + Xar cover""],""variants"":[]}",General Magic and Metaphysical Practice 1,Kes awareness or noticing + Xar cover,,,,
kesxaraen,Kesxaraen,/kehs-xah-rah-ehn/,Verb: To veil perception; to prevent or redirect conscious notice of a person object event sensation or feature,kesxaraen to veil perception; to prevent or redirect conscious notice of a person object event sensation or feature verb   kesxar perceptual veil + -aen verb     verb: to veil perception; to prevent or redirect conscious notice of a person object event sensation or feature,,LX-GMMP1-0046,{},"{""origins"":[],""nationalUses"":[],""derivations"":[""Kesxar perceptual veil + -aen verb""],""variants"":[]}",General Magic and Metaphysical Practice 1,Kesxar perceptual veil + -aen verb,,,,
worshankal,Worshankal,/wohr-shahn-kahl/,Noun: Overchanneling; passage of more force energy or magical influence than a body tool bond environment or system can safely mediate,worshankal overchanneling; passage of more force energy or magical influence than a body tool bond environment or system can safely mediate noun   wor excess + shan passage + kal power   worashankal  noun: overchanneling; passage of more force energy or magical influence than a body tool bond environment or system can safely mediate,,LX-GMMP1-0047,{},"{""origins"":[],""nationalUses"":[],""derivations"":[""Wor excess + Shan passage + Kal power""],""variants"":[{""form"":""Worashankal"",""pronunciation"":""/woh-rah-shahn-kahl/""}]}",General Magic and Metaphysical Practice 1,Wor excess + Shan passage + Kal power,,,Worashankal,/woh-rah-shahn-kahl/
worshankalaen,Worshankalaen,/wohr-shahn-kah-lah-ehn/,Verb: To overchannel power or magical influence,worshankalaen to overchannel power or magical influence verb   worshankal overchanneling + -aen verb     verb: to overchannel power or magical influence,,LX-GMMP1-0048,{},"{""origins"":[],""nationalUses"":[],""derivations"":[""Worshankal overchanneling + -aen verb""],""variants"":[]}",General Magic and Metaphysical Practice 1,Worshankal overchanneling + -aen verb,,,,
rethkal,Rethkal,/rehth-kahl/,Noun: Power instability; a condition in which force energy or magical influence behaves incoherently unpredictably or outside intended control,rethkal power instability; a condition in which force energy or magical influence behaves incoherently unpredictably or outside intended control noun   reth disorder or uncertainty + kal power   rethakal  noun: power instability; a condition in which force energy or magical influence behaves incoherently unpredictably or outside intended control,,LX-GMMP1-0049,{},"{""origins"":[],""nationalUses"":[],""derivations"":[""Reth disorder or uncertainty + Kal power""],""variants"":[{""form"":""Rethakal"",""pronunciation"":""/reh-thah-kahl/""}]}",General Magic and Metaphysical Practice 1,Reth disorder or uncertainty + Kal power,,,Rethakal,/reh-thah-kahl/
rethkaleth,Rethkaleth,/rehth-kah-lehth/,Adjective: Unstable in power or magical operation; behaving through uncontrolled or incoherent energetic change,rethkaleth unstable in power or magical operation; behaving through uncontrolled or incoherent energetic change adjective   rethkal power instability + -eth adjective     adjective: unstable in power or magical operation; behaving through uncontrolled or incoherent energetic change,,LX-GMMP1-0050,{},"{""origins"":[],""nationalUses"":[],""derivations"":[""Rethkal power instability + -eth adjective""],""variants"":[]}",General Magic and Metaphysical Practice 1,Rethkal power instability + -eth adjective,,,,
shantham,Shantham,/shahn-thahm/,Noun: Backlash; an unintended harmful return spill or breakdown traveling through the path of a forceful energetic or magical working,shantham backlash; an unintended harmful return spill or breakdown traveling through the path of a forceful energetic or magical working noun   shan passage + tham structural breakdown     noun: backlash; an unintended harmful return spill or breakdown traveling through the path of a forceful energetic or magical working,,LX-GMMP1-0051,{},"{""origins"":[],""nationalUses"":[],""derivations"":[""Shan passage + Tham structural breakdown""],""variants"":[]}",General Magic and Metaphysical Practice 1,Shan passage + Tham structural breakdown,,,,
ohmreth,Ohmreth,/ohm-rehth/,Noun: Attunement disruption; interference contradiction or instability within a previously coherent connection or resonance,ohmreth attunement disruption; interference contradiction or instability within a previously coherent connection or resonance noun   ohm attunement or connection + reth disorder     noun: attunement disruption; interference contradiction or instability within a previously coherent connection or resonance,,LX-GMMP1-0052,{},"{""origins"":[],""nationalUses"":[],""derivations"":[""Ohm attunement or connection + Reth disorder""],""variants"":[]}",General Magic and Metaphysical Practice 1,Ohm attunement or connection + Reth disorder,,,,
kaohmaen,Kaohmaen,/kah-ohm-ah-ehn/,Verb: To sever or deliberately end an attunement resonance or metaphysical connection,kaohmaen to sever or deliberately end an attunement resonance or metaphysical connection verb   ka reversal or absence + ohmaen connect or attune     verb: to sever or deliberately end an attunement resonance or metaphysical connection,,LX-GMMP1-0053,{},"{""origins"":[],""nationalUses"":[],""derivations"":[""Ka reversal or absence + Ohmaen connect or attune""],""variants"":[]}",General Magic and Metaphysical Practice 1,Ka reversal or absence + Ohmaen connect or attune,,,,
naku,Naku,/nah-koo/,Preposition: On at or toward the left side relative to an established facing or direction of travel,naku on at or toward the left side relative to an established facing or direction of travel preposition        preposition: on at or toward the left side relative to an established facing or direction of travel,Yes,LX-SRD1-0001; XR-naku,{},null,Spatial Reference and Deixis 1,,,,,
sora,Sora,/soh-rah/,Preposition: On at or toward the right side relative to an established facing or direction of travel,sora on at or toward the right side relative to an established facing or direction of travel preposition        preposition: on at or toward the right side relative to an established facing or direction of travel,Yes,LX-SRD1-0002; XR-sora,{},null,Spatial Reference and Deixis 1,,,,,
deni,Deni,/deh-nee/,Particle: Demonstrative marking a referent within the speaker's immediate sphere; this,deni demonstrative marking a referent within the speaker's immediate sphere; this particle   den deictic reference + i speaker anchor     particle: demonstrative marking a referent within the speaker's immediate sphere; this,,LX-SRD1-0004,{},"{""origins"":[],""nationalUses"":[],""derivations"":[""Den deictic reference + I speaker anchor""],""variants"":[]}",Spatial Reference and Deixis 1,Den deictic reference + I speaker anchor,,,,
denya,Denya,/dehn-yah/,Particle: Demonstrative marking a referent within the listener's immediate sphere; that by you,denya demonstrative marking a referent within the listener's immediate sphere; that by you particle   den deictic reference + ya listener anchor     particle: demonstrative marking a referent within the listener's immediate sphere; that by you,,LX-SRD1-0005,{},"{""origins"":[],""nationalUses"":[],""derivations"":[""Den deictic reference + Ya listener anchor""],""variants"":[]}",Spatial Reference and Deixis 1,Den deictic reference + Ya listener anchor,,,,
denla,Denla,/dehn-lah/,Particle: Demonstrative marking a referent away from both speaker and listener; that yonder,denla demonstrative marking a referent away from both speaker and listener; that yonder particle   den deictic reference + la third-person or nonparticipant anchor     particle: demonstrative marking a referent away from both speaker and listener; that yonder,,LX-SRD1-0006,{},"{""origins"":[],""nationalUses"":[],""derivations"":[""Den deictic reference + La third-person or nonparticipant anchor""],""variants"":[]}",Spatial Reference and Deixis 1,Den deictic reference + La third-person or nonparticipant anchor,,,,
anor,Anor,/ahn-ohr/,Noun: Interior or inside area of a bounded place object or region,anor interior or inside area of a bounded place object or region noun   an in or at + -or place or domain     noun: interior or inside area of a bounded place object or region,,LX-SRD1-0007,{},"{""origins"":[],""nationalUses"":[],""derivations"":[""An in or at + -or place or domain""],""variants"":[]}",Spatial Reference and Deixis 1,An in or at + -or place or domain,,,,
kaan,Kaan,/kah-ahn/,Preposition: Outside or beyond; not within a stated or understood boundary,kaan outside or beyond; not within a stated or understood boundary preposition   ka without or not having + an in or at     preposition: outside or beyond; not within a stated or understood boundary,,LX-SRD1-0008,{},"{""origins"":[],""nationalUses"":[],""derivations"":[""Ka without or not having + An in or at""],""variants"":[]}",Spatial Reference and Deixis 1,Ka without or not having + An in or at,,,,
anshanaen,Anshanaen,/ahn-shahn-ah-ehn/,Verb: To enter; to cross a boundary from outside to inside a place,anshanaen to enter; to cross a boundary from outside to inside a place verb   an inward + shan boundary passage + -aen verb     verb: to enter; to cross a boundary from outside to inside a place,,LX-SRD1-0009,{},"{""origins"":[],""nationalUses"":[],""derivations"":[""An inward + Shan boundary passage + -aen verb""],""variants"":[]}",Spatial Reference and Deixis 1,An inward + Shan boundary passage + -aen verb,,,,
thalshanaen,Thalshanaen,/thahl-shahn-ah-ehn/,Verb: To exit; to cross a boundary from inside to outside a place,thalshanaen to exit; to cross a boundary from inside to outside a place verb   thal outward or from + shan boundary passage + -aen verb     verb: to exit; to cross a boundary from inside to outside a place,,LX-SRD1-0010,{},"{""origins"":[],""nationalUses"":[],""derivations"":[""Thal outward or from + Shan boundary passage + -aen verb""],""variants"":[]}",Spatial Reference and Deixis 1,Thal outward or from + Shan boundary passage + -aen verb,,,,
hav,Hav,/hahv/,Noun: Laughter; a bodily vocal or breath-driven expression arising from amusement relief tension embarrassment disbelief or social response,hav laughter; a bodily vocal or breath-driven expression arising from amusement relief tension embarrassment disbelief or social response noun        noun: laughter; a bodily vocal or breath-driven expression arising from amusement relief tension embarrassment disbelief or social response,Yes,LX-HLPS1-0001; XR-hav,{},null,"Humor, Laughter, and Playful Speech 1",,,,,
havaen,Havaen,/hah-vah-ehn/,Verb: To laugh; to express laughter through voice breath face or bodily movement,havaen to laugh; to express laughter through voice breath face or bodily movement verb   hav laughter + -aen verb     verb: to laugh; to express laughter through voice breath face or bodily movement,,LX-HLPS1-0002,{},"{""origins"":[],""nationalUses"":[],""derivations"":[""Hav laughter + -aen verb""],""variants"":[]}","Humor, Laughter, and Playful Speech 1",Hav laughter + -aen verb,,,,
haveth,Haveth,/hah-veth/,Adjective: Funny or amusing in a particular context; tending to provoke amused recognition or laughter,haveth funny or amusing in a particular context; tending to provoke amused recognition or laughter adjective   hav laughter + -eth quality     adjective: funny or amusing in a particular context; tending to provoke amused recognition or laughter,,LX-HLPS1-0003,{},"{""origins"":[],""nationalUses"":[],""derivations"":[""Hav laughter + -eth quality""],""variants"":[]}","Humor, Laughter, and Playful Speech 1",Hav laughter + -eth quality,,,,
dovhav,Dovhav,/dohv-hahv/,Noun: Humor; playful framing incongruity or expression offered or received as amusing,dovhav humor; playful framing incongruity or expression offered or received as amusing noun   dov play + hav laughter or amused response   dovahav  noun: humor; playful framing incongruity or expression offered or received as amusing,,LX-HLPS1-0004,{},"{""origins"":[],""nationalUses"":[],""derivations"":[""Dov play + Hav laughter or amused response""],""variants"":[{""form"":""Dovahav"",""pronunciation"":""/doh-vah-hahv/""}]}","Humor, Laughter, and Playful Speech 1",Dov play + Hav laughter or amused response,,,Dovahav,/doh-vah-hahv/
dovkel,Dovkel,/dohv-kehl/,Noun: A joke; a bounded utterance story beat gesture or act framed for amusement rather than ordinary literal uptake,dovkel a joke; a bounded utterance story beat gesture or act framed for amusement rather than ordinary literal uptake noun   dov play + kel speech or defined expression     noun: a joke; a bounded utterance story beat gesture or act framed for amusement rather than ordinary literal uptake,,LX-HLPS1-0005,{},"{""origins"":[],""nationalUses"":[],""derivations"":[""Dov play + Kel speech or defined expression""],""variants"":[]}","Humor, Laughter, and Playful Speech 1",Dov play + Kel speech or defined expression,,,,
dovkelaen,Dovkelaen,/dohv-keh-lah-ehn/,Verb: To joke; with a person as direct object to tease them playfully rather than assert the words literally,dovkelaen to joke; with a person as direct object to tease them playfully rather than assert the words literally verb   dovkel joke + -aen verb     verb: to joke; with a person as direct object to tease them playfully rather than assert the words literally,,LX-HLPS1-0006,{},"{""origins"":[],""nationalUses"":[],""derivations"":[""Dovkel joke + -aen verb""],""variants"":[]}","Humor, Laughter, and Playful Speech 1",Dovkel joke + -aen verb,,,,
keljek,Keljek,/kehl-jehk/,Noun: Wordplay or a pun; humor made through a turn in sound wording segmentation or multiple meaning,keljek wordplay or a pun; humor made through a turn in sound wording segmentation or multiple meaning noun   kel language + jek twist     noun: wordplay or a pun; humor made through a turn in sound wording segmentation or multiple meaning,,LX-HLPS1-0007,{},"{""origins"":[],""nationalUses"":[],""derivations"":[""Kel language + Jek twist""],""variants"":[]}","Humor, Laughter, and Playful Speech 1",Kel language + Jek twist,,,,
pralhav,Pralhav,/prahl-hahv/,Noun: Wit; skill in producing apt economical or artfully timed humor,pralhav wit; skill in producing apt economical or artfully timed humor noun   pral skilled intricate making + hav comic response     noun: wit; skill in producing apt economical or artfully timed humor,,LX-HLPS1-0008,{},"{""origins"":[],""nationalUses"":[],""derivations"":[""Pral skilled intricate making + Hav comic response""],""variants"":[]}","Humor, Laughter, and Playful Speech 1",Pral skilled intricate making + Hav comic response,,,,
dovhavral,Dovhavral,/dohv-hahv-rahl/,Noun: A comedian or comic performer; a person with a practiced role creating humor for others,dovhavral a comedian or comic performer; a person with a practiced role creating humor for others noun   dovhav humor + ral practiced role   dovahavral  noun: a comedian or comic performer; a person with a practiced role creating humor for others,,LX-HLPS1-0009,{},"{""origins"":[],""nationalUses"":[],""derivations"":[""Dovhav humor + Ral practiced role""],""variants"":[{""form"":""Dovahavral"",""pronunciation"":""/doh-vah-hahv-rahl/""}]}","Humor, Laughter, and Playful Speech 1",Dovhav humor + Ral practiced role,,,Dovahavral,/doh-vah-hahv-rahl/
havrath,Havrath,/hahv-rahth/,Noun: Mockery or ridicule; laughter or comic treatment used to diminish expose or socially lower a target,havrath mockery or ridicule; laughter or comic treatment used to diminish expose or socially lower a target noun   hav laughter + rath adversarial relation     noun: mockery or ridicule; laughter or comic treatment used to diminish expose or socially lower a target,,LX-HLPS1-0010,{},"{""origins"":[],""nationalUses"":[],""derivations"":[""Hav laughter + Rath adversarial relation""],""variants"":[]}","Humor, Laughter, and Playful Speech 1",Hav laughter + Rath adversarial relation,,,,
havrathaen,Havrathaen,/hahv-rah-thah-ehn/,Verb: To mock or ridicule someone; to use laughter or comic treatment against a target,havrathaen to mock or ridicule someone; to use laughter or comic treatment against a target verb   havrath mockery + -aen verb     verb: to mock or ridicule someone; to use laughter or comic treatment against a target,,LX-HLPS1-0011,{},"{""origins"":[],""nationalUses"":[],""derivations"":[""Havrath mockery + -aen verb""],""variants"":[]}","Humor, Laughter, and Playful Speech 1",Havrath mockery + -aen verb,,,,
jekkel,Jekkel,/jehk-kehl/,Noun: Irony; an understood contrast in which surface wording or apparent circumstances turn away from intended evaluation or actual outcome,jekkel irony; an understood contrast in which surface wording or apparent circumstances turn away from intended evaluation or actual outcome noun   jek turn or twist + kel stated expression   jekakel  noun: irony; an understood contrast in which surface wording or apparent circumstances turn away from intended evaluation or actual outcome,,LX-HLPS1-0012,{},"{""origins"":[],""nationalUses"":[],""derivations"":[""Jek turn or twist + Kel stated expression""],""variants"":[{""form"":""Jekakel"",""pronunciation"":""/jeh-kah-kehl/""}]}","Humor, Laughter, and Playful Speech 1",Jek turn or twist + Kel stated expression,,,Jekakel,/jeh-kah-kehl/
peljekkel,Peljekkel,/pehl-jehk-kehl/,Noun: Sarcasm; pointed irony used to criticize sting challenge or teasingly rebuke,peljekkel sarcasm; pointed irony used to criticize sting challenge or teasingly rebuke noun   pel edge or point + jekkel irony   pelajekkel  noun: sarcasm; pointed irony used to criticize sting challenge or teasingly rebuke,,LX-HLPS1-0013,{},"{""origins"":[],""nationalUses"":[],""derivations"":[""Pel edge or point + Jekkel irony""],""variants"":[{""form"":""Pelajekkel"",""pronunciation"":""/peh-lah-jehk-kehl/""}]}","Humor, Laughter, and Playful Speech 1",Pel edge or point + Jekkel irony,,,Pelajekkel,/peh-lah-jehk-kehl/
nem,Nem,/nehm/,Noun: Understanding or comprehension; a coherent mental grasp of what something means how it works or how its parts relate,nem understanding or comprehension; a coherent mental grasp of what something means how it works or how its parts relate noun        noun: understanding or comprehension; a coherent mental grasp of what something means how it works or how its parts relate,Yes,LX-UHEI1-0001; XR-nem,{},null,"Understanding, Helping, and Emotional Interiority 1",,,,,
nemaen,Nemaen,/nehm-ah-ehn/,Verb: To understand or comprehend,nemaen to understand or comprehend verb   nem understanding + -aen verb     verb: to understand or comprehend,,LX-UHEI1-0002,{},"{""origins"":[],""nationalUses"":[],""derivations"":[""Nem understanding + -aen verb""],""variants"":[]}","Understanding, Helping, and Emotional Interiority 1",Nem understanding + -aen verb,,,,
rethnem,Rethnem,/rehth-nehm/,Noun: A misunderstanding; a coherent but incorrect interpretation or grasp,rethnem a misunderstanding; a coherent but incorrect interpretation or grasp noun   reth uncertainty or disorder + nem understanding   rethanem  noun: a misunderstanding; a coherent but incorrect interpretation or grasp,,LX-UHEI1-0003,{},"{""origins"":[],""nationalUses"":[],""derivations"":[""Reth uncertainty or disorder + Nem understanding""],""variants"":[{""form"":""Rethanem"",""pronunciation"":""/reh-thah-nehm/""}]}","Understanding, Helping, and Emotional Interiority 1",Reth uncertainty or disorder + Nem understanding,,,Rethanem,/reh-thah-nehm/
rethnemaen,Rethnemaen,/rehth-nehm-ah-ehn/,Verb: To misunderstand or form or hold an incorrect interpretation,rethnemaen to misunderstand or form or hold an incorrect interpretation verb   rethnem misunderstanding + -aen verb   rethanemaen  verb: to misunderstand or form or hold an incorrect interpretation,,LX-UHEI1-0004,{},"{""origins"":[],""nationalUses"":[],""derivations"":[""Rethnem misunderstanding + -aen verb""],""variants"":[{""form"":""Rethanemaen"",""pronunciation"":""/reh-thah-nehm-ah-ehn/""}]}","Understanding, Helping, and Emotional Interiority 1",Rethnem misunderstanding + -aen verb,,,Rethanemaen,/reh-thah-nehm-ah-ehn/
kelnemaen,Kelnemaen,/kehl-nehm-ah-ehn/,Verb: To explain or communicate something so another person can understand it,kelnemaen to explain or communicate something so another person can understand it verb   kel language or expression + nem understanding + -aen verb     verb: to explain or communicate something so another person can understand it,,LX-UHEI1-0005,{},"{""origins"":[],""nationalUses"":[],""derivations"":[""Kel language or expression + Nem understanding + -aen verb""],""variants"":[]}","Understanding, Helping, and Emotional Interiority 1",Kel language or expression + Nem understanding + -aen verb,,,,
selnemaen,Selnemaen,/sehl-nehm-ah-ehn/,Verb: To clarify; to make an existing statement idea instruction or understanding less obscure or ambiguous,selnemaen to clarify; to make an existing statement idea instruction or understanding less obscure or ambiguous verb   sel mental clarity + nem understanding + -aen verb     verb: to clarify; to make an existing statement idea instruction or understanding less obscure or ambiguous,,LX-UHEI1-0006,{},"{""origins"":[],""nationalUses"":[],""derivations"":[""Sel mental clarity + Nem understanding + -aen verb""],""variants"":[]}","Understanding, Helping, and Emotional Interiority 1",Sel mental clarity + Nem understanding + -aen verb,,,,
mbaen,Mbaen,/m-bah-ehn/,Verb: To help or assist; to contribute effort ability care or resources toward another's need or undertaking without necessarily taking it over,mbaen to help or assist; to contribute effort ability care or resources toward another's need or undertaking without necessarily taking it over verb   established mb support + -aen verb     verb: to help or assist; to contribute effort ability care or resources toward another's need or undertaking without necessarily taking it over,,LX-UHEI1-0007,{},"{""origins"":[],""nationalUses"":[],""derivations"":[""Established Mb support + -aen verb""],""variants"":[]}","Understanding, Helping, and Emotional Interiority 1",Established Mb support + -aen verb,,,,
zev,Zev,/zehv/,Noun: Envy; painful comparative desire for an advantage possession quality opportunity or position understood to belong to another,zev envy; painful comparative desire for an advantage possession quality opportunity or position understood to belong to another noun        noun: envy; painful comparative desire for an advantage possession quality opportunity or position understood to belong to another,Yes,LX-UHEI1-0008; XR-zev,{},null,"Understanding, Helping, and Emotional Interiority 1",,,,,
zevaen,Zevaen,/zehv-ah-ehn/,Verb: To envy or feel comparative desire for what another has or is understood to have,zevaen to envy or feel comparative desire for what another has or is understood to have verb   zev envy + -aen verb     verb: to envy or feel comparative desire for what another has or is understood to have,,LX-UHEI1-0009,{},"{""origins"":[],""nationalUses"":[],""derivations"":[""Zev envy + -aen verb""],""variants"":[]}","Understanding, Helping, and Emotional Interiority 1",Zev envy + -aen verb,,,,
fahohm,Fahohm,/fah-ohm/,Noun: Jealousy; fear that another may displace oneself within a valued bond attention or relational place,fahohm jealousy; fear that another may displace oneself within a valued bond attention or relational place noun   fah fear + ohm connection     noun: jealousy; fear that another may displace oneself within a valued bond attention or relational place,,LX-UHEI1-0010,{},"{""origins"":[],""nationalUses"":[],""derivations"":[""Fah fear + Ohm connection""],""variants"":[]}","Understanding, Helping, and Emotional Interiority 1",Fah fear + Ohm connection,,,,
fahohmaen,Fahohmaen,/fah-ohm-ah-ehn/,Verb: To feel jealousy concerning a valued relationship attention or relational place,fahohmaen to feel jealousy concerning a valued relationship attention or relational place verb   fahohm jealousy + -aen verb     verb: to feel jealousy concerning a valued relationship attention or relational place,,LX-UHEI1-0011,{},"{""origins"":[],""nationalUses"":[],""derivations"":[""Fahohm jealousy + -aen verb""],""variants"":[]}","Understanding, Helping, and Emotional Interiority 1",Fahohm jealousy + -aen verb,,,,
mira,Mira,/mee-rah/,Noun: Embarrassment; immediate self-conscious social discomfort caused by awkwardness exposure error or unwanted attention,mira embarrassment; immediate self-conscious social discomfort caused by awkwardness exposure error or unwanted attention noun        noun: embarrassment; immediate self-conscious social discomfort caused by awkwardness exposure error or unwanted attention,Yes,LX-UHEI1-0012; XR-mira,{},null,"Understanding, Helping, and Emotional Interiority 1",,,,,
miraen,Miraen,/mee-rah-ehn/,Verb: To feel embarrassed,miraen to feel embarrassed verb   mira embarrassment + -aen verb     verb: to feel embarrassed,,LX-UHEI1-0013,{},"{""origins"":[],""nationalUses"":[],""derivations"":[""Mira embarrassment + -aen verb""],""variants"":[]}","Understanding, Helping, and Emotional Interiority 1",Mira embarrassment + -aen verb,,,,
daku,Daku,/dah-koo/,Noun: Boredom; an unpleasant or restless absence of engagement meaningful occupation novelty or attention,daku boredom; an unpleasant or restless absence of engagement meaningful occupation novelty or attention noun        noun: boredom; an unpleasant or restless absence of engagement meaningful occupation novelty or attention,Yes,LX-UHEI1-0014; XR-daku,{},null,"Understanding, Helping, and Emotional Interiority 1",,,,,
dakuaen,Dakuaen,/dah-koo-ah-ehn/,Verb: To be or become bored,dakuaen to be or become bored verb   daku boredom + -aen verb     verb: to be or become bored,,LX-UHEI1-0015,{},"{""origins"":[],""nationalUses"":[],""derivations"":[""Daku boredom + -aen verb""],""variants"":[]}","Understanding, Helping, and Emotional Interiority 1",Daku boredom + -aen verb,,,,
ravohm,Ravohm,/rahv-ohm/,Noun: Loneliness; painful longing for connection that feels absent insufficient or unreachable,ravohm loneliness; painful longing for connection that feels absent insufficient or unreachable noun   rav pull or yearning + ohm connection     noun: loneliness; painful longing for connection that feels absent insufficient or unreachable,,LX-UHEI1-0016,{},"{""origins"":[],""nationalUses"":[],""derivations"":[""Rav pull or yearning + Ohm connection""],""variants"":[]}","Understanding, Helping, and Emotional Interiority 1",Rav pull or yearning + Ohm connection,,,,
ravohmaen,Ravohmaen,/rahv-ohm-ah-ehn/,Verb: To feel lonely,ravohmaen to feel lonely verb   ravohm loneliness + -aen verb     verb: to feel lonely,,LX-UHEI1-0017,{},"{""origins"":[],""nationalUses"":[],""derivations"":[""Ravohm loneliness + -aen verb""],""variants"":[]}","Understanding, Helping, and Emotional Interiority 1",Ravohm loneliness + -aen verb,,,,
kavkrez,Kavkrez,/kahv-krehz/,Noun: Resentment; anger or grievance retained across time because a harm insult exclusion or unfairness feels unanswered,kavkrez resentment; anger or grievance retained across time because a harm insult exclusion or unfairness feels unanswered noun   kav preservation through time + krez fire or anger   kavakrez  noun: resentment; anger or grievance retained across time because a harm insult exclusion or unfairness feels unanswered,,LX-UHEI1-0018,{},"{""origins"":[],""nationalUses"":[],""derivations"":[""Kav preservation through time + Krez fire or anger""],""variants"":[{""form"":""Kavakrez"",""pronunciation"":""/kah-vah-krehz/""}]}","Understanding, Helping, and Emotional Interiority 1",Kav preservation through time + Krez fire or anger,,,Kavakrez,/kah-vah-krehz/
kavkrezaen,Kavkrezaen,/kahv-krehz-ah-ehn/,Verb: To resent or retain anger or grievance toward a person act or condition,kavkrezaen to resent or retain anger or grievance toward a person act or condition verb   kavkrez resentment + -aen verb   kavakrezaen  verb: to resent or retain anger or grievance toward a person act or condition,,LX-UHEI1-0019,{},"{""origins"":[],""nationalUses"":[],""derivations"":[""Kavkrez resentment + -aen verb""],""variants"":[{""form"":""Kavakrezaen"",""pronunciation"":""/kah-vah-krehz-ah-ehn/""}]}","Understanding, Helping, and Emotional Interiority 1",Kavkrez resentment + -aen verb,,,Kavakrezaen,/kah-vah-krehz-ah-ehn/
fahreth,Fahreth,/fah-reth/,Noun: Anxiety; sustained or recurring apprehensive activation shaped by uncertain or anticipated threat whether or not a specific danger is identifiable,fahreth anxiety; sustained or recurring apprehensive activation shaped by uncertain or anticipated threat whether or not a specific danger is identifiable noun   fah fear + reth uncertainty     noun: anxiety; sustained or recurring apprehensive activation shaped by uncertain or anticipated threat whether or not a specific danger is identifiable,,LX-UHEI1-0020,{},"{""origins"":[],""nationalUses"":[],""derivations"":[""Fah fear + Reth uncertainty""],""variants"":[]}","Understanding, Helping, and Emotional Interiority 1",Fah fear + Reth uncertainty,,,,
fahrethaen,Fahrethaen,/fah-reth-ah-ehn/,Verb: To feel anxious,fahrethaen to feel anxious verb   fahreth anxiety + -aen verb     verb: to feel anxious,,LX-UHEI1-0021,{},"{""origins"":[],""nationalUses"":[],""derivations"":[""Fahreth anxiety + -aen verb""],""variants"":[]}","Understanding, Helping, and Emotional Interiority 1",Fahreth anxiety + -aen verb,,,,
doran,Doran,/doh-rahn/,Noun: Torso or trunk; the main bodily region excluding the head and limbs,doran torso or trunk; the main bodily region excluding the head and limbs noun        noun: torso or trunk; the main bodily region excluding the head and limbs,Yes,LX-BIAOBF1-0001; XR-doran,{},null,"Body, Internal Anatomy, and Ordinary Bodily Functions 1",,,,,
breka,Breka,/breh-kah/,Noun: Chest; the front upper torso over the ribs and heart-lung region,breka chest; the front upper torso over the ribs and heart-lung region noun        noun: chest; the front upper torso over the ribs and heart-lung region,Yes,LX-BIAOBF1-0002; XR-breka,{},null,"Body, Internal Anatomy, and Ordinary Bodily Functions 1",,,,,
vesh,Vesh,/vehsh/,Noun: Back; the rear surface of the torso from the shoulders toward the pelvis,vesh back; the rear surface of the torso from the shoulders toward the pelvis noun        noun: back; the rear surface of the torso from the shoulders toward the pelvis,Yes,LX-BIAOBF1-0003; XR-vesh,{},null,"Body, Internal Anatomy, and Ordinary Bodily Functions 1",,,,,
davel,Davel,/dah-vehl/,Noun: Belly or abdomen; the front lower torso between the chest and pelvis,davel belly or abdomen; the front lower torso between the chest and pelvis noun        noun: belly or abdomen; the front lower torso between the chest and pelvis,Yes,LX-BIAOBF1-0004; XR-davel,{},null,"Body, Internal Anatomy, and Ordinary Bodily Functions 1",,,,,
korkalvar,Korkalvar,/kohr-kahl-vahr/,Noun: Shoulder; the source or upper joining region of the arm,korkalvar shoulder; the source or upper joining region of the arm noun   kor source or core + kalvar arm     noun: shoulder; the source or upper joining region of the arm,,LX-BIAOBF1-0005,{},"{""origins"":[],""nationalUses"":[],""derivations"":[""Kor source or core + Kalvar arm""],""variants"":[]}","Body, Internal Anatomy, and Ordinary Bodily Functions 1",Kor source or core + Kalvar arm,,,,
kalvargora,Kalvargora,/kahl-vahr-goh-rah/,Noun: Elbow; the principal bending joint in the middle of the arm,kalvargora elbow; the principal bending joint in the middle of the arm noun   kalvar arm + gora joint     noun: elbow; the principal bending joint in the middle of the arm,,LX-BIAOBF1-0006,{},"{""origins"":[],""nationalUses"":[],""derivations"":[""Kalvar arm + Gora joint""],""variants"":[]}","Body, Internal Anatomy, and Ordinary Bodily Functions 1",Kalvar arm + Gora joint,,,,
gora,Gora,/goh-rah/,Noun: A bodily joint where bones meet and movement is allowed or limited,gora a bodily joint where bones meet and movement is allowed or limited noun        noun: a bodily joint where bones meet and movement is allowed or limited,Yes,LX-BIAOBF1-0007; XR-gora,{},null,"Body, Internal Anatomy, and Ordinary Bodily Functions 1",,,,,
koringora,Koringora,/koh-rin-goh-rah/,Noun: Wrist; the joint region joining the hand to the arm,koringora wrist; the joint region joining the hand to the arm noun   korin hand + gora joint     noun: wrist; the joint region joining the hand to the arm,,LX-BIAOBF1-0008,{},"{""origins"":[],""nationalUses"":[],""derivations"":[""Korin hand + Gora joint""],""variants"":[]}","Body, Internal Anatomy, and Ordinary Bodily Functions 1",Korin hand + Gora joint,,,,
pir,Pir,/peer/,Noun: Finger or articulated digit of the hand; includes the thumb unless a contrast is needed,pir finger or articulated digit of the hand; includes the thumb unless a contrast is needed noun        noun: finger or articulated digit of the hand; includes the thumb unless a contrast is needed,Yes,LX-BIAOBF1-0009; XR-pir,{},null,"Body, Internal Anatomy, and Ordinary Bodily Functions 1",,,,,
korsharvar,Korsharvar,/kohr-shahr-vahr/,Noun: Hip; the source or upper joining region of the leg at the torso,korsharvar hip; the source or upper joining region of the leg at the torso noun   kor source or core + sharvar leg     noun: hip; the source or upper joining region of the leg at the torso,,LX-BIAOBF1-0010,{},"{""origins"":[],""nationalUses"":[],""derivations"":[""Kor source or core + Sharvar leg""],""variants"":[]}","Body, Internal Anatomy, and Ordinary Bodily Functions 1",Kor source or core + Sharvar leg,,,,
sharvargora,Sharvargora,/shahr-vahr-goh-rah/,Noun: Knee; the principal bending joint in the middle of the leg,sharvargora knee; the principal bending joint in the middle of the leg noun   sharvar leg + gora joint     noun: knee; the principal bending joint in the middle of the leg,,LX-BIAOBF1-0011,{},"{""origins"":[],""nationalUses"":[],""derivations"":[""Sharvar leg + Gora joint""],""variants"":[]}","Body, Internal Anatomy, and Ordinary Bodily Functions 1",Sharvar leg + Gora joint,,,,
morlkagora,Morlkagora,/mohrl-kah-goh-rah/,Noun: Ankle; the joint region joining the foot to the leg,morlkagora ankle; the joint region joining the foot to the leg noun   morlka foot + gora joint     noun: ankle; the joint region joining the foot to the leg,,LX-BIAOBF1-0012,{},"{""origins"":[],""nationalUses"":[],""derivations"":[""Morlka foot + Gora joint""],""variants"":[]}","Body, Internal Anatomy, and Ordinary Bodily Functions 1",Morlka foot + Gora joint,,,,
morlkapir,Morlkapir,/mohrl-kah-peer/,Noun: Toe; an articulated digit of the foot,morlkapir toe; an articulated digit of the foot noun   morlka foot + pir digit     noun: toe; an articulated digit of the foot,,LX-BIAOBF1-0013,{},"{""origins"":[],""nationalUses"":[],""derivations"":[""Morlka foot + Pir digit""],""variants"":[]}","Body, Internal Anatomy, and Ordinary Bodily Functions 1",Morlka foot + Pir digit,,,,
xarmetha,Xarmetha,/xahr-meh-thah/,Noun: Living skin; the body's outer protective tissue,xarmetha living skin; the body's outer protective tissue noun   xar body or embodied exterior + metha flesh or soft tissue     noun: living skin; the body's outer protective tissue,,LX-BIAOBF1-0014,{},"{""origins"":[],""nationalUses"":[],""derivations"":[""Xar body or embodied exterior + Metha flesh or soft tissue""],""variants"":[]}","Body, Internal Anatomy, and Ordinary Bodily Functions 1",Xar body or embodied exterior + Metha flesh or soft tissue,,,,
metha,Metha,/meh-thah/,Noun: Flesh or soft bodily tissue beneath the skin and around the skeleton,metha flesh or soft bodily tissue beneath the skin and around the skeleton noun        noun: flesh or soft bodily tissue beneath the skin and around the skeleton,Yes,LX-BIAOBF1-0015; XR-metha,{},null,"Body, Internal Anatomy, and Ordinary Bodily Functions 1",,,,,
kalmetha,Kalmetha,/kahl-meh-thah/,Noun: Muscle; strength-producing contractile bodily tissue,kalmetha muscle; strength-producing contractile bodily tissue noun   kal strength + metha flesh or soft tissue     noun: muscle; strength-producing contractile bodily tissue,,LX-BIAOBF1-0016,{},"{""origins"":[],""nationalUses"":[],""derivations"":[""Kal strength + Metha flesh or soft tissue""],""variants"":[]}","Body, Internal Anatomy, and Ordinary Bodily Functions 1",Kal strength + Metha flesh or soft tissue,,,,
zek,Zek,/zehk/,Noun: Tooth; a hard structure in the mouth used for biting and chewing,zek tooth; a hard structure in the mouth used for biting and chewing noun        noun: tooth; a hard structure in the mouth used for biting and chewing,Yes,LX-BIAOBF1-0017; XR-zek,{},null,"Body, Internal Anatomy, and Ordinary Bodily Functions 1",,,,,
lera,Lera,/leh-rah/,Noun: Tongue; the mouth organ used for taste speech and moving food,lera tongue; the mouth organ used for taste speech and moving food noun        noun: tongue; the mouth organ used for taste speech and moving food,Yes,LX-BIAOBF1-0018; XR-lera,{},null,"Body, Internal Anatomy, and Ordinary Bodily Functions 1",,,,,
numor,Numor,/noo-mohr/,Noun: Throat; the internal passage behind the mouth used in swallowing,numor throat; the internal passage behind the mouth used in swallowing noun   num swallow or consume + -or place or region     noun: throat; the internal passage behind the mouth used in swallowing,,LX-BIAOBF1-0019,{},"{""origins"":[],""nationalUses"":[],""derivations"":[""Num swallow or consume + -or place or region""],""variants"":[]}","Body, Internal Anatomy, and Ordinary Bodily Functions 1",Num swallow or consume + -or place or region,,,,
tash,Tash,/tahsh/,Noun: An organ; a differentiated internal bodily structure with a characteristic function,tash an organ; a differentiated internal bodily structure with a characteristic function noun        noun: an organ; a differentiated internal bodily structure with a characteristic function,Yes,LX-BIAOBF1-0020; XR-tash,{},null,"Body, Internal Anatomy, and Ordinary Bodily Functions 1",,,,,
khelu,Khelu,/keh-loo/,Noun: Brain,khelu brain noun        noun: brain,Yes,LX-BIAOBF1-0021; XR-khelu,{},null,"Body, Internal Anatomy, and Ordinary Bodily Functions 1",,,,,
aentash,Aentash,/aehn-tahsh/,Noun: Lung; a breathing or gas-exchange organ,aentash lung; a breathing or gas-exchange organ noun   aen breath + tash organ     noun: lung; a breathing or gas-exchange organ,,LX-BIAOBF1-0022,{},"{""origins"":[],""nationalUses"":[],""derivations"":[""Aen breath + Tash organ""],""variants"":[]}","Body, Internal Anatomy, and Ordinary Bodily Functions 1",Aen breath + Tash organ,,,,
lumar,Lumar,/loo-mahr/,Noun: Liver,lumar liver noun        noun: liver,Yes,LX-BIAOBF1-0023; XR-lumar,{},null,"Body, Internal Anatomy, and Ordinary Bodily Functions 1",,,,,
kedir,Kedir,/keh-deer/,Noun: Kidney,kedir kidney noun        noun: kidney,Yes,LX-BIAOBF1-0024; XR-kedir,{},null,"Body, Internal Anatomy, and Ordinary Bodily Functions 1",,,,,
emiltash,Emiltash,/eh-meel-tahsh/,Noun: Stomach; the first food-receiving digestive organ,emiltash stomach; the first food-receiving digestive organ noun   emil food + tash organ     noun: stomach; the first food-receiving digestive organ,,LX-BIAOBF1-0025,{},"{""origins"":[],""nationalUses"":[],""derivations"":[""Emil food + Tash organ""],""variants"":[]}","Body, Internal Anatomy, and Ordinary Bodily Functions 1",Emil food + Tash organ,,,,
emilshan,Emilshan,/eh-meel-shahn/,Noun: Intestine or bowel; the digestive passage beyond the stomach,emilshan intestine or bowel; the digestive passage beyond the stomach noun   emil food + shan path or course     noun: intestine or bowel; the digestive passage beyond the stomach,,LX-BIAOBF1-0026,{},"{""origins"":[],""nationalUses"":[],""derivations"":[""Emil food + Shan path or course""],""variants"":[]}","Body, Internal Anatomy, and Ordinary Bodily Functions 1",Emil food + Shan path or course,,,,
urenvek,Urenvek,/oo-rehn-vehk/,Noun: Urinary bladder; the organ that holds urine,urenvek urinary bladder; the organ that holds urine noun   uren urine + vek vessel or container     noun: urinary bladder; the organ that holds urine,,LX-BIAOBF1-0027,{},"{""origins"":[],""nationalUses"":[],""derivations"":[""Uren urine + Vek vessel or container""],""variants"":[]}","Body, Internal Anatomy, and Ordinary Bodily Functions 1",Uren urine + Vek vessel or container,,,,
lesh,Lesh,/lehsh/,Noun: Nerve; a bodily strand or pathway carrying sensation or movement signals,lesh nerve; a bodily strand or pathway carrying sensation or movement signals noun        noun: nerve; a bodily strand or pathway carrying sensation or movement signals,Yes,LX-BIAOBF1-0028; XR-lesh,{},null,"Body, Internal Anatomy, and Ordinary Bodily Functions 1",,,,,
ndemshan,Ndemshan,/n-dem-shahn/,Noun: Blood vessel; a bodily passage carrying blood,ndemshan blood vessel; a bodily passage carrying blood noun   ndem blood + shan path or course     noun: blood vessel; a bodily passage carrying blood,,LX-BIAOBF1-0029,{},"{""origins"":[],""nationalUses"":[],""derivations"":[""Ndem blood + Shan path or course""],""variants"":[]}","Body, Internal Anatomy, and Ordinary Bodily Functions 1",Ndem blood + Shan path or course,,,,
khos,Khos,/khohs/,Noun: A cough; one abrupt forceful expulsion of air,khos a cough; one abrupt forceful expulsion of air noun        noun: a cough; one abrupt forceful expulsion of air,Yes,LX-BIAOBF1-0030; XR-khos,{},null,"Body, Internal Anatomy, and Ordinary Bodily Functions 1",,,,,
khosaen,Khosaen,/khohs-ah-ehn/,Verb: To cough,khosaen to cough verb   khos cough + -aen verb     verb: to cough,,LX-BIAOBF1-0031,{},"{""origins"":[],""nationalUses"":[],""derivations"":[""Khos cough + -aen verb""],""variants"":[]}","Body, Internal Anatomy, and Ordinary Bodily Functions 1",Khos cough + -aen verb,,,,
zer,Zer,/zehr/,Noun: A sneeze; one abrupt involuntary expulsion through the nose and mouth,zer a sneeze; one abrupt involuntary expulsion through the nose and mouth noun        noun: a sneeze; one abrupt involuntary expulsion through the nose and mouth,Yes,LX-BIAOBF1-0032; XR-zer,{},null,"Body, Internal Anatomy, and Ordinary Bodily Functions 1",,,,,
zeraen,Zeraen,/zehr-ah-ehn/,Verb: To sneeze,zeraen to sneeze verb   zer sneeze + -aen verb     verb: to sneeze,,LX-BIAOBF1-0033,{},"{""origins"":[],""nationalUses"":[],""derivations"":[""Zer sneeze + -aen verb""],""variants"":[]}","Body, Internal Anatomy, and Ordinary Bodily Functions 1",Zer sneeze + -aen verb,,,,
suv,Suv,/soov/,Noun: Sweat or perspiration,suv sweat or perspiration noun        noun: sweat or perspiration,Yes,LX-BIAOBF1-0034; XR-suv,{},null,"Body, Internal Anatomy, and Ordinary Bodily Functions 1",,,,,
suvaen,Suvaen,/soov-ah-ehn/,Verb: To sweat or perspire,suvaen to sweat or perspire verb   suv sweat + -aen verb     verb: to sweat or perspire,,LX-BIAOBF1-0035,{},"{""origins"":[],""nationalUses"":[],""derivations"":[""Suv sweat + -aen verb""],""variants"":[]}","Body, Internal Anatomy, and Ordinary Bodily Functions 1",Suv sweat + -aen verb,,,,
nar,Nar,/nahr/,Noun: Nausea; a sick sensation or urge that one may vomit,nar nausea; a sick sensation or urge that one may vomit noun        noun: nausea; a sick sensation or urge that one may vomit,Yes,LX-BIAOBF1-0036; XR-nar,{},null,"Body, Internal Anatomy, and Ordinary Bodily Functions 1",,,,,
naraen,Naraen,/nahr-ah-ehn/,Verb: To vomit,naraen to vomit verb   nar nausea or emesis + -aen verb; lexicalized event sense     verb: to vomit,,LX-BIAOBF1-0037,{},"{""origins"":[],""nationalUses"":[],""derivations"":[""Nar nausea or emesis + -aen verb; lexicalized event sense""],""variants"":[]}","Body, Internal Anatomy, and Ordinary Bodily Functions 1",Nar nausea or emesis + -aen verb; lexicalized event sense,,,,
uren,Uren,/oo-rehn/,Noun: Urine,uren urine noun        noun: urine,Yes,LX-BIAOBF1-0038; XR-uren,{},null,"Body, Internal Anatomy, and Ordinary Bodily Functions 1",,,,,
urenaen,Urenaen,/oo-rehn-ah-ehn/,Verb: To urinate,urenaen to urinate verb   uren urine + -aen verb     verb: to urinate,,LX-BIAOBF1-0039,{},"{""origins"":[],""nationalUses"":[],""derivations"":[""Uren urine + -aen verb""],""variants"":[]}","Body, Internal Anatomy, and Ordinary Bodily Functions 1",Uren urine + -aen verb,,,,
fek,Fek,/fehk/,Noun: Feces or stool,fek feces or stool noun        noun: feces or stool,Yes,LX-BIAOBF1-0040; XR-fek,{},null,"Body, Internal Anatomy, and Ordinary Bodily Functions 1",,,,,
fekaen,Fekaen,/fehk-ah-ehn/,Verb: To defecate,fekaen to defecate verb   fek feces + -aen verb     verb: to defecate,,LX-BIAOBF1-0041,{},"{""origins"":[],""nationalUses"":[],""derivations"":[""Fek feces + -aen verb""],""variants"":[]}","Body, Internal Anatomy, and Ordinary Bodily Functions 1",Fek feces + -aen verb,,,,
ndemwek,Ndemwek,/n-dem-wehk/,Noun: Menstruation or a menstrual period; recurring reproductive bleeding,ndemwek menstruation or a menstrual period; recurring reproductive bleeding noun   ndem blood + wek cycle or recurrence     noun: menstruation or a menstrual period; recurring reproductive bleeding,,LX-BIAOBF1-0042,{},"{""origins"":[],""nationalUses"":[],""derivations"":[""Ndem blood + Wek cycle or recurrence""],""variants"":[]}","Body, Internal Anatomy, and Ordinary Bodily Functions 1",Ndem blood + Wek cycle or recurrence,,,,
ndemwekaen,Ndemwekaen,/n-dem-wehk-ah-ehn/,Verb: To menstruate,ndemwekaen to menstruate verb   ndemwek menstruation + -aen verb     verb: to menstruate,,LX-BIAOBF1-0043,{},"{""origins"":[],""nationalUses"":[],""derivations"":[""Ndemwek menstruation + -aen verb""],""variants"":[]}","Body, Internal Anatomy, and Ordinary Bodily Functions 1",Ndemwek menstruation + -aen verb,,,,
kakesrinaen,Kakesrinaen,/kah-kehs-rin-ah-ehn/,Verb: To faint or lose consciousness suddenly and temporarily,kakesrinaen to faint or lose consciousness suddenly and temporarily verb   kakesrin unconsciousness + -aen verb; intransitive     verb: to faint or lose consciousness suddenly and temporarily,,LX-BIAOBF1-0044,{},"{""origins"":[],""nationalUses"":[],""derivations"":[""Kakesrin unconsciousness + -aen verb; intransitive""],""variants"":[]}","Body, Internal Anatomy, and Ordinary Bodily Functions 1",Kakesrin unconsciousness + -aen verb; intransitive,,,,
noka,Noka,/noh-kah/,Noun: Vulva; the external genital structures surrounding the vaginal and urethral openings,noka vulva; the external genital structures surrounding the vaginal and urethral openings noun        noun: vulva; the external genital structures surrounding the vaginal and urethral openings,Yes,LX-RABFE2-0001; XR-noka,{},null,"Reproductive Anatomy, Bodily Fluids, and Extremities 2",,,,,
nokashan,Nokashan,/noh-kah-shahn/,Noun: Vagina; the elastic internal muscular canal extending from the vulva to the cervix,nokashan vagina; the elastic internal muscular canal extending from the vulva to the cervix noun   noka vulval anatomy + shan passage     noun: vagina; the elastic internal muscular canal extending from the vulva to the cervix,,LX-RABFE2-0002,{},"{""origins"":[],""nationalUses"":[],""derivations"":[""Noka vulval anatomy + Shan passage""],""variants"":[]}","Reproductive Anatomy, Bodily Fluids, and Extremities 2",Noka vulval anatomy + Shan passage,,,,
kiri,Kiri,/kee-ree/,Noun: Clitoris; the erectile sensory organ of vulval anatomy,kiri clitoris; the erectile sensory organ of vulval anatomy noun        noun: clitoris; the erectile sensory organ of vulval anatomy,Yes,LX-RABFE2-0003; XR-kiri,{},null,"Reproductive Anatomy, Bodily Fluids, and Extremities 2",,,,,
mara,Mara,/mah-rah/,Noun: Uterus; the muscular reproductive organ in which pregnancy may develop,mara uterus; the muscular reproductive organ in which pregnancy may develop noun        noun: uterus; the muscular reproductive organ in which pregnancy may develop,Yes,LX-RABFE2-0004; XR-mara,{},null,"Reproductive Anatomy, Bodily Fluids, and Extremities 2",,,,,
marasorl,Marasorl,/mah-rah-sohrl/,Noun: Cervix; the lower narrow part of the uterus opening into the vagina,marasorl cervix; the lower narrow part of the uterus opening into the vagina noun   mara uterus + sorl neck     noun: cervix; the lower narrow part of the uterus opening into the vagina,,LX-RABFE2-0005,{},"{""origins"":[],""nationalUses"":[],""derivations"":[""Mara uterus + Sorl neck""],""variants"":[]}","Reproductive Anatomy, Bodily Fluids, and Extremities 2",Mara uterus + Sorl neck,,,,
seki,Seki,/seh-kee/,Noun: Ovary; a gonad that produces ova and reproductive hormones,seki ovary; a gonad that produces ova and reproductive hormones noun        noun: ovary; a gonad that produces ova and reproductive hormones,Yes,LX-RABFE2-0006; XR-seki,{},null,"Reproductive Anatomy, Bodily Fluids, and Extremities 2",,,,,
tava,Tava,/tah-vah/,Noun: Penis; the external genital organ containing the urethra and involved in urination and sexual function,tava penis; the external genital organ containing the urethra and involved in urination and sexual function noun        noun: penis; the external genital organ containing the urethra and involved in urination and sexual function,Yes,LX-RABFE2-0007; XR-tava,{},null,"Reproductive Anatomy, Bodily Fluids, and Extremities 2",,,,,
nderu,Nderu,/n-deh-roo/,Noun: Testicle; a gonad that produces sperm and reproductive hormones,nderu testicle; a gonad that produces sperm and reproductive hormones noun        noun: testicle; a gonad that produces sperm and reproductive hormones,Yes,LX-RABFE2-0008; XR-nderu,{},null,"Reproductive Anatomy, Bodily Fluids, and Extremities 2",,,,,
nderuxar,Nderuxar,/n-deh-roo-xahr/,Noun: Scrotum; the external sac of skin and tissue containing the testicles,nderuxar scrotum; the external sac of skin and tissue containing the testicles noun   nderu testicle + xar protective covering     noun: scrotum; the external sac of skin and tissue containing the testicles,,LX-RABFE2-0009,{},"{""origins"":[],""nationalUses"":[],""derivations"":[""Nderu testicle + Xar protective covering""],""variants"":[]}","Reproductive Anatomy, Bodily Fluids, and Extremities 2",Nderu testicle + Xar protective covering,,,,
urenshan,Urenshan,/oo-rehn-shahn/,Noun: Urethra; the duct carrying urine from the bladder to the exterior and in some bodies also carrying semen,urenshan urethra; the duct carrying urine from the bladder to the exterior and in some bodies also carrying semen noun   uren urine + shan passage   urenashan  noun: urethra; the duct carrying urine from the bladder to the exterior and in some bodies also carrying semen,,LX-RABFE2-0010,{},"{""origins"":[],""nationalUses"":[],""derivations"":[""Uren urine + Shan passage""],""variants"":[{""form"":""Urenashan"",""pronunciation"":""/oo-rehn-ah-shahn/""}]}","Reproductive Anatomy, Bodily Fluids, and Extremities 2",Uren urine + Shan passage,,,Urenashan,/oo-rehn-ah-shahn/
fena,Fena,/feh-nah/,Noun: Anus; the external opening at the end of the digestive tract through which feces leave the body,fena anus; the external opening at the end of the digestive tract through which feces leave the body noun        noun: anus; the external opening at the end of the digestive tract through which feces leave the body,Yes,LX-RABFE2-0011; XR-fena,{},null,"Reproductive Anatomy, Bodily Fluids, and Extremities 2",,,,,
leya,Leya,/leh-yah/,Noun: Sexual arousal; bodily sexual activation whether or not accompanied by desire consent or intended action,leya sexual arousal; bodily sexual activation whether or not accompanied by desire consent or intended action noun        noun: sexual arousal; bodily sexual activation whether or not accompanied by desire consent or intended action,Yes,LX-RABFE2-0012; XR-leya,{},null,"Reproductive Anatomy, Bodily Fluids, and Extremities 2",,,,,
leyaen,Leyaen,/leh-yah-ehn/,Verb: To become or be sexually aroused,leyaen to become or be sexually aroused verb   leya sexual arousal + -aen verb     verb: to become or be sexually aroused,,LX-RABFE2-0013,{},"{""origins"":[],""nationalUses"":[],""derivations"":[""Leya sexual arousal + -aen verb""],""variants"":[]}","Reproductive Anatomy, Bodily Fluids, and Extremities 2",Leya sexual arousal + -aen verb,,,,
leyajor,Leyajor,/leh-yah-johr/,Noun: Orgasm; a brief peak reflex of sexual stimulation and release,leyajor orgasm; a brief peak reflex of sexual stimulation and release noun   leya sexual arousal + jor surge or burst     noun: orgasm; a brief peak reflex of sexual stimulation and release,,LX-RABFE2-0014,{},"{""origins"":[],""nationalUses"":[],""derivations"":[""Leya sexual arousal + Jor surge or burst""],""variants"":[]}","Reproductive Anatomy, Bodily Fluids, and Extremities 2",Leya sexual arousal + Jor surge or burst,,,,
leyajoraen,Leyajoraen,/leh-yah-johr-ah-ehn/,Verb: To have an orgasm,leyajoraen to have an orgasm verb   leyajor orgasm + -aen verb     verb: to have an orgasm,,LX-RABFE2-0015,{},"{""origins"":[],""nationalUses"":[],""derivations"":[""Leyajor orgasm + -aen verb""],""variants"":[]}","Reproductive Anatomy, Bodily Fluids, and Extremities 2",Leyajor orgasm + -aen verb,,,,
kelvordren,Kelvordren,/kehl-vohr-drehn/,Noun: Saliva; bodily fluid produced in the mouth that moistens food and assists taste and swallowing,kelvordren saliva; bodily fluid produced in the mouth that moistens food and assists taste and swallowing noun   kelvor mouth + dren fluid or flow   kelvoradren  noun: saliva; bodily fluid produced in the mouth that moistens food and assists taste and swallowing,,LX-RABFE2-0016,{},"{""origins"":[],""nationalUses"":[],""derivations"":[""Kelvor mouth + Dren fluid or flow""],""variants"":[{""form"":""Kelvoradren"",""pronunciation"":""/kehl-vohr-ah-drehn/""}]}","Reproductive Anatomy, Bodily Fluids, and Extremities 2",Kelvor mouth + Dren fluid or flow,,,Kelvoradren,/kehl-vohr-ah-drehn/
lorinshaldren,Lorinshaldren,/loh-reen-shahl-drehn/,Noun: Tears; fluid produced by the eyes for protection irritation or emotional response,lorinshaldren tears; fluid produced by the eyes for protection irritation or emotional response noun   lorinshal eye + dren fluid or flow   lorinshaladren  noun: tears; fluid produced by the eyes for protection irritation or emotional response,,LX-RABFE2-0017,{},"{""origins"":[],""nationalUses"":[],""derivations"":[""Lorinshal eye + Dren fluid or flow""],""variants"":[{""form"":""Lorinshaladren"",""pronunciation"":""/loh-reen-shahl-ah-drehn/""}]}","Reproductive Anatomy, Bodily Fluids, and Extremities 2",Lorinshal eye + Dren fluid or flow,,,Lorinshaladren,/loh-reen-shahl-ah-drehn/
korpir,Korpir,/kohr-peer/,Noun: Thumb; the hand digit set apart from the other fingers and central to grip,korpir thumb; the hand digit set apart from the other fingers and central to grip noun   kor source core or grip + pir digit     noun: thumb; the hand digit set apart from the other fingers and central to grip,,LX-RABFE2-0018,{},"{""origins"":[],""nationalUses"":[],""derivations"":[""Kor source core or grip + Pir digit""],""variants"":[]}","Reproductive Anatomy, Bodily Fluids, and Extremities 2",Kor source core or grip + Pir digit,,,,
morlkavesh,Morlkavesh,/mohrl-kah-vehsh/,Noun: Heel; the rear weight-bearing part of the foot,morlkavesh heel; the rear weight-bearing part of the foot noun   morlka foot + vesh back or rear bodily surface     noun: heel; the rear weight-bearing part of the foot,,LX-RABFE2-0019,{},"{""origins"":[],""nationalUses"":[],""derivations"":[""Morlka foot + Vesh back or rear bodily surface""],""variants"":[]}","Reproductive Anatomy, Bodily Fluids, and Extremities 2",Morlka foot + Vesh back or rear bodily surface,,,,
ruma,Ruma,/roo-mah/,Noun: Human hair; individual or collective hair growing from a person's scalp or body,ruma human hair; individual or collective hair growing from a person's scalp or body noun        noun: human hair; individual or collective hair growing from a person's scalp or body,Yes,LX-RABFE2-0020; XR-ruma,{},null,"Reproductive Anatomy, Bodily Fluids, and Extremities 2",,,,,
mu,Mu,/moo/,Particle: What; optional content-question particle requesting an unidentified thing event content or matter,mu what; optional content-question particle requesting an unidentified thing event content or matter particle        particle: what; optional content-question particle requesting an unidentified thing event content or matter,,LX-SIP1-0001,{},null,Short Interrogative Particles 1,,,,,
nu,Nu,/noo/,Particle: When; optional content-question particle requesting a time occasion or temporal point,nu when; optional content-question particle requesting a time occasion or temporal point particle        particle: when; optional content-question particle requesting a time occasion or temporal point,,LX-SIP1-0002,{},null,Short Interrogative Particles 1,,,,,
zhe,Zhe,/zheh/,Particle: Why; optional content-question particle requesting a cause reason or motivation,zhe why; optional content-question particle requesting a cause reason or motivation particle        particle: why; optional content-question particle requesting a cause reason or motivation,,LX-SIP1-0003,{},null,Short Interrogative Particles 1,,,,,
sha,Sha,/shah/,Particle: How; optional content-question particle requesting a manner method or means,sha how; optional content-question particle requesting a manner method or means particle        particle: how; optional content-question particle requesting a manner method or means,,LX-SIP1-0004,{},null,Short Interrogative Particles 1,,,,,
lo,Lo,/loh/,Particle: Where; optional content-question particle requesting a place location source or destination,lo where; optional content-question particle requesting a place location source or destination particle        particle: where; optional content-question particle requesting a place location source or destination,,LX-SIP1-0005,{},null,Short Interrogative Particles 1,,,,,
ri,Ri,/ree/,Particle: Who; optional content-question particle requesting the identity of a person being or agentive participant,ri who; optional content-question particle requesting the identity of a person being or agentive participant particle        particle: who; optional content-question particle requesting the identity of a person being or agentive participant,,LX-SIP1-0006,{},null,Short Interrogative Particles 1,,,,,
tera,Tera,/teh-rah/,Noun: Home / Dwelling / Homestead (informal form of Teremil),tera home / dwelling / homestead (informal form of teremil) noun        noun: home / dwelling / homestead (informal form of teremil),,LX-DR1-0001,{},null,Dictionary Review 1,,,,,
velkrel,Velkrel,/vehl-krehl/,Noun: Breeze / Cool breeze / Light wind,"velkrel breeze / cool breeze / light wind noun   velk ice/frozen water, from vel coolness/stillness + -rel soft flow or gentle movement; the established breeze word evokes the soft flow of cool air. velk retains its physical ice meaning.     noun: breeze / cool breeze / light wind",,LX-DR1-0002,{},"{""origins"":[],""nationalUses"":[],""derivations"":[""Velk ice/frozen water, from Vel coolness/stillness + -rel soft flow or gentle movement; the established breeze word evokes the soft flow of cool air. Velk retains its physical ice meaning.""],""variants"":[]}",Dictionary Review 1,"Velk ice/frozen water, from Vel coolness/stillness + -rel soft flow or gentle movement; the established breeze word evokes the soft flow of cool air. Velk retains its physical ice meaning.",,,,
varan,Varan,/vah-rahn/,Verb: To reside / To stay / To be located at a physical place,"varan to reside / to stay / to be located at a physical place verb   var movement + an location; specialized locative-stative form, not continuous -al.     verb: to reside / to stay / to be located at a physical place",,LX-DR1-0003,{},"{""origins"":[],""nationalUses"":[],""derivations"":[""Var movement + An location; specialized locative-stative form, not continuous -al.""],""variants"":[]}",Dictionary Review 1,"Var movement + An location; specialized locative-stative form, not continuous -al.",,,,
shalil,Shalil,/shah-leel/,Verb: To flow lightly / To move smoothly / To glide / To drift,shalil to flow lightly / to move smoothly / to glide / to drift verb   shal light/radiance/hope + -il continuous light motion; motion imagined as effortless light across a surface.     verb: to flow lightly / to move smoothly / to glide / to drift,,LX-DR1-0004,{},"{""origins"":[],""nationalUses"":[],""derivations"":[""Shal light/radiance/hope + -il continuous light motion; motion imagined as effortless light across a surface.""],""variants"":[]}",Dictionary Review 1,Shal light/radiance/hope + -il continuous light motion; motion imagined as effortless light across a surface.,,,,
serathrin,Serathrin,/sehr-ah-three-n/,Noun: Confidant / Trusted inner friend / Sworn ally,serathrin confidant / trusted inner friend / sworn ally noun   ser friend/ally + ath enduring state + rin essence; approved confidant meaning.     noun: confidant / trusted inner friend / sworn ally,,LX-DR1-0005,{},"{""origins"":[],""nationalUses"":[],""derivations"":[""Ser friend/ally + Ath enduring state + Rin essence; approved confidant meaning.""],""variants"":[]}",Dictionary Review 1,Ser friend/ally + Ath enduring state + Rin essence; approved confidant meaning.,,,,
zhivor,Zhivor,/zhee-vohr/,Noun: Family line / Ancestral household / Kin group,zhivor family line / ancestral household / kin group noun   zhir lineage or thread through time + vor place of bond or active role; the approved historical smoothing of this word yields zhivor.     noun: family line / ancestral household / kin group,,LX-DR1-0006,{},"{""origins"":[],""nationalUses"":[],""derivations"":[""Zhir lineage or thread through time + Vor place of bond or active role; the approved historical smoothing of this word yields Zhivor.""],""variants"":[]}",Dictionary Review 1,Zhir lineage or thread through time + Vor place of bond or active role; the approved historical smoothing of this word yields Zhivor.,,,,
tharvok,Tharvok,/thahr-vohk/,Noun: Family / Heart-bonded family / Clan,tharvok family / heart-bonded family / clan noun   thar heart + vok unity/bond.     noun: family / heart-bonded family / clan,,LX-DR1-0007,{},"{""origins"":[],""nationalUses"":[],""derivations"":[""Thar heart + Vok unity/bond.""],""variants"":[]}",Dictionary Review 1,Thar heart + Vok unity/bond.,,,,
evan,Evan,/eh-vahn/,Noun: Market / Marketplace / Trading plaza,evan market / marketplace / trading plaza noun        noun: market / marketplace / trading plaza,,LX-DR1-0008,{},"{""origins"":[],""nationalUses"":[],""derivations"":[""Established non-productive locative noun related to Van commercial place; e- is not established as a general productive prefix.""],""variants"":[]}",Dictionary Review 1,,,,,
shenakar,Shenakar,/sheh-nah-kahr/,Noun: Coinage / Currency system / Official trade money,"shenakar coinage / currency system / official trade money noun   shen measure/coin + historical akar currency or exchange unit; akar is recorded only as a component of this word, not a new productive root.     noun: coinage / currency system / official trade money",,LX-DR1-0009,{},"{""origins"":[],""nationalUses"":[],""derivations"":[""Shen measure/coin + historical akar currency or exchange unit; akar is recorded only as a component of this word, not a new productive root.""],""variants"":[]}",Dictionary Review 1,"Shen measure/coin + historical akar currency or exchange unit; akar is recorded only as a component of this word, not a new productive root.",,,,
em,Em,/ehm/,Interjection: Um / Uh (hesitation or thinking particle) ; Particle: Conversational hesitation / Thinking particle,em um / uh (hesitation or thinking particle) interjection        interjection: um / uh (hesitation or thinking particle) ; particle: conversational hesitation / thinking particle,,LX-DR1-0010,{},"{""origins"":[],""nationalUses"":[],""derivations"":[""Independent conversational hesitation sound. No historical or etymological connection to Emil food/meal.""],""variants"":[]}",Dictionary Review 1,,,,,
varin,Varin,/vah-reen/,Verb: To know / To be aware of,varin to know / to be aware of verb        verb: to know / to be aware of,,LX-DR1-0011,{},"{""origins"":[],""nationalUses"":[],""derivations"":[""Independent cognition verb. No etymological connection to the marine component with matching spelling in Jekvarin.""],""variants"":[]}",Dictionary Review 1,,,,,
shena,Shena,/sheh-nah/,Noun: Coin / Coins / Physical money,shena coin / coins / physical money noun        noun: coin / coins / physical money,,LX-DR1-0012,{},"{""origins"":[],""nationalUses"":[],""derivations"":[""Established individual noun formation from Shen measure/currency. This does not establish -a as a universal noun-forming suffix.""],""variants"":[]}",Dictionary Review 1,,,,,
nkathal,Nkathal,/nkah-thahl/,Noun: Sadness / Grief / Sorrow / Enduring emotional pain,nkathal sadness / grief / sorrow / enduring emotional pain noun   nk endurance/hidden strength + thal balance; approved grief meaning.     noun: sadness / grief / sorrow / enduring emotional pain,,LX-DR1-0013,{},"{""origins"":[],""nationalUses"":[],""derivations"":[""Nk endurance/hidden strength + Thal balance; approved grief meaning.""],""variants"":[]}",Dictionary Review 1,Nk endurance/hidden strength + Thal balance; approved grief meaning.,,,,
vrak,Vrak,/vrahk/,Adjective: Gone / Missing / Depleted / Dry (Trerran dialect) ; Particle: Gone / Missing / Depleted (Trerran dialect),vrak gone / missing / depleted / dry (trerran dialect) adjective    trerra dialect use for severe scarcity or absence.   adjective: gone / missing / depleted / dry (trerran dialect) ; particle: gone / missing / depleted (trerran dialect),,LX-DR1-0014,{},"{""origins"":[""Trerra""],""nationalUses"":[""Dialect use for severe scarcity or absence.""],""derivations"":[""Trerran desert dialect word; unsegmented primitive.""],""variants"":[]}",Dictionary Review 1,,Trerra,Dialect use for severe scarcity or absence.,,
theren,Theren,/theh-rehn/,Noun: Village / Settlement / Local community,theren village / settlement / local community noun   ter dwelling/home place + -en collective or settlement place; the approved euphonic aspiration in this word changes ter to ther-. this does not replace honorific -en.     noun: village / settlement / local community,,LX-DR1-0015,{},"{""origins"":[],""nationalUses"":[],""derivations"":[""Ter dwelling/home place + -en collective or settlement place; the approved euphonic aspiration in this word changes Ter to Ther-. This does not replace honorific -en.""],""variants"":[]}",Dictionary Review 1,Ter dwelling/home place + -en collective or settlement place; the approved euphonic aspiration in this word changes Ter to Ther-. This does not replace honorific -en.,,,,
serilin,Serilin,/seh-ree-leen/,Noun: Sister / Female sibling,serilin sister / female sibling noun   ser friend/kin + -il affectionate kinship diminutive + -in individual participant. the dedicated everyday meaning is sister/female sibling; the components do not broaden the headword to generic kin or sibling.   serilín  noun: sister / female sibling,,LX-DR1-0016,{},"{""origins"":[],""nationalUses"":[],""derivations"":[""Ser friend/kin + -il affectionate kinship diminutive + -in individual participant. The dedicated everyday meaning is sister/female sibling; the components do not broaden the headword to generic kin or sibling.""],""variants"":[{""form"":""serilín"",""pronunciation"":""/seh-ree-leen/""}]}",Dictionary Review 1,Ser friend/kin + -il affectionate kinship diminutive + -in individual participant. The dedicated everyday meaning is sister/female sibling; the components do not broaden the headword to generic kin or sibling.,,,serilín,/seh-ree-leen/
aelin,Aelin,/ah-eh-leen/,Noun: Youth / Young person / Student / Pupil,aelin youth / young person / student / pupil noun   ael young/growing + -in individual participant.     noun: youth / young person / student / pupil,,LX-DR1-0017,{},"{""origins"":[],""nationalUses"":[],""derivations"":[""Ael young/growing + -in individual participant.""],""variants"":[]}",Dictionary Review 1,Ael young/growing + -in individual participant.,,,,
im,Im,/eem/,Noun: Device / Instrument / Implement / Internal mechanism ; Particle: Device / Instrument / Internal mechanism,im device / instrument / implement / internal mechanism noun        noun: device / instrument / implement / internal mechanism ; particle: device / instrument / internal mechanism,,LX-DR1-0018,{},"{""origins"":[],""nationalUses"":[],""derivations"":[""Physical concrete extension of IM internal essence, underlying mechanism, or abstract result-state: device, instrument, mechanism.""],""variants"":[]}",Dictionary Review 1,,,,,
dreshal,Dreshal,/drehsh-ahl/,Noun: Crystal device / Crystal implement,dreshal crystal device / crystal implement noun   dresh crystal + shal light.     noun: crystal device / crystal implement,,LX-DR1-0019,{},"{""origins"":[],""nationalUses"":[],""derivations"":[""Dresh crystal + Shal light.""],""variants"":[]}",Dictionary Review 1,Dresh crystal + Shal light.,,,,
varshel,Varshel,/vahr-shehl/,Noun: Road / Travel path / Highway,varshel road / travel path / highway noun   var travel/move + shel pathway or route component.     noun: road / travel path / highway,,LX-DR1-0020,{},"{""origins"":[],""nationalUses"":[],""derivations"":[""Var travel/move + shel pathway or route component.""],""variants"":[]}",Dictionary Review 1,Var travel/move + shel pathway or route component.,,,,
eshvan,Eshvan,/ehsh-vahn/,Noun: Shop / Store / Market stall,eshvan shop / store / market stall noun   esh sky/air + van commercial site.     noun: shop / store / market stall,,LX-DR1-0021,{},"{""origins"":[],""nationalUses"":[],""derivations"":[""Esh sky/air + Van commercial site.""],""variants"":[]}",Dictionary Review 1,Esh sky/air + Van commercial site.,,,,
noraen,Noraen,/nohr-ah-ehn/,Verb: To guide / To lead through time or experience / To instruct,noraen to guide / to lead through time or experience / to instruct verb   nor time + -aen verb; approved guidance-through-experience meaning.     verb: to guide / to lead through time or experience / to instruct,,LX-DR1-0022,{},"{""origins"":[],""nationalUses"":[],""derivations"":[""Nor time + -aen verb; approved guidance-through-experience meaning.""],""variants"":[]}",Dictionary Review 1,Nor time + -aen verb; approved guidance-through-experience meaning.,,,,
thalesh,Thalesh,/thah-lehsh/,Noun: Ritual / Sacred balance ceremony ; Verb: To perform a balance rite,thalesh ritual / sacred balance ceremony noun   thal balance + -esh relational belonging; approved balance-rite meaning.     noun: ritual / sacred balance ceremony ; verb: to perform a balance rite,,LX-DR1-0023,{},"{""origins"":[],""nationalUses"":[],""derivations"":[""Thal balance + -esh relational belonging; approved balance-rite meaning.""],""variants"":[]}",Dictionary Review 1,Thal balance + -esh relational belonging; approved balance-rite meaning.,,,,
thalor,Thalor,/thah-lohr/,Noun: Outside / Exterior / Outer place ; Adverb: Outside,thalor outside / exterior / outer place noun   thal from/out of + -or place.     noun: outside / exterior / outer place ; adverb: outside,,LX-DR1-0024,{},"{""origins"":[],""nationalUses"":[],""derivations"":[""Thal from/out of + -or place.""],""variants"":[]}",Dictionary Review 1,Thal from/out of + -or place.,,,,
daraen,Daraen,/dahr-ah-ehn/,Verb: To wait / To pause / To remain pending,daraen to wait / to pause / to remain pending verb   dar waiting + -aen verb.     verb: to wait / to pause / to remain pending,,LX-DR1-0025,{},"{""origins"":[],""nationalUses"":[],""derivations"":[""Dar waiting + -aen verb.""],""variants"":[]}",Dictionary Review 1,Dar waiting + -aen verb.,,,,
varral,Varral,/vahr-rahl/,Noun: Traveler / Wanderer / Person on a journey,varral traveler / wanderer / person on a journey noun   var move + -ral agent/practitioner: one who carries out the activity. independent ral retains caretaker/watcher meanings.     noun: traveler / wanderer / person on a journey,,LX-DR1-0026,{},"{""origins"":[],""nationalUses"":[],""derivations"":[""Var move + -ral agent/practitioner: one who carries out the activity. Independent Ral retains caretaker/watcher meanings.""],""variants"":[]}",Dictionary Review 1,Var move + -ral agent/practitioner: one who carries out the activity. Independent Ral retains caretaker/watcher meanings.,,,,
karjor,Karjor,/kahr-johr/,Noun: Impact / Mechanical surge / Strike force / Burst of energy,karjor impact / mechanical surge / strike force / burst of energy noun   kar mechanical force + jor surge.     noun: impact / mechanical surge / strike force / burst of energy,,LX-DR1-0027,{},"{""origins"":[],""nationalUses"":[],""derivations"":[""Kar mechanical force + Jor surge.""],""variants"":[]}",Dictionary Review 1,Kar mechanical force + Jor surge.,,,,
kavel,Kavel,/kah-vehl/,Noun: Forgetfulness / Memory gap / Loss of awareness,kavel forgetfulness / memory gap / loss of awareness noun   ka absence + vel wisdom/stillness; approved lexicalized memory-gap meaning.     noun: forgetfulness / memory gap / loss of awareness,,LX-DR1-0028,{},"{""origins"":[],""nationalUses"":[],""derivations"":[""Ka absence + Vel wisdom/stillness; approved lexicalized memory-gap meaning.""],""variants"":[]}",Dictionary Review 1,Ka absence + Vel wisdom/stillness; approved lexicalized memory-gap meaning.,,,,
vorkaral,Vorkaral,/vohr-kahr-ahl/,Noun: Worker / Mechanic / Laborer / Tool-operator,vorkaral worker / mechanic / laborer / tool-operator noun   vor active role/place of action + kar tool-work/mechanical force + nominal agent -al one engaged in continuous work. this records the explicit approved component breakdown for this word; verbal continuous -al remains distinct.     noun: worker / mechanic / laborer / tool-operator,,LX-DR1-0029,{},"{""origins"":[],""nationalUses"":[],""derivations"":[""Vor active role/place of action + Kar tool-work/mechanical force + nominal agent -al one engaged in continuous work. This records the explicit approved component breakdown for this word; verbal continuous -al remains distinct.""],""variants"":[]}",Dictionary Review 1,Vor active role/place of action + Kar tool-work/mechanical force + nominal agent -al one engaged in continuous work. This records the explicit approved component breakdown for this word; verbal continuous -al remains distinct.,,,,
noral,Noral,/nohr-ahl/,Noun: Night / Nighttime / Nocturnal hours,noral night / nighttime / nocturnal hours noun   nor time + -al duration; lexicalized nighttime meaning approved by user.     noun: night / nighttime / nocturnal hours,,LX-DR1-0030,{},"{""origins"":[],""nationalUses"":[],""derivations"":[""Nor time + -al duration; lexicalized nighttime meaning approved by user.""],""variants"":[]}",Dictionary Review 1,Nor time + -al duration; lexicalized nighttime meaning approved by user.,,,,
khumrel,Khumrel,/khoom-rehl/,Noun: Compassion / Empathetic listening / Circle of care,"khumrel compassion / empathetic listening / circle of care noun   khum reconciliation/listening circle + -rel soft flow or gentle expression; the same soft-flow component used in velkrel, here describing compassion.     noun: compassion / empathetic listening / circle of care",,LX-DR1-0031,{},"{""origins"":[],""nationalUses"":[],""derivations"":[""Khum reconciliation/listening circle + -rel soft flow or gentle expression; the same soft-flow component used in Velkrel, here describing compassion.""],""variants"":[]}",Dictionary Review 1,"Khum reconciliation/listening circle + -rel soft flow or gentle expression; the same soft-flow component used in Velkrel, here describing compassion.",,,,
terrarav,Terrarav,/tehr-rah-rahv/,Noun: Pull of one's homeland / Yearning for home,terrarav pull of one's homeland / yearning for home noun   terra earth/homeland + rav pull/yearning.     noun: pull of one's homeland / yearning for home,,LX-DR1-0032,{},"{""origins"":[],""nationalUses"":[],""derivations"":[""Terra earth/homeland + Rav pull/yearning.""],""variants"":[]}",Dictionary Review 1,Terra earth/homeland + Rav pull/yearning.,,,,
zhirrathor,Zhirrathor,/zheer-rah-thohr/,Noun: Thread to the past / Historical continuity / Lineage link,zhirrathor thread to the past / historical continuity / lineage link noun   zhir lineage/connection through time + rathor past/history.     noun: thread to the past / historical continuity / lineage link,,LX-DR1-0033,{},"{""origins"":[],""nationalUses"":[],""derivations"":[""Zhir lineage/connection through time + Rathor past/history.""],""variants"":[]}",Dictionary Review 1,Zhir lineage/connection through time + Rathor past/history.,,,,
rin,Rin,/reen/,Noun: Essence; inner spirit; true self,"rin essence; inner spirit; true self root root family evidence: rin, rinaen, rinvarash builds words for essence, identity, naming, and spiritually central inner qualities.      noun: essence; inner spirit; true self",Yes,XR-rin,{},null,,,,,,
bel,Bel,/behl/,"Verb: To bind or weave (symbolizing interconnection, fabric, or networks).","bel binding; weaving; systems; civilization root root family evidence: bel, belshara, belvok builds words for binding, obligation, woven systems, structure, and social order.     bel to bind or weave (symbolizing interconnection, fabric, or networks). root bel: to bind or weave (symbolizing interconnection, fabric, or networks). original expanded vocabulary root preserved.      verb: to bind or weave (symbolizing interconnection, fabric, or networks).",Yes,XR-bel; DM-RM-V2-0003,{},null,,,,,,
ohm,Ohm,/ohm/,Noun: Connection; empathy; spiritual unity,"ohm connection; empathy; spiritual unity root root family evidence: ohm, ohmbaen, ohmakath builds words for attunement, empathy, love, resonance, and spiritual connection.      noun: connection; empathy; spiritual unity",Yes,XR-ohm,{},null,,,,,,
mor,Mor,/mohr/,Noun: Matter; soil; earthy substance; physical grounding,"mor matter; soil; earthy substance; physical grounding root root family evidence: moraen, morthas, morkal builds words for earthiness, grounding, matter, physical substance, grain, and material support.      noun: matter; soil; earthy substance; physical grounding",Yes,XR-mor,{},null,,,,,,
veth,Veth,/vehth/,Noun: Shade; mystery; hidden or sleeping things,"veth shade; mystery; hidden or sleeping things root root family evidence: vethhar, xarvethral, belvethral builds words for shadow, sleep, hiddenness, mystery, stalking, and the unseen.      noun: shade; mystery; hidden or sleeping things",Yes,XR-veth,{},null,,,,,,
neth,Neth,/nehth/,Noun: Rest; physical stillness; support,"neth rest; physical stillness; support root root family evidence: nethaen, nethor, nethlor builds words for rest, seated stillness, support surfaces, and physically settled states.      noun: rest; physical stillness; support",Yes,XR-neth,{},null,,,,,,
vanesh,Vanesh,/vah-nehsh/,Noun: Commerce; formal trade; merchant work ; Verb: To trade / To conduct commerce,"vanesh commerce; formal trade; merchant work root root family evidence: vanesh, vaneshem, thalaneshen builds words for trade, market action, bargaining, goods, and merchant activity.      noun: commerce; formal trade; merchant work ; verb: to trade / to conduct commerce",Yes,XR-vanesh,{},null,,,,,,
kar,Kar,/kahr/,Noun: Strike; mechanical force; tool-work ; Verb: To strike / To apply force,"kar strike; mechanical force; tool-work root root family evidence: kareth, karethaen builds words for striking, tool-use, applied force, and mechanical action.      noun: strike; mechanical force; tool-work ; verb: to strike / to apply force",Yes,XR-kar,{},null,,,,,,
verd,Verd,/vehrd/,Noun: Foliage; forest growth; botanical life,"verd foliage; forest growth; botanical life root root family evidence: verdor, verdeth, verdalris builds words for forests, foliage, green growth, and plant-dominant landscapes.      noun: foliage; forest growth; botanical life",Yes,XR-verd,{},null,,,,,,
trak,Trak,/trahk/,Noun: Tread; step; foot-borne movement,"trak tread; step; foot-borne movement root root family evidence: trakor builds words for stepping, foot travel, shoes, and movement by tread.      noun: tread; step; foot-borne movement",Yes,XR-trak,{},null,,,,,,
kav,Kav,/kahv/,Noun: Age; preservation; ancient duration,"kav age; preservation; ancient duration root root family evidence: kaveth, velkavor builds words for age, preservation, oldness, and what has endured across long time.      noun: age; preservation; ancient duration",Yes,XR-kav,{},null,,,,,,
vel,Vel,/vehl/,Noun: Wisdom; stillness; cold endurance,"vel wisdom; stillness; cold endurance root root family evidence: velar, veleth, velrathor builds words for elderhood, cold stillness, memory, and age-earned wisdom or endurance.      noun: wisdom; stillness; cold endurance",Yes,XR-vel,{},null,,,,,,
zhir,Zhir,/zheer/,Noun: Lineage; thread; connection through time,"zhir lineage; thread; connection through time root root family evidence: zhirin, zhiren, zhirkalor builds words for thread, lineage, kin-connection, continuity, and ties through time.      noun: lineage; thread; connection through time",Yes,XR-zhir,{},null,,,,,,
khum,Khum,/khoom/,Noun: Circle; listening; reconciliation,"khum circle; listening; reconciliation root root family evidence: khumlor, khumrel, khumeth builds words for circles of care, listening, reconciliation, mentorship, and chosen community.      noun: circle; listening; reconciliation",Yes,XR-khum,{},null,,,,,,
tla,Tla,/tlah/,Noun: Intimacy; closeness; unspoken connection,"tla intimacy; closeness; unspoken connection root root family evidence: tlavor, tlakorin, tlakhura builds words for intimacy, trusted closeness, anticipation, and quietly held personal bonds.      noun: intimacy; closeness; unspoken connection",Yes,XR-tla,{},null,,,,,,
jor,Jor,/johr/,Noun: Surge or burst (symbolizing sudden movements or energetic flows). ; Verb: To surge / To burst forth,"jor surge; burst; energetic flow root root family evidence: jor, jorkal, jorvak builds words for surging force, bursts of energy, speed, and lively intensity.     jor surge or burst (symbolizing sudden movements or energetic flows). root jor: surge or burst (symbolizing sudden movements or energetic flows). original expanded vocabulary root preserved.      noun: surge or burst (symbolizing sudden movements or energetic flows). ; verb: to surge / to burst forth",Yes,XR-jor; DM-RM-V2-0011,{},null,,,,,,
jek,Jek,/jehk/,Noun: Spiral or twist (symbolizing swirling patterns or dynamic shapes).,"jek spiral; twist; swirling form root root family evidence: jek, jekvor, jekvarin builds words for spirals, twists, curling forms, and non-linear patterning.     jek spiral or twist (symbolizing swirling patterns or dynamic shapes). root jek: spiral or twist (symbolizing swirling patterns or dynamic shapes). original expanded vocabulary root preserved.      noun: spiral or twist (symbolizing swirling patterns or dynamic shapes).",Yes,XR-jek; DM-RM-V2-0012,{},null,,,,,,
wek,Wek,/wehk/,Noun: Circularity or cycles (symbolizing completeness or renewal).,"wek cycle; repetition; patterned return root root family evidence: weknor, lunwek, tharvin-wek builds words for cycles, recurrence, repeated action, and completed repeating spans.     wek circularity or cycles (symbolizing completeness or renewal). root wek: circularity or cycles (symbolizing completeness or renewal). original expanded vocabulary root preserved.      noun: circularity or cycles (symbolizing completeness or renewal).",Yes,XR-wek; DM-RM-V2-0016,{},null,,,,,,
lor,Lor,/lohr/,Noun: Guidance; sight; focus of leadership,"lor guidance; sight; focus of leadership root root family evidence: lorin, liorin, lorash builds words for guidance, leading, sightlines, sacred focus, and socially recognized direction.      noun: guidance; sight; focus of leadership",Yes,XR-lor,{},null,,,,,,
wor,Wor,/wohr/,Noun: Abundance or plenty (symbolizing generosity or surplus).,"wor abundance; plenty; fullness root root family evidence: wor, woreth, worvenak builds words for fullness, abundance, surplus, and states of being richly filled.     wor abundance or plenty (symbolizing generosity or surplus). root wor: abundance or plenty (symbolizing generosity or surplus). original expanded vocabulary root preserved.      noun: abundance or plenty (symbolizing generosity or surplus).",Yes,XR-wor; DM-RM-V2-0017,{},null,,,,,,
vin,Vin,/veen/,Noun: Pull; extraction; drawing out essence,"vin pull; extraction; drawing out essence root root family evidence: tharvin, phelvin, welvinor builds words for drawing out, harvest, extraction, and movement from inner source to outer form.      noun: pull; extraction; drawing out essence",Yes,XR-vin,{},null,,,,,,
zhael,Zhael,/zhah-ehl/,Noun: Bloom; renewal; soft opening; empathy,"zhael bloom; renewal; soft opening; empathy root root family evidence: zhaelor, zhaelin builds words for blooming, spring renewal, flowers, empathy, and soft emotional opening.      noun: bloom; renewal; soft opening; empathy",Yes,XR-zhael,{},null,,,,,,
nk,Nk,/nk/,Noun: Endurance; hidden strength,"nk endurance; hidden strength root root family evidence: nkathal, nkuraeth, nkuthar builds words for endurance through sorrow, held feeling, and quiet sustaining strength.      noun: endurance; hidden strength",Yes,XR-nk,{},null,,,,,,
nku,Nku,/nkoo/,Adjective: Hidden nurturing; held calm,"nku hidden nurturing; held calm root root family evidence: nkural, nkuvath, nkuthan builds words for comfort, forgiveness, promises, and nurturing support given to others.      adjective: hidden nurturing; held calm",Yes,XR-nku,{},null,,,,,,
phel,Phel,/phehl/,Noun: Warmth or comfort (symbolizing physical or emotional ease).,"phel warmth; comfort; soothing ease root root family evidence: phelvin, phelrin, phelmorin builds words for warmth, comfort, soothing foods or drinks, and ease-giving states.     phel warmth or comfort (symbolizing physical or emotional ease). root phel: warmth or comfort (symbolizing physical or emotional ease). original expanded vocabulary root preserved.      noun: warmth or comfort (symbolizing physical or emotional ease).",Yes,XR-phel; DM-RM-V2-0007,{},null,,,,,,
prak,Prak,/prahk/,"Noun: Softness or tenderness (e.g., soft food or texture).","prak softness; tenderness; gentle texture root root family evidence: praketh, prakorin builds words for softness, tenderness, gentleness, and malleable texture or manner.     prak softness or tenderness (e.g., soft food or texture). root prak: softness or tenderness (e.g., soft food or texture). original expanded vocabulary root preserved.      noun: softness or tenderness (e.g., soft food or texture).",Yes,XR-prak; DM-RM-V2-0008,{},null,,,,,,
bros,Bros,/brohs/,Verb: Layering or stratification (symbolizing levels or textures).,"bros layering; stratification; stacked texture root root family evidence: brosrin, broslak builds words for layers, stacked structure, and texture made from multiple strata.     bros layering or stratification (symbolizing levels or textures). root bros: layering or stratification (symbolizing levels or textures). original expanded vocabulary root preserved.      verb: layering or stratification (symbolizing levels or textures).",Yes,XR-bros; DM-RM-V2-0004,{},null,,,,,,
bal,Bal,/bahl/,"Noun: Growth or sprouting (e.g., plants, development).","bal sprouting; development; budding growth root root family evidence: balrin builds words for budding, early growth, sprouts, and the first stage of development.     bal growth or sprouting (e.g., plants, development). root bal: growth or sprouting (e.g., plants, development). original expanded vocabulary root preserved.      noun: growth or sprouting (e.g., plants, development).",Yes,XR-bal; DM-RM-V2-0005,{},null,,,,,,
bren,Bren,/brehn/,"Noun: Harvest (e.g., the act or result of gathering food). ; Verb: To harvest / To gather","bren gathering; harvest; collected yield root root family evidence: brenmor, brenvor builds words for gathering, harvesting, collected produce, and the yield of labor.     bren harvest (e.g., the act or result of gathering food). root bren: harvest (e.g., the act or result of gathering food). original expanded vocabulary root preserved.      noun: harvest (e.g., the act or result of gathering food). ; verb: to harvest / to gather",Yes,XR-bren; DM-RM-V2-0006,{},null,,,,,,
jel,Jel,/jehl/,Noun: Flavor or zest (bright taste or sensory experience).,"jel zest; bright flavor; sensory sharpness root root family evidence: jelvor builds words for zest, brightness of flavor, lively taste, and sensory sharpness.     jel flavor or zest (bright taste or sensory experience). root jel: flavor or zest (bright taste or sensory experience). original expanded vocabulary root preserved.      noun: flavor or zest (bright taste or sensory experience).",Yes,XR-jel; DM-RM-V2-0013,{},null,,,,,,
wel,Wel,/wehl/,"Verb: Sharing or unity (emphasizing communal aspects, symbolizing seamless connections or unbroken lines).","wel communal flow; sharing; seamless connection root root family evidence: welrim, welmor, welvinor builds words for communal sharing, flowing together, feast exchange, and unbroken social connection.     wel sharing or unity (emphasizing communal aspects, symbolizing seamless connections or unbroken lines). root wel: sharing or unity (emphasizing communal aspects, symbolizing seamless connections or unbroken lines). original expanded vocabulary root preserved.      verb: sharing or unity (emphasizing communal aspects, symbolizing seamless connections or unbroken lines).",Yes,XR-wel; DM-RM-V2-0015,{},null,,,,,,
xar,Xar,/xahr/,Noun: Shadow or cover (tied to concealed or protective qualities). ; Verb: To cover / To shelter / To close off,"xar cover; veil; concealment for protection root root family evidence: xarvel, xaresh, xarvethral builds words for covering, concealment, veiling, and protective hiddenness.     xar shadow or cover (tied to concealed or protective qualities). root xar: shadow or cover (tied to concealed or protective qualities). original expanded vocabulary root preserved.      noun: shadow or cover (tied to concealed or protective qualities). ; verb: to cover / to shelter / to close off",Yes,XR-xar; DM-RM-V2-0019,{},null,,,,,,
xil,Xil,/xeel/,Adjective: Hidden or secret (used for foods with a mysterious origin or preparation).,"xil shard; fragment; hidden crystal detail root root family evidence: xilvar, xilbren builds words for shards, fragments, crystalline bits, and small pieces of a larger whole.     xil hidden or secret (used for foods with a mysterious origin or preparation). root xil: hidden or secret (used for foods with a mysterious origin or preparation). original expanded vocabulary root preserved.      adjective: hidden or secret (used for foods with a mysterious origin or preparation).",Yes,XR-xil; DM-RM-V2-0018,{},null,,,,,,
mb,Mb,/mb/,Noun: Support; pillar; foundational weight,"mb support; pillar; foundational weight root root family evidence: mbalan, mbanoth, mbalor builds words for support, pillars, foundational burden, and figures who hold others up.      noun: support; pillar; foundational weight",Yes,XR-mb,{},null,,,,,,
rek,Rek,/rehk/,Noun: Peak intensity; burning or heated state,"rek peak intensity; burning or heated state root root family evidence: krezrek, fenrek intensifies a hot or active base toward peak force, burning conditions, or seasonal extremity.      noun: peak intensity; burning or heated state",Yes,XR-rek,{},null,,,,,,
rav,Rav,/rahv/,Noun: Pull; yearning; destiny attraction,"rav pull; yearning; destiny attraction root root family evidence: ravokha, ravialor, terrarav builds words for pull, yearning, attraction, and destination-oriented desire.      noun: pull; yearning; destiny attraction",Yes,XR-rav,{},null,,,,,,
thaen,Thaen,/thah-ehn/,Noun: Spirit-breath; still internal seasonality,"thaen spirit-breath; still internal seasonality root root family evidence: velthaen, amthaen builds words for seasonal spirit, inner breath, greeting warmth, and the living aura of a state.      noun: spirit-breath; still internal seasonality",Yes,XR-thaen,{},null,,,,,,
elor,Elor,/eh-lohr/,Noun: Growth; upward alignment; unfolding maturity,"elor growth; upward alignment; unfolding maturity root root family evidence: zhirelorim builds words for growth, emergence, alignment, and upward or life-stage progression.      noun: growth; upward alignment; unfolding maturity",Yes,XR-elor,{},null,,,,,,
zhel,Zhel,/zhehl/,Noun: Spark; energy; quick power-flash,"zhel spark; energy; quick power-flash root root family evidence: zhelvek builds words for sparks, quick energy, charge, and condensed power.      noun: spark; energy; quick power-flash",Yes,XR-zhel,{},null,,,,,,
mek,Mek,/mehk/,Verb: Forging; construction; artificial making,"mek forging; construction; artificial making root root family evidence: velmek, zhelvek builds words for constructed, synthetic, or force-made objects rather than naturally grown ones.      verb: forging; construction; artificial making",Yes,XR-mek,{},null,,,,,,
vek,Vek,/vehk/,Noun: Carrier; vessel; transported charge or substance,"vek carrier; vessel; transported charge or substance root root family evidence: zhelvek builds words for vessels, carriers, bars, and objects that hold or transport substance or energy.      noun: carrier; vessel; transported charge or substance",Yes,XR-vek,{},null,,,,,,
livar,Livar,/lee-vahr/,Noun: Preservation; salt-fixing; anti-decay,"livar preservation; salt-fixing; anti-decay root root family evidence: drenlivar builds words for preservation, salting, mineral fixing, and keeping something from decay.      noun: preservation; salt-fixing; anti-decay",Yes,XR-livar,{},null,,,,,,
marin,Marin,/mah-reen/,Noun: Branch; extension; outward-growing limb,"marin branch; extension; outward-growing limb root root family evidence: velmarin builds words for branches, outward-growing extensions, and lineage or form that spreads from a trunk.      noun: branch; extension; outward-growing limb",Yes,XR-marin,{},null,,,,,,
fennil,Fennil,/fehnneel/,Noun: Leaf; herb; soft medicinal greens,"fennil leaf; herb; soft medicinal greens root root family evidence: terafennil builds words for leaves, herbs, greens, and soft botanical matter used for food or medicine.      noun: leaf; herb; soft medicinal greens",Yes,XR-fennil,{},null,,,,,,
vilor,Vilor,/vee-lohr/,Noun: Berry essence; small sweet fruit,"vilor berry essence; small sweet fruit root root family evidence: jorvilor, eshvilor builds words for berries, small fruits, and compact sweet or energetic produce.      noun: berry essence; small sweet fruit",Yes,XR-vilor,{},null,,,,,,
alor,Alor,/ah-lohr/,Verb: Falling; descent; downward motion,"alor falling; descent; downward motion root root family evidence: drenalor builds words for falling, descent, and downward movement from air to ground.      verb: falling; descent; downward motion",Yes,XR-alor,{},null,,,,,,
arshor,Arshor,/ahrshohr/,Noun: Enveloping presence; atmospheric blanket,"arshor enveloping presence; atmospheric blanket root root family evidence: velarshor builds words for mist, envelopment, atmospheric covering, and presence that surrounds a space.      noun: enveloping presence; atmospheric blanket",Yes,XR-arshor,{},null,,,,,,
torin,Torin,/toh-reen/,Noun: Protein; meat; concentrated animal sustenance,"torin protein; meat; concentrated animal sustenance root root family evidence: kreztorin builds words for meat, protein, dense sustenance, and concentrated animal nourishment.      noun: protein; meat; concentrated animal sustenance",Yes,XR-torin,{},null,,,,,,
tarin,Tarin,/tah-reen/,Noun: Dried sweetness; sun-preserved fruit,"tarin dried sweetness; sun-preserved fruit root root family evidence: voktarin builds words for dried fruit sweetness, preserved sugars, and sun-concentrated food.      noun: dried sweetness; sun-preserved fruit",Yes,XR-tarin,{},null,,,,,,
soril,Soril,/soh-reel/,Noun: Depth of flavor; complex taste-body,"soril depth of flavor; complex taste-body root root family evidence: vethsoril builds words for depth of flavor, savory complexity, and richly layered taste.      noun: depth of flavor; complex taste-body",Yes,XR-soril,{},null,,,,,,
tham,Tham,/thahm/,Verb: Mashing; softening; breaking structure down,"tham mashing; softening; breaking structure down root root family evidence: velthamor builds words for mashed, softened, crushed, or blended physical substance.      verb: mashing; softening; breaking structure down",Yes,XR-tham,{},null,,,,,,
venak,Venak,/veh-nahk/,Noun: Warmth-vessel; held heat; stew-state,"venak warmth-vessel; held heat; stew-state root root family evidence: worvenak, morvenak builds words for stew-like dishes, warm held mixtures, and food gathered into a vessel-form.      noun: warmth-vessel; held heat; stew-state",Yes,XR-venak,{},null,,,,,,
lak,Lak,/lahk/,Noun: Grain; earthy food-substance; bread material,"lak grain; earthy food-substance; bread material root root family evidence: morlak, broslak builds words for grain substance, bread matter, and earthy food material used as a staple base.      noun: grain; earthy food-substance; bread material",Yes,XR-lak,{},null,,,,,,
van,Van,/vahn/,Noun: Commercial site; market-space; shop-place,"van commercial site; market-space; shop-place root root family evidence: evan, eshvan builds words for market-space, shop-place, and locations dedicated to commerce or exchange.      noun: commercial site; market-space; shop-place",Yes,XR-van,{},null,,,,,,
kadren,Kadren,/kahdrehn/,"Noun: Masculine essence (strength, groundedness).","kadren masculine essence (strength, groundedness). root kadren: masculine essence (strength, groundedness). derived words: kadron (man), kadfel (boy), kadon (masculine woman). preserved as standalone root/morpheme because source clearly defines it.      noun: masculine essence (strength, groundedness).",Yes,DM-RM-V1-0001,{},null,,,,,,
azan,Azan,/ah-zahn/,"Noun: Feminine essence (nurturing, fluidity).","azan feminine essence (nurturing, fluidity). root azan: feminine essence (nurturing, fluidity). derived words: azron (woman), azfel (girl), azon (feminine man). preserved as standalone root/morpheme because source clearly defines it.      noun: feminine essence (nurturing, fluidity).",Yes,DM-RM-V1-0002,{},null,,,,,,
thee,Thee,/theh-eh/,"Noun: Neutral essence (balance, unity).","thee neutral essence (balance, unity). root thee: neutral essence (balance, unity). derived words: theon (neutral person), theefel (neutral child). preserved as standalone root/morpheme because source clearly defines it.      noun: neutral essence (balance, unity).",Yes,DM-RM-V1-0003,{},null,,,,,,
tha-,Tha-,/thah-/,Prefix: Past Tense,tha- past tense prefix past tense tha- (prefix) tha-var i dren. “i went to the water.” preserved as standalone root/morpheme because source clearly defines it.     tha- past tense prefix tha-: past tense original root/morpheme entry preserved.      prefix: past tense,,DM-RM-V1-0004; DM-RM-V2-0035,{},null,,,,,,
nor-,Nor-,/nohr-/,Prefix: Future Tense,nor- future tense prefix future tense nor- (prefix) nor-var i dren. “i will go to the water.” preserved as standalone root/morpheme because source clearly defines it.     nor- future tense prefix nor-: future tense original root/morpheme entry preserved.      prefix: future tense,Yes,DM-RM-V1-0005; DM-RM-V2-0036; DM-RM-S3-0011,{},null,,,,,,
-al,-al,/-ahl/,Suffix: Continuous,-al continuous suffix continuous -al (suffix) varal i dren. “i am going to the water.” preserved as standalone root/morpheme because source clearly defines it.      suffix: continuous,,DM-RM-V1-0006,{},null,,,,,,
-ath,-ath,/-ahth/,Suffix: Perfective,-ath perfective suffix perfective -ath (suffix) varath i dren. “i have gone to the water.” preserved as standalone root/morpheme because source clearly defines it.      suffix: perfective,,DM-RM-V1-0007,{},null,,,,,,
-as,-as,/-ahs/,Suffix: Habitual,-as habitual suffix habitual -as (suffix) varas i dren. “i usually go to the water.” preserved as standalone root/morpheme because source clearly defines it.      suffix: habitual,,DM-RM-V1-0008,{},null,,,,,,
ver,Ver,/vehr/,Particle: Negation before the verb or noun,ver negation before the verb or noun particle negation is formed by placing ver before the verb or noun. preserved as standalone root/morpheme because source clearly defines it.      particle: negation before the verb or noun,,DM-RM-V1-0009,{},null,,,,,,
ra,Ra,/rah/,Particle: Questions start with Ra,ra questions start with ra particle questions: start with ra. preserved as standalone root/morpheme because source clearly defines it.      particle: questions start with ra,,DM-RM-V1-0010,{},null,,,,,,
va,Va,/vah/,Particle: Imperatives (Commands) start with Va,va imperatives (commands) start with va particle imperatives (commands): start with va. preserved as standalone root/morpheme because source clearly defines it.      particle: imperatives (commands) start with va,,DM-RM-V1-0011,{},null,,,,,,
-ka,-ka,/-kah/,Particle: Possessive/linking marker,-ka possessive/linking marker particle the -ka particle can act as a possessive/linking marker. preserved as standalone root/morpheme because source clearly defines it.      particle: possessive/linking marker,,DM-RM-V1-0014,{},null,,,,,,
kilv,Kilv,/keelv/,Noun: shadow/time,kilv shadow/time root root words kinn (daylight) and kilv (shadow/time) are introduced. original root/morpheme entry preserved.      noun: shadow/time,Yes,DM-RM-V2-0002,{},null,,,,,,
pel,Pel,/pehl/,"Noun: Sharpness or clarity (symbolizing clean cuts, flavors, or piercing qualities).","pel sharpness or clarity (symbolizing clean cuts, flavors, or piercing qualities). root pel: sharpness or clarity (symbolizing clean cuts, flavors, or piercing qualities). original expanded vocabulary root preserved.      noun: sharpness or clarity (symbolizing clean cuts, flavors, or piercing qualities).",Yes,DM-RM-V2-0009,{},null,,,,,,
jin,Jin,/jeen/,"Adjective: Unique or rare (e.g., exotic or specialty foods).","jin unique or rare (e.g., exotic or specialty foods). root jin: unique or rare (e.g., exotic or specialty foods). original expanded vocabulary root preserved.      adjective: unique or rare (e.g., exotic or specialty foods).",Yes,DM-RM-V2-0014,{},null,,,,,,
nk-,Nk-,/nk-/,"Noun: Endurance, hidden strength","nk- endurance, hidden strength root nk- endurance, hidden strength nkathal (sadness), nkuraeth (to comfort), nkuthar (to forgive). original root chart row preserved.      noun: endurance, hidden strength",Yes,DM-RM-V2-0020,{},null,,,,,,
rav-,Rav-,/rahv-/,"Noun: Pull, yearning","rav- pull, yearning root rav- pull, yearning ravokha (desire), ravialor (a place of longing). original root chart row preserved.     rav- to pull, draw towards; desire, deep yearning, destiny pull. conceptual root rav- is the root of desire. it represents the gravitational pull of the heart (thar) or spirit towards a person, object, or goal. conceptual layer preserved.      noun: pull, yearning",Yes,DM-RM-V2-0021; DM-RM-S3-0021,{},null,,,,,,
mb-,Mb-,/mb-/,"Noun: Layered, supportive","mb- layered, supportive root mb- layered, supportive mbalor (fear), mbalan (pillar of community), mbanoth (nurturing figure). original root chart row preserved.      noun: layered, supportive",Yes,DM-RM-V2-0022,{},null,,,,,,
tla-,Tla-,/tlah-/,"Noun: Close, intimate connection","tla- close, intimate connection root tla- close, intimate connection tlavor (anticipation), tlakorin (confidant), tlakhura (unspoken bond). original root chart row preserved.      noun: close, intimate connection",Yes,DM-RM-V2-0023,{},null,,,,,,
ohm-,Ohm-,/ohhm-/,"Noun: Connection, unity","ohm- connection, unity root ohm- connection, unity ohmavin (tenderness), ohmbaen (beloved), ohmakath (to foster connection). original root chart row preserved.     ohm- connection, meeting point, circuit; spiritual connection distinct from bel. conceptual root ohm is the principle that no person or thing is an island. conceptual layer preserved; bel/ohm distinction flagged because it affects interpretation.      noun: connection, unity",Yes,DM-RM-V2-0024; DM-RM-S3-0016,{},null,,,,,,
khum-,Khum-,/khoom-/,"Noun: Circle, reconciliation","khum- circle, reconciliation root khum- circle, reconciliation khumlor (family), khumlian (reconciliation), khumrel (to listen deeply). original root chart row preserved.     khum- to listen, perceive, know through hearing; patient knowing and introspection. conceptual root khum- implies a deeper, more patient form of knowing than the visual shalaen (to see). conceptual layer preserved.      noun: circle, reconciliation",Yes,DM-RM-V2-0025; DM-RM-S3-0025,{},null,,,,,,
zhae-,Zhae-,/zhah-eh-/,"Noun: Light, empathy","zhae- light, empathy root zhae- light, empathy zhaenok (connection through empathy), zhaenath (to speak openly). original root chart row preserved.      noun: light, empathy",Yes,DM-RM-V2-0026,{},null,,,,,,
nku-,Nku-,/nkoo-/,"Adjective: Hidden, nurturing","nku- hidden, nurturing root nku- hidden, nurturing nkural (mentor), nkuvath (promise), nkuthan (resolved calm). original root chart row preserved.      adjective: hidden, nurturing",Yes,DM-RM-V2-0027,{},null,,,,,,
tl-,Tl-,/tl-/,"Noun: Movement, flow","tl- movement, flow root tl- movement, flow tlenav (joy), tlekhamin (to share a journey). original root chart row preserved.      noun: movement, flow",Yes,DM-RM-V2-0028,{},null,,,,,,
-in,-in,/-een/,"Suffix: Plural marker added to nouns ending in consonants ; Suffix: Person or participant connected to a bond, place, or category","-in plural marker added to nouns ending in consonants suffix -in is added to nouns ending in consonants. original root/morpheme entry preserved.      suffix: plural marker added to nouns ending in consonants ; suffix: person or participant connected to a bond, place, or category",,DM-RM-V2-0029,{},null,,,,,,
-n,-n,/-n/,Suffix: Plural marker added to nouns ending in vowels,-n plural marker added to nouns ending in vowels suffix -n is added to nouns ending in vowels. original root/morpheme entry preserved.      suffix: plural marker added to nouns ending in vowels,,DM-RM-V2-0030,{},null,,,,,,
-or,-or,/-ohr/,Suffix: Place/Location,-or place/location suffix -or: place/location / shal + or = shalor (sanctuary/light place) original root/morpheme entry preserved.      suffix: place/location,,DM-RM-V2-0031,{},null,,,,,,
-en,-en,/-ehn/,Suffix: Honorific/Formal-High Respect ; Suffix: Honorific/Respected form,-en honorific/respected form suffix -en: honorific/respected form / liorin + en = liorinen (honored elder/teacher) original root/morpheme entry preserved.     -en honorific/formal-high respect suffix use both li- and -en suffix. original root/morpheme entry preserved.     -en partner bonded to you suffix -en: partner bonded to you original root/morpheme entry preserved.      suffix: honorific/formal-high respect ; suffix: honorific/respected form,,DM-RM-V2-0032; DM-RM-V3-0002; DM-RM-V3-0011,{},null,,,,,,
-lin,-lin,/-leen/,Suffix: Collective/Diminutive,-lin collective/diminutive suffix -lin: collective/diminutive / elin = child; ilin = we original root/morpheme entry preserved.      suffix: collective/diminutive,,DM-RM-V2-0033,{},null,,,,,,
-aen,-aen,/-ah-ehn/,Suffix: Verb-forming,-aen verb-forming suffix -aen: verb-forming / lian (truth) → lianaen (to speak truth) original root/morpheme entry preserved.      suffix: verb-forming,,DM-RM-V2-0034,{},null,,,,,,
ver-,Ver-,/vehr-/,Prefix: Negation,ver- negation prefix ver-: negation original root/morpheme entry preserved.      prefix: negation,,DM-RM-V2-0037,{},null,,,,,,
li-,Li-,/lee-/,Prefix: Respect/Honorific ; Prefix: show respect,li- respect/honorific prefix li-: respect/honorific original root/morpheme entry preserved.     li- show respect prefix add li- prefix to show respect. original root/morpheme entry preserved.      prefix: respect/honorific ; prefix: show respect,,DM-RM-V2-0038; DM-RM-V3-0001,{},null,,,,,,
lior,Lior,/lee-ohr/,Pronoun: Relative Pronoun,lior relative pronoun marker lior: relative pronoun original root/morpheme entry preserved.      pronoun: relative pronoun,,DM-RM-V3-0006,{},null,,,,,,
ther,Ther,/thehr/,Particle: Comparative marker: more than,ther comparative marker: more than marker ther: comparative marker: more than original root/morpheme entry preserved.      particle: comparative marker: more than,,DM-RM-V3-0007,{},null,,,,,,
-esh,-esh,/-ehsh/,Suffix: deep relational ties,-esh deep relational ties suffix -esh: deep relational ties original root/morpheme entry preserved.      suffix: deep relational ties,,DM-RM-V3-0010,{},null,,,,,,
-el,-el,/-ehl/,Suffix: Beloved bound to them,-el beloved bound to them suffix -el: beloved bound to them original root/morpheme entry preserved.      suffix: beloved bound to them,,DM-RM-V3-0012,{},null,,,,,,
-vel,-vel,/-vehl/,Suffix: Bread shared among us,-vel bread shared among us suffix -vel: bread shared among us original root/morpheme entry preserved.      suffix: bread shared among us,,DM-RM-V3-0013,{},null,,,,,,
ten-,Ten-,/tehn-/,Prefix: Tens prefix,ten- tens prefix numeric/math prefix ten-: tens prefix original root/morpheme entry preserved.      prefix: tens prefix,,DM-RM-V3-0014,{},null,,,,,,
hek-,Hek-,/hehk-/,Prefix: Hundreds prefix,hek- hundreds prefix numeric/math prefix hek-: hundreds prefix original root/morpheme entry preserved.      prefix: hundreds prefix,,DM-RM-V3-0015,{},null,,,,,,
mel-,Mel-,/mehl-/,Prefix: Thousands prefix,mel- thousands prefix numeric/math prefix mel-: thousands prefix original root/morpheme entry preserved.      prefix: thousands prefix,,DM-RM-V3-0016,{},null,,,,,,
fen-,Fen-,/fehn-/,Prefix: Tens of thousands prefix,fen- tens of thousands prefix numeric/math prefix fen-: tens of thousands prefix original root/morpheme entry preserved.      prefix: tens of thousands prefix,,DM-RM-V3-0017,{},null,,,,,,
hek-mel-,Hek-Mel-,/hehk-mehl-/,Prefix: Hundreds of thousands construction,hek-mel- hundreds of thousands construction numeric/math prefix hek-mel-: hundreds of thousands construction original root/morpheme entry preserved.      prefix: hundreds of thousands construction,,DM-RM-V3-0018,{},null,,,,,,
ven,Ven,/vehn/,Particle: Subtraction marker meaning minus/subtract,ven subtraction marker meaning minus/subtract numeric/math marker ven: subtraction marker meaning minus/subtract corrected to match the actual subtraction pattern used elsewhere in the canon data.      particle: subtraction marker meaning minus/subtract,,DM-RM-V3-0019,{},null,,,,,,
-eth,-eth,/-ehth/,Suffix: Suffix that marks inherent quality or essential manifestation ; Suffix: Also used for abstract or ritual nouns,-eth denote the inherent quality or essential manifestation of a root word suffix the core concept of -eth is to denote the inherent quality or essential manifestation of a root word. original root/morpheme entry preserved.      suffix: suffix that marks inherent quality or essential manifestation ; suffix: also used for abstract or ritual nouns,,DM-RM-V4-0001,"{""familyTerms"":[""Shaleth"",""Woreth"",""Gormeth"",""Kaleth""]}",null,,,,,,
vael,vael,/vah-ehl/,Particle: Subjunctive mood: wishes/hypotheticals,"vael subjunctive mood: wishes/hypotheticals particle place the particle vael at the beginning of a clause to express wishes, hopes, suggestions, or conditions that are not currently real. original root/morpheme entry preserved.      particle: subjunctive mood: wishes/hypotheticals",,DM-RM-V4-0002,{},null,,,,,,
nor-ka,nor-ka,/nohr-kah/,Particle: passive voice echo particle ; Particle: Now / In this moment / At present,"nor-ka passive voice echo particle particle derivation: nor (time/flow) + -ka (particle), literally a ""particle of time's flow."" original root/morpheme entry preserved.      particle: passive voice echo particle ; particle: now / in this moment / at present",,DM-RM-V4-0003,{},null,,,,,,
shal-,Shal-,/shahl-/,"Noun: Light, glow, brightness; hope, truth, creation, clarity, revelation, wisdom, life, beginnings.","shal- light, glow, brightness; hope, truth, creation, clarity, revelation, wisdom, life, beginnings. conceptual root literal meaning: light, glow, brightness. positive connotations: hope, truth (lian), creation, clarity, revelation, wisdom, life, beginnings. conceptual layer preserved; does not replace existing shal lexicon rows.      noun: light, glow, brightness; hope, truth, creation, clarity, revelation, wisdom, life, beginnings.",Yes,DM-RM-S3-0001,{},null,,,,,,
krez-,Krez-,/krehz-/,"Noun: Fire, heat, energy; passion, creation, strength, life-force, warmth, resilience, purification.","krez- fire, heat, energy; passion, creation, strength, life-force, warmth, resilience, purification. conceptual root literal meaning: fire, heat, energy. positive connotations: passion, creation, strength (kal), life-force, warmth, resilience, purification (krezmorath ritual). conceptual layer preserved; krezthal/krezathal variation already flagged in euphony supplement.      noun: fire, heat, energy; passion, creation, strength, life-force, warmth, resilience, purification.",Yes,DM-RM-S3-0003,{},null,,,,,,
dren-,Dren-,/drehn-/,"Noun: Water, liquid, fluid; life, flow, change, healing, emotion, intuition, cleansing, adaptation.","dren- water, liquid, fluid; life, flow, change, healing, emotion, intuition, cleansing, adaptation. conceptual root dren is the primary metaphor for the flow of emotion, life, and connection. conceptual layer preserved; no standalone lexicon rows created for pairings.      noun: water, liquid, fluid; life, flow, change, healing, emotion, intuition, cleansing, adaptation.",Yes,DM-RM-S3-0004,{},null,,,,,,
morl-,Morl-,/mohrl-/,"Noun: Stone, rock, mountain; endurance, history, stubbornness, strength, foundation, stability, defense.","morl- stone, rock, mountain; endurance, history, stubbornness, strength, foundation, stability, defense. conceptual root morl is the ultimate metaphor for the past and for things that are unchanging. conceptual layer preserved; links to euphony morlathar and existing morl lexicon rows.      noun: stone, rock, mountain; endurance, history, stubbornness, strength, foundation, stability, defense.",Yes,DM-RM-S3-0005,{},null,,,,,,
esh-,Esh-,/ehsh-/,"Noun: Sky, air, wind; freedom, thought, divine, intellect, perspective, beginnings.","esh- sky, air, wind; freedom, thought, divine, intellect, perspective, beginnings. conceptual root esh is the primary metaphor for the mind and for abstract thought. conceptual layer preserved.      noun: sky, air, wind; freedom, thought, divine, intellect, perspective, beginnings.",Yes,DM-RM-S3-0006,{},null,,,,,,
terra- / terra-,terra- / Terra-,/tehrrah- / tehrrah-/,"Noun: Earth, ground, soil, land; lowercase terra is mundane physical ground; capitalized Terra is the world as living spiritual entity.","terra- / terra- earth, ground, soil, land; lowercase terra is mundane physical ground; capitalized terra is the world as living spiritual entity. conceptual root / capitalization distinction capitalized terra refers to the planet as a living, spiritual entity, the ""heart of terra."" current naming applied: ohnosha is the current world name; terra is the celan world/sacred term; terra is physical land/ground.      noun: earth, ground, soil, land; lowercase terra is mundane physical ground; capitalized terra is the world as living spiritual entity.",Yes,DM-RM-S3-0007,{},null,,,,,,
lian-,Lian-,/lee-ahn-/,"Noun: Truth, honesty; reality, natural law, essence, logic, clarity, correctness.","lian- truth, honesty; reality, natural law, essence, logic, clarity, correctness. conceptual root lian is not just something you speak; it is a state of being. conceptual layer preserved; links to lianeth modality through existing volume 4 material.      noun: truth, honesty; reality, natural law, essence, logic, clarity, correctness.",Yes,DM-RM-S3-0008,{},null,,,,,,
thal-,Thal-,/thahl-/,"Noun: Balance, harmony, equilibrium; also preposition meaning From / Out of.","thal- balance, harmony, equilibrium; also preposition meaning from / out of. conceptual root / preposition overlap as a noun: thal is an active, dynamic state, not a passive one. source uses ohnoshan worldview language; current naming applied.      noun: balance, harmony, equilibrium; also preposition meaning from / out of.",Yes,DM-RM-S3-0009,{},null,,,,,,
reth- / rethvok-,Reth- / Rethvok-,/rehth- / rehthvohk-/,"Noun: Reth: uncertainty, confusion, doubt, a question, or. Rethvok: chaos, disorder, un-ordered state.","reth- / rethvok- reth: uncertainty, confusion, doubt, a question, or. rethvok: chaos, disorder, un-ordered state. conceptual root / conjunction overlap the conjunction ""or"" (reth) is derived from this root, implying that the act of having to choose between options is an inherent state of uncertainty. refines existing reth conjunction and rethvok chaos rows; no resolution applied.      noun: reth: uncertainty, confusion, doubt, a question, or. rethvok: chaos, disorder, un-ordered state.",Yes,DM-RM-S3-0010,{},null,,,,,,
rin-,Rin-,/reen-/,"Noun: Essence, core nature, spirit, intrinsic quality.","rin- essence, core nature, spirit, intrinsic quality. conceptual root every object, person, and concept is believed to have a rin. it is their unchanging, true self, distinct from their physical form. important identity-context refinement preserved; no existing identity entries changed.      noun: essence, core nature, spirit, intrinsic quality.",Yes,DM-RM-S3-0012,{},null,,,,,,
bel-,Bel-,/behl-/,"Verb: To bind, weave, connect, fasten; civilization, bonds, restrictions, systems.","bel- to bind, weave, connect, fasten; civilization, bonds, restrictions, systems. conceptual root bel is the fundamental principle of civilization. conceptual layer preserved.      verb: to bind, weave, connect, fasten; civilization, bonds, restrictions, systems.",Yes,DM-RM-S3-0013,{},null,,,,,,
kal-,Kal-,/kahl-/,"Noun: Strength, power, force; neutral force whose virtue depends on use.","kal- strength, power, force; neutral force whose virtue depends on use. conceptual root kal is a neutral force. it is not inherently good or bad. its virtue is determined by how it is used. source uses ohnoshan language for philosophical debate; current naming applied.      noun: strength, power, force; neutral force whose virtue depends on use.",Yes,DM-RM-S3-0014,{},null,,,,,,
shara-,Shara-,/shah-rah-/,"Noun: A path, a road, a journey; life path, strategy, decision path.","shara- a path, a road, a journey; life path, strategy, decision path. conceptual root one's life is universally seen as a shara. conceptual layer preserved.      noun: a path, a road, a journey; life path, strategy, decision path.",Yes,DM-RM-S3-0015,{},null,,,,,,
thar-,Thar-,/thahr-/,"Noun: The physical heart; source of emotion, will, and true inner self.","thar- the physical heart; source of emotion, will, and true inner self. conceptual root the mind (lianor) thinks, but the heart (thar) is. source uses ohnoshan stories language; current naming applied.      noun: the physical heart; source of emotion, will, and true inner self.",Yes,DM-RM-S3-0017,{},null,,,,,,
var-,Var-,/vahr-/,"Verb: To go, move, travel; also preposition to/towards; action and existence.","var- to go, move, travel; also preposition to/towards; action and existence. conceptual root / preposition overlap in celan, ""to be"" is often expressed as an act of ""going"" or ""moving."" conceptual layer preserved; links to existing var verb/preposition rows.      verb: to go, move, travel; also preposition to/towards; action and existence.",Yes,DM-RM-S3-0018,{},null,,,,,,
aen-,Aen-,/ah-ehn-/,"Verb: To speak, breathe, make a sound; also complementizer that.","aen- to speak, breathe, make a sound; also complementizer that. conceptual root / complementizer overlap speech and breath are considered two sides of the same life-giving coin. refines aen/aenor polysemy and complementizer usage; no resolution applied.      verb: to speak, breathe, make a sound; also complementizer that.",Yes,DM-RM-S3-0019,{},null,,,,,,
pralaen-,Pralaen-,/prah-lah-ehn-/,"Verb: To make, craft, shape with care; skill, purpose, imposing order.","pralaen- to make, craft, shape with care; skill, purpose, imposing order. conceptual root pralaen is distinct from simple ""creation."" it implies skill, purpose, and the act of imposing order (belthal). conceptual layer preserved.      verb: to make, craft, shape with care; skill, purpose, imposing order.",Yes,DM-RM-S3-0020,{},null,,,,,,
vok-,Vok-,/vohk-/,Noun: Duality of breaking a bond and forming a unity; noun Vok means unity; verb vokaen breaks unity.,"vok- duality of breaking a bond and forming a unity; noun vok means unity; verb vokaen breaks unity. conceptual root / duality this root embodies a profound duality. the noun vok means ""unity."" the primary verb vokaen means ""to break that unity."" refines vok unity/betrayal polysemy; no merge or correction applied.      noun: duality of breaking a bond and forming a unity; noun vok means unity; verb vokaen breaks unity.",Yes,DM-RM-S3-0022,{},null,,,,,,
ser-,Ser-,/sehr-/,"Noun: Friend, ally; also with and and.","ser- friend, ally; also with and and. conceptual root / preposition / conjunction overlap to connect two things with ""and"" (ser) is to place them in accompaniment (ser), which is the very essence of being a friend (ser). refines existing ser friend/with/and polysemy; no resolution applied.      noun: friend, ally; also with and and.",Yes,DM-RM-S3-0023,{},null,,,,,,
rath-,Rath-,/rahth-/,"Noun: Enemy, foe, adversary; also conditional particle if.","rath- enemy, foe, adversary; also conditional particle if. conceptual root / conditional overlap the conditional ""if"" (rath) is derived from the word for ""enemy."" refines rath conditional/foe relation; no resolution applied.      noun: enemy, foe, adversary; also conditional particle if.",Yes,DM-RM-S3-0024,{},null,,,,,,
zhir-,Zhir-,/zheer-/,"Noun: Thread, line, cord; connection through time, lineage, history, cause-effect, fate.","zhir- thread, line, cord; connection through time, lineage, history, cause-effect, fate. conceptual root zhir- is the primary metaphor for connection through time. this is distinct from bel (social binding) and ohm (spiritual connection). conceptual layer preserved; bel/ohm/zhir distinctions flagged because they affect interpretation.      noun: thread, line, cord; connection through time, lineage, history, cause-effect, fate.",Yes,DM-RM-S3-0026,{},null,,,,,,
kel-,Kel-,/kehl-/,"Verb: To say, speak, name; definition and ordering through language.","kel- to say, speak, name; definition and ordering through language. conceptual root kel- is distinct from the life-giving aen (to speak/breathe). kel- is the intellectual, ordering act of defining reality through language. conceptual layer preserved; aen/kel distinction flagged because it affects lookup and interpretation.      verb: to say, speak, name; definition and ordering through language.",Yes,DM-RM-S3-0027,{},null,,,,,,
rinaen,Rinaen,/ree-nah-ehn/,Verb: To be; to exist in essence; is-in-essence,rinaen to be; to exist in essence; is-in-essence stative verb high-frequency dictionary-layer entry surfaced from canon usage audit. source extraction remains unchanged. rin (essence) + aen (breath/speaking) as a stative verb expressing essential being or existence.      verb: to be; to exist in essence; is-in-essence,,DX-rinaen,{},null,,,,,,
emil,Emil,/eh-meel/,Noun: Food; meal,emil food; meal noun dictionary-layer entry surfaced from repeated canon usage. source extraction remains unchanged. common everyday word for sustenance in both casual and formal contexts.      noun: food; meal,,DX-emil,{},null,,,,,,
teremil,Teremil,/teh-reh-meel/,Noun: Home,"teremil home noun dictionary-layer entry surfaced from repeated canon usage. source extraction remains unchanged. frequent conversational location word, often appearing in family and household examples.      noun: home",,DX-teremil,{},null,,,,,,
serin,Serin,/seh-reen/,Noun: Friends,serin friends plural noun dictionary-layer entry surfaced from repeated canon usage. source extraction remains unchanged. ser (friend/ally/with) + -in (plural suffix). plural form of ser.      noun: friends,,DX-serin,{},null,,,,,,
varadan,Varadan,/vah-rah-dahn/,Noun: Merchant,"varadan merchant noun dictionary-layer entry surfaced from repeated canon usage. source extraction remains unchanged. frequent marketplace word for the person who trades, bargains, or brings goods.      noun: merchant",,DX-varadan,{},null,,,,,,
harven,Harven,/hahrvehn/,Noun: Pack Beast,harven pack beast noun domesticated mountain pack beast; compact and shaggy-furred; used for transport and companionship in rugged terrain. ohnosha forest; domesticated mountain pack beast; compact and shaggy-furred; used for transport and companionship in rugged terrain.; cultural role: trusted travel companion and cargo carrier.      noun: pack beast,,OHC-0001,{},null,,,,,,
zharrel,Zharrel,/zhahrrehl/,Noun: Forest Predator,zharrel forest predator noun stealthy forest pack predator with sleek musculature and bioluminescent speckled fur; hunts through coordinated tactics and silent communication. ohnosha forest; stealthy forest pack predator with sleek musculature and bioluminescent speckled fur; hunts through coordinated tactics and silent communication.; cultural role: forest hunter and stealth symbol.      noun: forest predator,,OHC-0002,{},null,,,,,,
tharnspinners,Tharnspinners,/thahrnspeennehrs/,Noun: Arachnid,"tharnspinners arachnid noun small web-weaving arachnids whose patterned silk is culturally revered as a symbol of order and patience. ohnosha forest; small web-weaving arachnids whose patterned silk is culturally revered as a symbol of order and patience.; cultural role: symbol of order, patience, and careful making.      noun: arachnid",,OHC-0003,{},null,,,,,,
veilgliders,Veilgliders,/veh-eelglee-dehrs/,Noun: Gliding Insectivore,veilgliders gliding insectivore noun nocturnal gliding insectivores with transparent shimmering wings that move silently through the canopy and leave glowing spores behind. ohnosha forest; nocturnal gliding insectivores with transparent shimmering wings that move silently through the canopy and leave glowing spores behind.; cultural role: canopy night-life creature associated with quiet motion.      noun: gliding insectivore,,OHC-0004,{},null,,,,,,
tharokh,Tharokh,/thah-rohkh/,Noun: Endurance Mount,tharokh endurance mount noun endurance mount of the desert; slender and long-legged with a water-storing ridge; used by nomads for long-distance travel. desert; endurance mount of the desert; slender and long-legged with a water-storing ridge; used by nomads for long-distance travel.; cultural role: nomad travel mount and endurance symbol.      noun: endurance mount,,OHC-0005,{},null,,,,,,
velshen,Velshen,/vehlshehn/,Noun: Burrowing Creature,velshen burrowing creature noun armored burrowing moisture-hoarder with spade-like claws; survives by digging deep and conserving water internally. desert; armored burrowing moisture-hoarder with spade-like claws; survives by digging deep and conserving water internally.; cultural role: desert survival and conservation figure.      noun: burrowing creature,,OHC-0006,{},null,,,,,,
shavrek,Shavrek,/shahvrehk/,Noun: Cliff Forager,shavrek cliff forager noun nimble cliff-dwelling forager with powerful hooves and mottled fur. mountain; nimble cliff-dwelling forager with powerful hooves and mottled fur.; cultural role: mountain forager and cliff adaptation symbol.      noun: cliff forager,,OHC-0007,{},null,,,,,,
mossquill,Mossquill,/mohssqoo-eell/,Noun: Pollinator,mossquill pollinator noun bee-like mountain pollinator that spreads spores between alpine plants with a soft humming swarm. mountain; bee-like mountain pollinator that spreads spores between alpine plants with a soft humming swarm.; cultural role: highland pollination and ecological support.      noun: pollinator,,OHC-0008,{},null,,,,,,
rynarth,Rynarth,/rynahrth/,Noun: Fox-like Predator,rynarth fox-like predator noun clever fox-like predator adapted to rocky and wooded slopes. mountain; clever fox-like predator adapted to rocky and wooded slopes.; cultural role: cunning slope hunter.      noun: fox-like predator,,OHC-0009,{},null,,,,,,
vroshan,Vroshan,/vrohshahn/,Noun: Scavenger,vroshan scavenger noun broad-winged high-altitude scavenger whose haunting call echoes across mountain peaks. mountain; broad-winged high-altitude scavenger whose haunting call echoes across mountain peaks.; cultural role: peak scavenger and omen-like presence.      noun: scavenger,,OHC-0010,{},null,,,,,,
brinnek,Brinnek,/breennehk/,Noun: Migratory Grazer,brinnek migratory grazer noun long-necked migratory grazer moving in striped herds across the plains. grassland; long-necked migratory grazer moving in striped herds across the plains.; cultural role: grassland herd animal and migration marker.      noun: migratory grazer,,OHC-0011,{},null,,,,,,
thravic,Thravic,/thrah-veec/,Noun: Ambush Predator,thravic ambush predator noun camouflaged ambush predator that lies hidden in tall grass before striking with precision. grassland; camouflaged ambush predator that lies hidden in tall grass before striking with precision.; cultural role: grassland danger and precision strike symbol.      noun: ambush predator,,OHC-0012,{},null,,,,,,
fennlur,Fennlur,/fehnnloor/,Noun: Pack Runner,fennlur pack runner noun wind-sensitive pack runner that kicks up dust and storm-signals as it moves. grassland; wind-sensitive pack runner that kicks up dust and storm-signals as it moves.; cultural role: movement and storm-sense creature in grassland tradition.      noun: pack runner,,OHC-0013,{},null,,,,,,
vexflit,Vexflit,/vehxfleet/,Noun: Pollinator Bird,"vexflit pollinator bird noun colorful pollinator bird with bright tail plumes and a musical call, vital to seed spreading and flowering grasses. grassland; colorful pollinator bird with bright tail plumes and a musical call, vital to seed spreading and flowering grasses.; cultural role: seed-spreading and flowering-grass support.      noun: pollinator bird",,OHC-0014,{},null,,,,,,
grivol,Grivol,/gree-vohl/,Noun: Burrowing Rodent,"grivol burrowing rodent noun burrowing rodent and ecosystem engineer that stores seeds, aerates soil, and creates shelter for smaller life. grassland; burrowing rodent and ecosystem engineer that stores seeds, aerates soil, and creates shelter for smaller life.; cultural role: landscape shaper and shelter-maker.      noun: burrowing rodent",,OHC-0015,{},null,,,,,,
rethal,Rethal,/rehthahl/,Noun: River Predator,"rethal river predator noun camouflaged river predator with reflective scales, barbels, and a powerful hidden bite. aquatic; camouflaged river predator with reflective scales, barbels, and a powerful hidden bite.; cultural role: waterline predator and concealment symbol.      noun: river predator",,OHC-0016,{},null,,,,,,
lumora,Lumora,/loo-moh-rah/,Noun: Schooling Fish,lumora schooling fish noun glowing schooling fish that form light-clouds underwater at night. aquatic; glowing schooling fish that form light-clouds underwater at night.; cultural role: night-water glow and collective movement.      noun: schooling fish,,OHC-0017,{},null,,,,,,
thryssal,Thryssal,/thryssahl/,Noun: Swamp Scavenger,thryssal swamp scavenger noun algae-cloaked swamp scavenger that helps purify decaying waters. aquatic; algae-cloaked swamp scavenger that helps purify decaying waters.; cultural role: wetland purifier and decay-tender.      noun: swamp scavenger,,OHC-0018,{},null,,,,,,
braskal,Braskal,/brahskahl/,Noun: Coastal Herbivore,braskal coastal herbivore noun coral-shelled coastal herbivore that forms symbiotic relationships with reef life. aquatic; coral-shelled coastal herbivore that forms symbiotic relationships with reef life.; cultural role: reef-linked herbivore and symbiosis figure.      noun: coastal herbivore,,OHC-0019,{},null,,,,,,
selkari,Selkari,/sehlkah-ree/,Noun: Ocean Guardian,"selkari ocean guardian noun serpent-like deep-sea guardian, graceful and revered, said to surface during celestial events. mythic / symbolic; serpent-like deep-sea guardian, graceful and revered, said to surface during celestial events.; cultural role: mythic coastal guardian and sacred ocean figure.      noun: ocean guardian",,OHC-0020,{},null,,,,,,
zhenlor,Zhenlor,/zhehnlohr/,Noun: Legendary Figure,zhenlor legendary figure noun early or rumored mythical creature or being that sits close to legend rather than confirmed common fauna. mythic / rumored; early or rumored mythical creature or being that sits close to legend rather than confirmed common fauna.; cultural role: legendary / uncertain status.      noun: legendary figure,,OHC-0021,{},null,,,,,,
zharak,Zharak,/zhah-rahk/,Noun: Legendary Figure,zharak legendary figure noun early or rumored mythical creature or being that sits close to legend rather than confirmed common fauna. mythic / rumored; early or rumored mythical creature or being that sits close to legend rather than confirmed common fauna.; cultural role: legendary / uncertain status.      noun: legendary figure,,OHC-0022,{},null,,,,,,
lorynth,Lorynth,/lohrynth/,Noun: Legendary Figure,lorynth legendary figure noun early or rumored mythical creature or being that sits close to legend rather than confirmed common fauna. mythic / rumored; early or rumored mythical creature or being that sits close to legend rather than confirmed common fauna.; cultural role: legendary / uncertain status.      noun: legendary figure,,OHC-0023,{},null,,,,,,
