record_type,id,rule_name,title,category,displayCategory,purpose,description,original_wording,guideSections,examples,notes,relatedHeadwords,related_entry_ids,childRuleIds,source_volume,source_section,page_number,canon_status,lessonId,synthetic,preview,searchText,entry_id,relationship_type,potential_tension_id,review_status,review_reason,featuredRuleId,_fields,_types
rule,LESSON-PRONUNCIATION,Pronunciation,,Lesson,Lesson,"How Celan sounds in the mouth: vowels, consonants, and the flow of euphony.",,"How Celan sounds in the mouth: vowels, consonants, and the flow of euphony.","[{""title"":""What this lesson is for"",""body"":""How Celan sounds in the mouth: vowels, consonants, and the flow of euphony.""},{""title"":""This lesson includes"",""body"":null,""list"":[""The Phonetics of Celan: Clarity, Flow, and Euphony"",""Euphony: reviewed illustrations"",""Phonology: reviewed illustrations""]}]",,,"[""Aen"",""Azan"",""Shaleth"",""Belshara""]",,"[""GR-ER2-0002"",""GR-ER2-0003"",""RG-PRONUNCIATION""]",,,,Canon,LESSON-PRONUNCIATION,true,"How Celan sounds in the mouth: vowels, consonants, and the flow of euphony.","lesson-pronunciation pronunciation lesson lesson how celan sounds in the mouth: vowels, consonants, and the flow of euphony.   aen azan shaleth belshara",,,,,,,"[""id"",""rule_name"",""category"",""displayCategory"",""purpose"",""original_wording"",""guideSections"",""examples"",""notes"",""relatedHeadwords"",""related_entry_ids"",""childRuleIds"",""source_volume"",""source_section"",""page_number"",""canon_status"",""lessonId"",""synthetic"",""preview"",""searchText""]","{""guideSections"":""json"",""relatedHeadwords"":""json"",""childRuleIds"":""json"",""synthetic"":""bool""}"
rule,LESSON-SENTENCE-SHAPE,Sentence Shape: How Celan Moves,,Lesson,Lesson,"How Celan moves through action, questions, commands, negation, and conditions.",,"How Celan moves through action, questions, commands, negation, and conditions.","[{""title"":""The Core Idea: Action Comes First"",""body"":""In Celan, what is happening is always more important than who is doing it. The language focuses on the event itself. When you speak Celan, you are not just an individual forcing your will on the world; you are a participant in a larger action.""},{""title"":""Default Word Order: Verb-Subject-Object (VSO)"",""body"":""Because the action is the most important part of the story, a standard Celan sentence begins with the Verb, then the Subject, and finally the Object or destination."",""list"":[""English: I go to the water. (Actor -> Action -> Target)"",""Celan: `Go I to the water.` (Action -> Actor -> Target)""]},{""title"":""Forming Questions and Commands"",""body"":""Celan keeps sentence-shaping simple. Instead of relying on tone or heavy rearrangement, it places a small signpost word at the very beginning of the sentence to announce its shape."",""list"":[""Questions: place `ra` at the start of the sentence to make it a question."",""Commands: place `va` at the start of the sentence to give an instruction or command.""]},{""title"":""Negation (Saying \""No\"" or \""Not\"")"",""body"":""To make a sentence negative, place `ver` directly in front of the verb. In a negative question, `ver` slides between the question signpost `ra` and the verb.""},{""title"":""Conditionals (\""If\"" sentences)"",""body"":""To say if, place `rath` at the beginning of the sentence. This tells the listener that the action is conditional or hypothetical.""},{""title"":""What to Notice"",""body"":null,""list"":[{""title"":""The action arrives before the actor"",""copy"":""Because the verb comes first, your listener knows what is happening before they know who is involved.""},{""title"":""Signposts are structural"",""copy"":""Words like `ra` and `va` are not decorative. They sit at the front of the sentence to frame what is about to happen before the action even arrives.""},{""title"":""The lowercase rule still applies"",""copy"":""Sentences begin with lowercase unless the first word is a name, a grand concept, or the pronoun `I`. Because of this, signposts like `ra`, `va`, `rath`, and `ver` will usually be lowercase.""}]}]","Plain VSO Sentence: `var I an dren.` (I go to the water.)
Question: `ra var ser?` (Where does the friend go?)
Negative Question: `ra ver var ser?` (Does the friend not go?)
Command: `va var dren!` (Go to the water!)
Conditional Pair: `rath var ser, nor-var I an dren.` (If the friend goes, I will go to the water.)",,"[""Var"",""Rinaen"",""Ohmaen""]",,"[""RG-VSO"",""GR-V3-0004"",""GR-V1-0017"",""GR-V3-0005"",""GR-V4-0006"",""GR-V1-0015"",""GR-SIP1-0001"",""GR-V4-0004"",""GR-SIP1-0002"",""RG-QUESTIONS-COMMANDS"",""GR-V3-0003"",""GR-V1-0014"",""GR-DR1-0002"",""GR-DR1-0003""]",,,,Canon,LESSON-SENTENCE-SHAPE,true,"How Celan moves through action, questions, commands, negation, and conditions.","lesson-sentence-shape sentence shape: how celan moves lesson lesson how celan moves through action, questions, commands, negation, and conditions. plain vso sentence: `var i an dren.` (i go to the water.)
question: `ra var ser?` (where does the friend go?)
negative question: `ra ver var ser?` (does the friend not go?)
command: `va var dren!` (go to the water!)
conditional pair: `rath var ser, nor-var i an dren.` (if the friend goes, i will go to the water.)  var rinaen ohmaen",,,,,,,"[""id"",""rule_name"",""category"",""displayCategory"",""purpose"",""original_wording"",""guideSections"",""examples"",""notes"",""relatedHeadwords"",""related_entry_ids"",""childRuleIds"",""source_volume"",""source_section"",""page_number"",""canon_status"",""lessonId"",""synthetic"",""preview"",""searchText""]","{""guideSections"":""json"",""relatedHeadwords"":""json"",""childRuleIds"":""json"",""synthetic"":""bool""}"
rule,LESSON-WORD-BUILDING,Word Building: How Celan Grows Words,,Lesson,Lesson,"How roots, compounds, suffixes, and sound-shaping grow Celan words from core ideas.",,"How roots, compounds, suffixes, and sound-shaping grow Celan words from core ideas.","[{""title"":""The Core Idea: Roots as Seeds"",""body"":""In Celan, words are not random strings of letters. The language is built like a set of blocks. Every word starts with a Root, a core and powerful idea. Think of a root as the seed of the meaning. For example, `Krez` means Fire or Heat, and `Dren` means Water. Every word you build from these seeds carries a piece of that original meaning.""},{""title"":""Compounding (Smashing Ideas Together)"",""body"":""To make a new concept, you simply fuse two roots together into one single word. The main idea goes first, and the descriptive idea goes second."",""list"":[""Important Rule: We do not use hyphens to fuse roots together. They are completely merged."",""Example: `Morl` (Mountain) + `Dren` (Water) seamlessly becomes `Morldren` (Waterfall)."",""Example: `Bel` (Binding / weaving) + `Shara` (Path / journey) becomes `Belshara` (woven path / structured journey).""]},{""title"":""Derivation (Adding Suffixes and Prefixes)"",""body"":""You can attach small grammatical tags to a root to change how the word behaves."",""list"":[""Making Verbs: Add the suffix `-aen` to turn a noun into an action. `Dren` (Water) becomes `drenaen` (To drink)."",""Time Travel (Tense): While English uses separate words like will or did, Celan builds time directly onto the verb using a hyphen. Add `nor-` for the future or `tha-` for the past. `var` (go) becomes `nor-var` (will go).""]},{""title"":""Pluralization (Making Things Plural)"",""body"":""Making a word plural in Celan is incredibly simple. If the word ends in a consonant, add `-in`. If it ends in a vowel, add `-n`."",""list"":[""Example: `Ser` (Friend) becomes `serin` (Friends)."",""If a noun already ends in a vowel, the plural stays light: you simply add `-n`.""]},{""title"":""The Magic of `-eth`"",""body"":""This is one of the most important suffixes in the language. Adding `-eth` to a word means having the quality of or the essence of. It is the easiest way to turn a noun into a descriptive adjective."",""list"":[""Example: `Kal` (Strength) becomes `kaleth` (Strong)."",""Example: `Wor` (Abundance) becomes `woreth` (Full / abundant).""]},{""title"":""What to Notice"",""body"":null,""list"":[{""title"":""Valid builds vs. canon"",""copy"":""Because Celan is a language of building blocks, you can mathematically combine almost any two roots into a valid build. However, native speakers have culturally agreed-upon canon forms.""},{""title"":""Sound smoothing (Euphony)"",""copy"":""If smashing two roots together creates an ugly, clunky consonant sound, Celan inserts a smoothing vowel, usually a, to make it flow beautifully. For example, `Morl` + `Thar` becomes the smooth `morlathar`, not the clunky `morlthar`.""},{""title"":""Culture shapes the word"",""copy"":""Different nations build the exact same word differently. A tough, practical warrior from the desert might skip the smoothing vowel entirely because they prefer harsh sounds, while an elegant poet from the ocean will always smooth the word out.""}]}]","One Clean Compound: `Morldren` (Waterfall) (Built from `Morl` / Mountain + `Dren` / Water)
One Suffix-Based Derivation: `Shalaen` (To see) (Built from `Shal` / Light + `-aen` / action suffix)
One Plural Form: `Serin` (Friends) (Built from `Ser` / Friend + `-in` / plural suffix)
One `-eth` Form: `Woreth` (Full / Abundant) (Built from `Wor` / Abundance + `-eth` / having the quality of)
One ""Same Idea, Different Build"" Contrast: To say Dynamic Equilibrium (balancing a fierce, fiery energy):
A tough Valkeldorian warrior builds it harsh: `Krezthal`.
A poetic Jasaran philosopher builds it smooth: `Krezathal`.",,[],,"[""GR-V2-0003"",""GR-V2-0002"",""GR-DR1-0004"",""GR-V2-0001"",""GR-DR1-0001"",""GR-V4-0003"",""GR-V4-0001"",""GR-V4-0002""]",,,,Canon,LESSON-WORD-BUILDING,true,"How roots, compounds, suffixes, and sound-shaping grow Celan words from core ideas.","lesson-word-building word building: how celan grows words lesson lesson how roots, compounds, suffixes, and sound-shaping grow celan words from core ideas. one clean compound: `morldren` (waterfall) (built from `morl` / mountain + `dren` / water)
one suffix-based derivation: `shalaen` (to see) (built from `shal` / light + `-aen` / action suffix)
one plural form: `serin` (friends) (built from `ser` / friend + `-in` / plural suffix)
one `-eth` form: `woreth` (full / abundant) (built from `wor` / abundance + `-eth` / having the quality of)
one ""same idea, different build"" contrast: to say dynamic equilibrium (balancing a fierce, fiery energy):
a tough valkeldorian warrior builds it harsh: `krezthal`.
a poetic jasaran philosopher builds it smooth: `krezathal`. ",,,,,,,"[""id"",""rule_name"",""category"",""displayCategory"",""purpose"",""original_wording"",""guideSections"",""examples"",""notes"",""relatedHeadwords"",""related_entry_ids"",""childRuleIds"",""source_volume"",""source_section"",""page_number"",""canon_status"",""lessonId"",""synthetic"",""preview"",""searchText""]","{""guideSections"":""json"",""relatedHeadwords"":""json"",""childRuleIds"":""json"",""synthetic"":""bool""}"
rule,LESSON-POSSESSION-RELATION,Possession and Relation,,Lesson,Lesson,"Distinguish ownership, personal possession, relational bonds, and absence.",,"Distinguish ownership, personal possession, relational bonds, and absence.","[{""title"":""Spacing changes the meaning"",""body"":""Standalone ka means without or no. Possessive -ka is always hyphenated to its possessor."",""list"":[""I-ka dren — My water."",""Ilin-ka emil — Our meal."",""Var I ka shal. — I go without light.""]},{""title"":""Personal suffixes"",""body"":""Body parts, inner states, personal clothing, and primary personal gear use -ian (my), -ya (your), or -eshen (his/her/their) after the possessed noun. -ian never means their."",""list"":[""doran-ian — my torso"",""noka-ya — your vulva""]},{""title"":""Groups and third-person possessors"",""body"":""Collective, titled, compound, and other third-person possessors use possessor-ka. Third-person body-part possession may also use this form."",""list"":[""La-ka kelvor — their mouth"",""Varthas-ka vorkor — the city's gate"",""Seren-ka arthkal — the guardian's shield""]},{""title"":""Relational belonging"",""body"":""-esh expresses a bond or relationship. It does not by itself mean their or identify a third-person owner.""}]","rinaen aiv an doran-ian. — There is pain in my torso.
drenselaen I noka-ian. — I wash my vulva.
drenaen La dren kora rinaen La-ka kelvor kadreneth. — They drink water because their mouth is dry.",,"[""Var"",""Ser"",""Thal"",""Ka"",""An"",""Nor"",""Esh"",""Morl""]",,"[""GR-V1-0008"",""RG-PREPOSITIONS""]",,,,Canon,LESSON-POSSESSION-RELATION,true,"Distinguish ownership, personal possession, relational bonds, and absence.","lesson-possession-relation possession and relation lesson lesson distinguish ownership, personal possession, relational bonds, and absence. rinaen aiv an doran-ian. — there is pain in my torso.
drenselaen i noka-ian. — i wash my vulva.
drenaen la dren kora rinaen la-ka kelvor kadreneth. — they drink water because their mouth is dry.  var ser thal ka an nor esh morl",,,,,,,"[""id"",""rule_name"",""category"",""displayCategory"",""purpose"",""original_wording"",""guideSections"",""examples"",""notes"",""relatedHeadwords"",""related_entry_ids"",""childRuleIds"",""source_volume"",""source_section"",""page_number"",""canon_status"",""lessonId"",""synthetic"",""preview"",""searchText""]","{""guideSections"":""json"",""relatedHeadwords"":""json"",""childRuleIds"":""json"",""synthetic"":""bool""}"
rule,LESSON-NUMBER-MEASURE,Number and Measure: How Celan Counts the World,,Lesson,Lesson,"How Celan builds numbers, scales them upward, handles subtraction, and expresses quantity without articles.",,"How Celan builds numbers, scales them upward, handles subtraction, and expresses quantity without articles.","[{""title"":""Base Numbers (0–10)"",""body"":""In Celan, you only need to memorize eleven core numbers. Every other number in the entire language is built from these basic seeds."",""list"":[""0 = `verin`"",""1 = `unar`"",""2 = `del`"",""3 = `tren`"",""4 = `quen`"",""5 = `peth`"",""6 = `senar`"",""7 = `sethe`"",""8 = `oven`"",""9 = `nevar`"",""10 = `tenar`""]},{""title"":""Scaling Prefixes (Growing the Numbers)"",""body"":""Instead of learning entirely new words for twenty, thirty, or a hundred, Celan attaches a scale marker to the front of a base number."",""list"":[""Tens: add `Ten-` (for example, `Ten-del` = 20, literally Two tens)."",""Hundreds: add `Hek-` (for example, `Hek-quen` = 400)."",""Thousands: add `Mel-` (for example, `Mel-unar` = 1,000)."",""Tens of Thousands: add `Fen-` (for example, `Fen-peth` = 50,000).""]},{""title"":""Building Larger Numbers (Stacking)"",""body"":""To make a larger, complex number, you stack the blocks from largest to smallest. The language naturally treats this as addition."",""list"":[""Example: `tenar unar` = 11, built by placing 10 and 1 next to each other."",""Example: `Ten-del peth` = 25, built by stating twenty and then five.""]},{""title"":""Simple Arithmetic"",""body"":""Addition is invisible. It happens naturally just by stating the numbers together in order. To subtract, use the specific word `Ven` (minus). It acts as a structural wall between the two numbers.""},{""title"":""Quantification and Articles"",""body"":""Celan does not waste breath on small, empty words. There are no direct translations for the English words a or the. If you say `dren`, the listener understands from context whether you mean water or the water. When you need to describe quantity without an exact number, place a quantifier right before the noun."",""list"":[""`ilinor` = all"",""`melen` = many"",""`som` = some / a few"",""`felin` = few"",""`ekor` = each / every""]},{""title"":""What to Notice"",""body"":null,""list"":[{""title"":""Numbers are built, not just memorized"",""copy"":""Once you learn 0–10 and the four scaling prefixes, you can mathematically construct any number you need.""},{""title"":""Scale markers matter"",""copy"":""The tiny prefix you choose completely changes the size of your statement. `unar` is one, but `Mel-unar` becomes a thousand.""},{""title"":""Subtraction has visible logic"",""copy"":""Addition is as simple as placing number blocks together, but subtraction requires the explicit marker `Ven` so the listener knows something is being taken away.""}]}]","Base List: `verin`, `unar`, `del`, `tren`... (0, 1, 2, 3...).
One Teen Form: `tenar unar` (11 — built by combining 10 and 1).
One Tens Form: `Ten-del` (20 — built as Two tens).
One Hundreds Form: `Hek-quen` (400 — built as Four hundreds).
One Additive Example: `Ten-del peth` (25 — Twenty plus five).
One Subtraction Example: `Hek-quen Ven Hek-del` (400 minus 200 = 200).",,"[""Verin"",""Unar"",""Del"",""Tren"",""Quen"",""Peth"",""Senar"",""Sethe"",""Oven"",""Nevar"",""Tenar"",""Hek-"",""Mel-"",""Fen-"",""Hek-Mel-""]",,"[""GR-V4-0005"",""GR-V2-0004"",""GR-ER2-0001"",""RG-NUMBERS-MATH"",""GR-V2-0005""]",,,,Canon,LESSON-NUMBER-MEASURE,true,"How Celan builds numbers, scales them upward, handles subtraction, and expresses quantity without articles.","lesson-number-measure number and measure: how celan counts the world lesson lesson how celan builds numbers, scales them upward, handles subtraction, and expresses quantity without articles. base list: `verin`, `unar`, `del`, `tren`... (0, 1, 2, 3...).
one teen form: `tenar unar` (11 — built by combining 10 and 1).
one tens form: `ten-del` (20 — built as two tens).
one hundreds form: `hek-quen` (400 — built as four hundreds).
one additive example: `ten-del peth` (25 — twenty plus five).
one subtraction example: `hek-quen ven hek-del` (400 minus 200 = 200).  verin unar del tren quen peth senar sethe oven nevar tenar hek- mel- fen- hek-mel-",,,,,,,"[""id"",""rule_name"",""category"",""displayCategory"",""purpose"",""original_wording"",""guideSections"",""examples"",""notes"",""relatedHeadwords"",""related_entry_ids"",""childRuleIds"",""source_volume"",""source_section"",""page_number"",""canon_status"",""lessonId"",""synthetic"",""preview"",""searchText""]","{""guideSections"":""json"",""relatedHeadwords"":""json"",""childRuleIds"":""json"",""synthetic"":""bool""}"
rule,LESSON-GENDER-ADDRESS-SOCIAL,"Gender, Address, and Social Use: How Celan Connects People",,Lesson,Lesson,"How Celan handles identity, respect, address, and social nuance through form choice.",,"How Celan handles identity, respect, address, and social nuance through form choice.","[{""title"":""The Core Idea: Identity is an Essence, Not a Box"",""body"":""In Celan, who you are is not a rigid, unchanging label assigned at birth. Identity is based on your essence and the qualities you embody right now. Because the Ohnoshan worldview values flow and change, identity is seen as a journey (`Shara`); the word you use to describe yourself may evolve as you grow older or change your path in life.""},{""title"":""Gender Terms (The Seeds of Identity)"",""body"":""Instead of relying only on strict biological labels, Celan uses three core seeds of essence to describe people."",""list"":[""`Kadren`: Masculine essence (strength, groundedness)."",""`Azan`: Feminine essence (nurturing, fluidity)."",""`Thee`: Neutral essence (balance, unity)."",""From these seeds come standard terms like `Kadron` (man), `Azron` (woman), and `Theon` (neutral person)."",""Because identity is fluid, you can also mix these roots. A man who embodies feminine, nurturing qualities is an `Azon`, and a woman who embodies fierce, masculine traits is a `Kadon`.""]},{""title"":""Combining Qualities and Poetic Expressions"",""body"":""Celan encourages you to layer these terms to capture human nuance. You can combine forms to describe someone as a `Kadron-Azon`, a man with both masculine and feminine qualities. These terms can also be used poetically to describe how someone interacts with the world, such as a neutral person who brings balance to a situation."",""list"":[""Example: `Kadron-Azon` marks a man carrying both masculine and feminine qualities."",""Example: `Theon` can be used poetically for someone whose presence brings balance into a tense situation.""]},{""title"":""Politeness and Address Forms (Showing Respect)"",""body"":""In English, we often show respect through tone of voice. In Celan, respect is built directly into the words themselves by adding honorific tags and choosing elevated titles."",""list"":[""The Respect Tag (`Li-`): attach this to the front of a name or title to show polite respect to a stranger or elder. Example: `Li-Ser` = Respected friend."",""The High Honor Tag (`-en`): attach this to the end of a title for immense, formal reverence. Example: `Liorinen` = Honored Elder."",""Specific respectful titles also exist, such as `Liana` (Lady), `Lianor` (Sir), or `Seren` (Guardian).""]},{""title"":""Cultural Variation (Reading the Room)"",""body"":""Different nations and situations require different levels of formality. A speaker's choice of words tells you immediately how they view the social dynamic."",""list"":[""Formal vs. Casual: in a royal court or sacred temple, you use elevated words like `aen` (to speak) and `var` (to purposefully go). In a marketplace or among friends, you might use casual words like `kel` (to chat) and `min` (to wander or head over)."",""Regional Flavors: the oceanic people of Pelagae value fluidity and may use `Azon` frequently for their spiritual men. The mountain warriors of Valkeldor value strength and may favor `Kadon` to honor their warrior women.""]},{""title"":""What to Notice"",""body"":null,""list"":[{""title"":""Celan does social work through form choice"",""copy"":""Adding a tiny sound like `Li-` immediately changes the social boundary between two speakers.""},{""title"":""Respect is not a tiny side feature"",""copy"":""It is architectural. If you want to be polite, you cannot just smile; you must actually construct your words differently.""},{""title"":""Some forms are literal, some relational, some culturally charged"",""copy"":""Calling someone a `Theon` may be a literal description of their identity, but in some places it can also be a culturally charged compliment honoring balance.""}]}]","One Direct Respectful Address: `var I dren, Li-Ser.` (I go to the water, respected friend).
One Gender-Term Usage Example: `Azon` (A feminine man — showing the fluidity of combining the `Azan` feminine essence with a male subject).
One Cultural/Register Contrast: Formal: `aen` (to speak deep truths) vs. Informal: `kel` (to casually chat).
One Poetic/Socially Elevated Phrasing Example: `vael vaar an shara-ya.` (May peace be on your path — using the poetic wish particle `vael` to offer a gentle, elevated blessing).",,[],,"[""GR-V1-0012"",""GR-V1-0009"",""GR-V1-0010"",""GR-V1-0011"",""GR-V3-0001"",""GR-V1-0006""]",,,,Canon,LESSON-GENDER-ADDRESS-SOCIAL,true,"How Celan handles identity, respect, address, and social nuance through form choice.","lesson-gender-address-social gender, address, and social use: how celan connects people lesson lesson how celan handles identity, respect, address, and social nuance through form choice. one direct respectful address: `var i dren, li-ser.` (i go to the water, respected friend).
one gender-term usage example: `azon` (a feminine man — showing the fluidity of combining the `azan` feminine essence with a male subject).
one cultural/register contrast: formal: `aen` (to speak deep truths) vs. informal: `kel` (to casually chat).
one poetic/socially elevated phrasing example: `vael vaar an shara-ya.` (may peace be on your path — using the poetic wish particle `vael` to offer a gentle, elevated blessing). ",,,,,,,"[""id"",""rule_name"",""category"",""displayCategory"",""purpose"",""original_wording"",""guideSections"",""examples"",""notes"",""relatedHeadwords"",""related_entry_ids"",""childRuleIds"",""source_volume"",""source_section"",""page_number"",""canon_status"",""lessonId"",""synthetic"",""preview"",""searchText""]","{""guideSections"":""json"",""relatedHeadwords"":""json"",""childRuleIds"":""json"",""synthetic"":""bool""}"
rule,LESSON-WRITING-CONVENTIONS,Writing Conventions: How Celan Appears on the Page,,Lesson,Lesson,"How Celan uses lowercase, capitals, reverence, and emphasis to make meaning visible on the page.",,"How Celan uses lowercase, capitals, reverence, and emphasis to make meaning visible on the page.","[{""title"":""The Core Idea: Meaning Over Mechanics"",""body"":""In English, we capitalize the first letter of a sentence automatically. In Celan, capitalization is not automatic; it is deeply meaningful. You only capitalize a word when you want to give it philosophical weight, emotional power, or deep respect. The way a sentence looks on the page instantly tells the reader what matters most to the speaker.""},{""title"":""The Sentence-Initial Lowercase Rule"",""body"":""This is the most striking difference for a new learner: sentences in Celan almost always begin with a lowercase letter. Because the first word of a sentence is usually just the verb or a structural signpost like `ra`, it does not get a capital letter unless it happens to be a sacred name or concept.""},{""title"":""The Sanctity of `I`"",""body"":""There is one pronoun that is always capitalized, no matter where it sits in the sentence: the first-person singular `I`. This honors the sanctity, independence, and importance of the individual's consciousness. Meanwhile, pronouns for other people, like `ya` (you) or `la` (they), remain strictly lowercase mid-sentence."",""list"":[""Example: `var I an dren.` keeps `var` lowercase but preserves the capital `I`."",""Example: `ra var ya?` leaves `ya` lowercase because only `I` receives that standing automatically.""]},{""title"":""Names, Titles, and Sacred Concepts"",""body"":""When do you capitalize words? Capitalization appears where the culture wants reverence or distinction to be visible."",""list"":[""Names and Nations: proper names like `Kaikoa` and nations like `Mechuma` get capital letters."",""Titles of Respect: when addressing an elder or official, their title is capitalized to show immense reverence, like `Velmarin` for an Honorary Elder."",""Archetypal Forces: if a word represents a grand, primordial force, it is capitalized. For example, `terra` means mundane dirt, but `Terra` refers to the living, spiritual Heart of the world.""]},{""title"":""Poetic and Emotional Capitalization"",""body"":""In poetry or highly emotional speech, you can capitalize a completely normal word to elevate it to the level of a cosmic force. It is a way of telling the reader: this is not just a normal feeling; this is everything to me right now.""},{""title"":""What to Notice"",""body"":null,""list"":[{""title"":""Celan does not use capitals the way English does"",""copy"":""You will constantly see sentences starting with lowercase letters and important words towering in the middle.""},{""title"":""Capitalization is meaningful, not automatic"",""copy"":""Every capital letter is a deliberate choice by the writer to add emphasis or reverence.""},{""title"":""Written form carries tone and hierarchy"",""copy"":""You can immediately see the social dynamics or spiritual beliefs of the writer just by looking at which words they chose to capitalize and which they kept humble.""}]}]","One Normal Lowercase Sentence: `var kadron an morl.` (The man goes to the mountain — entirely lowercase because no specific names or grand concepts are used).
One Sentence with `I`: `var I an dren.` (I go to the water — the verb `var` is lowercase, but the `I` stands tall).
One Sacred/Archetypal Contrast: `terra` (mundane soil/dirt) vs. `Terra` (the mystical Heart of the world).
Ordinary sentence opening: `ohmaen I Ya.` (I love you.)
Poetic: `rinaen I an Thar-ka.` (I am Desire itself — elevating personal desire into a grand, archetypal force).",,"[""I"",""Terra"",""Dral"",""Rathor""]",,"[""RG-CAPS"",""GR-ER2-0004""]",,,,Canon,LESSON-WRITING-CONVENTIONS,true,"How Celan uses lowercase, capitals, reverence, and emphasis to make meaning visible on the page.","lesson-writing-conventions writing conventions: how celan appears on the page lesson lesson how celan uses lowercase, capitals, reverence, and emphasis to make meaning visible on the page. one normal lowercase sentence: `var kadron an morl.` (the man goes to the mountain — entirely lowercase because no specific names or grand concepts are used).
one sentence with `i`: `var i an dren.` (i go to the water — the verb `var` is lowercase, but the `i` stands tall).
one sacred/archetypal contrast: `terra` (mundane soil/dirt) vs. `terra` (the mystical heart of the world).
ordinary sentence opening: `ohmaen i ya.` (i love you.)
poetic: `rinaen i an thar-ka.` (i am desire itself — elevating personal desire into a grand, archetypal force).  i terra dral rathor",,,,,,,"[""id"",""rule_name"",""category"",""displayCategory"",""purpose"",""original_wording"",""guideSections"",""examples"",""notes"",""relatedHeadwords"",""related_entry_ids"",""childRuleIds"",""source_volume"",""source_section"",""page_number"",""canon_status"",""lessonId"",""synthetic"",""preview"",""searchText""]","{""guideSections"":""json"",""relatedHeadwords"":""json"",""childRuleIds"":""json"",""synthetic"":""bool""}"
rule,PAGE-CULTURAL-VOICE,Cultural Voice: How Ohnosha Speaks Celan Differently,,Advanced Companion,Advanced Companion,How one universal language develops distinct national voices without breaking into separate dialects.,,How one universal tongue takes on different national voices across Ohnosha.,"[{""title"":""The Core Idea: One Language, Many Voices"",""body"":""While Celan is the universal tongue of Ohnosha, its application across the world is not monolithic. Generations of local use have given rise to distinct Cultural Voices or National Vernaculars. These are not separate dialects with different grammar rules. They are different habits of vocabulary choice, metaphor, sentence texture, and phonetic preference.""},{""title"":""What Changes from Culture to Culture"",""body"":""Cultural Voice appears in word choice, metaphor, sentence feel, and especially in how a people applies the Rule of Euphony. Some cultures smooth words into flowing musical forms. Others deliberately keep harsh consonant clusters to sound practical, martial, or severe.""},{""title"":""The Eight National Vernaculars"",""body"":null,""list"":[{""title"":""Verdalrisian (Poetic & Harmonious)"",""copy"":""Deeply connected to the living forests, the Verdalrisian voice is lyrical, patient, and rich with natural metaphor. Because beauty in speech matters deeply to them, they are the most likely to use advanced vowel harmony and highly smoothed forms.""},{""title"":""Pelagaean (Fluid & Melodic)"",""copy"":""Reflecting their oceanic origins, Pelagaean speech is fluid, communal, and poetic. Their vernacular is saturated with metaphors of water, tides, and flow. Like the Verdalrisians, they heavily prefer smoothed, euphonic pronunciations.""},{""title"":""Zarithan (Pragmatic & Guttural)"",""copy"":""Shaped by barren deserts and a nomadic survivalist spirit, the Zarithan voice is practical and direct. They value clarity and efficiency above all else, and often break euphonic expectations to preserve harsh consonant clusters such as `Krezthal` instead of `Krezathal`.""},{""title"":""Valkeldorian (Conservative & Harsh)"",""copy"":""Grounded in stone, mountains, and resilience, Valkeldorian language is strong and resolute. Like the Zarithans, they often prefer harder, non-euphonic forms to reflect martial strength and unyielding endurance.""},{""title"":""Mechuman (Systematic & Standardized)"",""copy"":""Reflecting a society built on technology, magic, and ordered systems, Mechumans value efficiency, logic, and purpose. In speech, they apply Celan phonetic and grammatical rules with exact, systematic consistency.""},{""title"":""Nivveilian (Patient & Minimalist)"",""copy"":""Shaped by the icy north, Nivveilians are reserved, patient, and stoic. Their vernacular is understated and highly economical, making every sound count.""},{""title"":""Jasaran (Balanced & Elegant)"",""copy"":""As oasis dwellers, Jasarans blend Zarithan practicality with water-centered mysticism. Their speech seeks careful balance and often aims for a poised, elegant phonetic equilibrium.""},{""title"":""Marakorian (Formal & Archaic)"",""copy"":""Marakorian speech values discipline, order, refinement, and reverence for tradition. Their Cultural Voice is highly formal and often leans into older, more archaic forms.""}]},{""title"":""Cultural Voice in Practice"",""body"":""These are not separate grammars. They are different ways of inhabiting the same language. The clearest way to feel the shift is to hear each nation ask or frame something in its own voice. For consistency, the examples below follow the writing conventions used elsewhere in this guide."",""list"":[{""title"":""Verdalrisian"",""copy"":""`lorin shara ya an Kinnmor, Li-Ser?` — “Where does your path guide you this morning, Respected-Friend?” Listen for the lyrical phrasing, the guided-path imagery, and the patient tone.""},{""title"":""Pelagaean"",""copy"":""`ra shalil ya, Ser?` — “Where do you flow, Friend?” Listen for how movement becomes water-language instead of blunt travel-language.""},{""title"":""Zarithan"",""copy"":""`ra min ya, Ser?` — “Where are you headed, Friend?” Listen for the directness: fewer flourishes, less metaphor, more survival-minded clarity.""},{""title"":""Valkeldorian"",""copy"":""`aen shara-ya, Ser!` — “State your path, Friend!” Listen for the command-like firmness and strong, disciplined tone.""},{""title"":""Mechuman"",""copy"":""`aen ya varash, Ser.` — “State your destination, Friend.” Listen for the precision: clear, exact, and almost procedural in its phrasing.""},{""title"":""Nivveilian"",""copy"":""`an eshreth, ra var ya, Ser?` — “In this hazy sky, where are you going, Friend?” Listen for the spare, quiet atmosphere and restrained emotional temperature.""},{""title"":""Jasaran"",""copy"":""`shal lorin shara-ya an nor-ka, Ser?` — “Does the light guide your path in this moment, Friend?” Listen for the balance of practicality and mysticism.""},{""title"":""Marakorian"",""copy"":""`ra rinaen shara-ya lian, Li-Ser?` — “Is your path a proper one, Respected-Friend?” Listen for the formal, judging, order-conscious register.""}]},{""title"":""What to Notice"",""body"":null,""list"":[{""title"":""These are voices, not dialects"",""copy"":""The underlying language remains Celan. What changes is how a people inhabits it.""},{""title"":""Euphony is one of the clearest markers"",""copy"":""A listener can often hear cultural alignment immediately in the choice between a harsh cluster and a smoothed form.""},{""title"":""Vocabulary and metaphor matter too"",""copy"":""Cultural Voice is not only about sound. It also lives in the metaphors, titles, and preferred registers a people reaches for.""}]}]","Verdalrisian: `lorin shara ya an Kinnmor, Li-Ser?` (Where does your path guide you this morning, Respected-Friend?)
Pelagaean: `ra shalil ya, Ser?` (Where do you flow, Friend?)
Zarithan: `ra min ya, Ser?` (Where are you headed, Friend?)
Valkeldorian: `aen shara-ya, Ser!` (State your path, Friend!)
Mechuman: `aen ya varash, Ser.` (State your destination, Friend.)
Nivveilian: `an eshreth, ra var ya, Ser?` (In this hazy sky, where are you going, Friend?)
Jasaran: `shal lorin shara-ya an nor-ka, Ser?` (Does the light guide your path in this moment, Friend?)
Marakorian: `ra rinaen shara-ya lian, Li-Ser?` (Is your path a proper one, Respected-Friend?)",,"[""Azon"",""Kadon"",""Theon"",""Liorinen""]",,,,,,Canon,,true,How one universal tongue takes on different national voices across Ohnosha.,"page-cultural-voice cultural voice: how ohnosha speaks celan differently advanced companion advanced companion how one universal tongue takes on different national voices across ohnosha. verdalrisian: `lorin shara ya an kinnmor, li-ser?` (where does your path guide you this morning, respected-friend?)
pelagaean: `ra shalil ya, ser?` (where do you flow, friend?)
zarithan: `ra min ya, ser?` (where are you headed, friend?)
valkeldorian: `aen shara-ya, ser!` (state your path, friend!)
mechuman: `aen ya varash, ser.` (state your destination, friend.)
nivveilian: `an eshreth, ra var ya, ser?` (in this hazy sky, where are you going, friend?)
jasaran: `shal lorin shara-ya an nor-ka, ser?` (does the light guide your path in this moment, friend?)
marakorian: `ra rinaen shara-ya lian, li-ser?` (is your path a proper one, respected-friend?)  azon kadon theon liorinen",,,,,,,"[""id"",""rule_name"",""category"",""displayCategory"",""purpose"",""original_wording"",""guideSections"",""examples"",""notes"",""relatedHeadwords"",""related_entry_ids"",""source_volume"",""source_section"",""page_number"",""canon_status"",""synthetic"",""preview"",""searchText""]","{""guideSections"":""json"",""relatedHeadwords"":""json"",""synthetic"":""bool""}"
rule,RG-PRONUNCIATION,"The Phonetics of Celan: Clarity, Flow, and Euphony",,Phonetics + advanced phonology,Pronunciation,"Clarity, flow, and euphony.",,"Celan balances the firmness of its structure with the smooth flow of its breath.
Its sound system depends on clear vowels, supportive consonants, and euphonic smoothing when a compound grows too harsh.","[{""title"":""The Core Philosophy of Sound"",""body"":""Say Celan cleanly and distinctly. The language balances the firmness of its structure with the smooth flow of its breath, avoiding swallowed syllables, English-style silent letters, or complex tonal variations. The sound should remain stable across contexts rather than becoming overly decorative or dramatic.""},{""title"":""The Anchor Vowels"",""body"":""Vowels in Celan are long and flowing, symbolizing natural forces like water, air, and light. They stay open and clear, and they are the first sounds a new reader should learn well."",""list"":[""`A` = \""ah\"" as in \""father\"""",""`E` = \""eh\"" as in \""bed\"""",""`I` = \""ee\"" as in \""machine\"""",""`O` = \""oh\"" as in \""go\"""",""`U` = \""oo\"" as in \""flu\""""]},{""title"":""The Supportive Consonants"",""body"":""Consonants provide the grounded structure of the language. K, T, S, and R are especially frequent, giving Celan its sharp, defined clarity and supporting the flowing vowels.""},{""title"":""The Rule of Euphony (Sound-Smoothing)"",""body"":""When fused roots create a harsh or clumsy consonant cluster, a Celan speaker may choose a smoothing vowel to maintain rhythmic flow. The unsmoothed construction remains valid. The neutral choice is often a, while e or o may appear through vowel harmony; before Wek, an euphonic choice uses e or o rather than a."",""list"":[{""title"":""Strong Smoothing Choice"",""copy"":""Harsh, repetitive, or dissonant clusters are the most likely to be smoothed, but smoothing is not grammatically mandatory. Examples include `Morl` + `Thar` -> `Morlathar`, `Rath` + `Thar` -> `Rathathar`, and `Vok` + `Thal` -> `Vokathar`.""},{""title"":""Stylistic and National Contrast"",""copy"":""For clunky but pronounceable clusters, smoothing becomes a cultural choice. A pragmatic Zarithan or Valkeldorian may prefer `Krezthal` or `Belshara`, while a poetic Pelagaean or Verdalrisian may prefer `Krezathal` or `Belashara`.""},{""title"":""Forms Normally Left Unsmoothed"",""copy"":""Naturally smooth clusters need no euphonic option, and ancient phonetic fossils normally remain unchanged. Smooth: `Kalvok`, `Kalrath`, `Rethlian`. Fossils: `Belthal`, `Rethvok`.""},{""title"":""Euphony Before Wek"",""copy"":""When `Wek` is the second root, the euphonic choices are `-ewek` and `-owek`, not `-awek`. This keeps the independent root `Awek` (water spring) distinct. Examples: `Belwek` / `Belewek` / `Belowek`; `Kalwek` / `Kalewek` / `Kalowek`; chosen headword `Mahrowek`, with unsmoothed `Mahrwek` as a variant.""}]},{""title"":""Canonical Pronunciation Examples"",""body"":""Pronounce each syllable distinctly to keep the rhythmic quality of the language audible."",""list"":[""`Aen` -> ah-ehn"",""`Azan` -> ah-zahn"",""`Pelagae` -> peh-lah-gah-eh"",""`Shaleth` -> shah-leth"",""`Belshara` -> bel-shah-rah"",""`Morlathar` -> mor-lah-thar""]}]",,,"[""Aen"",""Azan"",""Shaleth"",""Belshara""]",,,Volume 1: Fundamentals,Pronunciation,2,Canon,LESSON-PRONUNCIATION,true,Celan balances the firmness of its structure with the smooth flow of its breath.,"rg-pronunciation the phonetics of celan: clarity, flow, and euphony phonetics + advanced phonology pronunciation celan balances the firmness of its structure with the smooth flow of its breath.
its sound system depends on clear vowels, supportive consonants, and euphonic smoothing when a compound grows too harsh.   aen azan shaleth belshara",,,,,,,"[""id"",""rule_name"",""category"",""displayCategory"",""purpose"",""original_wording"",""guideSections"",""examples"",""notes"",""relatedHeadwords"",""related_entry_ids"",""source_volume"",""source_section"",""page_number"",""canon_status"",""synthetic"",""preview"",""searchText"",""lessonId""]","{""guideSections"":""json"",""relatedHeadwords"":""json"",""synthetic"":""bool""}"
rule,RG-NUMBERS-MATH,Numbers and Basic Math,,Numbering + Math,Grammar Tools,"How Celan counts, scales numbers, and handles simple arithmetic.",,"Celan starts with a base set of number words, then builds upward with prefixes for tens, hundreds, thousands, and beyond.
Addition is usually shown by additive number building, while subtraction uses the marker Ven between number forms.",,"Base numbers: Verin (0), Unar (1), Del (2), Tren (3), Quen (4), Peth (5), Senar (6), Sethe (7), Oven (8), Nevar (9), Tenar (10)
Tens: Ten-del = 20
Mixed number: Tenar unar = 11
Hundreds: Hek-unar = 100
Thousands: Mel-unar = 1,000
Ten-thousands: Fen-unar = 10,000
Hundred-thousands: Hek-Mel-unar = 100,000
Addition: Hek-quen Ten-peth = 450 (400 + 50)
Subtraction: Hek-quen Ven Hek-del = 400 - 200 = 200",,"[""Verin"",""Unar"",""Del"",""Tren"",""Quen"",""Peth"",""Senar"",""Sethe"",""Oven"",""Nevar"",""Tenar"",""Hek-"",""Mel-"",""Fen-"",""Hek-Mel-""]",,,"Volume 3: Culture, Context, and Advanced Expression",Numbering System and Basic Math in Celan,29-31,Canon,LESSON-NUMBER-MEASURE,true,"Celan starts with a base set of number words, then builds upward with prefixes for tens, hundreds, thousands, and beyond.","rg-numbers-math numbers and basic math numbering + math grammar tools celan starts with a base set of number words, then builds upward with prefixes for tens, hundreds, thousands, and beyond.
addition is usually shown by additive number building, while subtraction uses the marker ven between number forms. base numbers: verin (0), unar (1), del (2), tren (3), quen (4), peth (5), senar (6), sethe (7), oven (8), nevar (9), tenar (10)
tens: ten-del = 20
mixed number: tenar unar = 11
hundreds: hek-unar = 100
thousands: mel-unar = 1,000
ten-thousands: fen-unar = 10,000
hundred-thousands: hek-mel-unar = 100,000
addition: hek-quen ten-peth = 450 (400 + 50)
subtraction: hek-quen ven hek-del = 400 - 200 = 200  verin unar del tren quen peth senar sethe oven nevar tenar hek- mel- fen- hek-mel-",,,,,,,"[""id"",""rule_name"",""category"",""displayCategory"",""purpose"",""original_wording"",""examples"",""notes"",""relatedHeadwords"",""related_entry_ids"",""source_volume"",""source_section"",""page_number"",""canon_status"",""synthetic"",""preview"",""searchText"",""lessonId""]","{""relatedHeadwords"":""json"",""synthetic"":""bool""}"
rule,RG-PREPOSITIONS,"The Architecture of Relation: Prepositions, Place, and Time",,Prepositions,Grammar Tools,"How Celan uses prepositions as the structural joints of relation, place, and time.",,"Because Celan relies on a strict Verb-Subject-Object flow, prepositions do immense structural work.
They act as the architectural joints of a sentence, defining movement, accompaniment, absence, elevation, location, and temporal setting.","[{""title"":""The Structural Role of Prepositions"",""body"":""In Celan, prepositions do an immense amount of structural work. Because the language relies on a strict Verb-Subject-Object flow, these small forms act as the architectural joints of a sentence, defining the precise nature of movement, accompaniment, absence, and elevation.""},{""title"":""The Core Relational Prepositions"",""body"":""These are the primary markers a new learner should recognize first to navigate the world."",""list"":[{""title"":""var"",""copy"":""to, towards — direction or movement toward a destination.""},{""title"":""ser"",""copy"":""with — accompaniment or shared presence.""},{""title"":""thal"",""copy"":""from, out of — origin, or movement away from a source.""},{""title"":""ka"",""copy"":""without — absence, lack, or separation from something.""},{""title"":""esh"",""copy"":""above, over — elevation or superior positioning.""},{""title"":""morl"",""copy"":""under, beneath — positioned below or physically grounded.""}]},{""title"":""The Great Distinction: Space vs. Time"",""body"":""A common trap for beginners is treating location and time as interchangeable because languages like English often reuse the same small words. Celan demands precision, separating the physical realm from the temporal flow."",""list"":[{""title"":""an (Place)"",""copy"":""strictly used for physical or spatial location: at, in, into.""},{""title"":""nor (Time)"",""copy"":""strictly used for temporal settings: at, during, in the time of.""}]},{""title"":""Canonical examples"",""body"":null,""list"":[""var dren. — To the water."",""var I ser ser. — I go with a friend."",""tha-var la thal Terra. — They went from the Earth."",""var I ka shal. — I go without light."",""moraen I an Varthas. — I stand at the city."",""nor-var I nor Kinnmor. — I will go in the morning."",""var I esh dren. — I go above the water."",""var I morl dren. — I go beneath the water.""]},{""title"":""What to notice"",""body"":""Celan is not trying to be ambiguous. The strict separation of an and nor ensures that even in complex or poetic sentences, the listener always knows where the action is grounded and when it is flowing.""}]",,,"[""Var"",""Ser"",""Thal"",""Ka"",""An"",""Nor"",""Esh"",""Morl""]",,,Volume 1: Fundamentals,Prepositions and Case Markers,8,Canon,LESSON-POSSESSION-RELATION,true,"Because Celan relies on a strict Verb-Subject-Object flow, prepositions do immense structural work.","rg-prepositions the architecture of relation: prepositions, place, and time prepositions grammar tools because celan relies on a strict verb-subject-object flow, prepositions do immense structural work.
they act as the architectural joints of a sentence, defining movement, accompaniment, absence, elevation, location, and temporal setting.   var ser thal ka an nor esh morl",,,,,,,"[""id"",""rule_name"",""category"",""displayCategory"",""purpose"",""original_wording"",""guideSections"",""examples"",""notes"",""relatedHeadwords"",""related_entry_ids"",""source_volume"",""source_section"",""page_number"",""canon_status"",""synthetic"",""preview"",""searchText"",""lessonId""]","{""guideSections"":""json"",""relatedHeadwords"":""json"",""synthetic"":""bool""}"
rule,RG-VSO,Action-First Sentence Structure,,Syntax + cultural grammar,Sentence Structure,How Celan builds a default sentence and why that order matters.,,"Celan primarily follows Verb-Subject-Object (VSO) order.
This action-first structure reflects a worldview that foregrounds movement, relation, and what is being done before who is doing it.",,"var I dren. — ""I go to the water."" (attested bare goal with var)
var I an dren. — ""I go to the water."" (explicit destination with an)
var kadron an morl.
rinaen Terra vaar.
ohmaen I Ya.",Both destination forms are attested with var. This pair does not establish bare goals for every motion verb.,"[""Var"",""Rinaen"",""Ohmaen""]",,,Volume 1: Fundamentals,Basic Sentence Structure and Syntax Philosophy,3,Canon,LESSON-SENTENCE-SHAPE,true,Celan primarily follows Verb-Subject-Object (VSO) order.,"rg-vso action-first sentence structure syntax + cultural grammar sentence structure celan primarily follows verb-subject-object (vso) order.
this action-first structure reflects a worldview that foregrounds movement, relation, and what is being done before who is doing it. var i dren. — ""i go to the water."" (attested bare goal with var)
var i an dren. — ""i go to the water."" (explicit destination with an)
var kadron an morl.
rinaen terra vaar.
ohmaen i ya. both destination forms are attested with var. this pair does not establish bare goals for every motion verb. var rinaen ohmaen",,,,,,,"[""id"",""rule_name"",""category"",""displayCategory"",""purpose"",""original_wording"",""examples"",""notes"",""relatedHeadwords"",""related_entry_ids"",""source_volume"",""source_section"",""page_number"",""canon_status"",""synthetic"",""preview"",""searchText"",""lessonId""]","{""relatedHeadwords"":""json"",""synthetic"":""bool""}"
rule,RG-QUESTIONS-COMMANDS,Questions and Commands,,Questions/Imperatives,Sentence Structure,"How Celan asks, negates a question, and gives a command.",,"Start ordinary questions with ra.
For a negative question, place Ver before the verb.
For a direct command, start the sentence with va.",,"ra var ser an dren? — ""Does the friend go to the water?""
ra ver var ser an dren? — ""Does the friend not go to the water?""
va var an dren! — ""Go to the water!""",,"[""Ra"",""Va"",""Ver""]",,,Volume 1: Fundamentals,Questions and Imperatives,3,Canon,LESSON-SENTENCE-SHAPE,true,Start ordinary questions with ra.,"rg-questions-commands questions and commands questions/imperatives sentence structure start ordinary questions with ra.
for a negative question, place ver before the verb.
for a direct command, start the sentence with va. ra var ser an dren? — ""does the friend go to the water?""
ra ver var ser an dren? — ""does the friend not go to the water?""
va var an dren! — ""go to the water!""  ra va ver",,,,,,,"[""id"",""rule_name"",""category"",""displayCategory"",""purpose"",""original_wording"",""examples"",""notes"",""relatedHeadwords"",""related_entry_ids"",""source_volume"",""source_section"",""page_number"",""canon_status"",""synthetic"",""preview"",""searchText"",""lessonId""]","{""relatedHeadwords"":""json"",""synthetic"":""bool""}"
rule,RG-CAPS,Capitalization and Emphasis,,Orthography,Writing Conventions,"How Celan uses capitalization for structure, sacred weight, names, and emotional emphasis.",,"Celan normally begins sentences with lowercase unless the opening word already qualifies for capitalization.
Capitals are used for archetypal concepts, names, nations, specific titles, the pronoun I, and sometimes for poetic or emotional emphasis.",,"Sentence start: var I an dren. (not Var I an dren.)
Archetypal concepts: Terra vs. terra; Dral vs. dral; Rathor vs. rathor
Names and titles: Velmarin; Eh'lara; Ka'tharyn
Pronoun I: I
Capitalization examples: Ordinary ""ohmaen I Ya."" / Poetic ""Rinaen I an Thar-ka.""",,"[""I"",""Terra"",""Dral"",""Rathor""]",,,Supplement 4B: Celan Capitalization Rules,Capitalization and Emphasis,text,Canon,LESSON-WRITING-CONVENTIONS,true,Celan normally begins sentences with lowercase unless the opening word already qualifies for capitalization.,"rg-caps capitalization and emphasis orthography writing conventions celan normally begins sentences with lowercase unless the opening word already qualifies for capitalization.
capitals are used for archetypal concepts, names, nations, specific titles, the pronoun i, and sometimes for poetic or emotional emphasis. sentence start: var i an dren. (not var i an dren.)
archetypal concepts: terra vs. terra; dral vs. dral; rathor vs. rathor
names and titles: velmarin; eh'lara; ka'tharyn
pronoun i: i
capitalization examples: ordinary ""ohmaen i ya."" / poetic ""rinaen i an thar-ka.""  i terra dral rathor",,,,,,,"[""id"",""rule_name"",""category"",""displayCategory"",""purpose"",""original_wording"",""examples"",""notes"",""relatedHeadwords"",""related_entry_ids"",""source_volume"",""source_section"",""page_number"",""canon_status"",""synthetic"",""preview"",""searchText"",""lessonId""]","{""relatedHeadwords"":""json"",""synthetic"":""bool""}"
rule,GR-V1-0006,Personal Pronouns,,Pronouns,Grammar Tools,How this part of Celan is meant to work.,,"Celan distinguishes between first, second, and third persons, with singular and plural forms.",,"1st Person Singular: I — Remains simple and universal.
1st Person Plural: Ilin — Represents ""we"" as a group bound by common purpose.
2nd Person Singular: Ya — A straightforward pronoun for “you.”
2nd Person Plural: Yalin — ""You all."" Signifies a collective of individuals addressed.
3rd Person Singular: La — Neutral pronoun meaning “he/she/they.”
3rd Person Plural: Lalin — Means “they” (a group not including speaker or addressee).",Source table flattened into line-separated entries for CSV; Markdown preserves table structure.,,LX-V1-0001; LX-V1-0002; LX-V1-0003; LX-V1-0004; LX-V1-0005; LX-V1-0006,,Volume 1: Fundamentals,Pronouns and Person Markers > Personal Pronouns,3-4,Canon,LESSON-GENDER-ADDRESS-SOCIAL,,"Celan distinguishes between first, second, and third persons, with singular and plural forms.","gr-v1-0006 personal pronouns pronouns grammar tools pronouns and person markers > personal pronouns celan distinguishes between first, second, and third persons, with singular and plural forms. 1st person singular: i — remains simple and universal.
1st person plural: ilin — represents ""we"" as a group bound by common purpose.
2nd person singular: ya — a straightforward pronoun for “you.”
2nd person plural: yalin — ""you all."" signifies a collective of individuals addressed.
3rd person singular: la — neutral pronoun meaning “he/she/they.”
3rd person plural: lalin — means “they” (a group not including speaker or addressee). source table flattened into line-separated entries for csv; markdown preserves table structure.",GR-V1-0006,related usage,,Approved,,,"[""entry_id"",""source_volume"",""source_section"",""page_number"",""rule_name"",""category"",""original_wording"",""examples"",""canon_status"",""notes"",""related_entry_ids"",""relationship_type"",""potential_tension_id"",""review_status"",""review_reason"",""id"",""displayCategory"",""purpose"",""preview"",""searchText"",""lessonId""]",{}
rule,GR-V1-0008,Relational and Poetic Focus,,Usage,Usage and Register,How social tone and cultural nuance shape this form.,,Celan terms prioritize relationships and qualities over rigid definitions. For example:,,"tal theon thal an Ilin. — The neutral person gives balance to us.
nethaen azon an nethor. — The feminine man rests on the seat.",Bullet structure preserved in examples field.,,PE-V1-0006; PE-V1-0007; PE-V1-0008,,Volume 1: Fundamentals,Gendered and Neutral Terms > Rules for Usage > 1. Relational and Poetic Focus,5-6,Canon,LESSON-POSSESSION-RELATION,,Celan terms prioritize relationships and qualities over rigid definitions.,"gr-v1-0008 relational and poetic focus usage usage and register gendered and neutral terms > rules for usage > 1. relational and poetic focus celan terms prioritize relationships and qualities over rigid definitions. for example: tal theon thal an ilin. — the neutral person gives balance to us.
nethaen azon an nethor. — the feminine man rests on the seat. bullet structure preserved in examples field.",GR-V1-0008,related usage,,Approved,,,"[""entry_id"",""source_volume"",""source_section"",""page_number"",""rule_name"",""category"",""original_wording"",""examples"",""canon_status"",""notes"",""related_entry_ids"",""relationship_type"",""potential_tension_id"",""review_status"",""review_reason"",""id"",""displayCategory"",""purpose"",""preview"",""searchText"",""lessonId""]",{}
rule,GR-V1-0009,Contextual Flexibility,,Usage,Usage and Register,How social tone and cultural nuance shape this form.,,"These terms can describe identities in various ways:
● Default Use: Standalone nouns (e.g., Kadron, Azron, Theon).
● Descriptive Use: Combine with other terms for clarity or depth.",,nethaen azon an nethor. — The feminine man rests on the seat.,Bullet and sub-bullet structure preserved in original_wording/examples fields.,,PE-V1-0009; PE-V1-0010,,Volume 1: Fundamentals,Gendered and Neutral Terms > Rules for Usage > 2. Contextual Flexibility,6,Canon,LESSON-GENDER-ADDRESS-SOCIAL,,These terms can describe identities in various ways: Default Use: Standalone nouns (e.,"gr-v1-0009 contextual flexibility usage usage and register gendered and neutral terms > rules for usage > 2. contextual flexibility these terms can describe identities in various ways:
● default use: standalone nouns (e.g., kadron, azron, theon).
● descriptive use: combine with other terms for clarity or depth. nethaen azon an nethor. — the feminine man rests on the seat. bullet and sub-bullet structure preserved in original_wording/examples fields.",GR-V1-0009,related usage,,Approved,,,"[""entry_id"",""source_volume"",""source_section"",""page_number"",""rule_name"",""category"",""original_wording"",""examples"",""canon_status"",""notes"",""related_entry_ids"",""relationship_type"",""potential_tension_id"",""review_status"",""review_reason"",""id"",""displayCategory"",""purpose"",""preview"",""searchText"",""lessonId""]",{}
rule,GR-V1-0010,Cultural Variations,,Usage,Usage and Register,How social tone and cultural nuance shape this form.,,"Each Ohnoshan culture may adapt these terms to fit their values:
● Pelagae: Emphasizes fluidity and uses Azon frequently for spiritual men.
● Nivveil: Highlights balance, favoring Thee-based descriptors.
● Valkeldor: Values strength and may use Kadon to honor warrior women.",,,Bullet structure preserved in original_wording field. Also represented in culture_and_context.csv.,,CC-V1-0004,,Volume 1: Fundamentals,Gendered and Neutral Terms > Rules for Usage > 3. Cultural Variations,6,Canon,LESSON-GENDER-ADDRESS-SOCIAL,,Each Ohnoshan culture may adapt these terms to fit their values: Pelagae: Emphasizes fluidity and uses Azon frequently for spiritual men.,"gr-v1-0010 cultural variations usage usage and register gendered and neutral terms > rules for usage > 3. cultural variations each ohnoshan culture may adapt these terms to fit their values:
● pelagae: emphasizes fluidity and uses azon frequently for spiritual men.
● nivveil: highlights balance, favoring thee-based descriptors.
● valkeldor: values strength and may use kadon to honor warrior women.  bullet structure preserved in original_wording field. also represented in culture_and_context.csv.",GR-V1-0010,related usage,,Approved,,,"[""entry_id"",""source_volume"",""source_section"",""page_number"",""rule_name"",""category"",""original_wording"",""examples"",""canon_status"",""notes"",""related_entry_ids"",""relationship_type"",""potential_tension_id"",""review_status"",""review_reason"",""id"",""displayCategory"",""purpose"",""preview"",""searchText"",""lessonId""]",{}
rule,GR-V1-0011,Gender-Neutral Address,,Usage,Usage and Register,How social tone and cultural nuance shape this form.,,Use Thee terms for inclusivity in formal or neutral contexts:,,tal theon thal an Ilin. — The neutral person gives balance to us.,Bullet structure preserved in examples field.,,PE-V1-0011; PE-V1-0012,,Volume 1: Fundamentals,Gendered and Neutral Terms > Advanced Applications > 1. Gender-Neutral Address,6,Canon,LESSON-GENDER-ADDRESS-SOCIAL,,Use Thee terms for inclusivity in formal or neutral contexts:,gr-v1-0011 gender-neutral address usage usage and register gendered and neutral terms > advanced applications > 1. gender-neutral address use thee terms for inclusivity in formal or neutral contexts: tal theon thal an ilin. — the neutral person gives balance to us. bullet structure preserved in examples field.,GR-V1-0011,related usage,,Approved,,,"[""entry_id"",""source_volume"",""source_section"",""page_number"",""rule_name"",""category"",""original_wording"",""examples"",""canon_status"",""notes"",""related_entry_ids"",""relationship_type"",""potential_tension_id"",""review_status"",""review_reason"",""id"",""displayCategory"",""purpose"",""preview"",""searchText"",""lessonId""]",{}
rule,GR-V1-0012,Combining Qualities,,Usage,Usage and Register,How social tone and cultural nuance shape this form.,,Layer terms to reflect specific traits:,,"● Kadron-Azon: A man with both masculine and feminine qualities.
● Azron-Theon: A woman embodying neutrality and balance.",Bullet structure preserved in examples field.,,PE-V1-0013; PE-V1-0014,,Volume 1: Fundamentals,Gendered and Neutral Terms > Advanced Applications > 2. Combining Qualities,6,Canon,LESSON-GENDER-ADDRESS-SOCIAL,,Layer terms to reflect specific traits:,"gr-v1-0012 combining qualities usage usage and register gendered and neutral terms > advanced applications > 2. combining qualities layer terms to reflect specific traits: ● kadron-azon: a man with both masculine and feminine qualities.
● azron-theon: a woman embodying neutrality and balance. bullet structure preserved in examples field.",GR-V1-0012,related usage,,Approved,,,"[""entry_id"",""source_volume"",""source_section"",""page_number"",""rule_name"",""category"",""original_wording"",""examples"",""canon_status"",""notes"",""related_entry_ids"",""relationship_type"",""potential_tension_id"",""review_status"",""review_reason"",""id"",""displayCategory"",""purpose"",""preview"",""searchText"",""lessonId""]",{}
rule,GR-V1-0014,Tenses and Aspects,,Tense/Aspect,Grammar Tools,How this part of Celan is meant to work.,,"Celan verbs do not conjugate based on tense. Instead, tenses are indicated by prefixes and suffixes.",,"Present: var I dren. / I go to the water.
Past: tha-var I dren. / I went to the water.
Future: nor-var I dren. / I will go to the water.
Continuous: varal I dren. / I am going to the water.
Perfective: varath I dren. / I have gone to the water.
Habitual: varas I dren. / I usually go to the water.
Also attested with explicit destination: var I an dren. The bare goal is attested for var; do not generalize it to every motion verb.",Source table flattened into line-separated entries for CSV; Markdown preserves table structure.,,RM-V1-0004; RM-V1-0005; RM-V1-0006; RM-V1-0007; RM-V1-0008; PE-V1-0017; PE-V1-0018; PE-V1-0019; PE-V1-0020; PE-V1-0021; PE-V1-0022,,Volume 1: Fundamentals,Grammar > Tenses and Aspects,7,Canon,LESSON-SENTENCE-SHAPE,,Celan verbs do not conjugate based on tense.,"gr-v1-0014 tenses and aspects tense/aspect grammar tools grammar > tenses and aspects celan verbs do not conjugate based on tense. instead, tenses are indicated by prefixes and suffixes. present: var i dren. / i go to the water.
past: tha-var i dren. / i went to the water.
future: nor-var i dren. / i will go to the water.
continuous: varal i dren. / i am going to the water.
perfective: varath i dren. / i have gone to the water.
habitual: varas i dren. / i usually go to the water.
also attested with explicit destination: var i an dren. the bare goal is attested for var; do not generalize it to every motion verb. source table flattened into line-separated entries for csv; markdown preserves table structure.",GR-V1-0014,related usage,PT-V1-0004,Needs Human Review,terminology overlap,,"[""entry_id"",""source_volume"",""source_section"",""page_number"",""rule_name"",""category"",""original_wording"",""examples"",""canon_status"",""notes"",""related_entry_ids"",""relationship_type"",""potential_tension_id"",""review_status"",""review_reason"",""id"",""displayCategory"",""purpose"",""preview"",""searchText"",""lessonId""]",{}
rule,GR-V1-0015,Negation,,Negation,Grammar Tools,How this part of Celan is meant to work.,,"Negation is formed by placing Ver before the verb or noun.
● Verb Negation: Ver before the verb negates it.
● Noun Negation: Ver before a noun negates its existence.",,ver var I dren. — I do not go to the water.,Bullet and sub-bullet structure preserved in original_wording/examples fields.,,RM-V1-0009; PE-V1-0023; PE-V1-0024,,Volume 1: Fundamentals,Grammar > Negation,7,Canon,LESSON-SENTENCE-SHAPE,,Negation is formed by placing Ver before the verb or noun.,"gr-v1-0015 negation negation grammar tools grammar > negation negation is formed by placing ver before the verb or noun.
● verb negation: ver before the verb negates it.
● noun negation: ver before a noun negates its existence. ver var i dren. — i do not go to the water. bullet and sub-bullet structure preserved in original_wording/examples fields.",GR-V1-0015,related usage,,Approved,,,"[""entry_id"",""source_volume"",""source_section"",""page_number"",""rule_name"",""category"",""original_wording"",""examples"",""canon_status"",""notes"",""related_entry_ids"",""relationship_type"",""potential_tension_id"",""review_status"",""review_reason"",""id"",""displayCategory"",""purpose"",""preview"",""searchText"",""lessonId""]",{}
rule,GR-V1-0017,Conditionals,,Conditionals,Sentence Structure,How Celan sets up if-then logic and possibility.,,"● Conditional “If”: Use Rath to introduce conditions.
● Hypothetical Future: Combine Rath with future tense.
● Contrary-to-Fact: Use past tense markers.",,"rath var ser, var I dren. — If the friend goes, I go to the water.
rath nor-var ser, nor-var I dren. — If the friend will go, I will go to the water.",Bullet and sub-bullet structure preserved in original_wording/examples fields.,,RM-V1-0012; PE-V1-0028; PE-V1-0029; PE-V1-0030,,Volume 1: Fundamentals,Grammar > Conditionals,7-8,Canon,LESSON-SENTENCE-SHAPE,,Conditional “If”: Use Rath to introduce conditions.,"gr-v1-0017 conditionals conditionals sentence structure grammar > conditionals ● conditional “if”: use rath to introduce conditions.
● hypothetical future: combine rath with future tense.
● contrary-to-fact: use past tense markers. rath var ser, var i dren. — if the friend goes, i go to the water.
rath nor-var ser, nor-var i dren. — if the friend will go, i will go to the water. bullet and sub-bullet structure preserved in original_wording/examples fields.",GR-V1-0017,related usage,,Approved,,,"[""entry_id"",""source_volume"",""source_section"",""page_number"",""rule_name"",""category"",""original_wording"",""examples"",""canon_status"",""notes"",""related_entry_ids"",""relationship_type"",""potential_tension_id"",""review_status"",""review_reason"",""id"",""displayCategory"",""purpose"",""preview"",""searchText"",""lessonId""]",{}
rule,GR-V2-0001,Pluralization,,Morphology,Word Building,How Celan turns one thing into many.,,"Rule:
● -in is added to nouns ending in consonants.
● -n is added to nouns ending in vowels.",,"● Ser (friend) → Serin (friends)
● Thar (heart) → Tharin (hearts)
● Esh (sky) → Eshin (skies)
● Dren (water) → Drenin (waters)
● Tera (home) → Teran (homes)",Bullet structure preserved in original_wording/examples fields.,,RM-V2-0029; RM-V2-0030,,Volume 2: Dictionary and Word Formation,Word Formation and Morphology > Pluralization,13,Canon,LESSON-WORD-BUILDING,,Rule: -in is added to nouns ending in consonants.,"gr-v2-0001 pluralization morphology word building word formation and morphology > pluralization rule:
● -in is added to nouns ending in consonants.
● -n is added to nouns ending in vowels. ● ser (friend) → serin (friends)
● thar (heart) → tharin (hearts)
● esh (sky) → eshin (skies)
● dren (water) → drenin (waters)
● tera (home) → teran (homes) bullet structure preserved in original_wording/examples fields.",GR-V2-0001,related usage,,Approved,,,"[""entry_id"",""source_volume"",""source_section"",""page_number"",""rule_name"",""category"",""original_wording"",""examples"",""canon_status"",""notes"",""related_entry_ids"",""relationship_type"",""potential_tension_id"",""review_status"",""review_reason"",""id"",""displayCategory"",""purpose"",""preview"",""searchText"",""lessonId""]",{}
rule,GR-V2-0002,Derivation and Word Formation,,Morphology,Word Building,How parts combine to build new meaning.,,"Suffixes:
● -or: Place/Location
● -en: Honorific/Respected form
● -lin: Collective/Diminutive
● -aen: Verb-forming
Prefixes:
● Tha-: Past tense
● Nor-: Future tense
● Ver-: Negation
● Li-: Respect/Honorific",,"● -or: Place/Location / Shal + or = Shalor (sanctuary/light place)
● -en: Honorific/Respected form / Liorin + en = Liorinen (honored elder/teacher)
● -lin: Collective/Diminutive / Elin = child; Ilin = we
● -aen: Verb-forming / Lian (truth) → Lianaen (to speak truth)
● Tha-: Past tense
● Nor-: Future tense
● Ver-: Negation
● Li-: Respect/Honorific",Bullet structure preserved; examples also represented as morpheme rows.,,RM-V2-0031; RM-V2-0032; RM-V2-0033; RM-V2-0034; RM-V2-0035; RM-V2-0036; RM-V2-0037; RM-V2-0038,,Volume 2: Dictionary and Word Formation,Word Formation and Morphology > Derivation and Word Formation,14,Canon,LESSON-WORD-BUILDING,,Suffixes: -or: Place/Location -en: Honorific/Respected form -lin: Collective/Diminutive -aen: Verb-forming Prefixes: Tha-: Past tense Nor-: Future tense Ver-: Negation Li-: Respect/Honorific,"gr-v2-0002 derivation and word formation morphology word building word formation and morphology > derivation and word formation suffixes:
● -or: place/location
● -en: honorific/respected form
● -lin: collective/diminutive
● -aen: verb-forming
prefixes:
● tha-: past tense
● nor-: future tense
● ver-: negation
● li-: respect/honorific ● -or: place/location / shal + or = shalor (sanctuary/light place)
● -en: honorific/respected form / liorin + en = liorinen (honored elder/teacher)
● -lin: collective/diminutive / elin = child; ilin = we
● -aen: verb-forming / lian (truth) → lianaen (to speak truth)
● tha-: past tense
● nor-: future tense
● ver-: negation
● li-: respect/honorific bullet structure preserved; examples also represented as morpheme rows.",GR-V2-0002,related usage,,Approved,,,"[""entry_id"",""source_volume"",""source_section"",""page_number"",""rule_name"",""category"",""original_wording"",""examples"",""canon_status"",""notes"",""related_entry_ids"",""relationship_type"",""potential_tension_id"",""review_status"",""review_reason"",""id"",""displayCategory"",""purpose"",""preview"",""searchText"",""lessonId""]",{}
rule,GR-V2-0003,Compounding,,Morphology,Word Building,How parts combine to build new meaning.,,"Rule:
● Primary root comes first, refining the meaning with the second root.",,"● Terra + Dren = Terradren (fertile soil/well-irrigated land)
● Dren + Shal = Drenshal (reflective pool/crystal-clear spring)
● Morl + Dren = Morldren (waterfall)
● Terra + Esh = Terraesh (horizon/place where earth meets sky)
● Krez + or = Krezor (forge)",Bullet structure preserved in original_wording/examples fields.,,LX-V2-0142; LX-V2-0143; LX-V2-0144; LX-V2-0145; LX-V2-0146,,Volume 2: Dictionary and Word Formation,Word Formation and Morphology > Compounding,14,Canon,LESSON-WORD-BUILDING,,"Rule: Primary root comes first, refining the meaning with the second root.","gr-v2-0003 compounding morphology word building word formation and morphology > compounding rule:
● primary root comes first, refining the meaning with the second root. ● terra + dren = terradren (fertile soil/well-irrigated land)
● dren + shal = drenshal (reflective pool/crystal-clear spring)
● morl + dren = morldren (waterfall)
● terra + esh = terraesh (horizon/place where earth meets sky)
● krez + or = krezor (forge) bullet structure preserved in original_wording/examples fields.",GR-V2-0003,related usage,,Approved,,,"[""entry_id"",""source_volume"",""source_section"",""page_number"",""rule_name"",""category"",""original_wording"",""examples"",""canon_status"",""notes"",""related_entry_ids"",""relationship_type"",""potential_tension_id"",""review_status"",""review_reason"",""id"",""displayCategory"",""purpose"",""preview"",""searchText"",""lessonId""]",{}
rule,GR-V2-0004,Articles (Definite/Indefinite),,Articles,Grammar Tools,How Celan marks definiteness and indefiniteness.,,"Decision: Confirming Celan generally lacks specific articles like ""the"" or ""a/an"". Definiteness and indefiniteness are primarily determined by context, word order (VSO often places known info earlier), or specific demonstratives if needed (though none explicitly listed, could be developed).",,,"Source contains ""could be developed"" uncertainty; preserved without resolving.",,,,Volume 2: Dictionary and Word Formation,Nuances of Quantification and Specificity > Articles (Definite/Indefinite),22,Canon,LESSON-NUMBER-MEASURE,,"Decision: Confirming Celan generally lacks specific articles like ""the"" or ""a/an"".","gr-v2-0004 articles (definite/indefinite) articles grammar tools nuances of quantification and specificity > articles (definite/indefinite) decision: confirming celan generally lacks specific articles like ""the"" or ""a/an"". definiteness and indefiniteness are primarily determined by context, word order (vso often places known info earlier), or specific demonstratives if needed (though none explicitly listed, could be developed).  source contains ""could be developed"" uncertainty; preserved without resolving.",GR-V2-0004,,PT-V2-0020,Source Ambiguity,source ambiguity,,"[""entry_id"",""source_volume"",""source_section"",""page_number"",""rule_name"",""category"",""original_wording"",""examples"",""canon_status"",""notes"",""related_entry_ids"",""relationship_type"",""potential_tension_id"",""review_status"",""review_reason"",""id"",""displayCategory"",""purpose"",""preview"",""searchText"",""lessonId""]",{}
rule,GR-V2-0005,Quantifiers,,Quantification,Grammar Tools,How this part of Celan is meant to work.,,Quantifiers are placed before the noun they modify.,,Ilinor; Som; Melen; Felin; Ekor,"Rule inferred from repeated source usage lines that say ""Usage: Placed before the noun."" No canon wording changed.",,,,Volume 2: Dictionary and Word Formation,Nuances of Quantification and Specificity > Quantifiers,22-23,Canon,LESSON-NUMBER-MEASURE,,Quantifiers are placed before the noun they modify.,"gr-v2-0005 quantifiers quantification grammar tools nuances of quantification and specificity > quantifiers quantifiers are placed before the noun they modify. ilinor; som; melen; felin; ekor rule inferred from repeated source usage lines that say ""usage: placed before the noun."" no canon wording changed.",GR-V2-0005,related usage,,Approved,,,"[""entry_id"",""source_volume"",""source_section"",""page_number"",""rule_name"",""category"",""original_wording"",""examples"",""canon_status"",""notes"",""related_entry_ids"",""relationship_type"",""potential_tension_id"",""review_status"",""review_reason"",""id"",""displayCategory"",""purpose"",""preview"",""searchText"",""lessonId""]",{}
rule,GR-V3-0001,Levels of Politeness,,Politeness,Usage and Register,How respect and social distance change phrasing.,,"1. Casual/Familiar:
○ Use plain pronouns and address by name or role without modifiers.
2. Respectful/Polite:
○ Add Li- prefix to show respect.
3. Honorific/Formal-High Respect:
○ Use both Li- and -en suffix.",,"var I dren, Ser. — I go to the water, friend.
var I dren, Li-Ser. — I go to the water, respected friend.
var Li-Ya dren. — You, respected one, go to the water.",Numbered/bulleted structure preserved.,,RM-V3-0001; RM-V3-0002,,"Volume 3: Culture, Context, and Advanced Expression",Politeness and Honorifics > Levels of Politeness,4,Canon,LESSON-GENDER-ADDRESS-SOCIAL,,1.,"gr-v3-0001 levels of politeness politeness usage and register politeness and honorifics > levels of politeness 1. casual/familiar:
○ use plain pronouns and address by name or role without modifiers.
2. respectful/polite:
○ add li- prefix to show respect.
3. honorific/formal-high respect:
○ use both li- and -en suffix. var i dren, ser. — i go to the water, friend.
var i dren, li-ser. — i go to the water, respected friend.
var li-ya dren. — you, respected one, go to the water. numbered/bulleted structure preserved.",GR-V3-0001,related usage,PT-V3-0001,Needs Human Review,possible overlap with earlier rule,,"[""entry_id"",""source_volume"",""source_section"",""page_number"",""rule_name"",""category"",""original_wording"",""examples"",""canon_status"",""notes"",""related_entry_ids"",""relationship_type"",""potential_tension_id"",""review_status"",""review_reason"",""id"",""displayCategory"",""purpose"",""preview"",""searchText"",""lessonId""]",{}
rule,GR-V3-0003,Relative Clauses,,Complex Syntax,Sentence Structure,How this sentence pattern is meant to work.,,"Relative Pronoun: Lior (who/which)
Structure:
● Noun + Lior + Clause",,"Ser Lior var an dren. — The friend who goes to the water.
var I an terra ser Ser Lior var an dren. — I go home with the friend who goes to the water.",Bullet/list structure preserved.,,,,"Volume 3: Culture, Context, and Advanced Expression",Complex Sentence Structures > Relative Clauses,7-8,Canon,LESSON-SENTENCE-SHAPE,,Relative Pronoun: Lior (who/which) Structure: Noun + Lior + Clause,"gr-v3-0003 relative clauses complex syntax sentence structure complex sentence structures > relative clauses relative pronoun: lior (who/which)
structure:
● noun + lior + clause ser lior var an dren. — the friend who goes to the water.
var i an terra ser ser lior var an dren. — i go home with the friend who goes to the water. bullet/list structure preserved.",GR-V3-0003,,,Approved,,,"[""entry_id"",""source_volume"",""source_section"",""page_number"",""rule_name"",""category"",""original_wording"",""examples"",""canon_status"",""notes"",""related_entry_ids"",""relationship_type"",""potential_tension_id"",""review_status"",""review_reason"",""id"",""displayCategory"",""purpose"",""preview"",""searchText"",""lessonId""]",{}
rule,GR-V3-0004,Comparatives and Superlatives,,Complex Syntax,Sentence Structure,How this sentence pattern is meant to work.,,"Comparatives:
● Ther (more than)
Structure:
● X Adjective Ther Y
Superlatives:
● Thaal (most)
Structure:
● X Adjective Thaal",,"rinaen dren-ian shaleth ther La-ka dren. — My water is brighter than their water.
rinaen dren-ian shaleth thaal. — My water is brightest.",,,,,"Volume 3: Culture, Context, and Advanced Expression",Complex Sentence Structures > Comparatives and Superlatives,7-8,Canon,LESSON-SENTENCE-SHAPE,,Comparatives: Ther (more than) Structure: X Adjective Ther Y Superlatives: Thaal (most) Structure: X Adjective Thaal,"gr-v3-0004 comparatives and superlatives complex syntax sentence structure complex sentence structures > comparatives and superlatives comparatives:
● ther (more than)
structure:
● x adjective ther y
superlatives:
● thaal (most)
structure:
● x adjective thaal rinaen dren-ian shaleth ther la-ka dren. — my water is brighter than their water.
rinaen dren-ian shaleth thaal. — my water is brightest. human-approved fused spelling applied in example: morldren. wording otherwise preserved.",GR-V3-0004,,PT-V3-0009,Needs Human Review,possible overlap with earlier rule,,"[""entry_id"",""source_volume"",""source_section"",""page_number"",""rule_name"",""category"",""original_wording"",""examples"",""canon_status"",""notes"",""related_entry_ids"",""relationship_type"",""potential_tension_id"",""review_status"",""review_reason"",""id"",""displayCategory"",""purpose"",""preview"",""searchText"",""lessonId""]",{}
rule,GR-V3-0005,Conditionals,,Complex Syntax,Sentence Structure,How Celan sets up if-then logic and possibility.,,"Conditional Marker: Rath (if)
Structure:
● Rath + Clause + Main Clause",,"rath var Ya dren, nor-var I dren. — If you go to the water, I will go to the water.
rath tha-var Ya an dren, tha-talaen I emil. — If you had gone to the water, I would have gotten food.",Bullet/list structure preserved.,,,,"Volume 3: Culture, Context, and Advanced Expression",Complex Sentence Structures > Conditionals,7-8,Canon,LESSON-SENTENCE-SHAPE,,Conditional Marker: Rath (if) Structure: Rath + Clause + Main Clause,"gr-v3-0005 conditionals complex syntax sentence structure complex sentence structures > conditionals conditional marker: rath (if)
structure:
● rath + clause + main clause rath var ya dren, nor-var i dren. — if you go to the water, i will go to the water.
rath tha-var ya an dren, tha-talaen i emil. — if you had gone to the water, i would have gotten food. bullet/list structure preserved.",GR-V3-0005,,PT-V3-0010,Needs Human Review,possible overlap with earlier rule,,"[""entry_id"",""source_volume"",""source_section"",""page_number"",""rule_name"",""category"",""original_wording"",""examples"",""canon_status"",""notes"",""related_entry_ids"",""relationship_type"",""potential_tension_id"",""review_status"",""review_reason"",""id"",""displayCategory"",""purpose"",""preview"",""searchText"",""lessonId""]",{}
rule,GR-V4-0001,The Adjectival Suffix -eth,,Derivation,Word Building,How parts combine to build new meaning.,,"The suffix -eth, previously observed in ceremonial nouns (e.g., Shal'taleth) and the comparative adjective shaleth (brighter), is now formally established as one of Celan's most important derivational suffixes. It serves a dual function, creating both adjectives and abstract ritual nouns from a single root.",,"Adjectival: Shal → Shaleth; Wor → Woreth; Gorm → Gormeth; Kal → Kaleth
Nominal/Ritual: Shal'taleth; Aen'Moreth",Bullet/list structure preserved in examples.,,RM-V4-0001; PT-V3-0009; PT-V3-0013,,"Volume 4: Expansion, Tangible Lexicon, Modality, and National Speech",Systemic Expansion > Section 2.1: The Adjectival Suffix -eth,2-3,Canon,LESSON-WORD-BUILDING,,"The suffix -eth, previously observed in ceremonial nouns (e.","gr-v4-0001 the adjectival suffix -eth derivation word building systemic expansion > section 2.1: the adjectival suffix -eth the suffix -eth, previously observed in ceremonial nouns (e.g., shal'taleth) and the comparative adjective shaleth (brighter), is now formally established as one of celan's most important derivational suffixes. it serves a dual function, creating both adjectives and abstract ritual nouns from a single root. adjectival: shal → shaleth; wor → woreth; gorm → gormeth; kal → kaleth
nominal/ritual: shal'taleth; aen'moreth bullet/list structure preserved in examples.",GR-V4-0001,refinement,PT-V4-0002,Needs Human Review,possible overlap with earlier rule,,"[""entry_id"",""source_volume"",""source_section"",""page_number"",""rule_name"",""category"",""original_wording"",""examples"",""canon_status"",""notes"",""related_entry_ids"",""relationship_type"",""potential_tension_id"",""review_status"",""review_reason"",""id"",""displayCategory"",""purpose"",""preview"",""searchText"",""lessonId""]",{}
rule,GR-V4-0002,Verb Mood and Modality,,Modality,Grammar Tools,How this part of Celan is meant to work.,,"To express concepts of ability, necessity, and desire, Celan employs a system of modal adverbs placed after the subject in a VSO sentence.",,Ability: Lianeth; Necessity: Belshara; Possibility: Rethlian; Desire: Thar-ka,List structure preserved.,,,,"Volume 4: Expansion, Tangible Lexicon, Modality, and National Speech",Systemic Expansion > Section 2.2: A System for Verb Mood and Modality,3,Canon,LESSON-WORD-BUILDING,,"To express concepts of ability, necessity, and desire, Celan employs a system of modal adverbs placed after the subject in a VSO sentence.","gr-v4-0002 verb mood and modality modality grammar tools systemic expansion > section 2.2: a system for verb mood and modality to express concepts of ability, necessity, and desire, celan employs a system of modal adverbs placed after the subject in a vso sentence. ability: lianeth; necessity: belshara; possibility: rethlian; desire: thar-ka list structure preserved.",GR-V4-0002,,PT-V4-0003,Needs Human Review,possible overlap with earlier rule,,"[""entry_id"",""source_volume"",""source_section"",""page_number"",""rule_name"",""category"",""original_wording"",""examples"",""canon_status"",""notes"",""related_entry_ids"",""relationship_type"",""potential_tension_id"",""review_status"",""review_reason"",""id"",""displayCategory"",""purpose"",""preview"",""searchText"",""lessonId""]",{}
rule,GR-V4-0003,Subjunctive Mood,,Mood,Grammar Tools,How this part of Celan is meant to work.,,"Rule: Place the particle vael at the beginning of a clause to express wishes, hopes, suggestions, or conditions that are not currently real.",,"Vael vaar an shara-ya. (May peace be on your path.)
Vael rinaen I an eshlin, varal I an esh. (If I were a bird, I would be going to the sky.)
Vael aen Ya. (May you speak / Please speak.)",Bullet/list structure preserved.,,RM-V4-0002,,"Volume 4: Expansion, Tangible Lexicon, Modality, and National Speech",Systemic Expansion > Section 2.2: Subjunctive Mood,3,Canon,LESSON-WORD-BUILDING,,"Rule: Place the particle vael at the beginning of a clause to express wishes, hopes, suggestions, or conditions that are not currently real.","gr-v4-0003 subjunctive mood mood grammar tools systemic expansion > section 2.2: subjunctive mood rule: place the particle vael at the beginning of a clause to express wishes, hopes, suggestions, or conditions that are not currently real. vael vaar an shara-ya. (may peace be on your path.)
vael rinaen i an eshlin, varal i an esh. (if i were a bird, i would be going to the sky.)
vael aen ya. (may you speak / please speak.) bullet/list structure preserved.",GR-V4-0003,related usage,,Approved,,,"[""entry_id"",""source_volume"",""source_section"",""page_number"",""rule_name"",""category"",""original_wording"",""examples"",""canon_status"",""notes"",""related_entry_ids"",""relationship_type"",""potential_tension_id"",""review_status"",""review_reason"",""id"",""displayCategory"",""purpose"",""preview"",""searchText"",""lessonId""]",{}
rule,GR-V4-0004,Passive Voice: nor-ka,,Passive Voice,Grammar Tools,How this part of Celan is meant to work.,,"Celan expresses the passive voice not by modifying the verb, but by re-contextualizing the object as the ""echo"" or ""wake"" of a completed action whose agent is unknown or unimportant.",,"Active: pralaen Azron belkor. — The woman makes the tunic.
Passive: pralaen belkor an Azron nor-ka. — The tunic was made by the woman.","Source rule says Verb + Object + [particle]; missing particle text in extraction inferred from section particle nor-ka, flagged.",,RM-V4-0003,,"Volume 4: Expansion, Tangible Lexicon, Modality, and National Speech",Systemic Expansion > Section 2.3: The Passive Voice (The Echo Particle nor-ka),4,Canon,LESSON-SENTENCE-SHAPE,,"Celan expresses the passive voice not by modifying the verb, but by re-contextualizing the object as the ""echo"" or ""wake"" of a completed action whose agent is unknown or unimportant.","gr-v4-0004 passive voice: nor-ka passive voice grammar tools systemic expansion > section 2.3: the passive voice (the echo particle nor-ka) celan expresses the passive voice not by modifying the verb, but by re-contextualizing the object as the ""echo"" or ""wake"" of a completed action whose agent is unknown or unimportant. active: pralaen azron belkor. — the woman makes the tunic.
passive: pralaen belkor an azron nor-ka. — the tunic was made by the woman. source rule says verb + object + [particle]; missing particle text in extraction inferred from section particle nor-ka, flagged.",GR-V4-0004,related usage,PT-V4-0004,Source Ambiguity,source ambiguity,,"[""entry_id"",""source_volume"",""source_section"",""page_number"",""rule_name"",""category"",""original_wording"",""examples"",""canon_status"",""notes"",""related_entry_ids"",""relationship_type"",""potential_tension_id"",""review_status"",""review_reason"",""id"",""displayCategory"",""purpose"",""preview"",""searchText"",""lessonId""]",{}
rule,GR-V4-0005,Advanced Pronouns: Dual Number and Clusivity,,Pronouns,Grammar Tools,How this part of Celan is meant to work.,,The Celan pronoun system is expanded with the Dual Number and Clusivity. Dual pronouns replace plural counterparts when the group consists of exactly two entities. Use Ilin when including the listener; use Imen when referring to your group to an outsider.,,Inko; Yako; Lako; Ilin; Imen,Pronoun expansion preserved separately from earlier pronoun systems.,,,,"Volume 4: Expansion, Tangible Lexicon, Modality, and National Speech",Systemic Expansion > Section 2.4: Advanced Pronouns (Dual & Clusivity),4-5,Canon,LESSON-NUMBER-MEASURE,,The Celan pronoun system is expanded with the Dual Number and Clusivity.,gr-v4-0005 advanced pronouns: dual number and clusivity pronouns grammar tools systemic expansion > section 2.4: advanced pronouns (dual & clusivity) the celan pronoun system is expanded with the dual number and clusivity. dual pronouns replace plural counterparts when the group consists of exactly two entities. use ilin when including the listener; use imen when referring to your group to an outsider. inko; yako; lako; ilin; imen pronoun expansion preserved separately from earlier pronoun systems.,GR-V4-0005,,PT-V4-0005,Needs Human Review,possible overlap with earlier rule,,"[""entry_id"",""source_volume"",""source_section"",""page_number"",""rule_name"",""category"",""original_wording"",""examples"",""canon_status"",""notes"",""related_entry_ids"",""relationship_type"",""potential_tension_id"",""review_status"",""review_reason"",""id"",""displayCategory"",""purpose"",""preview"",""searchText"",""lessonId""]",{}
rule,GR-V4-0006,Essential Conjunctions,,Conjunctions,Grammar Tools,"How Celan links words, clauses, and ideas together.",,"Conjunctions are the grammatical glue that connects words, phrases, and clauses. Ser is re-purposed from Ser (With) as And. Reth is re-purposed from Reth (Uncertainty) as Or.",,Rinaen morlak ser dren. / Ra drenaen Ya dren reth phelvin?,Table rows represented as linked lexicon and phrase rows.,,,,"Volume 4: Expansion, Tangible Lexicon, Modality, and National Speech",The Living Lexicon > Section 3.7: Essential Conjunctions,12,Canon,LESSON-SENTENCE-SHAPE,,"Conjunctions are the grammatical glue that connects words, phrases, and clauses.","gr-v4-0006 essential conjunctions conjunctions grammar tools the living lexicon > section 3.7: essential conjunctions conjunctions are the grammatical glue that connects words, phrases, and clauses. ser is re-purposed from ser (with) as and. reth is re-purposed from reth (uncertainty) as or. rinaen morlak ser dren. / ra drenaen ya dren reth phelvin? table rows represented as linked lexicon and phrase rows.",GR-V4-0006,,PT-V4-0006; PT-V4-0007,Needs Human Review,terminology overlap,,"[""entry_id"",""source_volume"",""source_section"",""page_number"",""rule_name"",""category"",""original_wording"",""examples"",""canon_status"",""notes"",""related_entry_ids"",""relationship_type"",""potential_tension_id"",""review_status"",""review_reason"",""id"",""displayCategory"",""purpose"",""preview"",""searchText"",""lessonId""]",{}
rule,GR-SIP1-0001,Optional content-question tails,,Syntax,Sentence Structure,"How Celan asks, commands, and pushes a sentence forward.",,Standard questions begin with ra. In a content question a speaker may close the clause with mu what nu when zhe why sha how lo where or ri who to name the missing answer category. The closing particle is grammatically correct but optional. Without it context may supply the intended answer type. Ri does not distinguish English who from whom.,,ra var ser? / Where does the friend go? Context supplies place. / ra var ser lo? / Where does the friend go? Lo makes place explicit.,User-approved canon expansion. Preserves the shorter source construction while adding an optional explicit frame.,,LX-SIP1-0001; LX-SIP1-0002; LX-SIP1-0003; LX-SIP1-0004; LX-SIP1-0005; LX-SIP1-0006; PE-SIP1-0001; PE-SIP1-0012,,Editorial Canon Expansion,Short Interrogative Particles and Optional Question Frame,2026-09-17,Canon,LESSON-SENTENCE-SHAPE,,Standard questions begin with ra.,gr-sip1-0001 optional content-question tails syntax sentence structure short interrogative particles and optional question frame standard questions begin with ra. in a content question a speaker may close the clause with mu what nu when zhe why sha how lo where or ri who to name the missing answer category. the closing particle is grammatically correct but optional. without it context may supply the intended answer type. ri does not distinguish english who from whom. ra var ser? / where does the friend go? context supplies place. / ra var ser lo? / where does the friend go? lo makes place explicit. user-approved canon expansion. preserves the shorter source construction while adding an optional explicit frame.,GR-SIP1-0001,expansion,,Approved,,,"[""entry_id"",""source_volume"",""source_section"",""page_number"",""rule_name"",""category"",""original_wording"",""examples"",""canon_status"",""notes"",""related_entry_ids"",""relationship_type"",""potential_tension_id"",""review_status"",""review_reason"",""id"",""displayCategory"",""purpose"",""preview"",""searchText"",""lessonId""]",{}
rule,GR-SIP1-0002,Question Frame as open gap and missing anchor,,Syntax / cultural grammar,Sentence Structure,"How Celan asks, commands, and pushes a sentence forward.",,In the optional Question Frame ra opens an unresolved thought the clause establishes what is known and the final content particle identifies the missing anchor that would complete the thought. This interpretation describes a practical Ohnoshan habit of inquiry and does not make the explicit closing particle mandatory.,,ra + known clause + mu/nu/zhe/sha/lo/ri? / The answer supplies the named missing matter time cause method place or identity.,User-approved cultural interpretation of the optional grammar; not a separate ceremonial register.,,GR-SIP1-0001; GR-S4A-0001; ED-0035,,Editorial Canon Expansion,Short Interrogative Particles and Optional Question Frame,2026-09-17,Canon,LESSON-SENTENCE-SHAPE,,In the optional Question Frame ra opens an unresolved thought the clause establishes what is known and the final content particle identifies the missing anchor that would complete the thought.,gr-sip1-0002 question frame as open gap and missing anchor syntax / cultural grammar sentence structure short interrogative particles and optional question frame in the optional question frame ra opens an unresolved thought the clause establishes what is known and the final content particle identifies the missing anchor that would complete the thought. this interpretation describes a practical ohnoshan habit of inquiry and does not make the explicit closing particle mandatory. ra + known clause + mu/nu/zhe/sha/lo/ri? / the answer supplies the named missing matter time cause method place or identity. user-approved cultural interpretation of the optional grammar; not a separate ceremonial register.,GR-SIP1-0002,refinement,,Approved,,,"[""entry_id"",""source_volume"",""source_section"",""page_number"",""rule_name"",""category"",""original_wording"",""examples"",""canon_status"",""notes"",""related_entry_ids"",""relationship_type"",""potential_tension_id"",""review_status"",""review_reason"",""id"",""displayCategory"",""purpose"",""preview"",""searchText"",""lessonId""]",{}
rule,GR-DR1-0001,Possession: spacing and suffix hierarchy,,Possession,Grammar Tools,How ownership and belonging are marked.,,"Standalone ka is exclusively without or no. Possessive -ka must be hyphenated to the possessor. Body parts, inner states, personal clothes, and primary personal gear use post-nominal -ian (my), -ya (your), or -eshen (his/her/their). Collective, titled, compound, and other third-person possessors use possessor-ka. The user explicitly permits La-ka kelvor for their mouth, including this third-person body-part construction. -ian never means their. Relational -esh indicates a bond; it does not by itself specify a third-person owner.",,"I-ka dren — My water.
Ilin-ka emil — Our meal.
rinaen aiv an doran-ian. — There is pain in my torso.
drenselaen I noka-ian. — I wash my vulva.
La-ka kelvor — Their mouth.
Var I ka shal. — I go without light.",ED-0037 / ED-0038: user-approved review and subsequent possession clarification.,,GR-V1-0007; GR-V1-0020; GR-V3-0006,,Dictionary Review 1,User-approved grammar decisions,,Canon,LESSON-WORD-BUILDING,,Standalone ka is exclusively without or no.,"gr-dr1-0001 possession: spacing and suffix hierarchy possession grammar tools user-approved grammar decisions standalone ka is exclusively without or no. possessive -ka must be hyphenated to the possessor. body parts, inner states, personal clothes, and primary personal gear use post-nominal -ian (my), -ya (your), or -eshen (his/her/their). collective, titled, compound, and other third-person possessors use possessor-ka. the user explicitly permits la-ka kelvor for their mouth, including this third-person body-part construction. -ian never means their. relational -esh indicates a bond; it does not by itself specify a third-person owner. i-ka dren — my water.
ilin-ka emil — our meal.
rinaen aiv an doran-ian. — there is pain in my torso.
drenselaen i noka-ian. — i wash my vulva.
la-ka kelvor — their mouth.
var i ka shal. — i go without light. ed-0037 / ed-0038: user-approved review and subsequent possession clarification.",GR-DR1-0001,clarifies or supersedes earlier wording,,Approved,,,"[""entry_id"",""source_volume"",""source_section"",""page_number"",""rule_name"",""category"",""original_wording"",""examples"",""canon_status"",""notes"",""related_entry_ids"",""relationship_type"",""potential_tension_id"",""review_status"",""review_reason"",""id"",""displayCategory"",""purpose"",""preview"",""searchText"",""lessonId""]",{}
rule,GR-DR1-0002,Two permitted orders for a governing verb and its complement,,Syntax,Sentence Structure,How this sentence pattern is meant to work.,,Both V1 + Subject + V2 + Object and V1 + V2 + Subject + Object are permitted. The first places the subject directly after the governing verb; the second presents the combined action before the subject.,,"siv I pralaen krezor. — I try to make the hearth.
siv gavaen I zor. — I try to hunt the animal.
sivrethaen belnoraen rakumek nor mekreth. — The computers fail to synchronize during the system malfunction.",ED-0037 / ED-0038: user-approved review and subsequent possession clarification.,,,,Dictionary Review 1,User-approved grammar decisions,,Canon,LESSON-SENTENCE-SHAPE,,Both V1 + Subject + V2 + Object and V1 + V2 + Subject + Object are permitted.,"gr-dr1-0002 two permitted orders for a governing verb and its complement syntax sentence structure user-approved grammar decisions both v1 + subject + v2 + object and v1 + v2 + subject + object are permitted. the first places the subject directly after the governing verb; the second presents the combined action before the subject. siv i pralaen krezor. — i try to make the hearth.
siv gavaen i zor. — i try to hunt the animal.
sivrethaen belnoraen rakumek nor mekreth. — the computers fail to synchronize during the system malfunction. ed-0037 / ed-0038: user-approved review and subsequent possession clarification.",GR-DR1-0002,clarifies or supersedes earlier wording,,Approved,,,"[""entry_id"",""source_volume"",""source_section"",""page_number"",""rule_name"",""category"",""original_wording"",""examples"",""canon_status"",""notes"",""related_entry_ids"",""relationship_type"",""potential_tension_id"",""review_status"",""review_reason"",""id"",""displayCategory"",""purpose"",""preview"",""searchText"",""lessonId""]",{}
rule,GR-DR1-0003,Varan and the universal continuous suffix,,Aspect and location,Grammar Tools,How this part of Celan is meant to work.,,"-al remains the universal continuous suffix. Varan is the lexicalized locative-stative form Var + An: to reside, stay, or be located at a physical place. It does not establish continuous -an. An supplies physical location; Nor supplies time.",,"varal I dren. — I am going to the water.
varan I an Varthas. — I am residing in the city.
nor-var I an Varthas. — I will go to the city.",ED-0037 / ED-0038: user-approved review and subsequent possession clarification.,,GR-V1-0019,,Dictionary Review 1,User-approved grammar decisions,,Canon,LESSON-SENTENCE-SHAPE,,-al remains the universal continuous suffix.,"gr-dr1-0003 varan and the universal continuous suffix aspect and location grammar tools user-approved grammar decisions -al remains the universal continuous suffix. varan is the lexicalized locative-stative form var + an: to reside, stay, or be located at a physical place. it does not establish continuous -an. an supplies physical location; nor supplies time. varal i dren. — i am going to the water.
varan i an varthas. — i am residing in the city.
nor-var i an varthas. — i will go to the city. ed-0037 / ed-0038: user-approved review and subsequent possession clarification.",GR-DR1-0003,clarifies or supersedes earlier wording,,Approved,,,"[""entry_id"",""source_volume"",""source_section"",""page_number"",""rule_name"",""category"",""original_wording"",""examples"",""canon_status"",""notes"",""related_entry_ids"",""relationship_type"",""potential_tension_id"",""review_status"",""review_reason"",""id"",""displayCategory"",""purpose"",""preview"",""searchText"",""lessonId""]",{}
rule,GR-DR1-0004,Plural and participant senses of -in,,Morphology,Word Building,How Celan turns one thing into many.,,"The existing plural rule remains: consonant-final nouns take -in; vowel-final nouns take -n. Separately, -in has an approved person/participant sense connecting a person or group to a bond, place, or category. That sense does not replace ordinary plurals.",,"nderun — testicles.
welrinin — citizens.
Shalor-in — one belonging to the sanctuary.",ED-0037 / ED-0038: user-approved review and subsequent possession clarification.,,GR-V2-0001,,Dictionary Review 1,User-approved grammar decisions,,Canon,LESSON-WORD-BUILDING,,The existing plural rule remains: consonant-final nouns take -in; vowel-final nouns take -n.,"gr-dr1-0004 plural and participant senses of -in morphology word building user-approved grammar decisions the existing plural rule remains: consonant-final nouns take -in; vowel-final nouns take -n. separately, -in has an approved person/participant sense connecting a person or group to a bond, place, or category. that sense does not replace ordinary plurals. nderun — testicles.
welrinin — citizens.
shalor-in — one belonging to the sanctuary. ed-0037 / ed-0038: user-approved review and subsequent possession clarification.",GR-DR1-0004,clarifies or supersedes earlier wording,,Approved,,,"[""entry_id"",""source_volume"",""source_section"",""page_number"",""rule_name"",""category"",""original_wording"",""examples"",""canon_status"",""notes"",""related_entry_ids"",""relationship_type"",""potential_tension_id"",""review_status"",""review_reason"",""id"",""displayCategory"",""purpose"",""preview"",""searchText"",""lessonId""]",{}
rule,GR-ER2-0001,Number System: reviewed illustrations,,Number System,Grammar Tools,How this part of Celan is meant to work.,,"These are teaching illustrations, not ordinary sentence examples.",,"Ten-del — 20 (Two tens) [PE-V3-0200]
Ten-tren — 30 (Three tens) [PE-V3-0201]
Ten-quen — 40 (Four tens) [PE-V3-0202]
Ten-del peth — 25 (20 + 5) [PE-V3-0204]
Ten-quen senar — 46 (40 + 6) [PE-V3-0205]
Hek-unar — 100 (One hundred) [PE-V3-0206]
Hek-quen — 400 (Four hundred) [PE-V3-0207]
Hek-oven Ten-quen del — 842 (800 + 40 + 2) [PE-V3-0208]
Mel-unar — 1,000 (One thousand) [PE-V3-0209]
Mel-quen — 4,000 (Four thousand) [PE-V3-0210]
Mel-quen Hek-sethe Ten-oven sethe — 4,787 (4,000 + 700 + 80 + 7) [PE-V3-0211]
Fen-unar — 10,000 (Ten thousand) [PE-V3-0212]
Fen-peth — 50,000 (Fifty thousand) [PE-V3-0213]
Hek-Mel-unar — 100,000 (One hundred thousand) [PE-V3-0214]
Hek-quen Ven Hek-del — 400 - 200 = 200 [PE-V3-0216]
Mel-quen Ven Hek-peth — 4,000 - 500 = 3,500 [PE-V3-0219]",ED-0044: moved from dictionary sentence examples by user approval.,,,,September 24 dictionary review,Number System,,Canon,LESSON-NUMBER-MEASURE,,"These are teaching illustrations, not ordinary sentence examples.","gr-er2-0001 number system: reviewed illustrations number system grammar tools number system these are teaching illustrations, not ordinary sentence examples. ten-del — 20 (two tens) [pe-v3-0200]
ten-tren — 30 (three tens) [pe-v3-0201]
ten-quen — 40 (four tens) [pe-v3-0202]
ten-del peth — 25 (20 + 5) [pe-v3-0204]
ten-quen senar — 46 (40 + 6) [pe-v3-0205]
hek-unar — 100 (one hundred) [pe-v3-0206]
hek-quen — 400 (four hundred) [pe-v3-0207]
hek-oven ten-quen del — 842 (800 + 40 + 2) [pe-v3-0208]
mel-unar — 1,000 (one thousand) [pe-v3-0209]
mel-quen — 4,000 (four thousand) [pe-v3-0210]
mel-quen hek-sethe ten-oven sethe — 4,787 (4,000 + 700 + 80 + 7) [pe-v3-0211]
fen-unar — 10,000 (ten thousand) [pe-v3-0212]
fen-peth — 50,000 (fifty thousand) [pe-v3-0213]
hek-mel-unar — 100,000 (one hundred thousand) [pe-v3-0214]
hek-quen ven hek-del — 400 - 200 = 200 [pe-v3-0216]
mel-quen ven hek-peth — 4,000 - 500 = 3,500 [pe-v3-0219] ed-0044: moved from dictionary sentence examples by user approval.",GR-ER2-0001,,,,,,"[""entry_id"",""rule_name"",""category"",""source_section"",""source_volume"",""canon_status"",""original_wording"",""examples"",""notes"",""id"",""displayCategory"",""purpose"",""preview"",""searchText"",""lessonId""]",{}
rule,GR-ER2-0002,Euphony: reviewed illustrations,,Euphony,Grammar Tools,When sounds shift to keep Celan flowing well.,,"These are teaching illustrations, not ordinary sentence examples.",,"Vok + Thal -> Vokathar — A Harmonious Union [PE-S1-0003]
Vok + Nor -> Voknor / Vokanor / Vokonor — The unity of time / a moment of perfect synchronicity [PE-S1-0004]",ED-0044: moved from dictionary sentence examples by user approval.,,,,September 24 dictionary review,Euphony,,Canon,LESSON-PRONUNCIATION,,"These are teaching illustrations, not ordinary sentence examples.","gr-er2-0002 euphony: reviewed illustrations euphony grammar tools euphony these are teaching illustrations, not ordinary sentence examples. vok + thal -> vokathar — a harmonious union [pe-s1-0003]
vok + nor -> voknor / vokanor / vokonor — the unity of time / a moment of perfect synchronicity [pe-s1-0004] ed-0044: moved from dictionary sentence examples by user approval.",GR-ER2-0002,,,,,,"[""entry_id"",""rule_name"",""category"",""source_section"",""source_volume"",""canon_status"",""original_wording"",""examples"",""notes"",""id"",""displayCategory"",""purpose"",""preview"",""searchText"",""lessonId""]",{}
rule,GR-ER2-0003,Phonology: reviewed illustrations,,Phonology,Pronunciation,How this sound pattern is meant to be spoken.,,"These are teaching illustrations, not ordinary sentence examples.",,Kalvok; Kalrath; Rethlian — Clan / Apex Predator / Might [PE-S1-0009],ED-0044: moved from dictionary sentence examples by user approval.,,,,September 24 dictionary review,Phonology,,Canon,LESSON-PRONUNCIATION,,"These are teaching illustrations, not ordinary sentence examples.","gr-er2-0003 phonology: reviewed illustrations phonology pronunciation phonology these are teaching illustrations, not ordinary sentence examples. kalvok; kalrath; rethlian — clan / apex predator / might [pe-s1-0009] ed-0044: moved from dictionary sentence examples by user approval.",GR-ER2-0003,,,,,,"[""entry_id"",""rule_name"",""category"",""source_section"",""source_volume"",""canon_status"",""original_wording"",""examples"",""notes"",""id"",""displayCategory"",""purpose"",""preview"",""searchText"",""lessonId""]",{}
rule,GR-ER2-0004,Capitalization: reviewed illustrations,,Capitalization,Grammar Tools,How this part of Celan is meant to work.,,"These are teaching illustrations, not ordinary sentence examples.",,"Terra / terra — Heart of Terra / mundane earth, soil, or ground [PE-S4B-0005]
Rathor / rathor — The Past / a specific past event or memory [PE-S4B-0007]",ED-0044: moved from dictionary sentence examples by user approval.,,,,September 24 dictionary review,Capitalization,,Canon,LESSON-WRITING-CONVENTIONS,,"These are teaching illustrations, not ordinary sentence examples.","gr-er2-0004 capitalization: reviewed illustrations capitalization grammar tools capitalization these are teaching illustrations, not ordinary sentence examples. terra / terra — heart of terra / mundane earth, soil, or ground [pe-s4b-0005]
rathor / rathor — the past / a specific past event or memory [pe-s4b-0007] ed-0044: moved from dictionary sentence examples by user approval.",GR-ER2-0004,,,,,,"[""entry_id"",""rule_name"",""category"",""source_section"",""source_volume"",""canon_status"",""original_wording"",""examples"",""notes"",""id"",""displayCategory"",""purpose"",""preview"",""searchText"",""lessonId""]",{}
lesson,LESSON-PRONUNCIATION,,Pronunciation,,,,"How Celan sounds in the mouth: vowels, consonants, and the flow of euphony.",,,,,,,,,,,,,,,,,,,,,RG-PRONUNCIATION,"[""id"",""title"",""description"",""featuredRuleId""]",{}
lesson,LESSON-SENTENCE-SHAPE,,Sentence Shape,,,,"How Celan builds a sentence: action first, questions, commands, negation, and conditions.",,,,,,,,,,,,,,,,,,,,,LESSON-SENTENCE-SHAPE,"[""id"",""title"",""description"",""featuredRuleId""]",{}
lesson,LESSON-WORD-BUILDING,,Word Building,,,,"How roots, suffixes, and compounds grow into new meaning.",,,,,,,,,,,,,,,,,,,,,LESSON-WORD-BUILDING,"[""id"",""title"",""description"",""featuredRuleId""]",{}
lesson,LESSON-POSSESSION-RELATION,,Possession and Relation,,,,"How belonging, relation, place, and connection are marked.",,,,,,,,,,,,,,,,,,,,,LESSON-POSSESSION-RELATION,"[""id"",""title"",""description"",""featuredRuleId""]",{}
lesson,LESSON-NUMBER-MEASURE,,Number and Measure,,,,"How Celan counts, scales, measures, and handles simple quantity.",,,,,,,,,,,,,,,,,,,,,LESSON-NUMBER-MEASURE,"[""id"",""title"",""description"",""featuredRuleId""]",{}
lesson,LESSON-GENDER-ADDRESS-SOCIAL,,"Gender, Address, and Social Use",,,,"How social nuance, address, identity, and cultural tone shape expression.",,,,,,,,,,,,,,,,,,,,,LESSON-GENDER-ADDRESS-SOCIAL,"[""id"",""title"",""description"",""featuredRuleId""]",{}
lesson,LESSON-WRITING-CONVENTIONS,,Writing Conventions,,,,"How Celan handles capitalization, emphasis, and written form.",,,,,,,,,,,,,,,,,,,,,LESSON-WRITING-CONVENTIONS,"[""id"",""title"",""description"",""featuredRuleId""]",{}
companion,PAGE-CULTURAL-VOICE,,Cultural Voice,,,,How one universal tongue takes on different national voices across Ohnosha.,,,,,,,,,,,,,,,,,,,,,,"[""id"",""title"",""description""]",{}
