headword,pronunciation,sense_count,displayed_senses,derivations,variants,family_roots,direct_example_count,related_example_count,teaching_example_count,linguistic_review_status,finding
I,/ee/,1,Pronoun: I / Me (1st Person Singular),,,,422,1,0,Not individually reviewed in readiness audit,
Ilin,/ee-leen/,2,"Pronoun: We / Us [Inclusive] (1st Person Plural) | Pronoun: Inclusive We: I + You (+ others). This is the communal, default ""we.""",,,,33,1,0,Not individually reviewed in readiness audit,
Ya,/yah/,2,Pronoun: You (2nd Person Singular) | Possessive: Your (direct personal suffix -ya),,,,70,7,0,Not individually reviewed in readiness audit,
Yalin,/yah-leen/,1,Pronoun: You all / You / Y’all (2nd Person Plural),,,,2,0,0,Not individually reviewed in readiness audit,
La,/lah/,1,Pronoun: He / She / They (3rd Person Singular),,,,64,0,0,Not individually reviewed in readiness audit,
Lalin,/lah-leen/,1,Pronoun: They / Them (3rd Person Plural),,,,3,0,0,Not individually reviewed in readiness audit,
Kadron,/kahdrohn/,1,Noun: Man (masculine person),,,Kadren,6,0,0,Not individually reviewed in readiness audit,
Azron,/ahzrohn/,1,Noun: Woman (feminine person),,,Azan,6,0,0,Not individually reviewed in readiness audit,
Theon,/theh-ohn/,1,Noun: Neutral person (non-binary),,,Thee,2,0,0,Not individually reviewed in readiness audit,
Kadfel,/kahdfehl/,1,Noun: Boy (young masculine person),,,Kadren; FEL,1,0,0,Not individually reviewed in readiness audit,
Azfel,/ahzfehl/,1,Noun: Girl (young feminine person),,,Azan; EL,1,0,0,Not individually reviewed in readiness audit,
Theefel,/theh-ehfehl/,1,Noun: Neutral child (non-binary child),,,,1,0,0,Not individually reviewed in readiness audit,
Azon,/ah-zohn/,1,Noun: Feminine man,,,,2,0,0,Not individually reviewed in readiness audit,
Kadon,/kah-dohn/,1,Noun: Masculine woman,,,,1,0,0,Not individually reviewed in readiness audit,
Var,/var/,2,Verb: Go / Move | Preposition: To / Towards,,,Var-,218,0,2,Not individually reviewed in readiness audit,
Ser,/ser/,3,Noun: Friend / Ally | Preposition: With | Conjunction: And,,,Ser-,285,1,0,Not individually reviewed in readiness audit,
Thal,/thahl/,2,Noun: Balance / Harmony | Preposition: From / Out of,,,THAL,85,6,2,Not individually reviewed in readiness audit,
Ka,/kah/,2,Preposition: Without | Interjection: No,,,KA,32,9,1,Not individually reviewed in readiness audit,
An,/ahn/,2,"Preposition: At, in (place) | Preposition: Spatial contexts (“at/in” location)",,,An,875,1,12,Not individually reviewed in readiness audit,
Nor,/nor/,2,Noun: Time / Flow of Time | Preposition: At / In (time),,,NOR,90,28,1,Not individually reviewed in readiness audit,
Esh,/ehsh/,3,Noun: Sky / Air | Preposition: Above / Over | Suffix: -esh (relational),,,ESH,37,0,1,Not individually reviewed in readiness audit,
Morl,/mohrl/,2,"Noun: Mountain | Preposition: Under, beneath",,,MORL,52,1,2,Not individually reviewed in readiness audit,
Terra,/tehrrah/,2,Noun: Earth / Physical ground | Noun: The Heart of Terra / Mystical force,,,TERRA,18,0,1,Not individually reviewed in readiness audit,
Dren,/dren/,3,Noun: Water | Noun: Water - symbolic | Noun: Water / River,,,DREN,238,1,0,Not individually reviewed in readiness audit,
Shal,/shahl/,2,Noun: Light / New Beginnings / Fate | Verb: Hope,,,SHAL,33,2,0,Not individually reviewed in readiness audit,
Krez,/krehz/,2,Noun: Fire | Interjection: Blast! / Damn!,,,KREZ,9,1,0,Not individually reviewed in readiness audit,
Thar,/thar/,2,Noun: Heart | Modal: Want to,,,THAR,19,1,6,Not individually reviewed in readiness audit,
Vethor,/vehthohr/,2,Noun: Shadow / Mystery | Verb: Sleep,,,,4,0,0,Not individually reviewed in readiness audit,
Shara,/shah-rah/,2,Noun: Path / Journey | Verb: To follow a path / To navigate / To track,,,SHARA,30,0,2,Not individually reviewed in readiness audit,
Zhilva,/zheelvah/,1,"Interjection: General ""Hello""",,,,1,0,0,Not individually reviewed in readiness audit,
Amthaen,/ahmthah-ehn/,1,"Interjection: Friendly ""Hi""",,,THAEN,1,0,0,Not individually reviewed in readiness audit,
Nekvar,/nehkvahr/,1,"Interjection: ""Good morning""",,,,1,0,0,Not individually reviewed in readiness audit,
Kelithor,/keh-leethohr/,1,"Interjection: ""Good afternoon""",,,,1,0,0,Not individually reviewed in readiness audit,
Tlosen,/tloh-sehn/,1,"Interjection: ""Good evening""",,,,1,0,0,Not individually reviewed in readiness audit,
Jexhaer,/jehxhah-ehr/,1,"Interjection: ""Good night""",,,,1,0,0,Not individually reviewed in readiness audit,
Revalen,/reh-vah-lehn/,1,"Interjection: ""Farewell""",,,,1,0,0,Not individually reviewed in readiness audit,
Zharinor,/zhah-ree-nohr/,1,"Interjection: ""See you soon""",,,,1,0,0,Not individually reviewed in readiness audit,
Vrekthael,/vrehkthah-ehl/,1,"Interjection: Ceremonial ""Greetings""",,,,1,0,0,Not individually reviewed in readiness audit,
Varash,/vah-rahsh/,1,Noun: Future / Prophecy,,,ASH,2,0,0,Not individually reviewed in readiness audit,
Rathor,/rahthohr/,2,Noun: Old City / Ancient Place | Noun: Past / History,,,,6,1,1,Not individually reviewed in readiness audit,
Shalor,/shah-lohr/,3,"Noun: Light (discovery, vision, hope) | Noun: Light / New Beginnings / Fate | Noun: Sanctuary (light-filled place)",,,SHAL; OR,20,0,0,Not individually reviewed in readiness audit,
Thaal,/thahl/,2,Noun: The Unknown / Wonder | Particle: Superlative marker: most,,,Thaal,3,0,0,Not individually reviewed in readiness audit,
Lian,/lee-ahn/,3,Noun: Truth / Honesty | Verb: Pray | Modal: Can / Able to,,,LIAN,17,1,0,Not individually reviewed in readiness audit,
Lumor,/loo-mohr/,2,Noun: Light (enlightenment or insight) | Noun: Talisman,,,,1,0,0,Not individually reviewed in readiness audit,
Aen,/ah-ehn/,4,Verb: Speak / Tell / Breathe | Conjunction: That | Suffix: -aen (verb-forming) | Noun: Breath of Life,,,Aen,72,2,1,Not individually reviewed in readiness audit,
Varok,/vah-rohk/,1,Verb: Command / Direct,,,,1,0,0,Not individually reviewed in readiness audit,
Arth,/ahrth/,1,Verb: Protect / Defend,,,ARTH,36,0,0,Not individually reviewed in readiness audit,
Kal,/kahl/,3,Noun: Strength / Power | Adjective: Strong | Verb: To strengthen,,,KAL,55,1,0,Not individually reviewed in readiness audit,
Kalor,/kah-lohr/,2,Noun: Courage / Strength of Spirit | Noun: Strength (of the mind or spirit),,,,2,0,0,Not individually reviewed in readiness audit,
Seren,/seh-rehn/,2,Noun: Guardian / Protector | Noun: Guardian/Protector,,,,47,0,0,Not individually reviewed in readiness audit,
Arthen,/ahrthehn/,1,Noun: Destiny / Purpose,,,ARTH,1,1,1,Not individually reviewed in readiness audit,
Vaar,/vah-ahr/,3,Noun: Peace / Unity | Adjective: Good | Interjection: Relief / Phew,,,VAAR,13,0,0,Not individually reviewed in readiness audit,
Ilan,/ee-lahn/,1,Noun: Student / Follower,,,,2,0,0,Not individually reviewed in readiness audit,
Lorin,/loh-reen/,3,Noun: Guide | Noun: Guide / Teacher | Verb: To guide,,,LOR,44,1,0,Not individually reviewed in readiness audit,
Rath,/rahth/,3,Noun: Enemy / Foe | Particle: Conditional “If” | Particle: Conditional marker: if,,,Rath,11,0,1,Not individually reviewed in readiness audit,
Fah,/fahh/,2,Noun: Darkness / Fear / Night | Interjection: Ugh! / Bah!,,,FAH,4,2,2,Not individually reviewed in readiness audit,
Thera,/theh-rah/,1,Noun: Longing / Yearning,,,,2,0,0,Not individually reviewed in readiness audit,
Reth,/rehth/,2,Noun: Confusion / Uncertainty | Conjunction: Or,,,,6,1,1,Not individually reviewed in readiness audit,
Vial,/vee-ahl/,1,Noun: Joy / Happiness,,,,1,0,0,Not individually reviewed in readiness audit,
Lorinor,/loh-ree-nohr/,1,Noun: Head,,,,1,0,0,Not individually reviewed in readiness audit,
Lorinshal,/loh-reenshahl/,1,Noun: Eye,,,,1,0,0,Not individually reviewed in readiness audit,
Aenor,/ah-ehnohr/,2,Noun: Ear | Noun: Moment / Instant,,,Aen,2,0,0,Not individually reviewed in readiness audit,
Aenvor,/ah-ehnvohr/,1,Noun: Nose,,,,1,0,0,Not individually reviewed in readiness audit,
Kelvor,/kehlvohr/,1,Noun: Mouth,,,,5,0,0,Not individually reviewed in readiness audit,
Sorl,/sohrl/,1,Noun: Neck,,,,1,0,0,Not individually reviewed in readiness audit,
Kalvar,/kahlvahr/,1,Noun: Arm,,,,1,0,0,Not individually reviewed in readiness audit,
Korin,/koh-reen/,1,Noun: Hand,,,KOR,14,0,0,Not individually reviewed in readiness audit,
Sharvar,/shahrvahr/,1,Noun: Leg,,,,1,0,0,Not individually reviewed in readiness audit,
Morlka,/mohrlkah/,1,Noun: Foot,,,,1,0,0,Not individually reviewed in readiness audit,
Dral,/drahl/,2,Noun: Sky / Wonder / Heavens | Interjection: Wow! / Heavens!,,,DRAL,5,0,2,Not individually reviewed in readiness audit,
Tal,/tahl/,2,Verb: Give / Offer | Verb: Take / Receive,,,TAL,57,0,0,Not individually reviewed in readiness audit,
Morldren,/morl-dren/,2,Noun: Waterfall (mountain + water) | Noun: waterfall/mountain stream,,,MORL; DREN,1,0,0,Not individually reviewed in readiness audit,
Verdor,/vehrdohr/,1,Noun: forest place/realm,,,VERD,14,0,0,Not individually reviewed in readiness audit,
Mahr,/mahhr/,1,Noun: ocean,,,MAHR,18,0,0,Not individually reviewed in readiness audit,
Lun,/loon/,2,Noun: Lake | Noun: Moon; Ohnosha's natural satellite or lunar body,Source-attested polysemy from LX-V4-0083 Lunwek: Lun Lake or Moon + Wek cycle,,LUN,9,0,0,Not individually reviewed in readiness audit,
Velk,/vehlk/,1,Noun: Ice/Frozen water,,,,4,0,0,Not individually reviewed in readiness audit,
Awek,/ah-wehk/,1,Noun: Spring,,,AWEK,1,0,0,Not individually reviewed in readiness audit,
Terlin,/tehrleen/,1,Noun: Island/beach,,,,4,0,0,Not individually reviewed in readiness audit,
Kaleth,/kah-lehth/,2,Noun: Fortress / Stronghold | Adjective: Strong / Powerful / Intense / High in magnitude or reading,,,KAL,25,0,1,Not individually reviewed in readiness audit,
Varthas,/vahrthahs/,1,Noun: City / Town,,,,24,0,0,Not individually reviewed in readiness audit,
Lorash,/loh-rahsh/,1,Noun: Temple / Shrine,,,LOR; ASH,17,0,0,Not individually reviewed in readiness audit,
Krezor,/kreh-zohr/,3,"Noun: forge | Noun: Forge / Place of Fire | Noun: Hearth, Fireplace, Forge",,,KREZ; OR,12,0,0,Not individually reviewed in readiness audit,
Norvaar,/nohrvah-ahr/,1,Noun: Gateway (time-related portal),,,,1,0,0,Not individually reviewed in readiness audit,
Kinnshal,/keennshahl/,1,Noun: Dawn (Light Awakens),,,Kinn; SHAL,2,0,0,Not individually reviewed in readiness audit,
Kinnmor,/keennmohr/,1,Noun: Morning (Earth Illuminated),,,Kinn; MOR,4,0,0,Not individually reviewed in readiness audit,
Kinnlin,/keennleen/,1,Noun: Noon (Full Light),,,Kinn,1,0,0,Not individually reviewed in readiness audit,
Kilvthal,/keelvthahl/,1,Noun: Afternoon (Balancing Light and Shadow),,,Kilv; THAL,1,0,0,Not individually reviewed in readiness audit,
Kilveth,/keelvehth/,1,Noun: Evening (Shadow's Embrace),,,Kilv,5,0,0,Not individually reviewed in readiness audit,
Kilvfah,/keelvfahh/,1,Noun: Nightfall (Full Darkness),,,Kilv; FAH,1,0,0,Not individually reviewed in readiness audit,
Kilvlum,/keelvloom/,1,Noun: Midnight (Shadowed Reflection),,,Kilv,1,0,0,Not individually reviewed in readiness audit,
Belrin,/behlreen/,1,Noun: Woven fabric,,,BEL; RIN,12,0,0,Not individually reviewed in readiness audit,
Belar,/beh-lahr/,1,"Noun: A blending spice; a seasoning used primarily to unite, balance, or mellow several flavors in a dish",,,BEL; Ar,2,0,0,Not individually reviewed in readiness audit,
Brosrin,/brohsreen/,1,Noun: Layered food,,,BROS; RIN,1,0,0,Not individually reviewed in readiness audit,
Balrin,/bahlreen/,1,Noun: Growing food,,,BAL; RIN,1,0,0,Not individually reviewed in readiness audit,
Brenmor,/brehnmohr/,1,Noun: Harvested roots,,,BREN; MOR,1,0,0,Not individually reviewed in readiness audit,
Phelvin,/phehlveen/,2,Noun: Comforting drink | Noun: Comfort Drink,,,PHEL; VIN,10,0,0,Not individually reviewed in readiness audit,
Prakorin,/prah-koh-reen/,1,Noun: Tender bread,,,PRAK,1,0,0,Not individually reviewed in readiness audit,
Pelvar,/pehlvahr/,1,Noun: Sharp grain,,,Pel; Var-,2,0,0,Not individually reviewed in readiness audit,
Peldren,/pehldrehn/,1,Noun: Piercing water,,,Pel; DREN,1,0,0,Not individually reviewed in readiness audit,
Pralmor,/prahlmohr/,1,Noun: Detailed carving,,,PRAL; MOR,2,0,0,Not individually reviewed in readiness audit,
Jorlin,/johrleen/,1,Noun: Bursting water,,,JOR,1,0,0,Not individually reviewed in readiness audit,
Jorvak,/johrvahk/,2,Noun: Bursting Stew | Noun: Bursting warmth,,,JOR,3,0,0,Not individually reviewed in readiness audit,
Jekvor,/jehkvohr/,1,"Noun: A spiraling spice; a seasoning recognizable by a curled, coiled, or twisted physical form",,,JEK,1,0,0,Not individually reviewed in readiness audit,
Jelvor,/jehlvohr/,1,"Noun: A zesty spice; a seasoning distinguished by a bright, sharp, lively flavor",,,JEL,1,0,0,Not individually reviewed in readiness audit,
Jindral,/jeendrahl/,1,Noun: Rare fruit,,,Jin; DRAL,1,0,0,Not individually reviewed in readiness audit,
Welrim,/wehlreem/,2,Noun: Continuous Feast | Noun: Shared feast,,,WEL; RIM,4,0,0,Not individually reviewed in readiness audit,
Welmor,/wehlmohr/,1,Noun: Flowing earth,,,WEL; MOR,1,0,0,Not individually reviewed in readiness audit,
Weknor,/wehknohr/,1,Noun: Cyclical time,,,NOR; WEK,1,0,0,Not individually reviewed in readiness audit,
Worvenak,/wohrveh-nahk/,1,Noun: Abundant stew,,,VENAK; WOR,5,0,0,Not individually reviewed in readiness audit,
Xilvar,/xeelvahr/,2,Noun: A hidden spice; a seasoning or blend whose composition or preparation is deliberately concealed | Noun: Fragmented Salt,,,XIL; Var-,2,0,0,Not individually reviewed in readiness audit,
Xarvel,/xahrvehl/,2,Noun: Covered meal | Noun: Veiled Meal,,,XAR; VEL,1,0,0,Not individually reviewed in readiness audit,
Ohmbaen,/ohhmbah-ehn/,1,Noun: Beloved or soulmate,,,OHM,3,0,0,Not individually reviewed in readiness audit,
Tlakorin,/tlah-koh-reen/,1,Noun: Confidant or trusted companion,,,TLA,1,0,0,Not individually reviewed in readiness audit,
Khumlor,/khoomlohr/,1,"Noun: Chosen family, circle of belonging",,,KHUM,4,0,0,Not individually reviewed in readiness audit,
Nkuvath,/nkoo-vahth/,1,Noun: Promise or bond of trust,,,NKU,1,0,0,Not individually reviewed in readiness audit,
Mbalan,/mbah-lahn/,1,"Noun: Pillar of the community, a relied-upon figure",,,MB,1,0,0,Not individually reviewed in readiness audit,
Nkural,/nkoo-rahl/,1,Noun: Mentor or guide who nurtures growth,,,NKU; RAL,1,0,0,Not individually reviewed in readiness audit,
Tlankor,/tlahnkohr/,1,Noun: Ally or supporter during challenges,,,,1,0,0,Not individually reviewed in readiness audit,
Tlakhura,/tlahkhoo-rah/,1,"Noun: A bond shared between two people, unspoken yet strong",,,TLA,1,0,0,Not individually reviewed in readiness audit,
Jorkal,/johrkahl/,1,Noun: Charge / Attack / Assault. A command or description of a forceful offensive push.,,,JOR; KAL,1,0,0,Not individually reviewed in readiness audit,
Arthlor,/ahrthlohr/,1,Noun: Defensive Formation / Shield Wall / Fortified Position. Refers to holding a defensive position or a specific coordinated defensive setup.,,,ARTH,1,0,0,Not individually reviewed in readiness audit,
Serenkal,/seh-rehnkahl/,1,"Noun: Elite Warrior / Vanguard / Shock Trooper. Refers specifically to experienced, strong front-line fighters or protectors.",,,KAL,1,0,0,Not individually reviewed in readiness audit,
Belshara,/bel-shah-rah/,4,"Noun: Coordinated Maneuver / Formation Movement / Tactical Path. Refers to moving troops in a specific, planned way. | Noun: Duty (Bound Path) | Modal: Necessity (Must/Have to) | Noun: Necessity / Obligation",,,BEL; SHARA,5,0,1,Not individually reviewed in readiness audit,
Rathvethor,/rahth-veh-thor/,1,Noun: Hidden Enemy / Ambush / Unseen Threat. Used when scouting or warning about potential ambushes or concealed enemies.,,,Rath,3,0,0,Not individually reviewed in readiness audit,
Lianaen,/lee-ahnah-ehn/,1,Verb: To Pray / Prayer / Speaking Truth (to the divine/Heart/Balance). The act of spiritual communion or supplication.,,,LIAN,2,0,0,Not individually reviewed in readiness audit,
Khumeth,/khoo-mehth/,1,Noun: Sacred Ritual / Ceremony / Circle Rite. Refers to a formal spiritual practice or ceremony.,,,KHUM,1,0,0,Not individually reviewed in readiness audit,
Talrin,/tahl-rin/,1,Noun: Offering / Spiritual Sacrifice (of self/intent/item). The act of giving something (physical or metaphorical) as part of a ritual.,,,TAL; RIN,1,0,0,Not individually reviewed in readiness audit,
Rinvarash,/rin-vah-rahsh/,1,Noun: Prophetic Vision / Spiritual Insight / Glimpse of Essence. Refers to receiving divine guidance or seeing future possibilities through spiritual connection.,,,RIN,1,0,0,Not individually reviewed in readiness audit,
Belshen,/behlshehn/,1,Noun: Price / Binding Value / Agreed Cost. The established or negotiated value that binds a trade.,,,SHEN; BEL,1,0,0,Not individually reviewed in readiness audit,
Vaneshem,/vah-nehshehm/,1,Noun: Goods / Wares / Trade Items. The physical products being exchanged.,,,VANESH,1,0,0,Not individually reviewed in readiness audit,
Thalaneshen,/thah-lah-nehshehn/,1,Noun: Bargaining / Haggling / Balanced Trade Talk. The process of negotiating a fair price or exchange.,,,VANESH; SHEN; THAL; Aen,1,0,0,Not individually reviewed in readiness audit,
Ka-Shen,/kah-shehn/,1,Noun: Barter / Tradegoods (non-monetary) / Without Coin. Refers to trade done through exchange of goods rather than currency.,,,KA; SHEN,1,0,0,Not individually reviewed in readiness audit,
Vellian,/vel-lee-ahn/,1,"Noun: Quality Goods / Honest Value / True Sustenance. Refers to goods considered high quality, fairly priced, or genuinely valuable.",,,VEL; LIAN,1,0,0,Not individually reviewed in readiness audit,
Terradren,/tehrrahdrehn/,1,Noun: fertile soil/well-irrigated land,,,TERRA; DREN,1,0,0,Not individually reviewed in readiness audit,
Drenshal,/drehnshahl/,1,Noun: reflective pool/crystal-clear spring,,,DREN; SHAL,1,0,0,Not individually reviewed in readiness audit,
Terraesh,/tehrrah-ehsh/,1,Noun: horizon/place where earth meets sky,,,TERRA; ESH,1,0,0,Not individually reviewed in readiness audit,
Morlak,/mohrlahk/,1,Noun: Bread/Grain,,,LAK,18,0,0,Not individually reviewed in readiness audit,
Velrin,/vehlreen/,1,Noun: Meal/Food,,,RIN,2,0,0,Not individually reviewed in readiness audit,
Teravin,/teh-rah-veen/,1,Noun: Root Vegetable,,,TERRA; VIN,7,0,0,Not individually reviewed in readiness audit,
Broslak,/brohslahk/,1,Noun: Layered Bread,,,BROS; LAK,1,0,0,Not individually reviewed in readiness audit,
Lorlivok,/lohrlee-vohk/,1,Noun: Earthbake,,,LOR; VOK,2,0,0,Not individually reviewed in readiness audit,
Phelkarin,/phehlkah-reen/,1,Noun: Comforting Porridge,,,PHEL,1,0,0,Not individually reviewed in readiness audit,
Felorin,/feh-loh-reen/,2,Noun: Berry from Coral Reefs | Noun: Berry/Small Fruit,,,FEL,3,0,0,Not individually reviewed in readiness audit,
Jekvin,/jehkveen/,1,Noun: Spiral Herb,,,JEK; VIN,1,0,0,Not individually reviewed in readiness audit,
Belmor,/behlmohr/,1,Noun: A root spice; a seasoning made from the root or rhizome of a plant,,,BEL; MOR,1,0,0,Not individually reviewed in readiness audit,
Vethhar,/vehthhahr/,1,Noun: Shadowspice,,,VETH,1,0,0,Not individually reviewed in readiness audit,
Velithor,/veh-leethohr/,1,Noun: Strong Ale,,,VEL,2,0,0,Not individually reviewed in readiness audit,
Tenarorin,/teh-nah-roh-reen/,1,Noun: Glow Wine,,,TENAR,2,0,0,Not individually reviewed in readiness audit,
Lianfel,/lee-ahnfehl/,1,Noun: Truth Tea,,,LIAN; FEL,1,0,0,Not individually reviewed in readiness audit,
Jorvilor,/johrvee-lohr/,1,Noun: Bursting Berry Drink,,,VILOR; JOR,1,0,0,Not individually reviewed in readiness audit,
Zhelvek,/zhehlvehk/,2,Noun: Energy Bar | Noun: Energy carrier,,,ZHEL; MEK; VEK,4,0,0,Not individually reviewed in readiness audit,
Velmek,/vehlmehk/,1,Noun: Synthetic Protein,,,MEK; VEL,1,0,0,Not individually reviewed in readiness audit,
Phelrin,/phehlreen/,1,Noun: Comfort Food,,,PHEL; RIN,1,0,0,Not individually reviewed in readiness audit,
Jorvalin,/johrvah-leen/,1,Noun: Effervescent Beverage,,,JOR,1,0,0,Not individually reviewed in readiness audit,
Drenlivar,/drehnlee-vahr/,1,Noun: Salted Fish,,,LIVAR; DREN,1,0,0,Not individually reviewed in readiness audit,
Eshtenor,/ehshteh-nohr/,1,Noun: Seaweed Snack,,,TENAR; ESH,1,0,0,Not individually reviewed in readiness audit,
Jekvarin,/jehkvah-reen/,1,Noun: Spiral Shellfish,,,JEK,1,0,0,Not individually reviewed in readiness audit,
Tharmor,/thahrmohr/,1,Noun: Rootbread,,,THAR; MOR,1,0,0,Not individually reviewed in readiness audit,
Terafennil,/teh-rah-fehnneel/,1,Noun: Herb Stew,,,FENNIL; TERRA,1,0,0,Not individually reviewed in readiness audit,
Brenvor,/brehnvohr/,1,Noun: Harvested Nuts,,,BREN,1,0,0,Not individually reviewed in readiness audit,
Welvinor,/wehlvee-nohr/,1,Noun: Flowing Mead,,,VIN; WEL,1,0,0,Not individually reviewed in readiness audit,
Krezfel,/krehzfehl/,1,Noun: Spiced Grain,,,KREZ; FEL,1,0,0,Not individually reviewed in readiness audit,
Morthas,/mohrthahs/,1,Noun: Sand-Roasted Nuts,,,MOR,1,0,0,Not individually reviewed in readiness audit,
Voktarin,/vohktah-reen/,1,Noun: Preserved Dates,,,TARIN; VOK,1,0,0,Not individually reviewed in readiness audit,
Phelmorin,/phehlmoh-reen/,1,Noun: Warm Desert Tea,,,PHEL,1,0,0,Not individually reviewed in readiness audit,
Velthamor,/vehlthah-mohr/,1,Noun: Frozen Root Mash,,,THAM; VEL; OR,1,0,0,Not individually reviewed in readiness audit,
Eshvilor,/ehshvee-lohr/,1,Noun: Snowberry Wine,,,VILOR; ESH,1,0,0,Not individually reviewed in readiness audit,
Thalshorin,/thahlshoh-reen/,1,Noun: Ice Stew,,,THAL,1,0,0,Not individually reviewed in readiness audit,
Xarlorin,/xahrloh-reen/,1,Noun: Hidden Spice Tea,,,XAR,1,0,0,Not individually reviewed in readiness audit,
Morvenak,/mohrveh-nahk/,1,Noun: Hearty Grain Porridge,,,VENAK; MOR,1,0,0,Not individually reviewed in readiness audit,
Kreztorin,/krehztoh-reen/,1,Noun: Smoked and Dried Meat,,,TORIN; KREZ,1,0,0,Not individually reviewed in readiness audit,
Velkorin,/vehlkoh-reen/,1,Noun: Military Ration,,,VEL,1,0,0,Not individually reviewed in readiness audit,
Xilbren,/xeelbrehn/,1,Noun: Fragmented Grain Cake,,,XIL; BREN,1,0,0,Not individually reviewed in readiness audit,
Drenkor,/drehnkohr/,1,Noun: Oasis Bread,,,DREN; KOR,1,0,0,Not individually reviewed in readiness audit,
Vethsoril,/vehthsoh-reel/,1,Noun: Shadowspice Stew,,,SORIL; VETH,1,0,0,Not individually reviewed in readiness audit,
Shalorin,/shah-loh-reen/,1,Noun: Sweet Fig-Like Fruit,,,SHAL,1,0,0,Not individually reviewed in readiness audit,
Welkarin,/wehlkah-reen/,1,Noun: Flowing Desert Drink,,,WEL,1,0,0,Not individually reviewed in readiness audit,
Morlathor,/mohrlahthohr/,1,Noun: Stone-Root Bread,,,MORL,1,0,0,Not individually reviewed in readiness audit,
Velkrin,/vehlkreen/,1,Noun: Fermented Drink,,,VEL,1,0,0,Not individually reviewed in readiness audit,
Krezlorin,/krehzloh-reen/,1,Noun: Fire-Grilled Meat,,,KREZ,1,0,0,Not individually reviewed in readiness audit,
Pralvinor,/prahlvee-nohr/,1,Noun: Delicate Mead,,,PRAL,1,0,0,Not individually reviewed in readiness audit,
Zhaelor,/zhah-ehlohr/,1,Noun: Spring,,,ZHAEL; OR,5,0,0,Not individually reviewed in readiness audit,
Fenrek,/fehnrehk/,1,Noun: Summer,,,REK,3,0,0,Not individually reviewed in readiness audit,
Tharvin,/thahrveen/,1,Noun: Autumn,,,VIN; THAR,1,0,0,Not individually reviewed in readiness audit,
Velthaen,/vehlthah-ehn/,1,Noun: Winter,,,THAEN; VEL,2,0,0,Not individually reviewed in readiness audit,
Eshthael,/ehshthah-ehl/,1,Noun: Breeze,,,THAEL; ESH,2,0,0,Not individually reviewed in readiness audit,
Shalithor,/shah-leethohr/,1,Noun: Sunlight,,,SHAL,1,0,0,Not individually reviewed in readiness audit,
Dralorim,/drah-loh-reem/,1,Noun: Storm,,,DRAL,6,0,0,Not individually reviewed in readiness audit,
Velarshor,/veh-lahrshohr/,1,Noun: Fog,,,ARSHOR; VEL,2,0,0,Not individually reviewed in readiness audit,
Drenalor,/dreh-nah-lohr/,1,Noun: Rain,,,ALOR; DREN,1,0,0,Not individually reviewed in readiness audit,
Eshvelor,/ehshveh-lohr/,1,Noun: Snowfall,,,ESH,1,0,0,Not individually reviewed in readiness audit,
Thalorim,/thah-loh-reem/,1,Noun: Lightning,,,THAL,2,0,0,Not individually reviewed in readiness audit,
Krezrek,/krehzrehk/,1,Noun: Heatwave,,,REK; KREZ,4,0,0,Not individually reviewed in readiness audit,
Drenvelesh,/drehnveh-lehsh/,1,Noun: Morning Dew,,,DREN; VEL; ESH,1,0,0,Not individually reviewed in readiness audit,
Eshvelaneth,/ehshveh-lah-nehth/,2,Noun: Hailstorm | Noun: Snowstorm Guidance Ritual,,,ESH; VEL,2,0,0,Not individually reviewed in readiness audit,
Ilinor,/ee-lee-nohr/,1,Quantifier: All / Entire / Whole,,,,2,0,0,Not individually reviewed in readiness audit,
Som,/sohm/,1,Quantifier: Some / A few / Part of,,,,2,0,0,Not individually reviewed in readiness audit,
Melen,/meh-lehn/,1,Quantifier: Many / Much / Numerous,,,,2,0,0,Not individually reviewed in readiness audit,
Felin,/feh-leen/,1,Quantifier: Few / Little / Small amount,,,FEL,3,0,0,Not individually reviewed in readiness audit,
Ekor,/eh-kohr/,1,Quantifier: Each / Every,,,KOR,2,0,0,Not individually reviewed in readiness audit,
Liana,/lee-ahnah/,1,Noun: Lady,,,,1,0,0,Not individually reviewed in readiness audit,
Lianor,/lee-ahnohr/,2,"Noun: Idea, Thought (Place of truth) | Noun: Sir",,,LIAN,5,0,0,Not individually reviewed in readiness audit,
Liorin,/lee-ohreen/,1,Noun: Teacher/Elder,,,LOR,30,0,0,Not individually reviewed in readiness audit,
Liorinen,/lee-or-in-en/,1,Noun: Honored Elder/Teacher,,,,1,0,0,Not individually reviewed in readiness audit,
Lorinen,/loh-ree-nehn/,1,Noun: Honored Guide,,,,5,0,0,Not individually reviewed in readiness audit,
Li-Seren,/lee-seh-rehn/,1,Noun: Respected Guardian,,,,2,1,0,Not individually reviewed in readiness audit,
Kel,/kehl/,4,Verb: Say / Talk (informal) | Noun: Name | Noun: Word | Noun: A text; a connected body of written or encoded words rather than information or data generally,,,KEL,19,0,0,Not individually reviewed in readiness audit,
Min,/meen/,1,Verb: To go/walk/head over - casual,,,,3,0,0,Not individually reviewed in readiness audit,
Dro,/droh/,1,Noun: Water - basic,,,DRO,8,0,0,Not individually reviewed in readiness audit,
Ar,/ahr/,1,"Particle: Intensifier - very, intensely",,,Ar,1,0,0,Not individually reviewed in readiness audit,
Fel,/fehl/,1,"Particle: Diminisher - slightly, a bit",,,FEL,4,0,0,Not individually reviewed in readiness audit,
Lia,/lee-ah/,1,Interjection: Yes,,,,4,2,0,Not individually reviewed in readiness audit,
Rethlian,/rehthlee-ahn/,3,Modal: Possibility (May/Might) | Interjection: Maybe | Particle: Possibility (May/Might),,,,3,0,0,Not individually reviewed in readiness audit,
Mmm,/mmm/,1,Interjection: Considering or listening thoughtfully.,,,,1,0,0,Not individually reviewed in readiness audit,
Lialor,/lee-ahlohr/,1,Particle: “Indeed” or “Certainly.”,,,,2,1,0,Not individually reviewed in readiness audit,
Varthen,/vahrthehn/,1,Particle: “So” or “Thus.”,,,,1,0,0,Not individually reviewed in readiness audit,
Shalra,/shahlrah/,1,Particle: “Well?” or “So then?”,,,,2,0,0,Not individually reviewed in readiness audit,
Lianlor,/lee-ahnlohr/,1,Particle: “Honestly” or “To be truthful…”,,,,1,0,0,Not individually reviewed in readiness audit,
Vara,/vah-rah/,1,"Particle: Then, Next, So (sequencer).",,,,1,0,0,Not individually reviewed in readiness audit,
Thalka,/thahlkah/,1,"Particle: But, However, Yet, Still (contrast).",,,,1,0,0,Not individually reviewed in readiness audit,
Sera,/seh-rah/,1,"Particle: Also, Too, Even, As well (additive).",,,,1,0,0,Not individually reviewed in readiness audit,
Tek,/tehk/,1,"Particle: Just, Only, Merely (limiter).",,,,1,0,0,Not individually reviewed in readiness audit,
Elan,/eh-lahn/,1,"Particle: Well... (conversational starter/filler, declarative).",,,,2,0,0,Not individually reviewed in readiness audit,
Rathka,/rahthkah/,1,"Particle: As if, Supposing, Like (hypothetical).",,,,1,0,0,Not individually reviewed in readiness audit,
Lialor'ka,/lee-ahlohr'kah/,1,Particle: Really?! Truly?! Actually?! (surprise/emphasis).,,,,1,0,0,Not individually reviewed in readiness audit,
Reth‘thal,/rehththahl/,1,"Particle: Perhaps, Possibly (stronger doubt than Rethlian).",,,,1,0,0,Not individually reviewed in readiness audit,
Lia‘ser,/lee-ahsehr/,1,"Particle: Right, Okay, I see, Understood (acknowledgement).",,,,1,0,0,Not individually reviewed in readiness audit,
Lian'lia,/lee-ahn-lee-ah/,1,Particle: Exactly! Precisely! Just so! (strong agreement).,,,,1,0,0,Not individually reviewed in readiness audit,
Verka,/vehrkah/,1,Particle: Not at all! Absolutely not! (emphatic negation).,,,,1,0,0,Not individually reviewed in readiness audit,
Thaal'ra,/thah-ahl'rah/,1,Particle: I wonder if... (speculation).,,,,2,0,0,Not individually reviewed in readiness audit,
Wek'aen,/wehk'ah-ehn/,1,"Particle: Again, As said before, To repeat (repetition).",,,,1,0,0,Not individually reviewed in readiness audit,
Kora,/koh-rah/,1,"Particle: Because, Since, For the reason that... (causation).",,,,2,0,0,Not individually reviewed in readiness audit,
Tavan,/tah-vahn/,1,Noun: Parent,,,,5,0,0,Not individually reviewed in readiness audit,
Felka,/fehlkah/,1,Noun: Child,,,,47,0,0,Not individually reviewed in readiness audit,
Zhiren,/zhee-rehn/,1,Noun: Sibling,,,ZHIR,1,0,0,Not individually reviewed in readiness audit,
Velar,/veh-lahr/,1,Noun: Elder/Grandparent,,,VEL,5,0,0,Not individually reviewed in readiness audit,
Pralin,/prah-leen/,1,Noun: Cousin,,,PRAL,1,0,0,Not individually reviewed in readiness audit,
Velkavor,/vehlkah-vohr/,1,Noun: Ancestor / Great-grandparent,,,KAV; VEL; OR,1,0,0,Not individually reviewed in readiness audit,
Belvok,/behlvohk/,1,Noun: Family / Clan,,,BEL; VOK,16,0,0,Not individually reviewed in readiness audit,
Xarvethral,/xahrvehthrahl/,1,Noun: Adoptive Parent,,,VETH; XAR; RAL,2,0,0,Not individually reviewed in readiness audit,
Tavojorin,/tah-voh-joh-reen/,1,Noun: Parent-in-law,,,JOR,1,0,0,Not individually reviewed in readiness audit,
Zhivorin,/zhee-voh-reen/,1,Noun: Sibling-in-law,,,ZHIR,1,0,0,Not individually reviewed in readiness audit,
Kalvok,/kahlvohk/,1,Noun: Partner / Spouse,,,KAL; VOK,2,0,0,Not individually reviewed in readiness audit,
Velpralor,/vehlprah-lohr/,1,Noun: Elder Partner,,,VEL; PRAL; OR,1,0,0,Not individually reviewed in readiness audit,
Tavrel,/tahvrehl/,1,Noun: Aunt/Uncle,,,,1,0,0,Not individually reviewed in readiness audit,
Felvin,/fehlveen/,1,Noun: Niece/Nephew,,,FEL; VIN,1,0,0,Not individually reviewed in readiness audit,
Zharin,/zhah-reen/,1,Noun: Distant Relative,,,ZHIR,1,0,0,Not individually reviewed in readiness audit,
Velxorin,/vehlxoh-reen/,1,Noun: Elder Ancestor,,,VEL,1,0,0,Not individually reviewed in readiness audit,
Kalvokesh,/kahlvoh-kehsh/,1,Noun: Spouse's Family,,,KAL; VOK; ESH,1,0,0,Not individually reviewed in readiness audit,
Zhirkalor,/zheerkah-lohr/,1,Noun: Partner by Lineage,,,ZHIR; KAL; OR,1,0,0,Not individually reviewed in readiness audit,
Xarfelvin,/xahrfehlveen/,1,Noun: Adoptive Niece/Nephew,,,XAR; FEL; VIN,1,0,0,Not individually reviewed in readiness audit,
Belvethral,/behlvehthrahl/,1,Noun: Chosen Family,,,VETH; BEL; RAL,1,0,0,Not individually reviewed in readiness audit,
Velmarin,/vehlmah-reen/,2,Noun: Ancient Tree (species) | Noun: Honorary Elder,,,MARIN; VEL,5,0,0,Not individually reviewed in readiness audit,
Pralvokesh,/prahlvoh-kehsh/,1,Noun: Trusted Ally or Friend,,,PRAL; VOK; ESH,1,0,0,Not individually reviewed in readiness audit,
Ian,/ee-ahn/,1,Possessive: My / Direct Possession marker,,,,0,82,0,Not individually reviewed in readiness audit,
Anen,/ah-nehn/,1,Possessive: Your / Direct Possession marker,,,,1,0,0,Not individually reviewed in readiness audit,
Eshen,/ehshehn/,1,Possessive: His/Her/Their / Direct Possession marker,,,,0,1,0,Not individually reviewed in readiness audit,
Velian,/veh-lee-ahn/,1,Possessive: Our / Direct Possession marker,,,,1,0,0,Not individually reviewed in readiness audit,
Rathorim,/rahthoh-reem/,1,Noun: Remembrance (the act).,,,,1,0,0,Not individually reviewed in readiness audit,
Fah'thar,/fahh'thahr/,1,Noun: Grief (heart-darkness).,,,,1,0,0,Not individually reviewed in readiness audit,
Vel'rathor,/vehl'rahthohr/,1,Noun: Enduring Memory / Still Past.,,,,1,0,0,Not individually reviewed in readiness audit,
Rathorimaen,/rahthoh-ree-mah-ehn/,1,Verb: To Remember / Memorialize.,,,,1,0,0,Not individually reviewed in readiness audit,
Fah'tharaen,/fahh'thah-rah-ehn/,1,Verb: To Mourn / Grieve Deeply.,,,,1,0,0,Not individually reviewed in readiness audit,
Ohm'rin,/ohhm'reen/,1,Noun: Attunement / Essence-Connection.,,,,1,0,0,Not individually reviewed in readiness audit,
Thal'vok,/thahl'vohk/,1,Noun: Balanced Unity / Harmony Bond.,,,,1,0,0,Not individually reviewed in readiness audit,
Ohm'aen,/ohhm'ah-ehn/,1,Verb: To Connect With / Attune To (revisited).,,,,1,0,0,Not individually reviewed in readiness audit,
Thal'vokaen,/thahl'voh-kah-ehn/,1,Verb: To Harmonize / Achieve Balanced Unity.,,,,2,0,0,Not individually reviewed in readiness audit,
Shal'taleth,/shahl'tah-lehth/,1,Noun: Light-Offering Ritual.,,,,2,0,0,Not individually reviewed in readiness audit,
Bel'Rathorimeth,/behl'rahthoh-ree-mehth/,1,Noun: Memory-Weaving Ritual.,,,,1,0,0,Not individually reviewed in readiness audit,
Aen'Moreth,/ah-ehn'moh-rehth/,1,Noun: Breath-into-Stone Ritual.,,,,1,0,0,Not individually reviewed in readiness audit,
Lorin'Ohmeth,/loh-reen'ohhmehth/,1,Noun: Guidance-Seeking Ritual.,,,,1,0,0,Not individually reviewed in readiness audit,
Thal'talaen,/thahl'tah-lah-ehn/,1,Verb: To sacrifice/relinquish (general verb).,,,,1,0,0,Not individually reviewed in readiness audit,
Thal'taleth,/thahl'tah-lehth/,1,Noun: Act/Ritual of Sacrifice (general noun).,,,,1,0,0,Not individually reviewed in readiness audit,
Thar'taleth,/thahr'tah-lehth/,1,Noun: Life/Heart Sacrifice Ritual (noun).,,,,1,0,0,Not individually reviewed in readiness audit,
Arthen'taleth,/ahrthehn'tah-lehth/,1,Noun: Sacrifice for Destiny Ritual (noun).,,,,1,0,0,Not individually reviewed in readiness audit,
Kor'taleth,/kohr'tah-lehth/,1,Noun: Offering to Power Source Ritual (noun).,,,,1,0,0,Not individually reviewed in readiness audit,
Talaen,/tah-lah-ehn/,2,"Verb: To give/offer (used for simpler offerings). | Verb: To Take (contextual), To Receive",,,TAL,6,1,2,Not individually reviewed in readiness audit,
Fahaen,/fah-hah-ehn/,1,Verb: To Fear.,,,FAH,5,0,0,Not individually reviewed in readiness audit,
Theraen,/theh-rah-ehn/,1,Verb: To Long For / Yearn For.,,,,3,0,0,Not individually reviewed in readiness audit,
Vialaen,/vee-ahlah-ehn/,1,Verb: To Be Joyful / Rejoice.,,,,3,0,0,Not individually reviewed in readiness audit,
Ohmaen,/ohhmah-ehn/,1,Verb: To Love / Cherish / Feel Connection / Attune To (can have spiritual nuance).,,,,5,0,0,Not individually reviewed in readiness audit,
Ravokhaen,/rah-vohkhah-ehn/,1,Verb: To Desire / Want Intensely.,,,,2,0,0,Not individually reviewed in readiness audit,
Shalaen,/shah-lah-ehn/,2,"Verb: To Hope / See Light Ahead. | Verb: To See, To perceive with light",,,SHAL,12,0,1,Not individually reviewed in readiness audit,
Seraen,/seh-rah-ehn/,1,Verb: To Trust / Ally With.,,,,2,0,0,Not individually reviewed in readiness audit,
Nkathalaen,/nkahthah-lah-ehn/,1,Verb: To Grieve / Be Sad.,,,,1,0,0,Not individually reviewed in readiness audit,
Rathaen,/rahthah-ehn/,1,Verb: To Hate / Oppose Strongly / Treat as Foe.,,,,1,0,0,Not individually reviewed in readiness audit,
Krezaen,/kreh-zah-ehn/,1,Verb: To Rage / Burn with Anger.,,,KREZ,1,0,0,Not individually reviewed in readiness audit,
Rethaen,/rehthah-ehn/,1,Verb: To Worry / Be Uncertain.,,,,1,0,0,Not individually reviewed in readiness audit,
Vershalaen,/vehrshah-lah-ehn/,1,Verb: To Despair / Lose Hope.,,,SHAL,1,0,0,Not individually reviewed in readiness audit,
Thaalaen,/thah-ahlah-ehn/,1,Verb: To Feel Awe / Wonder.,,,,1,0,0,Not individually reviewed in readiness audit,
Vaaranoraen,/vah-ahrah-noh-rah-ehn/,1,Verb: To Feel Contentment / Inner Peace.,,,,1,0,0,Not individually reviewed in readiness audit,
Vokaen,/voh-kah-ehn/,1,Verb: To Betray / Break Bond.,,,VOK,1,2,0,Not individually reviewed in readiness audit,
Veth'tharaen,/vehth'thah-rah-ehn/,1,Verb: To Feel Shame / Guilt.,,,THAR,1,0,0,Not individually reviewed in readiness audit,
Zhaeaen,/zhah-eh-ah-ehn/,1,Verb: To Feel Empathy / Sympathize.,,,,2,0,0,Not individually reviewed in readiness audit,
Vaar'kelaen,/vah-ahr'keh-lah-ehn/,1,Verb: To Feel Relief.,,,,1,0,0,Not individually reviewed in readiness audit,
Drenvokesh,/drehnvoh-kehsh/,1,Noun: Water Unity Ceremony,,,DREN; VOK; ESH,1,0,0,Not individually reviewed in readiness audit,
Eshlorien,/ehshloh-ree-ehn/,1,Noun: Wave Naming Ritual,,,ESH,1,0,0,Not individually reviewed in readiness audit,
Terrashaneth,/tehrrahshah-nehth/,1,Noun: Earth Blessing Ceremony,,,TERRA; SHAN,1,0,0,Not individually reviewed in readiness audit,
Velpralim,/vehlprah-leem/,1,Noun: Wisdom Transfer Ritual,,,SHAN; IM; VEL; PRAL,1,0,0,Not individually reviewed in readiness audit,
Kreztharim,/krehzthah-reem/,1,Noun: Fire Heart Ritual,,,IM; KREZ; THAR,1,0,0,Not individually reviewed in readiness audit,
Zhivokesh,/zhee-voh-kehsh/,1,Noun: Bond Renewal Ceremony,,,VOK; ESH,1,0,0,Not individually reviewed in readiness audit,
Dralshaneth,/drahlshah-nehth/,1,Noun: Heaven's Blessing,,,DRAL; SHAN,1,0,0,Not individually reviewed in readiness audit,
Zhirelorim,/zhee-reh-loh-reem/,1,Noun: Cosmic Coming-of-Age,,,ELOR; ZHIR; IM,3,0,0,Not individually reviewed in readiness audit,
Morlatharim,/mohrlahthah-reem/,1,Noun: Stone Heart Ceremony,,,MORL; IM; THAR,1,0,0,Not individually reviewed in readiness audit,
Velmarineth,/vehlmah-ree-nehth/,1,Noun: Elder's Blessing,,,VEL; MARIN,1,0,0,Not individually reviewed in readiness audit,
Velthaelvok,/vehlthah-ehlvohk/,1,Noun: Winter Unity Ceremony,,,THAEL; VEL; VOK,1,0,0,Not individually reviewed in readiness audit,
Drenkorath,/drehnkoh-rahth/,2,Noun: Oasis Blessing Ceremony | Noun: Sacred spring,,,KOR; ATH; DREN,2,0,0,Not individually reviewed in readiness audit,
Shalorveth,/shah-lohrvehth/,1,Noun: Shadowlight Ritual,,,SHAL; OR; VETH,1,0,0,Not individually reviewed in readiness audit,
Velterim,/vehlteh-reem/,1,Noun: Desert Passage Ceremony,,,VEL; IM,1,0,0,Not individually reviewed in readiness audit,
Krezmorath,/krehzmoh-rahth/,1,Noun: Fire Bond Ritual,,,KREZ; MOR; ATH,1,0,0,Not individually reviewed in readiness audit,
Tharvelim,/thahrveh-leem/,1,Noun: Mountain Ancestor Ritual,,,THAR; VEL; IM,1,0,0,Not individually reviewed in readiness audit,
Kalorinath,/kah-loh-ree-nahth/,1,Noun: Fortress Bonding Ceremony,,,KAL; ATH,1,0,0,Not individually reviewed in readiness audit,
Varkareth,/vahrkah-rehth/,1,"Noun: ""Metal-mover"" or ""gear-grinder""; implies reliance on machines and lack of natural warmth.",,,,1,0,0,Not individually reviewed in readiness audit,
Drenkaesh,/drehnkah-ehsh/,1,"Noun: ""Water-waster""; suggests carelessness or indulgence in water abundance.",,,,1,0,0,Not individually reviewed in readiness audit,
Tharfah,/thahrfahh/,1,"Noun: ""Weak-hearted"" or ""soft-rooted""; dismisses their gentle, nature-centric approach as sentimental.",,,,1,0,0,Not individually reviewed in readiness audit,
Krez-verin,/krehz-veh-reen/,1,"Noun: ""Fire-nothing"" or ""ash-breather""; criticizes their environment and resource scarcity.",,,,1,0,0,Not individually reviewed in readiness audit,
Eshreth,/ehshrehth/,1,"Noun: ""Sky-confused""; implies a dreamy or detached nature under the icy skies.",,,,1,0,0,Not individually reviewed in readiness audit,
Rathorkinash,/rahthohrkee-nahsh/,1,"Noun: ""Ancient-prattler""; suggests being stuck in outdated traditions and unyielding.",,,,1,0,0,Not individually reviewed in readiness audit,
Vethordrenka,/vehthohrdrehnkah/,1,"Noun: ""Shadow-water leech""; insults their reliance on hidden water resources or mysterious magic.",,,,1,0,0,Not individually reviewed in readiness audit,
Morl-karash,/mohrl-kah-rahsh/,1,"Noun: ""Stone-brained""; criticizes rigidity and stubbornness, reflective of their mountain nature.",,,,1,0,0,Not individually reviewed in readiness audit,
Verin,/veh-reen/,1,Noun: Zero,,,,1,1,0,Not individually reviewed in readiness audit,
Unar,/oo-nahr/,1,Noun: One,,,UNAR,6,2,0,Not individually reviewed in readiness audit,
Del,/dehl/,1,Noun: Two,,,DEL,2,1,0,Not individually reviewed in readiness audit,
Tren,/trehn/,1,Noun: Three,,,TREN,3,0,0,Not individually reviewed in readiness audit,
Quen,/qoo-ehn/,1,Noun: Four,,,QUEN,2,1,0,Not individually reviewed in readiness audit,
Peth,/pehth/,1,Noun: Five,,,PETH,3,1,0,Not individually reviewed in readiness audit,
Senar,/seh-nahr/,1,Noun: Six,,,SENAR,1,0,0,Not individually reviewed in readiness audit,
Sethe,/sehtheh/,1,Noun: Seven,,,SETHE,1,0,0,Not individually reviewed in readiness audit,
Oven,/oh-vehn/,1,Noun: Eight,,,OVEN,1,0,0,Not individually reviewed in readiness audit,
Nevar,/neh-vahr/,1,Noun: Nine,,,NEVAR,1,0,0,Not individually reviewed in readiness audit,
Tenar,/teh-nahr/,2,Number: Ten | Noun: Radiance / Steady glow / Visible light,,,TENAR,5,0,0,Not individually reviewed in readiness audit,
Lianeth,/lee-ahnehth/,3,Modal: Ability (Can/Able to) | Verb: Ability (Can/Able to) | Adjective: Reliable / Sound / Dependable / Accurate / True to function,,,LIAN,3,0,0,Not individually reviewed in readiness audit,
Thar-ka,/thahr-kah/,2,Modal: Desire (Want to) | Noun: Desire,,,THAR,2,0,0,Not individually reviewed in readiness audit,
Inko,/eenkoh/,1,Pronoun: We two / Us two [Dual],,,,1,0,0,Not individually reviewed in readiness audit,
Yako,/yah-koh/,1,Pronoun: You two [Dual],,,,1,0,0,Not individually reviewed in readiness audit,
Lako,/lah-koh/,1,Pronoun: They two [Dual],,,,3,0,0,Not individually reviewed in readiness audit,
Imen,/ee-mehn/,1,Pronoun: We / Us [Exclusive],,,,1,0,0,Not individually reviewed in readiness audit,
Nethor,/nehthohr/,1,"Noun: Chair, Seat",,,NETH; OR,8,0,0,Not individually reviewed in readiness audit,
Zhirin,/zhee-reen/,1,"Noun: Rope, Cord",,,ZHIR,8,0,1,Not individually reviewed in readiness audit,
Vorkor,/vohrkohr/,1,"Noun: Door, Gateway (mundane)",,,KOR,29,0,0,Not individually reviewed in readiness audit,
Kareth,/kah-rehth/,1,"Noun: Hammer, Striking Tool",,,KAR,16,0,0,Not individually reviewed in readiness audit,
Pralor,/prah-lohr/,1,"Noun: Table, Flat Surface",,,PRAL,24,0,0,Not individually reviewed in readiness audit,
Peleth,/peh-lehth/,1,"Noun: Knife, Blade",,,Pel,6,0,0,Not individually reviewed in readiness audit,
Drenvor,/drehnvohr/,1,"Noun: Bowl, Cup, Water-holder",,,DREN,20,0,0,Not individually reviewed in readiness audit,
Nethlor,/nehthlohr/,1,"Noun: Bed, Pallet, Resting-place",,,NETH,4,0,0,Not individually reviewed in readiness audit,
Shalkor,/shahlkohr/,1,"Noun: Lamp, Torch, Light Source",,,KOR; SHAL,5,0,0,Not individually reviewed in readiness audit,
Lianbelrin,/lee-ahnbehlreen/,1,"Noun: Book, Scroll, Woven Truth",,,LIAN,2,0,0,Not individually reviewed in readiness audit,
Gormeth,/gohrmehth/,1,"Adjective: Dirty, Soiled",,,GORM,1,0,0,Not individually reviewed in readiness audit,
Selineth,/seh-lee-nehth/,1,"Adjective: Clean, Pure",,,SEL,2,0,0,Not individually reviewed in readiness audit,
Maganeth,/mah-gah-nehth/,1,"Adjective: Heavy, Big, Imposing",,,,6,0,0,Not individually reviewed in readiness audit,
Feleth,/feh-lehth/,1,"Adjective: Light (weight), Small, New",,,FEL,1,0,0,Not individually reviewed in readiness audit,
Woreth,/woh-rehth/,1,"Adjective: Full, Abundant",,,WOR,2,0,0,Not individually reviewed in readiness audit,
Zun,/zoon/,1,Adjective: Empty,,,,2,0,0,Not individually reviewed in readiness audit,
Kaveth,/kah-vehth/,1,"Adjective: Old, Ancient",,,KAV,4,0,0,Not individually reviewed in readiness audit,
Vaareth,/vah-ahrehth/,1,"Adjective: Good, Peaceful, Harmonious",,,VAAR,6,0,0,Not individually reviewed in readiness audit,
Joreth,/joh-rehth/,1,"Adjective: Fast, Quick, Surging",,,JOR,2,0,0,Not individually reviewed in readiness audit,
Feneth,/feh-nehth/,1,"Adjective: Hot, Warm",,,,4,0,0,Not individually reviewed in readiness audit,
Veleth,/veh-lehth/,1,"Adjective: Cold, Cool, Slow",,,VEL,3,0,0,Not individually reviewed in readiness audit,
Praketh,/prah-kehth/,1,"Adjective: Soft, Tender",,,PRAK,2,0,0,Not individually reviewed in readiness audit,
Moreth,/moh-rehth/,1,"Adjective: Hard, Firm, Earth-like",,,MOR,5,1,0,Not individually reviewed in readiness audit,
Dreneth,/dreh-nehth/,1,"Adjective: Wet, Damp, Watery",,,DREN,2,0,0,Not individually reviewed in readiness audit,
Kadreneth,/kahdreh-nehth/,1,"Adjective: Dry, Waterless",,,Kadren,7,0,0,Not individually reviewed in readiness audit,
Belkor,/behlkohr/,1,"Noun: Tunic, Shirt",,,BEL; KOR,7,0,0,Not individually reviewed in readiness audit,
Sharbel,/shahrbehl/,1,"Noun: Pants, Leggings",,,SHARA; BEL,1,0,0,Not individually reviewed in readiness audit,
Xaresh,/xah-rehsh/,1,"Noun: Cloak, Mantle",,,XAR; ESH,7,0,0,Not individually reviewed in readiness audit,
Trakor,/trah-kohr/,1,"Noun: Shoes, Boots",,,TRAK,4,0,0,Not individually reviewed in readiness audit,
Zhirvok,/zheervohk/,1,Noun: Belt,,,ZHIR; VOK,4,0,0,Not individually reviewed in readiness audit,
Krelek,/kreh-lehk/,1,Adjective: Red,,,,2,0,0,Not individually reviewed in readiness audit,
Lunor,/loo-nohr/,1,Adjective: Blue,,,LUN,1,0,0,Not individually reviewed in readiness audit,
Verdeth,/vehrdehth/,1,Adjective: Green,,,VERD,3,0,0,Not individually reviewed in readiness audit,
Shaleth,/shah-lehth/,1,"Adjective: Yellow, Gold, Bright",,,SHAL,6,0,0,Not individually reviewed in readiness audit,
Faheth,/fah-hehth/,1,"Adjective: Black, Dark",,,FAH,2,0,0,Not individually reviewed in readiness audit,
Velek,/veh-lehk/,1,Adjective: White,,,,1,0,0,Not individually reviewed in readiness audit,
Aenaen,/ah-ehnah-ehn/,1,"Verb: To Hear, To perceive sound",,,Aen,5,0,0,Not individually reviewed in readiness audit,
Pralaen,/prah-lah-ehn/,1,"Verb: To Make, To create with care",,,Pralaen-; PRAL,44,0,2,Not individually reviewed in readiness audit,
Karethaen,/kah-rehthah-ehn/,1,"Verb: To Use, To wield a tool",,,KAR,13,0,0,Not individually reviewed in readiness audit,
Velaen,/veh-lah-ehn/,1,"Verb: To Eat, To take sustenance",,,VEL,4,0,0,Not individually reviewed in readiness audit,
Drenaen,/dreh-nah-ehn/,1,"Verb: To Drink, To take liquid",,,DREN,5,0,0,Not individually reviewed in readiness audit,
Nethaen,/nehthah-ehn/,1,"Verb: To Sit, To be at rest",,,NETH,32,0,0,Not individually reviewed in readiness audit,
Moraen,/moh-rah-ehn/,1,"Verb: To Stand, To be grounded",,,MOR,5,0,0,Not individually reviewed in readiness audit,
Vethoraen,/vehthoh-rah-ehn/,1,"Verb: To Sleep, To enter shadow",,,,4,0,0,Not individually reviewed in readiness audit,
Morthera,/mohrtheh-rah/,1,Noun: Beast of Burden,,,MOR,5,0,0,Not individually reviewed in readiness audit,
Vethral,/vehthrahl/,1,Noun: Pack Hunter,,,RAL; VETH,3,0,0,Not individually reviewed in readiness audit,
Vershara,/vehrshah-rah/,1,Noun: Prey Animal (deer-like),,,SHARA,1,0,0,Not individually reviewed in readiness audit,
Kalrath,/kahlrahth/,1,Noun: Apex Predator (solitary),,,KAL; Rath,1,0,0,Not individually reviewed in readiness audit,
Eshlin,/ehshleen/,1,Noun: Common Bird,,,ESH,4,0,0,Not individually reviewed in readiness audit,
Zhaelin,/zhah-ehleen/,1,Noun: Common Flower,,,ZHAEL,4,0,0,Not individually reviewed in readiness audit,
Thallian,/thahllee-ahn/,1,Noun: Justice (True Balance),,,THAL; LIAN,1,0,0,Not individually reviewed in readiness audit,
Sharaka,/shah-rah-kah/,1,Noun: Freedom (Path without binding),,,SHARA; KA,1,0,0,Not individually reviewed in readiness audit,
Velrathor,/vehlrahthohr/,1,Noun: Memory,,,VEL,2,0,0,Not individually reviewed in readiness audit,
Vethrin,/vehthreen/,1,Noun: Dream (Essence of shadow),,,VETH; RIN,1,0,0,Not individually reviewed in readiness audit,
Kelrin,/kehlreen/,1,Noun: Name (Essence of what is spoken),,,KEL; RIN,1,0,0,Not individually reviewed in readiness audit,
Kelka,/kehlkah/,1,Noun: Word (Particle of speech),,,KEL,3,0,1,Not individually reviewed in readiness audit,
Rathlor,/rahthlohr/,1,Noun: Danger (A place of foes),,,Rath,3,0,0,Not individually reviewed in readiness audit,
Vaarlor,/vah-ahrlohr/,1,Noun: Safety (A place of peace),,,VAAR,1,0,0,Not individually reviewed in readiness audit,
Belthal,/behlthahl/,1,Noun: Order (Woven Balance),,,BEL; THAL,2,0,1,Not individually reviewed in readiness audit,
Rethvok,/rehthvohk/,1,Noun: Chaos (A bond of confusion),,,VOK,3,0,2,Not individually reviewed in readiness audit,
Korineth,/koh-ree-nehth/,1,Noun: Handspan,,,,1,0,0,Not individually reviewed in readiness audit,
Shar,/shahr/,1,"Noun: Stride, Pace",,,,1,0,0,Not individually reviewed in readiness audit,
Kinnshara,/keennshah-rah/,1,Noun: Day's Journey,,,SHARA; Kinn,1,0,0,Not individually reviewed in readiness audit,
Kinn,/keenn/,1,Noun: Day,,,Kinn,1,1,0,Not individually reviewed in readiness audit,
Lunwek,/loonwehk/,1,Noun: Month,,,LUN; WEK,1,0,0,Not individually reviewed in readiness audit,
Tharvin-Wek,/thahrveen-wehk/,1,Noun: Year,,,WEK,1,0,0,Not individually reviewed in readiness audit,
Shen,/shehn/,3,Noun: Coinage / Currency | Measure: Unit of weight / measure | Verb: To measure / To count,,,SHEN,21,0,0,Not individually reviewed in readiness audit,
Morkal,/mohrkahl/,1,Noun: Stone-weight,,,MOR; KAL,2,0,0,Not individually reviewed in readiness audit,
Kor,/kohr/,3,Noun: Source / Strength | Measure: Unit of length / handspan measure | Noun: Center or middle; the central position or region within a bounded whole,,,KOR,2,1,0,Not individually reviewed in readiness audit,
Pral,/prahl/,3,Noun: Table | Verb: Make | Noun: Intricacy / Detail,,,PRAL,3,0,0,Not individually reviewed in readiness audit,
Vok,/vohk/,2,Noun: Unity / Bond | Verb: Betray,,,VOK,2,1,0,Not individually reviewed in readiness audit,
Eth,/ehth/,2,"Suffix: -like, -ful | Suffix: sacred act of",,,,0,2,0,Not individually reviewed in readiness audit,
Droshen,/droh-shehn/,1,Noun: Water ration,Dro + Shen,,DRO; SHEN,5,0,0,Not individually reviewed in readiness audit,
Drokav,/droh-kahv/,1,Noun: Cistern; protected water reserve,Dro + Kav,,DRO; KAV,2,0,0,Not individually reviewed in readiness audit,
Droral,/droh-rahl/,1,Noun: Water keeper; water steward,Dro + Ral,,DRO; RAL,4,0,0,Not individually reviewed in readiness audit,
Drobel,/droh-behl/,1,Noun: Water-distribution system,Dro + Bel,,DRO; BEL,5,0,0,Not individually reviewed in readiness audit,
Awekshara,/ah-wehk-shah-rah/,1,Noun: Spring-fed canal,Awek + Shara,,AWEK; SHARA,6,0,0,Not individually reviewed in readiness audit,
Mahrowek,/mahhr-oh-wehk/,1,Noun: Tide,Mahr + Wek,Mahrwek,MAHR; WEK,4,0,0,Not individually reviewed in readiness audit,
Mahrkal,/mahhr-kahl/,1,Noun: Deep-water pressure,Mahr + Kal,,MAHR; KAL,2,0,0,Not individually reviewed in readiness audit,
Drosel,/droh-sehl/,1,Noun: Clean drinking water,Dro + Sel,,DRO; SEL,4,0,0,Not individually reviewed in readiness audit,
Mahrvek,/mahhr-vehk/,1,Noun: Boat; ship; sea vessel,Mahr + Vek,,MAHR; VEK,17,0,0,Not individually reviewed in readiness audit,
Lormahr,/lohr-mahhr/,1,Noun: Seamanship; ocean navigation,Lor + Mahr,,MAHR; LOR,2,0,0,Not individually reviewed in readiness audit,
Zhelbel,/zhehl-behl/,1,Noun: Connected energy-distribution system,Zhel + Bel,,ZHEL; BEL,6,0,0,Not individually reviewed in readiness audit,
Belzhir,/behl-zheer/,1,Noun: Communications network,Bel + Zhir,,BEL; ZHIR,5,0,0,Not individually reviewed in readiness audit,
Shenlian,/shehn-lee-ahn/,1,Noun: Standard; reference measure,Shen + Lian,,SHEN; LIAN,2,0,0,Not individually reviewed in readiness audit,
Belwek,/behl-wehk/,1,Noun: Ordered recurring process,Bel + Wek,Belewek; Belowek,BEL; WEK,5,0,0,Not individually reviewed in readiness audit,
Mekral,/mehk-rahl/,1,Noun: Keeper or repairer of constructed mechanisms,Mek + Ral,,MEK; RAL,90,0,0,Not individually reviewed in readiness audit,
Verdvin,/vehrd-veen/,1,Noun: Sap; plant extract,Verd + Vin,,VERD; VIN,3,0,0,Not individually reviewed in readiness audit,
Fennilphel,/fehn-neel-phehl/,1,Noun: Herbal remedy,Fennil + Phel,,FENNIL; PHEL,7,0,0,Not individually reviewed in readiness audit,
Belverd,/behl-vehrd/,1,Noun: Joined or grafted living growth,Bel + Verd,,BEL; VERD,2,0,0,Not individually reviewed in readiness audit,
Arthverd,/ahrth-vehrd/,1,Noun: Protective living vegetation,Arth + Verd,,ARTH; VERD,2,0,0,Not individually reviewed in readiness audit,
Zhaelral,/zhah-ehl-rahl/,1,Noun: Restorative healer,Zhael + Ral,,ZHAEL; RAL,88,0,0,Not individually reviewed in readiness audit,
Velmor,/vehl-mohr/,1,Noun: Frozen ground; permafrost,Vel + Mor,,VEL; MOR,3,0,0,Not individually reviewed in readiness audit,
Xarphelor,/xahr-phehl-ohr/,1,Noun: Warmth-retaining shelter,Xar + Phel + -or,,XAR; PHEL,8,0,0,Not individually reviewed in readiness audit,
Welkrez,/wehl-krehz/,1,Noun: Shared fire; communal heat source,Wel + Krez,,WEL; KREZ,2,0,0,Not individually reviewed in readiness audit,
Velalivar,/vehl-ah-lee-vahr/,1,Noun: Preservation through cold or dormancy,Vel + Livar,Vellivar,VEL; LIVAR,2,0,0,Not individually reviewed in readiness audit,
Veljor,/vehl-johr/,1,Noun: Sudden freeze; cold snap,Vel + Jor,,VEL; JOR,5,0,0,Not individually reviewed in readiness audit,
Thalorimor,/thah-loh-reem-ohr/,1,Noun: Lightning-management structure,Thalorim + -or,,,2,0,0,Not individually reviewed in readiness audit,
Mormek,/mohr-mehk/,1,Noun: Worked stone; masonry stone,Mor + Mek,,MOR; MEK,9,0,0,Not individually reviewed in readiness audit,
Dralbelaen,/drahl-behl-ah-ehn/,1,Verb: To harness storm energy,Dral + Bel + -aen,,DRAL; BEL,2,0,0,Not individually reviewed in readiness audit,
Kalwek,/kahl-wehk/,1,Noun: Repeated strengthening or training cycle,Kal + Wek,Kalewek; Kalowek,KAL; WEK,3,0,0,Not individually reviewed in readiness audit,
Arthaxar,/ahrth-ah-xahr/,1,Noun: Armor; purpose-built protective covering,Arth + Xar,Arthxar,ARTH; XAR,5,0,0,Not individually reviewed in readiness audit,
Thalbel,/thahl-behl/,1,Noun: Codified law; legal code,Thal + Bel,,THAL; BEL,2,0,0,Not individually reviewed in readiness audit,
Liankavor,/lee-ahn-kah-vohr/,1,Noun: Archive; records repository,Lian + Kav + -or,,LIAN; KAV,9,0,0,Not individually reviewed in readiness audit,
Kavral,/kahv-rahl/,1,Noun: Keeper of preserved records or objects,Kav + Ral,,KAV; RAL,17,0,0,Not individually reviewed in readiness audit,
Kalshen,/kahl-shehn/,1,"Noun: Measured level of ability, standing, or authority",Kal + Shen,,KAL; SHEN,2,0,0,Not individually reviewed in readiness audit,
Rinshen,/reen-shehn/,1,Noun: Official identifying record,Rin + Shen,,RIN; SHEN,11,0,0,Not individually reviewed in readiness audit,
Dralshara,/drahl-shah-rah/,1,Noun: Star route; celestial path,Dral + Shara,,DRAL; SHARA,9,0,0,Not individually reviewed in readiness audit,
Eshlor,/ehsh-lohr/,1,Noun: Wind bearing; direction read from the air,Esh + Lor,,ESH; LOR,3,0,0,Not individually reviewed in readiness audit,
Karvek,/kahr-vehk/,1,Noun: Portable toolkit,Kar + Vek,,KAR; VEK,29,0,0,Not individually reviewed in readiness audit,
Sharavok,/shah-rah-vohk/,1,Noun: Traveling company; caravan,Shara + Vok,,SHARA; VOK,35,0,0,Not individually reviewed in readiness audit,
Vethdren,/vehth-drehn/,1,Noun: Concealed or subterranean water,Veth + Dren,,VETH; DREN,2,0,0,Not individually reviewed in readiness audit,
Dor,/dohr/,1,Verb: To put or place something at a location,,,DOR,56,0,0,Not individually reviewed in readiness audit,
Vekaen,/veh-kah-ehn/,1,Verb: To carry or transport while retaining responsibility for what is moved,Vek + -aen,,VEK,29,0,0,Not individually reviewed in readiness audit,
Korinaen,/kohr-ee-nah-ehn/,1,Verb: To hold or maintain a grip on,Korin + -aen,,,12,0,0,Not individually reviewed in readiness audit,
Aloraen,/ah-loh-rah-ehn/,1,Verb: To drop release downward or let fall,Alor + -aen,,ALOR,3,0,0,Not individually reviewed in readiness audit,
Kaxaraen,/kah-xah-rah-ehn/,1,Verb: To open uncover or remove a closure so access becomes possible,Ka + Xar + -aen,,KA; XAR,7,0,0,Not individually reviewed in readiness audit,
Xaraen,/xah-rah-ehn/,1,Verb: To close cover or move an opening into a shut state,Xar + -aen,,XAR,8,0,0,Not individually reviewed in readiness audit,
Jekaen,/jeh-kah-ehn/,1,Verb: To turn rotate or change facing,Jek + -aen,,JEK,7,0,0,Not individually reviewed in readiness audit,
Sharaen,/shah-rah-ehn/,1,Verb: To follow a person route sequence or instruction,Shara + -aen,,SHARA,10,0,0,Not individually reviewed in readiness audit,
Dar,/dahr/,1,Verb: To wait or pause while an event remains pending; hold on,,,DAR,26,0,0,Not individually reviewed in readiness audit,
Siv,/seev/,1,Verb: To try or attempt without presupposing the outcome,,,SIV,4,0,0,Not individually reviewed in readiness audit,
Sivathaen,/see-vath-ah-ehn/,1,Verb: To succeed or reach the intended outcome of an attempt,Siv + Ath + -aen,,SIV; ATH,2,0,0,Not individually reviewed in readiness audit,
Sivrethaen,/seev-reth-ah-ehn/,1,Verb: To fail or end an attempt without its intended outcome,Siv + Reth + -aen,Sivarethaen,SIV,3,0,0,Not individually reviewed in readiness audit,
Tharsharaen,/thahr-shah-rah-ehn/,1,Verb: To decide or choose a course by an act of will,Thar + Shara + -aen,,THAR; SHARA,6,0,0,Not individually reviewed in readiness audit,
Tharshara,/thahr-shah-rah/,1,Noun: A choice; the course selected among alternatives,Thar + Shara,,THAR; SHARA,2,0,0,Not individually reviewed in readiness audit,
Drenvaraen,/drehn-vah-rah-ehn/,1,Verb: To change alter or become meaningfully different,Dren + Var + -aen,,DREN; Var-,6,0,0,Not individually reviewed in readiness audit,
Kes,/kehs/,1,Verb: To notice or register something in awareness,,,KES,131,0,0,Not individually reviewed in readiness audit,
Velzhiraen,/vehl-zhee-rah-ehn/,1,Verb: To remember or retain a fact person event or intention in memory,Vel + Zhir + -aen,,VEL; ZHIR,7,0,0,Not individually reviewed in readiness audit,
Kavelzhiraen,/kah-vehl-zhee-rah-ehn/,1,Verb: To forget or lose access to something previously known or intended,Ka + Vel + Zhir + -aen,,KA; VEL; ZHIR,2,0,0,Not individually reviewed in readiness audit,
Athnor,/ath-nohr/,1,Particle: Already; completed by the reference time,Ath + Nor,Athanor,ATH; NOR,2,0,0,Not individually reviewed in readiness audit,
Nethnor,/neth-nohr/,1,Particle: Still; continuing to be true at the reference time,Neth + Nor,Nethanor,NETH; NOR,22,0,0,Not individually reviewed in readiness audit,
Felath,/feh-lath/,1,Particle: Almost; near realization but not complete,Fel + Ath,,FEL; ATH,2,0,0,Not individually reviewed in readiness audit,
Worlian,/wohr-lee-ahn/,1,Quantifier: Enough; sufficient for the relevant need or purpose,Wor + Lian,,WOR; LIAN,2,0,0,Not individually reviewed in readiness audit,
Rethshara,/reth-shah-rah/,1,Particle: Instead; by a substituted course or option,Reth + Shara,,SHARA,2,0,0,Not individually reviewed in readiness audit,
Servok,/sehr-vohk/,1,Particle: Together; in one company or coordinated action,Ser + Vok,,Ser-; VOK,3,0,0,Not individually reviewed in readiness audit,
Kavok,/kah-vohk/,1,Particle: Apart; separate in place company or coordinated action,Ka + Vok,,KA; VOK,4,0,0,Not individually reviewed in readiness audit,
Zhirkor,/zheer-kohr/,1,Noun: A cause; the initiating condition or event that produces an effect,Zhir + Kor,,ZHIR; KOR,2,0,0,Not individually reviewed in readiness audit,
Zhirath,/zhee-rath/,1,Noun: A result or consequence realized by prior conditions,Zhir + Ath,,ZHIR; ATH,5,0,0,Not individually reviewed in readiness audit,
Lianzhir,/lee-ahn-zheer/,1,Noun: A reason; an explanatory or justificatory connection,Lian + Zhir,,LIAN; ZHIR,2,0,0,Not individually reviewed in readiness audit,
Rethpral,/reth-prahl/,1,Noun: A mistake; an incorrect act judgment or construction,Reth + Pral,Rethapral,PRAL,5,0,0,Not individually reviewed in readiness audit,
Belreth,/behl-reth/,1,Noun: A problem; a bounded difficulty that obstructs an intended course,Bel + Reth,Belareth,BEL,3,0,0,Not individually reviewed in readiness audit,
Lianbel,/lee-ahn-behl/,1,Noun: A solution; an arrangement answer or action that resolves a problem,Lian + Bel,,LIAN; BEL,2,0,0,Not individually reviewed in readiness audit,
Rakel,/rah-kehl/,1,Interjection: Pardon? What did you say?,Ra + Kel,,RA; KEL,2,0,0,Not individually reviewed in readiness audit,
Serdel,/sehr-dehl/,1,Preposition: Between; in the interval or relation bounded by two anchors,Ser + Del,,Ser-; DEL,5,0,0,Not individually reviewed in readiness audit,
Shalvar,/shahl-vahr/,1,Preposition: Ahead of or in front of relative to facing or motion,Shal + Var,,SHAL; Var-,6,0,0,Not individually reviewed in readiness audit,
Vethvar,/veth-vahr/,1,Preposition: Behind or at the back of relative to facing or motion,Veth + Var,Vethavar,VETH; Var-,4,0,0,Not individually reviewed in readiness audit,
Shan,/shahn/,2,Verb: Passing; transfer; handoff between states | Preposition: Through or across from one side or boundary to another,,,SHAN,45,0,0,Not individually reviewed in readiness audit,
Shalnor,/shahl-nohr/,1,Preposition: Before or earlier than a reference event or time,Shal + Nor,,SHAL; NOR,12,0,0,Not individually reviewed in readiness audit,
Vethnor,/veth-nohr/,1,Preposition: After or later than a reference event or time,Veth + Nor,Vethanor,VETH; NOR,2,0,0,Not individually reviewed in readiness audit,
Sernor,/sehr-nohr/,1,Conjunction: While; during the time that another event occurs,Ser + Nor,,Ser-; NOR,2,0,0,Not individually reviewed in readiness audit,
Varnor,/vahr-nohr/,1,Preposition: Until or up to a specified time or event,Var + Nor,,Var-; NOR,2,0,0,Not individually reviewed in readiness audit,
Shem,/shehm/,1,"Noun: A handled scoop used to stir, lift, or serve food or liquid; spoon or ladle",,,SHEM,3,0,0,Not individually reviewed in readiness audit,
Krezvek,/krehz-vehk/,1,Noun: A deep heat-safe vessel used for cooking over or beside fire; cooking pot,Krez + Vek,,KREZ; VEK,4,0,0,Not individually reviewed in readiness audit,
Krezpral,/krehz-prahl/,1,Noun: A shallow or flat cooking surface heated by fire; pan or griddle,Krez + Pral,Krezapral,KREZ; PRAL,3,0,0,Not individually reviewed in readiness audit,
Emilpral,/eh-meel-prahl/,1,Noun: A flat object on which food is served or eaten; plate or serving tray,Emil + Pral,,PRAL,4,0,0,Not individually reviewed in readiness audit,
Kavvek,/kahv-vehk/,1,"Noun: A closable vessel used to store and preserve food, liquid, or small materials; jar",Kav + Vek,Kavavek,KAV; VEK,15,0,0,Not individually reviewed in readiness audit,
Eshpral,/ehsh-prahl/,1,Noun: A raised flat support surface used to hold household objects; shelf,Esh + Pral,Eshapral,ESH; PRAL,2,0,0,Not individually reviewed in readiness audit,
Xarvek,/xahr-vehk/,1,"Noun: An enclosed household storage container; chest, cupboard, or cabinet",Xar + Vek,,XAR; VEK,14,0,0,Not individually reviewed in readiness audit,
Rask,/rahsk/,1,Noun: Animal skin or removed raw hide before preparation as leather,,,RASK,5,0,0,Not individually reviewed in readiness audit,
Mekrask,/mehk-rahsk/,1,"Noun: Prepared hide made durable for clothing, straps, containers, or coverings; leather",Mek + Rask,,RASK; MEK,3,0,0,Not individually reviewed in readiness audit,
Lem,/lehm/,1,Noun: Fine mineral earth that becomes plastic and shapeable when wet; clay,,,LEM,3,0,0,Not individually reviewed in readiness audit,
Lemath,/leh-mahth/,1,Noun: Clay transformed into a hard durable material by firing; fired clay or ceramic,Lem + -ath,,LEM,2,0,0,Not individually reviewed in readiness audit,
Selmek,/sehl-mehk/,1,Noun: A hard clear manufactured material that transmits light; glass,Sel + Mek,,SEL; MEK,3,0,0,Not individually reviewed in readiness audit,
Tir,/teer/,1,Noun: Copper; the reddish workable elemental metal,,,TIR,2,0,0,Not individually reviewed in readiness audit,
Tirkal,/teer-kahl/,1,Noun: Bronze; the hardened copper-based alloy used for tools vessels fittings or ornament,Tir + Kal,,TIR; KAL,4,0,0,Not individually reviewed in readiness audit,
Aiv,/ah-eev/,1,Noun: Bodily pain or physical hurting without specifying its cause or intensity,,,AIV,39,0,0,Not individually reviewed in readiness audit,
Aivaen,/ah-ee-vah-ehn/,1,Verb: To ache or hurt with a dull continuing bodily pain,Aiv + -aen,,AIV,5,0,0,Not individually reviewed in readiness audit,
Pelaivaen,/pehl-ah-ee-vah-ehn/,1,"Verb: To sting; to produce or experience sudden, sharp, localized pain",Pel + Aiv + -aen,,AIV; Pel,2,0,0,Not individually reviewed in readiness audit,
Rekaivaen,/reh-kah-ee-vah-ehn/,1,"Verb: To burn bodily; to produce or experience hot, searing, or irritating pain",Rek + Aiv + -aen,,AIV; REK,2,0,0,Not individually reviewed in readiness audit,
Teshaen,/teh-shah-ehn/,1,Verb: To itch; to produce or experience surface irritation that urges rubbing or scratching,Tesh + -aen,,TESH,2,0,0,Not individually reviewed in readiness audit,
Rivaen,/ree-vah-ehn/,1,"Verb: To shiver or tremble in small involuntary motions from cold, fear, illness, or strain",Riv + -aen,,RIV,2,0,0,Not individually reviewed in readiness audit,
Jelaen,/jeh-lah-ehn/,1,Verb: To taste; to perceive or examine flavor through the mouth,Jel + -aen,,JEL,3,0,0,Not individually reviewed in readiness audit,
Kelvorthamaen,/kehl-vohr-thah-mah-ehn/,1,Verb: To chew; to crush food repeatedly in the mouth before swallowing,Kelvor + Tham + -aen,,THAM,3,0,0,Not individually reviewed in readiness audit,
Feldrenaen,/fehl-dreh-nah-ehn/,1,Verb: To drip; for liquid to fall or emerge in small separated drops,Fel + Dren + -aen,,FEL; DREN,2,0,0,Not individually reviewed in readiness audit,
Pelvokaen,/pehl-voh-kah-ehn/,1,Verb: To snap; to break suddenly with a sharp crack,Pel + Vok + -aen,,Pel; VOK,4,0,0,Not individually reviewed in readiness audit,
Selpralaen,/sehl-prah-lah-ehn/,1,Verb: To polish; to rub or work a surface until it becomes smooth clean or reflective,Sel + Pral + -aen,,SEL; PRAL,8,0,0,Not individually reviewed in readiness audit,
Pelvaraen,/pehl-vah-rah-ehn/,1,Verb: To scrape; to drag a hard or sharp edge across a surface to abrade it or remove material,Pel + Var + -aen,,Pel; Var-,2,0,0,Not individually reviewed in readiness audit,
Zem,/zehm/,1,Noun: Wood or timber as a workable material separated conceptually from a living tree,,,ZEM,6,0,0,Not individually reviewed in readiness audit,
Kren,/krehn/,1,Noun: Metal as a general class of hard workable material without specifying a particular metal,,,KREN,6,0,0,Not individually reviewed in readiness audit,
Drentalaen,/drehn-tah-lah-ehn/,1,Verb: To pour; to transfer liquid deliberately in a directed stream,Dren + Tal + -aen,Drenatalaen,DREN; TAL,3,0,0,Not individually reviewed in readiness audit,
Jekthamaen,/jehk-thah-mah-ehn/,1,Verb: To stir or mix a soft or liquid substance by repeated circular movement,Jek + Tham + -aen,Jekathamaen,JEK; THAM,3,0,0,Not individually reviewed in readiness audit,
Drenselaen,/drehn-seh-lah-ehn/,1,Verb: To wash or rinse something with liquid so grime or residue is removed,Dren + Sel + -aen,,DREN; SEL,18,0,0,Not individually reviewed in readiness audit,
Numaen,/noo-mah-ehn/,1,"Verb: To swallow; to move food, liquid, medicine, or saliva from the mouth through the throat",Num + -aen,,NUM,4,0,0,Not individually reviewed in readiness audit,
Nolaen,/noh-lah-ehn/,1,Verb: To smell; to perceive or examine a scent through the nose,Nol + -aen,,NOL,2,0,0,Not individually reviewed in readiness audit,
Tovaen,/toh-vah-ehn/,1,Verb: To touch or perceive through bodily contact without implying that the object is held,Tov + -aen,,TOV,3,0,0,Not individually reviewed in readiness audit,
Emilrav,/eh-meel-rahv/,1,Noun: Hunger; the bodily pull or need for food,Emil + Rav,Emilarav,RAV,2,0,0,Not individually reviewed in readiness audit,
Drorav,/droh-rahv/,1,Noun: Thirst; the bodily pull or need for drinking water or other liquid,Dro + Rav,,DRO; RAV,2,0,0,Not individually reviewed in readiness audit,
Felkal,/fehl-kahl/,1,Noun: Bodily fatigue or tiredness; a temporary state of diminished strength and need for rest,Fel + Kal,,FEL; KAL,2,0,0,Not individually reviewed in readiness audit,
Maveth,/mah-vehth/,1,Adjective: Sick or ill; affected by a disturbance of bodily health rather than a single injury,Mav + -eth,,MAV,3,0,0,Not individually reviewed in readiness audit,
Aivkor,/ah-eev-kohr/,1,Noun: A bounded bodily wound or injured place; localized physical damage rather than pain itself,Aiv + Kor,Aivakor,AIV; KOR,24,0,0,Not individually reviewed in readiness audit,
Tesh,/tehsh/,1,Noun: An itch or localized surface irritation that creates an urge to rub or scratch,,,TESH,2,0,0,Not individually reviewed in readiness audit,
Riv,/reev/,1,Noun: A shiver or small involuntary tremor of the body,,,RIV,3,0,0,Not individually reviewed in readiness audit,
Num,/noom/,1,Noun: A swallow; one act of moving something from the mouth through the throat,,,NUM,2,0,0,Not individually reviewed in readiness audit,
Nol,/nohl/,1,Noun: The sense or perception of smell; the capacity to perceive scent,,,NOL,2,0,0,Not individually reviewed in readiness audit,
Tov,/tohv/,1,Noun: A touch or instance of physical contact without continued holding,,,TOV,2,0,0,Not individually reviewed in readiness audit,
Mav,/mahv/,1,Noun: Sickness or illness as a disturbance of bodily health,,,MAV,6,0,0,Not individually reviewed in readiness audit,
Norzhir,/nor-zheer/,1,Noun: A timeline; one continuous thread of causally connected events,Nor + Zhir,,NOR; ZHIR,6,0,0,Not individually reviewed in readiness audit,
Thalnor,/thahl-nor/,1,Noun: Temporal stability; time proceeding in a coherent internally consistent flow,Thal + Nor,,THAL; NOR,2,0,0,Not individually reviewed in readiness audit,
Norreth,/nor-rehth/,1,Noun: Temporal instability in which the order or continuity of events is unreliable,Nor + Reth,,NOR,2,0,0,Not individually reviewed in readiness audit,
Normav,/nor-mahv/,1,Noun: Timeline sickness; illness caused by damaged or conflicting temporal continuity,Nor + Mav,,NOR; MAV,2,0,0,Not individually reviewed in readiness audit,
Normaveth,/nor-mah-vehth/,1,Adjective: Afflicted by timeline sickness or showing its characteristic temporal symptoms,Normav + -eth,,,2,0,0,Not individually reviewed in readiness audit,
Xilnor,/xeel-nor/,1,Noun: A temporal fracture; a break in the continuity of a timeline,Xil + Nor,,XIL; NOR,2,0,0,Not individually reviewed in readiness audit,
Felnor,/fehl-nor/,1,Noun: A time skip; a missing interval that is not experienced although events continue beyond it,Fel + Nor,,FEL; NOR,2,0,0,Not individually reviewed in readiness audit,
Delnor,/dehl-nor/,1,Noun: Temporal overlap; two distinct time states occupying the same place or experience,Del + Nor,,DEL; NOR,2,0,0,Not individually reviewed in readiness audit,
Rethweknor,/rehth-wehk-nor/,1,Noun: An involuntary time loop in which an interval recursively repeats without completing normally,Reth + Weknor,Retheweknor,,2,0,0,Not individually reviewed in readiness audit,
Jornor,/jor-nor/,1,Noun: A temporal surge in which time passes abnormally fast relative to its surroundings,Jor + Nor,,JOR; NOR,2,0,0,Not individually reviewed in readiness audit,
Velnor,/vehl-nor/,1,Noun: Temporal drag in which time passes abnormally slowly relative to its surroundings,Vel + Nor,,VEL; NOR,2,0,0,Not individually reviewed in readiness audit,
Norshan,/nor-shahn/,1,Noun: Temporal displacement; movement of a person object or place away from its proper time or timeline,Nor + Shan,,NOR; SHAN,2,0,0,Not individually reviewed in readiness audit,
Norshanaen,/nor-shah-nah-ehn/,1,Verb: To become temporally displaced or be shifted into another time position or timeline,Norshan + -aen,,,2,0,0,Not individually reviewed in readiness audit,
Thalnoraen,/thahl-noh-rah-ehn/,1,Verb: To stabilize temporal flow and restore coherent event order,Thal + Nor + -aen,,THAL; NOR,2,0,0,Not individually reviewed in readiness audit,
Vethvelrathor,/vehth-vehl-rah-thor/,1,Noun: An Echo; a residual memory-pattern of a soul or entity that repeats without thought intention or agency,Veth + Velrathor,Vethavelrathor,VETH,2,0,0,Not individually reviewed in readiness audit,
Shanvelrathor,/shahn-vehl-rah-thor/,1,Noun: An authentic memory that crossed from another timeline into the present rememberer,Shan + Velrathor,,SHAN,2,0,0,Not individually reviewed in readiness audit,
Shanvelzhiraen,/shahn-vehl-zhee-rah-ehn/,1,Verb: To experience or recall an authentic memory originating in another timeline,Shan + Velzhiraen,,SHAN,2,0,0,Not individually reviewed in readiness audit,
Delvelrathor,/dehl-vehl-rah-thor/,1,Noun: The simultaneous possession of two incompatible memories of the same personal event,Del + Velrathor,,DEL,2,0,0,Not individually reviewed in readiness audit,
Belvelrathor,/behl-vehl-rah-thor/,1,Noun: Memory entanglement in which memories from distinct lives or timelines become joined and difficult to separate,Bel + Velrathor,,BEL,2,0,0,Not individually reviewed in readiness audit,
Rathorjor,/rah-thor-jor/,1,Noun: A sudden involuntary memory intrusion or vivid burst of remembered experience,Rathor + Jor,,JOR,2,0,0,Not individually reviewed in readiness audit,
Kavelrathor,/kah-vehl-rah-thor/,1,Noun: A memory gap; a bounded part of personal experience from which memory is absent,Ka + Velrathor,,KA,2,0,0,Not individually reviewed in readiness audit,
Lianreth,/lee-ahn-rehth/,1,Noun: A reality anomaly; a condition in which ordinarily reliable physical or temporal laws become incoherent,Lian + Reth,,LIAN,2,0,0,Not individually reviewed in readiness audit,
Lianrethor,/lee-ahn-reh-thor/,1,Noun: A localized anomaly zone within which reality behaves incoherently,Lianreth + Or,,OR,10,0,0,Not individually reviewed in readiness audit,
Lianrethaen,/lee-ahn-reh-thah-ehn/,1,Verb: For reality or physical law to warp and become locally incoherent,Lianreth + -aen,,,2,0,0,Not individually reviewed in readiness audit,
Lianthal,/lee-ahn-thahl/,1,Noun: Reality coherence; the stable agreement of physical spatial and temporal law,Lian + Thal,,LIAN; THAL,2,0,0,Not individually reviewed in readiness audit,
Lianthalaen,/lee-ahn-thah-lah-ehn/,1,Verb: To stabilize an anomaly by restoring coherent physical spatial and temporal law,Lian + Thal + -aen,,LIAN; THAL,2,0,0,Not individually reviewed in readiness audit,
Rethmor,/rehth-mor/,1,Noun: Anomalously rearranged terrain whose shape or material relations no longer follow ordinary geography,Reth + Mor,Rethamor,MOR,2,0,0,Not individually reviewed in readiness audit,
Lianrethxar,/lee-ahn-rehth-xahr/,1,Noun: The perceptible boundary or enclosing edge of a localized reality anomaly,Lianreth + Xar,Lianrethaxar,XAR,2,0,0,Not individually reviewed in readiness audit,
Kalrav,/kahl-rahv/,1,Noun: Gravity; the physical force by which bodies and matter draw or press toward a mass or direction,Kal + Rav,,KAL; RAV,3,0,0,Not individually reviewed in readiness audit,
Kalravor,/kahl-rah-vor/,1,Noun: A localized gravitational pocket with a pull distinct from the surrounding area,Kalrav + Or,,OR,5,0,0,Not individually reviewed in readiness audit,
Workalrav,/wor-kahl-rahv/,1,Noun: High gravity; gravitational pull substantially stronger than the surrounding norm,Wor + Kalrav,,WOR,2,0,0,Not individually reviewed in readiness audit,
Felkalrav,/fehl-kahl-rahv/,1,Noun: Low gravity; gravitational pull substantially weaker than the surrounding norm,Fel + Kalrav,,FEL,2,0,0,Not individually reviewed in readiness audit,
Kakalrav,/kah-kahl-rahv/,1,Noun: Weightlessness caused by the local absence or cancellation of gravitational pull,Ka + Kalrav,,KA,2,0,0,Not individually reviewed in readiness audit,
Jekkalrav,/jehk-kahl-rahv/,1,Noun: Gravitational sway; repeated or unstable changes in the direction of local gravity,Jek + Kalrav,Jekakalrav,JEK,2,0,0,Not individually reviewed in readiness audit,
Kalravaen,/kahl-rah-vah-ehn/,1,Verb: To exert gravitational pull or draw matter through a physical gravitational field,Kalrav + -aen,,,2,0,0,Not individually reviewed in readiness audit,
Lianrethshen,/lee-ahn-rehth-shehn/,2,Measure: An anomaly reading; a measured value describing the intensity or instability of a reality anomaly | Noun: An anomaly reading; a measured value describing the intensity or instability of a reality anomaly,Lianreth + Shen,Lianrethashen,SHEN,2,0,0,Not individually reviewed in readiness audit,
Vaarshen,/vahr-shehn/,2,Measure: A safe clearance distance established between a hazard and an unprotected person or place | Noun: A safe clearance distance established between a hazard and an unprotected person or place,Vaar + Shen,,VAAR; SHEN,2,0,0,Not individually reviewed in readiness audit,
Keldoraen,/kehl-doh-rah-ehn/,2,Verb: To mark a location by deliberately placing a sign name or warning indicator there | Verb: To write or inscribe visible language on a surface,Kel + Dor + -aen,,KEL; DOR,10,0,0,Not individually reviewed in readiness audit,
Kasharaen,/kah-shah-rah-ehn/,1,Verb: To avoid or route around a known person object place or hazard so it does not enter one's path,Ka + Shara + -aen,,KA; SHARA,3,0,0,Not individually reviewed in readiness audit,
Belkoraen,/behl-koh-rah-ehn/,1,Verb: To anchor a person object or place to a stable reference so displacement is resisted,Bel + Kor + -aen,,BEL; KOR,2,0,0,Not individually reviewed in readiness audit,
Balpral,/bahl-prahl/,1,Noun: Agriculture or farming as the skilled practice of deliberately raising useful living growth,Bal growth + Pral skilled craft,Balapral,BAL; PRAL,2,0,0,Not individually reviewed in readiness audit,
Balral,/bahl-rahl/,1,Noun: Farmer or cultivator; a person responsible for raising crops,Bal growth + Ral caretaker,Balaral,BAL; RAL,21,0,0,Not individually reviewed in readiness audit,
Pralbal,/prahl-bahl/,1,Noun: A crop; living growth deliberately cultivated for later harvest,Pral deliberate skilled making + Bal growth,Pralabal,PRAL; BAL,4,0,0,Not individually reviewed in readiness audit,
Balpralaen,/bahl-prahl-ah-ehn/,1,Verb: To cultivate; to tend living growth deliberately toward a useful harvest,Bal growth + Pral skilled practice + -aen,Balapralaen,BAL; PRAL,3,0,0,Not individually reviewed in readiness audit,
Drobalaen,/droh-bahl-ah-ehn/,1,Verb: To irrigate; to supply cultivated growth or land with deliberately directed physical water,Dro physical water + Bal growth + -aen,,DRO; BAL,2,0,0,Not individually reviewed in readiness audit,
Sov,/sohv/,1,Noun: A bounded cultivated field or working plot of land,,,SOV,15,0,0,Not individually reviewed in readiness audit,
Brossov,/brohs-sohv/,1,Noun: An agricultural terrace; a cultivated plot formed as one level in a stepped slope,Bros layering + Sov cultivated plot,Brosasov,SOV; BROS,2,0,0,Not individually reviewed in readiness audit,
Verdsov,/vehrd-sohv/,1,"Noun: A garden; a cultivated plot primarily containing herbs, vegetables, flowers, or mixed plants",Verd botanical growth + Sov cultivated plot,Verdasov,SOV; VERD,4,0,0,Not individually reviewed in readiness audit,
Vilorsov,/vee-lohr-sohv/,1,Noun: An orchard or fruit grove; a cultivated plot of fruit-bearing perennial plants,Vilor small fruit or berry essence + Sov cultivated plot,,SOV; VILOR,2,0,0,Not individually reviewed in readiness audit,
Kesbrenaen,/kehs-brehn-ah-ehn/,1,Verb: To forage; to search attentively for and gather naturally occurring food or useful plants,Kes attentive noticing + Bren gathering or harvest + -aen,Kesabrenaen,KES; BREN,3,0,0,Not individually reviewed in readiness audit,
Gavaen,/gah-vah-ehn/,1,Verb: To hunt; to track and pursue living quarry for capture or killing,Gav living-quarry pursuit + -aen,,GAV,2,0,0,Not individually reviewed in readiness audit,
Gavral,/gahv-rahl/,1,Noun: A hunter; a person practiced in tracking and pursuing living quarry,Gav living-quarry pursuit + Ral watcher or practitioner,Gavaral,GAV; RAL,10,0,0,Not individually reviewed in readiness audit,
Nesh,/nehsh/,1,"Noun: An aquatic creature; in ordinary unmarked use, especially a fish",,,NESH,13,0,0,Not individually reviewed in readiness audit,
Neshbrenaen,/nehsh-brehn-ah-ehn/,1,Verb: To fish or harvest aquatic creatures from water,Nesh aquatic creature + Bren harvest + -aen,Neshabrenaen,NESH; BREN,2,0,0,Not individually reviewed in readiness audit,
Neshbrenral,/nehsh-brehn-rahl/,1,Noun: A fisher or aquatic harvester; a person whose regular work is catching aquatic creatures,Nesh aquatic creature + Bren harvest + Ral practitioner,,NESH; BREN; RAL,6,0,0,Not individually reviewed in readiness audit,
Xarnesh,/xahr-nehsh/,1,Noun: Shellfish; an aquatic creature distinguished by a hard protective outer covering,Xar protective covering + Nesh aquatic creature,,NESH; XAR,2,0,0,Not individually reviewed in readiness audit,
Mahrfennil,/mahhr-fehn-neel/,1,Noun: Seaweed; edible or useful marine plantlike growth,"Mahr ocean + Fennil leaf, herb, or soft greens",,MAHR; FENNIL,2,0,0,Not individually reviewed in readiness audit,
Zor,/zohr/,1,Noun: An animal or beast; the ordinary general category of animal life,,,ZOR,8,0,0,Not individually reviewed in readiness audit,
Belzor,/behl-zohr/,1,"Noun: Livestock; domesticated animals held under continuing human care for food, materials, labor, or transport",Bel maintained bond or system + Zor animal,Belazor,ZOR; BEL,9,0,0,Not individually reviewed in readiness audit,
Belzoraen,/behl-zohr-ah-ehn/,1,Verb: To herd; to keep domesticated animals together and direct their movement or care,Bel bind or coordinate + Zor animal + -aen,Belazoraen,ZOR; BEL,2,0,0,Not individually reviewed in readiness audit,
Belzorral,/behl-zohr-rahl/,1,Noun: A herder or shepherd; a person responsible for livestock,Belzor livestock + Ral caretaker,Belzoraral,ZOR; RAL,6,0,0,Not individually reviewed in readiness audit,
Zordren,/zohr-drehn/,1,Noun: Milk; nourishing liquid naturally produced by an animal,Zor animal + Dren life-bearing liquid,,ZOR; DREN,2,0,0,Not individually reviewed in readiness audit,
Zordrenvinaen,/zohr-drehn-veen-ah-ehn/,1,Verb: To milk; to draw milk from an animal,Zor animal + Dren liquid + Vin extraction + -aen,,ZOR; DREN; VIN,2,0,0,Not individually reviewed in readiness audit,
Felverd,/fehl-vehrd/,1,Noun: Moss; dense low-growing mats of very small plant growth,Fel smallness + Verd botanical growth,,FEL; VERD,3,0,0,Not individually reviewed in readiness audit,
Morlverd,/mohrl-vehrd/,1,"Noun: Lichen; slow surface growth characteristically attached to stone, bark, or similarly hard material",Morl stone or endurance + Verd botanical growth,Morlaverd,MORL; VERD,2,0,0,Not individually reviewed in readiness audit,
Nelar,/neh-lahr/,1,"Noun: Nectar; a sweet liquid naturally produced by a plant, especially in flowers, that may be gathered as food",,,NELAR,2,0,0,Not individually reviewed in readiness audit,
Zornelar,/zohr-neh-lahr/,1,Noun: Honey; nectar gathered and transformed by an animal into a dense stored sweet food,Zor animal + Nelar nectar,,NELAR; ZOR,3,0,0,Not individually reviewed in readiness audit,
Jelkor,/jehl-kohr/,1,Noun: Spice or seasoning; a concentrated source of flavor added in a relatively small amount,Jel flavor or zest + Kor concentrated source or core,,JEL; KOR,5,0,0,Not individually reviewed in readiness audit,
Fennildren,/fehn-neel-drehn/,1,Noun: Tea or herbal infusion; a drink made by steeping plant material in water,Fennil leaf or herb + Dren liquid,Fenniladren,FENNIL; DREN,4,0,0,Not individually reviewed in readiness audit,
Emildren,/eh-meel-drehn/,1,Noun: A beverage; prepared liquid intended for drinking,Emil food or meal + Dren liquid,Emiladren,DREN,4,0,0,Not individually reviewed in readiness audit,
Saren,/sah-rehn/,1,"Noun: Wheat; the cultivated cereal whose kernels are commonly ground into flour for bread, porridge, and other foods",,,SAREN,5,0,0,Not individually reviewed in readiness audit,
Fellak,/fehl-lahk/,1,Noun: Flour or grain meal; grain reduced to a fine dry powder for cooking,Fel fineness or smallness + Lak grain substance,,FEL; LAK,2,0,0,Not individually reviewed in readiness audit,
Drenfellak,/drehn-fehl-lahk/,1,Noun: Dough; a workable mixture whose main structure comes from flour combined with water or another liquid,Dren liquid + Fellak flour,,DREN,5,0,0,Not individually reviewed in readiness audit,
Olan,/oh-lahn/,1,"Noun: Oil; a viscous water-resistant liquid or softened fatty substance derived from plants, animals, minerals, or manufacture",,,OLAN,2,0,0,Not individually reviewed in readiness audit,
Emilolan,/eh-meel-oh-lahn/,1,Noun: Cooking or edible oil; oil prepared and considered safe for use in food,Emil food + Olan oil,,OLAN,2,0,0,Not individually reviewed in readiness audit,
Morolan,/mohr-oh-lahn/,1,Noun: Fat; an energy-rich bodily or food substance that is normally solid or semi-solid rather than freely flowing like oil,Mor physical matter + Olan oily substance,,OLAN; MOR,2,0,0,Not individually reviewed in readiness audit,
Pralfel,/prahl-fehl/,1,"Noun: An ingredient; one selected component combined with others in preparing food, drink, medicine, or another mixture",Pral deliberate making + Fel constituent portion,,PRAL; FEL,2,0,0,Not individually reviewed in readiness audit,
Emilshara,/eh-meel-shah-rah/,1,"Noun: A recipe; repeatable instructions, sequence, and proportions for preparing food or drink",Emil food or meal + Shara path or ordered course,,SHARA,2,0,0,Not individually reviewed in readiness audit,
Emilpralaen,/eh-meel-prahl-ah-ehn/,1,"Verb: To cook; to deliberately transform food into an edible or desired prepared state, especially through heat",Emil food + Pral skilled making + -aen,,PRAL,2,0,0,Not individually reviewed in readiness audit,
Xarkrezaen,/xahr-krehz-ah-ehn/,1,Verb: To bake; to cook food through sustained dry heat retained around it in an oven or comparable enclosure,Xar enclosure + Krez heat + -aen; food is supplied by the lexical meaning and context,Xarakrezaen,XAR; KREZ,2,0,0,Not individually reviewed in readiness audit,
Krezdrenaen,/krehz-drehn-ah-ehn/,1,"Verb: To boil; to heat a liquid until it bubbles vigorously, or to cook something in that liquid",Krez heat + Dren liquid + -aen,,KREZ; DREN,2,0,0,Not individually reviewed in readiness audit,
Eshkrezaen,/ehsh-krehz-ah-ehn/,1,Verb: To roast; to cook an exposed solid food through sustained dry heat surrounding or radiating toward it,Esh open air + Krez heat + -aen; food is supplied by the lexical meaning and context,,ESH; KREZ,2,0,0,Not individually reviewed in readiness audit,
Pelkrezaen,/pehl-krehz-ah-ehn/,1,"Verb: To grill or sear; to cook food against direct concentrated heat so its surface browns, chars, or forms a crust",Pel sharp concentration + Krez heat + -aen; food is supplied by the lexical meaning and context,Pelakrezaen,Pel; KREZ,2,0,0,Not individually reviewed in readiness audit,
Olankrezaen,/oh-lahn-krehz-ah-ehn/,1,Verb: To fry; to cook food through direct contact with heated oil or fat,Olan oil + Krez heat + -aen; food is supplied by the lexical meaning and context,Olanakrezaen,OLAN; KREZ,2,0,0,Not individually reviewed in readiness audit,
Eshdrenaen,/ehsh-drehn-ah-ehn/,1,Verb: To steam food; to cook food through contact with heated water vapor without immersing it in liquid,Esh air or vapor + Dren water + -aen; food is supplied by the lexical meaning and context,Eshadrenaen,ESH; DREN,2,0,0,Not individually reviewed in readiness audit,
Felthamaen,/fehl-thah-mah-ehn/,1,Verb: To grind; to reduce a dry material to small particles or powder through repeated crushing or abrasion,Fel smallness + Tham structural breakdown + -aen,,FEL; THAM,3,0,0,Not individually reviewed in readiness audit,
Pelaen,/pehl-ah-ehn/,1,"Verb: To cut or slice with a sharp edge, without specifying the particular tool or shape of the resulting pieces",Pel sharpness or cutting edge + -aen,,Pel,6,0,0,Not individually reviewed in readiness audit,
Drenpralaen,/drehn-prahl-ah-ehn/,1,"Verb: To brew; to prepare a drink by steeping, heating, fermenting, or a deliberate combination of those processes",Dren liquid or drink + Pral skilled making + -aen,Drenapralaen,DREN; PRAL,3,0,0,Not individually reviewed in readiness audit,
Seldrenvinaen,/sehl-drehn-veen-ah-ehn/,1,Verb: To distill; to purify or concentrate a liquid by vaporizing it and collecting the condensed result,Sel purity + Dren liquid + Vin extraction + -aen,Seladrenvinaen,SEL; DREN; VIN,2,0,0,Not individually reviewed in readiness audit,
Balemilaen,/bahl-eh-meel-ah-ehn/,1,Verb: To ferment; to transform food or drink through controlled activity of living cultures,Bal living growth + Emil food or drink + -aen,,BAL,2,0,0,Not individually reviewed in readiness audit,
Mura,/moo-rah/,1,Noun: Smoke; airborne gases and fine particles produced by combustion,,,MURA,5,0,0,Not individually reviewed in readiness audit,
Muraen,/moo-rah-ehn/,1,"Verb: To smoke or smoke-treat something; especially to expose food deliberately to smoke for flavor, drying, or preservation",Mura smoke + -aen,,MURA,2,0,0,Not individually reviewed in readiness audit,
Vindrenaen,/veen-drehn-ah-ehn/,1,Verb: To dehydrate or deliberately dry something by extracting enough moisture to slow spoilage or change its use,Vin extraction + Dren water + -aen,Vinadrenaen,VIN; DREN,2,0,0,Not individually reviewed in readiness audit,
Livaraen,/lee-vahr-ah-ehn/,1,"Verb: To cure or preserve food through salt, drying, smoke, fermentation, or another controlled anti-decay treatment",Livar preservation or anti-decay + -aen,,LIVAR,2,0,0,Not individually reviewed in readiness audit,
Vellivaraen,/vehl-lee-vahr-ah-ehn/,1,Verb: To preserve food or another perishable substance through freezing or sustained cold storage,Vel cold stillness + Livar preservation + -aen,Velalivaraen,VEL; LIVAR,2,0,0,Not individually reviewed in readiness audit,
Zhaeleth,/zhah-eh-leth/,1,"Adjective: Fresh; recently gathered, produced, or prepared and still retaining its expected original quality","Zhael bloom, renewal, or recent opening + -eth",,ZHAEL,2,0,0,Not individually reviewed in readiness audit,
Ruvan,/roo-vahn/,2,"Noun: Moral institutional or social corruption understood as living rot spreading through a community or organized system | Noun: Rot or organic spoilage; uncontrolled biological decay that degrades food, tissue, or other once-living material",,,RUVAN,4,0,0,Not individually reviewed in readiness audit,
Ruvanaen,/roo-vahn-ah-ehn/,1,"Verb: To rot or spoil through uncontrolled organic decay until quality, structure, or safety is lost",Ruvan organic decay + -aen,,RUVAN,2,0,0,Not individually reviewed in readiness audit,
Ruvaneth,/roo-vah-neth/,1,Adjective: Rotten or spoiled; substantially degraded by organic decay and no longer sound for its expected use,Ruvan organic decay + -eth,,RUVAN,3,0,0,Not individually reviewed in readiness audit,
Emilpraleth,/eh-meel-prah-leth/,1,Adjective: Cooked; deliberately transformed into a prepared food state by heat or an equivalent culinary process,Emil food + Pral deliberate preparation + -eth,,PRAL,3,0,0,Not individually reviewed in readiness audit,
Kaemilpraleth,/kah-eh-meel-prah-leth/,1,"Adjective: Raw or uncooked; not yet transformed by cooking, without implying that the food is unsafe or unfinished",Ka absence + Emilpraleth cooked,,KA,2,0,0,Not individually reviewed in readiness audit,
Talemilaen,/tahl-eh-meel-ah-ehn/,1,"Verb: To feed; to give or provide food to another person, animal, or living being",Tal give or offer + Emil food + -aen,,TAL,2,0,0,Not individually reviewed in readiness audit,
Gav,/gahv/,1,Noun: A hunt; the purposeful pursuit of living quarry,,,GAV,2,0,0,Not individually reviewed in readiness audit,
Belxar,/behl-xahr/,1,"Noun: Clothing or a garment; an object deliberately worn on the body for coverage, protection, work, identity, or custom",Bel woven or bound construction + Xar covering,,BEL; XAR,6,0,0,Not individually reviewed in readiness audit,
Belxaraen,/behl-xahr-ah-ehn/,1,Verb: To wear clothing or another garment as an ongoing bodily covering,Belxar garment + -aen,,,12,0,0,Not individually reviewed in readiness audit,
Velbelxar,/vehl-behl-xahr/,1,Noun: A heavy coat; a substantial sleeved outer garment made to retain warmth and resist severe weather,Vel cold endurance + Belxar garment,,VEL,5,0,0,Not individually reviewed in readiness audit,
Eshtrakor,/ehsh-trah-kohr/,1,Noun: A sandal; open or highly ventilated footwear that protects the sole while leaving much of the foot exposed,Esh air or openness + Trakor footwear,,ESH,2,0,0,Not individually reviewed in readiness audit,
Velpraltrakor,/vehl-prahl-trah-kohr/,1,Noun: A snowshoe; broad foot-worn frame or platform that spreads weight and limits sinking into snow,Vel cold + Pral flat working surface + Trakor footwear,Velpralatrakor,VEL; PRAL,2,0,0,Not individually reviewed in readiness audit,
Pelveltrakor,/pehl-vehl-trah-kohr/,1,Noun: An ice skate; foot-worn runner or blade made for controlled gliding across ice,Pel sharp edge + Vel ice or cold + Trakor footwear,Pelvelatrakor,Pel; VEL,2,0,0,Not individually reviewed in readiness audit,
Lorinorxar,/loh-ree-nohr-xahr/,1,"Noun: A head covering, including a wrapped cloth, cap, hat, or other covering whose primary function is worn coverage of the head",Lorinor head + Xar covering,,XAR,2,0,0,Not individually reviewed in readiness audit,
Rema,/reh-mah/,1,Noun: The face; the visible front of the head containing the principal social and sensory features,,,REMA,4,0,0,Not individually reviewed in readiness audit,
Remaxar,/reh-mah-xahr/,1,"Noun: A face covering or mask worn over the mouth, nose, or broader face for protection, concealment, custom, or work",Rema face + Xar covering,,REMA; XAR,3,0,0,Not individually reviewed in readiness audit,
Zhirbel,/zheer-behl/,1,Noun: A strap; a flexible narrow band used to secure carry suspend or fasten something,Zhir line or cord + Bel fastening,,ZHIR; BEL,3,0,0,Not individually reviewed in readiness audit,
Welzhirbel,/wehl-zheer-behl/,1,Noun: A harness; a coordinated set of worn straps used to carry restrain secure or transmit pulling force,Wel joined system + Zhirbel strap,,WEL,4,0,0,Not individually reviewed in readiness audit,
Belmek,/behl-mehk/,1,"Noun: A reusable mechanical fastener, including a buckle or clasp, that joins or adjusts straps or garment parts",Bel fastening + Mek constructed mechanism,,BEL; MEK,4,0,0,Not individually reviewed in readiness audit,
Belmekaen,/behl-mehk-ah-ehn/,1,Verb: To fasten or secure something with a clasp buckle or comparable reusable mechanism,Belmek fastener + -aen,,,2,0,0,Not individually reviewed in readiness audit,
Kabelmekaen,/kah-behl-mehk-ah-ehn/,1,Verb: To unfasten or release a clasp buckle or comparable reusable mechanism,Ka reversal or removal + Belmek fastener + -aen,,KA,2,0,0,Not individually reviewed in readiness audit,
Korinxar,/koh-reen-xahr/,1,"Noun: A glove or mitten; a hand covering worn for warmth, safety, cleanliness, or work",Korin hand + Xar covering,,XAR,2,0,0,Not individually reviewed in readiness audit,
Lorinshalxar,/loh-reen-shahl-xahr/,1,"Noun: Goggles; close-fitting eye protection against glare, dust, wind, water, cold, or debris",Lorinshal eye + Xar protective covering,Lorinshalaxar,XAR,2,0,0,Not individually reviewed in readiness audit,
Remashalxar,/reh-mah-shahl-xahr/,1,Noun: A visor; a worn eye or face shield that filters light blocks hazards or carries visible information,Rema face + Shal light or sight + Xar covering,Remashalaxar,REMA; SHAL; XAR,2,0,0,Not individually reviewed in readiness audit,
Rinbelxar,/reen-behl-xahr/,1,"Noun: A uniform; standardized clothing that visibly marks an occupation, rank, institution, team, or assigned duty",Rin identity + Belxar garment,,RIN,2,0,0,Not individually reviewed in readiness audit,
Felzhir,/fehl-zheer/,1,"Noun: A fiber; a fine natural or manufactured strand used alone or combined in textiles, cordage, padding, or composites",Fel smallness or fineness + Zhir thread or line,,FEL; ZHIR,3,0,0,Not individually reviewed in readiness audit,
Sura,/soo-rah/,1,Noun: Fur; dense animal hair as a natural body covering or as a material used for warmth padding trim or craft,,,SURA,2,0,0,Not individually reviewed in readiness audit,
Belsura,/behl-soo-rah/,1,Noun: Wool; spinnable insulating animal fiber prepared for thread felt padding or woven cloth,Bel textile working + Sura animal hair or fur,,SURA; BEL,2,0,0,Not individually reviewed in readiness audit,
Verdselzhir,/vehrd-sehl-zheer/,1,"Noun: Linen; lightweight, smooth plant-fiber thread or cloth made for cool, breathable garments and household textiles",Verd botanical growth + Sel smooth physical clarity + Zhir fiber or thread,Verdeselzhir,VERD; SEL; ZHIR,2,0,0,Not individually reviewed in readiness audit,
Selzhir,/sehl-zheer/,1,"Noun: Silk; fine, smooth, strong natural filament, and by extension the cloth woven from that filament",Sel smooth clarity + Zhir thread,,SEL; ZHIR,2,0,0,Not individually reviewed in readiness audit,
Kalbelrin,/kahl-behl-reen/,1,"Noun: Canvas; heavy, tightly woven, durable cloth used for tents, sails, bags, coverings, and workwear",Kal strength + Belrin woven fabric,,KAL,2,0,0,Not individually reviewed in readiness audit,
Olanbelrin,/oh-lahn-behl-reen/,1,Noun: Oilskin; woven fabric deliberately treated with oil to resist water and weather,Olan oil + Belrin woven fabric,,OLAN,3,0,0,Not individually reviewed in readiness audit,
Drenartheth,/drehn-ahr-theth/,1,Adjective: Waterproof; made to resist penetration by water under the conditions for which the object was designed,Dren water + Arth protection + -eth,,DREN; ARTH,2,0,0,Not individually reviewed in readiness audit,
Shanartheth,/shahn-ahr-theth/,1,"Adjective: Insulated; made to resist unwanted transfer of heat, cold, sound, electricity, or magical energy",Shan passage or transfer + Arth protection + -eth,,SHAN; ARTH,2,0,0,Not individually reviewed in readiness audit,
Zhelshaneth,/zhehl-shah-neth/,1,Adjective: Electrically or energetically conductive; able to carry electrical or magical charge through a material,Zhel energy or charge + Shan passage + -eth,,ZHEL; SHAN,3,0,0,Not individually reviewed in readiness audit,
Kalmorl,/kahl-mohrl/,1,"Noun: Granite; hard, visibly crystalline building stone valued for strength, weight, and durability",Kal strength + Morl stone,Kalamorl,KAL; MORL,2,0,0,Not individually reviewed in readiness audit,
Krezmorl,/krehz-mohrl/,1,Noun: Basalt; dense dark volcanic stone formed from cooled molten rock,Krez fire or heat + Morl stone,Krezamorl,KREZ; MORL,2,0,0,Not individually reviewed in readiness audit,
Brosmorl,/brohs-mohrl/,1,Noun: Slate; fine-layered stone that naturally splits into durable flat sheets,Bros layering + Morl stone,Brosamorl,BROS; MORL,4,0,0,Not individually reviewed in readiness audit,
Sadar,/sah-dahr/,1,Noun: Sand; loose mineral grains produced by weathering and moved by wind or water,,,SADAR,3,0,0,Not individually reviewed in readiness audit,
Sadarmorl,/sah-dahr-mohrl/,1,"Noun: Sandstone; consolidated sand-grained stone used in buildings, carving, and paving",Sadar sand + Morl stone,,SADAR; MORL,2,0,0,Not individually reviewed in readiness audit,
Eran,/eh-rahn/,1,"Noun: Iron; the strong workable elemental metal used widely in tools, structures, weapons, and machinery",,,ERAN,3,0,0,Not individually reviewed in readiness audit,
Osar,/oh-sahr/,1,"Noun: Bone; rigid skeletal tissue and the material taken from it for tools, fasteners, ornament, or craft",,,OSAR,2,0,0,Not individually reviewed in readiness audit,
Dresh,/drehsh/,1,"Noun: Crystal; an ordered mineral solid, often faceted or translucent, used naturally, magically, structurally, or technologically",,,DRESH,5,0,0,Not individually reviewed in readiness audit,
Neshmorl,/nehsh-mohrl/,1,Noun: A reef-forming colonial aquatic organism together with the hard mineral structure or craft material it produces; coral,Nesh aquatic creature + Morl stone or mineral structure,Neshamorl,NESH; MORL,3,0,0,Not individually reviewed in readiness audit,
Zorxar,/zohr-xahr/,1,"Noun: A shell; the hard protective outer covering made by an animal, and the material taken from that covering",Zor animal + Xar protective covering,,ZOR; XAR,2,0,0,Not individually reviewed in readiness audit,
Kavolan,/kahv-oh-lahn/,1,"Noun: Wax; a moldable, water-resistant organic or manufactured substance used for seals, coatings, polish, preservation, and wick-fed light",Kav preservation or enduring state + Olan oil-like water-resistant substance,,KAV; OLAN,2,0,0,Not individually reviewed in readiness audit,
Verdbel,/vehrd-behl/,1,"Noun: Resin; sticky plant-derived material that can harden and is used as adhesive, sealant, incense, coating, or finish",Verd botanical life + Bel binding,Verdabel,VERD; BEL,3,0,0,Not individually reviewed in readiness audit,
Hir,/heer/,1,"Noun: Color or hue; the visible chromatic quality of a surface, light, or substance",,,HIR,2,0,0,Not individually reviewed in readiness audit,
Hirmor,/heer-mohr/,1,Noun: Pigment or dye material; a substance used to impart color to another material,Hir color + Mor physical substance,,HIR; MOR,2,0,0,Not individually reviewed in readiness audit,
Hiraen,/hee-rah-ehn/,1,"Verb: To dye or color; to impart a color to cloth, leather, hair, a surface, or another material",Hir color + -aen,,HIR,3,0,0,Not individually reviewed in readiness audit,
Belkren,/behl-krehn/,1,Noun: An alloy; a deliberately combined metallic material whose properties differ from those of its component metals,Bel binding or joined system + Kren metal,Belakren,BEL; KREN,3,0,0,Not individually reviewed in readiness audit,
Karmek,/kahr-mehk/,1,Noun: A tool; a portable implement deliberately used to perform practical work,Kar tool-work or applied mechanical force + Mek constructed object,,KAR; MEK,2,0,0,Not individually reviewed in readiness audit,
Kalmek,/kahl-mehk/,1,Noun: A machine; a constructed system whose connected parts transmit or transform force energy motion or information,Kal force or power + Mek constructed system,,KAL; MEK,13,0,0,Not individually reviewed in readiness audit,
Felmek,/fehl-mehk/,1,Noun: A component; one constructed part intended to function within a larger machine device or assembly,Fel smaller constituent + Mek constructed object,,FEL; MEK,3,0,0,Not individually reviewed in readiness audit,
Zhaelpralaen,/zhah-ehl-prahl-ah-ehn/,1,Verb: To repair; to restore a damaged object or system to usable working condition,Zhael renewal + Pral skilled making + -aen,,ZHAEL; PRAL,24,0,0,Not individually reviewed in readiness audit,
Thamvek,/thahm-vehk/,1,Noun: A mortar; a strong bowl-shaped working vessel in which substances are crushed or ground,Tham crushing or structural breakdown + Vek vessel,,THAM; VEK,3,0,0,Not individually reviewed in readiness audit,
Thamkar,/thahm-kahr/,1,Noun: A pestle; a handheld striking or pressing tool used to crush or grind material in a mortar,Tham crushing + Kar applied striking force,,THAM; KAR,2,0,0,Not individually reviewed in readiness audit,
Zhirpel,/zheer-pehl/,1,Noun: A needle; a thin pointed implement used for sewing piercing or comparable fine work,Zhir thread or fine line + Pel sharp point,,ZHIR; Pel,2,0,0,Not individually reviewed in readiness audit,
Pelkorin,/pehl-koh-reen/,1,Noun: An awl; a handheld pointed tool for piercing holes in hide cloth wood or another workable material,Pel piercing sharpness + Korin hand,,Pel,2,0,0,Not individually reviewed in readiness audit,
Delpel,/dehl-pehl/,1,Noun: Shears or scissors; a paired-blade hand tool whose edges close across material to cut it,Del paired structure + Pel cutting edge,,DEL; Pel,2,0,0,Not individually reviewed in readiness audit,
Delkorin,/dehl-koh-reen/,1,Noun: Tongs; a paired gripping tool used to hold lift or turn hot dangerous or difficult objects,Del pair + Korin hand or grip,,DEL,2,0,0,Not individually reviewed in readiness audit,
Pelkar,/pehl-kahr/,1,Noun: A chisel; a hard-edged tool driven or pressed to cut groove or shape stone wood ice or metal,Pel cutting edge + Kar applied striking force,,Pel; KAR,2,0,0,Not individually reviewed in readiness audit,
Drenkavvek,/drehn-kahv-vehk/,1,Noun: A bottle or flask; a portable narrow-opening liquid vessel that can be closed for carrying or storage,Dren liquid + Kav preservation + Vek vessel,Drenakavvek,DREN; KAV; VEK,2,0,0,Not individually reviewed in readiness audit,
Krezdrenvek,/krehz-drehn-vehk/,1,Noun: A kettle; a closable or covered vessel designed to heat and pour water or another drink,Krez heat + Dren liquid + Vek vessel,Krezadrenvek,KREZ; DREN; VEK,2,0,0,Not individually reviewed in readiness audit,
Rinpel,/reen-pehl/,1,Noun: A seal or stamp; an identifying or authorizing impression or the handheld implement that produces it,Rin identity + Pel precise impressed mark,,RIN; Pel,2,0,0,Not individually reviewed in readiness audit,
Kelpel,/kehl-pehl/,1,Noun: A stylus; a narrow handheld instrument used to write mark draw or operate a responsive surface,Kel language or inscription + Pel narrow point,,KEL; Pel,2,0,0,Not individually reviewed in readiness audit,
Kelpral,/kehl-prahl/,1,Noun: A writing slate or tablet; a reusable flat object used to hold written calculated drawn or displayed information,Kel expressed information + Pral prepared working surface,,KEL; PRAL,5,0,0,Not individually reviewed in readiness audit,
Shenzhir,/shehn-zheer/,1,Noun: A ruler or measuring rod; a straight calibrated tool used to measure length or test alignment,Shen measure + Zhir line,,SHEN; ZHIR,2,0,0,Not individually reviewed in readiness audit,
Lormek,/lohr-mehk/,1,Noun: A compass; an instrument that indicates direction independently of a visible destination,Lor guidance or directional focus + Mek device,,LOR; MEK,3,0,0,Not individually reviewed in readiness audit,
Sharashen,/shah-rah-shehn/,1,Noun: A map; a deliberate spatial representation of places boundaries paths and their relations,Shara path or route + Shen measured reference,,SHARA; SHEN,3,0,0,Not individually reviewed in readiness audit,
Normek,/nohr-mehk/,1,Noun: A clock or timepiece; an instrument that measures and displays a current time or passing duration,Nor time + Mek device,,NOR; MEK,2,0,0,Not individually reviewed in readiness audit,
Belpralmek,/behl-prahl-mehk/,1,Noun: A loom; a frame or machine that holds and interlaces threads to produce woven material,Bel weaving + Pral skilled arrangement + Mek apparatus,Belapralmek,BEL; PRAL; MEK,3,0,0,Not individually reviewed in readiness audit,
Jekzhirvek,/jehk-zheer-vehk/,1,Noun: A spool or reel; a holder around which thread wire cord or another flexible line is wound,Jek spiral or winding + Zhir line + Vek holder,Jekazhirvek,JEK; ZHIR; VEK,2,0,0,Not individually reviewed in readiness audit,
Shenmek,/shehn-mehk/,1,Noun: A gauge or meter; an instrument that measures and displays the state or quantity of a system,Shen measure + Mek device,,SHEN; MEK,8,0,0,Not individually reviewed in readiness audit,
Kesmek,/kehs-mehk/,1,Noun: A sensor; a device that detects a physical environmental energetic or magical condition,Kes detection or registration + Mek device,,KES; MEK,7,0,0,Not individually reviewed in readiness audit,
Shenlianaen,/shehn-lee-ahn-ah-ehn/,1,Verb: To calibrate; to adjust an instrument against a trusted standard so its readings are reliable,Shenlian reference standard + -aen,,,2,0,0,Not individually reviewed in readiness audit,
Kormek,/kohr-mehk/,1,Noun: An engine or motor; the core machine that converts supplied or stored energy into sustained mechanical motion,Kor functional core or source + Mek machine,,KOR; MEK,3,0,0,Not individually reviewed in readiness audit,
Zhelkor,/zhehl-kohr/,1,Noun: A generator; a machine or system whose primary function is producing usable energy or charge,Zhel energy or charge + Kor source,,ZHEL; KOR,2,0,0,Not individually reviewed in readiness audit,
Zhelkav,/zhehl-kahv/,1,Noun: A battery or power cell; a bounded device that stores energy for later release,Zhel energy + Kav preservation or reserve,,ZHEL; KAV,4,0,0,Not individually reviewed in readiness audit,
Shanmek,/shahn-mehk/,1,Noun: A pipe or conduit; an enclosed constructed channel that carries liquid gas energy or protected lines,Shan passage through a boundary + Mek constructed object,,SHAN; MEK,4,0,0,Not individually reviewed in readiness audit,
Krenzhir,/krehn-zheer/,1,Noun: Wire or conductive cable; a flexible metallic line alone or bundled used to carry force charge or signal,Kren metal + Zhir line,Krenazhir,KREN; ZHIR,3,0,0,Not individually reviewed in readiness audit,
Selshan,/sehl-shahn/,1,Noun: A filter; a material or device that permits selected passage while removing or blocking unwanted matter,Sel physical clarity or purification + Shan passage,,SEL; SHAN,2,0,0,Not individually reviewed in readiness audit,
Selshanaen,/sehl-shahn-ah-ehn/,1,Verb: To filter; to pass matter through a selective barrier so unwanted material is removed,Selshan filter + -aen,,,2,0,0,Not individually reviewed in readiness audit,
Ravshan,/rahv-shahn/,1,Noun: A pump; a device that draws drives or pressurizes liquid or gas through a controlled passage,Rav physical pull + Shan passage,,RAV; SHAN,2,0,0,Not individually reviewed in readiness audit,
Belshan,/behl-shahn/,1,Noun: A valve; an adjustable closure that controls passage through a pipe channel or vessel,Bel binding or controlled restriction + Shan passage,,BEL; SHAN,2,0,0,Not individually reviewed in readiness audit,
Wekmek,/wehk-mehk/,1,Noun: A wheel; a circular rotating component used to support movement or transmit mechanical force,Wek circular cycle + Mek constructed component,,WEK; MEK,3,0,0,Not individually reviewed in readiness audit,
Korwek,/kohr-wehk/,1,Noun: An axle; a central shaft on or with which a wheel or rotating part turns,Kor core + Wek rotation,Korewek; Korowek,KOR; WEK,2,0,0,Not individually reviewed in readiness audit,
Jekmek,/jehk-mehk/,1,Noun: A gear or cog; a shaped rotating component that transfers motion or force by engaging another part,Jek rotation or twisting motion + Mek component,Jekemek,JEK; MEK,2,0,0,Not individually reviewed in readiness audit,
Ravkar,/rahv-kahr/,1,Noun: A lever; a rigid bar used around a support point to redirect or multiply applied force,Rav pull + Kar applied mechanical force,Ravekar,RAV; KAR,2,0,0,Not individually reviewed in readiness audit,
Wekrav,/wehk-rahv/,1,Noun: A pulley; a grooved rotating component that guides a flexible line to redirect pulling force,Wek rotation + Rav pull,Wekarav,WEK; RAV,2,0,0,Not individually reviewed in readiness audit,
Jekkal,/jehk-kahl/,1,Noun: A mechanical spring; a resilient component that stores force through bending compression extension or coiling and releases it by returning toward its prior form,Jek coil or shaped turn + Kal stored force,,JEK; KAL,2,0,0,Not individually reviewed in readiness audit,
Varvek,/vahr-vehk/,1,Noun: A vehicle; a constructed carrier used to transport people or goods from place to place,Var movement or travel + Vek carrier,Varavek,Var-; VEK,7,0,0,Not individually reviewed in readiness audit,
Felvek,/fehl-vehk/,1,Noun: A cart; a small wheeled carrier moved by a person animal or light machine,Fel smallness + Vek carrier,,FEL; VEK,3,0,0,Not individually reviewed in readiness audit,
Morvek,/mohr-vehk/,1,Noun: A wagon; a substantial wheeled land vehicle primarily used to carry cargo,Mor material load or grounded matter + Vek carrier,,MOR; VEK,7,0,0,Not individually reviewed in readiness audit,
Pralvek,/prahl-vehk/,1,Noun: A sled; a runner-supported vehicle drawn or pushed across snow ice sand or another yielding surface,Pral prepared flat working surface + Vek carrier,,PRAL; VEK,2,0,0,Not individually reviewed in readiness audit,
Kormekvek,/kohr-mehk-vehk/,1,Noun: A motor vehicle; an engine-driven land vehicle including an ordinary car field car or jeep,Kormek engine or motor + Vek carrier,Kormekavek,VEK,12,0,0,Not individually reviewed in readiness audit,
Delkormek,/dehl-kohr-mehk/,1,Noun: A motorcycle or motorbike; a two-wheeled powered vehicle ridden astride,Del two or paired + Kormek engine-driven machine,,DEL,4,0,0,Not individually reviewed in readiness audit,
Delwek,/dehl-wehk/,1,Noun: A bicycle; a two-wheeled vehicle propelled primarily by its rider,Del two or paired + Wek cycle or rotation,Delewek; Delowek,DEL; WEK,3,0,0,Not individually reviewed in readiness audit,
Zhirvek,/zheer-vehk/,1,Noun: A railcar; one vehicle constructed to travel on a fixed rail,Zhir fixed line + Vek carrier,,ZHIR; VEK,2,0,0,Not individually reviewed in readiness audit,
Belzhirvek,/behl-zheer-vehk/,1,Noun: A train; an ordered set of one or more linked rail vehicles operating as a unit,Bel connected system + Zhirvek railcar,,BEL,6,0,0,Not individually reviewed in readiness audit,
Zhirshara,/zheer-shah-rah/,1,Noun: A railway or rail track; a fixed guided-line route made for rail vehicles,Zhir fixed line + Shara route,,ZHIR; SHARA,5,0,0,Not individually reviewed in readiness audit,
Shalilvek,/shah-leel-vehk/,1,Noun: A glider; a vehicle or board that travels through sustained low-resistance movement in air water sand or a guided energy current,Established Shalil flowing or moving lightly + Vek carrier,,VEK,4,0,0,Not individually reviewed in readiness audit,
Eshvek,/ehsh-vehk/,1,Noun: An aircraft; any constructed vehicle whose defining travel occurs through the air,Esh air or sky + Vek carrier,,ESH; VEK,4,0,0,Not individually reviewed in readiness audit,
Mahrxarvek,/mahhr-xahr-vehk/,1,Noun: A submersible; an enclosed vehicle made to travel beneath the surface of a large body of water,Mahr sea + Xar enclosure or cover + Vek carrier,,MAHR; XAR; VEK,2,0,0,Not individually reviewed in readiness audit,
Krenzhirvek,/krehn-zheer-vehk/,1,Noun: A cable car or aerial tram; a passenger or cargo vehicle pulled along or suspended from a fixed cable,Krenzhir metal cable + Vek carrier,Krenazhirvek,VEK,2,0,0,Not individually reviewed in readiness audit,
Mahrpral,/mahhr-prahl/,1,Noun: A raft; a flat buoyant watercraft without an enclosed hull,Mahr sea or broad water + Pral flat working surface,,MAHR; PRAL,2,0,0,Not individually reviewed in readiness audit,
Vekvaraen,/vehk-vahr-ah-ehn/,1,Verb: To ride; to travel supported and carried by an animal or vehicle without supplying its primary motive force,Vek carried transport + Var travel + -aen,,VEK; Var-,5,0,0,Not individually reviewed in readiness audit,
Kormekaen,/kohr-mehk-ah-ehn/,1,Verb: To drive or operate a powered vehicle or machine through control of its engine or motor,Kormek engine or motor + -aen,,,3,0,0,Not individually reviewed in readiness audit,
Lorvekaen,/lohr-vehk-ah-ehn/,1,Verb: To steer; to control the direction of a vehicle vessel or mount,Lor guidance or directional focus + Vek carrier + -aen,,LOR; VEK,4,0,0,Not individually reviewed in readiness audit,
Mahrvaraen,/mahhr-vahr-ah-ehn/,1,Verb: To sail; to travel over water in a vessel by wind current or controlled propulsion,Mahr sea + Var travel + -aen,,MAHR; Var-,2,0,0,Not individually reviewed in readiness audit,
Eshvaraen,/ehsh-vahr-ah-ehn/,1,Verb: To fly; to move or travel through the air under lift power or natural ability,Esh air + Var travel + -aen,,ESH; Var-,3,0,0,Not individually reviewed in readiness audit,
Anvekaen,/ahn-vehk-ah-ehn/,2,Verb: To board; to enter or mount a vehicle vessel or transport animal for travel | Verb: To load cargo; to put goods or material aboard or into transport in preparation for travel,An in or at + Vek carrier + -aen,,An; VEK,9,0,0,Not individually reviewed in readiness audit,
Thalvekaen,/thahl-vehk-ah-ehn/,2,Verb: To disembark; to leave or come out of a vehicle vessel or transport animal after travel | Verb: To unload cargo; to remove goods or material from transport after travel,Thal from or out of + Vek carrier + -aen,,THAL; VEK,5,0,0,Not individually reviewed in readiness audit,
Weksharaen,/wehk-shah-rah-ehn/,1,Verb: To commute; to travel repeatedly along a regular route between recurring destinations,Wek repetition + Shara route + -aen,,WEK; SHARA,3,0,0,Not individually reviewed in readiness audit,
Dorvekaen,/dohr-vehk-ah-ehn/,1,Verb: To park or berth; to place and leave a vehicle or vessel in an intended stopping position,Dor put or place + Vek vehicle or vessel + -aen,,DOR; VEK,4,0,0,Not individually reviewed in readiness audit,
Jorvar,/johr-vahr/,2,Measure: Speed; the rate at which a person creature object or vehicle moves through distance | Noun: Speed; the rate at which a person creature object or vehicle moves through distance,Jor surge or quick movement + Var movement,,JOR; Var-,2,0,0,Not individually reviewed in readiness audit,
Jorvaraen,/johr-vahr-ah-ehn/,1,Verb: To accelerate; to increase the speed of movement or travel,Jorvar speed + -aen,,,2,0,0,Not individually reviewed in readiness audit,
Velvaraen,/vehl-vahr-ah-ehn/,1,Verb: To slow or decelerate; to reduce the speed of movement or travel,Vel stillness or slowness + Var movement + -aen,,VEL; Var-,3,0,0,Not individually reviewed in readiness audit,
Belvekaen,/behl-vehk-ah-ehn/,1,Verb: To brake; to apply controlled resistance that slows or stops a vehicle or moving mechanism,Bel binding or controlled restriction + Vek carrier + -aen,,BEL; VEK,2,0,0,Not individually reviewed in readiness audit,
Ravvekaen,/rahv-vehk-ah-ehn/,1,Verb: To tow; to pull a vehicle vessel or transport load behind another source of movement,Rav physical pull + Vek carrier + -aen,,RAV; VEK,4,0,0,Not individually reviewed in readiness audit,
Felshara,/fehl-shah-rah/,1,Noun: A lane; one narrow designated path within a larger route or movement system,Fel smaller division + Shara route,,FEL; SHARA,3,0,0,Not individually reviewed in readiness audit,
Vekmor,/vehk-mohr/,1,Noun: Cargo; goods or material carried as a transport load,Vek transport carrier + Mor physical matter or material load,,VEK; MOR,10,0,0,Not individually reviewed in readiness audit,
Vekin,/veh-keen/,1,Noun: A passenger or rider; a person being transported who is not operating the conveyance,Vek carrier or transport + established -in person relation,,VEK,7,0,0,Not individually reviewed in readiness audit,
Lorvekral,/lohr-vehk-rahl/,1,Noun: A driver or transport operator; a person responsible for controlling and directing a vehicle or conveyance,Lor directional control + Vek vehicle + Ral practitioner,Lorvekaral,LOR; VEK; RAL,19,0,0,Not individually reviewed in readiness audit,
Eshlorral,/ehsh-lohr-rahl/,1,Noun: A pilot; a person trained to control an aircraft or another specialized vehicle navigated through three-dimensional space,Esh air + Lor guidance + Ral practitioner,Eshloraral,ESH; LOR; RAL,2,0,0,Not individually reviewed in readiness audit,
Welvek,/wehl-vehk/,1,Noun: Traffic; the collective movement and interaction of vehicles and transported travelers through shared routes,Wel communal flow + Vek transport,,WEL; VEK,3,0,0,Not individually reviewed in readiness audit,
Mekor,/meh-kohr/,1,Noun: Building; a deliberately constructed structure intended for use or occupancy,Mek construction + -or place,,MEK,13,0,0,Not individually reviewed in readiness audit,
Ndara,/n-dah-rah/,1,Noun: Wall; an upright structural surface that encloses divides or supports built space,,,NDARA,5,0,0,Not individually reviewed in readiness audit,
Eshxar,/ehsh-xahr/,1,Noun: Roof; the exterior upper covering of a building,Esh above + Xar cover,Eshaxar,ESH; XAR,3,0,0,Not individually reviewed in readiness audit,
Morlpral,/mohrl-prahl/,1,Noun: Floor; the lower surface upon which people or objects stand inside a structure,Morl below or stone + Pral flat working surface,Morlapral,MORL; PRAL,2,0,0,Not individually reviewed in readiness audit,
Aneshxar,/ahn-ehsh-xahr/,1,Noun: Ceiling; the interior upper surface of a room,An within + Esh above + Xar cover,Aneshaxar,An; ESH; XAR,2,0,0,Not individually reviewed in readiness audit,
Shalshan,/shahl-shahn/,1,Noun: Window; an opening that admits light or permits sight through a wall,Shal light + Shan passage,,SHAL; SHAN,3,0,0,Not individually reviewed in readiness audit,
Xarzhir,/xahr-zheer/,1,Noun: Screen or lattice; a patterned covering that filters light sight air or passage,Xar cover + Zhir line or thread,,XAR; ZHIR,2,0,0,Not individually reviewed in readiness audit,
Kormor,/kohr-mohr/,1,Noun: Foundation; the load-bearing base upon which a structure rests,Kor core + Mor ground or matter,,KOR; MOR,2,0,0,Not individually reviewed in readiness audit,
Mbalanmor,/m-bah-lahn-mohr/,1,Noun: Structural pillar or column; an upright physical support that bears architectural weight,Mbalan relied-upon support + Mor physical matter,,MOR,2,0,0,Not individually reviewed in readiness audit,
Ndavior,/n-dah-vee-ohr/,1,Noun: Storey or building level; one horizontally usable tier at a particular height,Ndavi vertical level + -or place,,NDAVI,2,0,0,Not individually reviewed in readiness audit,
Xaror,/xahr-ohr/,1,Noun: Room or chamber; a bounded interior space within a structure,Xar enclosure + -or place,,XAR,8,0,0,Not individually reviewed in readiness audit,
Worxaror,/wohr-xahr-ohr/,1,Noun: Hall; a large interior room intended for gathering passage or shared activity,Wor great or full + Xaror room,Woraxaror,WOR,4,0,0,Not individually reviewed in readiness audit,
Xarwelor,/xahr-weh-lohr/,1,Noun: Courtyard; an open shared space enclosed by buildings or walls,Xar enclosure + Wel communal flow + -or place,,XAR; WEL,2,0,0,Not individually reviewed in readiness audit,
Welpralor,/wehl-prah-lohr/,1,Noun: Plaza or public square; a prepared open civic surface for gathering exchange or ceremony,Wel communal flow + Pral flat surface + -or place,Welapralor,WEL; PRAL,15,0,0,Not individually reviewed in readiness audit,
Mekeshpral,/mehk-ehsh-prahl/,1,Noun: Balcony; a constructed raised platform projecting from or attached to a building,Mek construction + Esh raised + Pral flat surface,Mekeshapral,MEK; ESH; PRAL,3,0,0,Not individually reviewed in readiness audit,
Velkelor,/vehl-keh-lohr/,1,Noun: Library; a place organized for keeping consulting and sharing books or other readable works,Vel wisdom + Kel language or text + -or place,,VEL; KEL,8,0,0,Not individually reviewed in readiness audit,
Shenpralor,/shehn-prah-lohr/,1,Noun: Laboratory; a controlled place for measured testing preparation and investigation,Shen measure + Pral skilled work + -or place,Shenapralor,SHEN; PRAL,4,0,0,Not individually reviewed in readiness audit,
Shenkesor,/shehn-keh-sohr/,1,Noun: Observatory; a place equipped for systematic observation and measurement at distance,Shen measure + Kes notice or observe + -or place,,SHEN; KES,2,0,0,Not individually reviewed in readiness audit,
Belzhirkavor,/behl-zheer-kah-vohr/,1,Noun: Data center; a secured facility that connects stores and maintains large bodies of machine-readable information,Bel system + Zhir connected line + Kav preservation + -or place,Belazhirakavor,BEL; ZHIR; KAV,2,0,0,Not individually reviewed in readiness audit,
Lormekor,/lohr-meh-kohr/,1,Noun: Control room; a dedicated room from which machines infrastructure or operations are monitored and directed,Lor guidance or control + Mekor constructed place,,LOR,3,0,0,Not individually reviewed in readiness audit,
Mekpralor,/mehk-prah-lohr/,1,Noun: Workshop; a place arranged for making repairing or skilled manual work,Mek construction + Pral skilled work + -or place,Mekapralor,MEK; PRAL,2,0,0,Not individually reviewed in readiness audit,
Njor,/n-johr/,2,Noun: A bridge between separated people groups systems or ideas; a connection that crosses a meaningful division | Noun: Bridge or structural span that carries passage across a gap waterway or obstruction,,,NJOR,8,0,0,Not individually reviewed in readiness audit,
Mekshara,/mehk-shah-rah/,1,Noun: Road; a deliberately built and maintained land route,Mek construction + Shara route,,MEK; SHARA,2,0,0,Not individually reviewed in readiness audit,
Brosshara,/brohs-shah-rah/,1,Noun: Stair or stairway; a stepped route between different heights,Bros layered or stacked + Shara route,Brosashara,BROS; SHARA,2,0,0,Not individually reviewed in readiness audit,
Morlshan,/mohrl-shahn/,1,Noun: Tunnel; an enclosed passage through or beneath earth stone or another obstruction,Morl stone or beneath + Shan passage,Morlashan,MORL; SHAN,3,0,0,Not individually reviewed in readiness audit,
Varshanmek,/vahr-shahn-mehk/,1,Noun: Transit tube; an enclosed engineered conduit made for moving people or vehicles,Var travel + Shan passage + Mek construction,,Var-; SHAN; MEK,2,0,0,Not individually reviewed in readiness audit,
Varbelor,/vahr-beh-lohr/,1,Noun: Station or terminal; an organized place where a scheduled transport journey begins ends or transfers,Var travel + Bel organized system + -or place,,Var-; BEL,2,0,0,Not individually reviewed in readiness audit,
Eshpralor,/ehsh-prah-lohr/,1,Noun: Platform; a prepared raised surface used for boarding loading speaking working or observation,Esh raised + Pral flat surface + -or place,Eshapralor,ESH; PRAL,3,0,0,Not individually reviewed in readiness audit,
Ndavivek,/n-dah-vee-vehk/,1,Noun: Elevator or mechanical lift; a carrier that moves people or goods vertically between fixed levels,Ndavi vertical level or change + Vek carrier,,NDAVI; VEK,4,0,0,Not individually reviewed in readiness audit,
Mahrpralor,/mahr-prah-lohr/,1,Noun: Dock; a built waterside platform used to board load unload or secure vessels,Mahr sea or water body + Pral platform + -or place,Mahrapralor,MAHR; PRAL,4,0,0,Not individually reviewed in readiness audit,
Mahrxaror,/mahr-xahr-ohr/,1,Noun: Harbor; a sheltered water area where vessels can anchor arrive or depart,Mahr sea or water body + Xar shelter + -or place,Mahraxaror,MAHR; XAR,3,0,0,Not individually reviewed in readiness audit,
Vekxaror,/vehk-xahr-ohr/,1,Noun: Garage or vehicle shelter; an enclosed place for keeping protecting or servicing vehicles,Vek carrier or vehicle + Xar enclosure + -or place,Vekaxaror,VEK; XAR,2,0,0,Not individually reviewed in readiness audit,
Vekpralor,/vehk-prah-lohr/,1,Noun: Parking area; a prepared place where vehicles are left temporarily when not operating,Vek vehicle + Pral prepared surface + -or place,Vekapralor,VEK; PRAL,2,0,0,Not individually reviewed in readiness audit,
Droshara,/droh-shah-rah/,1,Noun: Canal; a deliberately made channel that carries water along a set route,Dro ordinary physical water + Shara route,,DRO; SHARA,4,0,0,Not individually reviewed in readiness audit,
Dronjor,/droh-n-johr/,1,Noun: Aqueduct; a bridge-like or elevated structure that carries water across a gap,Dro water + Njor structural span,,NJOR; DRO,2,0,0,Not individually reviewed in readiness audit,
Eshmekor,/ehsh-meh-kohr/,1,Noun: Tower; a tall structure whose usable space rises substantially above its surrounding buildings or land,Esh above + Mekor building,,ESH,3,0,0,Not individually reviewed in readiness audit,
Wekxar,/wehk-xahr/,1,Noun: Dome; a rounded or circular roof or overhead enclosure,Wek circularity + Xar cover,Wekaxar,WEK; XAR,2,0,0,Not individually reviewed in readiness audit,
Drojormek,/droh-johr-mehk/,1,Noun: Fountain; a constructed feature that directs water upward or outward before it falls or gathers,Dro water + Jor surge + Mek construction,,DRO; JOR; MEK,3,0,0,Not individually reviewed in readiness audit,
Nethmek,/neht-hmehk/,1,Noun: Furniture; movable constructed objects that support sitting resting storing eating or ordinary indoor work,Neth rest or support + Mek constructed object,Nethamek,NETH; MEK,2,0,0,Not individually reviewed in readiness audit,
Ndavi,/n-dah-vee/,1,Noun: Vertical level or height position used to distinguish one fixed elevation from another,,,NDAVI,2,0,0,Not individually reviewed in readiness audit,
Belor,/beh-lohr/,1,Noun: Institution; an enduring organized body or system established to perform a recognized social civic educational religious or economic function,Bel organized system or binding + -or realized domain,,BEL,3,0,0,Not individually reviewed in readiness audit,
Lorbel,/lohr-behl/,1,Noun: Government; the organized system through which a community or state directs public affairs and administers authority,Lor guidance or leadership + Bel organized system,,LOR; BEL,20,0,0,Not individually reviewed in readiness audit,
Lorbelaen,/lohr-beh-lah-ehn/,1,Verb: To govern; to exercise recognized authority over public decisions law and administration,Lorbel government + -aen verb,,,3,0,0,Not individually reviewed in readiness audit,
Khumkel,/khoom-kehl/,1,Noun: Council; a deliberative governing or advisory body whose members listen speak and decide together,Khum listening or reconciliation circle + Kel ordered speech,Khumakel,KHUM; KEL,11,0,0,Not individually reviewed in readiness audit,
Khumkelral,/khoom-kehl-rahl/,1,Noun: Council member or representative; a person authorized to speak and decide for others within a governing body,Khumkel council + Ral entrusted caretaker role,Khumakelral,RAL,4,0,0,Not individually reviewed in readiness audit,
Kalrin,/kahl-reen/,1,Noun: Ruler or sovereign; a person holding supreme governing authority without specifying gender or hereditary title,Kal power + Rin embodied identity,,KAL; RIN,6,0,1,Not individually reviewed in readiness audit,
Belvoklor,/behl-vohk-lohr/,1,Noun: Chieftain or clan leader; the recognized leader and guide of a clan mobile community or local people,Belvok clan or family + Lor guidance or leadership,Belvokalor,LOR,3,0,0,Not individually reviewed in readiness audit,
Lorbelral,/lohr-behl-rahl/,1,Noun: Public official; a person entrusted with an authorized civic or administrative office,Lorbel government + Ral entrusted caretaker role,,RAL,7,0,0,Not individually reviewed in readiness audit,
Welkelthar,/wehl-kehl-thahr/,1,Noun: Election; a formal collective process through which members express their will to choose an officeholder or decide a public question,Wel community or shared action + Kel expressed + Thar will,,WEL; KEL; THAR,4,0,0,Not individually reviewed in readiness audit,
Keltharaen,/kehl-thah-rah-ehn/,1,Verb: To vote; to formally express one's choice or will in a collective decision,Kel express or name + Thar will + -aen,,KEL; THAR,4,0,0,Not individually reviewed in readiness audit,
Lorshara,/lohr-shah-rah/,1,Noun: Policy; an adopted principle plan or course that guides recurring institutional decisions,Lor guidance + Shara course or path,,LOR; SHARA,3,0,0,Not individually reviewed in readiness audit,
Kalkel,/kahl-kehl/,1,Noun: Decree or official order; an authoritative public instruction issued by a ruler office or governing body,Kal authority or power + Kel declared word,Kalakel,KAL; KEL,7,0,0,Not individually reviewed in readiness audit,
Belrinpel,/behl-reen-pehl/,1,Noun: Permit or formal authorization; an official record or instrument granting permission for a restricted action or access,Bel institutional binding + Rinpel authorizing seal,Belrinapel,BEL,4,0,0,Not individually reviewed in readiness audit,
Shental,/shehn-tahl/,1,Noun: Allocation; a measured assignment of limited resources among recipients or purposes,Shen measure or assigned value + Tal transfer,,SHEN; TAL,5,0,0,Not individually reviewed in readiness audit,
Shentalaen,/shehn-tah-lah-ehn/,1,Verb: To allocate; to assign measured portions of a limited resource to particular recipients or purposes,Shental allocation + -aen,,,2,0,0,Not individually reviewed in readiness audit,
Weltal,/wehl-tahl/,1,Noun: Distribution; the organized delivery or division of resources among multiple recipients or places,Wel shared or multiple flow + Tal transfer,,WEL; TAL,2,0,0,Not individually reviewed in readiness audit,
Weltalaen,/wehl-tah-lah-ehn/,1,Verb: To distribute; to deliver or divide resources among multiple recipients or destinations,Weltal distribution + -aen,,,2,0,0,Not individually reviewed in readiness audit,
Kelreth,/kehl-rehth/,1,Noun: Dispute; an active disagreement involving competing claims rights accounts or interests,Kel stated claim + Reth uncertainty or conflict,,KEL,8,0,0,Not individually reviewed in readiness audit,
Thalkelreth,/thahl-kehl-rehth/,1,Noun: Arbitration; a structured hearing and balancing of competing claims intended to produce a binding resolution,Thal balance + Kelreth dispute,Thalakelreth,THAL,2,0,0,Not individually reviewed in readiness audit,
Thalkelrethaen,/thahl-kehl-reh-thah-ehn/,1,Verb: To arbitrate; to hear competing claims and make or guide a binding resolution,Thalkelreth arbitration + -aen,Thalakelrethaen,,3,0,0,Not individually reviewed in readiness audit,
Welrin,/wehl-reen/,1,Noun: Citizen; a recognized member of a state or civic community with associated rights and duties,Wel community + Rin recognized identity,,WEL; RIN,19,0,0,Not individually reviewed in readiness audit,
Welrinath,/wehl-ree-nahth/,1,Noun: Citizenship; the enduring recognized civic status rights and duties of a citizen,Welrin citizen + -ath established or enduring state,,,2,0,0,Not individually reviewed in readiness audit,
Felbelor,/fehl-beh-lohr/,1,Noun: District; an administrative or functional subdivision of a settlement or territory,Fel smaller part + Belor organized domain,,FEL,10,0,0,Not individually reviewed in readiness audit,
Lorzhir,/lohr-zheer/,1,Noun: Border; the recognized line or narrow dividing zone between territories or jurisdictions,Lor jurisdictional guidance or authority + Zhir line,,LOR; ZHIR,5,0,0,Not individually reviewed in readiness audit,
Kelvok,/kehl-vohk/,1,Noun: Contract; a deliberate binding agreement that states obligations permissions or exchange,Kel stated terms + Vok unity or formal bond,,KEL; VOK,5,0,0,Not individually reviewed in readiness audit,
Verkalkelaen,/vehr-kahl-keh-lah-ehn/,1,Verb: To veto; to formally prevent a proposed public decision or order from taking effect through recognized authority,Ver- negation + Kalkel official order + -aen,,,2,0,0,Not individually reviewed in readiness audit,
Weleth,/weh-lehth/,1,Adjective: Public; open to concerning or belonging to the community as a whole,Wel community or shared flow + -eth adjective,,WEL,2,0,0,Not individually reviewed in readiness audit,
Kaweleth,/kah-weh-lehth/,1,Adjective: Private; restricted to an individual or defined group rather than the community as a whole,Ka without or outside shared access + Wel community + -eth adjective,,KA; WEL,3,0,0,Not individually reviewed in readiness audit,
Ral,/rahl/,1,Noun: Steward or caretaker; a person entrusted with managing and caring for a shared resource place household institution or continuing responsibility,,,RAL,2,0,0,Not individually reviewed in readiness audit,
Pralilan,/prahl-ee-lahn/,1,Noun: Apprentice; a learner formally training in a craft or occupation through supervised practical work,Pral skilled craft + Ilan student or follower,,PRAL,2,0,0,Not individually reviewed in readiness audit,
Pralral,/prahl-rahl/,1,Noun: Artisan or craftsperson; a skilled maker of useful or artistic objects through practiced handwork,Pral skilled craftsmanship + Ral practiced role,Pralaral,PRAL; RAL,4,0,0,Not individually reviewed in readiness audit,
Krenral,/krehn-rahl/,1,Noun: Smith or metalworker; a craftsperson whose defining work is shaping joining treating or repairing metal,Kren metal + Ral practiced role,Krenaral,KREN; RAL,3,0,0,Not individually reviewed in readiness audit,
Mormekral,/mohr-mehk-rahl/,1,Noun: Mason; a craftsperson who builds or repairs using prepared stone brick or comparable structural units,Mormek worked or masonry stone + Ral practiced role,Mormekaral,RAL,3,0,0,Not individually reviewed in readiness audit,
Lormekral,/lohr-mehk-rahl/,1,Noun: Engineer; a person who designs analyzes directs or maintains complex constructed systems,Lor guidance or design + Mek constructed system + Ral entrusted practitioner,Lormekaral,LOR; MEK; RAL,3,0,0,Not individually reviewed in readiness audit,
Shenral,/shehn-rahl/,1,Noun: Scholar or researcher; a person engaged in systematic study measurement interpretation and production of knowledge,Shen measure or evaluation + Ral entrusted practitioner,Shenaral,SHEN; RAL,42,0,0,Not individually reviewed in readiness audit,
Kelvekral,/kehl-vehk-rahl/,1,Noun: Courier or messenger; a person responsible for carrying messages records or small entrusted goods between people or places,Kel message or ordered language + Vek carrier + Ral entrusted role,Kelvekaral,KEL; VEK; RAL,2,0,0,Not individually reviewed in readiness audit,
Sharalorin,/shah-rah-loh-reen/,1,Noun: Navigator; a person who determines and guides a safe route through terrain sea air underground space or outer space,Shara route or path + Lorin guide or teacher,,SHARA,2,0,0,Not individually reviewed in readiness audit,
Anvanesh,/ahn-vah-nehsh/,1,Verb: To buy; to acquire goods access or services into one's possession through payment,An inward or into one's sphere + Vanesh formal trade,,An; VANESH,2,0,0,Not individually reviewed in readiness audit,
Thalvanesh,/thahl-vah-nehsh/,1,Verb: To sell; to transfer goods access or services out of one's possession in return for payment,Thal from or outward + Vanesh formal trade,,THAL; VANESH,3,0,0,Not individually reviewed in readiness audit,
Lorzhiranshan,/lohr-zheer-ahn-shahn/,1,Verb: To import; to bring goods or services through a jurisdictional border into the jurisdiction through trade,Lorzhir jurisdictional border + An inward + Shan passage or transfer,,An; SHAN,2,0,0,Not individually reviewed in readiness audit,
Lorzhirthalshan,/lohr-zheer-thahl-shahn/,1,Verb: To export; to send goods or services through a jurisdictional border out of the jurisdiction through trade,Lorzhir jurisdictional border + Thal from or outward + Shan passage or transfer,,THAL; SHAN,2,0,0,Not individually reviewed in readiness audit,
Ianath,/ee-ah-nahth/,1,Noun: Ownership; an established state or recognized right of direct possession control use exclusion or transfer,Ian direct possession + -ath established or enduring state,,,2,0,0,Not individually reviewed in readiness audit,
Ngar,/n-gahr/,1,Noun: Weapon; an object or device designed or deliberately used to injure disable threaten or destroy,,,NGAR,2,0,0,Not individually reviewed in readiness audit,
Ngarpel,/n-gahr-pehl/,1,Noun: Sword; a long handheld bladed weapon used for cutting or thrusting,Ngar weapon + Pel sharpness piercing quality,Ngarapel,NGAR; Pel,4,0,0,Not individually reviewed in readiness audit,
Ngarzhir,/n-gahr-zheer/,1,Noun: Spear; a long shafted pointed weapon used for thrusting or throwing,Ngar weapon + Zhir narrow linear form,Ngarazhir,NGAR; ZHIR,2,0,0,Not individually reviewed in readiness audit,
Ravjor,/rahv-johr/,1,Noun: Bow; a tension weapon that stores force through bending and releases it to launch an arrow,Rav pull or tension + Jor sudden energetic release,Ravajor,RAV; JOR,2,0,0,Not individually reviewed in readiness audit,
Ravjorvek,/rahv-johr-vehk/,1,Noun: Arrow; a slender pointed projectile launched from a bow,Ravjor bow + Vek carried projectile,Ravajorvek,VEK,4,0,0,Not individually reviewed in readiness audit,
Arthkal,/ahrth-kahl/,1,Noun: Shield; a handheld worn generated or projected defensive barrier that intercepts or deflects attack,Arth defense + Kal force or strength,Arthakal,ARTH; KAL,4,0,0,Not individually reviewed in readiness audit,
Ngarjor,/n-gahr-johr/,1,Noun: Gun or firearm; a controlled mechanical weapon that launches a material projectile through explosive pressure or comparable discharge,Ngar weapon + Jor burst or discharge,Ngarajor,NGAR; JOR,3,0,0,Not individually reviewed in readiness audit,
Ngarzhel,/n-gahr-zhehl/,1,Noun: Energy weapon; a weapon that directs electrical magical kinetic radiant or comparable non-material energy,Ngar weapon + Zhel spark energy or charge,Ngarazhel,NGAR; ZHEL,2,0,0,Not individually reviewed in readiness audit,
Ngarvek,/n-gahr-vehk/,1,Noun: Ammunition or firing charge; a consumable projectile cartridge charge or stored firing unit loaded or supplied to a weapon,Ngar weapon + Vek carried charge or substance,Ngaravek,NGAR; VEK,2,0,0,Not individually reviewed in readiness audit,
Welarth,/wehl-ahrth/,1,Noun: Militia; a locally organized body of community members or citizens trained and available for collective defense commonly alongside ordinary civilian work,Wel community or shared action + Arth defense,,WEL; ARTH,5,0,0,Not individually reviewed in readiness audit,
Ngarwel,/n-gahr-wehl/,1,Noun: Army or armed force; a formally organized body trained equipped and commanded for sustained armed operations,Ngar weapon + Wel organized collective,Ngarawel,NGAR; WEL,4,0,0,Not individually reviewed in readiness audit,
Kesvar,/kehs-vahr/,1,Noun: Patrol; an organized watch journey repeatedly made through an area to observe warn deter danger or maintain security; also the group making that journey,Kes attention or noticing + Var purposeful movement,Kesavar,KES; Var-,13,0,0,Not individually reviewed in readiness audit,
Xarkaleth,/xahr-kah-leth/,1,Noun: Siege; a sustained operation that encloses isolates or denies passage and supplies to a fortified place in order to compel surrender,Xar covering or enclosure + Kaleth fortress or stronghold,,XAR,3,0,0,Not individually reviewed in readiness audit,
Vethbel,/vehth-behl/,1,Noun: Trap; a concealed or prepared device placement or situation intended to capture restrain injure or disable,Veth hidden or unseen + Bel binding or restraint,Vethabel,VETH; BEL,2,0,0,Not individually reviewed in readiness audit,
Lorpel,/lohr-pehl/,1,Noun: Target; a person place object or point deliberately selected as the focus of observation pursuit action or attack,Lor directed focus or sightline + Pel precise point,Lorapel,LOR; Pel,2,0,0,Not individually reviewed in readiness audit,
Lorpelaen,/lohr-peh-lah-ehn/,1,Verb: To aim; to align one's attention body tool weapon or projected action toward an intended target,Lorpel target + -aen verb,,,2,0,0,Not individually reviewed in readiness audit,
Ngarjoraen,/n-gahr-johr-ah-ehn/,1,Verb: To shoot or fire; to launch a projectile or directed discharge from a weapon,Ngar weapon + Jor burst or release + -aen verb,Ngarajoraen,NGAR; JOR,2,0,0,Not individually reviewed in readiness audit,
Arthkaraen,/ahrth-kahr-ah-ehn/,1,Verb: To block or parry; to intercept stop or turn aside an incoming strike projectile or directed attack,Arth defense + Kar strike or applied force + -aen verb,Arthakaraen,ARTH; KAR,2,0,0,Not individually reviewed in readiness audit,
Vethvaraen,/vehth-vahr-ah-ehn/,1,Verb: To retreat or withdraw from danger or combat while preserving purposeful movement cohesion or the possibility of continued action,Vethvar behind or toward the rear + -aen verb,Vethavaraen,,2,0,0,Not individually reviewed in readiness audit,
Kaarthaen,/kah-ahr-thah-ehn/,1,Verb: To surrender; to cease resistance and submit oneself or one's force to an opposing authority or power,Ka cessation or without-state + Arth defense or resistance + -aen verb,,KA; ARTH,2,0,0,Not individually reviewed in readiness audit,
Mavmor,/mahv-mohr/,1,Noun: Poison or toxin; a substance that disrupts bodily function or causes illness injury or death through ingestion contact inhalation or injection,Mav bodily illness + Mor physical substance,Mavamor,MAV; MOR,3,0,0,Not individually reviewed in readiness audit,
Rathnor,/rahth-nor/,1,Noun: War; sustained organized armed conflict between political communities states peoples or major factions,Rath hostile opposition or foe + Nor continuing time or event duration,Rathanor,Rath; NOR,3,0,0,Not individually reviewed in readiness audit,
Rathjor,/rahth-johr/,1,Noun: Battle; a bounded armed encounter or major clash usually occurring within a larger war or campaign,Rath hostile opposition + Jor forceful surge or clash,Rathajor,Rath; JOR,3,0,0,Not individually reviewed in readiness audit,
Tlamor,/tlah-mohr/,1,Noun: Sex; sexual activity or intercourse involving bodily intimacy without specifying participants relationship purpose or gender,Tla intimacy or close connection + Mor physical embodiment or matter,,TLA; MOR,5,0,0,Not individually reviewed in readiness audit,
Tlamoraen,/tlah-moh-rah-ehn/,1,Verb: To have sex or engage in sexual activity,Tlamor sex + -aen verb,,,2,0,0,Not individually reviewed in readiness audit,
Tlamoreth,/tlah-moh-rehth/,1,Adjective: Sexual; pertaining to sexual activity or its bodily functions,Tlamor sex + -eth adjective,,,2,0,0,Not individually reviewed in readiness audit,
Shalbal,/shahl-bahl/,1,Noun: Birth; the emergence of a living being from pregnancy an egg a pod or comparable development into independent life,Shal life or beginning + Bal budding growth,Shalabal,SHAL; BAL,3,0,0,Not individually reviewed in readiness audit,
Shalbalaen,/shahl-bah-lah-ehn/,1,Verb: To give birth or bring a developing living being into independent life; the passive form means to be born,Shalbal birth + -aen verb,,,2,0,0,Not individually reviewed in readiness audit,
Shalbaleth,/shahl-bah-lehth/,1,Adjective: Newborn or newly born; having very recently emerged into independent life,Shalbal birth + -eth adjective,Shalabaleth,,2,0,0,Not individually reviewed in readiness audit,
Duma,/doo-mah/,1,Noun: Death; the irreversible end of a living being's bodily life without by itself determining what happens to soul identity or memory,,,DUMA,2,0,0,Not individually reviewed in readiness audit,
Dumaen,/doo-mah-ehn/,1,Verb: To die; to undergo the irreversible end of bodily life,Duma death + -aen verb,,DUMA,2,0,0,Not individually reviewed in readiness audit,
Dumeth,/doo-mehth/,1,Adjective: Dead or deceased; no longer bodily alive,Duma death + -eth adjective,,DUMA,2,0,0,Not individually reviewed in readiness audit,
Sel,/sehl/,2,Noun: Mental clarity; an unobscured and internally ordered state of thought without implying truth evidence or correctness | Noun: Physical clarity; purity; absence of grime,,,SEL,4,0,0,Not individually reviewed in readiness audit,
Dov,/dohv/,1,Noun: Play or recreation undertaken primarily for enjoyment,,,DOV,2,0,0,Not individually reviewed in readiness audit,
Dovaen,/doh-vah-ehn/,1,Verb: To play or engage in recreation,Dov play or recreation + -aen verb,,DOV,4,0,0,Not individually reviewed in readiness audit,
Dovath,/doh-vahth/,1,Noun: A game; a bounded form of play with recognized rules or goals,Dov play + Ath established or bounded completed form,,DOV; ATH,8,0,0,Not individually reviewed in readiness audit,
Dovin,/doh-veen/,1,Noun: A player participating in play or a game,Dov play + -in participant relation,,DOV,6,0,0,Not individually reviewed in readiness audit,
Kaldov,/kahl-dohv/,1,Noun: A sport; physically demanding or trained skill-based play,Kal physical power or trained ability + Dov play,,DOV; KAL,2,0,0,Not individually reviewed in readiness audit,
Nak,/nahk/,1,Noun: Competition; organized striving whose outcomes are compared,,,NAK,2,0,0,Not individually reviewed in readiness audit,
Nakaen,/nah-kah-ehn/,1,Verb: To compete,Nak competition + -aen verb,,NAK,7,0,0,Not individually reviewed in readiness audit,
Nakin,/nah-keen/,1,Noun: Competitor or contestant,Nak competition + -in participant relation,,NAK,4,0,0,Not individually reviewed in readiness audit,
Sivvok,/seev-vohk/,1,Noun: A team; people joined around one shared effort or goal,Siv directed effort + Vok unity or bond,Sivavok,SIV; VOK,10,0,0,Not individually reviewed in readiness audit,
Thalnakin,/thahl-nah-keen/,1,Noun: An opponent; the competitor serving as one's balancing counterpart,Thal reciprocal balance + Nakin competitor,,NAK; THAL,2,0,0,Not individually reviewed in readiness audit,
Nakshara,/nahk-shah-rah/,1,Noun: A rule or agreed course governing a game or competition,Nak competition + Shara ordered path or course,Nakashara,NAK; SHARA,3,0,0,Not individually reviewed in readiness audit,
Naklorral,/nahk-lohr-rahl/,1,Noun: Referee or competition judge entrusted to guide and assess fair play,Nak competition + Lor guidance + Ral entrusted practiced role,Nakalorral,NAK; LOR; RAL,6,0,0,Not individually reviewed in readiness audit,
Naktal,/nahk-tahl/,1,Noun: Prize or reward awarded through competition,Nak competition + Tal offering or transfer,Nakatal,NAK; TAL,2,0,0,Not individually reviewed in readiness audit,
Shalnak,/shahl-nahk/,1,Noun: Victory or a competitive win,Shal forward or light-facing position + Nak competition,,NAK; SHAL,3,0,0,Not individually reviewed in readiness audit,
Shalnakaen,/shahl-nah-kah-ehn/,1,Verb: To win a competition,Shalnak victory + -aen verb,,NAK,3,0,0,Not individually reviewed in readiness audit,
Vethnak,/vehth-nahk/,1,Noun: Defeat or competitive loss,Veth behind or shaded position + Nak competition,Vethanak,NAK; VETH,2,0,0,Not individually reviewed in readiness audit,
Vethnakaen,/vehth-nah-kah-ehn/,1,Verb: To lose a competition,Vethnak defeat + -aen verb,Vethanakaen,NAK,2,0,0,Not individually reviewed in readiness audit,
Thalnak,/thahl-nahk/,1,Noun: A tie or draw; a competitively balanced result,Thal equilibrium + Nak competition,,NAK; THAL,2,0,0,Not individually reviewed in readiness audit,
Jornak,/johr-nahk/,1,Noun: A race; competition determined primarily by speed,Jor energetic surge or speed + Nak competition,,NAK; JOR,6,0,0,Not individually reviewed in readiness audit,
Jornakaen,/johr-nah-kah-ehn/,1,Verb: To race or compete for speed,Jornak race + -aen verb,,NAK,2,0,0,Not individually reviewed in readiness audit,
Trakshalilaen,/trahk-shah-leel-ah-ehn/,1,Verb: To skate; to glide using foot-worn runners wheels or comparable low-friction equipment,Trak foot-borne movement + established Shalil flowing lightly + -aen verb,Trakashalilaen,TRAK,2,0,0,Not individually reviewed in readiness audit,
Mahrshalilaen,/mahr-shah-leel-ah-ehn/,1,Verb: To surf or current-glide across moving water using a board glider or body control,Mahr sea or ocean + established Shalil flowing lightly + -aen verb,Mahrashalilaen,MAHR,2,0,0,Not individually reviewed in readiness audit,
Aennor,/ah-ehn-nohr/,1,Noun: Music; intentionally organized sound unfolding through time,Canonical Aen sound or breath + Nor time,,Aen; NOR,5,0,0,Not individually reviewed in readiness audit,
Aennoraen,/ah-ehn-noh-rah-ehn/,1,Verb: To make play or perform music,Aennor music + -aen verb,,,5,0,0,Not individually reviewed in readiness audit,
Aennorral,/ah-ehn-nohr-rahl/,1,Noun: Musician; a person with a practiced role making or performing music,Aennor music + Ral practiced role,,RAL,8,0,0,Not individually reviewed in readiness audit,
Thael,/thah-ehl/,2,Noun: Rhythm or beat; a recurring pattern of pulse sound or movement | Adjective: Gentle motion; breeze-like rhythm,,,THAEL,4,0,0,Not individually reviewed in readiness audit,
Aenthael,/ah-ehn-thah-ehl/,1,Noun: A song; a bounded vocal or musical composition organized by rhythm,Aen voice or sound + Thael rhythm,,Aen; THAEL,4,0,0,Not individually reviewed in readiness audit,
Aenthaelaen,/ah-ehn-thah-ehl-ah-ehn/,1,Verb: To sing,Aenthael song + -aen verb,,,4,0,0,Not individually reviewed in readiness audit,
Aenthaelral,/ah-ehn-thah-ehl-rahl/,1,Noun: Singer; a person with a practiced singing role,Aenthael song + Ral practiced role,Aenthaelaral,RAL,4,0,0,Not individually reviewed in readiness audit,
Welaenthael,/wehl-ah-ehn-thah-ehl/,1,Noun: Chorus; coordinated group singing or the group singing together,Wel communal flow + Aenthael song,,WEL,4,0,0,Not individually reviewed in readiness audit,
Karthael,/kahr-thah-ehl/,1,Noun: Drum or percussion instrument sounded through rhythmic striking,Kar striking action + Thael rhythm,Karathael,KAR; THAEL,4,0,0,Not individually reviewed in readiness audit,
Karthaelaen,/kahr-thah-ehl-ah-ehn/,1,Verb: To drum or produce rhythm through repeated striking,Karthael drum + -aen verb,Karathaelaen,,4,0,0,Not individually reviewed in readiness audit,
Karthaelral,/kahr-thah-ehl-rahl/,1,Noun: Drummer or practiced percussionist,Karthael drum + Ral practiced role,Karathaelaral,RAL,4,0,0,Not individually reviewed in readiness audit,
Thaelaen,/thah-ehl-ah-ehn/,1,Verb: To dance; to move the body in deliberate rhythm,Thael rhythm or patterned movement + -aen verb,,THAEL,2,0,0,Not individually reviewed in readiness audit,
Thaelral,/thah-ehl-rahl/,1,Noun: Dancer; a person with a practiced dancing role,Thael rhythm or dance + Ral practiced role,Thaelaral,THAEL; RAL,5,0,0,Not individually reviewed in readiness audit,
Aenzhir,/ah-ehn-zheer/,1,Noun: Melody or musical line; a connected path of sound through time,Aen sound + Zhir connected thread through time,,Aen; ZHIR,2,0,0,Not individually reviewed in readiness audit,
Zhirkel,/zheer-kehl/,1,Noun: Story tale or narrative; connected words carrying events through sequence,Zhir continuity through time + Kel word or text,,ZHIR; KEL,6,0,0,Not individually reviewed in readiness audit,
Zhirkelral,/zheer-kehl-rahl/,1,Noun: Storyteller; a practiced teller or keeper of narratives,Zhirkel story + Ral practiced role,Zhirkelaral,RAL,5,0,0,Not individually reviewed in readiness audit,
Rinpral,/reen-prahl/,1,Noun: Art or an artwork; deliberate expressive making that gives perceptible form to inner essence,Rin inner essence + Pral skilled detailed making,,RIN; PRAL,3,0,0,Not individually reviewed in readiness audit,
Rinpralral,/reen-prahl-rahl/,1,Noun: Artist; a practiced maker of expressive art,Rinpral art + Ral practiced role,Rinpralaral,RAL,2,0,0,Not individually reviewed in readiness audit,
Norpral,/nohr-prahl/,1,Noun: Live performance; expressive skilled work presented as it unfolds through time,Nor unfolding time + Pral skilled expressive work,,NOR; PRAL,3,0,0,Not individually reviewed in readiness audit,
Norpralaen,/nohr-prahl-ah-ehn/,1,Verb: To perform or present an artistic work live,Norpral live performance + -aen verb,,,4,0,0,Not individually reviewed in readiness audit,
Norpralral,/nohr-prahl-rahl/,1,Noun: Performer; a person with a practiced live-performance role,Norpral live performance + Ral practiced role,Norpralaral,RAL,3,0,0,Not individually reviewed in readiness audit,
Khumkes,/khoom-kehs/,1,Noun: Audience; a gathered body joined by attention to a performance speaker or event,Khum listening or reconciliation circle + Kes directed attention,,KHUM; KES,6,0,0,Not individually reviewed in readiness audit,
Norpralor,/nohr-prah-lohr/,1,Noun: Stage or designated performance area,Norpral live performance + -or place or bounded setting,,,9,0,0,Not individually reviewed in readiness audit,
Rim,/reem/,1,Noun: Celebration; a festive observance expressing shared joy recognition or remembrance,,,RIM,2,0,0,Not individually reviewed in readiness audit,
Rimaen,/ree-mah-ehn/,1,Verb: To celebrate or observe festively,Rim celebration + -aen verb,,RIM,2,0,0,Not individually reviewed in readiness audit,
Rimor,/ree-mohr/,1,Noun: Festival; a time-bounded or place-bounded public celebration,Rim celebration + -or place or time-bounded domain,,RIM,7,0,0,Not individually reviewed in readiness audit,
Ndem,/n-dehm/,1,Noun: Blood; the circulating bodily fluid associated with life injury and internal transport,,,NDEM,3,0,0,Not individually reviewed in readiness audit,
Ndemaen,/n-deh-mah-ehn/,1,Verb: To bleed; for blood to leave its vessels or the body through injury or another bodily cause,Ndem blood + -aen verb,,NDEM,3,0,0,Not individually reviewed in readiness audit,
Mavkes,/mahv-kehs/,1,Noun: Symptom or clinical sign; an experienced or observable indication of illness injury or bodily disturbance,Mav illness + Kes noticed evidence,,MAV; KES,2,0,0,Not individually reviewed in readiness audit,
Keshen,/keh-shehn/,1,Noun: Clinical examination or assessment through structured observation and measurement,Kes observation + Shen measurement,,KES; SHEN,2,0,0,Not individually reviewed in readiness audit,
Keshenaen,/keh-sheh-nah-ehn/,1,Verb: To examine or assess clinically through directed observation questions touch measurement or testing,Keshen clinical examination + -aen verb,,,33,0,0,Not individually reviewed in readiness audit,
Keshenath,/keh-sheh-nahth/,1,Noun: Diagnosis; the concluded identification of a bodily condition based on clinical signs and assessment,Keshen clinical examination + -ath established result,,,2,0,0,Not individually reviewed in readiness audit,
Sava,/sah-vah/,1,Noun: Care or treatment for sickness or injury in ordinary speech without specifying a formal method or clinical plan,,,SAVA,2,0,0,Not individually reviewed in readiness audit,
Savaen,/sah-vah-ehn/,1,Verb: To care for or treat someone who is sick or injured in an ordinary nontechnical sense,Sava ordinary health care + -aen verb,,SAVA,5,0,0,Not individually reviewed in readiness audit,
Savin,/sah-veen/,1,Noun: Patient; a person or living being presently receiving or awaiting health care,Sava ordinary health care + -in participant relation,,SAVA,24,0,0,Not individually reviewed in readiness audit,
Savor,/sah-vohr/,1,Noun: Clinic infirmary or ordinary place organized to provide health care,Sava ordinary health care + -or place,,SAVA,8,0,0,Not individually reviewed in readiness audit,
Talzhael,/tahl-zhah-ehl/,1,Noun: Defined medical treatment therapeutic intervention or planned course selected for a particular condition,Tal directed application + Zhael restoration,Talazhael,TAL; ZHAEL,5,0,0,Not individually reviewed in readiness audit,
Talzhaelaen,/tahl-zhah-ehl-ah-ehn/,1,Verb: To administer or carry out a defined medical treatment or therapeutic intervention,Talzhael defined treatment + -aen verb,,,2,0,0,Not individually reviewed in readiness audit,
Zhaelphel,/zhah-ehl-fehl/,1,Noun: Medicine; a prepared substance formulation or directed therapeutic agent used to prevent relieve or treat illness or injury,Zhael restoration + Phel soothing relief,Zhaelaphel,ZHAEL; PHEL,3,0,0,Not individually reviewed in readiness audit,
Zhaelshen,/zhah-ehl-shehn/,1,Noun: Medicinal dose; one measured amount of medicine administered at one time,Zhael therapeutic restoration + Shen measured amount,,ZHAEL; SHEN,2,0,0,Not individually reviewed in readiness audit,
Morzhael,/mohr-zhah-ehl/,1,Noun: Physical healing or recovery; the bodily process of returning toward health or usable function,Mor physical embodiment + Zhael renewal,Morazhael,MOR; ZHAEL,3,0,0,Not individually reviewed in readiness audit,
Mavkrez,/mahv-krehz/,1,Noun: Fever; illness-associated elevation of bodily heat,Mav illness + Krez bodily heat,Mavakrez,MAV; KREZ,3,0,0,Not individually reviewed in readiness audit,
Mavbal,/mahv-bahl/,1,Noun: Infection; harmful biological invasion or growth within living tissue or a bodily system,Mav illness + Bal living growth,Mavabal,MAV; BAL,6,0,0,Not individually reviewed in readiness audit,
Mavbaleth,/mahv-bah-lehth/,1,Adjective: Infected; affected by harmful biological presence or growth,Mavbal infection + -eth adjective,,,2,0,0,Not individually reviewed in readiness audit,
Mavbalshaneth,/mahv-bahl-shah-nehth/,1,Adjective: Infectious or contagious; capable of transmitting an infection between hosts,Mavbal infection + Shan passage or transfer + -eth adjective,,SHAN,2,0,0,Not individually reviewed in readiness audit,
Zhaelolan,/zhah-ehl-oh-lahn/,1,Noun: Medicinal salve or ointment; a spreadable topical preparation used to soothe protect or treat tissue,Zhael restoration + Olan oil-like substance,,ZHAEL; OLAN,2,0,0,Not individually reviewed in readiness audit,
Aivkorxar,/ah-eev-kohr-xahr/,1,Noun: Bandage or wound dressing; a covering placed over an injured bodily site to protect it or support healing,Aivkor wound + Xar protective covering,Aivakorxar,XAR,6,0,0,Not individually reviewed in readiness audit,
Jorzhael,/johr-zhah-ehl/,1,Noun: First aid; immediate limited care intended to preserve life prevent worsening or stabilize someone before fuller treatment,Jor urgent burst + Zhael restoration,,JOR; ZHAEL,3,0,0,Not individually reviewed in readiness audit,
Mavmorzhael,/mahv-mohr-zhah-ehl/,1,Noun: Antidote; medicine or treatment specifically intended to counteract a poison or toxin,Mavmor poison + Zhael restoration,Mavamorzhael,ZHAEL,2,0,0,Not individually reviewed in readiness audit,
Rekrathlor,/rehk-rahth-lohr/,1,Noun: Emergency; an immediate serious danger requiring prompt coordinated action,Rek peak intensity + Rathlor danger,Rekarathlor,REK,5,0,0,Not individually reviewed in readiness audit,
Rathlorkel,/rahth-lohr-kehl/,1,Noun: Warning or alert communicating a present or approaching danger,Rathlor danger + Kel stated message,,KEL,3,0,0,Not individually reviewed in readiness audit,
Velmav,/vehl-mahv/,1,Noun: Hypothermia or dangerous systemic cold exposure; bodily illness caused by excessive loss of heat,Vel severe cold or cold endurance + Mav bodily illness,Velamav,VEL; MAV,3,0,0,Not individually reviewed in readiness audit,
Rekmav,/rehk-mahv/,1,Noun: Severe systemic heat illness including heatstroke; bodily failure caused by excessive environmental heat,Rek peak heat or intensity + Mav bodily illness,Rekamav,REK; MAV,3,0,0,Not individually reviewed in readiness audit,
Velaivkor,/vehl-ah-eev-kohr/,1,Noun: Frostbite; localized bodily tissue injury caused by severe cold or freezing,Vel cold + Aivkor wounded bodily site,,VEL,2,0,0,Not individually reviewed in readiness audit,
Kadromav,/kah-droh-mahv/,1,Noun: Bodily dehydration; an unsafe physiological deficit of water,Ka absence + Dro physical water + Mav bodily illness,,KA; DRO; MAV,2,0,0,Not individually reviewed in readiness audit,
Kesrin,/kehs-reen/,1,Noun: Wakeful consciousness; a living being's present capacity for awareness and responsive engagement,Kes awareness + Rin embodied inner self,,KES; RIN,2,0,0,Not individually reviewed in readiness audit,
Kakesrin,/kah-kehs-reen/,1,Noun: Unconsciousness; involuntary absence of wakeful awareness and responsive engagement while bodily life continues,Ka absence + Kesrin wakeful consciousness,,KA,2,0,0,Not individually reviewed in readiness audit,
Kakesrineth,/kah-kehs-ree-nehth/,1,Adjective: Unconscious; alive but not wakefully aware or responsively engaged,Kakesrin unconsciousness + -eth adjective,,,3,0,0,Not individually reviewed in readiness audit,
Kesrinaen,/kehs-ree-nah-ehn/,1,Verb: To regain consciousness or return to wakeful responsiveness after unconsciousness,Kesrin wakeful consciousness + -aen verb,,,3,0,0,Not individually reviewed in readiness audit,
Vaarshan,/vahr-shahn/,1,Noun: Rescue; the successful transfer of an endangered or trapped being into relative safety,Vaar safety + Shan passage or transfer,,VAAR; SHAN,3,0,0,Not individually reviewed in readiness audit,
Vaarshanaen,/vahr-shah-nah-ehn/,1,Verb: To rescue; to bring an endangered or trapped being out of immediate danger or confinement into relative safety,Vaarshan rescue + -aen verb,,,2,0,0,Not individually reviewed in readiness audit,
Thalwelvar,/thahl-wehl-vahr/,1,Noun: Evacuation; organized outward movement of people or living beings from a dangerous place,Thal outward or from + Wel coordinated group + Var movement,,THAL; WEL; Var-,2,0,0,Not individually reviewed in readiness audit,
Thalwelvaraen,/thahl-wehl-vah-rah-ehn/,1,Verb: To evacuate; to organize or carry out removal of people or living beings from a dangerous place,Thalwelvar evacuation + -aen verb,,,2,0,0,Not individually reviewed in readiness audit,
Mavbalshanaen,/mahv-bahl-shah-nah-ehn/,1,Verb: To transmit an infection between hosts or populations,Mavbal infection + Shan passage + -aen verb,,SHAN,2,0,0,Not individually reviewed in readiness audit,
Mavbalxar,/mahv-bahl-xahr/,1,Noun: Quarantine; health-directed separation used to prevent possible transmission of infection,Mavbal infection + Xar protective enclosure,Mavabalxar,XAR,3,0,0,Not individually reviewed in readiness audit,
Shalkav,/shahl-kahv/,1,Noun: Survival; continued bodily life or essential function despite danger deprivation injury or destructive conditions,Shal life + Kav preservation or endurance through time,Shalakav,SHAL; KAV,2,0,0,Not individually reviewed in readiness audit,
Kavaen,/kah-vah-ehn/,1,Verb: To endure last or survive through damaging conditions without ceasing to live or function,Kav preservation or endurance through time + -aen verb,,KAV,3,0,0,Not individually reviewed in readiness audit,
Vaarbelwek,/vahr-behl-wehk/,1,Noun: Safety or emergency protocol; an established ordered procedure for preventing harm or responding to danger,Vaar safety + Belwek ordered recurring process,,VAAR,3,0,0,Not individually reviewed in readiness audit,
Nethvek,/nehth-vehk/,1,Noun: Stretcher or supported casualty carrier designed to move someone who cannot move safely,Neth bodily rest or support + Vek carrier,Nethavek,NETH; VEK,2,0,0,Not individually reviewed in readiness audit,
Shentalzhael,/shehn-tahl-zhah-ehl/,2,Noun: Medical triage; measured assignment of treatment priority and limited care resources according to urgency | Verb: To triage / To prioritize treatment,Shen measured assignment + Talzhael defined treatment,,SHEN,2,0,0,Not individually reviewed in readiness audit,
Felmorl,/fehl-morl/,1,Noun: Hill; a natural raised landform smaller and generally lower than a mountain,Fel small + Morl mountain,,FEL; MORL,3,0,0,Not individually reviewed in readiness audit,
Delmorl,/dehl-morl/,1,Noun: Valley; low land held between opposing slopes or heights,Del paired sides + Morl mountain or raised stone land,,DEL; MORL,2,0,0,Not individually reviewed in readiness audit,
Pelmorl,/pehl-morl/,1,Noun: Cliff; a steep exposed face of rock or earth,Pel sharp edge + Morl stone landform,,Pel; MORL,2,0,0,Not individually reviewed in readiness audit,
Morlshara,/morl-shah-rah/,1,Noun: Mountain pass; a traversable route through or between mountain heights,Morl mountain + Shara path,,MORL; SHARA,2,0,0,Not individually reviewed in readiness audit,
Xarmorl,/xahr-morl/,1,Noun: Cave or cavern; a naturally sheltered hollow within earth or stone,Xar protective or concealing cover + Morl stone,,XAR; MORL,2,0,0,Not individually reviewed in readiness audit,
Shanmorl,/shahn-morl/,1,Noun: Canyon or gorge; a deep open passage cut through rock or land,Shan passage through + Morl stone land,,SHAN; MORL,2,0,0,Not individually reviewed in readiness audit,
Selmor,/sehl-mor/,1,Noun: Plain; broad relatively level open ground,Sel clear or unobstructed + Mor ground,,SEL; MOR,4,0,0,Not individually reviewed in readiness audit,
Ndavimor,/n-dah-vee-mor/,1,Noun: Plateau; a broad area of high relatively level ground,Ndavi fixed vertical level + Mor ground,,NDAVI; MOR,2,0,0,Not individually reviewed in readiness audit,
Kadromor,/kah-droh-mor/,1,Noun: Desert or arid land; a broad region defined by persistent lack of available water,Ka absence + Dro water + Mor land,,KA; DRO; MOR,2,0,0,Not individually reviewed in readiness audit,
Brossadar,/bros-sah-dahr/,1,Noun: Dune; a banked or ridged body of wind-shaped sand,Bros layer or stratum + Sadar sand,,BROS; SADAR,2,0,0,Not individually reviewed in readiness audit,
Velkmorl,/velk-morl/,1,Noun: Glacier; a large enduring mass of landbound ice that moves slowly under its own weight,Velk ice + Morl mountain or massive stone landform,Velkamorl,MORL,2,0,0,Not individually reviewed in readiness audit,
Terramahr,/teh-rah-mahr/,1,Noun: Coast or coastline; the meeting boundary of land and sea,Terra land + Mahr ocean,,TERRA; MAHR,3,0,0,Not individually reviewed in readiness audit,
Drenfel,/drehn-fehl/,1,Noun: Stream or brook; a small natural flowing watercourse,Dren river or water + Fel small,,DREN; FEL,4,0,0,Not individually reviewed in readiness audit,
Fellun,/fehl-loon/,1,Noun: Pond; a small inland body of relatively still water,Fel small + Lun lake,,FEL; LUN,2,0,0,Not individually reviewed in readiness audit,
Drenverd,/drehn-vehrd/,1,Noun: Wetland; water-saturated habitat such as a marsh swamp or bog,Dren water + Verd living plant growth,,DREN; VERD,3,0,0,Not individually reviewed in readiness audit,
Mahrmorl,/mahr-morl/,1,Noun: Reef; a shallow submerged ridge or structure of rock coral or accumulated biological material,Mahr sea + Morl ridge or stone structure,,MAHR; MORL,2,0,0,Not individually reviewed in readiness audit,
Drenjor,/drehn-jor/,1,Noun: Wave; a traveling rise fall or surge across a body of water,Dren water + Jor surge,,DREN; JOR,2,0,0,Not individually reviewed in readiness audit,
Mahrwel,/mahr-wehl/,1,Noun: Current; sustained directional movement within a body of water,Mahr sea or large water + Wel continuous flow,,MAHR; WEL,2,0,0,Not individually reviewed in readiness audit,
Eshnor,/esh-nor/,1,Noun: Weather; the present or near-term condition of the air and sky,Esh air or sky + Nor time-state,,ESH; NOR,2,0,1,Not individually reviewed in readiness audit,
Eshweknor,/esh-wehk-nor/,1,Noun: Climate; the recurring long-duration pattern of weather in a region,Esh sky or air + Wek recurring cycle + Nor extended time-state,Eshwekenor,ESH; WEK; NOR,2,0,1,Not individually reviewed in readiness audit,
Drenesh,/drehn-esh/,1,Noun: Cloud; a visible gathered body of water droplets ice dust or vapor in the sky,Dren water-bearing substance + Esh sky,,DREN; ESH,2,0,0,Not individually reviewed in readiness audit,
Eshkar,/esh-kahr/,1,Noun: Thunder; the abrupt sound produced through a storm-charged sky,Esh sky + Kar strike,,ESH; KAR,2,0,0,Not individually reviewed in readiness audit,
Eshjor,/esh-jor/,1,Noun: Gale; a sustained dangerously strong wind,Esh air + Jor surge,,ESH; JOR,3,0,0,Not individually reviewed in readiness audit,
Eshdren,/esh-drehn/,1,Noun: Humidity; the amount or felt presence of water vapor in the air,Esh air + Dren water,,ESH; DREN,2,0,0,Not individually reviewed in readiness audit,
Kadro,/kah-droh/,1,Noun: Drought; a sustained period of dangerously insufficient available water,Ka absence + Dro physical water,,KA; DRO,2,0,0,Not individually reviewed in readiness audit,
Drenrek,/drehn-rehk/,1,Noun: Flood; an event in which water rises or spreads beyond its ordinary bounds,Dren water + Rek peak intensity,,DREN; REK,2,0,0,Not individually reviewed in readiness audit,
Morkar,/mor-kahr/,1,Noun: Earthquake or ground tremor; a sudden shaking of the ground,Mor earth or matter + Kar strike,,MOR; KAR,2,0,0,Not individually reviewed in readiness audit,
Morljor,/morl-jor/,1,Noun: Landslide or rockslide; rapid downslope movement of earth stone or debris,Morl mountain or stone + Jor surge,,MORL; JOR,2,0,0,Not individually reviewed in readiness audit,
Sadarjor,/sah-dahr-jor/,1,Noun: Sandstorm; wind-driven sand dense or forceful enough to impair travel sight or safety,Sadar sand + Jor surge,,SADAR; JOR,2,0,0,Not individually reviewed in readiness audit,
Velxar,/vehl-xahr/,1,Noun: Frost; a thin deposited or frozen coating of ice on a surface,Vel cold + Xar covering,,VEL; XAR,2,0,0,Not individually reviewed in readiness audit,
Felsadar,/fehl-sah-dahr/,1,Noun: Silt; fine mineral sediment carried or deposited by water,Fel small or fine + Sadar granular earth,,FEL; SADAR,2,0,0,Not individually reviewed in readiness audit,
Krezshen,/krehz-shehn/,1,Noun: Temperature; the measured thermal condition of something along a hot-to-cold scale,Krez heat + Shen measure,,KREZ; SHEN,3,0,0,Not individually reviewed in readiness audit,
Verdin,/vehr-deen/,1,Noun: Plant; an individual organism belonging to botanical life,Verd botanical life + -in individual participant,,VERD,7,0,0,Not individually reviewed in readiness audit,
Verdmarin,/vehrd-mah-reen/,1,Noun: Tree; a woody plant organized around a persistent trunk and branching growth,Verd plant life + Marin branch,,VERD; MARIN,4,0,0,Not individually reviewed in readiness audit,
Morlzhir,/morl-zheer/,1,Noun: Plant root; the usually hidden anchoring and absorbing structure extending through soil or another medium,Morl ground or stone + Zhir thread,,MORL; ZHIR,2,0,0,Not individually reviewed in readiness audit,
Verdxar,/vehrd-xahr/,1,Noun: Bark; the protective outer covering of a woody plant,Verd plant + Xar protective covering,,VERD; XAR,2,0,0,Not individually reviewed in readiness audit,
Zhirverd,/zheer-vehrd/,1,Noun: Vine; a climbing or trailing plant with a long flexible growth form,Zhir thread + Verd plant,,ZHIR; VERD,2,0,0,Not individually reviewed in readiness audit,
Verdpel,/vehrd-pehl/,1,Noun: Grass; narrow-bladed ground-covering plant growth,Verd plant life + Pel narrow edge or blade,,VERD; Pel,3,0,0,Not individually reviewed in readiness audit,
Balvek,/bahl-vehk/,1,Noun: Seed; a compact growth-bearing body capable of beginning a new plant,Bal living growth + Vek carrier,,BAL; VEK,2,0,0,Not individually reviewed in readiness audit,
Balshan,/bahl-shahn/,1,Noun: Pollination; transfer of reproductive plant material enabling seed or fruit formation,Bal growth + Shan transfer,,BAL; SHAN,2,0,0,Not individually reviewed in readiness audit,
Mbu,/m-boo/,1,Noun: Fungus or fungal life; an organism in the fungal kingdom distinct from plants and animals,,,MBU,2,0,0,Not individually reviewed in readiness audit,
Shalrin,/shahl-reen/,1,Noun: Organism; an individual living being considered as one functioning life,Shal life + Rin embodied self,,SHAL; RIN,2,0,0,Not individually reviewed in readiness audit,
Nali,/nah-lee/,1,Noun: Species; a recognized kind or lineage of living organisms whose members share an enduring biological identity,,,NALI,3,0,0,Not individually reviewed in readiness audit,
Nalior,/nah-lee-or/,1,Noun: Habitat; the ordinary environment in which an organism or species lives and meets its life needs,Nali species + -or place relation,,NALI,5,0,0,Not individually reviewed in readiness audit,
Ohmshal,/ohm-shahl/,1,Noun: Ecosystem; the connected living community and physical environment functioning together,Ohm connection + Shal life,,OHM; SHAL,3,0,0,Not individually reviewed in readiness audit,
Welnali,/wehl-nah-lee/,1,Noun: Population; the members of one species living in a defined place or study area,Wel shared collective + Nali species,,NALI; WEL,2,0,0,Not individually reviewed in readiness audit,
Kornali,/kor-nah-lee/,1,Noun: Native species; a species established within a place through its ordinary ecological history,Kor home or belonging + Nali species,,NALI; KOR,2,0,0,Not individually reviewed in readiness audit,
Shannali,/shahn-nah-lee/,1,Noun: Introduced species; a species carried beyond its prior range by people trade or another unusual transfer,Shan transfer + Nali species,,NALI; SHAN,2,0,0,Not individually reviewed in readiness audit,
Rathshannali,/rahth-shahn-nah-lee/,1,Noun: Invasive species; an introduced species that spreads in ways causing ecological harm,Rath danger + Shannali introduced species,Rathashannali,NALI; Rath,1,0,0,Not individually reviewed in readiness audit,
Dumanali,/doo-mah-nah-lee/,1,Noun: Extinction; the complete end of a species or distinct living lineage,Duma death + Nali species,,NALI; DUMA,1,0,0,Not individually reviewed in readiness audit,
Rathnali,/rahth-nah-lee/,1,Noun: Endangered or threatened species; a species facing a serious risk of extinction,Rath danger + Nali species,,NALI; Rath,2,0,0,Not individually reviewed in readiness audit,
Gavin,/gah-veen/,1,Noun: Prey or quarry; an animal pursued by a predator or hunter,Gav hunt or pursuit + -in pursued participant,,GAV,3,0,0,Not individually reviewed in readiness audit,
Rathzor,/rahth-zor/,1,Noun: Predator; an animal that hunts and consumes other animals,Rath dangerous opposing force + Zor animal,,Rath; ZOR,2,0,0,Not individually reviewed in readiness audit,
Welzor,/wehl-zor/,1,Noun: Animal group; a socially or spatially gathered body of animals including a herd flock pack school or swarm,Wel together or collective + Zor animal,,WEL; ZOR,3,0,0,Not individually reviewed in readiness audit,
Zornethor,/zor-neh-thor/,1,Noun: Nest den or lair; a place used by an animal for shelter rest birth or raising young,Zor animal + Nethor resting place,,ZOR,2,0,0,Not individually reviewed in readiness audit,
Wekvaraen,/wehk-vah-rah-ehn/,1,Verb: To migrate; to move cyclically or seasonally between habitats or regions,Wek cycle + Var move + -aen,Wekavaraen,WEK; Var-,2,0,0,Not individually reviewed in readiness audit,
Emilzhir,/eh-meel-zheer/,1,Noun: Food chain; a directional sequence of feeding relations through which nourishment and energy pass,Emil food + Zhir connecting thread,,ZHIR,2,0,0,Not individually reviewed in readiness audit,
Emilbel,/eh-meel-behl/,1,Noun: Food web; the interconnected network of feeding relationships within an ecosystem,Emil food + Bel binding network,,BEL,1,0,0,Not individually reviewed in readiness audit,
Terramav,/teh-rah-mahv/,1,Noun: Environmental or ecological degradation; sustained damage that weakens the health or functioning of land water air or living systems,Terra living world or land + Mav sickness,,TERRA; MAV,2,0,0,Not individually reviewed in readiness audit,
Mavverd,/mahv-vehrd/,1,Noun: Plant blight; a spreading disease or destructive condition affecting plants,Mav illness + Verd plant life,,MAV; VERD,2,0,0,Not individually reviewed in readiness audit,
Gorm,/gorm/,1,Noun: Dirt grime or unwanted soiling matter on a body object or surface,,,GORM,3,0,0,Not individually reviewed in readiness audit,
Welgorm,/wehl-gorm/,1,Noun: Pollution; harmful or unwanted matter or energy dispersed through shared air water soil or surroundings,Wel shared or spreading field + Gorm contamination or soiling matter,,GORM; WEL,2,0,0,Not individually reviewed in readiness audit,
Pelnor,/pehl-nor/,1,Noun: Erosion; gradual wearing cutting or removal of soil rock or surface material over time,Pel cutting edge + Nor time,,Pel; NOR,2,0,0,Not individually reviewed in readiness audit,
Xilnalior,/xil-nah-lee-or/,1,Noun: Habitat fragmentation; division of a habitat into disconnected or poorly connected pieces,Xil fragmentation + Nalior habitat,,XIL,2,0,0,Not individually reviewed in readiness audit,
Terrakav,/teh-rah-kahv/,1,Noun: Environmental conservation; deliberate long-term protection of lands waters species or ecological processes,Terra living world + Kav preservation,,TERRA; KAV,2,0,0,Not individually reviewed in readiness audit,
Terrazhael,/teh-rah-zhah-ehl/,1,Noun: Ecological restoration; deliberate assistance that returns a damaged environment toward health and function,Terra living world + Zhael renewal,,TERRA; ZHAEL,2,0,0,Not individually reviewed in readiness audit,
Sul,/sool/,1,Noun: Resource; a usable supply substance energy source or environmental provision available to meet a need,,,SUL,2,0,0,Not individually reviewed in readiness audit,
Worsul,/wor-sool/,1,Noun: Resource abundance or surplus; a condition in which usable supply substantially exceeds present need,Wor fullness or abundance + Sul resource,,SUL; WOR,2,0,0,Not individually reviewed in readiness audit,
Kasul,/kah-sool/,1,Noun: Resource scarcity or shortage; a condition in which usable supply is insufficient or difficult to obtain,Ka absence or insufficiency + Sul resource,,SUL; KA,2,0,0,Not individually reviewed in readiness audit,
Kavsul,/kahv-sool/,1,Noun: Reserve or stockpile; a supply deliberately preserved for later need or emergency use,Kav preservation through time + Sul resource,,SUL; KAV,2,0,0,Not individually reviewed in readiness audit,
Weksul,/wehk-sool/,1,Noun: Renewable resource; a resource replenished through a recurring natural or managed cycle at a usable rate,Wek cycle + Sul resource,,SUL; WEK,2,0,0,Not individually reviewed in readiness audit,
Versul,/vehr-sool/,1,Noun: Waste or refuse; material discarded or left over because it is no longer treated as a usable resource,Ver negation or reversal + Sul resource,,SUL; Ver,2,0,0,Not individually reviewed in readiness audit,
Dava,/dah-vah/,1,Noun: Information; meaningful content capable of being known communicated represented or stored,,,DAVA,2,0,0,Not individually reviewed in readiness audit,
Shendava,/shehn-dah-vah/,1,Noun: Data; observations measurements states or symbols arranged so they can be examined or processed,Shen measured value + Dava information,,DAVA; SHEN,5,0,0,Not individually reviewed in readiness audit,
Kavdava,/kahv-dah-vah/,1,Noun: Record; information deliberately preserved as an account of an event state decision person or transaction,Kav preservation through time + Dava information,,DAVA; KAV,5,0,0,Not individually reviewed in readiness audit,
Davaxar,/dah-vah-xahr/,1,Noun: File; one bounded body of information treated as a movable storable retrievable unit,Dava information + Xar enclosing boundary,,DAVA; XAR,6,0,0,Not individually reviewed in readiness audit,
Beldava,/behl-dah-vah/,1,Noun: Database; an organized body of related information or records structured for reliable retrieval,Bel organized system + Dava information,,DAVA; BEL,5,0,0,Not individually reviewed in readiness audit,
Davapral,/dah-vah-prahl/,1,Noun: Display or screen; a prepared surface on which changing information is made visible,Dava information + Pral prepared working surface,,DAVA; PRAL,2,0,0,Not individually reviewed in readiness audit,
Zheldava,/zhehl-dah-vah/,1,Noun: Signal; a detectable variation of energy sound light pressure motion or magic that carries information,Zhel energetic change + Dava information,,DAVA; ZHEL,4,0,0,Not individually reviewed in readiness audit,
Ohmshan,/ohm-shahn/,1,Noun: Interface; the shared boundary through which two people devices or systems exchange information or control,Ohm connection + Shan passage or transfer,,OHM; SHAN,2,0,0,Not individually reviewed in readiness audit,
Anmek,/ahn-mehk/,1,Noun: Input; information energy material or instruction supplied into a system for operation or processing,An inward or at-in relation + Mek constructed system,,An; MEK,2,0,0,Not individually reviewed in readiness audit,
Thalmek,/thahl-mehk/,1,Noun: Output; information energy material or result produced outward from a system,Thal from or out of + Mek constructed system,,THAL; MEK,2,0,0,Not individually reviewed in readiness audit,
Raku,/rah-koo/,1,Noun: Computation; rule-governed transformation or evaluation of numbers symbols states or information,,,RAKU,2,0,0,Not individually reviewed in readiness audit,
Rakuaen,/rah-koo-ah-ehn/,1,Verb: To compute or process; to transform or evaluate numbers symbols states or information through defined operations,Raku computation + -aen verb,,RAKU,3,0,0,Not individually reviewed in readiness audit,
Rakumek,/rah-koo-mehk/,1,Noun: Computer or computing device; a machine whose central function is computation and information processing,Raku computation + Mek machine,,RAKU; MEK,5,0,0,Not individually reviewed in readiness audit,
Rakufelmek,/rah-koo-fehl-mehk/,1,Noun: Processor; the component within a larger system that performs its central computational operations,Raku computation + Felmek component,,RAKU,2,0,0,Not individually reviewed in readiness audit,
Rakushara,/rah-koo-shah-rah/,1,Noun: Algorithm; a defined sequence of operations that produces or seeks a result from given input,Raku computation + Shara ordered path,,RAKU; SHARA,2,0,0,Not individually reviewed in readiness audit,
Rakukel,/rah-koo-kehl/,1,Noun: Code; symbolic instructions or expressions written so a computing system can interpret or execute them,Raku computation + Kel language or text,,RAKU; KEL,2,0,0,Not individually reviewed in readiness audit,
Belraku,/behl-rah-koo/,1,Noun: Program; an organized body of executable instructions and related computational structure,Bel organized binding + Raku computation,,RAKU; BEL,2,0,0,Not individually reviewed in readiness audit,
Varokraku,/vah-rohk-rah-koo/,1,Noun: Automation; transfer of an operation's moment-to-moment execution to an instruction-governed system,Varok direction or command + Raku rule-governed operation,,RAKU,2,0,0,Not individually reviewed in readiness audit,
Varokrakuaen,/vah-rohk-rah-koo-ah-ehn/,1,Verb: To automate; to place an operation under instruction-governed system execution,Varokraku automation + -aen verb,,RAKU,2,0,0,Not individually reviewed in readiness audit,
Varokrakueth,/vah-rohk-rah-koo-ehth/,1,Adjective: Automated; operating through prior instructions without continuous moment-to-moment human direction,Varokraku automation + -eth adjective,,RAKU,2,0,0,Not individually reviewed in readiness audit,
Davashanaen,/dah-vah-shahn-ah-ehn/,1,Verb: To transmit information or a signal from one person device or place toward another,Dava information + Shan transfer + -aen verb,,DAVA; SHAN,2,0,0,Not individually reviewed in readiness audit,
Deldavaen,/dehl-dah-vah-ehn/,1,Verb: To copy; to create a second information instance preserving the represented content,Del two or paired instance + Dava information + -aen verb,,DAVA; DEL,2,0,0,Not individually reviewed in readiness audit,
Andavaen,/ahn-dah-vah-ehn/,1,Verb: To upload; to transfer information into a remote shared or receiving system,An inward relation + Dava information + -aen verb,,DAVA; An,2,0,0,Not individually reviewed in readiness audit,
Thaldavaen,/thahl-dah-vah-ehn/,1,Verb: To download; to transfer information out of a remote or shared system into a local receiving system,Thal from or outward relation + Dava information + -aen verb,,DAVA; THAL,2,0,0,Not individually reviewed in readiness audit,
Kavdavaen,/kahv-dah-vah-ehn/,1,Verb: To record or save; to preserve information in a form intended for later retrieval,Kav preservation + Dava information + -aen verb,,DAVA; KAV,3,0,0,Not individually reviewed in readiness audit,
Kavdeldava,/kahv-dehl-dah-vah/,1,Noun: Backup; a deliberately preserved additional copy used to restore information after loss or damage,Kav preservation + Del second instance + Dava information,Kavadeldava,DAVA; KAV; DEL,2,0,0,Not individually reviewed in readiness audit,
Kesdavaen,/kehs-dah-vah-ehn/,1,Verb: To search or query; to examine an information body systematically for a requested item relation or result,Kes directed attention or detection + Dava information + -aen verb,,DAVA; KES,2,0,0,Not individually reviewed in readiness audit,
Belnoraen,/behl-nohr-ah-ehn/,1,Verb: To synchronize; to bring connected participants or systems into the same relevant timing sequence or information state,Bel coordinated system + Nor time or event flow + -aen verb,,BEL; NOR,2,0,0,Not individually reviewed in readiness audit,
Mekreth,/mehk-rehth/,1,Noun: System malfunction; a condition in which a constructed system no longer performs its intended operation reliably,Mek constructed system + Reth uncertainty or disorder,,MEK,2,0,0,Not individually reviewed in readiness audit,
Felmekreth,/fehl-mehk-rehth/,1,Noun: Defect or bug; one bounded flaw in a component design instruction set or program that can produce incorrect behavior,Fel small or bounded part + Mekreth system malfunction,Felmekareth,FEL,2,0,0,Not individually reviewed in readiness audit,
Rekmekreth,/rehk-mehk-rehth/,1,Noun: Crash; sudden severe system failure involving abrupt loss of operation or control,Rek peak intensity + Mekreth malfunction,Rekamekreth,REK,2,0,0,Not individually reviewed in readiness audit,
Rethdava,/rehth-dah-vah/,1,Noun: Data corruption; information made internally incoherent damaged or unreliable through unintended alteration,Reth confusion or disorder + Dava information,,DAVA,2,0,0,Not individually reviewed in readiness audit,
Xardava,/xahr-dah-vah/,1,Noun: Encrypted or deliberately protected information whose usable content is concealed without authorized recovery,Xar protective concealment + Dava information,,DAVA; XAR,2,0,0,Not individually reviewed in readiness audit,
Xardavaen,/xahr-dah-vah-ehn/,1,Verb: To encrypt; to transform information into a protected form that conceals its usable content,Xardava protected information + -aen verb,,DAVA,2,0,0,Not individually reviewed in readiness audit,
Kaxardavaen,/kah-xahr-dah-vah-ehn/,1,Verb: To decrypt; to restore protected information to usable form through authorized means,Ka removal or reversal + Xardava encrypted information + -aen verb,,DAVA; KA,2,0,0,Not individually reviewed in readiness audit,
Zhelwel,/zhehl-wehl/,1,Noun: Electrical or energetic current; sustained directional movement of charge through a medium or system,Zhel charge or energy + Wel continuous flow,,ZHEL; WEL,2,0,0,Not individually reviewed in readiness audit,
Zhelshara,/zhehl-shah-rah/,1,Noun: Circuit; an organized conductive path through which charge can travel and return or complete an intended route,Zhel charge + Shara path,,ZHEL; SHARA,4,0,0,Not individually reviewed in readiness audit,
Ravzhel,/rahv-zhehl/,1,Noun: Electrical potential or voltage; the difference that exerts a driving pull on charge between points,Rav pull or attraction + Zhel charge,,RAV; ZHEL,2,0,0,Not individually reviewed in readiness audit,
Zhelshan,/zhehl-shahn/,1,Noun: Conductor; a material component or path whose intended function is carrying electrical or magical charge,Zhel charge + Shan passage,,ZHEL; SHAN,2,0,0,Not individually reviewed in readiness audit,
Zhelxar,/zhehl-xahr/,1,Noun: Insulator; a material component or barrier used to prevent unwanted passage of charge,Zhel charge + Xar protective cover,,ZHEL; XAR,2,0,0,Not individually reviewed in readiness audit,
Jorzhelkav,/johr-zhehl-kahv/,1,Noun: Capacitor; a component that stores charge for rapid controlled release rather than sustained reserve use,Jor burst + Zhelkav energy-storage cell,,JOR,3,0,0,Not individually reviewed in readiness audit,
Zhelvorkor,/zhehl-vohr-kohr/,1,Noun: Electrical switch or gate; a device that opens closes or redirects a path of charge or control,Zhel charge + Vorkor gate,,ZHEL,2,0,0,Not individually reviewed in readiness audit,
Zhelpel,/zhehl-pehl/,1,Noun: Electrical contact or terminal; a defined point at which charge signal or a conductive connection enters leaves or joins a component,Zhel charge + Pel precise edge or point,,ZHEL; Pel,2,0,0,Not individually reviewed in readiness audit,
Jorzhel,/johr-zhehl/,1,Noun: Power surge; a brief sudden rise or burst of electrical or energetic force,Jor surge + Zhel energy,,JOR; ZHEL,2,0,0,Not individually reviewed in readiness audit,
Worzhel,/wohr-zhehl/,1,Noun: Overload; a condition in which supplied power current or demand exceeds the safe capacity of a system,Wor excess or abundance + Zhel energy,,WOR; ZHEL,3,0,0,Not individually reviewed in readiness audit,
Kazhel,/kah-zhehl/,1,Noun: Power outage or blackout; loss of usable supplied energy within a place device or connected system,Ka absence + Zhel power,,KA; ZHEL,2,0,0,Not individually reviewed in readiness audit,
Zhelreth,/zhehl-rehth/,1,Noun: Electrical fault; an abnormal electrical condition that disrupts safe or intended operation,Zhel charge + Reth disorder,,ZHEL,2,0,0,Not individually reviewed in readiness audit,
Rethzhelshara,/rehth-zhehl-shah-rah/,1,Noun: Short circuit; an unintended low-control path that allows charge to bypass its intended circuit route,Reth disorder + Zhelshara circuit,Rethazhelshara,,2,0,0,Not individually reviewed in readiness audit,
Zhelaen,/zhehl-ah-ehn/,1,Verb: To energize or power; to supply usable energy so a device system or effect can operate,Zhel energy + -aen verb,,ZHEL,2,0,0,Not individually reviewed in readiness audit,
Kavzhelaen,/kahv-zhehl-ah-ehn/,1,Verb: To charge or recharge; to place energy into a storage device for later release,Kav preservation + Zhel energy + -aen verb,,KAV; ZHEL,2,0,0,Not individually reviewed in readiness audit,
Thalzhelaen,/thahl-zhehl-ah-ehn/,1,Verb: To discharge; to release stored electrical or energetic charge outward from a component or system,Thal from or outward + Zhel charge + -aen verb,,THAL; ZHEL,2,0,0,Not individually reviewed in readiness audit,
Arthzhelshara,/ahrth-zhehl-shah-rah/,1,Noun: Circuit protector; a fuse breaker or comparable component that interrupts dangerous electrical conditions,Arth protection + Zhelshara circuit,Arthazhelshara,ARTH,2,0,0,Not individually reviewed in readiness audit,
Morzhelshan,/mohr-zhehl-shahn/,1,Noun: Electrical ground or grounding path; a controlled conductive connection to earth a common reference or a safe charge sink,Mor physical ground or matter + Zhelshan conductor,,MOR,2,0,0,Not individually reviewed in readiness audit,
Mekkes,/mehk-kehs/,1,Noun: Technical diagnostic examination; a systematic test used to locate or characterize a fault in a constructed system,Mek constructed system + Kes directed detection,,MEK; KES,2,0,0,Not individually reviewed in readiness audit,
Mekkesaen,/mehk-kehs-ah-ehn/,1,Verb: To diagnose or troubleshoot a constructed system by systematic testing and interpretation,Mekkes technical diagnostic examination + -aen verb,,,2,0,0,Not individually reviewed in readiness audit,
Varokmek,/vah-rohk-mehk/,1,Noun: Controller or control unit; a device or subsystem that directs another system according to commands input or prior instructions,Varok command or direction + Mek device,,MEK,4,0,0,Not individually reviewed in readiness audit,
Rethzheldava,/rehth-zhehl-dah-vah/,1,Noun: Signal interference or noise; unwanted disturbance that obscures alters or competes with an information-bearing signal,Reth disorder + Zheldava signal,Rethazheldava,DAVA,2,0,0,Not individually reviewed in readiness audit,
Songa,/soh-ngah/,1,"Noun: Universe or cosmos; the total physical expanse and all matter, energy, places, and events within it",,,SONGA,2,0,0,Not individually reviewed in readiness audit,
Songaeth,/soh-ngah-ehth/,1,"Adjective: Cosmic; relating to the universe's scale, structure, forces, or wider order",Songa universe + -eth adjective,,SONGA,2,0,0,Not individually reviewed in readiness audit,
Songazun,/soh-ngah-zoon/,1,Noun: Outer space; the predominantly empty region beyond a world's substantial atmosphere,Songa universe + Zun empty,,SONGA,3,0,0,Not individually reviewed in readiness audit,
Zunesh,/zoo-nehsh/,1,Noun: Vacuum; a region with no air or extremely little matter or pressure,Zun empty + Esh air,,ESH,2,0,0,Not individually reviewed in readiness audit,
Nyel,/nyehl/,1,Noun: Star; an individual self-luminous celestial body,,,NYEL,5,0,0,Not individually reviewed in readiness audit,
Nyeleth,/nyeh-lehth/,1,Adjective: Stellar; relating to or produced by a star,Nyel star + -eth adjective,,NYEL,2,0,0,Not individually reviewed in readiness audit,
Kreznyel,/krez-nyehl/,1,Noun: Sun; a star understood in relation to an orbiting world as a principal source of daylight and heat,Krez fire or heat + Nyel star,Krezenyel,NYEL; KREZ,3,0,0,Not individually reviewed in readiness audit,
Vora,/voh-rah/,1,Noun: Planet; a large rounded celestial body that orbits a star and does not itself shine as a star,,,VORA,8,0,0,Not individually reviewed in readiness audit,
Voraeth,/voh-rah-ehth/,1,Adjective: Planetary; relating to a planet as a whole or operating at planetary scale,Vora planet + -eth adjective,,VORA,2,0,0,Not individually reviewed in readiness audit,
Luneth,/loo-nehth/,1,"Adjective: Lunar; relating to a moon or its cycles, surface, light, or motion",Lun moon + -eth adjective,,LUN,2,0,0,Not individually reviewed in readiness audit,
Nyelbel,/nyehl-behl/,1,Noun: Star system or planetary system; a star or stars and the bodies gravitationally associated with them,Nyel star + Bel organized binding,,NYEL; BEL,2,0,0,Not individually reviewed in readiness audit,
Wornyelbel,/wor-nyehl-behl/,1,"Noun: Galaxy; a vast gravitationally associated gathering of stars, star systems, matter, and related structures",Wor great or abundant + Nyelbel star system,Worenyelbel,NYEL; WOR,2,0,0,Not individually reviewed in readiness audit,
Nyelzhir,/nyehl-zheer/,1,Noun: Constellation; a culturally or practically recognized pattern of stars linked into an image or navigational figure as seen from an observing place,Nyel star + Zhir connecting line or thread,Nyelezhir,NYEL; ZHIR,2,0,0,Not individually reviewed in readiness audit,
Ravwek,/rahv-wehk/,1,Noun: Orbit; the recurring curved path of one body around another under sustained attraction,Rav pull or attraction + Wek cycle,,RAV; WEK,4,0,0,Not individually reviewed in readiness audit,
Ravwekaen,/rahv-weh-kah-ehn/,1,Verb: To orbit; to travel repeatedly around another body in an orbit,Ravwek orbit + -aen verb,,,3,0,0,Not individually reviewed in readiness audit,
Ravwekin,/rahv-weh-keen/,1,Noun: Satellite; a natural or constructed body maintained in orbit around a larger body,Ravwek orbit + -in individual,,,2,0,0,Not individually reviewed in readiness audit,
Dralxar,/drahl-xahr/,1,Noun: Eclipse; a celestial obscuration produced when one body blocks another body or its light from an observer,Dral heavens + Xar cover or shadow,,DRAL; XAR,3,0,0,Not individually reviewed in readiness audit,
Dralxaraen,/drahl-xahr-ah-ehn/,1,Verb: To eclipse or celestially obscure; for one body to block another body or its light from an observer,Dralxar eclipse + -aen verb,,,2,0,0,Not individually reviewed in readiness audit,
Felvora,/fehl-voh-rah/,1,Noun: Asteroid or minor planet; a comparatively small natural celestial body orbiting a star,Fel smaller + Vora planet or planetary body,,VORA; FEL,2,0,0,Not individually reviewed in readiness audit,
Zhirnyel,/zheer-nyehl/,1,Noun: Comet; an orbiting celestial body historically recognized as a “thread-star” because it develops a visible trailing stream or tail when active,Zhir thread or line + Nyel star,Zhiranyel,NYEL; ZHIR,2,0,0,Not individually reviewed in readiness audit,
Dralfel,/drahl-fehl/,1,"Noun: Meteoroid; a small natural fragment of rock, metal, ice, or comparable matter traveling through space",Dral heavens + Fel small bounded part,,DRAL; FEL,2,0,0,Not individually reviewed in readiness audit,
Krezdralfel,/krez-drahl-fehl/,1,Noun: Meteor; the visible luminous passage produced when a celestial fragment enters an atmosphere,Krez heat or burning light + Dralfel meteoroid,Krezadralfel,KREZ,2,0,0,Not individually reviewed in readiness audit,
Mordralfel,/mohr-drahl-fehl/,1,Noun: Meteorite; material from a celestial fragment that survives atmospheric passage and reaches the ground,Mor ground or physical matter + Dralfel celestial fragment,Moradralfel,MOR,2,0,0,Not individually reviewed in readiness audit,
Felmor,/fehl-mohr/,1,"Noun: Dust; very fine dry particles of matter capable of settling, drifting, or remaining suspended",Fel small or diminished + Mor matter,,FEL; MOR,3,0,0,Not individually reviewed in readiness audit,
Morshen,/mohr-shehn/,1,"Noun: Mass; the measured quantity of matter in a body, distinct from the gravitational force acting on it",Mor matter + Shen measure,,MOR; SHEN,2,0,0,Not individually reviewed in readiness audit,
Dralshen,/drahl-shehn/,1,"Noun: Astronomy; systematic observation and study of the observable heavens, celestial bodies, motions, radiation, and physical relations",Dral heavens + Shen measured study,,DRAL; SHEN,2,0,0,Not individually reviewed in readiness audit,
Songashen,/soh-ngah-shehn/,1,"Noun: Cosmology; disciplined study and modeling of the universe as a whole, including its large-scale structure, history, and possible origins",Songa universe + Shen measured study,,SONGA; SHEN,2,0,0,Not individually reviewed in readiness audit,
Shenbel,/shehn-behl/,1,"Noun: Science; organized, revisable inquiry that builds explanations through systematic observation, measurement, testing, and comparison",Shen measurement or disciplined inquiry + Bel organized system,,SHEN; BEL,2,0,0,Not individually reviewed in readiness audit,
Shenbeleth,/shehn-beh-lehth/,1,"Adjective: Scientific; relating to the methods, evidence, explanations, or organized practice of science",Shenbel science + -eth adjective,,,2,0,0,Not individually reviewed in readiness audit,
Shenkes,/shehn-kehs/,1,Noun: Formal observation; a deliberately bounded and documented act of noticing under stated conditions,Shen measured method + Kes notice or register,,SHEN; KES,2,0,0,Not individually reviewed in readiness audit,
Shenkesaen,/shehn-keh-sah-ehn/,1,Verb: To observe scientifically or systematically under stated conditions,Shenkes formal observation + -aen verb,,,2,0,0,Not individually reviewed in readiness audit,
Kesdava,/kehs-dah-vah/,1,"Noun: Evidence; observed or reliably recorded information relevant to evaluating a claim, explanation, cause, or event",Kes observation + Dava information,,KES; DAVA,4,0,0,Not individually reviewed in readiness audit,
Sivshen,/seev-shehn/,1,"Noun: Experiment; a controlled test or intervention designed to examine a question, relation, or prediction under uncertainty",Siv attempt under uncertainty + Shen measurement,,SIV; SHEN,5,0,0,Not individually reviewed in readiness audit,
Sivshenaen,/seev-sheh-nah-ehn/,1,Verb: To experiment; to conduct a controlled test intended to produce interpretable evidence,Sivshen experiment + -aen verb,,,2,0,0,Not individually reviewed in readiness audit,
Sivkel,/seev-kehl/,1,"Noun: Hypothesis; a provisional, testable statement offered to explain or predict an observable relation",Siv attempt under uncertainty + Kel statement or text,,SIV; KEL,2,0,0,Not individually reviewed in readiness audit,
Belkes,/behl-kehs/,1,Noun: Scientific theory; an organized explanatory framework supported by converging evidence and repeated successful testing,Bel organized structure + Kes observation,,BEL; KES,2,0,0,Not individually reviewed in readiness audit,
Rinmek,/reen-mehk/,1,"Noun: Model; a deliberately constructed representation preserving selected structure, relations, or behavior of something studied",Rin essential character + Mek constructed form,,RIN; MEK,3,0,0,Not individually reviewed in readiness audit,
Rinmekaen,/reen-meh-kah-ehn/,1,"Verb: To model; to represent selected structure, relations, or behavior for explanation, testing, or prediction",Rinmek model + -aen verb,,,2,0,0,Not individually reviewed in readiness audit,
Varrinmek,/vahr-reen-mehk/,1,Noun: Simulation; a model made to operate or change through a sequence so possible behavior can be examined,Var motion or change + Rinmek model,Vararinmek,Var-,2,0,0,Not individually reviewed in readiness audit,
Varrinmekaen,/vahr-reen-meh-kah-ehn/,1,Verb: To simulate; to operate a model through changing states in order to examine possible behavior,Varrinmek simulation + -aen verb,Vararinmekaen,,2,0,0,Not individually reviewed in readiness audit,
Felshen,/fehl-shehn/,1,"Noun: Sample; a bounded portion, selection, or subset taken for examination or used to represent a larger whole",Fel smaller part + Shen measurement,,FEL; SHEN,4,0,0,Not individually reviewed in readiness audit,
Felshenaen,/fehl-sheh-nah-ehn/,1,"Verb: To sample; to select, collect, or measure a bounded portion intended to represent or reveal a larger whole",Felshen sample + -aen verb,,,2,0,0,Not individually reviewed in readiness audit,
Drenvar,/drehn-vahr/,1,"Noun: Variable; a condition, property, value, or factor capable of changing within an observation, experiment, model, or calculation",Established Drenvaraen change + noun-forming base,,,2,0,0,Not individually reviewed in readiness audit,
Sivshenlian,/seev-shehn-lee-ahn/,1,Noun: Experimental control or reference condition; the comparison condition used to interpret what an experiment changed,Sivshen experiment + Lian reliable reference,,LIAN,2,0,0,Not individually reviewed in readiness audit,
Rethshen,/rehth-shehn/,1,Noun: Probability; a measured or formally estimated degree of likelihood under uncertainty,Reth uncertainty + Shen measure,,SHEN,2,0,0,Not individually reviewed in readiness audit,
Shenreth,/shehn-rehth/,1,Noun: Measurement uncertainty; the stated range or limit within which a measured value remains uncertain,Shen measurement + Reth uncertainty,,SHEN,2,0,0,Not individually reviewed in readiness audit,
Shenlianeth,/shehn-lee-ah-nehth/,1,"Adjective: Accurate; close to a trusted reference, accepted value, or well-supported account",Shenlian standard + -eth adjective,,,2,0,0,Not individually reviewed in readiness audit,
Pelsheneth,/pehl-sheh-nehth/,1,Adjective: Precise; narrowly resolved or consistently specified in measurement or expression,Pel sharp clarity or fine point + Shen measure + -eth adjective,,Pel; SHEN,2,0,0,Not individually reviewed in readiness audit,
Shenvarash,/shehn-vah-rahsh/,1,"Noun: Scientific prediction or forecast; a stated future outcome derived from evidence, a model, calculation, or theory",Shen measured method + Varash future,,SHEN,2,0,0,Not individually reviewed in readiness audit,
Shenvarashaen,/shehn-vah-rah-shah-ehn/,1,"Verb: To predict or forecast scientifically from evidence, a model, calculation, or theory",Shenvarash prediction + -aen verb,,,2,0,0,Not individually reviewed in readiness audit,
Weksivshen,/wehk-seev-shehn/,1,Noun: Replication; an independently repeated experiment or test intended to determine whether a result recurs,Wek repetition or cycle + Sivshen experiment,,WEK,2,0,0,Not individually reviewed in readiness audit,
Weksivshenaen,/wehk-seev-sheh-nah-ehn/,1,Verb: To replicate an experiment or test; to repeat its relevant method in order to test whether the result recurs,Weksivshen replication + -aen verb,,,2,0,0,Not individually reviewed in readiness audit,
Shalpel,/shahl-pehl/,1,"Noun: Lens; a shaped transparent, reflective, crystalline, magical, or hybrid component that redirects or focuses light",Shal light + Pel precise point or edge,,SHAL; Pel,2,0,0,Not individually reviewed in readiness audit,
Drallor,/drahl-lohr/,1,Noun: Telescope; an instrument that gathers or directs signals to observe distant celestial objects,Dral heavens + Lor directed sight or focus,Dralalor,DRAL; LOR,2,0,0,Not individually reviewed in readiness audit,
Fellor,/fehl-lohr/,1,Noun: Microscope; an instrument that magnifies or otherwise resolves structures too small for unaided sight,Fel small or diminished scale + Lor directed sight or focus,Felalor,FEL; LOR,2,0,0,Not individually reviewed in readiness audit,
Aru,/ah-roo/,1,Noun: Magic; intentional relationship or practice through which extraordinary forces beings places artifacts conditions or systems produce effects beyond ordinary causation,,,ARU,2,0,0,Not individually reviewed in readiness audit,
Arueth,/ah-roo-ehth/,1,Adjective: Magical; relating to magic or produced through magical practice,Aru magic + -eth adjective,,ARU,2,0,0,Not individually reviewed in readiness audit,
Kaarueth,/kah-ah-roo-ehth/,1,Adjective: Nonmagical; not involving or produced through magic,Ka absence + Aru magic + -eth adjective,,ARU; KA,2,0,0,Not individually reviewed in readiness audit,
Aruaen,/ah-roo-ah-ehn/,1,Verb: To use or practice magic generally,Aru magic + -aen verb,,ARU,4,0,0,Not individually reviewed in readiness audit,
Arural,/ah-roo-rahl/,1,Noun: Magical practitioner; a person who intentionally practices or works with magic,Aru magic + -ral practitioner,,ARU,38,0,0,Not individually reviewed in readiness audit,
Rinaru,/reen-ah-roo/,1,Noun: Spiritual magic; magic acting through essence spirits attunement spiritual bonds or metaphysical identity,Rin essence or inner spirit + Aru magic,,ARU; RIN,2,0,0,Not individually reviewed in readiness audit,
Kalaru,/kahl-ah-roo/,1,Noun: Physical magic; magic acting upon matter bodies elements energy force motion or physically manifested change,Kal physical power + Aru magic,,ARU; KAL,2,0,0,Not individually reviewed in readiness audit,
Esharu,/ehsh-ah-roo/,1,Noun: Mental magic; magic acting upon thought awareness perception memory emotion dream or will,Esh thought or intellect + Aru magic,,ARU; ESH,2,0,0,Not individually reviewed in readiness audit,
Arukel,/ah-roo-kehl/,1,Noun: Spell; a bounded repeatable magical formulation encoded through words movement marks calculation music tools or another defined expression,Aru magic + Kel defined expression or text,,ARU; KEL,3,0,0,Not individually reviewed in readiness audit,
Arukelaen,/ah-roo-keh-lah-ehn/,1,Verb: To cast or activate a spell,Arukel spell + -aen verb,,ARU,2,0,0,Not individually reviewed in readiness audit,
Shankalaen,/shahn-kahl-ah-ehn/,1,Verb: To channel power through oneself a tool a bond or another medium,Shan passage + Kal power + -aen verb,,SHAN; KAL,2,0,0,Not individually reviewed in readiness audit,
Rinbel,/reen-behl/,1,Noun: Enchantment; a sustained extraordinary property or directive bound into the operative identity of a person object or place,Rin operative essence + Bel binding,,RIN; BEL,2,0,0,Not individually reviewed in readiness audit,
Rinbelaen,/reen-beh-lah-ehn/,1,Verb: To enchant or imbue by binding a sustained extraordinary property or directive into operative identity,Rinbel enchantment + -aen verb,,,2,0,0,Not individually reviewed in readiness audit,
Rinbeleth,/reen-beh-lehth/,1,Adjective: Enchanted; bearing a sustained extraordinary property or directive bound into operative identity,Rinbel enchantment + -eth adjective,,,2,0,0,Not individually reviewed in readiness audit,
Arthrin,/ahrth-reen/,1,Noun: Ward; a maintained protective condition held through essence bond intention or magic,Arth protection + Rin essence,Artharin,ARTH; RIN,2,0,0,Not individually reviewed in readiness audit,
Xarrin,/xahr-reen/,1,Noun: Metaphysical seal or containment; a maintained condition that closes confines or prevents passage across a metaphysical boundary,Xar cover or closure + Rin essence,Xararin,XAR; RIN,2,0,0,Not individually reviewed in readiness audit,
Kaaruaen,/kah-ah-roo-ah-ehn/,1,Verb: To dispel or suppress an active magical effect,Ka reversal or absence + Aru magic + -aen verb,,ARU; KA,2,0,0,Not individually reviewed in readiness audit,
Vaarrin,/vahr-reen/,1,Noun: Blessing; an intended beneficial condition conferred upon a person object place relationship or undertaking,Vaar peace or beneficial harmony + Rin essence,,VAAR; RIN,2,0,0,Not individually reviewed in readiness audit,
Rathrin,/rahth-reen/,1,Noun: Curse; a sustained hostile condition imposed upon a person object place relationship or undertaking,Rath hostile pressure or harm + Rin essence,Ratharin,Rath; RIN,4,0,0,Not individually reviewed in readiness audit,
Rinvek,/reen-vehk/,1,Noun: Magical artifact or implement; an object made carried or used as an independently meaningful magical instrument,Rin operative essence + Vek carrier or vessel,,RIN; VEK,7,0,0,Not individually reviewed in readiness audit,
Ohmpel,/ohm-pehl/,1,Noun: Magical focus; an object mark bodily point or prepared location through which attention and magical connection are concentrated or aligned,Ohm connection or attunement + Pel precise point,,OHM; Pel,6,0,0,Not individually reviewed in readiness audit,
Mekaru,/mehk-ah-roo/,1,Noun: Technomancy; magical practice whose operation depends upon active integration with machines computation constructed systems or engineered interfaces,Mek constructed mechanism + Aru magic,,ARU; MEK,2,0,0,Not individually reviewed in readiness audit,
Thaenin,/thah-eh-neen/,1,Noun: Spirit-being; a nonbodily or partly embodied presence understood to possess awareness will or agency,Thaen spirit-breath + -in individual participant,,THAEN,8,0,0,Not individually reviewed in readiness audit,
Thaenohm,/thah-ehn-ohm/,1,Noun: Spirit contact or communion; a reciprocal or attempted connection between a person and an agentive spirit-being,Thaen spirit + Ohm connection,,THAEN; OHM,3,0,0,Not individually reviewed in readiness audit,
Thaenohmaen,/thah-ehn-ohm-ah-ehn/,1,Verb: To contact or commune with a spirit-being,Thaenohm spirit contact + -aen verb,,,3,0,0,Not individually reviewed in readiness audit,
Rinarshor,/reen-ahr-shor/,1,Noun: Aura; a perceivable or inferable field or presence surrounding a being object or place and associated with its present essence or condition,Rin essence + Arshor enveloping presence,,RIN; ARSHOR,2,0,0,Not individually reviewed in readiness audit,
Thaenbel,/thah-ehn-behl/,1,Noun: Spirit-binding; a maintained bond that attaches confines obligates or anchors a spirit-being to a person object place agreement or task,Thaen spirit + Bel binding,,THAEN; BEL,2,0,0,Not individually reviewed in readiness audit,
Thaenbelaen,/thah-ehn-beh-lah-ehn/,1,Verb: To bind a spirit-being to a person object place agreement or task,Thaenbel spirit-binding + -aen verb,,,2,0,0,Not individually reviewed in readiness audit,
Kathaenbelaen,/kah-thah-ehn-beh-lah-ehn/,1,Verb: To release a spirit-being from an imposed or maintained binding,Ka reversal + Thaenbelaen bind a spirit,,KA,2,0,0,Not individually reviewed in readiness audit,
Krezpralaen,/krehz-prahl-ah-ehn/,1,Verb: To shape or control fire or heat through extraordinary trained practice,Krez fire or heat + Pral skilled shaping,Krezapralaen,KREZ; PRAL,2,0,0,Not individually reviewed in readiness audit,
Dropralaen,/droh-prahl-ah-ehn/,1,Verb: To shape or control physical water its pressure motion or form through extraordinary trained practice,Dro physical water + Pral skilled shaping,,DRO; PRAL,2,0,0,Not individually reviewed in readiness audit,
Eshpralaen,/ehsh-prahl-ah-ehn/,1,Verb: To shape or control air wind or atmospheric motion through extraordinary trained practice,Esh air or wind + Pral skilled shaping,,ESH; PRAL,2,0,0,Not individually reviewed in readiness audit,
Morpralaen,/mohr-prahl-ah-ehn/,1,Verb: To shape or control soil stone metal mineral or other nonliving matter through extraordinary trained practice,Mor matter or earth + Pral skilled shaping,,MOR; PRAL,2,0,0,Not individually reviewed in readiness audit,
Velpralaen,/vehl-prahl-ah-ehn/,1,Verb: To shape or control cold frost snow or ice through extraordinary trained practice,Vel cold stillness + Pral skilled shaping,,VEL; PRAL,2,0,0,Not individually reviewed in readiness audit,
Zhelpralaen,/zhehl-prahl-ah-ehn/,1,Verb: To shape or control electricity lightning energetic charge or comparable active power through extraordinary trained practice,Zhel energy or charge + Pral skilled shaping,,ZHEL; PRAL,2,0,0,Not individually reviewed in readiness audit,
Tenarpralaen,/teh-nahr-prahl-ah-ehn/,1,Verb: To shape direct or sustain visible light or radiance through extraordinary trained practice,Tenar steady radiance + Pral skilled shaping,,TENAR; PRAL,2,0,0,Not individually reviewed in readiness audit,
Vethpralaen,/vehth-prahl-ah-ehn/,1,Verb: To shape deepen move or sustain shadow and concealment through extraordinary trained practice,Veth shade or hiddenness + Pral skilled shaping,Vethapralaen,VETH; PRAL,2,0,0,Not individually reviewed in readiness audit,
Shalrinaen,/shahl-ree-nah-ehn/,1,Verb: To alter a living organism's growth tissue bodily process or biological development through extraordinary practice; to perform biomancy,Shalrin living organism + -aen verb,,,2,0,0,Not individually reviewed in readiness audit,
Vethshal,/vehth-shahl/,1,Noun: Illusion; a deliberately formed sensory appearance that obscures substitutes for or misdirects perception of what is present,Veth concealment + Shal light or revelation,,VETH; SHAL,2,0,0,Not individually reviewed in readiness audit,
Vethshalaen,/vehth-shah-lah-ehn/,1,Verb: To create project or maintain an illusion,Vethshal illusion + -aen verb,,,2,0,0,Not individually reviewed in readiness audit,
Vethshaleth,/vehth-shah-lehth/,1,Adjective: Illusory; presenting an intentionally constructed appearance rather than the underlying thing or condition,Vethshal illusion + -eth adjective,,,2,0,0,Not individually reviewed in readiness audit,
Tharbel,/thahr-behl/,1,Noun: Compulsion; an imposed binding upon choice or will that pressures or forces a person toward an action decision or restraint,Thar will or emotional core + Bel binding,,THAR; BEL,2,0,0,Not individually reviewed in readiness audit,
Tharbelaen,/thahr-beh-lah-ehn/,1,Verb: To compel; to bind or override another person's choice or will toward an action decision or restraint,Tharbel compulsion + -aen verb,,,2,0,0,Not individually reviewed in readiness audit,
Katharbelaen,/kah-thahr-beh-lah-ehn/,1,Verb: To release a person from compulsion or restore choice after imposed will-binding,Ka reversal + Tharbelaen compel,,KA,2,0,0,Not individually reviewed in readiness audit,
Kesxar,/kehs-xahr/,1,Noun: Perceptual veil; a condition that blocks narrows redirects or suppresses what reaches conscious awareness,Kes awareness or noticing + Xar cover,,KES; XAR,2,0,0,Not individually reviewed in readiness audit,
Kesxaraen,/kehs-xah-rah-ehn/,1,Verb: To veil perception; to prevent or redirect conscious notice of a person object event sensation or feature,Kesxar perceptual veil + -aen verb,,,2,0,0,Not individually reviewed in readiness audit,
Worshankal,/wohr-shahn-kahl/,1,Noun: Overchanneling; passage of more force energy or magical influence than a body tool bond environment or system can safely mediate,Wor excess + Shan passage + Kal power,Worashankal,WOR; SHAN; KAL,2,0,0,Not individually reviewed in readiness audit,
Worshankalaen,/wohr-shahn-kah-lah-ehn/,1,Verb: To overchannel power or magical influence,Worshankal overchanneling + -aen verb,,,2,0,0,Not individually reviewed in readiness audit,
Rethkal,/rehth-kahl/,1,Noun: Power instability; a condition in which force energy or magical influence behaves incoherently unpredictably or outside intended control,Reth disorder or uncertainty + Kal power,Rethakal,KAL,2,0,0,Not individually reviewed in readiness audit,
Rethkaleth,/rehth-kah-lehth/,1,Adjective: Unstable in power or magical operation; behaving through uncontrolled or incoherent energetic change,Rethkal power instability + -eth adjective,,,2,0,0,Not individually reviewed in readiness audit,
Shantham,/shahn-thahm/,1,Noun: Backlash; an unintended harmful return spill or breakdown traveling through the path of a forceful energetic or magical working,Shan passage + Tham structural breakdown,,SHAN; THAM,2,0,0,Not individually reviewed in readiness audit,
Ohmreth,/ohm-rehth/,1,Noun: Attunement disruption; interference contradiction or instability within a previously coherent connection or resonance,Ohm attunement or connection + Reth disorder,,OHM,2,0,0,Not individually reviewed in readiness audit,
Kaohmaen,/kah-ohm-ah-ehn/,1,Verb: To sever or deliberately end an attunement resonance or metaphysical connection,Ka reversal or absence + Ohmaen connect or attune,,KA,2,0,0,Not individually reviewed in readiness audit,
Naku,/nah-koo/,1,Preposition: On at or toward the left side relative to an established facing or direction of travel,,,NAKU,2,0,0,Not individually reviewed in readiness audit,
Sora,/soh-rah/,1,Preposition: On at or toward the right side relative to an established facing or direction of travel,,,SORA,2,0,0,Not individually reviewed in readiness audit,
Deni,/deh-nee/,1,Particle: Demonstrative marking a referent within the speaker's immediate sphere; this,Den deictic reference + I speaker anchor,,DEN,3,0,0,Not individually reviewed in readiness audit,
Denya,/dehn-yah/,1,Particle: Demonstrative marking a referent within the listener's immediate sphere; that by you,Den deictic reference + Ya listener anchor,,DEN,4,0,0,Not individually reviewed in readiness audit,
Denla,/dehn-lah/,1,Particle: Demonstrative marking a referent away from both speaker and listener; that yonder,Den deictic reference + La third-person or nonparticipant anchor,,DEN,2,0,0,Not individually reviewed in readiness audit,
Anor,/ahn-ohr/,1,Noun: Interior or inside area of a bounded place object or region,An in or at + -or place or domain,,An,2,0,0,Not individually reviewed in readiness audit,
Kaan,/kah-ahn/,1,Preposition: Outside or beyond; not within a stated or understood boundary,Ka without or not having + An in or at,,KA; An,2,0,0,Not individually reviewed in readiness audit,
Anshanaen,/ahn-shahn-ah-ehn/,1,Verb: To enter; to cross a boundary from outside to inside a place,An inward + Shan boundary passage + -aen verb,,An; SHAN,2,0,0,Not individually reviewed in readiness audit,
Thalshanaen,/thahl-shahn-ah-ehn/,1,Verb: To exit; to cross a boundary from inside to outside a place,Thal outward or from + Shan boundary passage + -aen verb,,THAL; SHAN,3,0,0,Not individually reviewed in readiness audit,
Hav,/hahv/,1,Noun: Laughter; a bodily vocal or breath-driven expression arising from amusement relief tension embarrassment disbelief or social response,,,HAV,3,0,0,Not individually reviewed in readiness audit,
Havaen,/hah-vah-ehn/,1,Verb: To laugh; to express laughter through voice breath face or bodily movement,Hav laughter + -aen verb,,HAV,3,0,0,Not individually reviewed in readiness audit,
Haveth,/hah-veth/,1,Adjective: Funny or amusing in a particular context; tending to provoke amused recognition or laughter,Hav laughter + -eth quality,,HAV,2,0,0,Not individually reviewed in readiness audit,
Dovhav,/dohv-hahv/,1,Noun: Humor; playful framing incongruity or expression offered or received as amusing,Dov play + Hav laughter or amused response,Dovahav,HAV; DOV,2,0,0,Not individually reviewed in readiness audit,
Dovkel,/dohv-kehl/,1,Noun: A joke; a bounded utterance story beat gesture or act framed for amusement rather than ordinary literal uptake,Dov play + Kel speech or defined expression,,DOV; KEL,7,0,0,Not individually reviewed in readiness audit,
Dovkelaen,/dohv-keh-lah-ehn/,1,Verb: To joke; with a person as direct object to tease them playfully rather than assert the words literally,Dovkel joke + -aen verb,,,2,0,0,Not individually reviewed in readiness audit,
Keljek,/kehl-jehk/,1,Noun: Wordplay or a pun; humor made through a turn in sound wording segmentation or multiple meaning,Kel language + Jek twist,,KEL; JEK,2,0,0,Not individually reviewed in readiness audit,
Pralhav,/prahl-hahv/,1,Noun: Wit; skill in producing apt economical or artfully timed humor,Pral skilled intricate making + Hav comic response,,HAV; PRAL,3,0,0,Not individually reviewed in readiness audit,
Dovhavral,/dohv-hahv-rahl/,1,Noun: A comedian or comic performer; a person with a practiced role creating humor for others,Dovhav humor + Ral practiced role,Dovahavral,HAV; RAL,2,0,0,Not individually reviewed in readiness audit,
Havrath,/hahv-rahth/,1,Noun: Mockery or ridicule; laughter or comic treatment used to diminish expose or socially lower a target,Hav laughter + Rath adversarial relation,,HAV; Rath,3,0,0,Not individually reviewed in readiness audit,
Havrathaen,/hahv-rah-thah-ehn/,1,Verb: To mock or ridicule someone; to use laughter or comic treatment against a target,Havrath mockery + -aen verb,,HAV,2,0,0,Not individually reviewed in readiness audit,
Jekkel,/jehk-kehl/,1,Noun: Irony; an understood contrast in which surface wording or apparent circumstances turn away from intended evaluation or actual outcome,Jek turn or twist + Kel stated expression,Jekakel,JEK; KEL,2,0,0,Not individually reviewed in readiness audit,
Peljekkel,/pehl-jehk-kehl/,1,Noun: Sarcasm; pointed irony used to criticize sting challenge or teasingly rebuke,Pel edge or point + Jekkel irony,Pelajekkel,Pel,2,0,0,Not individually reviewed in readiness audit,
Nem,/nehm/,1,Noun: Understanding or comprehension; a coherent mental grasp of what something means how it works or how its parts relate,,,NEM,2,0,0,Not individually reviewed in readiness audit,
Nemaen,/nehm-ah-ehn/,1,Verb: To understand or comprehend,Nem understanding + -aen verb,,NEM,2,0,0,Not individually reviewed in readiness audit,
Rethnem,/rehth-nehm/,1,Noun: A misunderstanding; a coherent but incorrect interpretation or grasp,Reth uncertainty or disorder + Nem understanding,Rethanem,NEM,2,0,0,Not individually reviewed in readiness audit,
Rethnemaen,/rehth-nehm-ah-ehn/,1,Verb: To misunderstand or form or hold an incorrect interpretation,Rethnem misunderstanding + -aen verb,Rethanemaen,NEM,2,0,0,Not individually reviewed in readiness audit,
Kelnemaen,/kehl-nehm-ah-ehn/,1,Verb: To explain or communicate something so another person can understand it,Kel language or expression + Nem understanding + -aen verb,,NEM; KEL,2,0,0,Not individually reviewed in readiness audit,
Selnemaen,/sehl-nehm-ah-ehn/,1,Verb: To clarify; to make an existing statement idea instruction or understanding less obscure or ambiguous,Sel mental clarity + Nem understanding + -aen verb,,NEM; SEL,2,0,0,Not individually reviewed in readiness audit,
Mbaen,/m-bah-ehn/,1,Verb: To help or assist; to contribute effort ability care or resources toward another's need or undertaking without necessarily taking it over,Established Mb support + -aen verb,,MB,6,0,0,Not individually reviewed in readiness audit,
Zev,/zehv/,1,Noun: Envy; painful comparative desire for an advantage possession quality opportunity or position understood to belong to another,,,ZEV,3,0,0,Not individually reviewed in readiness audit,
Zevaen,/zehv-ah-ehn/,1,Verb: To envy or feel comparative desire for what another has or is understood to have,Zev envy + -aen verb,,ZEV,2,0,0,Not individually reviewed in readiness audit,
Fahohm,/fah-ohm/,1,Noun: Jealousy; fear that another may displace oneself within a valued bond attention or relational place,Fah fear + Ohm connection,,FAH; OHM,2,0,0,Not individually reviewed in readiness audit,
Fahohmaen,/fah-ohm-ah-ehn/,1,Verb: To feel jealousy concerning a valued relationship attention or relational place,Fahohm jealousy + -aen verb,,,2,0,0,Not individually reviewed in readiness audit,
Mira,/mee-rah/,1,Noun: Embarrassment; immediate self-conscious social discomfort caused by awkwardness exposure error or unwanted attention,,,MIRA,2,0,0,Not individually reviewed in readiness audit,
Miraen,/mee-rah-ehn/,1,Verb: To feel embarrassed,Mira embarrassment + -aen verb,,MIRA,2,0,0,Not individually reviewed in readiness audit,
Daku,/dah-koo/,1,Noun: Boredom; an unpleasant or restless absence of engagement meaningful occupation novelty or attention,,,DAKU,2,0,0,Not individually reviewed in readiness audit,
Dakuaen,/dah-koo-ah-ehn/,1,Verb: To be or become bored,Daku boredom + -aen verb,,DAKU,2,0,0,Not individually reviewed in readiness audit,
Ravohm,/rahv-ohm/,1,Noun: Loneliness; painful longing for connection that feels absent insufficient or unreachable,Rav pull or yearning + Ohm connection,,RAV; OHM,2,0,0,Not individually reviewed in readiness audit,
Ravohmaen,/rahv-ohm-ah-ehn/,1,Verb: To feel lonely,Ravohm loneliness + -aen verb,,,2,0,0,Not individually reviewed in readiness audit,
Kavkrez,/kahv-krehz/,1,Noun: Resentment; anger or grievance retained across time because a harm insult exclusion or unfairness feels unanswered,Kav preservation through time + Krez fire or anger,Kavakrez,KAV; KREZ,2,0,0,Not individually reviewed in readiness audit,
Kavkrezaen,/kahv-krehz-ah-ehn/,1,Verb: To resent or retain anger or grievance toward a person act or condition,Kavkrez resentment + -aen verb,Kavakrezaen,,2,0,0,Not individually reviewed in readiness audit,
Fahreth,/fah-reth/,1,Noun: Anxiety; sustained or recurring apprehensive activation shaped by uncertain or anticipated threat whether or not a specific danger is identifiable,Fah fear + Reth uncertainty,,FAH,2,0,0,Not individually reviewed in readiness audit,
Fahrethaen,/fah-reth-ah-ehn/,1,Verb: To feel anxious,Fahreth anxiety + -aen verb,,,2,0,0,Not individually reviewed in readiness audit,
Doran,/doh-rahn/,1,Noun: Torso or trunk; the main bodily region excluding the head and limbs,,,DORAN,2,0,0,Not individually reviewed in readiness audit,
Breka,/breh-kah/,1,Noun: Chest; the front upper torso over the ribs and heart-lung region,,,BREKA,2,0,0,Not individually reviewed in readiness audit,
Vesh,/vehsh/,1,Noun: Back; the rear surface of the torso from the shoulders toward the pelvis,,,VESH,2,0,0,Not individually reviewed in readiness audit,
Davel,/dah-vehl/,1,Noun: Belly or abdomen; the front lower torso between the chest and pelvis,,,DAVEL,2,0,0,Not individually reviewed in readiness audit,
Korkalvar,/kohr-kahl-vahr/,1,Noun: Shoulder; the source or upper joining region of the arm,Kor source or core + Kalvar arm,,KOR,2,0,0,Not individually reviewed in readiness audit,
Kalvargora,/kahl-vahr-goh-rah/,1,Noun: Elbow; the principal bending joint in the middle of the arm,Kalvar arm + Gora joint,,GORA,2,0,0,Not individually reviewed in readiness audit,
Gora,/goh-rah/,1,Noun: A bodily joint where bones meet and movement is allowed or limited,,,GORA,2,0,0,Not individually reviewed in readiness audit,
Koringora,/koh-rin-goh-rah/,1,Noun: Wrist; the joint region joining the hand to the arm,Korin hand + Gora joint,,GORA,2,0,0,Not individually reviewed in readiness audit,
Pir,/peer/,1,Noun: Finger or articulated digit of the hand; includes the thumb unless a contrast is needed,,,PIR,2,0,0,Not individually reviewed in readiness audit,
Korsharvar,/kohr-shahr-vahr/,1,Noun: Hip; the source or upper joining region of the leg at the torso,Kor source or core + Sharvar leg,,KOR,2,0,0,Not individually reviewed in readiness audit,
Sharvargora,/shahr-vahr-goh-rah/,1,Noun: Knee; the principal bending joint in the middle of the leg,Sharvar leg + Gora joint,,GORA,2,0,0,Not individually reviewed in readiness audit,
Morlkagora,/mohrl-kah-goh-rah/,1,Noun: Ankle; the joint region joining the foot to the leg,Morlka foot + Gora joint,,GORA,2,0,0,Not individually reviewed in readiness audit,
Morlkapir,/mohrl-kah-peer/,1,Noun: Toe; an articulated digit of the foot,Morlka foot + Pir digit,,PIR,2,0,0,Not individually reviewed in readiness audit,
Xarmetha,/xahr-meh-thah/,1,Noun: Living skin; the body's outer protective tissue,Xar body or embodied exterior + Metha flesh or soft tissue,,METHA; XAR,2,0,0,Not individually reviewed in readiness audit,
Metha,/meh-thah/,1,Noun: Flesh or soft bodily tissue beneath the skin and around the skeleton,,,METHA,2,0,0,Not individually reviewed in readiness audit,
Kalmetha,/kahl-meh-thah/,1,Noun: Muscle; strength-producing contractile bodily tissue,Kal strength + Metha flesh or soft tissue,,METHA; KAL,2,0,0,Not individually reviewed in readiness audit,
Zek,/zehk/,1,Noun: Tooth; a hard structure in the mouth used for biting and chewing,,,ZEK,2,0,0,Not individually reviewed in readiness audit,
Lera,/leh-rah/,1,Noun: Tongue; the mouth organ used for taste speech and moving food,,,LERA,2,0,0,Not individually reviewed in readiness audit,
Numor,/noo-mohr/,1,Noun: Throat; the internal passage behind the mouth used in swallowing,Num swallow or consume + -or place or region,,NUM,2,0,0,Not individually reviewed in readiness audit,
Tash,/tahsh/,1,Noun: An organ; a differentiated internal bodily structure with a characteristic function,,,TASH,2,0,0,Not individually reviewed in readiness audit,
Khelu,/keh-loo/,1,Noun: Brain,,,KHELU,2,0,0,Not individually reviewed in readiness audit,
Aentash,/aehn-tahsh/,1,Noun: Lung; a breathing or gas-exchange organ,Aen breath + Tash organ,,TASH; Aen,2,0,0,Not individually reviewed in readiness audit,
Lumar,/loo-mahr/,1,Noun: Liver,,,LUMAR,2,0,0,Not individually reviewed in readiness audit,
Kedir,/keh-deer/,1,Noun: Kidney,,,KEDIR,2,0,0,Not individually reviewed in readiness audit,
Emiltash,/eh-meel-tahsh/,1,Noun: Stomach; the first food-receiving digestive organ,Emil food + Tash organ,,TASH,2,0,0,Not individually reviewed in readiness audit,
Emilshan,/eh-meel-shahn/,1,Noun: Intestine or bowel; the digestive passage beyond the stomach,Emil food + Shan path or course,,SHAN,2,0,0,Not individually reviewed in readiness audit,
Urenvek,/oo-rehn-vehk/,1,Noun: Urinary bladder; the organ that holds urine,Uren urine + Vek vessel or container,,UREN; VEK,3,0,0,Not individually reviewed in readiness audit,
Lesh,/lehsh/,1,Noun: Nerve; a bodily strand or pathway carrying sensation or movement signals,,,LESH,2,0,0,Not individually reviewed in readiness audit,
Ndemshan,/n-dem-shahn/,1,Noun: Blood vessel; a bodily passage carrying blood,Ndem blood + Shan path or course,,NDEM; SHAN,2,0,0,Not individually reviewed in readiness audit,
Khos,/khohs/,1,Noun: A cough; one abrupt forceful expulsion of air,,,KHOS,2,0,0,Not individually reviewed in readiness audit,
Khosaen,/khohs-ah-ehn/,1,Verb: To cough,Khos cough + -aen verb,,KHOS,3,0,0,Not individually reviewed in readiness audit,
Zer,/zehr/,1,Noun: A sneeze; one abrupt involuntary expulsion through the nose and mouth,,,ZER,2,0,0,Not individually reviewed in readiness audit,
Zeraen,/zehr-ah-ehn/,1,Verb: To sneeze,Zer sneeze + -aen verb,,ZER,2,0,0,Not individually reviewed in readiness audit,
Suv,/soov/,1,Noun: Sweat or perspiration,,,SUV,2,0,0,Not individually reviewed in readiness audit,
Suvaen,/soov-ah-ehn/,1,Verb: To sweat or perspire,Suv sweat + -aen verb,,SUV,2,0,0,Not individually reviewed in readiness audit,
Nar,/nahr/,1,Noun: Nausea; a sick sensation or urge that one may vomit,,,NAR,2,0,0,Not individually reviewed in readiness audit,
Naraen,/nahr-ah-ehn/,1,Verb: To vomit,Nar nausea or emesis + -aen verb; lexicalized event sense,,NAR,3,0,0,Not individually reviewed in readiness audit,
Uren,/oo-rehn/,1,Noun: Urine,,,UREN,3,0,0,Not individually reviewed in readiness audit,
Urenaen,/oo-rehn-ah-ehn/,1,Verb: To urinate,Uren urine + -aen verb,,UREN,3,0,0,Not individually reviewed in readiness audit,
Fek,/fehk/,1,Noun: Feces or stool,,,FEK,2,0,0,Not individually reviewed in readiness audit,
Fekaen,/fehk-ah-ehn/,1,Verb: To defecate,Fek feces + -aen verb,,FEK,3,0,0,Not individually reviewed in readiness audit,
Ndemwek,/n-dem-wehk/,1,Noun: Menstruation or a menstrual period; recurring reproductive bleeding,Ndem blood + Wek cycle or recurrence,,NDEM; WEK,2,0,0,Not individually reviewed in readiness audit,
Ndemwekaen,/n-dem-wehk-ah-ehn/,1,Verb: To menstruate,Ndemwek menstruation + -aen verb,,,2,0,0,Not individually reviewed in readiness audit,
Kakesrinaen,/kah-kehs-rin-ah-ehn/,1,Verb: To faint or lose consciousness suddenly and temporarily,Kakesrin unconsciousness + -aen verb; intransitive,,,2,0,0,Not individually reviewed in readiness audit,
Noka,/noh-kah/,1,Noun: Vulva; the external genital structures surrounding the vaginal and urethral openings,,,NOKA,2,0,0,Not individually reviewed in readiness audit,
Nokashan,/noh-kah-shahn/,1,Noun: Vagina; the elastic internal muscular canal extending from the vulva to the cervix,Noka vulval anatomy + Shan passage,,NOKA; SHAN,2,0,0,Not individually reviewed in readiness audit,
Kiri,/kee-ree/,1,Noun: Clitoris; the erectile sensory organ of vulval anatomy,,,KIRI,2,0,0,Not individually reviewed in readiness audit,
Mara,/mah-rah/,1,Noun: Uterus; the muscular reproductive organ in which pregnancy may develop,,,MARA,2,0,0,Not individually reviewed in readiness audit,
Marasorl,/mah-rah-sohrl/,1,Noun: Cervix; the lower narrow part of the uterus opening into the vagina,Mara uterus + Sorl neck,,MARA,2,0,0,Not individually reviewed in readiness audit,
Seki,/seh-kee/,1,Noun: Ovary; a gonad that produces ova and reproductive hormones,,,SEKI,2,0,0,Not individually reviewed in readiness audit,
Tava,/tah-vah/,1,Noun: Penis; the external genital organ containing the urethra and involved in urination and sexual function,,,TAVA,2,0,0,Not individually reviewed in readiness audit,
Nderu,/n-deh-roo/,1,Noun: Testicle; a gonad that produces sperm and reproductive hormones,,,NDERU,2,0,0,Not individually reviewed in readiness audit,
Nderuxar,/n-deh-roo-xahr/,1,Noun: Scrotum; the external sac of skin and tissue containing the testicles,Nderu testicle + Xar protective covering,,NDERU; XAR,2,0,0,Not individually reviewed in readiness audit,
Urenshan,/oo-rehn-shahn/,1,Noun: Urethra; the duct carrying urine from the bladder to the exterior and in some bodies also carrying semen,Uren urine + Shan passage,Urenashan,UREN; SHAN,2,0,0,Not individually reviewed in readiness audit,
Fena,/feh-nah/,1,Noun: Anus; the external opening at the end of the digestive tract through which feces leave the body,,,FENA,2,0,0,Not individually reviewed in readiness audit,
Leya,/leh-yah/,1,Noun: Sexual arousal; bodily sexual activation whether or not accompanied by desire consent or intended action,,,LEYA,2,0,0,Not individually reviewed in readiness audit,
Leyaen,/leh-yah-ehn/,1,Verb: To become or be sexually aroused,Leya sexual arousal + -aen verb,,LEYA,2,0,0,Not individually reviewed in readiness audit,
Leyajor,/leh-yah-johr/,1,Noun: Orgasm; a brief peak reflex of sexual stimulation and release,Leya sexual arousal + Jor surge or burst,,LEYA; JOR,2,0,0,Not individually reviewed in readiness audit,
Leyajoraen,/leh-yah-johr-ah-ehn/,1,Verb: To have an orgasm,Leyajor orgasm + -aen verb,,LEYA,2,0,0,Not individually reviewed in readiness audit,
Kelvordren,/kehl-vohr-drehn/,1,Noun: Saliva; bodily fluid produced in the mouth that moistens food and assists taste and swallowing,Kelvor mouth + Dren fluid or flow,Kelvoradren,DREN,2,0,0,Not individually reviewed in readiness audit,
Lorinshaldren,/loh-reen-shahl-drehn/,1,Noun: Tears; fluid produced by the eyes for protection irritation or emotional response,Lorinshal eye + Dren fluid or flow,Lorinshaladren,DREN,2,0,0,Not individually reviewed in readiness audit,
Korpir,/kohr-peer/,1,Noun: Thumb; the hand digit set apart from the other fingers and central to grip,Kor source core or grip + Pir digit,,KOR; PIR,2,0,0,Not individually reviewed in readiness audit,
Morlkavesh,/mohrl-kah-vehsh/,1,Noun: Heel; the rear weight-bearing part of the foot,Morlka foot + Vesh back or rear bodily surface,,VESH,2,0,0,Not individually reviewed in readiness audit,
Ruma,/roo-mah/,1,Noun: Human hair; individual or collective hair growing from a person's scalp or body,,,RUMA,2,0,0,Not individually reviewed in readiness audit,
Mu,/moo/,1,Particle: What; optional content-question particle requesting an unidentified thing event content or matter,,,,2,0,0,Not individually reviewed in readiness audit,
Nu,/noo/,1,Particle: When; optional content-question particle requesting a time occasion or temporal point,,,,2,0,0,Not individually reviewed in readiness audit,
Zhe,/zheh/,1,Particle: Why; optional content-question particle requesting a cause reason or motivation,,,,2,0,0,Not individually reviewed in readiness audit,
Sha,/shah/,1,Particle: How; optional content-question particle requesting a manner method or means,,,,2,0,0,Not individually reviewed in readiness audit,
Lo,/loh/,1,Particle: Where; optional content-question particle requesting a place location source or destination,,,,2,0,0,Not individually reviewed in readiness audit,
Ri,/ree/,1,Particle: Who; optional content-question particle requesting the identity of a person being or agentive participant,,,,2,0,0,Not individually reviewed in readiness audit,
Tera,/teh-rah/,1,Noun: Home / Dwelling / Homestead (informal form of Teremil),,,,8,0,0,Not individually reviewed in readiness audit,
Velkrel,/vehl-krehl/,1,Noun: Breeze / Cool breeze / Light wind,"Velk ice/frozen water, from Vel coolness/stillness + -rel soft flow or gentle movement; the established breeze word evokes the soft flow of cool air. Velk retains its physical ice meaning.",,,1,0,0,Not individually reviewed in readiness audit,
Varan,/vah-rahn/,1,Verb: To reside / To stay / To be located at a physical place,"Var movement + An location; specialized locative-stative form, not continuous -al.",,Var-; An,2,0,0,Not individually reviewed in readiness audit,
Shalil,/shah-leel/,1,Verb: To flow lightly / To move smoothly / To glide / To drift,Shal light/radiance/hope + -il continuous light motion; motion imagined as effortless light across a surface.,,SHAL,12,0,0,Not individually reviewed in readiness audit,
Serathrin,/sehr-ah-three-n/,1,Noun: Confidant / Trusted inner friend / Sworn ally,Ser friend/ally + Ath enduring state + Rin essence; approved confidant meaning.,,Ser-; ATH; RIN,3,0,0,Not individually reviewed in readiness audit,
Zhivor,/zhee-vohr/,1,Noun: Family line / Ancestral household / Kin group,Zhir lineage or thread through time + Vor place of bond or active role; the approved historical smoothing of this word yields Zhivor.,,ZHIR,3,0,0,Not individually reviewed in readiness audit,
Tharvok,/thahr-vohk/,1,Noun: Family / Heart-bonded family / Clan,Thar heart + Vok unity/bond.,,THAR; VOK,7,0,0,Not individually reviewed in readiness audit,
Evan,/eh-vahn/,1,Noun: Market / Marketplace / Trading plaza,,,VAN,11,0,0,Not individually reviewed in readiness audit,
Shenakar,/sheh-nah-kahr/,1,Noun: Coinage / Currency system / Official trade money,"Shen measure/coin + historical akar currency or exchange unit; akar is recorded only as a component of this word, not a new productive root.",,SHEN,7,0,0,Not individually reviewed in readiness audit,
Em,/ehm/,2,Interjection: Um / Uh (hesitation or thinking particle) | Particle: Conversational hesitation / Thinking particle,,,,2,0,0,Not individually reviewed in readiness audit,
Varin,/vah-reen/,1,Verb: To know / To be aware of,,,,2,0,0,Not individually reviewed in readiness audit,
Shena,/sheh-nah/,1,Noun: Coin / Coins / Physical money,,,,6,0,0,Not individually reviewed in readiness audit,
Nkathal,/nkah-thahl/,1,Noun: Sadness / Grief / Sorrow / Enduring emotional pain,Nk endurance/hidden strength + Thal balance; approved grief meaning.,,NK; THAL,2,0,0,Not individually reviewed in readiness audit,
Vrak,/vrahk/,2,Adjective: Gone / Missing / Depleted / Dry (Trerran dialect) | Particle: Gone / Missing / Depleted (Trerran dialect),,,,2,0,0,Not individually reviewed in readiness audit,
Theren,/theh-rehn/,1,Noun: Village / Settlement / Local community,Ter dwelling/home place + -en collective or settlement place; the approved euphonic aspiration in this word changes Ter to Ther-. This does not replace honorific -en.,,,5,0,0,Not individually reviewed in readiness audit,
Serilin,/seh-ree-leen/,1,Noun: Sister / Female sibling,Ser friend/kin + -il affectionate kinship diminutive + -in individual participant. The dedicated everyday meaning is sister/female sibling; the components do not broaden the headword to generic kin or sibling.,serilín,Ser-,5,0,0,Not individually reviewed in readiness audit,
Aelin,/ah-eh-leen/,1,Noun: Youth / Young person / Student / Pupil,Ael young/growing + -in individual participant.,,,4,0,0,Not individually reviewed in readiness audit,
Im,/eem/,2,Noun: Device / Instrument / Implement / Internal mechanism | Particle: Device / Instrument / Internal mechanism,,,IM,2,0,0,Not individually reviewed in readiness audit,
Dreshal,/drehsh-ahl/,1,Noun: Crystal device / Crystal implement,Dresh crystal + Shal light.,,DRESH; SHAL,3,0,0,Not individually reviewed in readiness audit,
Varshel,/vahr-shehl/,1,Noun: Road / Travel path / Highway,Var travel/move + shel pathway or route component.,,Var-,2,0,0,Not individually reviewed in readiness audit,
Eshvan,/ehsh-vahn/,1,Noun: Shop / Store / Market stall,Esh sky/air + Van commercial site.,,VAN; ESH,3,0,0,Not individually reviewed in readiness audit,
Noraen,/nohr-ah-ehn/,1,Verb: To guide / To lead through time or experience / To instruct,Nor time + -aen verb; approved guidance-through-experience meaning.,,NOR,2,0,0,Not individually reviewed in readiness audit,
Thalesh,/thah-lehsh/,2,Noun: Ritual / Sacred balance ceremony | Verb: To perform a balance rite,Thal balance + -esh relational belonging; approved balance-rite meaning.,,THAL,2,0,0,Not individually reviewed in readiness audit,
Thalor,/thah-lohr/,2,Noun: Outside / Exterior / Outer place | Adverb: Outside,Thal from/out of + -or place.,,THAL,2,0,0,Not individually reviewed in readiness audit,
Daraen,/dahr-ah-ehn/,1,Verb: To wait / To pause / To remain pending,Dar waiting + -aen verb.,,DAR,2,0,0,Not individually reviewed in readiness audit,
Varral,/vahr-rahl/,1,Noun: Traveler / Wanderer / Person on a journey,Var move + -ral agent/practitioner: one who carries out the activity. Independent Ral retains caretaker/watcher meanings.,,Var-,8,0,0,Not individually reviewed in readiness audit,
Karjor,/kahr-johr/,1,Noun: Impact / Mechanical surge / Strike force / Burst of energy,Kar mechanical force + Jor surge.,,KAR; JOR,2,0,0,Not individually reviewed in readiness audit,
Kavel,/kah-vehl/,1,Noun: Forgetfulness / Memory gap / Loss of awareness,Ka absence + Vel wisdom/stillness; approved lexicalized memory-gap meaning.,,KA; VEL,1,0,1,Not individually reviewed in readiness audit,
Vorkaral,/vohr-kahr-ahl/,1,Noun: Worker / Mechanic / Laborer / Tool-operator,Vor active role/place of action + Kar tool-work/mechanical force + nominal agent -al one engaged in continuous work. This records the explicit approved component breakdown for this word; verbal continuous -al remains distinct.,,KAR,5,0,0,Not individually reviewed in readiness audit,
Noral,/nohr-ahl/,1,Noun: Night / Nighttime / Nocturnal hours,Nor time + -al duration; lexicalized nighttime meaning approved by user.,,NOR,3,0,0,Not individually reviewed in readiness audit,
Khumrel,/khoom-rehl/,1,Noun: Compassion / Empathetic listening / Circle of care,"Khum reconciliation/listening circle + -rel soft flow or gentle expression; the same soft-flow component used in Velkrel, here describing compassion.",,KHUM,2,0,1,Not individually reviewed in readiness audit,
Terrarav,/tehr-rah-rahv/,1,Noun: Pull of one's homeland / Yearning for home,Terra earth/homeland + Rav pull/yearning.,,RAV; TERRA,1,0,1,Not individually reviewed in readiness audit,
Zhirrathor,/zheer-rah-thohr/,1,Noun: Thread to the past / Historical continuity / Lineage link,Zhir lineage/connection through time + Rathor past/history.,,ZHIR,2,0,1,Not individually reviewed in readiness audit,
Rin,/reen/,1,Noun: Essence; inner spirit; true self,,,RIN,2,1,1,Not individually reviewed in readiness audit,
Bel,/behl/,1,"Verb: To bind or weave (symbolizing interconnection, fabric, or networks).",,,BEL,3,1,1,Not individually reviewed in readiness audit,
Ohm,/ohm/,1,Noun: Connection; empathy; spiritual unity,,,OHM,4,2,1,Not individually reviewed in readiness audit,
Mor,/mohr/,1,Noun: Matter; soil; earthy substance; physical grounding,,,MOR,10,0,0,Not individually reviewed in readiness audit,
Veth,/vehth/,1,Noun: Shade; mystery; hidden or sleeping things,,,VETH,5,0,0,Not individually reviewed in readiness audit,
Neth,/nehth/,1,Noun: Rest; physical stillness; support,,,NETH,2,0,0,Not individually reviewed in readiness audit,
Vanesh,/vah-nehsh/,2,Noun: Commerce; formal trade; merchant work | Verb: To trade / To conduct commerce,,,VANESH,19,0,0,Not individually reviewed in readiness audit,
Kar,/kahr/,2,Noun: Strike; mechanical force; tool-work | Verb: To strike / To apply force,,,KAR,3,0,0,Not individually reviewed in readiness audit,
Verd,/vehrd/,1,Noun: Foliage; forest growth; botanical life,,,VERD,2,0,0,Not individually reviewed in readiness audit,
Trak,/trahk/,1,Noun: Tread; step; foot-borne movement,,,TRAK,0,0,0,Not individually reviewed in readiness audit,
Kav,/kahv/,1,Noun: Age; preservation; ancient duration,,,KAV,0,0,0,Not individually reviewed in readiness audit,
Vel,/vehl/,1,Noun: Wisdom; stillness; cold endurance,,,VEL,4,1,0,Not individually reviewed in readiness audit,
Zhir,/zheer/,1,Noun: Lineage; thread; connection through time,,,ZHIR,2,0,1,Not individually reviewed in readiness audit,
Khum,/khoom/,1,Noun: Circle; listening; reconciliation,,,KHUM,2,0,0,Not individually reviewed in readiness audit,
Tla,/tlah/,1,Noun: Intimacy; closeness; unspoken connection,,,TLA,0,0,0,Not individually reviewed in readiness audit,
Jor,/johr/,2,Noun: Surge or burst (symbolizing sudden movements or energetic flows). | Verb: To surge / To burst forth,,,JOR,16,0,1,Not individually reviewed in readiness audit,
Jek,/jehk/,1,Noun: Spiral or twist (symbolizing swirling patterns or dynamic shapes).,,,JEK,2,0,0,Not individually reviewed in readiness audit,
Wek,/wehk/,1,Noun: Circularity or cycles (symbolizing completeness or renewal).,,,WEK,5,0,0,Not individually reviewed in readiness audit,
Lor,/lohr/,1,Noun: Guidance; sight; focus of leadership,,,LOR,0,0,0,Not individually reviewed in readiness audit,
Wor,/wohr/,1,Noun: Abundance or plenty (symbolizing generosity or surplus).,,,WOR,3,0,0,Not individually reviewed in readiness audit,
Vin,/veen/,1,Noun: Pull; extraction; drawing out essence,,,VIN,0,0,0,Not individually reviewed in readiness audit,
Zhael,/zhah-ehl/,1,Noun: Bloom; renewal; soft opening; empathy,,,ZHAEL,1,0,0,Not individually reviewed in readiness audit,
Nk,/nk/,1,Noun: Endurance; hidden strength,,,NK,0,0,0,Not individually reviewed in readiness audit,
Nku,/nkoo/,1,Adjective: Hidden nurturing; held calm,,,NKU,0,0,0,Not individually reviewed in readiness audit,
Phel,/phehl/,1,Noun: Warmth or comfort (symbolizing physical or emotional ease).,,,PHEL,2,0,0,Not individually reviewed in readiness audit,
Prak,/prahk/,1,"Noun: Softness or tenderness (e.g., soft food or texture).",,,PRAK,2,0,0,Not individually reviewed in readiness audit,
Bros,/brohs/,1,Verb: Layering or stratification (symbolizing levels or textures).,,,BROS,2,0,0,Not individually reviewed in readiness audit,
Bal,/bahl/,1,"Noun: Growth or sprouting (e.g., plants, development).",,,BAL,3,0,0,Not individually reviewed in readiness audit,
Bren,/brehn/,2,"Noun: Harvest (e.g., the act or result of gathering food). | Verb: To harvest / To gather",,,BREN,8,0,0,Not individually reviewed in readiness audit,
Jel,/jehl/,1,Noun: Flavor or zest (bright taste or sensory experience).,,,JEL,2,0,0,Not individually reviewed in readiness audit,
Wel,/wehl/,1,"Verb: Sharing or unity (emphasizing communal aspects, symbolizing seamless connections or unbroken lines).",,,WEL,6,0,0,Not individually reviewed in readiness audit,
Xar,/xahr/,2,Noun: Shadow or cover (tied to concealed or protective qualities). | Verb: To cover / To shelter / To close off,,,XAR,5,0,0,Not individually reviewed in readiness audit,
Xil,/xeel/,1,Adjective: Hidden or secret (used for foods with a mysterious origin or preparation).,,,XIL,2,0,0,Not individually reviewed in readiness audit,
Mb,/mb/,1,Noun: Support; pillar; foundational weight,,,MB,0,0,0,Not individually reviewed in readiness audit,
Rek,/rehk/,1,Noun: Peak intensity; burning or heated state,,,REK,0,0,0,Not individually reviewed in readiness audit,
Rav,/rahv/,1,Noun: Pull; yearning; destiny attraction,,,RAV,2,0,1,Not individually reviewed in readiness audit,
Thaen,/thah-ehn/,1,Noun: Spirit-breath; still internal seasonality,,,THAEN,0,0,0,Not individually reviewed in readiness audit,
Elor,/eh-lohr/,1,Noun: Growth; upward alignment; unfolding maturity,,,ELOR,0,0,0,Not individually reviewed in readiness audit,
Zhel,/zhehl/,1,Noun: Spark; energy; quick power-flash,,,ZHEL,4,0,0,Not individually reviewed in readiness audit,
Mek,/mehk/,1,Verb: Forging; construction; artificial making,,,MEK,3,0,0,Not individually reviewed in readiness audit,
Vek,/vehk/,1,Noun: Carrier; vessel; transported charge or substance,,,VEK,1,0,0,Not individually reviewed in readiness audit,
Livar,/lee-vahr/,1,Noun: Preservation; salt-fixing; anti-decay,,,LIVAR,0,0,0,Not individually reviewed in readiness audit,
Marin,/mah-reen/,1,Noun: Branch; extension; outward-growing limb,,,MARIN,0,0,0,Not individually reviewed in readiness audit,
Fennil,/fehnneel/,1,Noun: Leaf; herb; soft medicinal greens,,,FENNIL,5,0,0,Not individually reviewed in readiness audit,
Vilor,/vee-lohr/,1,Noun: Berry essence; small sweet fruit,,,VILOR,7,0,0,Not individually reviewed in readiness audit,
Alor,/ah-lohr/,1,Verb: Falling; descent; downward motion,,,ALOR,1,0,0,Not individually reviewed in readiness audit,
Arshor,/ahrshohr/,1,Noun: Enveloping presence; atmospheric blanket,,,ARSHOR,1,0,0,Not individually reviewed in readiness audit,
Torin,/toh-reen/,1,Noun: Protein; meat; concentrated animal sustenance,,,TORIN,9,0,0,Not individually reviewed in readiness audit,
Tarin,/tah-reen/,1,Noun: Dried sweetness; sun-preserved fruit,,,TARIN,0,0,0,Not individually reviewed in readiness audit,
Soril,/soh-reel/,1,Noun: Depth of flavor; complex taste-body,,,SORIL,0,0,0,Not individually reviewed in readiness audit,
Tham,/thahm/,1,Verb: Mashing; softening; breaking structure down,,,THAM,0,0,0,Not individually reviewed in readiness audit,
Venak,/veh-nahk/,1,Noun: Warmth-vessel; held heat; stew-state,,,VENAK,3,0,0,Not individually reviewed in readiness audit,
Lak,/lahk/,1,Noun: Grain; earthy food-substance; bread material,,,LAK,0,0,0,Not individually reviewed in readiness audit,
Van,/vahn/,1,Noun: Commercial site; market-space; shop-place,,,VAN,3,0,0,Not individually reviewed in readiness audit,
Kadren,/kahdrehn/,1,"Noun: Masculine essence (strength, groundedness).",,,Kadren,0,0,0,Not individually reviewed in readiness audit,
Azan,/ah-zahn/,1,"Noun: Feminine essence (nurturing, fluidity).",,,Azan,0,0,0,Not individually reviewed in readiness audit,
Thee,/theh-eh/,1,"Noun: Neutral essence (balance, unity).",,,Thee,0,0,0,Not individually reviewed in readiness audit,
Tha-,/thah-/,1,Prefix: Past Tense,,,,0,0,0,Not individually reviewed in readiness audit,
Nor-,/nohr-/,1,Prefix: Future Tense,,,,0,2,0,Not individually reviewed in readiness audit,
-al,/-ahl/,1,Suffix: Continuous,,,,0,0,0,Not individually reviewed in readiness audit,
-ath,/-ahth/,1,Suffix: Perfective,,,,0,0,0,Not individually reviewed in readiness audit,
-as,/-ahs/,1,Suffix: Habitual,,,,0,0,0,Not individually reviewed in readiness audit,
Ver,/vehr/,1,Particle: Negation before the verb or noun,,,Ver,30,0,1,Not individually reviewed in readiness audit,
Ra,/rah/,1,Particle: Questions start with Ra,,,RA,35,2,0,Not individually reviewed in readiness audit,
Va,/vah/,1,Particle: Imperatives (Commands) start with Va,,,VA,28,0,0,Not individually reviewed in readiness audit,
-ka,/-kah/,1,Particle: Possessive/linking marker,,,,0,2,0,Not individually reviewed in readiness audit,
Kilv,/keelv/,1,Noun: shadow/time,,,Kilv,0,0,0,Not individually reviewed in readiness audit,
Pel,/pehl/,1,"Noun: Sharpness or clarity (symbolizing clean cuts, flavors, or piercing qualities).",,,Pel,3,0,0,Not individually reviewed in readiness audit,
Jin,/jeen/,1,"Adjective: Unique or rare (e.g., exotic or specialty foods).",,,Jin,2,0,0,Not individually reviewed in readiness audit,
Nk-,/nk-/,1,"Noun: Endurance, hidden strength",,,NK,0,0,0,Not individually reviewed in readiness audit,
Rav-,/rahv-/,1,"Noun: Pull, yearning",,,RAV,0,2,0,Not individually reviewed in readiness audit,
Mb-,/mb-/,1,"Noun: Layered, supportive",,,MB,0,0,0,Not individually reviewed in readiness audit,
Tla-,/tlah-/,1,"Noun: Close, intimate connection",,,TLA,0,0,0,Not individually reviewed in readiness audit,
Ohm-,/ohhm-/,1,"Noun: Connection, unity",,,OHM,0,2,0,Not individually reviewed in readiness audit,
Khum-,/khoom-/,1,"Noun: Circle, reconciliation",,,KHUM,0,2,0,Not individually reviewed in readiness audit,
Zhae-,/zhah-eh-/,1,"Noun: Light, empathy",,,Zhae-,0,0,0,Not individually reviewed in readiness audit,
Nku-,/nkoo-/,1,"Adjective: Hidden, nurturing",,,NKU,0,0,0,Not individually reviewed in readiness audit,
Tl-,/tl-/,1,"Noun: Movement, flow",,,Tl-,0,0,0,Not individually reviewed in readiness audit,
-in,/-een/,2,"Suffix: Plural marker added to nouns ending in consonants | Suffix: Person or participant connected to a bond, place, or category",,,,0,0,0,Not individually reviewed in readiness audit,
-n,/-n/,1,Suffix: Plural marker added to nouns ending in vowels,,,,0,0,0,Not individually reviewed in readiness audit,
-or,/-ohr/,1,Suffix: Place/Location,,,,0,0,0,Not individually reviewed in readiness audit,
-en,/-ehn/,3,Suffix: Honorific/Formal-High Respect | Suffix: Honorific/Respected form | Suffix: Partner bonded to you,,,,0,4,0,Not individually reviewed in readiness audit,
-lin,/-leen/,1,Suffix: Collective/Diminutive,,,,0,0,0,Not individually reviewed in readiness audit,
-aen,/-ah-ehn/,1,Suffix: Verb-forming,,,,0,3,0,Not individually reviewed in readiness audit,
Ver-,/vehr-/,1,Prefix: Negation,,,,0,0,0,Not individually reviewed in readiness audit,
Li-,/lee-/,2,Prefix: Respect/Honorific | Prefix: show respect,,,,0,0,0,Not individually reviewed in readiness audit,
Lior,/lee-ohr/,1,Pronoun: Relative Pronoun,,,Lior,2,0,0,Not individually reviewed in readiness audit,
Ther,/thehr/,1,Particle: Comparative marker: more than,,,Ther,1,0,0,Not individually reviewed in readiness audit,
-esh,/-ehsh/,1,Suffix: deep relational ties,,,,0,0,1,Not individually reviewed in readiness audit,
-el,/-ehl/,1,Suffix: Beloved bound to them,,,,0,0,0,Not individually reviewed in readiness audit,
-vel,/-vehl/,1,Suffix: Bread shared among us,,,,0,0,0,Not individually reviewed in readiness audit,
Ten-,/tehn-/,1,Prefix: Tens prefix,,,,0,0,0,Not individually reviewed in readiness audit,
Hek-,/hehk-/,1,Prefix: Hundreds prefix,,,,0,0,0,Not individually reviewed in readiness audit,
Mel-,/mehl-/,1,Prefix: Thousands prefix,,,,0,0,0,Not individually reviewed in readiness audit,
Fen-,/fehn-/,1,Prefix: Tens of thousands prefix,,,,0,0,0,Not individually reviewed in readiness audit,
Hek-Mel-,/hehk-mehl-/,1,Prefix: Hundreds of thousands construction,,,,0,0,0,Not individually reviewed in readiness audit,
Ven,/vehn/,1,Particle: Subtraction marker meaning minus/subtract,,,Ven,2,0,0,Not individually reviewed in readiness audit,
-eth,/-ehth/,2,Suffix: Suffix that marks inherent quality or essential manifestation | Suffix: Also used for abstract or ritual nouns,,,,0,3,0,Not individually reviewed in readiness audit,
vael,/vah-ehl/,1,Particle: Subjunctive mood: wishes/hypotheticals,,,vael,3,0,0,Not individually reviewed in readiness audit,
nor-ka,/nohr-kah/,2,Particle: passive voice echo particle | Particle: Now / In this moment / At present,,,nor-ka; NOR,9,0,0,Not individually reviewed in readiness audit,
Shal-,/shahl-/,1,"Noun: Light, glow, brightness; hope, truth, creation, clarity, revelation, wisdom, life, beginnings.",,,SHAL,0,0,0,Not individually reviewed in readiness audit,
Krez-,/krehz-/,1,"Noun: Fire, heat, energy; passion, creation, strength, life-force, warmth, resilience, purification.",,,KREZ,0,0,0,Not individually reviewed in readiness audit,
Dren-,/drehn-/,1,"Noun: Water, liquid, fluid; life, flow, change, healing, emotion, intuition, cleansing, adaptation.",,,DREN,0,0,0,Not individually reviewed in readiness audit,
Morl-,/mohrl-/,1,"Noun: Stone, rock, mountain; endurance, history, stubbornness, strength, foundation, stability, defense.",,,MORL,0,2,0,Not individually reviewed in readiness audit,
Esh-,/ehsh-/,1,"Noun: Sky, air, wind; freedom, thought, divine, intellect, perspective, beginnings.",,,ESH,0,0,0,Not individually reviewed in readiness audit,
terra- / Terra-,/tehrrah- / tehrrah-/,1,"Noun: Earth, ground, soil, land; lowercase terra is mundane physical ground; capitalized Terra is the world as living spiritual entity.",,,,0,3,0,Not individually reviewed in readiness audit,
Lian-,/lee-ahn-/,1,"Noun: Truth, honesty; reality, natural law, essence, logic, clarity, correctness.",,,LIAN,0,0,0,Not individually reviewed in readiness audit,
Thal-,/thahl-/,1,"Noun: Balance, harmony, equilibrium; also preposition meaning From / Out of.",,,THAL,0,2,0,Not individually reviewed in readiness audit,
Reth- / Rethvok-,/rehth- / rehthvohk-/,1,"Noun: Reth: uncertainty, confusion, doubt, a question, or. Rethvok: chaos, disorder, un-ordered state.",,,,0,2,0,Not individually reviewed in readiness audit,
Rin-,/reen-/,1,"Noun: Essence, core nature, spirit, intrinsic quality.",,,RIN,0,2,0,Not individually reviewed in readiness audit,
Bel-,/behl-/,1,"Verb: To bind, weave, connect, fasten; civilization, bonds, restrictions, systems.",,,BEL,0,0,1,Not individually reviewed in readiness audit,
Kal-,/kahl-/,1,"Noun: Strength, power, force; neutral force whose virtue depends on use.",,,KAL,0,2,0,Not individually reviewed in readiness audit,
Shara-,/shah-rah-/,1,"Noun: A path, a road, a journey; life path, strategy, decision path.",,,SHARA,0,2,0,Not individually reviewed in readiness audit,
Thar-,/thahr-/,1,"Noun: The physical heart; source of emotion, will, and true inner self.",,,THAR,0,2,0,Not individually reviewed in readiness audit,
Var-,/vahr-/,1,"Verb: To go, move, travel; also preposition to/towards; action and existence.",,,Var-,0,2,0,Not individually reviewed in readiness audit,
Aen-,/ah-ehn-/,1,"Verb: To speak, breathe, make a sound; also complementizer that.",,,Aen,0,2,0,Not individually reviewed in readiness audit,
Pralaen-,/prah-lah-ehn-/,1,"Verb: To make, craft, shape with care; skill, purpose, imposing order.",,,Pralaen-,0,2,0,Not individually reviewed in readiness audit,
Vok-,/vohk-/,1,Noun: Duality of breaking a bond and forming a unity; noun Vok means unity; verb vokaen breaks unity.,,,VOK,0,0,0,Not individually reviewed in readiness audit,
Ser-,/sehr-/,1,"Noun: Friend, ally; also with and and.",,,Ser-,0,2,0,Not individually reviewed in readiness audit,
Rath-,/rahth-/,1,"Noun: Enemy, foe, adversary; also conditional particle if.",,,Rath,0,0,0,Not individually reviewed in readiness audit,
Zhir-,/zheer-/,1,"Noun: Thread, line, cord; connection through time, lineage, history, cause-effect, fate.",,,ZHIR,0,2,0,Not individually reviewed in readiness audit,
Kel-,/kehl-/,1,"Verb: To say, speak, name; definition and ordering through language.",,,KEL,0,2,0,Not individually reviewed in readiness audit,
Rinaen,/ree-nah-ehn/,1,Verb: To be; to exist in essence; is-in-essence,,,RIN; Aen,625,0,1,Not individually reviewed in readiness audit,
Emil,/eh-meel/,1,Noun: Food; meal,,,,38,0,0,Not individually reviewed in readiness audit,
Teremil,/teh-reh-meel/,1,Noun: Home,,,,31,0,0,Not individually reviewed in readiness audit,
Serin,/seh-reen/,1,Noun: Friends,,,Ser-,14,0,0,Not individually reviewed in readiness audit,
Varadan,/vah-rah-dahn/,1,Noun: Merchant,,,,13,0,0,Not individually reviewed in readiness audit,
Harven,/hahrvehn/,1,Noun: Pack Beast,,,,1,0,0,Not individually reviewed in readiness audit,
Zharrel,/zhahrrehl/,1,Noun: Forest Predator,,,,0,0,0,Not individually reviewed in readiness audit,
Tharnspinners,/thahrnspeennehrs/,1,Noun: Arachnid,,,,0,0,0,Not individually reviewed in readiness audit,
Veilgliders,/veh-eelglee-dehrs/,1,Noun: Gliding Insectivore,,,,0,0,0,Not individually reviewed in readiness audit,
Tharokh,/thah-rohkh/,1,Noun: Endurance Mount,,,,1,0,0,Not individually reviewed in readiness audit,
Velshen,/vehlshehn/,1,Noun: Burrowing Creature,,,,0,0,0,Not individually reviewed in readiness audit,
Shavrek,/shahvrehk/,1,Noun: Cliff Forager,,,,0,0,0,Not individually reviewed in readiness audit,
Mossquill,/mohssqoo-eell/,1,Noun: Pollinator,,,,0,0,0,Not individually reviewed in readiness audit,
Rynarth,/rynahrth/,1,Noun: Fox-like Predator,,,,0,0,0,Not individually reviewed in readiness audit,
Vroshan,/vrohshahn/,1,Noun: Scavenger,,,,0,0,0,Not individually reviewed in readiness audit,
Brinnek,/breennehk/,1,Noun: Migratory Grazer,,,,0,0,0,Not individually reviewed in readiness audit,
Thravic,/thrah-veec/,1,Noun: Ambush Predator,,,,0,0,0,Not individually reviewed in readiness audit,
Fennlur,/fehnnloor/,1,Noun: Pack Runner,,,,0,0,0,Not individually reviewed in readiness audit,
Vexflit,/vehxfleet/,1,Noun: Pollinator Bird,,,,0,0,0,Not individually reviewed in readiness audit,
Grivol,/gree-vohl/,1,Noun: Burrowing Rodent,,,,0,0,0,Not individually reviewed in readiness audit,
Rethal,/rehthahl/,1,Noun: River Predator,,,,0,0,0,Not individually reviewed in readiness audit,
Lumora,/loo-moh-rah/,1,Noun: Schooling Fish,,,,0,0,0,Not individually reviewed in readiness audit,
Thryssal,/thryssahl/,1,Noun: Swamp Scavenger,,,,0,0,0,Not individually reviewed in readiness audit,
Braskal,/brahskahl/,1,Noun: Coastal Herbivore,,,,0,0,0,Not individually reviewed in readiness audit,
Selkari,/sehlkah-ree/,1,Noun: Ocean Guardian,,,,0,0,0,Not individually reviewed in readiness audit,
Zhenlor,/zhehnlohr/,1,Noun: Legendary Figure,,,,0,0,0,Not individually reviewed in readiness audit,
Zharak,/zhah-rahk/,1,Noun: Legendary Figure,,,,0,0,0,Not individually reviewed in readiness audit,
Lorynth,/lohrynth/,1,Noun: Legendary Figure,,,,0,0,0,Not individually reviewed in readiness audit,
