entry_id,source_volume,source_section,example_type,celan_text,translation,review_status,finding,recommendation
PE-V1-0001,Volume 1: Fundamentals,Basic Sentence Structure > Verb-Subject-Object (VSO),Reviewed usage example,var I an dren.,I go to the water.,Not reviewed in readiness audit,,
PE-V1-0002,Volume 1: Fundamentals,Basic Sentence Structure > Forming Questions,Reviewed usage example,ra var ser?,Where does the friend go?,Not reviewed in readiness audit,,
PE-V1-0003,Volume 1: Fundamentals,Pronouns and Person Markers > Possessive Forms,Possession example,I-ka dren,“My water”,Not reviewed in readiness audit,,
PE-V1-0004,Volume 1: Fundamentals,Pronouns and Person Markers > Possessive Forms,Possession example,Ya-ka tera,Your home (singular).,Not reviewed in readiness audit,,
PE-V1-0005,Volume 1: Fundamentals,Pronouns and Person Markers > Possessive Forms,Possession example,Ilin-ka emil,“Our meal”,Not reviewed in readiness audit,,
PE-V1-0006,Volume 1: Fundamentals,Gendered and Neutral Terms,Reviewed usage example,rinaen ser-ian Kadron kaleth.,My friend is a strong man.,Not reviewed in readiness audit,,
PE-V1-0007,Volume 1: Fundamentals,Gendered and Neutral Terms,Usage example,Shalilaen azron ser shal.,The woman flows with the light.,Not reviewed in readiness audit,,
PE-V1-0008,Volume 1: Fundamentals,Gendered and Neutral Terms,Usage example,Theon dren kal thal,The neutral person brings strength and balance.,Not reviewed in readiness audit,,
PE-V1-0009,Volume 1: Fundamentals,Gendered and Neutral Terms,Usage example,Kadfel ohmbaen,Beloved boy.,Not reviewed in readiness audit,,
PE-V1-0010,Volume 1: Fundamentals,Gendered and Neutral Terms,Reviewed usage example,rinaen Azon an eshthael.,The feminine man is near the breeze.,Not reviewed in readiness audit,,
PE-V1-0011,Volume 1: Fundamentals,Gendered and Neutral Terms,Reviewed usage example,shalil Theon-ian ser dren.,My neutral companion flows with the water.,Not reviewed in readiness audit,,
PE-V1-0012,Volume 1: Fundamentals,Gendered and Neutral Terms,Usage example,Theefel pralmor an shal,The neutral child creates with the light.,Not reviewed in readiness audit,,
PE-V1-0013,Volume 1: Fundamentals,Gendered and Neutral Terms,Reviewed usage example,moraen kadron-azon thal nor.,The man of balanced masculine and feminine qualities stands in harmony with time.,Not reviewed in readiness audit,,
PE-V1-0014,Volume 1: Fundamentals,Gendered and Neutral Terms,Reviewed usage example,shalaen I azron-theon.,I see the woman who embodies neutrality and balance.,Not reviewed in readiness audit,,
PE-V1-0015,Volume 1: Fundamentals,Gendered and Neutral Terms,Usage example,Azfel kal dren morl,The girl brings strength to the flowing mountain.,Confirmed inconsistency,Kal does not mean bring; noun-first structure and added detail.,Recompose full pair.
PE-V1-0016,Volume 1: Fundamentals,Gendered and Neutral Terms,Usage example,Kadron var thal nor,The man stands in balance with time.,Confirmed inconsistency,Var does not mean stand.,Use established stand verb if intended.
PE-V1-0017,Volume 1: Fundamentals,Grammar > Tenses and Aspects,Tense/aspect example,Var I dren.,“I go to the water.”,Not reviewed in readiness audit,,
PE-V1-0018,Volume 1: Fundamentals,Grammar > Tenses and Aspects,Tense/aspect example,Tha-var I dren.,“I went to the water.”,Not reviewed in readiness audit,,
PE-V1-0019,Volume 1: Fundamentals,Grammar > Tenses and Aspects,Tense/aspect example,Nor-var I dren.,“I will go to the water.”,Not reviewed in readiness audit,,
PE-V1-0020,Volume 1: Fundamentals,Grammar > Tenses and Aspects,Tense/aspect example,Varal I dren.,“I am going to the water.”,Not reviewed in readiness audit,,
PE-V1-0021,Volume 1: Fundamentals,Grammar > Tenses and Aspects,Tense/aspect example,Varath I dren.,“I have gone to the water.”,Not reviewed in readiness audit,,
PE-V1-0022,Volume 1: Fundamentals,Grammar > Tenses and Aspects,Tense/aspect example,Varas I dren.,“I usually go to the water.”,Not reviewed in readiness audit,,
PE-V1-0023,Volume 1: Fundamentals,Grammar > Negation,Negation example,Ver var I dren.,“I do not go to the water.”,Not reviewed in readiness audit,,
PE-V1-0024,Volume 1: Fundamentals,Grammar > Negation,Negation example,Ver shal I dren.,“There is no light at the water.”,Not reviewed in readiness audit,,
PE-V1-0025,Volume 1: Fundamentals,Grammar > Questions and Imperatives,Question/imperative example,Ra var ser?,“Where does the friend go?”,Not reviewed in readiness audit,,
PE-V1-0026,Volume 1: Fundamentals,Grammar > Questions and Imperatives,Question/imperative example,Ra ver var ser?,“Does the friend not go?”,Not reviewed in readiness audit,,
PE-V1-0027,Volume 1: Fundamentals,Grammar > Questions and Imperatives,Reviewed usage example,va var an dren!,Go to the water!,Not reviewed in readiness audit,,
PE-V1-0028,Volume 1: Fundamentals,Grammar > Conditionals,Conditional example,"Rath var ser, I dren.","“If the friend goes, I will go to the water.”",Not reviewed in readiness audit,,
PE-V1-0029,Volume 1: Fundamentals,Grammar > Conditionals,Conditional example,"Rath Nor-var ser, Nor-var I dren.","“If the friend will go, I will go to the water.”",Not reviewed in readiness audit,,
PE-V1-0030,Volume 1: Fundamentals,Grammar > Conditionals,Conditional example,"Rath Tha-var ser, Tha-var I dren.","“If the friend had gone, I would have gone to the water.”",Not reviewed in readiness audit,,
PE-V1-0031,Volume 1: Fundamentals,Grammar > Prepositions and Case Markers > Basic Prepositions,Preposition table example,Var dren,to the water,Not reviewed in readiness audit,,
PE-V1-0032,Volume 1: Fundamentals,Grammar > Prepositions and Case Markers > Basic Prepositions,Preposition table example,Var I ser ser,with a friend,Not reviewed in readiness audit,,
PE-V1-0033,Volume 1: Fundamentals,Grammar > Prepositions and Case Markers > Basic Prepositions,Preposition table example,Tha-var La thal Terra.,They went from the living world.,Not reviewed in readiness audit,,
PE-V1-0034,Volume 1: Fundamentals,Grammar > Prepositions and Case Markers > Basic Prepositions,Reviewed usage example,var I ka shal.,I go without light.,Not reviewed in readiness audit,,
PE-V1-0035,Volume 1: Fundamentals,Grammar > Prepositions and Case Markers > Basic Prepositions,Preposition table example,Varan I an Varthas.,I am residing in the city.,Not reviewed in readiness audit,,
PE-V1-0036,Volume 1: Fundamentals,Grammar > Prepositions and Case Markers > Basic Prepositions,Preposition table example,Nor-var I an Varthas.,I will go to the city.,Not reviewed in readiness audit,,
PE-V1-0037,Volume 1: Fundamentals,Grammar > Prepositions and Case Markers > Basic Prepositions,Reviewed usage example,var I esh dren.,I go above the water.,Not reviewed in readiness audit,,
PE-V1-0038,Volume 1: Fundamentals,Grammar > Prepositions and Case Markers > Basic Prepositions,Reviewed usage example,var I morl dren.,I go under the water.,Not reviewed in readiness audit,,
PE-V1-0039,Volume 1: Fundamentals,Grammar > Prepositions and Case Markers > Example Sentences with Prepositions,Preposition example,Var I var dren.,“I go to the water.”,Not reviewed in readiness audit,,
PE-V1-0040,Volume 1: Fundamentals,Grammar > Prepositions and Case Markers > Example Sentences with Prepositions,Preposition example,Nor-var I an Tera.,“I will go at the home.”,Not reviewed in readiness audit,,
PE-V1-0041,Volume 1: Fundamentals,Grammar > Prepositions and Case Markers > Example Sentences with Prepositions,Preposition example,Tha-var La thal Shalor.,“They went from the sanctuary of light.”,Not reviewed in readiness audit,,
PE-V1-0042,Volume 1: Fundamentals,Grammar > Prepositions and Case Markers > Example Sentences with Prepositions,Preposition example,Var I ser Yalin.,“I go with you all.”,Not reviewed in readiness audit,,
PE-V1-0043,Volume 1: Fundamentals,Grammar > Prepositions and Case Markers > Example Sentences with Prepositions,Preposition example,Ka var I emil?,“Do I go without food?”,Not reviewed in readiness audit,,
PE-V1-0044,Volume 1: Fundamentals,Grammar > Prepositions and Case Markers > Example Sentences with Prepositions,Preposition example,Var I esh dren.,“I go above the water.”,Not reviewed in readiness audit,,
PE-V1-0045,Volume 1: Fundamentals,Grammar > Prepositions and Case Markers > Example Sentences with Prepositions,Preposition example,Var I morl dren.,“I go under the water.”,Not reviewed in readiness audit,,
PE-V2-0001,Volume 2: Dictionary and Word Formation,Vocabulary > Words for Times of Day,Time-of-day example,Var I dren an Kinnshal.,I go to the water at dawn.,Grammar question,An with dawn may conflict with temporal nor.,Review after temporal-an rule is clarified.
PE-V2-0002,Volume 2: Dictionary and Word Formation,Vocabulary > Words for Times of Day,Reviewed usage example,kal kinnmor ser dren ser shal.,The morning strengthens with water and light.,Not reviewed in readiness audit,,
PE-V2-0003,Volume 2: Dictionary and Word Formation,Vocabulary > Words for Times of Day,Time-of-day example,Tal I dren an Kinnlin.,I receive the water at noon.,Grammar question,An with noon may conflict with temporal nor.,Review after temporal-an rule is clarified.
PE-V2-0004,Volume 2: Dictionary and Word Formation,Vocabulary > Words for Times of Day,Time-of-day example,Nor-var I dren thal Kilvthal.,I will go to the water in the afternoon.,Grammar question,Thal with afternoon may conflict with intended in-time meaning.,Review time-expression rule.
PE-V2-0005,Volume 2: Dictionary and Word Formation,Vocabulary > Words for Times of Day,Time-of-day example,Kilveth dren morl shal.,Evening rests under the light.,Not reviewed in readiness audit,,
PE-V2-0006,Volume 2: Dictionary and Word Formation,Vocabulary > Words for Times of Day,Time-of-day example,Var I dren an Kilvfah.,I go to the water at nightfall.,Grammar question,An with nightfall may conflict with temporal nor.,Review after temporal-an rule is clarified.
PE-V2-0007,Volume 2: Dictionary and Word Formation,Vocabulary > Words for Times of Day,Reviewed usage example,tal I dren nor kilvlum an veth.,I receive water at midnight in shadow.,Not reviewed in readiness audit,,
PE-V2-0008,Volume 2: Dictionary and Word Formation,Vocabulary > Expanded Vocabulary,Expanded vocabulary example,Belrin kal dren.,The woven fabric strengthens with water.,Not reviewed in readiness audit,,
PE-V2-0009,Volume 2: Dictionary and Word Formation,Vocabulary > Expanded Vocabulary,Expanded vocabulary example,Nethaen belar an dren.,The binding spice rests by the water.,Not reviewed in readiness audit,,
PE-V2-0010,Volume 2: Dictionary and Word Formation,Vocabulary > Expanded Vocabulary,Expanded vocabulary example,Brosrin vanesh dren.,The layered food trades by the water.,Not reviewed in readiness audit,,
PE-V2-0011,Volume 2: Dictionary and Word Formation,Vocabulary > Expanded Vocabulary,Expanded vocabulary example,Balrin var dren.,The sprouting food grows by the water.,Confirmed inconsistency,Var does not mean grow.,Recompose full pair.
PE-V2-0012,Volume 2: Dictionary and Word Formation,Vocabulary > Expanded Vocabulary,Expanded vocabulary example,Brenmor kal dren.,The harvested roots strengthen by the water.,Not reviewed in readiness audit,,
PE-V2-0013,Volume 2: Dictionary and Word Formation,Vocabulary > Expanded Vocabulary,Expanded vocabulary example,Nethaen phelvin an dren.,The comforting drink rests by the water.,Not reviewed in readiness audit,,
PE-V2-0014,Volume 2: Dictionary and Word Formation,Vocabulary > Expanded Vocabulary,Expanded vocabulary example,Prakorin shalil an dren.,The tender bread flows lightly by the water.,Not reviewed in readiness audit,,
PE-V2-0015,Volume 2: Dictionary and Word Formation,Vocabulary > Expanded Vocabulary,Expanded vocabulary example,Nethaen pelvar an dren.,The sharp grain rests by the water.,Not reviewed in readiness audit,,
PE-V2-0016,Volume 2: Dictionary and Word Formation,Vocabulary > Expanded Vocabulary,Expanded vocabulary example,Shalilaen peldren morl shal.,The piercing water flows under the light.,Not reviewed in readiness audit,,
PE-V2-0017,Volume 2: Dictionary and Word Formation,Vocabulary > Expanded Vocabulary,Expanded vocabulary example,Pralmor kal dren.,The carving strengthens with water.,Not reviewed in readiness audit,,
PE-V2-0018,Volume 2: Dictionary and Word Formation,Vocabulary > Expanded Vocabulary,Expanded vocabulary example,Shalilaen jorlin an shal.,The bursting water flows by the light.,Not reviewed in readiness audit,,
PE-V2-0019,Volume 2: Dictionary and Word Formation,Vocabulary > Expanded Vocabulary,Expanded vocabulary example,Jorvak kal dren.,The warmth strengthens by the water.,Not reviewed in readiness audit,,
PE-V2-0020,Volume 2: Dictionary and Word Formation,Vocabulary > Expanded Vocabulary,Expanded vocabulary example,Nethaen jekvor an dren.,The spiraling spice rests by the water.,Not reviewed in readiness audit,,
PE-V2-0021,Volume 2: Dictionary and Word Formation,Vocabulary > Expanded Vocabulary,Expanded vocabulary example,Jelvor vanesh dren.,The zesty spice trades by the water.,Not reviewed in readiness audit,,
PE-V2-0022,Volume 2: Dictionary and Word Formation,Vocabulary > Expanded Vocabulary,Expanded vocabulary example,Nethaen jindral an dren.,The rare fruit rests by the water.,Not reviewed in readiness audit,,
PE-V2-0023,Volume 2: Dictionary and Word Formation,Vocabulary > Expanded Vocabulary,Expanded vocabulary example,Welaen welrim ser dren ser Serin.,The feast is shared with friends and water.,Not reviewed in readiness audit,,
PE-V2-0024,Volume 2: Dictionary and Word Formation,Vocabulary > Expanded Vocabulary,Expanded vocabulary example,Welmor vanesh dren.,The flowing earth trades by the water.,Not reviewed in readiness audit,,
PE-V2-0025,Volume 2: Dictionary and Word Formation,Vocabulary > Expanded Vocabulary,Expanded vocabulary example,Nethaen weknor an dren.,The cyclical time rests by the water.,Not reviewed in readiness audit,,
PE-V2-0026,Volume 2: Dictionary and Word Formation,Vocabulary > Expanded Vocabulary,Expanded vocabulary example,Worvenak kal dren.,The abundant stew strengthens by the water.,Not reviewed in readiness audit,,
PE-V2-0027,Volume 2: Dictionary and Word Formation,Vocabulary > Expanded Vocabulary,Expanded vocabulary example,Nethaen xilvar an dren.,The hidden spice rests by the water.,Not reviewed in readiness audit,,
PE-V2-0028,Volume 2: Dictionary and Word Formation,Vocabulary > Expanded Vocabulary,Reviewed usage example,nethaen xarvel an dren.,The covered meal rests by the water.,Not reviewed in readiness audit,,
PE-V2-0029,Volume 2: Dictionary and Word Formation,Vocabulary > Refined Relationships Chart,Relationship example,Nethaen ohmbaen an dren.,The beloved rests near the water.,Not reviewed in readiness audit,,
PE-V2-0030,Volume 2: Dictionary and Word Formation,Vocabulary > Refined Relationships Chart,Relationship example,Tlakorin kal dren an Varthas.,The confidant strengthens the city.,Not reviewed in readiness audit,,
PE-V2-0031,Volume 2: Dictionary and Word Formation,Vocabulary > Refined Relationships Chart,Relationship example,Khumlor var dren.,The family gathers by the water.,Confirmed inconsistency,Var does not mean gather.,Recompose full pair.
PE-V2-0032,Volume 2: Dictionary and Word Formation,Vocabulary > Refined Relationships Chart,Relationship example,Shalilaen nkuvath var serathrin.,The bond flows to the confidant.,Not reviewed in readiness audit,,
PE-V2-0033,Volume 2: Dictionary and Word Formation,Vocabulary > Refined Relationships Chart,Relationship example,moraen mbalan an dren an Varthas.,A pillar of the community stands at the water in the city.,Not reviewed in readiness audit,,
PE-V2-0034,Volume 2: Dictionary and Word Formation,Vocabulary > Refined Relationships Chart,Relationship example,Nethaen nkural an dren ser Ilan.,The mentor rests by the water with the student.,Not reviewed in readiness audit,,
PE-V2-0035,Volume 2: Dictionary and Word Formation,Vocabulary > Refined Relationships Chart,Relationship example,Tlankor kal dren ser Serin.,The ally strengthens by the water with friends.,Not reviewed in readiness audit,,
PE-V2-0036,Volume 2: Dictionary and Word Formation,Vocabulary > Refined Relationships Chart,Relationship example,Shalilaen tlakhura ser Zhivor.,A bond flows with the family.,Not reviewed in readiness audit,,
PE-V2-0037,Volume 2: Dictionary and Word Formation,"Vocabulary > JARGON: (BATTLE, TEMPLE, MARKET) > Battle Jargon",Jargon example,Va jorkal an rath!,Command: Charge the enemy!,Not reviewed in readiness audit,,
PE-V2-0038,Volume 2: Dictionary and Word Formation,"Vocabulary > JARGON: (BATTLE, TEMPLE, MARKET) > Battle Jargon",Jargon example,Var Seren arthlor an Kaleth.,The Guardians go to the defensive formation at the Fortress.,Not reviewed in readiness audit,,
PE-V2-0039,Volume 2: Dictionary and Word Formation,"Vocabulary > JARGON: (BATTLE, TEMPLE, MARKET) > Battle Jargon",Jargon example,Nor-var Serenkal thal morl.,The Elite Warriors will advance from the mountain.,Not reviewed in readiness audit,,
PE-V2-0040,Volume 2: Dictionary and Word Formation,"Vocabulary > JARGON: (BATTLE, TEMPLE, MARKET) > Battle Jargon",Jargon example,Lorin Ilin belshara an vethor.,Guide us in the coordinated maneuver through the shadow.,Not reviewed in readiness audit,,
PE-V2-0041,Volume 2: Dictionary and Word Formation,"Vocabulary > JARGON: (BATTLE, TEMPLE, MARKET) > Battle Jargon",Jargon example,Ra var rathvethor an Verdor?,Is there a hidden enemy in the forest?,Not reviewed in readiness audit,,
PE-V2-0042,Volume 2: Dictionary and Word Formation,"Vocabulary > JARGON: (BATTLE, TEMPLE, MARKET) > Temple Jargon",Reviewed usage example,var Liorinen lianaen an shalor.,The Honored Elder goes to pray in the sanctuary.,Not reviewed in readiness audit,,
PE-V2-0043,Volume 2: Dictionary and Word Formation,"Vocabulary > JARGON: (BATTLE, TEMPLE, MARKET) > Temple Jargon",Jargon example,Nor-var Tharvok khumeth an Zhaelor.,The Family will perform the ritual in the Spring (season).,Not reviewed in readiness audit,,
PE-V2-0044,Volume 2: Dictionary and Word Formation,"Vocabulary > JARGON: (BATTLE, TEMPLE, MARKET) > Temple Jargon",Reviewed usage example,tal Ilin talrin ser vaar.,We give an offering with peace.,Not reviewed in readiness audit,,
PE-V2-0045,Volume 2: Dictionary and Word Formation,"Vocabulary > JARGON: (BATTLE, TEMPLE, MARKET) > Temple Jargon",Jargon example,Aen Shalor Liorin lian nor.,The Temple Elder speaks truth now.,Not reviewed in readiness audit,,
PE-V2-0046,Volume 2: Dictionary and Word Formation,"Vocabulary > JARGON: (BATTLE, TEMPLE, MARKET) > Temple Jargon",Jargon example,Var Rinvarash thal liorin.,Prophetic vision comes from the elder.,Not reviewed in readiness audit,,
PE-V2-0047,Volume 2: Dictionary and Word Formation,"Vocabulary > JARGON: (BATTLE, TEMPLE, MARKET) > Market Jargon",Jargon example,Ra aen Ya belshen velrin?,Do you speak the price of the food?,Not reviewed in readiness audit,,
PE-V2-0048,Volume 2: Dictionary and Word Formation,"Vocabulary > JARGON: (BATTLE, TEMPLE, MARKET) > Market Jargon",Jargon example,Var Varadan vaneshem an Varthas.,The Merchant brings goods into the City.,Not reviewed in readiness audit,,
PE-V2-0049,Volume 2: Dictionary and Word Formation,"Vocabulary > JARGON: (BATTLE, TEMPLE, MARKET) > Market Jargon",Jargon example,Var thalaneshen ser varadan.,Bargaining goes with the merchant.,Not reviewed in readiness audit,,
PE-V2-0050,Volume 2: Dictionary and Word Formation,"Vocabulary > JARGON: (BATTLE, TEMPLE, MARKET) > Market Jargon",Jargon example,Vanesh Ilin ka-shen lialor.,We trade via barter indeed.,Not reviewed in readiness audit,,
PE-V2-0051,Volume 2: Dictionary and Word Formation,"Vocabulary > JARGON: (BATTLE, TEMPLE, MARKET) > Market Jargon",Jargon example,Tal Varadan vellian an Ilan.,The Merchant offers quality goods to the Student.,Not reviewed in readiness audit,,
PE-V2-0052,Volume 2: Dictionary and Word Formation,Food Vocabulary > Staple Foods,Food vocabulary example,Nethaen morlak an dren.,The bread rests by the water.,Not reviewed in readiness audit,,
PE-V2-0053,Volume 2: Dictionary and Word Formation,Food Vocabulary > Staple Foods,Food vocabulary example,Velrin kal dren an Serin.,The food strengthens with friends by the water.,Not reviewed in readiness audit,,
PE-V2-0054,Volume 2: Dictionary and Word Formation,Food Vocabulary > Staple Foods,Food vocabulary example,Teravin var dren.,The root vegetable grows by the water.,Confirmed inconsistency,Var does not mean grow.,Recompose full pair.
PE-V2-0055,Volume 2: Dictionary and Word Formation,Food Vocabulary > Staple Foods,Food vocabulary example,Broslak kal dren.,The layered bread strengthens by the water.,Not reviewed in readiness audit,,
PE-V2-0056,Volume 2: Dictionary and Word Formation,Food Vocabulary > Staple Foods,Food vocabulary example,Nethaen pelvar an dren morl shal.,The sharp grain rests by the water under the light.,Not reviewed in readiness audit,,
PE-V2-0057,Volume 2: Dictionary and Word Formation,Food Vocabulary > Prepared Dishes,Food vocabulary example,Welaen jorvak an dren.,The bursting stew is shared by the water.,Not reviewed in readiness audit,,
PE-V2-0058,Volume 2: Dictionary and Word Formation,Food Vocabulary > Prepared Dishes,Food vocabulary example,Welrim kal dren.,The feast strengthens by the water.,Not reviewed in readiness audit,,
PE-V2-0059,Volume 2: Dictionary and Word Formation,Food Vocabulary > Prepared Dishes,Food vocabulary example,Shalilaen lorlivok an dren.,The earthbake flows by the water.,Not reviewed in readiness audit,,
PE-V2-0060,Volume 2: Dictionary and Word Formation,Food Vocabulary > Prepared Dishes,Food vocabulary example,Phelkarin kal dren.,The porridge strengthens with water.,Not reviewed in readiness audit,,
PE-V2-0061,Volume 2: Dictionary and Word Formation,Food Vocabulary > Prepared Dishes,Food vocabulary example,Nethaen xarvel an dren.,The veiled meal rests by the water.,Not reviewed in readiness audit,,
PE-V2-0062,Volume 2: Dictionary and Word Formation,Food Vocabulary > Specialty Ingredients,Food vocabulary example,Felorin vanesh dren.,The berries trade by the water.,Not reviewed in readiness audit,,
PE-V2-0063,Volume 2: Dictionary and Word Formation,Food Vocabulary > Specialty Ingredients,Food vocabulary example,Nethaen jekvin an dren.,The spiral herb rests by the water.,Not reviewed in readiness audit,,
PE-V2-0064,Volume 2: Dictionary and Word Formation,Food Vocabulary > Specialty Ingredients,Food vocabulary example,Belmor kal dren.,The root spice strengthens with water.,Not reviewed in readiness audit,,
PE-V2-0065,Volume 2: Dictionary and Word Formation,Food Vocabulary > Specialty Ingredients,Food vocabulary example,Shalilaen xilvar an dren.,The salt flows lightly by the water.,Not reviewed in readiness audit,,
PE-V2-0066,Volume 2: Dictionary and Word Formation,Food Vocabulary > Specialty Ingredients,Food vocabulary example,Nethaen vethhar an dren.,The shadowspice rests by the water.,Not reviewed in readiness audit,,
PE-V2-0067,Volume 2: Dictionary and Word Formation,Food Vocabulary > Beverages,Food vocabulary example,Shalilaen phelvin an dren.,The comforting drink flows by the water.,Not reviewed in readiness audit,,
PE-V2-0068,Volume 2: Dictionary and Word Formation,Food Vocabulary > Beverages,Food vocabulary example,Nethaen velithor an dren.,The ale rests by the water.,Not reviewed in readiness audit,,
PE-V2-0069,Volume 2: Dictionary and Word Formation,Food Vocabulary > Beverages,Food vocabulary example,Shalilaen tenarorin an dren.,The glowing wine flows by the water.,Not reviewed in readiness audit,,
PE-V2-0070,Volume 2: Dictionary and Word Formation,Food Vocabulary > Beverages,Food vocabulary example,Lianfel kal dren.,The tea strengthens with water.,Not reviewed in readiness audit,,
PE-V2-0071,Volume 2: Dictionary and Word Formation,Food Vocabulary > Beverages,Food vocabulary example,Nethaen jorvilor an dren.,The drink rests by the water.,Not reviewed in readiness audit,,
PE-V2-0072,Volume 2: Dictionary and Word Formation,Food Vocabulary > Sample Sentences,Food sample sentence,Welaen morlak ser jorvak an dren.,The bread and stew are shared by the water.,Not reviewed in readiness audit,,
PE-V2-0073,Volume 2: Dictionary and Word Formation,Food Vocabulary > Sample Sentences,Food sample sentence,Felorin vanesh dren an Evan.,The berries trade at the market.,Not reviewed in readiness audit,,
PE-V2-0074,Volume 2: Dictionary and Word Formation,Food Vocabulary > Sample Sentences,Food sample sentence,Lorlivok kal dren an Teremil.,The earthbake strengthens at home by the water.,Not reviewed in readiness audit,,
PE-V2-0075,Volume 2: Dictionary and Word Formation,Food Vocabulary > Sample Sentences,Food sample sentence,Shalilaen tenarorin an dren morl shal.,The glowing wine flows under the light by the water.,Not reviewed in readiness audit,,
PE-V2-0076,Volume 2: Dictionary and Word Formation,Food Vocabulary > Sample Sentences,Food sample sentence,Phelvin kal dren.,The comforting drink strengthens with water.,Not reviewed in readiness audit,,
PE-V2-0077,Volume 2: Dictionary and Word Formation,Food Vocabulary by Nation > Mechuma (Varthas Shal-Kaleth),Food-by-nation example,Zhelvek kal dren.,The energy bar strengthens with water.,Not reviewed in readiness audit,,
PE-V2-0078,Volume 2: Dictionary and Word Formation,Food Vocabulary by Nation > Mechuma (Varthas Shal-Kaleth),Reviewed usage example,vanesh velmek an van nor-ka.,The synthetic protein is traded at the market.,Not reviewed in readiness audit,,
PE-V2-0079,Volume 2: Dictionary and Word Formation,Food Vocabulary by Nation > Mechuma (Varthas Shal-Kaleth),Food-by-nation example,Welaen phelrin ser dren.,The comforting food is shared with water.,Not reviewed in readiness audit,,
PE-V2-0080,Volume 2: Dictionary and Word Formation,Food Vocabulary by Nation > Mechuma (Varthas Shal-Kaleth),Food-by-nation example,Nethaen jorvalin an dren.,The effervescent beverage rests by the water.,Not reviewed in readiness audit,,
PE-V2-0081,Volume 2: Dictionary and Word Formation,Food Vocabulary by Nation > Pelagae (Drenor Thal),Food-by-nation example,Drenlivar vanesh dren thal morl.,The salted fish trades by the water and the mountain.,Not reviewed in readiness audit,,
PE-V2-0082,Volume 2: Dictionary and Word Formation,Food Vocabulary by Nation > Pelagae (Drenor Thal),Food-by-nation example,Nethaen eshtenor an dren.,The glowing seaweed rests by the water.,Not reviewed in readiness audit,,
PE-V2-0083,Volume 2: Dictionary and Word Formation,Food Vocabulary by Nation > Pelagae (Drenor Thal),Food-by-nation example,Welaen jekvarin an dren.,The shellfish is shared by the water.,Not reviewed in readiness audit,,
PE-V2-0084,Volume 2: Dictionary and Word Formation,Food Vocabulary by Nation > Pelagae (Drenor Thal),Food-by-nation example,Nethaen felorin an dren.,The berries rest by the water.,Not reviewed in readiness audit,,
PE-V2-0085,Volume 2: Dictionary and Word Formation,Food Vocabulary by Nation > Verdalris (Lorash Terra-Thar),Reviewed usage example,kal tharmor an dren ser morl.,The rootbread strengthens at the water with the mountain.,Not reviewed in readiness audit,,
PE-V2-0086,Volume 2: Dictionary and Word Formation,Food Vocabulary by Nation > Verdalris (Lorash Terra-Thar),Food-by-nation example,Welaen terafennil ser dren an teremil.,The herb stew is shared with water at home.,Not reviewed in readiness audit,,
PE-V2-0087,Volume 2: Dictionary and Word Formation,Food Vocabulary by Nation > Verdalris (Lorash Terra-Thar),Food-by-nation example,Brenvor kal dren.,The harvested nuts strengthen with water.,Not reviewed in readiness audit,,
PE-V2-0088,Volume 2: Dictionary and Word Formation,Food Vocabulary by Nation > Verdalris (Lorash Terra-Thar),Food-by-nation example,Nethaen welvinor an dren.,The flowing mead rests by the water.,Not reviewed in readiness audit,,
PE-V2-0089,Volume 2: Dictionary and Word Formation,Food Vocabulary by Nation > Zarithan (Krez Terra-Vethor),Food-by-nation example,Krezfel kal dren.,The spiced grain strengthens with water.,Not reviewed in readiness audit,,
PE-V2-0090,Volume 2: Dictionary and Word Formation,Food Vocabulary by Nation > Zarithan (Krez Terra-Vethor),Food-by-nation example,Morthas vanesh an dren.,The roasted nuts trade by the water.,Not reviewed in readiness audit,,
PE-V2-0091,Volume 2: Dictionary and Word Formation,Food Vocabulary by Nation > Zarithan (Krez Terra-Vethor),Food-by-nation example,Nethaen voktarin an dren.,The preserved dates rest by the water.,Not reviewed in readiness audit,,
PE-V2-0092,Volume 2: Dictionary and Word Formation,Food Vocabulary by Nation > Zarithan (Krez Terra-Vethor),Food-by-nation example,Phelmorin kal dren.,The tea strengthens with water.,Not reviewed in readiness audit,,
PE-V2-0093,Volume 2: Dictionary and Word Formation,Food Vocabulary by Nation > Nivveil (Eshor Thalor),Reviewed usage example,rinaen velthamor an dren ser morl.,The frozen root mash is at the water with the mountain.,Not reviewed in readiness audit,,
PE-V2-0094,Volume 2: Dictionary and Word Formation,Food Vocabulary by Nation > Nivveil (Eshor Thalor),Food-by-nation example,Shalilaen eshvilor ser dren.,The snowberry wine flows lightly with the water.,Not reviewed in readiness audit,,
PE-V2-0095,Volume 2: Dictionary and Word Formation,Food Vocabulary by Nation > Nivveil (Eshor Thalor),Food-by-nation example,Thalshorin kal dren.,The ice stew strengthens by the water.,Not reviewed in readiness audit,,
PE-V2-0096,Volume 2: Dictionary and Word Formation,Food Vocabulary by Nation > Nivveil (Eshor Thalor),Food-by-nation example,Nethaen xarlorin an dren.,The tea rests by the water.,Not reviewed in readiness audit,,
PE-V2-0097,Volume 2: Dictionary and Word Formation,Food Vocabulary by Nation > Marakor (Kaleth Rathor),Food-by-nation example,Morvenak kal dren.,The porridge strengthens with water.,Not reviewed in readiness audit,,
PE-V2-0098,Volume 2: Dictionary and Word Formation,Food Vocabulary by Nation > Marakor (Kaleth Rathor),Reviewed usage example,kal kreztorin an dren ser morl.,The smoked meat strengthens at the water with the mountain.,Not reviewed in readiness audit,,
PE-V2-0099,Volume 2: Dictionary and Word Formation,Food Vocabulary by Nation > Marakor (Kaleth Rathor),Food-by-nation example,Shalilaen velkorin an dren.,The ration flows lightly by the water.,Not reviewed in readiness audit,,
PE-V2-0100,Volume 2: Dictionary and Word Formation,Food Vocabulary by Nation > Marakor (Kaleth Rathor),Food-by-nation example,Nethaen xilbren an dren.,The grain cake rests by the water.,Not reviewed in readiness audit,,
PE-V2-0101,Volume 2: Dictionary and Word Formation,Food Vocabulary by Nation > Jasara (Dren Vethor-Shalor),Food-by-nation example,Nethaen drenkor an dren.,The oasis bread rests by the water.,Not reviewed in readiness audit,,
PE-V2-0102,Volume 2: Dictionary and Word Formation,Food Vocabulary by Nation > Jasara (Dren Vethor-Shalor),Food-by-nation example,Welaen vethsoril ser dren.,The stew is shared with water.,Not reviewed in readiness audit,,
PE-V2-0103,Volume 2: Dictionary and Word Formation,Food Vocabulary by Nation > Jasara (Dren Vethor-Shalor),Food-by-nation example,Nethaen shalorin an dren.,The sweet fruit rests by the water.,Not reviewed in readiness audit,,
PE-V2-0104,Volume 2: Dictionary and Word Formation,Food Vocabulary by Nation > Jasara (Dren Vethor-Shalor),Food-by-nation example,Welkarin kal dren.,The drink strengthens with water.,Not reviewed in readiness audit,,
PE-V2-0105,Volume 2: Dictionary and Word Formation,Food Vocabulary by Nation > Valkeldor (Morl-Kaleth Thar),Food-by-nation example,Morlathor kal dren.,The bread strengthens by the water.,Not reviewed in readiness audit,,
PE-V2-0106,Volume 2: Dictionary and Word Formation,Food Vocabulary by Nation > Valkeldor (Morl-Kaleth Thar),Food-by-nation example,Nethaen velkrin an dren.,The fermented drink rests by the water.,Not reviewed in readiness audit,,
PE-V2-0107,Volume 2: Dictionary and Word Formation,Food Vocabulary by Nation > Valkeldor (Morl-Kaleth Thar),Food-by-nation example,Krezlorin kal dren.,The grilled meat strengthens with water.,Not reviewed in readiness audit,,
PE-V2-0108,Volume 2: Dictionary and Word Formation,Food Vocabulary by Nation > Valkeldor (Morl-Kaleth Thar),Food-by-nation example,Shalilaen pralvinor an dren.,The mead flows lightly by the water.,Not reviewed in readiness audit,,
PE-V2-0109,Volume 2: Dictionary and Word Formation,Seasons,Reviewed usage example,shalil Zhaelor an dren.,Spring flows lightly at the water.,Not reviewed in readiness audit,,
PE-V2-0110,Volume 2: Dictionary and Word Formation,Seasons,Reviewed usage example,kal Fenrek an dren.,Summer strengthens at the water.,Not reviewed in readiness audit,,
PE-V2-0111,Volume 2: Dictionary and Word Formation,Seasons,Reviewed usage example,thal'vokaen Tharvin dren ser morl.,Autumn balances the water with the mountain.,Not reviewed in readiness audit,,
PE-V2-0112,Volume 2: Dictionary and Word Formation,Seasons,Reviewed usage example,shalil Velthaen an morl.,Winter flows lightly at the mountain.,Not reviewed in readiness audit,,
PE-V2-0113,Volume 2: Dictionary and Word Formation,Weather Terms > Sky and Atmospheric Phenomena,Weather example,shalil eshthael an dren.,The breeze drifts by the water.,Not reviewed in readiness audit,,
PE-V2-0114,Volume 2: Dictionary and Word Formation,Weather Terms > Sky and Atmospheric Phenomena,Weather example,Shalithor kal dren an Evan.,The sunlight strengthens at the market.,Not reviewed in readiness audit,,
PE-V2-0115,Volume 2: Dictionary and Word Formation,Weather Terms > Sky and Atmospheric Phenomena,Weather example,Shalilaen dralorim ser dren morl shal.,The storm flows with the water under the light.,Not reviewed in readiness audit,,
PE-V2-0116,Volume 2: Dictionary and Word Formation,Weather Terms > Sky and Atmospheric Phenomena,Weather example,Velarshor dren thal morl.,The mist rests over the mountain.,Not reviewed in readiness audit,,
PE-V2-0117,Volume 2: Dictionary and Word Formation,Weather Terms > Rain and Precipitation,Reviewed usage example,shalil drenalor esh dren.,The rain flows lightly over the water.,Not reviewed in readiness audit,,
PE-V2-0118,Volume 2: Dictionary and Word Formation,Weather Terms > Rain and Precipitation,Reviewed usage example,alor eshvelor an dren ser morl.,The snow falls at the water with the mountain.,Not reviewed in readiness audit,,
PE-V2-0119,Volume 2: Dictionary and Word Formation,Weather Terms > Other Weather Events,Weather example,Thalorim kal dren.,The lightning strikes the water.,Confirmed inconsistency,Kal does not mean strike.,Recompose full pair.
PE-V2-0120,Volume 2: Dictionary and Word Formation,Weather Terms > Other Weather Events,Weather example,Krezrek dren nor Fenrek.,The heatwave flows with summer.,Not reviewed in readiness audit,,
PE-V2-0121,Volume 2: Dictionary and Word Formation,Weather Terms > Other Weather Events,Weather example,Drenvelesh dren thal morl.,The morning dew rests on the water by the mountain.,Not reviewed in readiness audit,,
PE-V2-0122,Volume 2: Dictionary and Word Formation,Weather Terms > Other Weather Events,Weather example,Eshvelaneth kal morl.,The hailstorm strikes the mountain.,Confirmed inconsistency,Kal means strengthen rather than strike; noun-first ordinary sentence,Rewrite Celan for the preserved English or reclassify as historical pending correction.
PE-V2-0123,Volume 2: Dictionary and Word Formation,Nuances of Quantification and Specificity > Quantifiers,Quantifier example,Ilinor Serin var.,All the Friends go.,Not reviewed in readiness audit,,
PE-V2-0124,Volume 2: Dictionary and Word Formation,Nuances of Quantification and Specificity > Quantifiers,Quantifier example,Kal Ilinor Terra.,Strengthens the whole World.,Not reviewed in readiness audit,,
PE-V2-0125,Volume 2: Dictionary and Word Formation,Nuances of Quantification and Specificity > Quantifiers,Quantifier example,Var som Serin.,Some Friends go.,Not reviewed in readiness audit,,
PE-V2-0126,Volume 2: Dictionary and Word Formation,Nuances of Quantification and Specificity > Quantifiers,Quantifier example,Tal I som dren.,Give I some water.,Not reviewed in readiness audit,,
PE-V2-0127,Volume 2: Dictionary and Word Formation,Nuances of Quantification and Specificity > Quantifiers,Quantifier example,Var melen Lalin.,Go many They. / Many of them go.,Not reviewed in readiness audit,,
PE-V2-0128,Volume 2: Dictionary and Word Formation,Nuances of Quantification and Specificity > Quantifiers,Quantifier example,Kal melen dren.,Strengthens much water.,Not reviewed in readiness audit,,
PE-V2-0129,Volume 2: Dictionary and Word Formation,Nuances of Quantification and Specificity > Quantifiers,Quantifier example,Var felin Serin.,Go few Friends.,Not reviewed in readiness audit,,
PE-V2-0130,Volume 2: Dictionary and Word Formation,Nuances of Quantification and Specificity > Quantifiers,Quantifier example,Tal I felin emil.,Give I little food.,Not reviewed in readiness audit,,
PE-V2-0131,Volume 2: Dictionary and Word Formation,Nuances of Quantification and Specificity > Quantifiers,Quantifier example,Kal Ekor Kadron.,Strengthens Each Man.,Not reviewed in readiness audit,,
PE-V2-0132,Volume 2: Dictionary and Word Formation,Nuances of Quantification and Specificity > Quantifiers,Quantifier example,Var Ekor Zhaelor.,Goes Every Spring.,Not reviewed in readiness audit,,
PE-V3-0001,"Volume 3: Culture, Context, and Advanced Expression",Politeness and Honorifics,Politeness example,"Var I dren, Ser.","I go to the water, friend.",Not reviewed in readiness audit,,
PE-V3-0002,"Volume 3: Culture, Context, and Advanced Expression",Politeness and Honorifics,Politeness example,"Var I dren, Li-Ser.","I go to the water, respected friend.",Not reviewed in readiness audit,,
PE-V3-0003,"Volume 3: Culture, Context, and Advanced Expression",Politeness and Honorifics,Politeness example,Li-Ya var dren.,You (respected one) go to the water.,Not reviewed in readiness audit,,
PE-V3-0004,"Volume 3: Culture, Context, and Advanced Expression",Politeness and Honorifics,Politeness example,"Li-Ya, nor aen lian?","Respected you, may we now speak truth?",Not reviewed in readiness audit,,
PE-V3-0005,"Volume 3: Culture, Context, and Advanced Expression",Politeness and Honorifics,Politeness example,"Li-Seren-en, var nor Varthas shenakar?","Honored guardian, do we proceed to the city's exchange now?",Not reviewed in readiness audit,,
PE-V3-0006,"Volume 3: Culture, Context, and Advanced Expression",Politeness and Honorifics,Politeness example,Va var dren!,Go to the water!,Not reviewed in readiness audit,,
PE-V3-0007,"Volume 3: Culture, Context, and Advanced Expression",Politeness and Honorifics,Politeness example,"Li-Ya, va var dren.","Respected one, please go to the water.",Not reviewed in readiness audit,,
PE-V3-0008,"Volume 3: Culture, Context, and Advanced Expression",Politeness and Honorifics,Politeness example,"Ver var I dren, Li-Ser.","I cannot go to the water, respected friend.",Not reviewed in readiness audit,,
PE-V3-0009,"Volume 3: Culture, Context, and Advanced Expression",Register Markers > Emotional Intensity Markers,Intensity marker example,Fahaen I ar!,I am terrified!,Not reviewed in readiness audit,,
PE-V3-0010,"Volume 3: Culture, Context, and Advanced Expression",Register Markers > Emotional Intensity Markers,Intensity marker example,Theraen I fel.,I long a little.,Not reviewed in readiness audit,,
PE-V3-0011,"Volume 3: Culture, Context, and Advanced Expression",Pragmatic Usage and Discourse Markers,Discourse marker example,"Lia, I var dren.","Yes, I go to the water.",Not reviewed in readiness audit,,
PE-V3-0012,"Volume 3: Culture, Context, and Advanced Expression",Pragmatic Usage and Discourse Markers,Discourse marker example,Ka.,No.,Not reviewed in readiness audit,,
PE-V3-0013,"Volume 3: Culture, Context, and Advanced Expression",Pragmatic Usage and Discourse Markers,Discourse marker example,"Rethlian, I nor var dren.","Maybe, I will go to the water.",Not reviewed in readiness audit,,
PE-V3-0014,"Volume 3: Culture, Context, and Advanced Expression",Pragmatic Usage and Discourse Markers,Discourse marker example,"Lialor, serin vanesh shenakar.","Indeed, the friends trade coinage.",Not reviewed in readiness audit,,
PE-V3-0015,"Volume 3: Culture, Context, and Advanced Expression",Pragmatic Usage and Discourse Markers,Discourse marker example,"Varthen, Ya var dren?","So, you go to the water?",Not reviewed in readiness audit,,
PE-V3-0016,"Volume 3: Culture, Context, and Advanced Expression",Pragmatic Usage and Discourse Markers,Discourse marker example,"Shalra, Ya var emil?","Well, do you get food?",Not reviewed in readiness audit,,
PE-V3-0017,"Volume 3: Culture, Context, and Advanced Expression",Pragmatic Usage and Discourse Markers,Discourse marker example,"Lianlor, Ver var I dren.","Honestly, I do not go to the water.",Not reviewed in readiness audit,,
PE-V3-0018,"Volume 3: Culture, Context, and Advanced Expression",Pragmatic Usage and Discourse Markers,Discourse marker example,Ra var Ya dren?,Do you go to the water?,Not reviewed in readiness audit,,
PE-V3-0019,"Volume 3: Culture, Context, and Advanced Expression",Pragmatic Usage and Discourse Markers,Discourse marker example,Nor-var Ya dren an Varthas?,Will you go to the water in the city?,Not reviewed in readiness audit,,
PE-V3-0020,"Volume 3: Culture, Context, and Advanced Expression",Pragmatic Usage and Discourse Markers,Discourse marker example,"Em… Rethlian, Var I dren.",Um… maybe I will go to the water.,Not reviewed in readiness audit,,
PE-V3-0021,"Volume 3: Culture, Context, and Advanced Expression",Pragmatic Usage and Discourse Markers,Discourse marker example,"Shalra, Ya ser emil?","Well, do you bring food?",Not reviewed in readiness audit,,
PE-V3-0022,"Volume 3: Culture, Context, and Advanced Expression",Complex Sentence Structures,Complex sentence example,varin I aen var Ya dren.,I know that you go to the water.,Not reviewed in readiness audit,,
PE-V3-0023,"Volume 3: Culture, Context, and Advanced Expression",Complex Sentence Structures,Complex sentence example,Ser Lior var an dren.,The friend who goes to the water.,Not reviewed in readiness audit,,
PE-V3-0024,"Volume 3: Culture, Context, and Advanced Expression",Complex Sentence Structures,Complex sentence example,var I an terra ser Ser Lior var an dren.,I go home with the friend who goes to the water.,Not reviewed in readiness audit,,
PE-V3-0025,"Volume 3: Culture, Context, and Advanced Expression",Complex Sentence Structures,Complex sentence example,rinaen dren-ian shaleth ther La-ka dren.,My water is brighter than their water.,Not reviewed in readiness audit,,
PE-V3-0026,"Volume 3: Culture, Context, and Advanced Expression",Complex Sentence Structures,Complex sentence example,I dren shaleth thaal.,My water is the brightest.,Not reviewed in readiness audit,,
PE-V3-0027,"Volume 3: Culture, Context, and Advanced Expression",Complex Sentence Structures,Complex sentence example,rinaen dren-ian shaleth thaal morldren.,My water is the brightest of the mountain waters.,Not reviewed in readiness audit,,
PE-V3-0028,"Volume 3: Culture, Context, and Advanced Expression",Complex Sentence Structures,Reviewed usage example,"rath var Ya an dren, nor-vekaen I shena var Ya.","If you go to the water, I will bring coinage.",Not reviewed in readiness audit,,
PE-V3-0029,"Volume 3: Culture, Context, and Advanced Expression",Complex Sentence Structures,Complex sentence example,"rath tha-var Ya an dren, tha-talaen I emil.","If you had gone to the water, I would have gotten food.",Not reviewed in readiness audit,,
PE-V3-0030,"Volume 3: Culture, Context, and Advanced Expression",Kinship Terms,Kinship example,shalil tavan ser felka.,The parent moves lightly with the child.,Not reviewed in readiness audit,,
PE-V3-0031,"Volume 3: Culture, Context, and Advanced Expression",Kinship Terms,Kinship example,Felka ser dren an Tavan.,The child is with the parent by the water.,Confirmed inconsistency,Participants and location do not match English; no being verb.,Consider rinaen felka ser tavan an dren.
PE-V3-0032,"Volume 3: Culture, Context, and Advanced Expression",Kinship Terms,Kinship example,Zhiren vanesh dren.,The sibling trades water.,Not reviewed in readiness audit,,
PE-V3-0033,"Volume 3: Culture, Context, and Advanced Expression",Kinship Terms,Kinship example,shalil velar an dren.,The elder moves lightly by the water.,Not reviewed in readiness audit,,
PE-V3-0034,"Volume 3: Culture, Context, and Advanced Expression",Kinship Terms,Kinship example,Pralin ser dren morl morl.,The cousin is by the water under the mountain.,Not reviewed in readiness audit,,
PE-V3-0035,"Volume 3: Culture, Context, and Advanced Expression",Kinship Terms,Kinship example,aen velkavor var Terra.,The ancestor speaks to the Earth.,Not reviewed in readiness audit,,
PE-V3-0036,"Volume 3: Culture, Context, and Advanced Expression",Kinship Terms,Kinship example,Belvok ser dren an Teremil.,The family is together at home by the water.,Not reviewed in readiness audit,,
PE-V3-0037,"Volume 3: Culture, Context, and Advanced Expression",Kinship Terms,Kinship example,Xarvethral ser Felka thal dren.,The adoptive parent is with the child by the water.,Not reviewed in readiness audit,,
PE-V3-0038,"Volume 3: Culture, Context, and Advanced Expression",Kinship Terms,Kinship example,Nethaen tavojorin an dren ser Belvok.,The parent-in-law rests with the family by the water.,Not reviewed in readiness audit,,
PE-V3-0039,"Volume 3: Culture, Context, and Advanced Expression",Kinship Terms,Kinship example,rinaen zhivorin ser tavan an dren.,The sibling-in-law is with the parent by the water.,Not reviewed in readiness audit,,
PE-V3-0040,"Volume 3: Culture, Context, and Advanced Expression",Kinship Terms,Kinship example,Kalvok ser Belvok an Teremil.,The partner is with the family at home.,Not reviewed in readiness audit,,
PE-V3-0041,"Volume 3: Culture, Context, and Advanced Expression",Kinship Terms,Reviewed usage example,kalaen Velpralor ser Velar an dren.,The elder partner strengthens with the elder by the water.,Not reviewed in readiness audit,,
PE-V3-0042,"Volume 3: Culture, Context, and Advanced Expression",Kinship Terms,Kinship example,Tavrel ser dren thal Felka.,The uncle/aunt is by the water with the child.,Not reviewed in readiness audit,,
PE-V3-0043,"Volume 3: Culture, Context, and Advanced Expression",Kinship Terms,Kinship example,Nethaen felvin an dren ser Tavan.,The niece/nephew rests with the parent by the water.,Not reviewed in readiness audit,,
PE-V3-0044,"Volume 3: Culture, Context, and Advanced Expression",Kinship Terms,Kinship example,Zharin ser dren morl Tharvok.,The distant relative is by the water under the family.,Not reviewed in readiness audit,,
PE-V3-0045,"Volume 3: Culture, Context, and Advanced Expression",Kinship Terms,Kinship example,aen velxorin var Terra.,The elder ancestor speaks to the Earth.,Not reviewed in readiness audit,,
PE-V3-0046,"Volume 3: Culture, Context, and Advanced Expression",Kinship Terms,Kinship example,Kalvokesh ser dren an Belvok.,The spouse's family is by the water with the unified family.,Not reviewed in readiness audit,,
PE-V3-0047,"Volume 3: Culture, Context, and Advanced Expression",Kinship Terms,Kinship example,Zhirkalor ser dren.,The partner by lineage is with the water.,Not reviewed in readiness audit,,
PE-V3-0048,"Volume 3: Culture, Context, and Advanced Expression",Kinship Terms,Kinship example,Xarfelvin ser dren an Xarvethral.,The adoptive niece/nephew is with the adoptive parent by the water.,Not reviewed in readiness audit,,
PE-V3-0049,"Volume 3: Culture, Context, and Advanced Expression",Kinship Terms,Kinship example,Belvethral ser dren thal Teremil.,The chosen family is by the water at home.,Not reviewed in readiness audit,,
PE-V3-0050,"Volume 3: Culture, Context, and Advanced Expression",Kinship Terms,Kinship example,shalil velmarin an dren.,The honorary elder moves lightly by the water.,Not reviewed in readiness audit,,
PE-V3-0051,"Volume 3: Culture, Context, and Advanced Expression",Kinship Terms,Kinship example,Pralvokesh ser dren an Belvok.,The trusted ally is with the family by the water.,Not reviewed in readiness audit,,
PE-V3-0052,"Volume 3: Culture, Context, and Advanced Expression",Core Emotion Verbs,Emotion verb example,Fahaen I Vethor.,I fear the Shadow.,Not reviewed in readiness audit,,
PE-V3-0053,"Volume 3: Culture, Context, and Advanced Expression",Core Emotion Verbs,Emotion verb example,Theraen La Shalor.,They long for the Sanctuary.,Not reviewed in readiness audit,,
PE-V3-0054,"Volume 3: Culture, Context, and Advanced Expression",Core Emotion Verbs,Emotion verb example,Vialaen Ilin ser vaar.,We rejoice in peace.,Not reviewed in readiness audit,,
PE-V3-0055,"Volume 3: Culture, Context, and Advanced Expression",Core Emotion Verbs,Reviewed usage example,ohmaen Ya kalvok-en.,You love your bonded partner.,Not reviewed in readiness audit,,
PE-V3-0056,"Volume 3: Culture, Context, and Advanced Expression",Core Emotion Verbs,Emotion verb example,Ravokhaen Tavan dren.,The parent desires water.,Not reviewed in readiness audit,,
PE-V3-0057,"Volume 3: Culture, Context, and Advanced Expression",Core Emotion Verbs,Emotion verb example,Shalaen Ilin an Kinnshal.,We hope in the dawn.,Not reviewed in readiness audit,,
PE-V3-0058,"Volume 3: Culture, Context, and Advanced Expression",Core Emotion Verbs,Emotion verb example,Seraen Kaikoa Lianor.,Kaikoa trusts the Sir.,Not reviewed in readiness audit,,
PE-V3-0059,"Volume 3: Culture, Context, and Advanced Expression",Core Emotion Verbs,Reviewed usage example,nkathalaen velar rathor.,The elder grieves for the past.,Not reviewed in readiness audit,,
PE-V3-0060,"Volume 3: Culture, Context, and Advanced Expression",Core Emotion Verbs,Reviewed usage example,rathaen lalin fah.,They hate the darkness.,Not reviewed in readiness audit,,
PE-V3-0061,"Volume 3: Culture, Context, and Advanced Expression",Core Emotion Verbs,Reviewed usage example,krezaen kadron an varok.,The man rages at the command.,Not reviewed in readiness audit,,
PE-V3-0062,"Volume 3: Culture, Context, and Advanced Expression",Core Emotion Verbs,Emotion verb example,Ra rethaen Ya nor Varash?,Do you worry about the future?,Not reviewed in readiness audit,,
PE-V3-0063,"Volume 3: Culture, Context, and Advanced Expression",Core Emotion Verbs,Emotion verb example,Vershalaen La nor fah.,They despair in the darkness.,Not reviewed in readiness audit,,
PE-V3-0064,"Volume 3: Culture, Context, and Advanced Expression",Core Emotion Verbs,Emotion verb example,Thaalaen Ilin an Dral.,We wonder at the heavens.,Not reviewed in readiness audit,,
PE-V3-0065,"Volume 3: Culture, Context, and Advanced Expression",Core Emotion Verbs,Emotion verb example,Vaaranoraen Velar ser emil.,The elder feels content with the meal.,Not reviewed in readiness audit,,
PE-V3-0066,"Volume 3: Culture, Context, and Advanced Expression",Core Emotion Verbs,Emotion verb example,Vokaen Ser rath.,The friend betrays the enemy.,Not reviewed in readiness audit,,
PE-V3-0067,"Volume 3: Culture, Context, and Advanced Expression",Core Emotion Verbs,Emotion verb example,Veth'tharaen Kadron nor lian ver.,The man feels shame for the untruth.,Not reviewed in readiness audit,,
PE-V3-0068,"Volume 3: Culture, Context, and Advanced Expression",Core Emotion Verbs,Emotion verb example,Zhaeaen Azron ser Nkathal.,The woman empathizes with the sadness.,Not reviewed in readiness audit,,
PE-V3-0069,"Volume 3: Culture, Context, and Advanced Expression",Core Emotion Verbs,Emotion verb example,Vaar'kelaen I an shal.,I feel relief in the light.,Not reviewed in readiness audit,,
PE-V3-0070,"Volume 3: Culture, Context, and Advanced Expression",Idioms/Proverbs,Idiom/Proverb,Var Rathor ser Vethor.,"History is complex, often holds darkness or mystery; the past is inescapable.",Not reviewed in readiness audit,,
PE-V3-0071,"Volume 3: Culture, Context, and Advanced Expression",Idioms/Proverbs,Idiom/Proverb,Aen Terra Thal-ka.,The land itself remembers; listen to the world for truth (potentially Zarithan/Verdalris leaning).,Not reviewed in readiness audit,,
PE-V3-0072,"Volume 3: Culture, Context, and Advanced Expression",Idioms/Proverbs,Idiom/Proverb,Kal Belvok nor Rathor.,Family bonds are strengthened by remembering shared history/ancestors.,Not reviewed in readiness audit,,
PE-V3-0073,"Volume 3: Culture, Context, and Advanced Expression",Idioms/Proverbs,Idiom/Proverb,Thal Shal ser Fah.,Balance requires acknowledging both light and dark aspects; true harmony includes opposites. (Core Celan philosophy).,Not reviewed in readiness audit,,
PE-V3-0074,"Volume 3: Culture, Context, and Advanced Expression",Idioms/Proverbs,Idiom/Proverb,Lorin Dren Morl.,Natural forces guide each other; look to established patterns; strength directs flow (potentially Valkeldor/Nivveil leaning).,Not reviewed in readiness audit,,
PE-V3-0075,"Volume 3: Culture, Context, and Advanced Expression",Idioms/Proverbs,Idiom/Proverb,Ver var Dren ka Shal.,Essential elements depend on each other; life requires multiple components.,Not reviewed in readiness audit,,
PE-V3-0076,"Volume 3: Culture, Context, and Advanced Expression",Idioms/Proverbs,Reviewed usage example,aen thar lian.,The heart speaks truth.,Not reviewed in readiness audit,,
PE-V3-0077,"Volume 3: Culture, Context, and Advanced Expression",Idioms/Proverbs,Idiom/Proverb,Var Shara ser Arthen.,One's choices shape their destiny; the journey is tied to purpose.,Not reviewed in readiness audit,,
PE-V3-0078,"Volume 3: Culture, Context, and Advanced Expression",Idioms/Proverbs,Reviewed usage example,kal Kalor an Reth.,True strength is shown when facing uncertainty.,Not reviewed in readiness audit,,
PE-V3-0079,"Volume 3: Culture, Context, and Advanced Expression",Idioms/Proverbs,Idiom/Proverb,Tal Krez vaar.,Hardship or intense effort brings eventual rest/peace; find warmth in difficulty (Zarithan).,Not reviewed in readiness audit,,
PE-V3-0080,"Volume 3: Culture, Context, and Advanced Expression",Idioms/Proverbs,Idiom/Proverb,Arth Vel vaar.,Calm endurance preserves peace; find strength in stillness (Nivveil).,Not reviewed in readiness audit,,
PE-V3-0081,"Volume 3: Culture, Context, and Advanced Expression",Language Use Across the Nations of Ohnosha > Arvan Common Phrases,Arvan phrase,Dral shal thaar.,The stars guide the heart.,Not reviewed in readiness audit,,
PE-V3-0082,"Volume 3: Culture, Context, and Advanced Expression",Language Use Across the Nations of Ohnosha > Arvan Common Phrases,Arvan phrase,"Thal morl ser, thal dral var.","Balance the mountain, balance the sky.",Not reviewed in readiness audit,,
PE-V3-0083,"Volume 3: Culture, Context, and Advanced Expression",Language Use Across the Nations of Ohnosha > Arvan Common Phrases,Arvan phrase,"Kal thar, morl lorin ser.","Strength of heart, the mountain guides us.",Not reviewed in readiness audit,,
PE-V3-0084,"Volume 3: Culture, Context, and Advanced Expression",Language Use Across the Nations of Ohnosha > Trerran Common Phrases,Trerran phrase,Vrak dren ka.,The water is gone.,Not reviewed in readiness audit,,
PE-V3-0085,"Volume 3: Culture, Context, and Advanced Expression",Language Use Across the Nations of Ohnosha > Trerran Common Phrases,Trerran phrase,Kal var morl.,Strength comes from stone.,Not reviewed in readiness audit,,
PE-V3-0086,"Volume 3: Culture, Context, and Advanced Expression",Language Use Across the Nations of Ohnosha > Trerran Common Phrases,Trerran phrase,Shal nor kal ser.,Light gives strength to the people.,Not reviewed in readiness audit,,
PE-V3-0087,"Volume 3: Culture, Context, and Advanced Expression",Language Use Across the Nations of Ohnosha > Cultural Customization by Nation > Pelagae,Reviewed usage example,kalaen Drenvokesh an Belvok an dren.,The water unity strengthens the family by the water.,Not reviewed in readiness audit,,
PE-V3-0088,"Volume 3: Culture, Context, and Advanced Expression",Language Use Across the Nations of Ohnosha > Cultural Customization by Nation > Pelagae,Reviewed usage example,shalilaen Eshlorien an dren an Zhaelor.,The wave naming flows by the water in spring.,Not reviewed in readiness audit,,
PE-V3-0089,"Volume 3: Culture, Context, and Advanced Expression",Language Use Across the Nations of Ohnosha > Cultural Customization by Nation > Verdalris,National ceremonial example,Terrashaneth lian nor Tharvok.,The Earth blessing speaks to the family.,Not reviewed in readiness audit,,
PE-V3-0090,"Volume 3: Culture, Context, and Advanced Expression",Language Use Across the Nations of Ohnosha > Cultural Customization by Nation > Verdalris,National ceremonial example,Velpralim shan dren an Zhirelorim.,The wisdom transfer passes to the coming-of-age ritual.,Not reviewed in readiness audit,,
PE-V3-0091,"Volume 3: Culture, Context, and Advanced Expression",Language Use Across the Nations of Ohnosha > Cultural Customization by Nation > Zarithan,Reviewed usage example,kalaen Kreztharim an dren.,The fire heart strengthens by the water.,Not reviewed in readiness audit,,
PE-V3-0092,"Volume 3: Culture, Context, and Advanced Expression",Language Use Across the Nations of Ohnosha > Cultural Customization by Nation > Zarithan,National ceremonial example,Zhivokesh shalil morl morl.,The bond renewal flows under the mountain.,Not reviewed in readiness audit,,
PE-V3-0093,"Volume 3: Culture, Context, and Advanced Expression",Language Use Across the Nations of Ohnosha > Cultural Customization by Nation > Mechuma,National ceremonial example,Dralshaneth kal dren an Belvok.,The heaven's blessing strengthens the family.,Not reviewed in readiness audit,,
PE-V3-0094,"Volume 3: Culture, Context, and Advanced Expression",Language Use Across the Nations of Ohnosha > Cultural Customization by Nation > Mechuma,Reviewed usage example,shalilaen Zhirelorim ser Dralorim.,The coming-of-age flows with the celestial storm.,Not reviewed in readiness audit,,
PE-V3-0095,"Volume 3: Culture, Context, and Advanced Expression",Language Use Across the Nations of Ohnosha > Cultural Customization by Nation > Valkeldor,Reviewed usage example,shalilaen Morlatharim an dren.,The stone heart flows by the water.,Not reviewed in readiness audit,,
PE-V3-0096,"Volume 3: Culture, Context, and Advanced Expression",Language Use Across the Nations of Ohnosha > Cultural Customization by Nation > Valkeldor,National ceremonial example,Velmarineth lian nor Felka.,The elder's blessing speaks to the child.,Not reviewed in readiness audit,,
PE-V3-0097,"Volume 3: Culture, Context, and Advanced Expression",Language Use Across the Nations of Ohnosha > Cultural Customization by Nation > Nivveil,National ceremonial example,Velthaelvok ser dren thal Velthaen.,The winter unity flows with the cold season.,Not reviewed in readiness audit,,
PE-V3-0098,"Volume 3: Culture, Context, and Advanced Expression",Language Use Across the Nations of Ohnosha > Cultural Customization by Nation > Nivveil,National ceremonial example,Eshvelaneth shan dren an Tharvok.,The snowstorm guidance passes to the family.,Not reviewed in readiness audit,,
PE-V3-0099,"Volume 3: Culture, Context, and Advanced Expression",Language Use Across the Nations of Ohnosha > Cultural Customization by Nation > Jasara,Reviewed usage example,lianaen Drenkorath an dren.,The oasis blessing speaks to the water.,Not reviewed in readiness audit,,
PE-V3-0100,"Volume 3: Culture, Context, and Advanced Expression",Language Use Across the Nations of Ohnosha > Cultural Customization by Nation > Jasara,National ceremonial example,kal Shalorveth ser Tharvok an thal.,The shadowlight ritual strengthens with the family under balance.,Not reviewed in readiness audit,,
PE-V3-0101,"Volume 3: Culture, Context, and Advanced Expression",Language Use Across the Nations of Ohnosha > Cultural Customization by Nation > Jasara,National ceremonial example,Velterim shan dren nor Zhirelorim.,The desert passage passes to the coming-of-age ritual.,Not reviewed in readiness audit,,
PE-V3-0102,"Volume 3: Culture, Context, and Advanced Expression",Language Use Across the Nations of Ohnosha > Cultural Customization by Nation > Marakor,National ceremonial example,Krezmorath kal dren an Belvok.,The fire bond strengthens with the family.,Not reviewed in readiness audit,,
PE-V3-0103,"Volume 3: Culture, Context, and Advanced Expression",Language Use Across the Nations of Ohnosha > Cultural Customization by Nation > Marakor,National ceremonial example,Tharvelim lian dren an Terra.,The mountain ancestor ritual speaks to the Earth.,Not reviewed in readiness audit,,
PE-V3-0104,"Volume 3: Culture, Context, and Advanced Expression",Language Use Across the Nations of Ohnosha > Cultural Customization by Nation > Marakor,National ceremonial example,rinaen Kalorinath ser Tharvok an thal.,The fortress bonding ceremony is with the family under balance.,Not reviewed in readiness audit,,
PE-V3-0105,"Volume 3: Culture, Context, and Advanced Expression",Sample Phrases and Sentences,Sample Phrase,Vaar I thal nor.,I seek peace in the balance of time.,Not reviewed in readiness audit,,
PE-V3-0106,"Volume 3: Culture, Context, and Advanced Expression",Sample Phrases and Sentences,Sample Phrase,Shal lorin ser.,Let the light guide you.,Not reviewed in readiness audit,,
PE-V3-0107,"Volume 3: Culture, Context, and Advanced Expression",Sample Phrases and Sentences,Sample Phrase,Dral aen lian.,The stars speak truth.,Not reviewed in readiness audit,,
PE-V3-0108,"Volume 3: Culture, Context, and Advanced Expression",Sample Phrases and Sentences,Sample Sentence,tha-var ser dren.,The friend went to the water.,Not reviewed in readiness audit,,
PE-V3-0109,"Volume 3: Culture, Context, and Advanced Expression",Sample Phrases and Sentences,Sample Sentence,Nor-var I thal Terra.,I will go in the balance of the Earth.,Not reviewed in readiness audit,,
PE-V3-0110,"Volume 3: Culture, Context, and Advanced Expression",Sample Phrases and Sentences,Sample Sentence,Va var kalor thal!,Go in strength and balance! (command),Not reviewed in readiness audit,,
PE-V3-0111,"Volume 3: Culture, Context, and Advanced Expression",Sample Phrases and Sentences,Sample Sentence,"Rath Nor-var ser, Nor-var kal Terra.","If the friend will go, I will find strength in the Earth.",Not reviewed in readiness audit,,
PE-V3-0112,"Volume 3: Culture, Context, and Advanced Expression",Sample Phrases and Sentences > Sample Phrases from Specific Nations > Verdalris,National sample phrase,Var serilín dren Theren.,"Go, sister, to the village water.",Not reviewed in readiness audit,,
PE-V3-0113,"Volume 3: Culture, Context, and Advanced Expression",Sample Phrases and Sentences > Sample Phrases from Specific Nations > Verdalris,National sample phrase,Liorin aelin var tera emil.,The teacher leads the youth home for food.,Not reviewed in readiness audit,,
PE-V3-0114,"Volume 3: Culture, Context, and Advanced Expression",Sample Phrases and Sentences > Sample Phrases from Specific Nations > Verdalris,National sample phrase,Thar Terra var shal nor.,The heart of the Earth goes with light in time.,Not reviewed in readiness audit,,
PE-V3-0115,"Volume 3: Culture, Context, and Advanced Expression",Sample Phrases and Sentences > Sample Phrases from Specific Nations > Verdalris,National sample phrase,Va dren emil I ser.,Take water and food to the friend.,Not reviewed in readiness audit,,
PE-V3-0116,"Volume 3: Culture, Context, and Advanced Expression",Sample Phrases and Sentences > Sample Phrases from Specific Nations > Verdalris,National sample phrase,"Lian shal Terra, var aen.","Speak truth in the Earth's light, go forth.",Not reviewed in readiness audit,,
PE-V3-0117,"Volume 3: Culture, Context, and Advanced Expression",Sample Phrases and Sentences > Sample Phrases from Specific Nations > Mechuma,National sample phrase,Ra var shenakar evan?,Where is the coinage in the market?,Not reviewed in readiness audit,,
PE-V3-0118,"Volume 3: Culture, Context, and Advanced Expression",Sample Phrases and Sentences > Sample Phrases from Specific Nations > Mechuma,Reviewed usage example,nor-vaneshaen Varadan ser Ya.,The merchant will trade with you.,Not reviewed in readiness audit,,
PE-V3-0119,"Volume 3: Culture, Context, and Advanced Expression",Sample Phrases and Sentences > Sample Phrases from Specific Nations > Mechuma,National sample phrase,"Va kar im dren, vanesh ka!","Use the device with water, do not hesitate to trade!",Not reviewed in readiness audit,,
PE-V3-0120,"Volume 3: Culture, Context, and Advanced Expression",Sample Phrases and Sentences > Sample Phrases from Specific Nations > Mechuma,National sample phrase,Shena ser emil teremil.,Bring coins for the meal at home.,Not reviewed in readiness audit,,
PE-V3-0121,"Volume 3: Culture, Context, and Advanced Expression",Sample Phrases and Sentences > Sample Phrases from Specific Nations > Mechuma,National sample phrase,Nor-var I kareth var dreshal.,I will go use the tool and the crystal device.,Not reviewed in readiness audit,,
PE-V3-0122,"Volume 3: Culture, Context, and Advanced Expression",Sample Phrases and Sentences > Sample Phrases from Specific Nations > Pelagae,National sample phrase,Var dren shal ser aen.,Go to the water's light and speak.,Not reviewed in readiness audit,,
PE-V3-0123,"Volume 3: Culture, Context, and Advanced Expression",Sample Phrases and Sentences > Sample Phrases from Specific Nations > Pelagae,National sample phrase,Ka ver emil dren nor?,Is there no food by the water now?,Not reviewed in readiness audit,,
PE-V3-0124,"Volume 3: Culture, Context, and Advanced Expression",Sample Phrases and Sentences > Sample Phrases from Specific Nations > Pelagae,National sample phrase,emil dren thal nor.,A balanced meal at the water in time.,Not reviewed in readiness audit,,
PE-V3-0125,"Volume 3: Culture, Context, and Advanced Expression",Sample Phrases and Sentences > Sample Phrases from Specific Nations > Pelagae,Reviewed usage example,"va min Ya varshel an dren, Serilin!","Sister, walk the road to the water.",Not reviewed in readiness audit,,
PE-V3-0126,"Volume 3: Culture, Context, and Advanced Expression",Sample Phrases and Sentences > Sample Phrases from Specific Nations > Pelagae,National sample phrase,Aelin liorin var emil eshvan.,The youth follows the teacher to the shop for food.,Not reviewed in readiness audit,,
PE-V3-0127,"Volume 3: Culture, Context, and Advanced Expression",Sample Phrases and Sentences > Sample Phrases from Specific Nations > Zarithan,National sample phrase,Va var dren ver?,Go find water or not?,Not reviewed in readiness audit,,
PE-V3-0128,"Volume 3: Culture, Context, and Advanced Expression",Sample Phrases and Sentences > Sample Phrases from Specific Nations > Zarithan,Reviewed usage example,emil ka shena? nor-var I an Eshvan nor aenor.,No food coins? I will go to the shop soon.,Not reviewed in readiness audit,,
PE-V3-0129,"Volume 3: Culture, Context, and Advanced Expression",Sample Phrases and Sentences > Sample Phrases from Specific Nations > Zarithan,National sample phrase,Ser var tera dren vanesh.,A friend goes home after trading water.,Not reviewed in readiness audit,,
PE-V3-0130,"Volume 3: Culture, Context, and Advanced Expression",Sample Phrases and Sentences > Sample Phrases from Specific Nations > Zarithan,National sample phrase,"Ka var dren, ka emil.","No water, no food.",Not reviewed in readiness audit,,
PE-V3-0131,"Volume 3: Culture, Context, and Advanced Expression",Sample Phrases and Sentences > Sample Phrases from Specific Nations > Zarithan,Reviewed usage example,nor-var Varadan var Ya ser shenakar.,The merchant will come to you with coinage.,Not reviewed in readiness audit,,
PE-V3-0132,"Volume 3: Culture, Context, and Advanced Expression",Sample Phrases and Sentences > Sample Phrases from Specific Nations > Nivveil,National sample phrase,Liorin noraen var dren kal.,The elders guide us to water with strength.,Not reviewed in readiness audit,,
PE-V3-0133,"Volume 3: Culture, Context, and Advanced Expression",Sample Phrases and Sentences > Sample Phrases from Specific Nations > Nivveil,National sample phrase,Thal Terra ser shal nor.,Balance the Earth with light in time.,Not reviewed in readiness audit,,
PE-V3-0134,"Volume 3: Culture, Context, and Advanced Expression",Sample Phrases and Sentences > Sample Phrases from Specific Nations > Nivveil,National sample phrase,Aelin var tera emil ser lian.,"The youth go home to meals, guided by truth.",Not reviewed in readiness audit,,
PE-V3-0135,"Volume 3: Culture, Context, and Advanced Expression",Sample Phrases and Sentences > Sample Phrases from Specific Nations > Nivveil,National sample phrase,Lumor var ser dren.,Carry the talisman to the water.,Not reviewed in readiness audit,,
PE-V3-0136,"Volume 3: Culture, Context, and Advanced Expression",Sample Phrases and Sentences > Sample Phrases from Specific Nations > Nivveil,National sample phrase,Nor var I kareth teremil.,I will use a tool for the home's meal.,Not reviewed in readiness audit,,
PE-V3-0137,"Volume 3: Culture, Context, and Advanced Expression",Sample Phrases and Sentences > Sample Phrases from Specific Nations > Marakor,National sample phrase,Va kareth kal dren.,Use the tool's strength with the water.,Not reviewed in readiness audit,,
PE-V3-0138,"Volume 3: Culture, Context, and Advanced Expression",Sample Phrases and Sentences > Sample Phrases from Specific Nations > Marakor,National sample phrase,"Serilin var emil tera, shal nor.","The sister brings food home, guided by light in time.",Not reviewed in readiness audit,,
PE-V3-0139,"Volume 3: Culture, Context, and Advanced Expression",Sample Phrases and Sentences > Sample Phrases from Specific Nations > Marakor,National sample phrase,Nor-var I vanesh shenakar evan.,I will go trade coinage in the market.,Not reviewed in readiness audit,,
PE-V3-0140,"Volume 3: Culture, Context, and Advanced Expression",Sample Phrases and Sentences > Sample Phrases from Specific Nations > Marakor,National sample phrase,Dreshal var im.,Use the crystal device efficiently.,Not reviewed in readiness audit,,
PE-V3-0141,"Volume 3: Culture, Context, and Advanced Expression",Sample Phrases and Sentences > Sample Phrases from Specific Nations > Marakor,Reviewed usage example,moraen Theren an Kaleth Rathor.,The village stands at the ancient fortress-home.,Not reviewed in readiness audit,,
PE-V3-0142,"Volume 3: Culture, Context, and Advanced Expression",Sample Phrases and Sentences > Sample Phrases from Specific Nations > Jasara,National sample phrase,Ra var evan emil dren?,Where is the market for food near water?,Not reviewed in readiness audit,,
PE-V3-0143,"Volume 3: Culture, Context, and Advanced Expression",Sample Phrases and Sentences > Sample Phrases from Specific Nations > Jasara,National sample phrase,Vanesh ser varadan shenakar.,Trade with the merchant's coinage.,Not reviewed in readiness audit,,
PE-V3-0144,"Volume 3: Culture, Context, and Advanced Expression",Sample Phrases and Sentences > Sample Phrases from Specific Nations > Jasara,National sample phrase,Thalesh var dren shal.,Perform the ritual at the water's light.,Not reviewed in readiness audit,,
PE-V3-0145,"Volume 3: Culture, Context, and Advanced Expression",Sample Phrases and Sentences > Sample Phrases from Specific Nations > Jasara,Reviewed usage example,ra ver rinaen emil emilpraleth an teremil?,Is the meal at home not ready?,Not reviewed in readiness audit,,
PE-V3-0146,"Volume 3: Culture, Context, and Advanced Expression",Sample Phrases and Sentences > Sample Phrases from Specific Nations > Jasara,National sample phrase,Lian dren nor ra aen?,"Does truth flow like water in time, speak?",Not reviewed in readiness audit,,
PE-V3-0147,"Volume 3: Culture, Context, and Advanced Expression",Sample Phrases and Sentences > Sample Phrases from Specific Nations > Valkeldor,National sample phrase,Va dren shal morl.,Go to the water's light in the mountains.,Not reviewed in readiness audit,,
PE-V3-0148,"Volume 3: Culture, Context, and Advanced Expression",Sample Phrases and Sentences > Sample Phrases from Specific Nations > Valkeldor,National sample phrase,rinaen thar-ian kal an tera.,My heart is strong at home.,Not reviewed in readiness audit,,
PE-V3-0149,"Volume 3: Culture, Context, and Advanced Expression",Sample Phrases and Sentences > Sample Phrases from Specific Nations > Valkeldor,National sample phrase,Serilin var kareth emil.,The sibling uses the tool for food.,Not reviewed in readiness audit,,
PE-V3-0150,"Volume 3: Culture, Context, and Advanced Expression",Sample Phrases and Sentences > Sample Phrases from Specific Nations > Valkeldor,National sample phrase,Va var Theren shena.,Go to the village with your coin.,Not reviewed in readiness audit,,
PE-V3-0151,"Volume 3: Culture, Context, and Advanced Expression",Sample Phrases and Sentences > Sample Phrases from Specific Nations > Valkeldor,National sample phrase,Morl dren nor var liorin.,The mountain water flows with the elder's guidance.,Not reviewed in readiness audit,,
PE-V3-0200,"Volume 3: Culture, Context, and Advanced Expression",Numbering System and Basic Math in Celan,Teaching note: Number System / Scaled Form,Ten-del,20 (Two tens),Not reviewed in readiness audit,,
PE-V3-0201,"Volume 3: Culture, Context, and Advanced Expression",Numbering System and Basic Math in Celan,Teaching note: Number System / Scaled Form,Ten-tren,30 (Three tens),Not reviewed in readiness audit,,
PE-V3-0202,"Volume 3: Culture, Context, and Advanced Expression",Numbering System and Basic Math in Celan,Teaching note: Number System / Scaled Form,Ten-quen,40 (Four tens),Not reviewed in readiness audit,,
PE-V3-0203,"Volume 3: Culture, Context, and Advanced Expression",Numbering System and Basic Math in Celan,Number/math example,Tenar unar,11 (10 + 1),Not reviewed in readiness audit,,
PE-V3-0204,"Volume 3: Culture, Context, and Advanced Expression",Numbering System and Basic Math in Celan,Teaching note: Number System / Scaled Form,Ten-del peth,25 (20 + 5),Not reviewed in readiness audit,,
PE-V3-0205,"Volume 3: Culture, Context, and Advanced Expression",Numbering System and Basic Math in Celan,Teaching note: Number System / Scaled Form,Ten-quen senar,46 (40 + 6),Not reviewed in readiness audit,,
PE-V3-0206,"Volume 3: Culture, Context, and Advanced Expression",Numbering System and Basic Math in Celan,Teaching note: Number System / Scaled Form,Hek-unar,100 (One hundred),Not reviewed in readiness audit,,
PE-V3-0207,"Volume 3: Culture, Context, and Advanced Expression",Numbering System and Basic Math in Celan,Teaching note: Number System / Scaled Form,Hek-quen,400 (Four hundred),Not reviewed in readiness audit,,
PE-V3-0208,"Volume 3: Culture, Context, and Advanced Expression",Numbering System and Basic Math in Celan,Teaching note: Number System / Scaled Form,Hek-oven Ten-quen del,842 (800 + 40 + 2),Not reviewed in readiness audit,,
PE-V3-0209,"Volume 3: Culture, Context, and Advanced Expression",Numbering System and Basic Math in Celan,Teaching note: Number System / Scaled Form,Mel-unar,"1,000 (One thousand)",Not reviewed in readiness audit,,
PE-V3-0210,"Volume 3: Culture, Context, and Advanced Expression",Numbering System and Basic Math in Celan,Teaching note: Number System / Scaled Form,Mel-quen,"4,000 (Four thousand)",Not reviewed in readiness audit,,
PE-V3-0211,"Volume 3: Culture, Context, and Advanced Expression",Numbering System and Basic Math in Celan,Teaching note: Number System / Scaled Form,Mel-quen Hek-sethe Ten-oven sethe,"4,787 (4,000 + 700 + 80 + 7)",Not reviewed in readiness audit,,
PE-V3-0212,"Volume 3: Culture, Context, and Advanced Expression",Numbering System and Basic Math in Celan,Teaching note: Number System / Scaled Form,Fen-unar,"10,000 (Ten thousand)",Not reviewed in readiness audit,,
PE-V3-0213,"Volume 3: Culture, Context, and Advanced Expression",Numbering System and Basic Math in Celan,Teaching note: Number System / Scaled Form,Fen-peth,"50,000 (Fifty thousand)",Not reviewed in readiness audit,,
PE-V3-0214,"Volume 3: Culture, Context, and Advanced Expression",Numbering System and Basic Math in Celan,Teaching note: Number System / Scaled Form,Hek-Mel-unar,"100,000 (One hundred thousand)",Not reviewed in readiness audit,,
PE-V3-0215,"Volume 3: Culture, Context, and Advanced Expression",Numbering System and Basic Math in Celan,Number/math example,Hek-Mel-quen,"400,000 (Four hundred thousand)",Placement issue,Number formula appears under Quen as a related record.,Place with Number System teaching.
PE-V3-0216,"Volume 3: Culture, Context, and Advanced Expression",Numbering System and Basic Math in Celan,Teaching note: Number System / Scaled Form,Hek-quen Ven Hek-del,400 - 200 = 200,Not reviewed in readiness audit,,
PE-V3-0217,"Volume 3: Culture, Context, and Advanced Expression",Numbering System and Basic Math in Celan,Number/math example,Tenar peth Ven tren,15 - 3 = 12,Not reviewed in readiness audit,,
PE-V3-0218,"Volume 3: Culture, Context, and Advanced Expression",Numbering System and Basic Math in Celan,Number/math example,Tenar peth Ven tren dren nor shal.,Fifteen minus three waters under the light.,Not reviewed in readiness audit,,
PE-V3-0219,"Volume 3: Culture, Context, and Advanced Expression",Numbering System and Basic Math in Celan,Teaching note: Number System / Scaled Form,Mel-quen Ven Hek-peth,"4,000 - 500 = 3,500",Not reviewed in readiness audit,,
PE-V4-0001,"Volume 4: Expansion, Tangible Lexicon, Modality, and National Speech",Systemic Expansion > Section 2.2: A System for Verb Mood and Modality,Modality example,Aen I lianeth.,I can speak.,Not reviewed in readiness audit,,
PE-V4-0002,"Volume 4: Expansion, Tangible Lexicon, Modality, and National Speech",Systemic Expansion > Section 2.2: A System for Verb Mood and Modality,Modality example,Var I belshara.,I must go.,Not reviewed in readiness audit,,
PE-V4-0003,"Volume 4: Expansion, Tangible Lexicon, Modality, and National Speech",Systemic Expansion > Section 2.2: A System for Verb Mood and Modality,Reviewed usage example,var I rethlian.,I might go.,Not reviewed in readiness audit,,
PE-V4-0004,"Volume 4: Expansion, Tangible Lexicon, Modality, and National Speech",Systemic Expansion > Section 2.2: A System for Verb Mood and Modality,Modality example,Var I thar-ka.,I want to go.,Not reviewed in readiness audit,,
PE-V4-0005,"Volume 4: Expansion, Tangible Lexicon, Modality, and National Speech",Systemic Expansion > Section 2.2: Subjunctive Mood,Subjunctive example,Vael vaar an shara-ya.,May peace be on your path.,Not reviewed in readiness audit,,
PE-V4-0006,"Volume 4: Expansion, Tangible Lexicon, Modality, and National Speech",Systemic Expansion > Section 2.2: Subjunctive Mood,Subjunctive example,"Vael rinaen I an eshlin, varal I an esh.","If I were a bird, I would be going to the sky.",Not reviewed in readiness audit,,
PE-V4-0007,"Volume 4: Expansion, Tangible Lexicon, Modality, and National Speech",Systemic Expansion > Section 2.2: Subjunctive Mood,Subjunctive example,Vael aen Ya.,May you speak / Please speak.,Not reviewed in readiness audit,,
PE-V4-0008,"Volume 4: Expansion, Tangible Lexicon, Modality, and National Speech",Systemic Expansion > Section 2.3: Passive Voice,Passive voice example,Pralaen an Azron an belkor.,The woman makes the tunic.,Not reviewed in readiness audit,,
PE-V4-0009,"Volume 4: Expansion, Tangible Lexicon, Modality, and National Speech",Systemic Expansion > Section 2.3: Passive Voice,Passive voice example,Pralaen an belkor nor-ka.,The tunic is made / A tunic was made.,Not reviewed in readiness audit,,
PE-V4-0010,"Volume 4: Expansion, Tangible Lexicon, Modality, and National Speech",Systemic Expansion > Section 2.3: Passive Voice,Passive voice example,Pralaen an kaleth nor-ka.,The fortress was built.,Not reviewed in readiness audit,,
PE-V4-0011,"Volume 4: Expansion, Tangible Lexicon, Modality, and National Speech",Systemic Expansion > Section 2.3: Passive Voice,Passive voice example,Talaen an shenakar nor-ka.,The coinage was taken.,Not reviewed in readiness audit,,
PE-V4-0012,"Volume 4: Expansion, Tangible Lexicon, Modality, and National Speech",Systemic Expansion > Section 2.4: Advanced Pronouns,Advanced pronoun example,Var Inko an Varthas.,We two are going to the city.,Not reviewed in readiness audit,,
PE-V4-0013,"Volume 4: Expansion, Tangible Lexicon, Modality, and National Speech",Systemic Expansion > Section 2.4: Advanced Pronouns,Advanced pronoun example,Ra aen Yako an I?,Are you two speaking to me?,Not reviewed in readiness audit,,
PE-V4-0014,"Volume 4: Expansion, Tangible Lexicon, Modality, and National Speech",Systemic Expansion > Section 2.4: Advanced Pronouns,Advanced pronoun example,Velaen Ilin an morlak.,We [you and I] are eating the bread.,Not reviewed in readiness audit,,
PE-V4-0015,"Volume 4: Expansion, Tangible Lexicon, Modality, and National Speech",Systemic Expansion > Section 2.4: Advanced Pronouns,Advanced pronoun example,Arth Imen an kaleth. Var Ya.,"We [the guards, not you] protect the fortress. You must go.",Not reviewed in readiness audit,,
PE-V4-0016,"Volume 4: Expansion, Tangible Lexicon, Modality, and National Speech",The Living Lexicon > Section 3.1: Mundane Objects & Tools,Reviewed usage example,nethaen azron an nethor.,The woman sits on the chair.,Not reviewed in readiness audit,,
PE-V4-0017,"Volume 4: Expansion, Tangible Lexicon, Modality, and National Speech",The Living Lexicon > Section 3.1: Mundane Objects & Tools,Mundane Objects & Tools example,Rinaen zhirin an pralor.,The rope is on the table.,Not reviewed in readiness audit,,
PE-V4-0018,"Volume 4: Expansion, Tangible Lexicon, Modality, and National Speech",The Living Lexicon > Section 3.1: Mundane Objects & Tools,Mundane Objects & Tools example,Var I thal vorkor.,I go from/through the door.,Not reviewed in readiness audit,,
PE-V4-0019,"Volume 4: Expansion, Tangible Lexicon, Modality, and National Speech",The Living Lexicon > Section 3.1: Mundane Objects & Tools,Mundane Objects & Tools example,Karethaen I kareth.,I use the hammer.,Not reviewed in readiness audit,,
PE-V4-0020,"Volume 4: Expansion, Tangible Lexicon, Modality, and National Speech",The Living Lexicon > Section 3.1: Mundane Objects & Tools,Mundane Objects & Tools example,Rinaen emil esh pralor.,The food is on the table.,Not reviewed in readiness audit,,
PE-V4-0021,"Volume 4: Expansion, Tangible Lexicon, Modality, and National Speech",The Living Lexicon > Section 3.1: Mundane Objects & Tools,Mundane Objects & Tools example,Rinaen peleth selineth.,The knife is clean.,Not reviewed in readiness audit,,
PE-V4-0022,"Volume 4: Expansion, Tangible Lexicon, Modality, and National Speech",The Living Lexicon > Section 3.1: Mundane Objects & Tools,Reviewed usage example,rinaen drenvor woreth.,The bowl is full.,Not reviewed in readiness audit,,
PE-V4-0023,"Volume 4: Expansion, Tangible Lexicon, Modality, and National Speech",The Living Lexicon > Section 3.1: Mundane Objects & Tools,Reviewed usage example,rinaen krezor feneth.,The hearth is hot.,Not reviewed in readiness audit,,
PE-V4-0024,"Volume 4: Expansion, Tangible Lexicon, Modality, and National Speech",The Living Lexicon > Section 3.1: Mundane Objects & Tools,Mundane Objects & Tools example,Vethoraen Felka an nethlor.,The child sleeps on the bed.,Not reviewed in readiness audit,,
PE-V4-0025,"Volume 4: Expansion, Tangible Lexicon, Modality, and National Speech",The Living Lexicon > Section 3.1: Mundane Objects & Tools,Mundane Objects & Tools example,Arth shalkor Ilin thal fah.,The lamp protects us from the darkness.,Not reviewed in readiness audit,,
PE-V4-0026,"Volume 4: Expansion, Tangible Lexicon, Modality, and National Speech",The Living Lexicon > Section 3.1: Mundane Objects & Tools,Mundane Objects & Tools example,Aen velar lianbelrin.,The elder speaks the story/book.,Not reviewed in readiness audit,,
PE-V4-0027,"Volume 4: Expansion, Tangible Lexicon, Modality, and National Speech",The Living Lexicon > Section 3.2 & 3.3: Basic & Sensory Adjectives,Basic & Sensory Adjectives example,Rinaen korin-ian gormeth.,My hands are dirty.,Not reviewed in readiness audit,,
PE-V4-0028,"Volume 4: Expansion, Tangible Lexicon, Modality, and National Speech",The Living Lexicon > Section 3.2 & 3.3: Basic & Sensory Adjectives,Basic & Sensory Adjectives example,Rinaen dren selineth.,The water is clean.,Not reviewed in readiness audit,,
PE-V4-0029,"Volume 4: Expansion, Tangible Lexicon, Modality, and National Speech",The Living Lexicon > Section 3.2 & 3.3: Basic & Sensory Adjectives,Basic & Sensory Adjectives example,Rinaen mor maganeth.,The stone is heavy.,Not reviewed in readiness audit,,
PE-V4-0030,"Volume 4: Expansion, Tangible Lexicon, Modality, and National Speech",The Living Lexicon > Section 3.2 & 3.3: Basic & Sensory Adjectives,Basic & Sensory Adjectives example,Rinaen zhirin feleth.,The rope is light.,Not reviewed in readiness audit,,
PE-V4-0031,"Volume 4: Expansion, Tangible Lexicon, Modality, and National Speech",The Living Lexicon > Section 3.2 & 3.3: Basic & Sensory Adjectives,Basic & Sensory Adjectives example,Rinaen drenvor woreth.,The bowl is full.,Not reviewed in readiness audit,,
PE-V4-0032,"Volume 4: Expansion, Tangible Lexicon, Modality, and National Speech",The Living Lexicon > Section 3.2 & 3.3: Basic & Sensory Adjectives,Basic & Sensory Adjectives example,Rinaen teremil zun.,The home is empty.,Not reviewed in readiness audit,,
PE-V4-0033,"Volume 4: Expansion, Tangible Lexicon, Modality, and National Speech",The Living Lexicon > Section 3.2 & 3.3: Basic & Sensory Adjectives,Basic & Sensory Adjectives example,Rinaen kaleth kaveth.,The fortress is old.,Not reviewed in readiness audit,,
PE-V4-0034,"Volume 4: Expansion, Tangible Lexicon, Modality, and National Speech",The Living Lexicon > Section 3.2 & 3.3: Basic & Sensory Adjectives,Basic & Sensory Adjectives example,Rinaen lianor-ian vaareth.,My thought is good.,Not reviewed in readiness audit,,
PE-V4-0035,"Volume 4: Expansion, Tangible Lexicon, Modality, and National Speech",The Living Lexicon > Section 3.2 & 3.3: Basic & Sensory Adjectives,Reviewed usage example,var vethral joreth.,The pack hunter goes fast.,Not reviewed in readiness audit,,
PE-V4-0036,"Volume 4: Expansion, Tangible Lexicon, Modality, and National Speech",The Living Lexicon > Section 3.2 & 3.3: Basic & Sensory Adjectives,Basic & Sensory Adjectives example,Rinaen krezor feneth.,The hearth is hot.,Not reviewed in readiness audit,,
PE-V4-0037,"Volume 4: Expansion, Tangible Lexicon, Modality, and National Speech",The Living Lexicon > Section 3.2 & 3.3: Basic & Sensory Adjectives,Basic & Sensory Adjectives example,Rinaen velk veleth.,The ice is cold.,Not reviewed in readiness audit,,
PE-V4-0038,"Volume 4: Expansion, Tangible Lexicon, Modality, and National Speech",The Living Lexicon > Section 3.2 & 3.3: Basic & Sensory Adjectives,Basic & Sensory Adjectives example,Rinaen belrin praketh.,The fabric is soft.,Not reviewed in readiness audit,,
PE-V4-0039,"Volume 4: Expansion, Tangible Lexicon, Modality, and National Speech",The Living Lexicon > Section 3.2 & 3.3: Basic & Sensory Adjectives,Basic & Sensory Adjectives example,Rinaen pralor moreth.,The table is hard.,Not reviewed in readiness audit,,
PE-V4-0040,"Volume 4: Expansion, Tangible Lexicon, Modality, and National Speech",The Living Lexicon > Section 3.2 & 3.3: Basic & Sensory Adjectives,Basic & Sensory Adjectives example,Rinaen xaresh dreneth.,The cloak is wet.,Not reviewed in readiness audit,,
PE-V4-0041,"Volume 4: Expansion, Tangible Lexicon, Modality, and National Speech",The Living Lexicon > Section 3.2 & 3.3: Basic & Sensory Adjectives,Basic & Sensory Adjectives example,Rinaen morlak kadreneth.,The bread is dry.,Not reviewed in readiness audit,,
PE-V4-0042,"Volume 4: Expansion, Tangible Lexicon, Modality, and National Speech",The Living Lexicon > Section 3.4: Clothing & Worn Items,Clothing & Worn Items example,Rinaen belkor-ian verdeth.,My tunic is green.,Not reviewed in readiness audit,,
PE-V4-0043,"Volume 4: Expansion, Tangible Lexicon, Modality, and National Speech",The Living Lexicon > Section 3.4: Clothing & Worn Items,Clothing & Worn Items example,Rinaen sharbel maganeth.,The pants are heavy.,Not reviewed in readiness audit,,
PE-V4-0044,"Volume 4: Expansion, Tangible Lexicon, Modality, and National Speech",The Living Lexicon > Section 3.4: Clothing & Worn Items,Clothing & Worn Items example,Arth xaresh I thal velk.,The cloak protects me from the ice.,Not reviewed in readiness audit,,
PE-V4-0045,"Volume 4: Expansion, Tangible Lexicon, Modality, and National Speech",The Living Lexicon > Section 3.4: Clothing & Worn Items,Reviewed usage example,ver var I ka trakor.,I do not go without shoes.,Not reviewed in readiness audit,,
PE-V4-0046,"Volume 4: Expansion, Tangible Lexicon, Modality, and National Speech",The Living Lexicon > Section 3.4: Clothing & Worn Items,Clothing & Worn Items example,Rinaen peleth an zhirvok.,The knife is on the belt.,Not reviewed in readiness audit,,
PE-V4-0047,"Volume 4: Expansion, Tangible Lexicon, Modality, and National Speech",The Living Lexicon > Section 3.5: Colors,Colors example,Rinaen zhaelin krelek.,The flower is red.,Not reviewed in readiness audit,,
PE-V4-0048,"Volume 4: Expansion, Tangible Lexicon, Modality, and National Speech",The Living Lexicon > Section 3.5: Colors,Colors example,Rinaen esh lunor.,The sky is blue.,Not reviewed in readiness audit,,
PE-V4-0049,"Volume 4: Expansion, Tangible Lexicon, Modality, and National Speech",The Living Lexicon > Section 3.5: Colors,Colors example,Rinaen xaresh verdeth.,The cloak is green.,Not reviewed in readiness audit,,
PE-V4-0050,"Volume 4: Expansion, Tangible Lexicon, Modality, and National Speech",The Living Lexicon > Section 3.5: Colors,Reviewed usage example,rinaen shena shaleth.,The coin is gold.,Not reviewed in readiness audit,,
PE-V4-0051,"Volume 4: Expansion, Tangible Lexicon, Modality, and National Speech",The Living Lexicon > Section 3.5: Colors,Colors example,Rinaen mor faheth.,The stone is black.,Not reviewed in readiness audit,,
PE-V4-0052,"Volume 4: Expansion, Tangible Lexicon, Modality, and National Speech",The Living Lexicon > Section 3.5: Colors,Colors example,Rinaen morlak velek.,The bread is white.,Not reviewed in readiness audit,,
PE-V4-0053,"Volume 4: Expansion, Tangible Lexicon, Modality, and National Speech",The Living Lexicon > Section 3.6: Essential Verbs of Action & Sensation,Reviewed usage example,shalaen I vethral an verdor.,I see the pack hunter in the forest.,Not reviewed in readiness audit,,
PE-V4-0054,"Volume 4: Expansion, Tangible Lexicon, Modality, and National Speech",The Living Lexicon > Section 3.6: Essential Verbs of Action & Sensation,Essential Verbs example,Aenaen I eshlin an zhaelin.,I hear the bird in the flower.,Not reviewed in readiness audit,,
PE-V4-0055,"Volume 4: Expansion, Tangible Lexicon, Modality, and National Speech",The Living Lexicon > Section 3.6: Essential Verbs of Action & Sensation,Reviewed usage example,pralaen I krezor.,I am making a hearth.,Not reviewed in readiness audit,,
PE-V4-0056,"Volume 4: Expansion, Tangible Lexicon, Modality, and National Speech",The Living Lexicon > Section 3.6: Essential Verbs of Action & Sensation,Essential Verbs example,Karethaen I peleth.,I use the knife.,Not reviewed in readiness audit,,
PE-V4-0057,"Volume 4: Expansion, Tangible Lexicon, Modality, and National Speech",The Living Lexicon > Section 3.6: Essential Verbs of Action & Sensation,Essential Verbs example,Talaen I drenvor thal pralor.,I take the bowl from the table.,Not reviewed in readiness audit,,
PE-V4-0058,"Volume 4: Expansion, Tangible Lexicon, Modality, and National Speech",The Living Lexicon > Section 3.6: Essential Verbs of Action & Sensation,Reviewed usage example,velaen Ilin morlak.,We eat the bread.,Not reviewed in readiness audit,,
PE-V4-0059,"Volume 4: Expansion, Tangible Lexicon, Modality, and National Speech",The Living Lexicon > Section 3.6: Essential Verbs of Action & Sensation,Essential Verbs example,Drenaen Ya phelvin.,You drink the comforting drink.,Not reviewed in readiness audit,,
PE-V4-0060,"Volume 4: Expansion, Tangible Lexicon, Modality, and National Speech",The Living Lexicon > Section 3.6: Essential Verbs of Action & Sensation,Essential Verbs example,Nethaen Azron an nethor.,The woman sits on the chair.,Not reviewed in readiness audit,,
PE-V4-0061,"Volume 4: Expansion, Tangible Lexicon, Modality, and National Speech",The Living Lexicon > Section 3.6: Essential Verbs of Action & Sensation,Reviewed usage example,moraen I an terra.,I stand on the ground.,Not reviewed in readiness audit,,
PE-V4-0062,"Volume 4: Expansion, Tangible Lexicon, Modality, and National Speech",The Living Lexicon > Section 3.6: Essential Verbs of Action & Sensation,Reviewed usage example,nor-vethoraen Ilin an nethlor.,We will sleep on the beds.,Not reviewed in readiness audit,,
PE-V4-0063,"Volume 4: Expansion, Tangible Lexicon, Modality, and National Speech",The Living Lexicon > Section 3.8: Archetypal Flora & Fauna,Flora & Fauna example,Rinaen morthera maganeth.,The beast of burden is heavy.,Not reviewed in readiness audit,,
PE-V4-0064,"Volume 4: Expansion, Tangible Lexicon, Modality, and National Speech",The Living Lexicon > Section 3.8: Archetypal Flora & Fauna,Flora & Fauna example,Var vethral joreth.,The pack hunter goes fast.,Not reviewed in readiness audit,,
PE-V4-0065,"Volume 4: Expansion, Tangible Lexicon, Modality, and National Speech",The Living Lexicon > Section 3.8: Archetypal Flora & Fauna,Flora & Fauna example,Velaen vethral vershara.,The pack hunter eats the prey animal.,Not reviewed in readiness audit,,
PE-V4-0066,"Volume 4: Expansion, Tangible Lexicon, Modality, and National Speech",The Living Lexicon > Section 3.8: Archetypal Flora & Fauna,Reviewed usage example,vethoraen kalrath an morl.,The apex predator sleeps in the mountains.,Not reviewed in readiness audit,,
PE-V4-0067,"Volume 4: Expansion, Tangible Lexicon, Modality, and National Speech",The Living Lexicon > Section 3.8: Archetypal Flora & Fauna,Flora & Fauna example,Aenaen I eshlin an velmarin.,I hear a bird in the ancient tree.,Not reviewed in readiness audit,,
PE-V4-0068,"Volume 4: Expansion, Tangible Lexicon, Modality, and National Speech",The Living Lexicon > Section 3.8: Archetypal Flora & Fauna,Flora & Fauna example,Rinaen velmarin kaveth.,The ancient tree is old.,Not reviewed in readiness audit,,
PE-V4-0069,"Volume 4: Expansion, Tangible Lexicon, Modality, and National Speech",The Living Lexicon > Section 3.8: Archetypal Flora & Fauna,Flora & Fauna example,Rinaen zhaelin krelek an verdor.,The red flower is in the forest.,Not reviewed in readiness audit,,
PE-V4-0070,"Volume 4: Expansion, Tangible Lexicon, Modality, and National Speech",The Living Lexicon > Section 3.9: Abstract Social & Personal Concepts,Abstract Concepts example,Ravokhaen Ilin thallian.,We desire justice.,Not reviewed in readiness audit,,
PE-V4-0071,"Volume 4: Expansion, Tangible Lexicon, Modality, and National Speech",The Living Lexicon > Section 3.9: Abstract Social & Personal Concepts,Abstract Concepts example,Ohmaen I sharaka.,I love freedom.,Not reviewed in readiness audit,,
PE-V4-0072,"Volume 4: Expansion, Tangible Lexicon, Modality, and National Speech",The Living Lexicon > Section 3.9: Abstract Social & Personal Concepts,Abstract Concepts example,Rinaen belshara an Ilin.,Duty is with us.,Not reviewed in readiness audit,,
PE-V4-0073,"Volume 4: Expansion, Tangible Lexicon, Modality, and National Speech",The Living Lexicon > Section 3.9: Abstract Social & Personal Concepts,Abstract Concepts example,Rinaen velrathor vaareth.,The memory is good.,Not reviewed in readiness audit,,
PE-V4-0074,"Volume 4: Expansion, Tangible Lexicon, Modality, and National Speech",The Living Lexicon > Section 3.9: Abstract Social & Personal Concepts,Abstract Concepts example,aen Ya lianor-ya.,You speak your thought.,Not reviewed in readiness audit,,
PE-V4-0075,"Volume 4: Expansion, Tangible Lexicon, Modality, and National Speech",The Living Lexicon > Section 3.9: Abstract Social & Personal Concepts,Abstract Concepts example,Var I an vethrin.,I go into a dream.,Not reviewed in readiness audit,,
PE-V4-0076,"Volume 4: Expansion, Tangible Lexicon, Modality, and National Speech",The Living Lexicon > Section 3.9: Abstract Social & Personal Concepts,Abstract Concepts example,ra aen Ya kelrin-ya?,Do you speak your name?,Not reviewed in readiness audit,,
PE-V4-0077,"Volume 4: Expansion, Tangible Lexicon, Modality, and National Speech",The Living Lexicon > Section 3.9: Abstract Social & Personal Concepts,Reviewed usage example,ver aen I unar kelka.,I do not speak one word.,Not reviewed in readiness audit,,
PE-V4-0078,"Volume 4: Expansion, Tangible Lexicon, Modality, and National Speech",The Living Lexicon > Section 3.9: Abstract Social & Personal Concepts,Abstract Concepts example,Rinaen rathlor an shara.,There is danger on the path.,Not reviewed in readiness audit,,
PE-V4-0079,"Volume 4: Expansion, Tangible Lexicon, Modality, and National Speech",The Living Lexicon > Section 3.9: Abstract Social & Personal Concepts,Abstract Concepts example,Var Ilin an vaarlor.,We go into safety.,Not reviewed in readiness audit,,
PE-V4-0080,"Volume 4: Expansion, Tangible Lexicon, Modality, and National Speech",The Living Lexicon > Section 3.9: Abstract Social & Personal Concepts,Reviewed usage example,lorin belthal Ilin.,Order guides us.,Not reviewed in readiness audit,,
PE-V4-0081,"Volume 4: Expansion, Tangible Lexicon, Modality, and National Speech",The Living Lexicon > Section 3.9: Abstract Social & Personal Concepts,Reviewed usage example,fahaen I rethvok.,I fear chaos.,Not reviewed in readiness audit,,
PE-V4-0082,"Volume 4: Expansion, Tangible Lexicon, Modality, and National Speech",The Living Lexicon > Section 3.7: Essential Conjunctions,Conjunction example,Rinaen morlak ser dren.,There is bread and water.,Not reviewed in readiness audit,,
PE-V4-0083,"Volume 4: Expansion, Tangible Lexicon, Modality, and National Speech",The Living Lexicon > Section 3.7: Essential Conjunctions,Conjunction example,Ra drenaen Ya dren reth phelvin?,Do you drink water or the comfort-drink?,Not reviewed in readiness audit,,
PE-V4-0084,"Volume 4: Expansion, Tangible Lexicon, Modality, and National Speech",The Living Lexicon > Section 3.10: A System of Measurement,Measurement example,Rinaen zhirin Ten-del korineth.,The rope is 20 handspans long.,Not reviewed in readiness audit,,
PE-V4-0085,"Volume 4: Expansion, Tangible Lexicon, Modality, and National Speech",The Living Lexicon > Section 3.10: A System of Measurement,Measurement example,Rinaen kaleth Hek-unar shar thalor.,The fortress is 100 strides outside.,Not reviewed in readiness audit,,
PE-V4-0086,"Volume 4: Expansion, Tangible Lexicon, Modality, and National Speech",The Living Lexicon > Section 3.10: A System of Measurement,Measurement example,Rinaen Varthas Ten-peth kinnshara.,The city is 50 day's-journeys away.,Not reviewed in readiness audit,,
PE-V4-0087,"Volume 4: Expansion, Tangible Lexicon, Modality, and National Speech",The Living Lexicon > Section 3.10: A System of Measurement,Measurement example,Nor-var I an aenor.,I will go in a moment.,Not reviewed in readiness audit,,
PE-V4-0088,"Volume 4: Expansion, Tangible Lexicon, Modality, and National Speech",The Living Lexicon > Section 3.10: A System of Measurement,Measurement example,Var Ilin an tren kinn.,We go in three days.,Not reviewed in readiness audit,,
PE-V4-0089,"Volume 4: Expansion, Tangible Lexicon, Modality, and National Speech",The Living Lexicon > Section 3.10: A System of Measurement,Measurement example,Nor-var Fenrek an unar lunwek.,Summer will arrive in one month.,Not reviewed in readiness audit,,
PE-V4-0090,"Volume 4: Expansion, Tangible Lexicon, Modality, and National Speech",The Living Lexicon > Section 3.10: A System of Measurement,Measurement example,Rinaen I Ten-del tharvinwek kaveth.,I am 20 years old.,Not reviewed in readiness audit,,
PE-V4-0091,"Volume 4: Expansion, Tangible Lexicon, Modality, and National Speech",The Living Lexicon > Section 3.10: A System of Measurement,Reviewed usage example,tal I peth shen morlak.,I give five measures of grain.,Not reviewed in readiness audit,,
PE-V4-0092,"Volume 4: Expansion, Tangible Lexicon, Modality, and National Speech",The Living Lexicon > Section 3.10: A System of Measurement,Measurement example,Rinaen morthera maganeth an Hek-unar morkal.,The beast of burden is heavy by 100 stone-weights.,Not reviewed in readiness audit,,
PE-V4-0093,"Volume 4: Expansion, Tangible Lexicon, Modality, and National Speech",Section 4.2: Comparative Dialogue Exercise > Zarithan,Comparative dialogue line,"Ra min Ya, Ser?","Where are you headed, Friend?",Not reviewed in readiness audit,,
PE-V4-0094,"Volume 4: Expansion, Tangible Lexicon, Modality, and National Speech",Section 4.2: Comparative Dialogue Exercise > Zarithan,Comparative dialogue line,Min I an dren. Rinaen kelvor-ian kadreneth ser Krez.,Headed to water. My mouth is dry with the heat.,Not reviewed in readiness audit,,
PE-V4-0095,"Volume 4: Expansion, Tangible Lexicon, Modality, and National Speech",Section 4.2: Comparative Dialogue Exercise > Verdalrisian,Comparative dialogue line,"Lorin shara Ya an Kinnmor, Li-Ser?","Where does your path guide you this morning, Respected-Friend?",Not reviewed in readiness audit,,
PE-V4-0096,"Volume 4: Expansion, Tangible Lexicon, Modality, and National Speech",Section 4.2: Comparative Dialogue Exercise > Verdalrisian,Comparative dialogue line,Theraen thar-ian an awek. Rinaen an-rin lian morlak kadreneth.,My heart longs for the spring. It feels like the truth of dry bread.,Not reviewed in readiness audit,,
PE-V4-0097,"Volume 4: Expansion, Tangible Lexicon, Modality, and National Speech",Section 4.2: Comparative Dialogue Exercise > Mechuman,Comparative dialogue line,"Aen Ya varash, Ser.","State your destination, Friend.",Not reviewed in readiness audit,,
PE-V4-0098,"Volume 4: Expansion, Tangible Lexicon, Modality, and National Speech",Section 4.2: Comparative Dialogue Exercise > Mechuman,Comparative dialogue line,Var I an phelvin. Rinaen kelvor-ian kadreneth. Rinaen belshara.,Proceeding to acquire a beverage. My mouth is dry. Hydration is a necessity.,Not reviewed in readiness audit,,
PE-V4-0099,"Volume 4: Expansion, Tangible Lexicon, Modality, and National Speech",Section 4.2: Comparative Dialogue Exercise > Pelagaean,Comparative dialogue line,"Ra shalil Ya, Ser?","Where do you flow, Friend?",Not reviewed in readiness audit,,
PE-V4-0100,"Volume 4: Expansion, Tangible Lexicon, Modality, and National Speech",Section 4.2: Comparative Dialogue Exercise > Pelagaean,Comparative dialogue line,Shalil I an dren. Rinaen thar-ian ser mahr kadreneth.,I flow to the water. My heart feels like a dry sea.,Not reviewed in readiness audit,,
PE-V4-0101,"Volume 4: Expansion, Tangible Lexicon, Modality, and National Speech",Section 4.2: Comparative Dialogue Exercise > Valkeldorian,Comparative dialogue line,"Aen shara-ya, Ser!","State your path, Friend!",Not reviewed in readiness audit,,
PE-V4-0102,"Volume 4: Expansion, Tangible Lexicon, Modality, and National Speech",Section 4.2: Comparative Dialogue Exercise > Valkeldorian,Comparative dialogue line,"Var I an velithor. Rinaen thar-ian moreth, ser vaar ka.",I'm going for strong ale. My spirit is hard/unsettled and lacks comfort.,Not reviewed in readiness audit,,
PE-V4-0103,"Volume 4: Expansion, Tangible Lexicon, Modality, and National Speech",Section 4.2: Comparative Dialogue Exercise > Nivveilian,Comparative dialogue line,"An eshreth, ra var Ya, Ser?","In this hazy sky, where are you going, Friend?",Not reviewed in readiness audit,,
PE-V4-0104,"Volume 4: Expansion, Tangible Lexicon, Modality, and National Speech",Section 4.2: Comparative Dialogue Exercise > Nivveilian,Comparative dialogue line,Var I an phelvin. Arth vel vaar.,I am going for a warm drink. Calm endurance preserves peace.,Not reviewed in readiness audit,,
PE-V4-0105,"Volume 4: Expansion, Tangible Lexicon, Modality, and National Speech",Section 4.2: Comparative Dialogue Exercise > Jasaran,Comparative dialogue line,"Shal lorin shara-ya an nor-ka, Ser?","Does the light guide your path in this moment, Friend?",Not reviewed in readiness audit,,
PE-V4-0106,"Volume 4: Expansion, Tangible Lexicon, Modality, and National Speech",Section 4.2: Comparative Dialogue Exercise > Jasaran,Comparative dialogue line,"Lia, var I an Drenkorath. Rinaen vethor an thar-ian.","Yes, I go to the sacred Spring. There is a shadow in my heart.",Not reviewed in readiness audit,,
PE-V4-0107,"Volume 4: Expansion, Tangible Lexicon, Modality, and National Speech",Section 4.2: Comparative Dialogue Exercise > Marakorian,Comparative dialogue line,"Ra rinaen shara-ya lian, Li-Ser?","Is your path a proper one, Respected-Friend?",Not reviewed in readiness audit,,
PE-V4-0108,"Volume 4: Expansion, Tangible Lexicon, Modality, and National Speech",Section 4.2: Comparative Dialogue Exercise > Marakorian,Comparative dialogue line,Lia. Var I an phelvin. Lorin belthal kel-ian.,Yes. I am going for a comforting drink. My actions are guided by order.,Not reviewed in readiness audit,,
PE-S1-0001,Supplement 1: The Rule of Euphony and Historical Variance,Section 5:1: Advanced Phonology - The Rule of Euphony and Historical Variance > Examples,Euphony compound example,Morl + Thar -> Morlathar,Stoicism,Not reviewed in readiness audit,,
PE-S1-0002,Supplement 1: The Rule of Euphony and Historical Variance,Section 5:1: Advanced Phonology - The Rule of Euphony and Historical Variance > Examples,Euphony compound example,Rath + Thar -> Rathathar,A Hateful Heart,Not reviewed in readiness audit,,
PE-S1-0003,Supplement 1: The Rule of Euphony and Historical Variance,Section 5:1: Advanced Phonology - The Rule of Euphony and Historical Variance > Examples,Teaching note: Compound Derivation Formula,Vok + Thal -> Vokathar,A Harmonious Union,Not reviewed in readiness audit,,
PE-S1-0004,Supplement 1: The Rule of Euphony and Historical Variance,Section 5:1: Advanced Phonology - The Rule of Euphony and Historical Variance > Examples,Teaching note: Compound Derivation Formula,Vok + Nor -> Voknor / Vokanor / Vokonor,The unity of time / a moment of perfect synchronicity,Not reviewed in readiness audit,,
PE-S1-0005,Supplement 1: The Rule of Euphony and Historical Variance,Section 5:1: Advanced Phonology - The Rule of Euphony and Historical Variance > Examples,Standard form example,Krezthal,Dynamic Equilibrium,Not reviewed in readiness audit,,
PE-S1-0006,Supplement 1: The Rule of Euphony and Historical Variance,Section 5:1: Advanced Phonology - The Rule of Euphony and Historical Variance > Examples,Poetic form example,Krezathal,Dynamic Equilibrium,Not reviewed in readiness audit,,
PE-S1-0007,Supplement 1: The Rule of Euphony and Historical Variance,Section 5:1: Advanced Phonology - The Rule of Euphony and Historical Variance > Examples,Teaching note: Headword Citation Form,Belshara,Duty,Not reviewed in readiness audit,,
PE-S1-0008,Supplement 1: The Rule of Euphony and Historical Variance,Section 5:1: Advanced Phonology - The Rule of Euphony and Historical Variance > Examples,Poetic form example,Belashara,Duty,Not reviewed in readiness audit,,
PE-S1-0009,Supplement 1: The Rule of Euphony and Historical Variance,Section 5:1: Advanced Phonology - The Rule of Euphony and Historical Variance > Examples,Teaching note: Phonology Word List,Kalvok; Kalrath; Rethlian,Clan / Apex Predator / Might,Not reviewed in readiness audit,,
PE-S1-0010,Supplement 1: The Rule of Euphony and Historical Variance,Section 5:1: Advanced Phonology - The Rule of Euphony and Historical Variance > Examples,Teaching note: Headword Citation Form,Belthal,Order,Not reviewed in readiness audit,,
PE-S1-0011,Supplement 1: The Rule of Euphony and Historical Variance,Section 5:1: Advanced Phonology - The Rule of Euphony and Historical Variance > Examples,Teaching note: Word Form / Citation,Rethvok,Chaos,Not reviewed in readiness audit,,
PE-S1-0012,Supplement 1: The Rule of Euphony and Historical Variance,Section 5:1: Advanced Phonology - The Rule of Euphony and Historical Variance > Examples,Negative/counterexample,Belathar,Overly formal/strange correction of Belthal,Not reviewed in readiness audit,,
PE-S3-0001,Supplement 3: The Conceptual Lexicon,Part 1: The Primordial Forces > Entry 1.2: Fah- / Vethor-,Teaching note: Conceptual Metaphor,Fah tha-var,A darkness has occurred,Not reviewed in readiness audit,,
PE-S3-0002,Supplement 3: The Conceptual Lexicon,Part 2: The Elemental Pillars > Entry 2.3: Morl-,Teaching note: Idiomatic Phrase,pralaen an morl,written in stone,Not reviewed in readiness audit,,
PE-S3-0003,Supplement 3: The Conceptual Lexicon,Part 2: The Elemental Pillars > Clarification on Terra vs. Ohnosha,Capitalization example,Moraen I an terra.,I stand on the ground.,Not reviewed in readiness audit,,
PE-S3-0004,Supplement 3: The Conceptual Lexicon,Part 2: The Elemental Pillars > Clarification on Terra vs. Ohnosha,Reviewed usage example,ver ohmaen Mechuma lian Thal Terra.,Mechuma does not honor the truth of the Balance of Terra.,Not reviewed in readiness audit,,
PE-S3-0005,Supplement 3: The Conceptual Lexicon,Part 3: The Metaphysical Concepts > Entry 3.2: Thal-,Reviewed usage example,talaen I drenvor thal pralor.,I take the bowl from the table.,Not reviewed in readiness audit,,
PE-S3-0006,Supplement 3: The Conceptual Lexicon,Part 3: The Metaphysical Concepts > Entry 3.2: Thal-,Teaching note: Philosophical Note,ver thal,without balance,Not reviewed in readiness audit,,
PE-S3-0007,Supplement 3: The Conceptual Lexicon,Part 3: The Metaphysical Concepts > Entry 3.3: Reth- / Rethvok-,Teaching note: Metaphorical Phrase,thar an rethvok,a heart of chaos,Not reviewed in readiness audit,,
PE-S3-0008,Supplement 3: The Conceptual Lexicon,Part 3: The Metaphysical Concepts > Entry 3.4: Nor-,Teaching note: Philosophical Phrase,ka nor,without time,Not reviewed in readiness audit,,
PE-S3-0009,Supplement 3: The Conceptual Lexicon,Part 3: The Metaphysical Concepts > Entry 3.5: Rin-,Teaching note: Idiomatic Phrase,shalaen an rin,to see the essence,Not reviewed in readiness audit,,
PE-S3-0010,Supplement 3: The Conceptual Lexicon,Part 4: The Social & Personal Concepts > Entry 4.1: Bel-,Teaching note: Inflected / Bound Form,bel-esh,to be bound,Not reviewed in readiness audit,,
PE-S3-0011,Supplement 3: The Conceptual Lexicon,Part 4: The Social & Personal Concepts > Entry 4.4: Ohm-,Reviewed usage example,talaen I morlak an Felka.,I give/offer bread to the child,Not reviewed in readiness audit,,
PE-S3-0012,Supplement 3: The Conceptual Lexicon,Part 4: The Social & Personal Concepts > Entry 4.5: Thar-,Teaching note: Idiomatic Metaphor,thar an kaleth,a strong heart / courage,Not reviewed in readiness audit,,
PE-S3-0013,Supplement 3: The Conceptual Lexicon,Part 4: The Social & Personal Concepts > Entry 4.5: Thar-,Teaching note: Idiomatic Metaphor,thar an fah,a dark heart / despair,Not reviewed in readiness audit,,
PE-S3-0014,Supplement 3: The Conceptual Lexicon,Part 5: The Concepts of Action & Being > Entry 5.1: Var-,Reviewed usage example,var I an vaar.,I go in peace.,Not reviewed in readiness audit,,
PE-S3-0015,Supplement 3: The Conceptual Lexicon,Part 5: The Concepts of Action & Being > Entry 5.1: Var-,Teaching note: Proverbial Phrase,Var an shara,to go on a path,Not reviewed in readiness audit,,
PE-S3-0016,Supplement 3: The Conceptual Lexicon,Part 5: The Concepts of Action & Being > Entry 5.2: Aen-,Teaching note: Traditional Title,Aen Dral,The Heavens Speak,Not reviewed in readiness audit,,
PE-S3-0017,Supplement 3: The Conceptual Lexicon,Part 5: The Concepts of Action & Being > Entry 5.3: Pralaen-,Teaching note: Proverbial Phrase,Pralaen an shara,to make a path,Not reviewed in readiness audit,,
PE-S3-0018,Supplement 3: The Conceptual Lexicon,Part 5: The Concepts of Action & Being > Entry 5.4: Rav-,Teaching note: Compound Form,Terrarav,the pull of one's homeland,Not reviewed in readiness audit,,
PE-S3-0019,Supplement 3: The Conceptual Lexicon,Part 6: The Concepts of Society & Culture > Entry 6.3: Khum-,Reviewed usage example,aen serathrin ser khumrel.,The confidant speaks with compassion.,Not reviewed in readiness audit,,
PE-S3-0020,Supplement 3: The Conceptual Lexicon,Part 6: The Concepts of Society & Culture > Entry 6.4: Zhir-,Teaching note: Poetic Phrase,zhirin an Arthen,threads of fate,Not reviewed in readiness audit,,
PE-S3-0021,Supplement 3: The Conceptual Lexicon,Part 6: The Concepts of Society & Culture > Entry 6.4: Zhir-,Teaching note: Compound Form,zhirrathor,thread to the past,Not reviewed in readiness audit,,
PE-S3-0022,Supplement 3: The Conceptual Lexicon,Part 6: The Concepts of Society & Culture > Entry 6.5: Kel-,Reviewed phrase,Kalrin-ka kalkel,The sovereign’s decree,Not reviewed in readiness audit,,
PE-S4A-0001,Supplement 4A: VSO Cultural Notes,Prioritizing the Action > Example (Standard),Reviewed usage example,var kadron an morl.,The man goes to the mountain.,Not reviewed in readiness audit,,
PE-S4A-0002,Supplement 4A: VSO Cultural Notes,Prioritizing the Action > Example (State of Being),Reviewed usage example,rinaen Terra vaar.,The Earth is peaceful.,Not reviewed in readiness audit,,
PE-S4A-0003,Supplement 4A: VSO Cultural Notes,"De-emphasizing the ""Self"" as the Sole Initiator > Example (Emotion)",VSO cultural example,Ohmaen I Ya.,I love you.,Not reviewed in readiness audit,,
PE-S4A-0004,Supplement 4A: VSO Cultural Notes,Implications for Expressing Core Concepts > Belief as Action,VSO cultural example,Seraen I an Nys'aleth.,I believe in balance.,Not reviewed in readiness audit,,
PE-S4A-0005,Supplement 4A: VSO Cultural Notes,Implications for Expressing Core Concepts > Love as a Shared State or Action,Reviewed usage example,Rinaen Ohm ser Ilin.,Connection is with us.,Not reviewed in readiness audit,,
PE-S4B-0001,Supplement 4B: Celan Capitalization Rules,Rule 1: The First Word of a Sentence is NOT Capitalized,Capitalization example,var I an dren.,I go to the water.,Not reviewed in readiness audit,,
PE-S4B-0002,Supplement 4B: Celan Capitalization Rules,Rule 1: The First Word of a Sentence is NOT Capitalized,Incorrect counterexample,Var I an dren.,I go to the water.,Not reviewed in readiness audit,,
PE-S4B-0003,Supplement 4B: Celan Capitalization Rules,Rule 3: Titles of Reverence,Capitalization example,var an Velmarin an verdor.,An Honorary Elder walks in the forest.,Not reviewed in readiness audit,,
PE-S4B-0004,Supplement 4B: Celan Capitalization Rules,Rule 3: Titles of Reverence,Capitalization example,Aen Velmarin.,The Honorary Elder speaks.,Not reviewed in readiness audit,,
PE-S4B-0005,Supplement 4B: Celan Capitalization Rules,Rule 2: Terra vs. terra,Teaching note: Capitalization Contrast Note,Terra / terra,"Heart of Terra / mundane earth, soil, or ground",Not reviewed in readiness audit,,
PE-S4B-0006,Supplement 4B: Celan Capitalization Rules,Rule 2: Dral vs. dral,Capitalization contrast,Dral / dral,The Heavens / physical sky,Not reviewed in readiness audit,,
PE-S4B-0007,Supplement 4B: Celan Capitalization Rules,Rule 2: Rathor vs. rathor,Teaching note: Capitalization Note,Rathor / rathor,The Past / a specific past event or memory,Not reviewed in readiness audit,,
PE-S4B-0008,Supplement 4B: Celan Capitalization Rules,Rule 5: Poetic and Emotional Emphasis,Capitalization example,ohmaen I Ya.,I love you.,Not reviewed in readiness audit,,
PE-S4B-0009,Supplement 4B: Celan Capitalization Rules,Rule 5: Poetic and Emotional Emphasis,Capitalization example,Rinaen I an Thar-ka.,I am Desire itself.,Not reviewed in readiness audit,,
PE-NE1-0001,National Expansion 1,Jasara > Droshen,National lexicon example,tal droral droshen an Ilin.,The water keeper gives the water ration to us.,Not reviewed in readiness audit,,
PE-NE1-0002,National Expansion 1,Jasara > Droshen,National lexicon example,rinaen droshen an teremil.,The water ration is in the home.,Not reviewed in readiness audit,,
PE-NE1-0003,National Expansion 1,Jasara > Drokav,National lexicon example,rinaen drosel an drokav.,Clean drinking water is in the cistern.,Not reviewed in readiness audit,,
PE-NE1-0004,National Expansion 1,Jasara > Drokav,National lexicon example,arth droral drokav.,The water keeper protects the reserve.,Not reviewed in readiness audit,,
PE-NE1-0005,National Expansion 1,Jasara > Droral,Reviewed usage example,arth droral drobel.,The water keeper protects the waterworks.,Not reviewed in readiness audit,,
PE-NE1-0006,National Expansion 1,Jasara > Droral,National lexicon example,tal droral droshen an serin.,The water keeper gives water rations to the friends.,Not reviewed in readiness audit,,
PE-NE1-0007,National Expansion 1,Jasara > Drobel,National lexicon example,rinaen drobel an Jasara.,The water-distribution system is in Jasara.,Not reviewed in readiness audit,,
PE-NE1-0008,National Expansion 1,Jasara > Drobel,National lexicon example,arth droral drobel.,The water keeper protects the water-distribution system.,Not reviewed in readiness audit,,
PE-NE1-0009,National Expansion 1,Jasara > Awekshara,National lexicon example,var I an awekshara.,I go to the spring-fed canal.,Not reviewed in readiness audit,,
PE-NE1-0010,National Expansion 1,Jasara > Awekshara,National lexicon example,rinaen awekshara ser drobel.,The spring-fed canal is connected to the waterworks.,Not reviewed in readiness audit,,
PE-NE1-0011,National Expansion 1,Pelagae > Mahrowek,National lexicon example,lorin mahrowek mahrvek.,The tide guides the ship.,Not reviewed in readiness audit,,
PE-NE1-0012,National Expansion 1,Pelagae > Mahrowek,National lexicon example,rinaen mahrowek kaleth nor.,The tide is strong now.,Not reviewed in readiness audit,,
PE-NE1-0013,National Expansion 1,Pelagae > Mahrkal,National lexicon example,rinaen mahrkal kaleth.,The deep-water pressure is strong.,Not reviewed in readiness audit,,
PE-NE1-0014,National Expansion 1,Pelagae > Mahrkal,National lexicon example,arth arthaxar I thal mahrkal.,The armor protects me from deep-water pressure.,Not reviewed in readiness audit,,
PE-NE1-0015,National Expansion 1,Pelagae > Drosel,National lexicon example,drenaen I drosel.,I drink clean water.,Full row review complete,App senses and VSO agree with translation; direct placements are I Drenaen and Drosel,No change.
PE-NE1-0016,National Expansion 1,Pelagae > Drosel,National lexicon example,rinaen drosel an mahrvek.,Clean drinking water is on the ship.,Not reviewed in readiness audit,,
PE-NE1-0017,National Expansion 1,Pelagae > Mahrvek,National lexicon example,var mahrvek an mahr.,The ship travels on the ocean.,Not reviewed in readiness audit,,
PE-NE1-0018,National Expansion 1,Pelagae > Mahrvek,National lexicon example,rinaen karvek an mahrvek.,The toolkit is on the ship.,Not reviewed in readiness audit,,
PE-NE1-0019,National Expansion 1,Pelagae > Lormahr,National lexicon example,lorin lormahr mahrvek.,Seamanship guides the ship.,Not reviewed in readiness audit,,
PE-NE1-0020,National Expansion 1,Pelagae > Lormahr,National lexicon example,rinaen lormahr an Pelagae.,Ocean navigation is practiced in Pelagae.,Not reviewed in readiness audit,,
PE-NE1-0021,National Expansion 1,Mechuma > Zhelbel,National lexicon example,rinaen zhelbel an Mechuma.,The energy-distribution system is in Mechuma.,Not reviewed in readiness audit,,
PE-NE1-0022,National Expansion 1,Mechuma > Zhelbel,National lexicon example,arth mekral zhelbel.,The technician protects the power grid.,Not reviewed in readiness audit,,
PE-NE1-0023,National Expansion 1,Mechuma > Belzhir,National lexicon example,aen I ser belzhir.,I speak through the communications network.,Not reviewed in readiness audit,,
PE-NE1-0024,National Expansion 1,Mechuma > Belzhir,National lexicon example,rinaen belzhir kaleth.,The communications network is strong.,Not reviewed in readiness audit,,
PE-NE1-0025,National Expansion 1,Mechuma > Shenlian,National lexicon example,lorin shenlian mekral.,The standard guides the technician.,Not reviewed in readiness audit,,
PE-NE1-0026,National Expansion 1,Mechuma > Shenlian,National lexicon example,rinaen morkal shenlian.,The stone-weight is the reference measure.,Not reviewed in readiness audit,,
PE-NE1-0027,National Expansion 1,Mechuma > Belwek,National lexicon example,lorin belwek mek.,The ordered cycle guides the machine.,Not reviewed in readiness audit,,
PE-NE1-0028,National Expansion 1,Mechuma > Belwek,National lexicon example,rinaen belewek an verdor.,The managed cycle is present in the forest growth.,Not reviewed in readiness audit,,
PE-NE1-0029,National Expansion 1,Mechuma > Mekral,National lexicon example,pralaen mekral mek.,The technician constructs the mechanism.,Not reviewed in readiness audit,,
PE-NE1-0030,National Expansion 1,Mechuma > Mekral,National lexicon example,arth mekral belwek.,The mechanism keeper safeguards the recurring process.,Not reviewed in readiness audit,,
PE-NE1-0031,National Expansion 1,Verdalris > Verdvin,National lexicon example,rinaen verdvin an verd.,The sap is in the foliage.,Not reviewed in readiness audit,,
PE-NE1-0032,National Expansion 1,Verdalris > Verdvin,National lexicon example,tal zhaelral verdvin.,The restorative healer takes the plant extract.,Not reviewed in readiness audit,,
PE-NE1-0033,National Expansion 1,Verdalris > Fennilphel,National lexicon example,tal I fennilphel.,I take the herbal remedy.,Not reviewed in readiness audit,,
PE-NE1-0034,National Expansion 1,Verdalris > Fennilphel,Reviewed usage example,tal zhaelral fennilphel an ser.,The healer gives an herbal remedy to the friend.,Not reviewed in readiness audit,,
PE-NE1-0035,National Expansion 1,Verdalris > Belverd,National lexicon example,pralaen zhaelral belverd.,The restoration keeper makes a plant graft.,Not reviewed in readiness audit,,
PE-NE1-0036,National Expansion 1,Verdalris > Belverd,National lexicon example,rinaen belverd an verdor.,The grafted growth is in the forest.,Not reviewed in readiness audit,,
PE-NE1-0037,National Expansion 1,Verdalris > Arthverd,National lexicon example,arth arthverd teremil.,The living hedge protects the home.,Not reviewed in readiness audit,,
PE-NE1-0038,National Expansion 1,Verdalris > Arthverd,National lexicon example,rinaen arthverd verdeth.,The living barrier is green.,Not reviewed in readiness audit,,
PE-NE1-0039,National Expansion 1,Verdalris > Zhaelral,National lexicon example,zhaeaen zhaelral ser.,The restorative healer empathically heals the friend.,Not reviewed in readiness audit,,
PE-NE1-0040,National Expansion 1,Verdalris > Zhaelral,National lexicon example,tal zhaelral fennilphel an ser.,The healer gives the herbal remedy to the friend.,Not reviewed in readiness audit,,
PE-NE1-0041,National Expansion 1,Nivveil > Velmor,National lexicon example,rinaen velmor moreth.,The frozen ground is hard.,Not reviewed in readiness audit,,
PE-NE1-0042,National Expansion 1,Nivveil > Velmor,National lexicon example,var I esh velmor.,I travel over the frozen ground.,Not reviewed in readiness audit,,
PE-NE1-0043,National Expansion 1,Nivveil > Xarphelor,Reviewed usage example,rinaen phel an xarphelor.,Warmth is in the insulated shelter.,Not reviewed in readiness audit,,
PE-NE1-0044,National Expansion 1,Nivveil > Xarphelor,National lexicon example,var I an xarphelor.,I go into the warmth-retaining shelter.,Not reviewed in readiness audit,,
PE-NE1-0045,National Expansion 1,Nivveil > Welkrez,National lexicon example,rinaen welkrez an teremil.,The shared hearth is in the home.,Not reviewed in readiness audit,,
PE-NE1-0046,National Expansion 1,Nivveil > Welkrez,National lexicon example,rinaen Ilin ser welkrez.,We are together by the communal fire.,Not reviewed in readiness audit,,
PE-NE1-0047,National Expansion 1,Nivveil > Velalivar,National lexicon example,rinaen emil an velalivar.,The food is in cold storage.,Not reviewed in readiness audit,,
PE-NE1-0048,National Expansion 1,Nivveil > Velalivar,National lexicon example,rinaen fennil an velalivar.,The herbs are preserved through cold dormancy.,Not reviewed in readiness audit,,
PE-NE1-0049,National Expansion 1,Nivveil > Veljor,National lexicon example,arth xarphelor Ilin thal veljor.,The insulated shelter protects us from the cold snap.,Not reviewed in readiness audit,,
PE-NE1-0050,National Expansion 1,Nivveil > Veljor,National lexicon example,rinaen veljor nor.,The sudden freeze is here now.,Not reviewed in readiness audit,,
PE-NE1-0051,National Expansion 1,Valkeldor > Thalorimor,National lexicon example,rinaen thalorimor an morl.,The lightning tower is in the mountains.,Not reviewed in readiness audit,,
PE-NE1-0052,National Expansion 1,Valkeldor > Thalorimor,National lexicon example,arth seren thalorimor.,The guardian protects the storm station.,Not reviewed in readiness audit,,
PE-NE1-0053,National Expansion 1,Valkeldor > Mormek,National lexicon example,pralaen I mormek.,I shape the masonry stone.,Not reviewed in readiness audit,,
PE-NE1-0054,National Expansion 1,Valkeldor > Mormek,National lexicon example,rinaen mormek an awekshara.,Worked stone is in the spring-fed canal.,Not reviewed in readiness audit,,
PE-NE1-0055,National Expansion 1,Valkeldor > Dralbelaen,National lexicon example,dralbelaen mekral thalorim.,The technician harnesses lightning.,Not reviewed in readiness audit,,
PE-NE1-0056,National Expansion 1,Valkeldor > Dralbelaen,National lexicon example,dralbelaen I dralorim.,I harness the storm's energy.,Not reviewed in readiness audit,,
PE-NE1-0057,National Expansion 1,Valkeldor > Kalwek,National lexicon example,var seren an kalwek.,The guardians go to the training drill.,Not reviewed in readiness audit,,
PE-NE1-0058,National Expansion 1,Valkeldor > Kalwek,National lexicon example,rinaen kalewek an Mechuma.,The repeated training cycle is used in Mechuma.,Not reviewed in readiness audit,,
PE-NE1-0059,National Expansion 1,Valkeldor > Arthaxar,National lexicon example,rinaen arthaxar moreth.,The armor is hard.,Not reviewed in readiness audit,,
PE-NE1-0060,National Expansion 1,Valkeldor > Arthaxar,National lexicon example,arth arthaxar seren.,The armor protects the guardian.,Not reviewed in readiness audit,,
PE-NE1-0061,National Expansion 1,Marakor > Thalbel,National lexicon example,lorin thalbel Ilin.,The law guides us.,Not reviewed in readiness audit,,
PE-NE1-0062,National Expansion 1,Marakor > Thalbel,National lexicon example,rinaen thalbel an Marakor.,The legal code is established in Marakor.,Not reviewed in readiness audit,,
PE-NE1-0063,National Expansion 1,Marakor > Liankavor,Reviewed usage example,rinaen rathor an liankavor.,History is preserved in the archive.,Not reviewed in readiness audit,,
PE-NE1-0064,National Expansion 1,Marakor > Liankavor,National lexicon example,var kavral an liankavor.,The archivist goes to the records repository.,Not reviewed in readiness audit,,
PE-NE1-0065,National Expansion 1,Marakor > Kavral,National lexicon example,arth kavral liankavor.,The archivist protects the archive.,Not reviewed in readiness audit,,
PE-NE1-0066,National Expansion 1,Marakor > Kavral,National lexicon example,arth kavral mormek.,The preservation keeper protects the worked stone.,Not reviewed in readiness audit,,
PE-NE1-0067,National Expansion 1,Marakor > Kalshen,National lexicon example,rinaen kalshen an seren.,The guardian holds an official rank.,Not reviewed in readiness audit,,
PE-NE1-0068,National Expansion 1,Marakor > Kalshen,National lexicon example,lorin kalshen kalwek.,The assessed level guides the training cycle.,Not reviewed in readiness audit,,
PE-NE1-0069,National Expansion 1,Marakor > Rinshen,National lexicon example,rinaen rinshen an liankavor.,The identity record is in the archive.,Not reviewed in readiness audit,,
PE-NE1-0070,National Expansion 1,Marakor > Rinshen,National lexicon example,arth kavral rinshen.,The record keeper protects the identifying record.,Not reviewed in readiness audit,,
PE-NE1-0071,National Expansion 1,Zarithan > Dralshara,National lexicon example,lorin dralshara sharavok.,The star route guides the caravan.,Not reviewed in readiness audit,,
PE-NE1-0072,National Expansion 1,Zarithan > Dralshara,National lexicon example,var sharavok an dralshara.,The traveling company follows the celestial path.,Not reviewed in readiness audit,,
PE-NE1-0073,National Expansion 1,Zarithan > Eshlor,National lexicon example,lorin eshlor sharavok.,The wind bearing guides the caravan.,Not reviewed in readiness audit,,
PE-NE1-0074,National Expansion 1,Zarithan > Eshlor,National lexicon example,rinaen eshlor lianeth.,The wind bearing is reliable.,Not reviewed in readiness audit,,
PE-NE1-0075,National Expansion 1,Zarithan > Karvek,National lexicon example,rinaen kareth an karvek.,The hammer is in the toolkit.,Not reviewed in readiness audit,,
PE-NE1-0076,National Expansion 1,Zarithan > Karvek,National lexicon example,tal I karvek.,I take the toolkit.,Not reviewed in readiness audit,,
PE-NE1-0077,National Expansion 1,Zarithan > Sharavok,National lexicon example,var sharavok an shara.,The caravan travels along the path.,Not reviewed in readiness audit,,
PE-NE1-0078,National Expansion 1,Zarithan > Sharavok,National lexicon example,rinaen karvek an sharavok.,The toolkit is with the traveling company.,Not reviewed in readiness audit,,
PE-NE1-0079,National Expansion 1,Zarithan > Vethdren,National lexicon example,var sharavok an vethdren.,The caravan goes to the hidden water source.,Not reviewed in readiness audit,,
PE-NE1-0080,National Expansion 1,Zarithan > Vethdren,National lexicon example,arth Jasara vethdren.,Jasara protects the subterranean water.,Not reviewed in readiness audit,,
PE-CNE1-0001,Conversational Narrative Engine 1,Common Celan > Dor,Expansion example,dor I drenvor an pralor.,I put the bowl on the table.,Not reviewed in readiness audit,,
PE-CNE1-0002,Conversational Narrative Engine 1,Jasara > Dor,Expansion example,dor kavral rinshen an liankavor.,The record keeper places the identity record in the archive.,Not reviewed in readiness audit,,
PE-CNE1-0003,Conversational Narrative Engine 1,Common Celan > Vekaen,Expansion example,vekaen I karvek.,I carry the toolkit.,Not reviewed in readiness audit,,
PE-CNE1-0004,Conversational Narrative Engine 1,Pelagae > Vekaen,Expansion example,vekaen sharavok mormek.,The caravan carries the worked stone.,Not reviewed in readiness audit,,
PE-CNE1-0005,Conversational Narrative Engine 1,Common Celan > Korinaen,Reviewed usage example,korinaen I zhirin.,I hold the rope/cord.,Not reviewed in readiness audit,,
PE-CNE1-0006,Conversational Narrative Engine 1,Valkeldor > Korinaen,Expansion example,korinaen seren kareth.,The guardian holds the hammer.,Not reviewed in readiness audit,,
PE-CNE1-0007,Conversational Narrative Engine 1,Common Celan > Aloraen,Expansion example,aloraen I kareth.,I drop the hammer.,Not reviewed in readiness audit,,
PE-CNE1-0008,Conversational Narrative Engine 1,Pelagae > Aloraen,Expansion example,aloraen ser mor an mahr.,The friend drops the stone into the sea.,Not reviewed in readiness audit,,
PE-CNE1-0009,Conversational Narrative Engine 1,Common Celan > Kaxaraen,Expansion example,kaxaraen I vorkor.,I open the door.,Not reviewed in readiness audit,,
PE-CNE1-0010,Conversational Narrative Engine 1,Nivveil > Kaxaraen,Expansion example,kaxaraen ser xarphelor.,The friend opens the shelter.,Not reviewed in readiness audit,,
PE-CNE1-0011,Conversational Narrative Engine 1,Common Celan > Xaraen,Expansion example,xaraen I vorkor.,I close the door.,Not reviewed in readiness audit,,
PE-CNE1-0012,Conversational Narrative Engine 1,Nivveil > Xaraen,Expansion example,xaraen ser xarphelor.,The friend closes the shelter.,Not reviewed in readiness audit,,
PE-CNE1-0013,Conversational Narrative Engine 1,Common Celan > Jekaen,Expansion example,jekaen I drenvor.,I turn the bowl.,Not reviewed in readiness audit,,
PE-CNE1-0014,Conversational Narrative Engine 1,Mechuma > Jekaen,Expansion example,jekaen mekral zhelvek.,The mechanic turns the energy carrier.,Not reviewed in readiness audit,,
PE-CNE1-0015,Conversational Narrative Engine 1,Common Celan > Sharaen,Expansion example,sharaen I ser.,I follow the friend.,Not reviewed in readiness audit,,
PE-CNE1-0016,Conversational Narrative Engine 1,Zarithan > Sharaen,Expansion example,sharaen sharavok dralshara.,The caravan follows the star route.,Not reviewed in readiness audit,,
PE-CNE1-0017,Conversational Narrative Engine 1,Common Celan > Dar,Expansion example,dar I ser.,I wait for the friend.,Not reviewed in readiness audit,,
PE-CNE1-0018,Conversational Narrative Engine 1,Pelagae > Dar,Expansion example,dar sharavok mahrwek.,The caravan waits for the tide.,Not reviewed in readiness audit,,
PE-CNE1-0019,Conversational Narrative Engine 1,Common Celan > Siv,Expansion example,siv I pralaen krezor.,I try to make the hearth.,Not reviewed in readiness audit,,
PE-CNE1-0020,Conversational Narrative Engine 1,Mechuma > Siv,Expansion example,siv mekral karethaen karvek.,The mechanic tries to use the toolkit.,Not reviewed in readiness audit,,
PE-CNE1-0021,Conversational Narrative Engine 1,Common Celan > Sivathaen,Expansion example,sivathaen I pralaen krezor.,I succeed in making the hearth.,Not reviewed in readiness audit,,
PE-CNE1-0022,Conversational Narrative Engine 1,Mechuma > Sivathaen,Expansion example,sivathaen mekral karethaen zhelvek.,The mechanic succeeds in using the energy carrier.,Not reviewed in readiness audit,,
PE-CNE1-0023,Conversational Narrative Engine 1,Common Celan > Sivrethaen,Expansion example,sivrethaen I kaxaraen vorkor.,I fail to open the door.,Not reviewed in readiness audit,,
PE-CNE1-0024,Conversational Narrative Engine 1,Mechuma > Sivrethaen,Expansion example,sivrethaen mekral karethaen zhelvek.,The mechanic fails to use the energy carrier.,Not reviewed in readiness audit,,
PE-CNE1-0025,Conversational Narrative Engine 1,Common Celan > Tharsharaen,Expansion example,tharsharaen I dralshara.,I choose the star route.,Not reviewed in readiness audit,,
PE-CNE1-0026,Conversational Narrative Engine 1,Jasara > Tharsharaen,Expansion example,tharsharaen I droshen.,I choose the water ration.,Not reviewed in readiness audit,,
PE-CNE1-0027,Conversational Narrative Engine 1,Common Celan > Tharshara,Expansion example,rinaen dralshara tharshara.,The star route is the choice.,Not reviewed in readiness audit,,
PE-CNE1-0028,Conversational Narrative Engine 1,Marakor > Tharshara,Expansion example,aen lorin tharshara.,The guide states the choice.,Not reviewed in readiness audit,,
PE-CNE1-0029,Conversational Narrative Engine 1,Common Celan > Drenvaraen,Expansion example,drenvaraen I shara.,I change the path.,Not reviewed in readiness audit,,
PE-CNE1-0030,Conversational Narrative Engine 1,Verdalris > Drenvaraen,Expansion example,drenvaraen verdor an Zhaelor.,The forest changes in spring.,Not reviewed in readiness audit,,
PE-CNE1-0031,Conversational Narrative Engine 1,Common Celan > Kes,Expansion example,kes I eshlor.,I notice the wind bearing.,Not reviewed in readiness audit,,
PE-CNE1-0032,Conversational Narrative Engine 1,Zarithan > Kes,Expansion example,kes seren rathvethor.,The guardian notices the hidden threat.,Not reviewed in readiness audit,,
PE-CNE1-0033,Conversational Narrative Engine 1,Common Celan > Velzhiraen,Expansion example,velzhiraen I dralshara.,I remember the star route.,Not reviewed in readiness audit,,
PE-CNE1-0034,Conversational Narrative Engine 1,Nivveil > Velzhiraen,Expansion example,velzhiraen kavral rinshen.,The record keeper remembers the identity record.,Not reviewed in readiness audit,,
PE-CNE1-0035,Conversational Narrative Engine 1,Common Celan > Kavelzhiraen,Expansion example,kavelzhiraen I dralshara.,I forget the star route.,Not reviewed in readiness audit,,
PE-CNE1-0036,Conversational Narrative Engine 1,Nivveil > Kavelzhiraen,Expansion example,kavelzhiraen ser rinshen.,The friend forgets the identity record.,Not reviewed in readiness audit,,
PE-CNE1-0037,Conversational Narrative Engine 1,Common Celan > Athnor,Expansion example,tha-velaen I morlak athnor.,I already ate the bread.,Not reviewed in readiness audit,,
PE-CNE1-0038,Conversational Narrative Engine 1,Mechuma > Athnor,Expansion example,rinaen karvek an sharavok athnor.,The toolkit is already with the caravan.,Not reviewed in readiness audit,,
PE-CNE1-0039,Conversational Narrative Engine 1,Common Celan > Nethnor,Expansion example,korinaen I zhirin nethnor.,I am still holding the rope.,Not reviewed in readiness audit,,
PE-CNE1-0040,Conversational Narrative Engine 1,Nivveil > Nethnor,Expansion example,rinaen velmor veleth nethnor.,The frozen ground is still cold.,Not reviewed in readiness audit,,
PE-CNE1-0041,Conversational Narrative Engine 1,Common Celan > Felath,Expansion example,var sharavok an mahr felath.,The caravan almost reaches the sea.,Not reviewed in readiness audit,,
PE-CNE1-0042,Conversational Narrative Engine 1,Jasara > Felath,Expansion example,rinaen drenvor woreth felath.,The bowl is almost full.,Not reviewed in readiness audit,,
PE-CNE1-0043,Conversational Narrative Engine 1,Common Celan > Worlian,Expansion example,rinaen dren worlian.,The water is enough.,Not reviewed in readiness audit,,
PE-CNE1-0044,Conversational Narrative Engine 1,Jasara > Worlian,Expansion example,rinaen droshen worlian.,The water ration is sufficient.,Not reviewed in readiness audit,,
PE-CNE1-0045,Conversational Narrative Engine 1,Common Celan > Rethshara,Expansion example,var I an mahr rethshara.,I go to the sea instead.,Not reviewed in readiness audit,,
PE-CNE1-0046,Conversational Narrative Engine 1,Marakor > Rethshara,Expansion example,tharsharaen I dralshara rethshara.,I choose the star route instead.,Not reviewed in readiness audit,,
PE-CNE1-0047,Conversational Narrative Engine 1,Common Celan > Servok,Expansion example,pralaen Ilin krezor servok.,We make the hearth together.,Not reviewed in readiness audit,,
PE-CNE1-0048,Conversational Narrative Engine 1,Marakor > Servok,Expansion example,var sharavok an mahr servok.,The caravan travels to the sea together.,Not reviewed in readiness audit,,
PE-CNE1-0049,Conversational Narrative Engine 1,Common Celan > Kavok,Expansion example,var I thal sharavok kavok.,I travel apart from the caravan.,Not reviewed in readiness audit,,
PE-CNE1-0050,Conversational Narrative Engine 1,Marakor > Kavok,Expansion example,dor I karvekin kavok.,I place the toolkits apart.,Not reviewed in readiness audit,,
PE-CNE1-0051,Conversational Narrative Engine 1,Common Celan > Zhirkor,Expansion example,rinaen krez zhirkor.,The fire is the cause.,Not reviewed in readiness audit,,
PE-CNE1-0052,Conversational Narrative Engine 1,Verdalris > Zhirkor,Expansion example,kes zhaelral zhirkor.,The healer notices the cause.,Not reviewed in readiness audit,,
PE-CNE1-0053,Conversational Narrative Engine 1,Common Celan > Zhirath,Expansion example,rinaen zhirath vaareth.,The result is good.,Not reviewed in readiness audit,,
PE-CNE1-0054,Conversational Narrative Engine 1,Mechuma > Zhirath,Expansion example,kes mekral zhirath.,The mechanic notices the result.,Not reviewed in readiness audit,,
PE-CNE1-0055,Conversational Narrative Engine 1,Common Celan > Lianzhir,Expansion example,aen I lianzhir.,I state the reason.,Not reviewed in readiness audit,,
PE-CNE1-0056,Conversational Narrative Engine 1,Zarithan > Lianzhir,Expansion example,aen lorin lianzhir.,The guide states the reason.,Not reviewed in readiness audit,,
PE-CNE1-0057,Conversational Narrative Engine 1,Common Celan > Rethpral,Expansion example,kes I rethpral.,I notice the mistake.,Not reviewed in readiness audit,,
PE-CNE1-0058,Conversational Narrative Engine 1,Marakor > Rethpral,Expansion example,aen mekral rethpral.,The mechanic states the mistake.,Not reviewed in readiness audit,,
PE-CNE1-0059,Conversational Narrative Engine 1,Common Celan > Belreth,Expansion example,rinaen vorkor belreth.,The door is a problem.,Not reviewed in readiness audit,,
PE-CNE1-0060,Conversational Narrative Engine 1,Mechuma > Belreth,Expansion example,kes mekral belreth.,The mechanic notices the problem.,Not reviewed in readiness audit,,
PE-CNE1-0061,Conversational Narrative Engine 1,Common Celan > Lianbel,Expansion example,rinaen lianbel vaareth.,The solution is good.,Not reviewed in readiness audit,,
PE-CNE1-0062,Conversational Narrative Engine 1,Mechuma > Lianbel,Expansion example,tharsharaen mekral lianbel.,The mechanic chooses the solution.,Not reviewed in readiness audit,,
PE-CNE1-0063,Conversational Narrative Engine 1,Common Celan > Rakel,Expansion example,rakel?,Pardon?,Not reviewed in readiness audit,,
PE-CNE1-0064,Conversational Narrative Engine 1,Pelagae > Rakel,Expansion example,rakel. va aen Ya wek'aen.,Pardon? Say it again.,Not reviewed in readiness audit,,
PE-CNE1-0065,Conversational Narrative Engine 1,Common Celan > Serdel,Expansion example,rinaen krezor serdel nethlor ser pralor.,The hearth is between the bed and the table.,Not reviewed in readiness audit,,
PE-CNE1-0066,Conversational Narrative Engine 1,Jasara > Serdel,Expansion example,dor I karvek serdel nethor ser pralor.,I put the toolkit between the chair and the table.,Not reviewed in readiness audit,,
PE-CNE1-0067,Conversational Narrative Engine 1,Common Celan > Shalvar,Expansion example,var ser shalvar I.,The friend goes ahead of me.,Not reviewed in readiness audit,,
PE-CNE1-0068,Conversational Narrative Engine 1,Zarithan > Shalvar,Expansion example,rinaen seren shalvar vorkor.,The guardian is in front of the door.,Not reviewed in readiness audit,,
PE-CNE1-0069,Conversational Narrative Engine 1,Common Celan > Vethvar,Expansion example,var ser vethvar I.,The friend goes behind me.,Not reviewed in readiness audit,,
PE-CNE1-0070,Conversational Narrative Engine 1,Zarithan > Vethvar,Expansion example,rinaen seren vethvar vorkor.,The guardian is behind the door.,Not reviewed in readiness audit,,
PE-CNE1-0071,Conversational Narrative Engine 1,Common Celan > Shan,Expansion example,var I shan vorkor.,I go through the door.,Not reviewed in readiness audit,,
PE-CNE1-0072,Conversational Narrative Engine 1,Pelagae > Shan,Expansion example,var sharavok shan verdor.,The caravan travels through the forest.,Not reviewed in readiness audit,,
PE-CNE1-0073,Conversational Narrative Engine 1,Common Celan > Shalnor,Expansion example,var I shalnor kilveth.,I go before evening.,Not reviewed in readiness audit,,
PE-CNE1-0074,Conversational Narrative Engine 1,Nivveil > Shalnor,Expansion example,xaraen I xarphelor shalnor veljor.,I close the shelter before the cold snap.,Not reviewed in readiness audit,,
PE-CNE1-0075,Conversational Narrative Engine 1,Common Celan > Vethnor,Expansion example,var I vethnor kilveth.,I go after evening.,Not reviewed in readiness audit,,
PE-CNE1-0076,Conversational Narrative Engine 1,Nivveil > Vethnor,Expansion example,kaxaraen I xarphelor vethnor veljor.,I open the shelter after the cold snap.,Not reviewed in readiness audit,,
PE-CNE1-0077,Conversational Narrative Engine 1,Common Celan > Sernor,Expansion example,aen I sernor var Ya.,I speak while you walk.,Not reviewed in readiness audit,,
PE-CNE1-0078,Conversational Narrative Engine 1,Verdalris > Sernor,Expansion example,pralaen I sernor aen Ya.,I work while you speak.,Not reviewed in readiness audit,,
PE-CNE1-0079,Conversational Narrative Engine 1,Common Celan > Varnor,Expansion example,dar sharavok varnor mahrwek.,The caravan waits until the tide.,Not reviewed in readiness audit,,
PE-CNE1-0080,Conversational Narrative Engine 1,Jasara > Varnor,Expansion example,pralaen I varnor kilveth.,I work until evening.,Not reviewed in readiness audit,,
PE-DSL1-0001,Domestic and Sensory Life 1,Common Celan > Shem,Expansion example,karethaen I shem an krezvek.,I use the spoon in the cooking pot.,Not reviewed in readiness audit,,
PE-DSL1-0002,Domestic and Sensory Life 1,Common Celan > Shem,Expansion example,dor I shem an pralor.,I put the spoon on the table.,Not reviewed in readiness audit,,
PE-DSL1-0003,Domestic and Sensory Life 1,Common Celan > Krezvek,Expansion example,rinaen worvenak an krezvek.,The stew is in the cooking pot.,Not reviewed in readiness audit,,
PE-DSL1-0004,Domestic and Sensory Life 1,Common Celan > Krezvek,Reviewed usage example,drentalaen I dren an krezvek.,I pour water into the cooking pot.,Not reviewed in readiness audit,,
PE-DSL1-0005,Domestic and Sensory Life 1,Common Celan > Krezpral,Expansion example,rinaen krezpral feneth.,The pan is hot.,Not reviewed in readiness audit,,
PE-DSL1-0006,Domestic and Sensory Life 1,Common Celan > Krezpral,Reviewed usage example,pelvaraen I krezpral.,I scrape the pan.,Not reviewed in readiness audit,,
PE-DSL1-0007,Domestic and Sensory Life 1,Common Celan > Emilpral,Expansion example,dor I emil an emilpral.,I put the food on the plate.,Not reviewed in readiness audit,,
PE-DSL1-0008,Domestic and Sensory Life 1,Common Celan > Emilpral,Expansion example,drenselaen I emilpral.,I wash the plate.,Not reviewed in readiness audit,,
PE-DSL1-0009,Domestic and Sensory Life 1,Common Celan > Kavvek,Expansion example,rinaen belar an kavvek.,The spice is in the jar.,Not reviewed in readiness audit,,
PE-DSL1-0010,Domestic and Sensory Life 1,Common Celan > Kavvek,Expansion example,xaraen I kavvek.,I close the jar.,Not reviewed in readiness audit,,
PE-DSL1-0011,Domestic and Sensory Life 1,Common Celan > Eshpral,Expansion example,rinaen kavvek an eshpral.,The jar is on the shelf.,Not reviewed in readiness audit,,
PE-DSL1-0012,Domestic and Sensory Life 1,Common Celan > Eshpral,Expansion example,tal I kavvek thal eshpral.,I take the jar from the shelf.,Not reviewed in readiness audit,,
PE-DSL1-0013,Domestic and Sensory Life 1,Common Celan > Xarvek,Expansion example,rinaen belrin an xarvek.,The fabric is in the cupboard.,Not reviewed in readiness audit,,
PE-DSL1-0014,Domestic and Sensory Life 1,Common Celan > Xarvek,Expansion example,kaxaraen I xarvek.,I open the storage chest.,Not reviewed in readiness audit,,
PE-DSL1-0015,Domestic and Sensory Life 1,Common Celan > Rask,Expansion example,rinaen rask an pralor.,The raw hide is on the table.,Not reviewed in readiness audit,,
PE-DSL1-0016,Domestic and Sensory Life 1,Common Celan > Rask,Expansion example,tovaen I rask.,I touch the raw hide.,Not reviewed in readiness audit,,
PE-DSL1-0017,Domestic and Sensory Life 1,Common Celan > Mekrask,Expansion example,rinaen zhirvok mekrask.,The belt is leather.,Not reviewed in readiness audit,,
PE-DSL1-0018,Domestic and Sensory Life 1,Common Celan > Mekrask,Expansion example,pralaen I mekrask thal rask.,I make leather from raw hide.,Not reviewed in readiness audit,,
PE-DSL1-0019,Domestic and Sensory Life 1,Common Celan > Lem,Expansion example,pralaen I lem an pralor.,I shape the clay on the table.,Not reviewed in readiness audit,,
PE-DSL1-0020,Domestic and Sensory Life 1,Common Celan > Lem,Expansion example,rinaen lem dreneth.,The clay is wet.,Not reviewed in readiness audit,,
PE-DSL1-0021,Domestic and Sensory Life 1,Common Celan > Lemath,Expansion example,rinaen drenvor lemath.,The bowl is ceramic.,Not reviewed in readiness audit,,
PE-DSL1-0022,Domestic and Sensory Life 1,Common Celan > Lemath,Expansion example,pralaen I emilpral thal lemath.,I make a plate from ceramic.,Not reviewed in readiness audit,,
PE-DSL1-0023,Domestic and Sensory Life 1,Common Celan > Selmek,Expansion example,rinaen kavvek selmek.,The jar is glass.,Not reviewed in readiness audit,,
PE-DSL1-0024,Domestic and Sensory Life 1,Common Celan > Selmek,Expansion example,rinaen selmek shaleth.,The glass is bright.,Not reviewed in readiness audit,,
PE-DSL1-0025,Domestic and Sensory Life 1,Common Celan > Tir,Expansion example,rinaen drenvor tir.,The cup is copper.,Not reviewed in readiness audit,,
PE-DSL1-0026,Domestic and Sensory Life 1,Common Celan > Tir,Expansion example,selpralaen I tir.,I polish the copper.,Not reviewed in readiness audit,,
PE-DSL1-0027,Domestic and Sensory Life 1,Common Celan > Tirkal,Expansion example,rinaen peleth tirkal.,The blade is bronze.,Not reviewed in readiness audit,,
PE-DSL1-0028,Domestic and Sensory Life 1,Common Celan > Tirkal,Expansion example,selpralaen mekral tirkal.,The craftworker polishes the bronze.,Not reviewed in readiness audit,,
PE-DSL1-0029,Domestic and Sensory Life 1,Common Celan > Aiv,Expansion example,rinaen aiv an korin-ian.,There is pain in my hand.,Not reviewed in readiness audit,,
PE-DSL1-0030,Domestic and Sensory Life 1,Common Celan > Aiv,Expansion example,rinaen aiv nethnor.,The pain is still present.,Not reviewed in readiness audit,,
PE-DSL1-0031,Domestic and Sensory Life 1,Common Celan > Aivaen,Expansion example,aivaen korin-ian.,My hand aches.,Not reviewed in readiness audit,,
PE-DSL1-0032,Domestic and Sensory Life 1,Common Celan > Aivaen,Expansion example,aivaen korin-ian nethnor.,My hand still aches.,Not reviewed in readiness audit,,
PE-DSL1-0033,Domestic and Sensory Life 1,Common Celan > Pelaivaen,Expansion example,pelaivaen korin-ian.,My hand stings.,Not reviewed in readiness audit,,
PE-DSL1-0034,Domestic and Sensory Life 1,Common Celan > Pelaivaen,Expansion example,pelaivaen aivkor.,The wound stings.,Not reviewed in readiness audit,,
PE-DSL1-0035,Domestic and Sensory Life 1,Common Celan > Rekaivaen,Expansion example,rekaivaen aivkor.,The wound burns.,Not reviewed in readiness audit,,
PE-DSL1-0036,Domestic and Sensory Life 1,Common Celan > Rekaivaen,Expansion example,rekaivaen korin-ian.,My hand burns.,Not reviewed in readiness audit,,
PE-DSL1-0037,Domestic and Sensory Life 1,Common Celan > Teshaen,Expansion example,teshaen korin-ian.,My hand itches.,Not reviewed in readiness audit,,
PE-DSL1-0038,Domestic and Sensory Life 1,Common Celan > Teshaen,Expansion example,teshaen aivkor.,The wound itches.,Not reviewed in readiness audit,,
PE-DSL1-0039,Domestic and Sensory Life 1,Common Celan > Rivaen,Expansion example,rivaen felka an veljor.,The child shivers in the cold snap.,Not reviewed in readiness audit,,
PE-DSL1-0040,Domestic and Sensory Life 1,Common Celan > Rivaen,Expansion example,rivaen ser an xarphelor.,The friend shivers in the shelter.,Not reviewed in readiness audit,,
PE-DSL1-0041,Domestic and Sensory Life 1,Common Celan > Jelaen,Expansion example,jelaen I worvenak.,I taste the stew.,Not reviewed in readiness audit,,
PE-DSL1-0042,Domestic and Sensory Life 1,Common Celan > Jelaen,Expansion example,jelaen zhaelral fennilphel.,The healer tastes the herbal remedy.,Not reviewed in readiness audit,,
PE-DSL1-0043,Domestic and Sensory Life 1,Common Celan > Kelvorthamaen,Expansion example,kelvorthamaen I morlak.,I chew the bread.,Not reviewed in readiness audit,,
PE-DSL1-0044,Domestic and Sensory Life 1,Common Celan > Kelvorthamaen,Expansion example,kelvorthamaen felka teravin.,The child chews the root vegetable.,Not reviewed in readiness audit,,
PE-DSL1-0045,Domestic and Sensory Life 1,Common Celan > Feldrenaen,Expansion example,feldrenaen dren thal drenvor.,Water drips from the bowl.,Not reviewed in readiness audit,,
PE-DSL1-0046,Domestic and Sensory Life 1,Common Celan > Feldrenaen,Expansion example,feldrenaen dren thal xaresh.,Water drips from the cloak.,Not reviewed in readiness audit,,
PE-DSL1-0047,Domestic and Sensory Life 1,Common Celan > Pelvokaen,Expansion example,pelvokaen zhirin.,The rope snaps.,Not reviewed in readiness audit,,
PE-DSL1-0048,Domestic and Sensory Life 1,Common Celan > Pelvokaen,Expansion example,pelvokaen zem.,The wood snaps.,Not reviewed in readiness audit,,
PE-DSL1-0049,Domestic and Sensory Life 1,Common Celan > Selpralaen,Expansion example,selpralaen I tirkal.,I polish the bronze.,Not reviewed in readiness audit,,
PE-DSL1-0050,Domestic and Sensory Life 1,Common Celan > Selpralaen,Expansion example,selpralaen mekral selmek.,The craftworker polishes the glass.,Not reviewed in readiness audit,,
PE-DSL1-0051,Domestic and Sensory Life 1,Common Celan > Pelvaraen,Expansion example,pelvaraen I krezpral.,I scrape the pan.,Not reviewed in readiness audit,,
PE-DSL1-0052,Domestic and Sensory Life 1,Common Celan > Pelvaraen,Expansion example,pelvaraen mekral mormek.,The craftworker scrapes the worked stone.,Not reviewed in readiness audit,,
PE-DSL1-0053,Domestic and Sensory Life 1,Common Celan > Zem,Expansion example,rinaen pralor zem.,The table is wood.,Not reviewed in readiness audit,,
PE-DSL1-0054,Domestic and Sensory Life 1,Common Celan > Zem,Expansion example,vekaen sharavok zem.,The caravan carries timber.,Not reviewed in readiness audit,,
PE-DSL1-0055,Domestic and Sensory Life 1,Common Celan > Kren,Expansion example,rinaen kareth kren.,The hammer is metal.,Not reviewed in readiness audit,,
PE-DSL1-0056,Domestic and Sensory Life 1,Common Celan > Kren,Expansion example,rinaen kren moreth.,The metal is hard.,Not reviewed in readiness audit,,
PE-DSL1-0057,Domestic and Sensory Life 1,Common Celan > Drentalaen,Expansion example,drentalaen I dren an krezvek.,I pour water into the cooking pot.,Not reviewed in readiness audit,,
PE-DSL1-0058,Domestic and Sensory Life 1,Common Celan > Drentalaen,Expansion example,drentalaen ser phelvin an drenvor.,The friend pours the drink into the cup.,Not reviewed in readiness audit,,
PE-DSL1-0059,Domestic and Sensory Life 1,Common Celan > Jekthamaen,Expansion example,jekthamaen I worvenak ser shem.,I stir the stew with the spoon.,Not reviewed in readiness audit,,
PE-DSL1-0060,Domestic and Sensory Life 1,Common Celan > Jekthamaen,Expansion example,jekthamaen zhaelral fennilphel.,The healer mixes the herbal remedy.,Not reviewed in readiness audit,,
PE-DSL1-0061,Domestic and Sensory Life 1,Common Celan > Drenselaen,Expansion example,drenselaen I drenvor.,I wash the bowl.,Not reviewed in readiness audit,,
PE-DSL1-0062,Domestic and Sensory Life 1,Common Celan > Drenselaen,Expansion example,drenselaen I korin-ian ser drosel.,I wash my hands with clean water.,Not reviewed in readiness audit,,
PE-DSL1-0063,Domestic and Sensory Life 1,Common Celan > Numaen,Expansion example,numaen I fennilphel.,I swallow the herbal remedy.,Not reviewed in readiness audit,,
PE-DSL1-0064,Domestic and Sensory Life 1,Common Celan > Numaen,Expansion example,numaen felka morlak.,The child swallows the bread.,Not reviewed in readiness audit,,
PE-DSL1-0065,Domestic and Sensory Life 1,Common Celan > Nolaen,Expansion example,nolaen I worvenak.,I smell the stew.,Not reviewed in readiness audit,,
PE-DSL1-0066,Domestic and Sensory Life 1,Common Celan > Nolaen,Expansion example,nolaen ser krez.,The friend smells the fire.,Not reviewed in readiness audit,,
PE-DSL1-0067,Domestic and Sensory Life 1,Common Celan > Tovaen,Expansion example,tovaen I lem.,I touch the clay.,Not reviewed in readiness audit,,
PE-DSL1-0068,Domestic and Sensory Life 1,Common Celan > Tovaen,Expansion example,tovaen felka belrin.,The child touches the fabric.,Not reviewed in readiness audit,,
PE-DSL1-0069,Domestic and Sensory Life 1,Common Celan > Emilrav,Expansion example,rinaen I emilrav.,I am hungry.,Not reviewed in readiness audit,,
PE-DSL1-0070,Domestic and Sensory Life 1,Common Celan > Emilrav,Expansion example,rinaen felka emilrav nethnor.,The child is still hungry.,Not reviewed in readiness audit,,
PE-DSL1-0071,Domestic and Sensory Life 1,Common Celan > Drorav,Expansion example,rinaen I drorav.,I am thirsty.,Not reviewed in readiness audit,,
PE-DSL1-0072,Domestic and Sensory Life 1,Common Celan > Drorav,Expansion example,rinaen sharavok drorav.,The traveling company is thirsty.,Not reviewed in readiness audit,,
PE-DSL1-0073,Domestic and Sensory Life 1,Common Celan > Felkal,Expansion example,rinaen I felkal.,I am tired.,Not reviewed in readiness audit,,
PE-DSL1-0074,Domestic and Sensory Life 1,Common Celan > Felkal,Expansion example,rinaen sharavok felkal.,The traveling company is fatigued.,Not reviewed in readiness audit,,
PE-DSL1-0075,Domestic and Sensory Life 1,Common Celan > Maveth,Expansion example,rinaen felka maveth.,The child is sick.,Not reviewed in readiness audit,,
PE-DSL1-0076,Domestic and Sensory Life 1,Common Celan > Maveth,Expansion example,rinaen ser maveth nethnor.,The friend is still ill.,Not reviewed in readiness audit,,
PE-DSL1-0077,Domestic and Sensory Life 1,Common Celan > Aivkor,Expansion example,rinaen aivkor an korin-ian.,The wound is on my hand.,Not reviewed in readiness audit,,
PE-DSL1-0078,Domestic and Sensory Life 1,Common Celan > Aivkor,Expansion example,drenselaen zhaelral aivkor.,The healer washes the wound.,Not reviewed in readiness audit,,
PE-DSL1-0079,Domestic and Sensory Life 1,Common Celan > Tesh,Expansion example,rinaen tesh an korin-ian.,There is an itch on my hand.,Not reviewed in readiness audit,,
PE-DSL1-0080,Domestic and Sensory Life 1,Common Celan > Tesh,Expansion example,rinaen tesh nethnor.,The itch is still present.,Not reviewed in readiness audit,,
PE-DSL1-0081,Domestic and Sensory Life 1,Common Celan > Riv,Expansion example,rinaen riv an korin-ian.,There is a tremor in my hand.,Not reviewed in readiness audit,,
PE-DSL1-0082,Domestic and Sensory Life 1,Common Celan > Riv,Expansion example,kes zhaelral riv.,The healer notices a shiver.,Not reviewed in readiness audit,,
PE-DSL1-0083,Domestic and Sensory Life 1,Common Celan > Num,Expansion example,rinaen num veleth.,The swallow is slow.,Not reviewed in readiness audit,,
PE-DSL1-0084,Domestic and Sensory Life 1,Common Celan > Num,Expansion example,aivaen num.,The swallow hurts.,Not reviewed in readiness audit,,
PE-DSL1-0085,Domestic and Sensory Life 1,Common Celan > Nol,Expansion example,rinaen nol-ian kaleth.,My sense of smell is strong.,Not reviewed in readiness audit,,
PE-DSL1-0086,Domestic and Sensory Life 1,Common Celan > Nol,Expansion example,rinaen nol nethnor.,The sense of smell is still present.,Not reviewed in readiness audit,,
PE-DSL1-0087,Domestic and Sensory Life 1,Common Celan > Tov,Expansion example,kes I tov.,I notice the touch.,Not reviewed in readiness audit,,
PE-DSL1-0088,Domestic and Sensory Life 1,Common Celan > Tov,Expansion example,rinaen tov an korin-ian.,There is a touch on my hand.,Not reviewed in readiness audit,,
PE-DSL1-0089,Domestic and Sensory Life 1,Common Celan > Mav,Expansion example,rinaen mav an felka.,There is illness in the child.,Not reviewed in readiness audit,,
PE-DSL1-0090,Domestic and Sensory Life 1,Common Celan > Mav,Expansion example,rinaen mav nethnor.,The illness is still present.,Not reviewed in readiness audit,,
PE-PFM1-0001,Post-Fracture Mechanics 1,Common Celan > Norzhir,Reviewed usage example,kel liorin norzhir.,The elder names the timeline.,Not reviewed in readiness audit,,
PE-PFM1-0002,Post-Fracture Mechanics 1,Common Celan > Norzhir,Expansion example,kes seren norzhir.,The guardian identifies the timeline.,Not reviewed in readiness audit,,
PE-PFM1-0003,Post-Fracture Mechanics 1,Common Celan > Thalnor,Expansion example,rinaen thalnor an shalor.,There is temporal stability in the sanctuary.,Not reviewed in readiness audit,,
PE-PFM1-0004,Post-Fracture Mechanics 1,Common Celan > Thalnor,Expansion example,kes seren thalnor.,The guardian confirms temporal stability.,Not reviewed in readiness audit,,
PE-PFM1-0005,Post-Fracture Mechanics 1,Common Celan > Norreth,Expansion example,kes I norreth.,I notice temporal instability.,Not reviewed in readiness audit,,
PE-PFM1-0006,Post-Fracture Mechanics 1,Common Celan > Norreth,Expansion example,rinaen norreth nethnor.,The temporal instability is still present.,Not reviewed in readiness audit,,
PE-PFM1-0007,Post-Fracture Mechanics 1,Common Celan > Normav,Expansion example,kes zhaelral normav.,The healer identifies timeline sickness.,Not reviewed in readiness audit,,
PE-PFM1-0008,Post-Fracture Mechanics 1,Common Celan > Normav,Expansion example,rinaen normav an felka.,There is timeline sickness in the child.,Not reviewed in readiness audit,,
PE-PFM1-0009,Post-Fracture Mechanics 1,Common Celan > Normaveth,Expansion example,rinaen ser normaveth.,The friend is afflicted by timeline sickness.,Not reviewed in readiness audit,,
PE-PFM1-0010,Post-Fracture Mechanics 1,Common Celan > Normaveth,Expansion example,rinaen felka normaveth nethnor.,The child is still timeline-sick.,Not reviewed in readiness audit,,
PE-PFM1-0011,Post-Fracture Mechanics 1,Common Celan > Xilnor,Expansion example,kes seren xilnor.,The guardian identifies a temporal fracture.,Not reviewed in readiness audit,,
PE-PFM1-0012,Post-Fracture Mechanics 1,Common Celan > Xilnor,Expansion example,rinaen xilnor an norzhir.,The temporal fracture lies within the timeline.,Not reviewed in readiness audit,,
PE-PFM1-0013,Post-Fracture Mechanics 1,Common Celan > Felnor,Expansion example,kes I felnor.,I notice a time skip.,Not reviewed in readiness audit,,
PE-PFM1-0014,Post-Fracture Mechanics 1,Common Celan > Felnor,Expansion example,rinaen felnor an norzhir.,The time skip is within the timeline.,Not reviewed in readiness audit,,
PE-PFM1-0015,Post-Fracture Mechanics 1,Common Celan > Delnor,Expansion example,rinaen delnor an lianrethor.,There is temporal overlap in the anomaly zone.,Not reviewed in readiness audit,,
PE-PFM1-0016,Post-Fracture Mechanics 1,Common Celan > Delnor,Expansion example,kes liorin delnor.,The elder identifies the temporal overlap.,Not reviewed in readiness audit,,
PE-PFM1-0017,Post-Fracture Mechanics 1,Common Celan > Rethweknor,Expansion example,rinaen rethweknor an shalor.,There is a time loop in the sanctuary.,Not reviewed in readiness audit,,
PE-PFM1-0018,Post-Fracture Mechanics 1,Common Celan > Rethweknor,Expansion example,kes seren rethweknor.,The guardian detects the time loop.,Not reviewed in readiness audit,,
PE-PFM1-0019,Post-Fracture Mechanics 1,Common Celan > Jornor,Expansion example,rinaen jornor an lianrethor.,There is a temporal surge in the anomaly zone.,Not reviewed in readiness audit,,
PE-PFM1-0020,Post-Fracture Mechanics 1,Common Celan > Jornor,Expansion example,kes I jornor.,I notice the temporal surge.,Not reviewed in readiness audit,,
PE-PFM1-0021,Post-Fracture Mechanics 1,Common Celan > Velnor,Expansion example,rinaen velnor an lianrethor.,There is temporal drag in the anomaly zone.,Not reviewed in readiness audit,,
PE-PFM1-0022,Post-Fracture Mechanics 1,Common Celan > Velnor,Expansion example,kes liorin velnor.,The elder identifies the temporal drag.,Not reviewed in readiness audit,,
PE-PFM1-0023,Post-Fracture Mechanics 1,Common Celan > Norshan,Expansion example,kes liorin norshan.,The elder identifies temporal displacement.,Not reviewed in readiness audit,,
PE-PFM1-0024,Post-Fracture Mechanics 1,Common Celan > Norshan,Expansion example,rinaen norshan an shalor.,There is temporal displacement in the sanctuary.,Not reviewed in readiness audit,,
PE-PFM1-0025,Post-Fracture Mechanics 1,Common Celan > Norshanaen,Expansion example,norshanaen karvek.,The toolkit becomes temporally displaced.,Not reviewed in readiness audit,,
PE-PFM1-0026,Post-Fracture Mechanics 1,Common Celan > Norshanaen,Expansion example,norshanaen ser.,The friend shifts out of temporal position.,Not reviewed in readiness audit,,
PE-PFM1-0027,Post-Fracture Mechanics 1,Common Celan > Thalnoraen,Expansion example,thalnoraen liorin norzhir.,The elder stabilizes the timeline.,Not reviewed in readiness audit,,
PE-PFM1-0028,Post-Fracture Mechanics 1,Common Celan > Thalnoraen,Expansion example,thalnoraen seren shalor.,The guardian stabilizes time in the sanctuary.,Not reviewed in readiness audit,,
PE-PFM1-0029,Post-Fracture Mechanics 1,Common Celan > Vethvelrathor,Expansion example,kes I vethvelrathor.,I notice an Echo.,Not reviewed in readiness audit,,
PE-PFM1-0030,Post-Fracture Mechanics 1,Common Celan > Vethvelrathor,Expansion example,aen vethvelrathor kelka nethnor.,The Echo still speaks the word.,Not reviewed in readiness audit,,
PE-PFM1-0031,Post-Fracture Mechanics 1,Common Celan > Shanvelrathor,Expansion example,rinaen shanvelrathor an liorin.,The elder has a cross-timeline memory.,Not reviewed in readiness audit,,
PE-PFM1-0032,Post-Fracture Mechanics 1,Common Celan > Shanvelrathor,Expansion example,kes zhaelral shanvelrathor.,The healer identifies a cross-timeline memory.,Not reviewed in readiness audit,,
PE-PFM1-0033,Post-Fracture Mechanics 1,Common Celan > Shanvelzhiraen,Expansion example,shanvelzhiraen I varthas.,I remember a city from another timeline.,Not reviewed in readiness audit,,
PE-PFM1-0034,Post-Fracture Mechanics 1,Common Celan > Shanvelzhiraen,Expansion example,shanvelzhiraen ser felka.,The friend remembers a child from another timeline.,Not reviewed in readiness audit,,
PE-PFM1-0035,Post-Fracture Mechanics 1,Common Celan > Delvelrathor,Expansion example,rinaen delvelrathor an I.,I hold two incompatible memories.,Not reviewed in readiness audit,,
PE-PFM1-0036,Post-Fracture Mechanics 1,Common Celan > Delvelrathor,Expansion example,kes zhaelral delvelrathor.,The healer identifies incompatible memories.,Not reviewed in readiness audit,,
PE-PFM1-0037,Post-Fracture Mechanics 1,Common Celan > Belvelrathor,Expansion example,rinaen belvelrathor an ser.,The friend has entangled memories.,Not reviewed in readiness audit,,
PE-PFM1-0038,Post-Fracture Mechanics 1,Common Celan > Belvelrathor,Expansion example,kes zhaelral belvelrathor.,The healer identifies memory entanglement.,Not reviewed in readiness audit,,
PE-PFM1-0039,Post-Fracture Mechanics 1,Common Celan > Rathorjor,Expansion example,kes I rathorjor.,I notice a sudden memory intrusion.,Not reviewed in readiness audit,,
PE-PFM1-0040,Post-Fracture Mechanics 1,Common Celan > Rathorjor,Expansion example,rinaen rathorjor nethnor.,The memory intrusion is still present.,Not reviewed in readiness audit,,
PE-PFM1-0041,Post-Fracture Mechanics 1,Common Celan > Kavelrathor,Expansion example,rinaen kavelrathor an I.,I have a memory gap.,Not reviewed in readiness audit,,
PE-PFM1-0042,Post-Fracture Mechanics 1,Common Celan > Kavelrathor,Expansion example,kes zhaelral kavelrathor.,The healer identifies the memory gap.,Not reviewed in readiness audit,,
PE-PFM1-0043,Post-Fracture Mechanics 1,Common Celan > Lianreth,Expansion example,kes seren lianreth.,The guardian detects a reality anomaly.,Not reviewed in readiness audit,,
PE-PFM1-0044,Post-Fracture Mechanics 1,Common Celan > Lianreth,Expansion example,rinaen lianreth an shalor.,There is a reality anomaly in the sanctuary.,Not reviewed in readiness audit,,
PE-PFM1-0045,Post-Fracture Mechanics 1,Common Celan > Lianrethor,Reviewed usage example,kasharaen sharavok lianrethor.,The caravan avoids the anomaly zone.,Not reviewed in readiness audit,,
PE-PFM1-0046,Post-Fracture Mechanics 1,Common Celan > Lianrethor,Expansion example,keldoraen seren lianrethor.,The guardian marks the anomaly zone.,Not reviewed in readiness audit,,
PE-PFM1-0047,Post-Fracture Mechanics 1,Common Celan > Lianrethaen,Expansion example,lianrethaen mor.,The ground becomes reality-warped.,Not reviewed in readiness audit,,
PE-PFM1-0048,Post-Fracture Mechanics 1,Common Celan > Lianrethaen,Expansion example,lianrethaen shalor.,The sanctuary becomes reality-warped.,Not reviewed in readiness audit,,
PE-PFM1-0049,Post-Fracture Mechanics 1,Common Celan > Lianthal,Expansion example,rinaen lianthal an shalor.,There is reality coherence in the sanctuary.,Not reviewed in readiness audit,,
PE-PFM1-0050,Post-Fracture Mechanics 1,Common Celan > Lianthal,Expansion example,kes liorin lianthal.,The elder confirms reality coherence.,Not reviewed in readiness audit,,
PE-PFM1-0051,Post-Fracture Mechanics 1,Common Celan > Lianthalaen,Expansion example,lianthalaen liorin shalor.,The elder stabilizes the sanctuary's reality.,Not reviewed in readiness audit,,
PE-PFM1-0052,Post-Fracture Mechanics 1,Common Celan > Lianthalaen,Expansion example,lianthalaen seren lianrethor.,The guardian stabilizes the anomaly zone.,Not reviewed in readiness audit,,
PE-PFM1-0053,Post-Fracture Mechanics 1,Common Celan > Rethmor,Expansion example,kes sharavok rethmor.,The caravan notices the anomalous terrain.,Not reviewed in readiness audit,,
PE-PFM1-0054,Post-Fracture Mechanics 1,Common Celan > Rethmor,Expansion example,rinaen rethmor an verdor.,There is anomalous terrain in the forest.,Not reviewed in readiness audit,,
PE-PFM1-0055,Post-Fracture Mechanics 1,Common Celan > Lianrethxar,Reviewed usage example,keldoraen seren lianrethxar.,The guardian marks the anomaly boundary.,Not reviewed in readiness audit,,
PE-PFM1-0056,Post-Fracture Mechanics 1,Common Celan > Lianrethxar,Expansion example,dar sharavok an lianrethxar.,The caravan waits at the anomaly boundary.,Not reviewed in readiness audit,,
PE-PFM1-0057,Post-Fracture Mechanics 1,Common Celan > Kalrav,Expansion example,kes seren kalrav.,The guardian notices gravity.,Not reviewed in readiness audit,,
PE-PFM1-0058,Post-Fracture Mechanics 1,Common Celan > Kalrav,Expansion example,rinaen kalrav kaleth.,Gravity is strong.,Not reviewed in readiness audit,,
PE-PFM1-0059,Post-Fracture Mechanics 1,Common Celan > Kalravor,Expansion example,kes seren kalravor.,The guardian detects a gravity pocket.,Not reviewed in readiness audit,,
PE-PFM1-0060,Post-Fracture Mechanics 1,Common Celan > Kalravor,Expansion example,rinaen kalravor an shalor.,There is a gravity pocket in the sanctuary.,Not reviewed in readiness audit,,
PE-PFM1-0061,Post-Fracture Mechanics 1,Common Celan > Workalrav,Expansion example,rinaen workalrav an lianrethor.,There is high gravity in the anomaly zone.,Not reviewed in readiness audit,,
PE-PFM1-0062,Post-Fracture Mechanics 1,Common Celan > Workalrav,Expansion example,kes sharavok workalrav.,The caravan detects high gravity.,Not reviewed in readiness audit,,
PE-PFM1-0063,Post-Fracture Mechanics 1,Common Celan > Felkalrav,Expansion example,rinaen felkalrav an varthas.,There is low gravity in the city.,Not reviewed in readiness audit,,
PE-PFM1-0064,Post-Fracture Mechanics 1,Common Celan > Felkalrav,Expansion example,kes I felkalrav.,I notice the low gravity.,Not reviewed in readiness audit,,
PE-PFM1-0065,Post-Fracture Mechanics 1,Common Celan > Kakalrav,Expansion example,rinaen kakalrav an shalor.,There is weightlessness in the sanctuary.,Not reviewed in readiness audit,,
PE-PFM1-0066,Post-Fracture Mechanics 1,Common Celan > Kakalrav,Expansion example,aloraen I karvek an kakalrav.,I release the toolkit in weightlessness.,Not reviewed in readiness audit,,
PE-PFM1-0067,Post-Fracture Mechanics 1,Common Celan > Jekkalrav,Expansion example,rinaen jekkalrav an lianrethor.,There is gravitational sway in the anomaly zone.,Not reviewed in readiness audit,,
PE-PFM1-0068,Post-Fracture Mechanics 1,Common Celan > Jekkalrav,Expansion example,kes I jekkalrav.,I notice the gravitational sway.,Not reviewed in readiness audit,,
PE-PFM1-0069,Post-Fracture Mechanics 1,Common Celan > Kalravaen,Expansion example,kalravaen kalravor karvek.,The gravity pocket pulls the toolkit.,Not reviewed in readiness audit,,
PE-PFM1-0070,Post-Fracture Mechanics 1,Common Celan > Kalravaen,Expansion example,kalravaen mor I.,The earth pulls me through gravity.,Not reviewed in readiness audit,,
PE-PFM1-0071,Post-Fracture Mechanics 1,Common Celan > Lianrethshen,Expansion example,rinaen lianrethshen kaleth.,The anomaly reading is high.,Not reviewed in readiness audit,,
PE-PFM1-0072,Post-Fracture Mechanics 1,Common Celan > Lianrethshen,Expansion example,kes liorin lianrethshen.,The elder checks the anomaly reading.,Not reviewed in readiness audit,,
PE-PFM1-0073,Post-Fracture Mechanics 1,Common Celan > Vaarshen,Expansion example,dar sharavok an vaarshen.,The caravan waits at the safe distance.,Not reviewed in readiness audit,,
PE-PFM1-0074,Post-Fracture Mechanics 1,Common Celan > Vaarshen,Expansion example,keldoraen seren vaarshen.,The guardian marks the safe distance.,Not reviewed in readiness audit,,
PE-PFM1-0075,Post-Fracture Mechanics 1,Common Celan > Keldoraen,Expansion example,keldoraen seren lianrethxar.,The guardian marks the anomaly boundary.,Not reviewed in readiness audit,,
PE-PFM1-0076,Post-Fracture Mechanics 1,Common Celan > Keldoraen,Expansion example,keldoraen I shalor.,I mark the sanctuary.,Not reviewed in readiness audit,,
PE-PFM1-0077,Post-Fracture Mechanics 1,Common Celan > Kasharaen,Expansion example,kasharaen sharavok lianrethor.,The caravan avoids the anomaly zone.,Not reviewed in readiness audit,,
PE-PFM1-0078,Post-Fracture Mechanics 1,Common Celan > Kasharaen,Expansion example,kasharaen felka kalravor.,The child avoids the gravity pocket.,Not reviewed in readiness audit,,
PE-PFM1-0079,Post-Fracture Mechanics 1,Common Celan > Belkoraen,Expansion example,belkoraen seren sharavok.,The guardian anchors the caravan.,Not reviewed in readiness audit,,
PE-PFM1-0080,Post-Fracture Mechanics 1,Common Celan > Belkoraen,Expansion example,belkoraen liorin shalor.,The elder anchors the sanctuary.,Not reviewed in readiness audit,,
PE-FAP1-0001,"Food, Agriculture, and Preservation 1",Common Celan > LX-FAP1-0001,Expansion example,kal balpral belvok.,Farming strengthens the family.,Not reviewed in readiness audit,,
PE-FAP1-0002,"Food, Agriculture, and Preservation 1",Common Celan > LX-FAP1-0001,Expansion example,lorin balpral bren.,Farming guides the harvest.,Not reviewed in readiness audit,,
PE-FAP1-0003,"Food, Agriculture, and Preservation 1",Common Celan > LX-FAP1-0002,Expansion example,balpralaen balral sov.,The farmer cultivates the field.,Not reviewed in readiness audit,,
PE-FAP1-0004,"Food, Agriculture, and Preservation 1",Common Celan > LX-FAP1-0002,Expansion example,dar balral an awekshara.,The farmer waits by the spring-fed canal.,Not reviewed in readiness audit,,
PE-FAP1-0005,"Food, Agriculture, and Preservation 1",Common Celan > LX-FAP1-0003,Expansion example,rinaen pralbal an sov.,The crop is in the field.,Not reviewed in readiness audit,,
PE-FAP1-0006,"Food, Agriculture, and Preservation 1",Common Celan > LX-FAP1-0003,Expansion example,kes balral pralbal.,The farmer notices the crop.,Not reviewed in readiness audit,,
PE-FAP1-0007,"Food, Agriculture, and Preservation 1",Common Celan > LX-FAP1-0004,Reviewed usage example,balpralaen I verdsov.,I cultivate the garden.,Not reviewed in readiness audit,,
PE-FAP1-0008,"Food, Agriculture, and Preservation 1",Common Celan > LX-FAP1-0004,Expansion example,balpralaen balral pralbal.,The farmer cultivates the crop.,Not reviewed in readiness audit,,
PE-FAP1-0009,"Food, Agriculture, and Preservation 1",Common Celan > LX-FAP1-0005,Expansion example,drobalaen balral sov.,The farmer irrigates the field.,Not reviewed in readiness audit,,
PE-FAP1-0010,"Food, Agriculture, and Preservation 1",Common Celan > LX-FAP1-0005,Expansion example,drobalaen I verdsov.,I irrigate the garden.,Not reviewed in readiness audit,,
PE-FAP1-0011,"Food, Agriculture, and Preservation 1",Common Celan > LX-FAP1-0006,Expansion example,rinaen sov ser awekshara.,The field is connected to the spring-fed canal.,Not reviewed in readiness audit,,
PE-FAP1-0012,"Food, Agriculture, and Preservation 1",Common Celan > LX-FAP1-0006,Expansion example,dor balral pralbal an sov.,The farmer places the crop in the field.,Not reviewed in readiness audit,,
PE-FAP1-0013,"Food, Agriculture, and Preservation 1",Common Celan > LX-FAP1-0007,Expansion example,rinaen brossov an morl.,The agricultural terrace is on the mountain.,Not reviewed in readiness audit,,
PE-FAP1-0014,"Food, Agriculture, and Preservation 1",Common Celan > LX-FAP1-0007,Expansion example,arth balral brossov.,The farmer protects the terrace.,Not reviewed in readiness audit,,
PE-FAP1-0015,"Food, Agriculture, and Preservation 1",Common Celan > LX-FAP1-0008,Expansion example,rinaen fennil an verdsov.,The herbs are in the garden.,Not reviewed in readiness audit,,
PE-FAP1-0016,"Food, Agriculture, and Preservation 1",Common Celan > LX-FAP1-0008,Expansion example,balpralaen I verdsov.,I cultivate the garden.,Not reviewed in readiness audit,,
PE-FAP1-0017,"Food, Agriculture, and Preservation 1",Common Celan > LX-FAP1-0009,Expansion example,rinaen zornelar an vilorsov.,The honey is in the orchard.,Not reviewed in readiness audit,,
PE-FAP1-0018,"Food, Agriculture, and Preservation 1",Common Celan > LX-FAP1-0009,Expansion example,bren balral vilorsov.,The farmer harvests the orchard.,Not reviewed in readiness audit,,
PE-FAP1-0019,"Food, Agriculture, and Preservation 1",Common Celan > LX-FAP1-0010,Expansion example,kesbrenaen I fennil an verdor.,I forage for herbs in the forest.,Not reviewed in readiness audit,,
PE-FAP1-0020,"Food, Agriculture, and Preservation 1",Common Celan > LX-FAP1-0010,Expansion example,kesbrenaen sharavok felverd.,The caravan forages for moss.,Not reviewed in readiness audit,,
PE-FAP1-0021,"Food, Agriculture, and Preservation 1",Common Celan > LX-FAP1-0011,Expansion example,gavaen gavral zor an morl.,The hunter hunts an animal in the mountains.,Not reviewed in readiness audit,,
PE-FAP1-0022,"Food, Agriculture, and Preservation 1",Common Celan > LX-FAP1-0011,Expansion example,siv gavaen I zor.,I try to hunt the animal.,Not reviewed in readiness audit,,
PE-FAP1-0023,"Food, Agriculture, and Preservation 1",Common Celan > LX-FAP1-0012,Reviewed usage example,var gavral an morl.,The hunter goes to the mountain.,Not reviewed in readiness audit,,
PE-FAP1-0024,"Food, Agriculture, and Preservation 1",Common Celan > LX-FAP1-0012,Expansion example,kes gavral zor.,The hunter notices the animal.,Not reviewed in readiness audit,,
PE-FAP1-0025,"Food, Agriculture, and Preservation 1",Common Celan > LX-FAP1-0013,Expansion example,rinaen nesh an lun.,The aquatic creature is in the lake.,Not reviewed in readiness audit,,
PE-FAP1-0026,"Food, Agriculture, and Preservation 1",Common Celan > LX-FAP1-0013,Expansion example,kes I nesh an dren.,I notice a fish in the water.,Not reviewed in readiness audit,,
PE-FAP1-0027,"Food, Agriculture, and Preservation 1",Common Celan > LX-FAP1-0014,Expansion example,neshbrenaen I an lun.,I fish at the lake.,Not reviewed in readiness audit,,
PE-FAP1-0028,"Food, Agriculture, and Preservation 1",Common Celan > LX-FAP1-0014,Expansion example,neshbrenaen neshbrenral an mahr.,The fisher harvests aquatic creatures from the ocean.,Not reviewed in readiness audit,,
PE-FAP1-0029,"Food, Agriculture, and Preservation 1",Common Celan > LX-FAP1-0015,Expansion example,var neshbrenral an mahr.,The fisher goes to the ocean.,Not reviewed in readiness audit,,
PE-FAP1-0030,"Food, Agriculture, and Preservation 1",Common Celan > LX-FAP1-0015,Expansion example,vekaen neshbrenral nesh.,The fisher carries the catch.,Not reviewed in readiness audit,,
PE-FAP1-0031,"Food, Agriculture, and Preservation 1",Common Celan > LX-FAP1-0016,Expansion example,rinaen xarnesh an emilpral.,The shellfish is on the plate.,Not reviewed in readiness audit,,
PE-FAP1-0032,"Food, Agriculture, and Preservation 1",Common Celan > LX-FAP1-0016,Expansion example,kes neshbrenral xarnesh.,The fisher notices the shellfish.,Not reviewed in readiness audit,,
PE-FAP1-0033,"Food, Agriculture, and Preservation 1",Common Celan > LX-FAP1-0017,Expansion example,bren I mahrfennil.,I harvest seaweed.,Not reviewed in readiness audit,,
PE-FAP1-0034,"Food, Agriculture, and Preservation 1",Common Celan > LX-FAP1-0017,Expansion example,rinaen mahrfennil an kavvek.,The seaweed is in the storage jar.,Not reviewed in readiness audit,,
PE-FAP1-0035,"Food, Agriculture, and Preservation 1",Common Celan > LX-FAP1-0018,Expansion example,kes I zor an shara.,I notice an animal on the path.,Not reviewed in readiness audit,,
PE-FAP1-0036,"Food, Agriculture, and Preservation 1",Common Celan > LX-FAP1-0018,Expansion example,arth zhaelral zor.,The healer protects the animal.,Not reviewed in readiness audit,,
PE-FAP1-0037,"Food, Agriculture, and Preservation 1",Common Celan > LX-FAP1-0019,Expansion example,rinaen belzor ser belzorral.,The livestock are with the herder.,Not reviewed in readiness audit,,
PE-FAP1-0038,"Food, Agriculture, and Preservation 1",Common Celan > LX-FAP1-0019,Expansion example,vekaen sharavok belzor.,The caravan carries livestock.,Not reviewed in readiness audit,,
PE-FAP1-0039,"Food, Agriculture, and Preservation 1",Common Celan > LX-FAP1-0020,Expansion example,belzoraen belzorral belzor.,The herder tends the livestock.,Not reviewed in readiness audit,,
PE-FAP1-0040,"Food, Agriculture, and Preservation 1",Common Celan > LX-FAP1-0020,Expansion example,belzoraen I belzor thal krez.,I herd the livestock away from the fire.,Not reviewed in readiness audit,,
PE-FAP1-0041,"Food, Agriculture, and Preservation 1",Common Celan > LX-FAP1-0021,Expansion example,arth belzorral belzor.,The herder protects the livestock.,Not reviewed in readiness audit,,
PE-FAP1-0042,"Food, Agriculture, and Preservation 1",Common Celan > LX-FAP1-0021,Expansion example,dar belzorral an teremil.,The herder waits at the home camp.,Not reviewed in readiness audit,,
PE-FAP1-0043,"Food, Agriculture, and Preservation 1",Common Celan > LX-FAP1-0022,Expansion example,tal I zordren an felka.,I give milk to the child.,Not reviewed in readiness audit,,
PE-FAP1-0044,"Food, Agriculture, and Preservation 1",Common Celan > LX-FAP1-0022,Expansion example,rinaen zordren an drenvor.,The milk is in the bowl.,Not reviewed in readiness audit,,
PE-FAP1-0045,"Food, Agriculture, and Preservation 1",Common Celan > LX-FAP1-0023,Expansion example,zordrenvinaen belzorral belzor.,The herder milks the livestock.,Not reviewed in readiness audit,,
PE-FAP1-0046,"Food, Agriculture, and Preservation 1",Common Celan > LX-FAP1-0023,Expansion example,zordrenvinaen I belzor.,I milk the animal.,Not reviewed in readiness audit,,
PE-FAP1-0047,"Food, Agriculture, and Preservation 1",Common Celan > LX-FAP1-0024,Expansion example,rinaen felverd an verdor.,Moss is in the forest.,Not reviewed in readiness audit,,
PE-FAP1-0048,"Food, Agriculture, and Preservation 1",Common Celan > LX-FAP1-0024,Expansion example,bren I felverd.,I gather moss.,Not reviewed in readiness audit,,
PE-FAP1-0049,"Food, Agriculture, and Preservation 1",Common Celan > LX-FAP1-0025,Expansion example,rinaen morlverd esh mormek.,The lichen is on the worked stone.,Not reviewed in readiness audit,,
PE-FAP1-0050,"Food, Agriculture, and Preservation 1",Common Celan > LX-FAP1-0025,Expansion example,bren zhaelral morlverd.,The healer gathers lichen.,Not reviewed in readiness audit,,
PE-FAP1-0051,"Food, Agriculture, and Preservation 1",Common Celan > LX-FAP1-0026,Expansion example,rinaen nelar an zhaelin.,The nectar is in the flower.,Not reviewed in readiness audit,,
PE-FAP1-0052,"Food, Agriculture, and Preservation 1",Common Celan > LX-FAP1-0026,Expansion example,bren I nelar.,I gather nectar.,Not reviewed in readiness audit,,
PE-FAP1-0053,"Food, Agriculture, and Preservation 1",Common Celan > LX-FAP1-0027,Expansion example,dor I zornelar an fennildren.,I put honey in the tea.,Not reviewed in readiness audit,,
PE-FAP1-0054,"Food, Agriculture, and Preservation 1",Common Celan > LX-FAP1-0027,Expansion example,rinaen zornelar an kavvek.,The honey is in the jar.,Not reviewed in readiness audit,,
PE-FAP1-0055,"Food, Agriculture, and Preservation 1",Common Celan > LX-FAP1-0028,Expansion example,dor I jelkor an venak.,I put seasoning in the stew.,Not reviewed in readiness audit,,
PE-FAP1-0056,"Food, Agriculture, and Preservation 1",Common Celan > LX-FAP1-0028,Expansion example,rinaen jelkor an van.,The spice is in the market.,Not reviewed in readiness audit,,
PE-FAP1-0057,"Food, Agriculture, and Preservation 1",Common Celan > LX-FAP1-0029,Expansion example,pralaen I fennildren.,I make an herbal infusion.,Not reviewed in readiness audit,,
PE-FAP1-0058,"Food, Agriculture, and Preservation 1",Common Celan > LX-FAP1-0029,Expansion example,tal ser fennildren an I.,The friend gives tea to me.,Not reviewed in readiness audit,,
PE-FAP1-0059,"Food, Agriculture, and Preservation 1",Common Celan > LX-FAP1-0030,Expansion example,tal I emildren an ser.,I give a beverage to the friend.,Not reviewed in readiness audit,,
PE-FAP1-0060,"Food, Agriculture, and Preservation 1",Common Celan > LX-FAP1-0030,Expansion example,rinaen emildren an drenvor.,The beverage is in the cup.,Not reviewed in readiness audit,,
PE-FAP2-0001,"Food, Agriculture, and Preservation 2",Common Celan > LX-FAP2-0001,Expansion example,rinaen saren an sov.,The wheat is in the field.,Not reviewed in readiness audit,,
PE-FAP2-0002,"Food, Agriculture, and Preservation 2",Common Celan > LX-FAP2-0001,Expansion example,felthamaen balral saren.,The farmer grinds the wheat.,Not reviewed in readiness audit,,
PE-FAP2-0003,"Food, Agriculture, and Preservation 2",Common Celan > LX-FAP2-0002,Expansion example,rinaen fellak an kavvek.,The flour is in the jar.,Not reviewed in readiness audit,,
PE-FAP2-0004,"Food, Agriculture, and Preservation 2",Common Celan > LX-FAP2-0002,Expansion example,dor I fellak an drenvor.,I put flour in the bowl.,Not reviewed in readiness audit,,
PE-FAP2-0005,"Food, Agriculture, and Preservation 2",Common Celan > LX-FAP2-0003,Expansion example,pralaen I drenfellak.,I make dough.,Not reviewed in readiness audit,,
PE-FAP2-0006,"Food, Agriculture, and Preservation 2",Common Celan > LX-FAP2-0003,Expansion example,dar drenfellak nethnor.,The dough is still resting.,Not reviewed in readiness audit,,
PE-FAP2-0007,"Food, Agriculture, and Preservation 2",Common Celan > LX-FAP2-0004,Expansion example,rinaen olan ser dren an xarvek.,The oil is stored with the water in the cupboard.,Not reviewed in readiness audit,,
PE-FAP2-0008,"Food, Agriculture, and Preservation 2",Common Celan > LX-FAP2-0004,Expansion example,dor mekral olan an karvek.,The mechanic puts oil on the toolkit.,Not reviewed in readiness audit,,
PE-FAP2-0009,"Food, Agriculture, and Preservation 2",Common Celan > LX-FAP2-0005,Expansion example,dor I emilolan an krezpral.,I put cooking oil in the pan.,Not reviewed in readiness audit,,
PE-FAP2-0010,"Food, Agriculture, and Preservation 2",Common Celan > LX-FAP2-0005,Expansion example,rinaen emilolan an kavvek.,The edible oil is in the jar.,Not reviewed in readiness audit,,
PE-FAP2-0011,"Food, Agriculture, and Preservation 2",Common Celan > LX-FAP2-0006,Expansion example,rinaen morolan an torin.,The fat is on the meat.,Not reviewed in readiness audit,,
PE-FAP2-0012,"Food, Agriculture, and Preservation 2",Common Celan > LX-FAP2-0006,Expansion example,dor I morolan an drenfellak.,I put fat in the dough.,Not reviewed in readiness audit,,
PE-FAP2-0013,"Food, Agriculture, and Preservation 2",Common Celan > LX-FAP2-0007,Expansion example,kes I pralfel ka.,I notice that an ingredient is missing.,Not reviewed in readiness audit,,
PE-FAP2-0014,"Food, Agriculture, and Preservation 2",Common Celan > LX-FAP2-0007,Expansion example,dor zhaelral pralfel an fennilphel.,The healer puts an ingredient in the remedy.,Not reviewed in readiness audit,,
PE-FAP2-0015,"Food, Agriculture, and Preservation 2",Common Celan > LX-FAP2-0008,Expansion example,velzhiraen I emilshara.,I remember the recipe.,Not reviewed in readiness audit,,
PE-FAP2-0016,"Food, Agriculture, and Preservation 2",Common Celan > LX-FAP2-0008,Expansion example,lorin emilshara balral.,The recipe guides the cultivator.,Not reviewed in readiness audit,,
PE-FAP2-0017,"Food, Agriculture, and Preservation 2",Common Celan > LX-FAP2-0009,Expansion example,emilpralaen I venak.,I cook the stew.,Not reviewed in readiness audit,,
PE-FAP2-0018,"Food, Agriculture, and Preservation 2",Common Celan > LX-FAP2-0009,Expansion example,emilpralaen ser torin.,The friend cooks the meat.,Not reviewed in readiness audit,,
PE-FAP2-0019,"Food, Agriculture, and Preservation 2",Common Celan > LX-FAP2-0010,Expansion example,xarkrezaen I drenfellak.,I bake the dough.,Not reviewed in readiness audit,,
PE-FAP2-0020,"Food, Agriculture, and Preservation 2",Common Celan > LX-FAP2-0010,Expansion example,xarkrezaen balral morlak.,The farmer bakes the bread.,Not reviewed in readiness audit,,
PE-FAP2-0021,"Food, Agriculture, and Preservation 2",Common Celan > LX-FAP2-0011,Expansion example,krezdrenaen I dren.,I boil the water.,Not reviewed in readiness audit,,
PE-FAP2-0022,"Food, Agriculture, and Preservation 2",Common Celan > LX-FAP2-0011,Expansion example,krezdrenaen I fennil an krezvek.,I boil the herbs in the cooking pot.,Not reviewed in readiness audit,,
PE-FAP2-0023,"Food, Agriculture, and Preservation 2",Common Celan > LX-FAP2-0012,Expansion example,eshkrezaen I teravin.,I roast the root vegetables.,Not reviewed in readiness audit,,
PE-FAP2-0024,"Food, Agriculture, and Preservation 2",Common Celan > LX-FAP2-0012,Expansion example,eshkrezaen ser torin.,The friend roasts the meat.,Not reviewed in readiness audit,,
PE-FAP2-0025,"Food, Agriculture, and Preservation 2",Common Celan > LX-FAP2-0013,Expansion example,pelkrezaen I torin.,I sear the meat.,Not reviewed in readiness audit,,
PE-FAP2-0026,"Food, Agriculture, and Preservation 2",Common Celan > LX-FAP2-0013,Expansion example,pelkrezaen balral teravin.,The farmer grills the root vegetables.,Not reviewed in readiness audit,,
PE-FAP2-0027,"Food, Agriculture, and Preservation 2",Common Celan > LX-FAP2-0014,Expansion example,olankrezaen I teravin.,I fry the root vegetables.,Not reviewed in readiness audit,,
PE-FAP2-0028,"Food, Agriculture, and Preservation 2",Common Celan > LX-FAP2-0014,Expansion example,olankrezaen ser nesh.,The friend fries the fish.,Not reviewed in readiness audit,,
PE-FAP2-0029,"Food, Agriculture, and Preservation 2",Common Celan > LX-FAP2-0015,Expansion example,eshdrenaen I fennil.,I steam the greens.,Not reviewed in readiness audit,,
PE-FAP2-0030,"Food, Agriculture, and Preservation 2",Common Celan > LX-FAP2-0015,Expansion example,eshdrenaen ser nesh.,The friend steams the fish.,Not reviewed in readiness audit,,
PE-FAP2-0031,"Food, Agriculture, and Preservation 2",Common Celan > LX-FAP2-0016,Expansion example,felthamaen I saren.,I grind the wheat.,Not reviewed in readiness audit,,
PE-FAP2-0032,"Food, Agriculture, and Preservation 2",Common Celan > LX-FAP2-0016,Expansion example,felthamaen I jelkor.,I grind the seasoning.,Not reviewed in readiness audit,,
PE-FAP2-0033,"Food, Agriculture, and Preservation 2",Common Celan > LX-FAP2-0017,Expansion example,pelaen I vilor.,I slice the fruit.,Not reviewed in readiness audit,,
PE-FAP2-0034,"Food, Agriculture, and Preservation 2",Common Celan > LX-FAP2-0017,Expansion example,pelaen ser teravin.,The friend cuts the root vegetables.,Not reviewed in readiness audit,,
PE-FAP2-0035,"Food, Agriculture, and Preservation 2",Common Celan > LX-FAP2-0018,Expansion example,drenpralaen I fennildren.,I brew the herbal drink.,Not reviewed in readiness audit,,
PE-FAP2-0036,"Food, Agriculture, and Preservation 2",Common Celan > LX-FAP2-0018,Expansion example,drenpralaen ser emildren.,The friend brews a beverage.,Not reviewed in readiness audit,,
PE-FAP2-0037,"Food, Agriculture, and Preservation 2",Common Celan > LX-FAP2-0019,Expansion example,seldrenvinaen zhaelral dren.,The healer distills the water.,Not reviewed in readiness audit,,
PE-FAP2-0038,"Food, Agriculture, and Preservation 2",Common Celan > LX-FAP2-0019,Expansion example,seldrenvinaen mekral verdvin.,The craftworker distills the plant extract.,Not reviewed in readiness audit,,
PE-FAP2-0039,"Food, Agriculture, and Preservation 2",Common Celan > LX-FAP2-0020,Expansion example,balemilaen I drenfellak.,I ferment the dough.,Not reviewed in readiness audit,,
PE-FAP2-0040,"Food, Agriculture, and Preservation 2",Common Celan > LX-FAP2-0020,Expansion example,balemilaen ser emildren.,The friend ferments the beverage.,Not reviewed in readiness audit,,
PE-FAP2-0041,"Food, Agriculture, and Preservation 2",Common Celan > LX-FAP2-0021,Expansion example,rinaen mura esh krez.,Smoke is above the fire.,Not reviewed in readiness audit,,
PE-FAP2-0042,"Food, Agriculture, and Preservation 2",Common Celan > LX-FAP2-0021,Expansion example,kes seren mura an teremil.,The guardian notices smoke at the home.,Not reviewed in readiness audit,,
PE-FAP2-0043,"Food, Agriculture, and Preservation 2",Common Celan > LX-FAP2-0022,Expansion example,muraen I nesh.,I smoke the fish.,Not reviewed in readiness audit,,
PE-FAP2-0044,"Food, Agriculture, and Preservation 2",Common Celan > LX-FAP2-0022,Expansion example,muraen ser torin.,The friend smoke-treats the meat.,Not reviewed in readiness audit,,
PE-FAP2-0045,"Food, Agriculture, and Preservation 2",Common Celan > LX-FAP2-0023,Expansion example,vindrenaen I vilor.,I dry the fruit.,Not reviewed in readiness audit,,
PE-FAP2-0046,"Food, Agriculture, and Preservation 2",Common Celan > LX-FAP2-0023,Expansion example,vindrenaen neshbrenral nesh.,The fisher dehydrates the fish.,Not reviewed in readiness audit,,
PE-FAP2-0047,"Food, Agriculture, and Preservation 2",Common Celan > LX-FAP2-0024,Expansion example,livaraen I nesh ser jelkor.,I cure the fish with seasoning.,Not reviewed in readiness audit,,
PE-FAP2-0048,"Food, Agriculture, and Preservation 2",Common Celan > LX-FAP2-0024,Expansion example,livaraen balral torin.,The farmer preserves the meat.,Not reviewed in readiness audit,,
PE-FAP2-0049,"Food, Agriculture, and Preservation 2",Common Celan > LX-FAP2-0025,Expansion example,vellivaraen I nesh.,I preserve the fish by freezing it.,Not reviewed in readiness audit,,
PE-FAP2-0050,"Food, Agriculture, and Preservation 2",Common Celan > LX-FAP2-0025,Expansion example,vellivaraen zhaelral fennilphel.,The healer preserves the remedy in cold storage.,Not reviewed in readiness audit,,
PE-FAP2-0051,"Food, Agriculture, and Preservation 2",Common Celan > LX-FAP2-0026,Expansion example,rinaen vilor zhaeleth.,The fruit is fresh.,Not reviewed in readiness audit,,
PE-FAP2-0052,"Food, Agriculture, and Preservation 2",Common Celan > LX-FAP2-0026,Expansion example,rinaen emil zhaeleth.,The meal is fresh.,Not reviewed in readiness audit,,
PE-FAP2-0053,"Food, Agriculture, and Preservation 2",Common Celan > LX-FAP2-0027,Expansion example,rinaen ruvan an kavvek.,There is rot in the storage jar.,Not reviewed in readiness audit,,
PE-FAP2-0054,"Food, Agriculture, and Preservation 2",Common Celan > LX-FAP2-0027,Expansion example,kes balral ruvan an saren.,The farmer notices rot in the wheat.,Not reviewed in readiness audit,,
PE-FAP2-0055,"Food, Agriculture, and Preservation 2",Common Celan > LX-FAP2-0028,Expansion example,ruvanaen torin an krezrek.,The meat spoils in the heatwave.,Not reviewed in readiness audit,,
PE-FAP2-0056,"Food, Agriculture, and Preservation 2",Common Celan > LX-FAP2-0028,Expansion example,ruvanaen vilor an dren.,The fruit rots in the water.,Not reviewed in readiness audit,,
PE-FAP2-0057,"Food, Agriculture, and Preservation 2",Common Celan > LX-FAP2-0029,Expansion example,rinaen torin ruvaneth.,The meat is spoiled.,Not reviewed in readiness audit,,
PE-FAP2-0058,"Food, Agriculture, and Preservation 2",Common Celan > LX-FAP2-0029,Expansion example,dor I vilor ruvaneth kavok.,I put the rotten fruit apart.,Not reviewed in readiness audit,,
PE-FAP2-0059,"Food, Agriculture, and Preservation 2",Common Celan > LX-FAP2-0030,Expansion example,rinaen torin emilpraleth.,The meat is cooked.,Not reviewed in readiness audit,,
PE-FAP2-0060,"Food, Agriculture, and Preservation 2",Common Celan > LX-FAP2-0030,Expansion example,tal I nesh emilpraleth an felka.,I give cooked fish to the child.,Not reviewed in readiness audit,,
PE-FAP2-0061,"Food, Agriculture, and Preservation 2",Common Celan > LX-FAP2-0031,Expansion example,rinaen teravin kaemilpraleth.,The root vegetables are raw.,Not reviewed in readiness audit,,
PE-FAP2-0062,"Food, Agriculture, and Preservation 2",Common Celan > LX-FAP2-0031,Expansion example,pelaen I vilor kaemilpraleth.,I slice the uncooked fruit.,Not reviewed in readiness audit,,
PE-FAP2-0063,"Food, Agriculture, and Preservation 2",Common Celan > LX-FAP2-0032,Expansion example,talemilaen I felka.,I feed the child.,Not reviewed in readiness audit,,
PE-FAP2-0064,"Food, Agriculture, and Preservation 2",Common Celan > LX-FAP2-0032,Expansion example,talemilaen belzorral belzor.,The herder feeds the livestock.,Not reviewed in readiness audit,,
PE-FAP1-0061,"Food, Agriculture, and Preservation 1",Common Celan > LX-FAP1-0031,Expansion example,rinaen gav an morl.,The hunt is in the mountains.,Not reviewed in readiness audit,,
PE-FAP1-0062,"Food, Agriculture, and Preservation 1",Common Celan > LX-FAP1-0031,Expansion example,dar gavral nor gav.,The hunter waits during the hunt.,Not reviewed in readiness audit,,
PE-CWM1-0001,"Clothing, Wearable Protection, and Ordinary Materials 1",Common Celan > LX-CWM1-0001,Expansion example,rinaen belxar an xarvek.,The clothing is in the cupboard.,Not reviewed in readiness audit,,
PE-CWM1-0002,"Clothing, Wearable Protection, and Ordinary Materials 1",Common Celan > LX-CWM1-0001,Expansion example,vekaen I belxar.,I carry the clothing.,Not reviewed in readiness audit,,
PE-CWM1-0003,"Clothing, Wearable Protection, and Ordinary Materials 1",Common Celan > LX-CWM1-0002,Expansion example,belxaraen I xaresh.,I wear a cloak.,Not reviewed in readiness audit,,
PE-CWM1-0004,"Clothing, Wearable Protection, and Ordinary Materials 1",Common Celan > LX-CWM1-0002,Expansion example,belxaraen mekral belkor.,The craftworker wears a tunic.,Not reviewed in readiness audit,,
PE-CWM1-0005,"Clothing, Wearable Protection, and Ordinary Materials 1",Common Celan > LX-CWM1-0003,Expansion example,belxaraen I velbelxar.,I wear a heavy coat.,Not reviewed in readiness audit,,
PE-CWM1-0006,"Clothing, Wearable Protection, and Ordinary Materials 1",Common Celan > LX-CWM1-0003,Expansion example,rinaen velbelxar an xarvek.,The heavy coat is in the cupboard.,Not reviewed in readiness audit,,
PE-CWM1-0007,"Clothing, Wearable Protection, and Ordinary Materials 1",Common Celan > LX-CWM1-0004,Expansion example,belxaraen I eshtrakor.,I wear sandals.,Not reviewed in readiness audit,,
PE-CWM1-0008,"Clothing, Wearable Protection, and Ordinary Materials 1",Common Celan > LX-CWM1-0004,Expansion example,dor I eshtrakor an vorkor.,I put the sandals by the door.,Not reviewed in readiness audit,,
PE-CWM1-0009,"Clothing, Wearable Protection, and Ordinary Materials 1",Common Celan > LX-CWM1-0005,Expansion example,belxaraen I velpraltrakor.,I wear snowshoes.,Not reviewed in readiness audit,,
PE-CWM1-0010,"Clothing, Wearable Protection, and Ordinary Materials 1",Common Celan > LX-CWM1-0005,Expansion example,vekaen I velpraltrakor an morl.,I carry the snowshoes in the mountains.,Not reviewed in readiness audit,,
PE-CWM1-0011,"Clothing, Wearable Protection, and Ordinary Materials 1",Common Celan > LX-CWM1-0006,Expansion example,belxaraen I pelveltrakor.,I wear ice skates.,Not reviewed in readiness audit,,
PE-CWM1-0012,"Clothing, Wearable Protection, and Ordinary Materials 1",Common Celan > LX-CWM1-0006,Expansion example,dor I pelveltrakor an pralor.,I put the ice skates on the table.,Not reviewed in readiness audit,,
PE-CWM1-0013,"Clothing, Wearable Protection, and Ordinary Materials 1",Common Celan > LX-CWM1-0007,Expansion example,belxaraen ser lorinorxar.,The friend wears a head covering.,Not reviewed in readiness audit,,
PE-CWM1-0014,"Clothing, Wearable Protection, and Ordinary Materials 1",Common Celan > LX-CWM1-0007,Expansion example,dor I lorinorxar an xarvek.,I put the head covering in the cupboard.,Not reviewed in readiness audit,,
PE-CWM1-0015,"Clothing, Wearable Protection, and Ordinary Materials 1",Common Celan > LX-CWM1-0008,Expansion example,kes I rema ser.,I notice the friend's face.,Not reviewed in readiness audit,,
PE-CWM1-0016,"Clothing, Wearable Protection, and Ordinary Materials 1",Common Celan > LX-CWM1-0008,Expansion example,rinaen aiv an rema-ian.,There is pain in my face.,Not reviewed in readiness audit,,
PE-CWM1-0017,"Clothing, Wearable Protection, and Ordinary Materials 1",Common Celan > LX-CWM1-0009,Expansion example,belxaraen I remaxar.,I wear a face covering.,Not reviewed in readiness audit,,
PE-CWM1-0018,"Clothing, Wearable Protection, and Ordinary Materials 1",Common Celan > LX-CWM1-0009,Expansion example,dor I remaxar an xarvek.,I put the mask in the cupboard.,Not reviewed in readiness audit,,
PE-CWM1-0019,"Clothing, Wearable Protection, and Ordinary Materials 1",Common Celan > LX-CWM1-0010,Expansion example,vekaen zhirbel karvek.,The strap carries the toolkit.,Not reviewed in readiness audit,,
PE-CWM1-0020,"Clothing, Wearable Protection, and Ordinary Materials 1",Common Celan > LX-CWM1-0010,Expansion example,dor I zhirbel an pralor.,I put the strap on the table.,Not reviewed in readiness audit,,
PE-CWM1-0021,"Clothing, Wearable Protection, and Ordinary Materials 1",Common Celan > LX-CWM1-0011,Expansion example,rinaen welzhirbel an morthera.,The harness is on the pack beast.,Not reviewed in readiness audit,,
PE-CWM1-0022,"Clothing, Wearable Protection, and Ordinary Materials 1",Common Celan > LX-CWM1-0011,Expansion example,vekaen I welzhirbel.,I carry the harness.,Not reviewed in readiness audit,,
PE-CWM1-0023,"Clothing, Wearable Protection, and Ordinary Materials 1",Common Celan > LX-CWM1-0012,Expansion example,rinaen belmek an zhirvok.,The buckle is on the belt.,Not reviewed in readiness audit,,
PE-CWM1-0024,"Clothing, Wearable Protection, and Ordinary Materials 1",Common Celan > LX-CWM1-0012,Expansion example,selpralaen mekral belmek.,The craftworker polishes the clasp.,Not reviewed in readiness audit,,
PE-CWM1-0025,"Clothing, Wearable Protection, and Ordinary Materials 1",Common Celan > LX-CWM1-0013,Expansion example,belmekaen I zhirvok.,I fasten the belt.,Not reviewed in readiness audit,,
PE-CWM1-0026,"Clothing, Wearable Protection, and Ordinary Materials 1",Common Celan > LX-CWM1-0013,Expansion example,belmekaen I welzhirbel.,I fasten the harness.,Not reviewed in readiness audit,,
PE-CWM1-0027,"Clothing, Wearable Protection, and Ordinary Materials 1",Common Celan > LX-CWM1-0014,Expansion example,kabelmekaen I velbelxar.,I unfasten the heavy coat.,Not reviewed in readiness audit,,
PE-CWM1-0028,"Clothing, Wearable Protection, and Ordinary Materials 1",Common Celan > LX-CWM1-0014,Expansion example,kabelmekaen I welzhirbel.,I unfasten the harness.,Not reviewed in readiness audit,,
PE-CWM1-0029,"Clothing, Wearable Protection, and Ordinary Materials 1",Common Celan > LX-CWM1-0015,Expansion example,belxaraen I korinxar.,I wear gloves.,Not reviewed in readiness audit,,
PE-CWM1-0030,"Clothing, Wearable Protection, and Ordinary Materials 1",Common Celan > LX-CWM1-0015,Expansion example,dor I korinxar an pralor.,I put the gloves on the table.,Not reviewed in readiness audit,,
PE-CWM1-0031,"Clothing, Wearable Protection, and Ordinary Materials 1",Common Celan > LX-CWM1-0016,Expansion example,belxaraen I lorinshalxar.,I wear goggles.,Not reviewed in readiness audit,,
PE-CWM1-0032,"Clothing, Wearable Protection, and Ordinary Materials 1",Common Celan > LX-CWM1-0016,Expansion example,arth lorinshalxar lorinshal-ian.,The goggles protect my eyes.,Not reviewed in readiness audit,,
PE-CWM1-0033,"Clothing, Wearable Protection, and Ordinary Materials 1",Common Celan > LX-CWM1-0017,Expansion example,belxaraen I remashalxar.,I wear a visor.,Not reviewed in readiness audit,,
PE-CWM1-0034,"Clothing, Wearable Protection, and Ordinary Materials 1",Common Celan > LX-CWM1-0017,Expansion example,arth remashalxar rema-ian.,The visor protects my face.,Not reviewed in readiness audit,,
PE-CWM1-0035,"Clothing, Wearable Protection, and Ordinary Materials 1",Common Celan > LX-CWM1-0018,Expansion example,belxaraen mekral rinbelxar.,The craftworker wears a uniform.,Not reviewed in readiness audit,,
PE-CWM1-0036,"Clothing, Wearable Protection, and Ordinary Materials 1",Common Celan > LX-CWM1-0018,Expansion example,rinaen rinbelxar an xarvek.,The uniform is in the cupboard.,Not reviewed in readiness audit,,
PE-CWM1-0037,"Clothing, Wearable Protection, and Ordinary Materials 1",Common Celan > LX-CWM1-0019,Expansion example,rinaen felzhir an belrin.,The fiber is in the fabric.,Not reviewed in readiness audit,,
PE-CWM1-0038,"Clothing, Wearable Protection, and Ordinary Materials 1",Common Celan > LX-CWM1-0019,Expansion example,kes mekral felzhir.,The craftworker examines the fiber.,Not reviewed in readiness audit,,
PE-CWM1-0039,"Clothing, Wearable Protection, and Ordinary Materials 1",Common Celan > LX-CWM1-0020,Expansion example,rinaen sura an velbelxar.,The fur is in the heavy coat.,Not reviewed in readiness audit,,
PE-CWM1-0040,"Clothing, Wearable Protection, and Ordinary Materials 1",Common Celan > LX-CWM1-0020,Expansion example,drenselaen mekral sura.,The craftworker washes the fur.,Not reviewed in readiness audit,,
PE-CWM1-0041,"Clothing, Wearable Protection, and Ordinary Materials 1",Common Celan > LX-CWM1-0021,Expansion example,pralaen mekral belrin thal belsura.,The craftworker makes fabric from wool.,Not reviewed in readiness audit,,
PE-CWM1-0042,"Clothing, Wearable Protection, and Ordinary Materials 1",Common Celan > LX-CWM1-0021,Expansion example,rinaen belsura praketh.,The wool is soft.,Not reviewed in readiness audit,,
PE-CWM1-0043,"Clothing, Wearable Protection, and Ordinary Materials 1",Common Celan > LX-CWM1-0022,Expansion example,rinaen belkor verdselzhir.,The tunic is linen.,Not reviewed in readiness audit,,
PE-CWM1-0044,"Clothing, Wearable Protection, and Ordinary Materials 1",Common Celan > LX-CWM1-0022,Expansion example,drenselaen I verdselzhir.,I wash the linen.,Not reviewed in readiness audit,,
PE-CWM1-0045,"Clothing, Wearable Protection, and Ordinary Materials 1",Common Celan > LX-CWM1-0023,Expansion example,rinaen belxar selzhir.,The garment is silk.,Not reviewed in readiness audit,,
PE-CWM1-0046,"Clothing, Wearable Protection, and Ordinary Materials 1",Common Celan > LX-CWM1-0023,Expansion example,kes mekral selzhir.,The craftworker examines the silk.,Not reviewed in readiness audit,,
PE-CWM1-0047,"Clothing, Wearable Protection, and Ordinary Materials 1",Common Celan > LX-CWM1-0024,Expansion example,rinaen teremil kalbelrin.,The home is made of canvas.,Not reviewed in readiness audit,,
PE-CWM1-0048,"Clothing, Wearable Protection, and Ordinary Materials 1",Common Celan > LX-CWM1-0024,Expansion example,vekaen I kalbelrin.,I carry the canvas.,Not reviewed in readiness audit,,
PE-CWM1-0049,"Clothing, Wearable Protection, and Ordinary Materials 1",Common Celan > LX-CWM1-0025,Expansion example,rinaen xaresh olanbelrin.,The cloak is oilskin.,Not reviewed in readiness audit,,
PE-CWM1-0050,"Clothing, Wearable Protection, and Ordinary Materials 1",Common Celan > LX-CWM1-0025,Expansion example,drenselaen I olanbelrin.,I wash the oilskin.,Not reviewed in readiness audit,,
PE-CWM1-0051,"Clothing, Wearable Protection, and Ordinary Materials 1",Common Celan > LX-CWM1-0026,Expansion example,rinaen olanbelrin drenartheth.,The oilskin is waterproof.,Not reviewed in readiness audit,,
PE-CWM1-0052,"Clothing, Wearable Protection, and Ordinary Materials 1",Common Celan > LX-CWM1-0026,Expansion example,rinaen xarvek drenartheth.,The storage chest is waterproof.,Not reviewed in readiness audit,,
PE-CWM1-0053,"Clothing, Wearable Protection, and Ordinary Materials 1",Common Celan > LX-CWM1-0027,Expansion example,rinaen drenvor shanartheth.,The vessel is insulated.,Not reviewed in readiness audit,,
PE-CWM1-0054,"Clothing, Wearable Protection, and Ordinary Materials 1",Common Celan > LX-CWM1-0027,Expansion example,rinaen velbelxar shanartheth.,The heavy coat is insulated.,Not reviewed in readiness audit,,
PE-CWM1-0055,"Clothing, Wearable Protection, and Ordinary Materials 1",Common Celan > LX-CWM1-0028,Expansion example,rinaen kren zhelshaneth.,The metal is conductive.,Not reviewed in readiness audit,,
PE-CWM1-0056,"Clothing, Wearable Protection, and Ordinary Materials 1",Common Celan > LX-CWM1-0028,Expansion example,rinaen zhirbel zhelshaneth.,The strap is conductive.,Not reviewed in readiness audit,,
PE-CWM2-0001,"Clothing, Wearable Protection, and Ordinary Materials 2",Common Celan > LX-CWM2-0001,Expansion example,rinaen kaleth thal kalmorl.,The fortress is made from granite.,Not reviewed in readiness audit,,
PE-CWM2-0002,"Clothing, Wearable Protection, and Ordinary Materials 2",Common Celan > LX-CWM2-0001,Expansion example,vekaen mekral kalmorl.,The craftworker carries the granite.,Not reviewed in readiness audit,,
PE-CWM2-0003,"Clothing, Wearable Protection, and Ordinary Materials 2",Common Celan > LX-CWM2-0002,Expansion example,rinaen shara thal krezmorl.,The road is made from basalt.,Not reviewed in readiness audit,,
PE-CWM2-0004,"Clothing, Wearable Protection, and Ordinary Materials 2",Common Celan > LX-CWM2-0002,Expansion example,rinaen krezmorl faheth.,The basalt is dark.,Not reviewed in readiness audit,,
PE-CWM2-0005,"Clothing, Wearable Protection, and Ordinary Materials 2",Common Celan > LX-CWM2-0003,Expansion example,pralaen mekral pralor thal brosmorl.,The craftworker makes a table from slate.,Not reviewed in readiness audit,,
PE-CWM2-0006,"Clothing, Wearable Protection, and Ordinary Materials 2",Common Celan > LX-CWM2-0003,Expansion example,rinaen brosmorl an kaleth.,The slate is in the fortress.,Not reviewed in readiness audit,,
PE-CWM2-0007,"Clothing, Wearable Protection, and Ordinary Materials 2",Common Celan > LX-CWM2-0004,Expansion example,rinaen sadar an trakor-ian.,There is sand in my shoe.,Not reviewed in readiness audit,,
PE-CWM2-0008,"Clothing, Wearable Protection, and Ordinary Materials 2",Common Celan > LX-CWM2-0004,Expansion example,vekaen esh sadar.,The wind carries sand.,Not reviewed in readiness audit,,
PE-CWM2-0009,"Clothing, Wearable Protection, and Ordinary Materials 2",Common Celan > LX-CWM2-0005,Expansion example,rinaen kaleth thal sadarmorl.,The fortress is made from sandstone.,Not reviewed in readiness audit,,
PE-CWM2-0010,"Clothing, Wearable Protection, and Ordinary Materials 2",Common Celan > LX-CWM2-0005,Expansion example,selpralaen mekral sadarmorl.,The craftworker polishes the sandstone.,Not reviewed in readiness audit,,
PE-CWM2-0011,"Clothing, Wearable Protection, and Ordinary Materials 2",Common Celan > LX-CWM2-0006,Expansion example,rinaen kareth eran.,The hammer is iron.,Not reviewed in readiness audit,,
PE-CWM2-0012,"Clothing, Wearable Protection, and Ordinary Materials 2",Common Celan > LX-CWM2-0006,Expansion example,selpralaen mekral eran.,The craftworker polishes the iron.,Not reviewed in readiness audit,,
PE-CWM2-0013,"Clothing, Wearable Protection, and Ordinary Materials 2",Common Celan > LX-CWM2-0007,Expansion example,rinaen aiv an osar-ian.,There is pain in my bone.,Not reviewed in readiness audit,,
PE-CWM2-0014,"Clothing, Wearable Protection, and Ordinary Materials 2",Common Celan > LX-CWM2-0007,Expansion example,pralaen mekral belmek thal osar.,The craftworker makes a clasp from bone.,Not reviewed in readiness audit,,
PE-CWM2-0015,"Clothing, Wearable Protection, and Ordinary Materials 2",Common Celan > LX-CWM2-0008,Expansion example,rinaen dresh an dreshal.,The crystal is in the crystal device.,Not reviewed in readiness audit,,
PE-CWM2-0016,"Clothing, Wearable Protection, and Ordinary Materials 2",Common Celan > LX-CWM2-0008,Expansion example,vekaen I dresh.,I carry the crystal.,Not reviewed in readiness audit,,
PE-CWM2-0017,"Clothing, Wearable Protection, and Ordinary Materials 2",Common Celan > LX-CWM2-0009,Expansion example,rinaen neshmorl an mahr.,Coral is in the ocean.,Not reviewed in readiness audit,,
PE-CWM2-0018,"Clothing, Wearable Protection, and Ordinary Materials 2",Common Celan > LX-CWM2-0009,Expansion example,pralaen mekral belmek thal neshmorl.,The craftworker makes a clasp from coral.,Not reviewed in readiness audit,,
PE-CWM2-0019,"Clothing, Wearable Protection, and Ordinary Materials 2",Common Celan > LX-CWM2-0010,Expansion example,rinaen zorxar an mahr.,The shell is in the ocean.,Not reviewed in readiness audit,,
PE-CWM2-0020,"Clothing, Wearable Protection, and Ordinary Materials 2",Common Celan > LX-CWM2-0010,Expansion example,pralaen I drenvor thal zorxar.,I make a bowl from shell.,Not reviewed in readiness audit,,
PE-CWM2-0021,"Clothing, Wearable Protection, and Ordinary Materials 2",Common Celan > LX-CWM2-0011,Expansion example,xaraen I kavvek ser kavolan.,I seal the jar with wax.,Not reviewed in readiness audit,,
PE-CWM2-0022,"Clothing, Wearable Protection, and Ordinary Materials 2",Common Celan > LX-CWM2-0011,Expansion example,selpralaen I zem ser kavolan.,I polish the wood with wax.,Not reviewed in readiness audit,,
PE-CWM2-0023,"Clothing, Wearable Protection, and Ordinary Materials 2",Common Celan > LX-CWM2-0012,Expansion example,rinaen verdbel an zem.,The resin is on the wood.,Not reviewed in readiness audit,,
PE-CWM2-0024,"Clothing, Wearable Protection, and Ordinary Materials 2",Common Celan > LX-CWM2-0012,Expansion example,kesbrenaen I verdbel an verdor.,I forage for resin in the forest.,Not reviewed in readiness audit,,
PE-CWM2-0025,"Clothing, Wearable Protection, and Ordinary Materials 2",Common Celan > LX-CWM2-0013,Expansion example,rinaen hir an belxar.,The garment has color.,Not reviewed in readiness audit,,
PE-CWM2-0026,"Clothing, Wearable Protection, and Ordinary Materials 2",Common Celan > LX-CWM2-0013,Expansion example,kes I hir an belrin.,I notice the color in the fabric.,Not reviewed in readiness audit,,
PE-CWM2-0027,"Clothing, Wearable Protection, and Ordinary Materials 2",Common Celan > LX-CWM2-0014,Expansion example,jekthamaen I hirmor ser dren.,I mix the pigment with water.,Not reviewed in readiness audit,,
PE-CWM2-0028,"Clothing, Wearable Protection, and Ordinary Materials 2",Common Celan > LX-CWM2-0014,Expansion example,dor I hirmor an kavvek.,I put the dye in the jar.,Not reviewed in readiness audit,,
PE-CWM2-0029,"Clothing, Wearable Protection, and Ordinary Materials 2",Common Celan > LX-CWM2-0015,Expansion example,hiraen mekral belrin.,The craftworker dyes the fabric.,Not reviewed in readiness audit,,
PE-CWM2-0030,"Clothing, Wearable Protection, and Ordinary Materials 2",Common Celan > LX-CWM2-0015,Expansion example,hiraen I mekrask.,I color the leather.,Not reviewed in readiness audit,,
PE-CWM2-0031,"Clothing, Wearable Protection, and Ordinary Materials 2",Common Celan > LX-CWM2-0016,Expansion example,rinaen arthaxar thal belkren.,The armor is made from an alloy.,Not reviewed in readiness audit,,
PE-CWM2-0032,"Clothing, Wearable Protection, and Ordinary Materials 2",Common Celan > LX-CWM2-0016,Expansion example,kes mekral belkren.,The craftworker identifies the alloy.,Not reviewed in readiness audit,,
PE-TM1-0001,Tools and Machines 1,Common Celan > LX-TM1-0001,Expansion example,rinaen karmek an karvek.,The tool is in the toolkit.,Not reviewed in readiness audit,,
PE-TM1-0002,Tools and Machines 1,Common Celan > LX-TM1-0001,Expansion example,tal I karmek an mekral.,I give the tool to the mechanic.,Not reviewed in readiness audit,,
PE-TM1-0003,Tools and Machines 1,Common Celan > LX-TM1-0002,Expansion example,rinaen kalmek kaleth.,The machine is powerful.,Not reviewed in readiness audit,,
PE-TM1-0004,Tools and Machines 1,Common Celan > LX-TM1-0002,Expansion example,zhaelpralaen mekral kalmek.,The mechanic repairs the machine.,Not reviewed in readiness audit,,
PE-TM1-0005,Tools and Machines 1,Common Celan > LX-TM1-0003,Expansion example,rinaen felmek ka.,A component is missing.,Not reviewed in readiness audit,,
PE-TM1-0006,Tools and Machines 1,Common Celan > LX-TM1-0003,Expansion example,dor mekral felmek an kalmek.,The mechanic puts the component in the machine.,Not reviewed in readiness audit,,
PE-TM1-0007,Tools and Machines 1,Common Celan > LX-TM1-0004,Reviewed usage example,zhaelpralaen mekral kormek.,The mechanic repairs the engine.,Not reviewed in readiness audit,,
PE-TM1-0008,Tools and Machines 1,Common Celan > LX-TM1-0004,Expansion example,zhaelpralaen I nethor.,I repair the chair.,Not reviewed in readiness audit,,
PE-TM1-0009,Tools and Machines 1,Common Celan > LX-TM1-0005,Expansion example,dor I jelkor an thamvek.,I put the spice in the mortar.,Not reviewed in readiness audit,,
PE-TM1-0010,Tools and Machines 1,Common Celan > LX-TM1-0005,Expansion example,drenselaen I thamvek.,I wash the mortar.,Not reviewed in readiness audit,,
PE-TM1-0011,Tools and Machines 1,Common Celan > LX-TM1-0006,Expansion example,karethaen I thamkar an thamvek.,I use the pestle in the mortar.,Not reviewed in readiness audit,,
PE-TM1-0012,Tools and Machines 1,Common Celan > LX-TM1-0006,Expansion example,rinaen thamkar an karvek.,The pestle is in the toolkit.,Not reviewed in readiness audit,,
PE-TM1-0013,Tools and Machines 1,Common Celan > LX-TM1-0007,Expansion example,zhaelpralaen I belxar ser zhirpel.,I repair the garment with a needle.,Not reviewed in readiness audit,,
PE-TM1-0014,Tools and Machines 1,Common Celan > LX-TM1-0007,Expansion example,rinaen zhirpel an karvek.,The needle is in the toolkit.,Not reviewed in readiness audit,,
PE-TM1-0015,Tools and Machines 1,Common Celan > LX-TM1-0008,Expansion example,karethaen mekral pelkorin an rask.,The craftworker uses the awl on the hide.,Not reviewed in readiness audit,,
PE-TM1-0016,Tools and Machines 1,Common Celan > LX-TM1-0008,Expansion example,rinaen pelkorin an karvek.,The awl is in the toolkit.,Not reviewed in readiness audit,,
PE-TM1-0017,Tools and Machines 1,Common Celan > LX-TM1-0009,Expansion example,pelaen I belrin ser delpel.,I cut the fabric with the shears.,Not reviewed in readiness audit,,
PE-TM1-0018,Tools and Machines 1,Common Celan > LX-TM1-0009,Expansion example,dor I delpel an pralor.,I put the shears on the table.,Not reviewed in readiness audit,,
PE-TM1-0019,Tools and Machines 1,Common Celan > LX-TM1-0010,Expansion example,korinaen mekral kren ser delkorin.,The craftworker holds the metal with tongs.,Not reviewed in readiness audit,,
PE-TM1-0020,Tools and Machines 1,Common Celan > LX-TM1-0010,Expansion example,rinaen delkorin an krezor.,The tongs are at the forge.,Not reviewed in readiness audit,,
PE-TM1-0021,Tools and Machines 1,Common Celan > LX-TM1-0011,Expansion example,karethaen mekral pelkar an mormek.,The craftworker uses the chisel on the worked stone.,Not reviewed in readiness audit,,
PE-TM1-0022,Tools and Machines 1,Common Celan > LX-TM1-0011,Expansion example,rinaen pelkar kren.,The chisel is metal.,Not reviewed in readiness audit,,
PE-TM1-0023,Tools and Machines 1,Common Celan > LX-TM1-0012,Expansion example,rinaen dren an drenkavvek.,The water is in the flask.,Not reviewed in readiness audit,,
PE-TM1-0024,Tools and Machines 1,Common Celan > LX-TM1-0012,Expansion example,vekaen I drenkavvek.,I carry the bottle.,Not reviewed in readiness audit,,
PE-TM1-0025,Tools and Machines 1,Common Celan > LX-TM1-0013,Expansion example,drentalaen I dren an krezdrenvek.,I pour water into the kettle.,Not reviewed in readiness audit,,
PE-TM1-0026,Tools and Machines 1,Common Celan > LX-TM1-0013,Expansion example,rinaen krezdrenvek feneth.,The kettle is hot.,Not reviewed in readiness audit,,
PE-TM1-0027,Tools and Machines 1,Common Celan > LX-TM1-0014,Expansion example,dor liorin rinpel an lianbelrin.,The elder puts the seal on the document.,Not reviewed in readiness audit,,
PE-TM1-0028,Tools and Machines 1,Common Celan > LX-TM1-0014,Expansion example,kes I rinpel.,I inspect the seal.,Not reviewed in readiness audit,,
PE-TM1-0029,Tools and Machines 1,Common Celan > LX-TM1-0015,Expansion example,karethaen kavral kelpel an kelpral.,The archivist uses the stylus on the tablet.,Not reviewed in readiness audit,,
PE-TM1-0030,Tools and Machines 1,Common Celan > LX-TM1-0015,Expansion example,dor kavral kelpel an pralor.,The archivist puts the stylus on the table.,Not reviewed in readiness audit,,
PE-TM1-0031,Tools and Machines 1,Common Celan > LX-TM1-0016,Expansion example,dor kavral rinshen an kelpral.,The archivist puts the identity record on the tablet.,Not reviewed in readiness audit,,
PE-TM1-0032,Tools and Machines 1,Common Celan > LX-TM1-0016,Expansion example,rinaen kelpral an karvek.,The writing tablet is in the toolkit.,Not reviewed in readiness audit,,
PE-TM1-0033,Tools and Machines 1,Common Celan > LX-TM1-0017,Expansion example,karethaen mekral shenzhir an zem.,The craftworker uses the ruler on the timber.,Not reviewed in readiness audit,,
PE-TM1-0034,Tools and Machines 1,Common Celan > LX-TM1-0017,Expansion example,rinaen shenzhir an karvek.,The measuring rod is in the toolkit.,Not reviewed in readiness audit,,
PE-TM1-0035,Tools and Machines 1,Common Celan > LX-TM1-0018,Expansion example,lorin lormek sharavok.,The compass guides the caravan.,Not reviewed in readiness audit,,
PE-TM1-0036,Tools and Machines 1,Common Celan > LX-TM1-0018,Expansion example,kes I lormek.,I check the compass.,Not reviewed in readiness audit,,
PE-TM1-0037,Tools and Machines 1,Common Celan > LX-TM1-0019,Expansion example,lorin sharashen sharavok.,The map guides the caravan.,Not reviewed in readiness audit,,
PE-TM1-0038,Tools and Machines 1,Common Celan > LX-TM1-0019,Expansion example,keldoraen I rathlor an sharashen.,I mark the danger on the map.,Not reviewed in readiness audit,,
PE-TM1-0039,Tools and Machines 1,Common Celan > LX-TM1-0020,Expansion example,kes I normek.,I check the clock.,Not reviewed in readiness audit,,
PE-TM1-0040,Tools and Machines 1,Common Celan > LX-TM1-0020,Expansion example,rinaen normek an pralor.,The clock is on the table.,Not reviewed in readiness audit,,
PE-TM1-0041,Tools and Machines 1,Common Celan > LX-TM1-0021,Reviewed usage example,pralaen mekral belrin ser belpralmek.,The craftworker makes fabric with the loom.,Not reviewed in readiness audit,,
PE-TM1-0042,Tools and Machines 1,Common Celan > LX-TM1-0021,Expansion example,zhaelpralaen mekral belpralmek.,The craftworker repairs the loom.,Not reviewed in readiness audit,,
PE-TM1-0043,Tools and Machines 1,Common Celan > LX-TM1-0022,Expansion example,rinaen felzhir an jekzhirvek.,The fiber is on the spool.,Not reviewed in readiness audit,,
PE-TM1-0044,Tools and Machines 1,Common Celan > LX-TM1-0022,Expansion example,dor mekral jekzhirvek an belpralmek.,The craftworker puts the spool on the loom.,Not reviewed in readiness audit,,
PE-TM1-0045,Tools and Machines 1,Common Celan > LX-TM1-0023,Expansion example,kes mekral shenmek.,The mechanic checks the gauge.,Not reviewed in readiness audit,,
PE-TM1-0046,Tools and Machines 1,Common Celan > LX-TM1-0023,Expansion example,rinaen shenmek an kalmek.,The gauge is on the machine.,Not reviewed in readiness audit,,
PE-TM1-0047,Tools and Machines 1,Common Celan > LX-TM1-0024,Expansion example,kes kesmek krez.,The sensor detects fire.,Not reviewed in readiness audit,,
PE-TM1-0048,Tools and Machines 1,Common Celan > LX-TM1-0024,Expansion example,rinaen kesmek an shanmek.,The sensor is on the pipe.,Not reviewed in readiness audit,,
PE-TM1-0049,Tools and Machines 1,Common Celan > LX-TM1-0025,Expansion example,shenlianaen mekral shenmek.,The mechanic calibrates the gauge.,Not reviewed in readiness audit,,
PE-TM1-0050,Tools and Machines 1,Common Celan > LX-TM1-0025,Expansion example,shenlianaen liorin lormek.,The elder calibrates the compass.,Not reviewed in readiness audit,,
PE-TM1-0051,Tools and Machines 1,Common Celan > LX-TM1-0026,Expansion example,rinaen kormek an kalmek.,The engine is in the machine.,Not reviewed in readiness audit,,
PE-TM1-0052,Tools and Machines 1,Common Celan > LX-TM1-0026,Expansion example,zhaelpralaen mekral kormek.,The mechanic repairs the motor.,Not reviewed in readiness audit,,
PE-TM1-0053,Tools and Machines 1,Common Celan > LX-TM1-0027,Expansion example,rinaen zhelkor an zhelbel.,The generator is connected to the power grid.,Not reviewed in readiness audit,,
PE-TM1-0054,Tools and Machines 1,Common Celan > LX-TM1-0027,Expansion example,kes mekral zhelkor.,The mechanic checks the generator.,Not reviewed in readiness audit,,
PE-TM1-0055,Tools and Machines 1,Common Celan > LX-TM1-0028,Expansion example,rinaen zhelkav zun.,The battery is empty.,Not reviewed in readiness audit,,
PE-TM1-0056,Tools and Machines 1,Common Celan > LX-TM1-0028,Expansion example,dor mekral zhelkav an kalmek.,The mechanic puts the battery in the machine.,Not reviewed in readiness audit,,
PE-TM1-0057,Tools and Machines 1,Common Celan > LX-TM1-0029,Expansion example,rinaen dren an shanmek.,Water is in the pipe.,Not reviewed in readiness audit,,
PE-TM1-0058,Tools and Machines 1,Common Celan > LX-TM1-0029,Expansion example,zhaelpralaen mekral shanmek.,The mechanic repairs the conduit.,Not reviewed in readiness audit,,
PE-TM1-0059,Tools and Machines 1,Common Celan > LX-TM1-0030,Expansion example,rinaen krenzhir zhelshaneth.,The wire is conductive.,Not reviewed in readiness audit,,
PE-TM1-0060,Tools and Machines 1,Common Celan > LX-TM1-0030,Expansion example,pelvokaen krenzhir.,The wire snaps.,Not reviewed in readiness audit,,
PE-TM1-0061,Tools and Machines 1,Common Celan > LX-TM1-0031,Expansion example,rinaen selshan an shanmek.,The filter is in the pipe.,Not reviewed in readiness audit,,
PE-TM1-0062,Tools and Machines 1,Common Celan > LX-TM1-0031,Expansion example,zhaelpralaen mekral selshan.,The mechanic repairs the filter.,Not reviewed in readiness audit,,
PE-TM1-0063,Tools and Machines 1,Common Celan > LX-TM1-0032,Expansion example,selshanaen I dren.,I filter the water.,Not reviewed in readiness audit,,
PE-TM1-0064,Tools and Machines 1,Common Celan > LX-TM1-0032,Expansion example,selshanaen mekral esh.,The mechanic filters the air.,Not reviewed in readiness audit,,
PE-TM1-0065,Tools and Machines 1,Common Celan > LX-TM1-0033,Expansion example,rinaen ravshan an awekshara.,The pump is at the spring-fed canal.,Not reviewed in readiness audit,,
PE-TM1-0066,Tools and Machines 1,Common Celan > LX-TM1-0033,Expansion example,zhaelpralaen mekral ravshan.,The mechanic repairs the pump.,Not reviewed in readiness audit,,
PE-TM1-0067,Tools and Machines 1,Common Celan > LX-TM1-0034,Expansion example,xaraen mekral belshan.,The mechanic closes the valve.,Not reviewed in readiness audit,,
PE-TM1-0068,Tools and Machines 1,Common Celan > LX-TM1-0034,Expansion example,kaxaraen I belshan.,I open the valve.,Not reviewed in readiness audit,,
PE-TM1-0069,Tools and Machines 1,Common Celan > LX-TM1-0035,Expansion example,jekaen mekral wekmek.,The mechanic turns the wheel.,Not reviewed in readiness audit,,
PE-TM1-0070,Tools and Machines 1,Common Celan > LX-TM1-0035,Expansion example,rinaen wekmek an kalmek.,The wheel is on the machine.,Not reviewed in readiness audit,,
PE-TM1-0071,Tools and Machines 1,Common Celan > LX-TM1-0036,Expansion example,rinaen korwek an wekmek.,The axle is in the wheel.,Not reviewed in readiness audit,,
PE-TM1-0072,Tools and Machines 1,Common Celan > LX-TM1-0036,Expansion example,zhaelpralaen mekral korwek.,The mechanic repairs the axle.,Not reviewed in readiness audit,,
PE-TM1-0073,Tools and Machines 1,Common Celan > LX-TM1-0037,Expansion example,jekaen jekmek an kalmek.,The gear turns in the machine.,Not reviewed in readiness audit,,
PE-TM1-0074,Tools and Machines 1,Common Celan > LX-TM1-0037,Expansion example,pelvokaen jekmek.,The gear snaps.,Not reviewed in readiness audit,,
PE-TM1-0075,Tools and Machines 1,Common Celan > LX-TM1-0038,Expansion example,karethaen I ravkar an mormek.,I use the lever on the worked stone.,Not reviewed in readiness audit,,
PE-TM1-0076,Tools and Machines 1,Common Celan > LX-TM1-0038,Expansion example,rinaen ravkar an karvek.,The lever is in the toolkit.,Not reviewed in readiness audit,,
PE-TM1-0077,Tools and Machines 1,Common Celan > LX-TM1-0039,Expansion example,vekaen wekrav mormek.,The pulley carries the worked stone.,Not reviewed in readiness audit,,
PE-TM1-0078,Tools and Machines 1,Common Celan > LX-TM1-0039,Expansion example,rinaen zhirin an wekrav.,The rope is on the pulley.,Not reviewed in readiness audit,,
PE-TM1-0079,Tools and Machines 1,Common Celan > LX-TM1-0040,Expansion example,rinaen jekkal an kalmek.,The mechanical spring is in the machine.,Not reviewed in readiness audit,,
PE-TM1-0080,Tools and Machines 1,Common Celan > LX-TM1-0040,Expansion example,korinaen jekkal kal nethnor.,The spring still holds force.,Not reviewed in readiness audit,,
PE-TVO1-0001,Transportation and Vehicle Operations 1,Common Celan > LX-TVO1-0001,Expansion example,rinaen varvek an shara.,The vehicle is on the route.,Not reviewed in readiness audit,,
PE-TVO1-0002,Transportation and Vehicle Operations 1,Common Celan > LX-TVO1-0001,Expansion example,zhaelpralaen mekral varvek.,The mechanic repairs the vehicle.,Not reviewed in readiness audit,,
PE-TVO1-0003,Transportation and Vehicle Operations 1,Common Celan > LX-TVO1-0002,Expansion example,var felvek an shara.,The cart moves along the path.,Not reviewed in readiness audit,,
PE-TVO1-0004,Transportation and Vehicle Operations 1,Common Celan > LX-TVO1-0002,Expansion example,ravvekaen belzor felvek.,The livestock tow the cart.,Not reviewed in readiness audit,,
PE-TVO1-0005,Transportation and Vehicle Operations 1,Common Celan > LX-TVO1-0003,Reviewed usage example,vekaen morvek vekmor.,The wagon carries the cargo.,Not reviewed in readiness audit,,
PE-TVO1-0006,Transportation and Vehicle Operations 1,Common Celan > LX-TVO1-0003,Expansion example,rinaen morvek maganeth.,The wagon is heavy.,Not reviewed in readiness audit,,
PE-TVO1-0007,Transportation and Vehicle Operations 1,Common Celan > LX-TVO1-0004,Expansion example,var pralvek an velk.,The sled travels on the ice.,Not reviewed in readiness audit,,
PE-TVO1-0008,Transportation and Vehicle Operations 1,Common Celan > LX-TVO1-0004,Expansion example,ravvekaen harven pralvek.,The Harven tows the sled.,Not reviewed in readiness audit,,
PE-TVO1-0009,Transportation and Vehicle Operations 1,Common Celan > LX-TVO1-0005,Expansion example,kormekaen lorvekral kormekvek.,The driver operates the motor vehicle.,Not reviewed in readiness audit,,
PE-TVO1-0010,Transportation and Vehicle Operations 1,Common Celan > LX-TVO1-0005,Expansion example,zhaelpralaen mekral kormekvek.,The mechanic repairs the motor vehicle.,Not reviewed in readiness audit,,
PE-TVO1-0011,Transportation and Vehicle Operations 1,Common Celan > LX-TVO1-0006,Expansion example,vekvaraen I delkormek.,I ride the motorbike.,Not reviewed in readiness audit,,
PE-TVO1-0012,Transportation and Vehicle Operations 1,Common Celan > LX-TVO1-0006,Expansion example,dorvekaen ser delkormek an kaleth.,The friend parks the motorcycle at the fortress.,Not reviewed in readiness audit,,
PE-TVO1-0013,Transportation and Vehicle Operations 1,Common Celan > LX-TVO1-0007,Expansion example,weksharaen I ser delwek.,I commute by bicycle.,Not reviewed in readiness audit,,
PE-TVO1-0014,Transportation and Vehicle Operations 1,Common Celan > LX-TVO1-0007,Expansion example,zhaelpralaen mekral delwek.,The mechanic repairs the bicycle.,Not reviewed in readiness audit,,
PE-TVO1-0015,Transportation and Vehicle Operations 1,Common Celan > LX-TVO1-0008,Expansion example,anvekaen I zhirvek.,I board the railcar.,Not reviewed in readiness audit,,
PE-TVO1-0016,Transportation and Vehicle Operations 1,Common Celan > LX-TVO1-0008,Expansion example,rinaen zhirvek an zhirshara.,The railcar is on the railway.,Not reviewed in readiness audit,,
PE-TVO1-0017,Transportation and Vehicle Operations 1,Common Celan > LX-TVO1-0009,Expansion example,dar I belzhirvek.,I wait for the train.,Not reviewed in readiness audit,,
PE-TVO1-0018,Transportation and Vehicle Operations 1,Common Celan > LX-TVO1-0009,Expansion example,var belzhirvek an zhirshara.,The train travels on the railway.,Not reviewed in readiness audit,,
PE-TVO1-0019,Transportation and Vehicle Operations 1,Common Celan > LX-TVO1-0010,Expansion example,rinaen kren an zhirshara.,There is metal in the railway.,Not reviewed in readiness audit,,
PE-TVO1-0020,Transportation and Vehicle Operations 1,Common Celan > LX-TVO1-0010,Expansion example,kasharaen sharavok zhirshara.,The caravan avoids the railway.,Not reviewed in readiness audit,,
PE-TVO1-0021,Transportation and Vehicle Operations 1,Common Celan > LX-TVO1-0011,Expansion example,var shalilvek shan esh.,The glider travels through the air.,Not reviewed in readiness audit,,
PE-TVO1-0022,Transportation and Vehicle Operations 1,Common Celan > LX-TVO1-0011,Expansion example,vekvaraen ser shalilvek an mahr.,The friend rides the glider on the sea.,Not reviewed in readiness audit,,
PE-TVO1-0023,Transportation and Vehicle Operations 1,Common Celan > LX-TVO1-0012,Expansion example,eshvaraen eshvek esh morl.,The aircraft flies above the mountain.,Not reviewed in readiness audit,,
PE-TVO1-0024,Transportation and Vehicle Operations 1,Common Celan > LX-TVO1-0012,Expansion example,anvekaen vekin eshvek.,The passenger boards the aircraft.,Not reviewed in readiness audit,,
PE-TVO1-0025,Transportation and Vehicle Operations 1,Common Celan > LX-TVO1-0013,Expansion example,rinaen mahrxarvek an mahr.,The submersible is in the sea.,Not reviewed in readiness audit,,
PE-TVO1-0026,Transportation and Vehicle Operations 1,Common Celan > LX-TVO1-0013,Expansion example,anvekaen I mahrxarvek.,I board the submersible.,Not reviewed in readiness audit,,
PE-TVO1-0027,Transportation and Vehicle Operations 1,Common Celan > LX-TVO1-0014,Expansion example,var krenzhirvek esh morl.,The cable car travels above the mountain.,Not reviewed in readiness audit,,
PE-TVO1-0028,Transportation and Vehicle Operations 1,Common Celan > LX-TVO1-0014,Expansion example,vekvaraen I krenzhirvek.,I ride the cable car.,Not reviewed in readiness audit,,
PE-TVO1-0029,Transportation and Vehicle Operations 1,Common Celan > LX-TVO1-0015,Expansion example,var mahrpral an mahr.,The raft travels on the sea.,Not reviewed in readiness audit,,
PE-TVO1-0030,Transportation and Vehicle Operations 1,Common Celan > LX-TVO1-0015,Reviewed usage example,ravvekaen mahrvek mahrpral.,The ship tows the raft.,Not reviewed in readiness audit,,
PE-TVO1-0031,Transportation and Vehicle Operations 1,Common Celan > LX-TVO1-0016,Expansion example,vekvaraen I tharokh.,I ride the Tharokh.,Not reviewed in readiness audit,,
PE-TVO1-0032,Transportation and Vehicle Operations 1,Common Celan > LX-TVO1-0016,Expansion example,vekvaraen ser kormekvek.,The friend rides in the motor vehicle.,Not reviewed in readiness audit,,
PE-TVO1-0033,Transportation and Vehicle Operations 1,Common Celan > LX-TVO1-0017,Expansion example,kormekaen I kormekvek.,I drive the motor vehicle.,Not reviewed in readiness audit,,
PE-TVO1-0034,Transportation and Vehicle Operations 1,Common Celan > LX-TVO1-0017,Expansion example,kormekaen mekral kalmek.,The mechanic operates the machine.,Not reviewed in readiness audit,,
PE-TVO1-0035,Transportation and Vehicle Operations 1,Common Celan > LX-TVO1-0018,Expansion example,lorvekaen I mahrvek.,I steer the ship.,Not reviewed in readiness audit,,
PE-TVO1-0036,Transportation and Vehicle Operations 1,Common Celan > LX-TVO1-0018,Expansion example,lorvekaen lorvekral morvek.,The driver steers the wagon.,Not reviewed in readiness audit,,
PE-TVO1-0037,Transportation and Vehicle Operations 1,Common Celan > LX-TVO1-0019,Expansion example,mahrvaraen I mahrvek.,I sail the ship.,Not reviewed in readiness audit,,
PE-TVO1-0038,Transportation and Vehicle Operations 1,Common Celan > LX-TVO1-0019,Expansion example,mahrvaraen mahrvek an mahr.,The ship sails on the sea.,Not reviewed in readiness audit,,
PE-TVO1-0039,Transportation and Vehicle Operations 1,Common Celan > LX-TVO1-0020,Expansion example,eshvaraen eshlin esh morl.,The bird flies above the mountain.,Not reviewed in readiness audit,,
PE-TVO1-0040,Transportation and Vehicle Operations 1,Common Celan > LX-TVO1-0020,Reviewed usage example,eshvaraen eshlorral eshvek.,The pilot flies the aircraft.,Not reviewed in readiness audit,,
PE-TVO1-0041,Transportation and Vehicle Operations 1,Common Celan > LX-TVO1-0021,Expansion example,anvekaen I belzhirvek.,I board the train.,Not reviewed in readiness audit,,
PE-TVO1-0042,Transportation and Vehicle Operations 1,Common Celan > LX-TVO1-0021,Expansion example,anvekaen vekin mahrvek.,The passenger boards the ship.,Not reviewed in readiness audit,,
PE-TVO1-0043,Transportation and Vehicle Operations 1,Common Celan > LX-TVO1-0022,Expansion example,thalvekaen I belzhirvek.,I disembark from the train.,Not reviewed in readiness audit,,
PE-TVO1-0044,Transportation and Vehicle Operations 1,Common Celan > LX-TVO1-0022,Expansion example,thalvekaen vekin mahrvek.,The passenger disembarks from the ship.,Not reviewed in readiness audit,,
PE-TVO1-0045,Transportation and Vehicle Operations 1,Common Celan > LX-TVO1-0023,Expansion example,weksharaen I an kinnmor.,I commute in the morning.,Grammar question,An with morning may be a time-span use or error.,Review after temporal-an rule is clarified.
PE-TVO1-0046,Transportation and Vehicle Operations 1,Common Celan > LX-TVO1-0023,Expansion example,weksharaen mekral an zhirshara.,The mechanic commutes by rail.,Grammar question,An zhirshara may locate a route rather than express means.,Review attested rail construction.
PE-TVO1-0047,Transportation and Vehicle Operations 1,Common Celan > LX-TVO1-0024,Expansion example,dorvekaen lorvekral kormekvek an kaleth.,The driver parks the motor vehicle at the fortress.,Not reviewed in readiness audit,,
PE-TVO1-0048,Transportation and Vehicle Operations 1,Common Celan > LX-TVO1-0024,Expansion example,dorvekaen I delkormek an teremil.,I park the motorbike at home.,Not reviewed in readiness audit,,
PE-TVO1-0049,Transportation and Vehicle Operations 1,Common Celan > LX-TVO1-0025,Expansion example,kes lorvekral jorvar.,The driver notices the speed.,Not reviewed in readiness audit,,
PE-TVO1-0050,Transportation and Vehicle Operations 1,Common Celan > LX-TVO1-0025,Expansion example,rinaen jorvar an shenmek.,The speed is displayed on the gauge.,Not reviewed in readiness audit,,
PE-TVO1-0051,Transportation and Vehicle Operations 1,Common Celan > LX-TVO1-0026,Expansion example,jorvaraen lorvekral kormekvek.,The driver accelerates the motor vehicle.,Not reviewed in readiness audit,,
PE-TVO1-0052,Transportation and Vehicle Operations 1,Common Celan > LX-TVO1-0026,Expansion example,Va ver jorvaraen Ya an felshara.,Do not accelerate in the lane.,Not reviewed in readiness audit,,
PE-TVO1-0053,Transportation and Vehicle Operations 1,Common Celan > LX-TVO1-0027,Expansion example,velvaraen lorvekral morvek.,The driver slows the wagon.,Not reviewed in readiness audit,,
PE-TVO1-0054,Transportation and Vehicle Operations 1,Common Celan > LX-TVO1-0027,Expansion example,velvaraen belzhirvek an kaleth.,The train slows at the fortress.,Not reviewed in readiness audit,,
PE-TVO1-0055,Transportation and Vehicle Operations 1,Common Celan > LX-TVO1-0028,Expansion example,belvekaen I kormekvek.,I brake the motor vehicle.,Not reviewed in readiness audit,,
PE-TVO1-0056,Transportation and Vehicle Operations 1,Common Celan > LX-TVO1-0028,Expansion example,belvekaen lorvekral varvek an vorkor.,The driver brakes the vehicle at the gate.,Not reviewed in readiness audit,,
PE-TVO1-0057,Transportation and Vehicle Operations 1,Common Celan > LX-TVO1-0029,Expansion example,ravvekaen I felvek.,I tow the cart.,Not reviewed in readiness audit,,
PE-TVO1-0058,Transportation and Vehicle Operations 1,Common Celan > LX-TVO1-0029,Expansion example,ravvekaen mahrvek mahrpral.,The ship tows the raft.,Not reviewed in readiness audit,,
PE-TVO1-0059,Transportation and Vehicle Operations 1,Common Celan > LX-TVO1-0030,Expansion example,rinaen kormekvek an felshara.,The motor vehicle is in the lane.,Not reviewed in readiness audit,,
PE-TVO1-0060,Transportation and Vehicle Operations 1,Common Celan > LX-TVO1-0030,Expansion example,jekaen lorvekral an felshara.,The driver turns within the lane.,Not reviewed in readiness audit,,
PE-TVO1-0061,Transportation and Vehicle Operations 1,Common Celan > LX-TVO1-0031,Expansion example,vekaen morvek vekmor.,The wagon carries cargo.,Not reviewed in readiness audit,,
PE-TVO1-0062,Transportation and Vehicle Operations 1,Common Celan > LX-TVO1-0031,Expansion example,korinaen I vekmor an varvek.,I hold the cargo in the vehicle.,Not reviewed in readiness audit,,
PE-TVO1-0063,Transportation and Vehicle Operations 1,Common Celan > LX-TVO1-0032,Expansion example,anvekaen vekin belzhirvek.,The passenger boards the train.,Not reviewed in readiness audit,,
PE-TVO1-0064,Transportation and Vehicle Operations 1,Common Celan > LX-TVO1-0032,Expansion example,dar vekin ser lorvekral.,The passenger waits with the driver.,Not reviewed in readiness audit,,
PE-TVO1-0065,Transportation and Vehicle Operations 1,Common Celan > LX-TVO1-0033,Expansion example,lorvekaen lorvekral kormekvek.,The driver steers the motor vehicle.,Not reviewed in readiness audit,,
PE-TVO1-0066,Transportation and Vehicle Operations 1,Common Celan > LX-TVO1-0033,Expansion example,kes lorvekral belreth an kormek.,The driver notices a problem in the engine.,Not reviewed in readiness audit,,
PE-TVO1-0067,Transportation and Vehicle Operations 1,Common Celan > LX-TVO1-0034,Expansion example,eshvaraen eshlorral eshvek.,The pilot flies the aircraft.,Not reviewed in readiness audit,,
PE-TVO1-0068,Transportation and Vehicle Operations 1,Common Celan > LX-TVO1-0034,Expansion example,lorvekaen eshlorral eshvek.,The pilot steers the aircraft.,Not reviewed in readiness audit,,
PE-TVO1-0069,Transportation and Vehicle Operations 1,Common Celan > LX-TVO1-0035,Expansion example,rinaen welvek an shara.,There is traffic on the route.,Not reviewed in readiness audit,,
PE-TVO1-0070,Transportation and Vehicle Operations 1,Common Celan > LX-TVO1-0035,Expansion example,velvaraen welvek an varthas.,Traffic slows in the city.,Not reviewed in readiness audit,,
PE-BSPI1-0001,Built Spaces and Public Infrastructure 1,Common Celan > LX-BSPI1-0001,Expansion example,rinaen mekor an varthas.,The building is in the city.,Not reviewed in readiness audit,,
PE-BSPI1-0002,Built Spaces and Public Infrastructure 1,Common Celan > LX-BSPI1-0001,Expansion example,zhaelpralaen mekral mekor.,The craftsperson repairs the building.,Not reviewed in readiness audit,,
PE-BSPI1-0003,Built Spaces and Public Infrastructure 1,Common Celan > LX-BSPI1-0002,Expansion example,korinaen ndara eshxar.,The wall holds the roof.,Not reviewed in readiness audit,,
PE-BSPI1-0004,Built Spaces and Public Infrastructure 1,Common Celan > LX-BSPI1-0002,Expansion example,zhaelpralaen mekral ndara.,The craftsperson repairs the wall.,Not reviewed in readiness audit,,
PE-BSPI1-0005,Built Spaces and Public Infrastructure 1,Common Celan > LX-BSPI1-0003,Expansion example,rinaen eshxar esh mekor.,The roof is above the building.,Not reviewed in readiness audit,,
PE-BSPI1-0006,Built Spaces and Public Infrastructure 1,Common Celan > LX-BSPI1-0003,Expansion example,zhaelpralaen mekral eshxar.,The craftsperson repairs the roof.,Not reviewed in readiness audit,,
PE-BSPI1-0007,Built Spaces and Public Infrastructure 1,Common Celan > LX-BSPI1-0004,Expansion example,rinaen vekmor an morlpral.,The cargo is on the floor.,Not reviewed in readiness audit,,
PE-BSPI1-0008,Built Spaces and Public Infrastructure 1,Common Celan > LX-BSPI1-0004,Expansion example,zhaelpralaen mekral morlpral.,The craftsperson repairs the floor.,Not reviewed in readiness audit,,
PE-BSPI1-0009,Built Spaces and Public Infrastructure 1,Common Celan > LX-BSPI1-0005,Expansion example,rinaen shalkor an aneshxar.,The lamp is on the ceiling.,Not reviewed in readiness audit,,
PE-BSPI1-0010,Built Spaces and Public Infrastructure 1,Common Celan > LX-BSPI1-0005,Expansion example,rinaen aneshxar esh nethor.,The ceiling is above the chair.,Not reviewed in readiness audit,,
PE-BSPI1-0011,Built Spaces and Public Infrastructure 1,Common Celan > LX-BSPI1-0006,Expansion example,kaxaraen I shalshan.,I open the window.,Not reviewed in readiness audit,,
PE-BSPI1-0012,Built Spaces and Public Infrastructure 1,Common Celan > LX-BSPI1-0006,Expansion example,xaraen I shalshan.,I close the window.,Not reviewed in readiness audit,,
PE-BSPI1-0013,Built Spaces and Public Infrastructure 1,Common Celan > LX-BSPI1-0007,Expansion example,rinaen xarzhir an shalshan.,The screen is at the window.,Not reviewed in readiness audit,,
PE-BSPI1-0014,Built Spaces and Public Infrastructure 1,Common Celan > LX-BSPI1-0007,Expansion example,shan shal xarzhir.,Light passes through the lattice.,Not reviewed in readiness audit,,
PE-BSPI1-0015,Built Spaces and Public Infrastructure 1,Common Celan > LX-BSPI1-0008,Expansion example,rinaen kormor morl mekor.,The foundation is beneath the building.,Not reviewed in readiness audit,,
PE-BSPI1-0016,Built Spaces and Public Infrastructure 1,Common Celan > LX-BSPI1-0008,Expansion example,korinaen kormor mekor.,The foundation supports the building.,Not reviewed in readiness audit,,
PE-BSPI1-0017,Built Spaces and Public Infrastructure 1,Common Celan > LX-BSPI1-0009,Expansion example,korinaen mbalanmor mekeshpral.,The column supports the balcony.,Not reviewed in readiness audit,,
PE-BSPI1-0018,Built Spaces and Public Infrastructure 1,Common Celan > LX-BSPI1-0009,Expansion example,rinaen mbalanmor an welpralor.,The pillar is in the plaza.,Not reviewed in readiness audit,,
PE-BSPI1-0019,Built Spaces and Public Infrastructure 1,Common Celan > LX-BSPI1-0010,Expansion example,rinaen velkelor an ndavior.,The library is on a building storey.,Not reviewed in readiness audit,,
PE-BSPI1-0020,Built Spaces and Public Infrastructure 1,Common Celan > LX-BSPI1-0010,Reviewed usage example,var ndavivek an ndavior.,The elevator moves to the building level.,Not reviewed in readiness audit,,
PE-BSPI1-0021,Built Spaces and Public Infrastructure 1,Common Celan > LX-BSPI1-0011,Expansion example,rinaen nethor an xaror.,The chair is in the room.,Not reviewed in readiness audit,,
PE-BSPI1-0022,Built Spaces and Public Infrastructure 1,Common Celan > LX-BSPI1-0011,Expansion example,dar I an xaror.,I wait in the room.,Not reviewed in readiness audit,,
PE-BSPI1-0023,Built Spaces and Public Infrastructure 1,Common Celan > LX-BSPI1-0012,Expansion example,rinaen welrim an worxaror.,The feast is in the hall.,Not reviewed in readiness audit,,
PE-BSPI1-0024,Built Spaces and Public Infrastructure 1,Common Celan > LX-BSPI1-0012,Expansion example,rinaen worxaror an mekor.,The hall is inside the building.,Not reviewed in readiness audit,,
PE-BSPI1-0025,Built Spaces and Public Infrastructure 1,Common Celan > LX-BSPI1-0013,Expansion example,rinaen drojormek an xarwelor.,The fountain is in the courtyard.,Not reviewed in readiness audit,,
PE-BSPI1-0026,Built Spaces and Public Infrastructure 1,Common Celan > LX-BSPI1-0013,Expansion example,rinaen xarwelor an mekor.,The courtyard is within the building.,Not reviewed in readiness audit,,
PE-BSPI1-0027,Built Spaces and Public Infrastructure 1,Common Celan > LX-BSPI1-0014,Expansion example,rinaen welrim an welpralor.,The feast is in the public square.,Not reviewed in readiness audit,,
PE-BSPI1-0028,Built Spaces and Public Infrastructure 1,Common Celan > LX-BSPI1-0014,Expansion example,rinaen welvek an welpralor.,Traffic is in the plaza.,Not reviewed in readiness audit,,
PE-BSPI1-0029,Built Spaces and Public Infrastructure 1,Common Celan > LX-BSPI1-0015,Expansion example,rinaen mekeshpral esh welpralor.,The balcony is above the plaza.,Not reviewed in readiness audit,,
PE-BSPI1-0030,Built Spaces and Public Infrastructure 1,Common Celan > LX-BSPI1-0015,Expansion example,rinaen ser an mekeshpral.,The friend is on the balcony.,Not reviewed in readiness audit,,
PE-BSPI1-0031,Built Spaces and Public Infrastructure 1,Common Celan > LX-BSPI1-0016,Expansion example,rinaen kel an velkelor.,The text is in the library.,Not reviewed in readiness audit,,
PE-BSPI1-0032,Built Spaces and Public Infrastructure 1,Common Celan > LX-BSPI1-0016,Expansion example,var I an velkelor.,I go to the library.,Not reviewed in readiness audit,,
PE-BSPI1-0033,Built Spaces and Public Infrastructure 1,Common Celan > LX-BSPI1-0017,Expansion example,rinaen shenmek an shenpralor.,The measuring device is in the laboratory.,Not reviewed in readiness audit,,
PE-BSPI1-0034,Built Spaces and Public Infrastructure 1,Common Celan > LX-BSPI1-0017,Expansion example,pralaen shenral an shenpralor.,The scholar works in the laboratory.,Not reviewed in readiness audit,,
PE-BSPI1-0035,Built Spaces and Public Infrastructure 1,Common Celan > LX-BSPI1-0018,Expansion example,kes shenral dral an shenkesor.,The scholar observes a star at the observatory.,Not reviewed in readiness audit,,
PE-BSPI1-0036,Built Spaces and Public Infrastructure 1,Common Celan > LX-BSPI1-0018,Expansion example,rinaen shenkesor an morl.,The observatory is on the mountain.,Not reviewed in readiness audit,,
PE-BSPI1-0037,Built Spaces and Public Infrastructure 1,Common Celan > LX-BSPI1-0019,Expansion example,rinaen belzhir an belzhirkavor.,The network is in the data center.,Not reviewed in readiness audit,,
PE-BSPI1-0038,Built Spaces and Public Infrastructure 1,Common Celan > LX-BSPI1-0019,Expansion example,dor mekral kel an belzhirkavor.,The technician puts an encoded text in the data center.,Not reviewed in readiness audit,,
PE-BSPI1-0039,Built Spaces and Public Infrastructure 1,Common Celan > LX-BSPI1-0020,Expansion example,rinaen lorvekral an lormekor.,The operator is in the control room.,Not reviewed in readiness audit,,
PE-BSPI1-0040,Built Spaces and Public Infrastructure 1,Common Celan > LX-BSPI1-0020,Expansion example,lorin lorvekral kalmek an lormekor.,The operator directs the machine from the control room.,Not reviewed in readiness audit,,
PE-BSPI1-0041,Built Spaces and Public Infrastructure 1,Common Celan > LX-BSPI1-0021,Expansion example,zhaelpralaen mekral karvek an mekpralor.,The craftsperson repairs the toolkit in the workshop.,Not reviewed in readiness audit,,
PE-BSPI1-0042,Built Spaces and Public Infrastructure 1,Common Celan > LX-BSPI1-0021,Expansion example,rinaen kareth an mekpralor.,The hammer is in the workshop.,Not reviewed in readiness audit,,
PE-BSPI1-0043,Built Spaces and Public Infrastructure 1,Common Celan > LX-BSPI1-0022,Expansion example,var I shan njor.,I go across the bridge.,Not reviewed in readiness audit,,
PE-BSPI1-0044,Built Spaces and Public Infrastructure 1,Common Celan > LX-BSPI1-0022,Expansion example,rinaen njor esh dro.,The bridge is above the water.,Not reviewed in readiness audit,,
PE-BSPI1-0045,Built Spaces and Public Infrastructure 1,Common Celan > LX-BSPI1-0023,Expansion example,var kormekvek an mekshara.,The motor vehicle travels on the road.,Not reviewed in readiness audit,,
PE-BSPI1-0046,Built Spaces and Public Infrastructure 1,Common Celan > LX-BSPI1-0023,Expansion example,zhaelpralaen mekral mekshara.,The craftsperson repairs the road.,Not reviewed in readiness audit,,
PE-BSPI1-0047,Built Spaces and Public Infrastructure 1,Common Celan > LX-BSPI1-0024,Expansion example,var I esh brosshara.,I go up the stairway.,Not reviewed in readiness audit,,
PE-BSPI1-0048,Built Spaces and Public Infrastructure 1,Common Celan > LX-BSPI1-0024,Expansion example,rinaen brosshara an mekor.,The stairs are in the building.,Not reviewed in readiness audit,,
PE-BSPI1-0049,Built Spaces and Public Infrastructure 1,Common Celan > LX-BSPI1-0025,Expansion example,var I shan morlshan.,I go through the tunnel.,Not reviewed in readiness audit,,
PE-BSPI1-0050,Built Spaces and Public Infrastructure 1,Common Celan > LX-BSPI1-0025,Expansion example,rinaen shalkor an morlshan.,The lamp is in the tunnel.,Not reviewed in readiness audit,,
PE-BSPI1-0051,Built Spaces and Public Infrastructure 1,Common Celan > LX-BSPI1-0026,Expansion example,var varvek shan varshanmek.,The vehicle travels through the transit tube.,Not reviewed in readiness audit,,
PE-BSPI1-0052,Built Spaces and Public Infrastructure 1,Common Celan > LX-BSPI1-0026,Expansion example,xaraen mekral varshanmek.,The technician closes the transit tube.,Not reviewed in readiness audit,,
PE-BSPI1-0053,Built Spaces and Public Infrastructure 1,Common Celan > LX-BSPI1-0027,Expansion example,dar I an varbelor.,I wait at the station.,Not reviewed in readiness audit,,
PE-BSPI1-0054,Built Spaces and Public Infrastructure 1,Common Celan > LX-BSPI1-0027,Expansion example,thalvekaen vekin an varbelor.,The passengers disembark at the terminal.,Not reviewed in readiness audit,,
PE-BSPI1-0055,Built Spaces and Public Infrastructure 1,Common Celan > LX-BSPI1-0028,Expansion example,rinaen vekin an eshpralor.,The passengers are on the platform.,Not reviewed in readiness audit,,
PE-BSPI1-0056,Built Spaces and Public Infrastructure 1,Common Celan > LX-BSPI1-0028,Expansion example,rinaen shenral an eshpralor.,The scholar is on the raised platform.,Not reviewed in readiness audit,,
PE-BSPI1-0057,Built Spaces and Public Infrastructure 1,Common Celan > LX-BSPI1-0029,Expansion example,vekaen ndavivek vekmor.,The elevator carries the cargo.,Not reviewed in readiness audit,,
PE-BSPI1-0058,Built Spaces and Public Infrastructure 1,Common Celan > LX-BSPI1-0029,Expansion example,var ndavivek an ndavior.,The elevator moves to the building level.,Not reviewed in readiness audit,,
PE-BSPI1-0059,Built Spaces and Public Infrastructure 1,Common Celan > LX-BSPI1-0030,Expansion example,anvekaen I mahrvek an mahrpralor.,I board the ship at the dock.,Not reviewed in readiness audit,,
PE-BSPI1-0060,Built Spaces and Public Infrastructure 1,Common Celan > LX-BSPI1-0030,Expansion example,rinaen vekmor an mahrpralor.,The cargo is on the dock.,Not reviewed in readiness audit,,
PE-BSPI1-0061,Built Spaces and Public Infrastructure 1,Common Celan > LX-BSPI1-0031,Expansion example,rinaen mahrvek an mahrxaror.,The ship is in the harbor.,Not reviewed in readiness audit,,
PE-BSPI1-0062,Built Spaces and Public Infrastructure 1,Common Celan > LX-BSPI1-0031,Expansion example,var mahrvek thal mahrxaror.,The ship leaves the harbor.,Not reviewed in readiness audit,,
PE-BSPI1-0063,Built Spaces and Public Infrastructure 1,Common Celan > LX-BSPI1-0032,Expansion example,rinaen kormekvek an vekxaror.,The motor vehicle is in the garage.,Not reviewed in readiness audit,,
PE-BSPI1-0064,Built Spaces and Public Infrastructure 1,Common Celan > LX-BSPI1-0032,Expansion example,zhaelpralaen mekral delkormek an vekxaror.,The mechanic repairs the motorbike in the garage.,Not reviewed in readiness audit,,
PE-BSPI1-0065,Built Spaces and Public Infrastructure 1,Common Celan > LX-BSPI1-0033,Expansion example,dorvekaen lorvekral kormekvek an vekpralor.,The driver parks the motor vehicle in the parking area.,Not reviewed in readiness audit,,
PE-BSPI1-0066,Built Spaces and Public Infrastructure 1,Common Celan > LX-BSPI1-0033,Expansion example,rinaen delwek an vekpralor.,The bicycle is in the parking area.,Not reviewed in readiness audit,,
PE-BSPI1-0067,Built Spaces and Public Infrastructure 1,Common Celan > LX-BSPI1-0034,Expansion example,var dro an droshara.,Water moves along the canal.,Not reviewed in readiness audit,,
PE-BSPI1-0068,Built Spaces and Public Infrastructure 1,Common Celan > LX-BSPI1-0034,Expansion example,zhaelpralaen mekral droshara.,The craftsperson repairs the canal.,Not reviewed in readiness audit,,
PE-BSPI1-0069,Built Spaces and Public Infrastructure 1,Common Celan > LX-BSPI1-0035,Expansion example,var dro shan dronjor.,Water passes through the aqueduct.,Not reviewed in readiness audit,,
PE-BSPI1-0070,Built Spaces and Public Infrastructure 1,Common Celan > LX-BSPI1-0035,Expansion example,rinaen dronjor esh morlshan.,The aqueduct is above the tunnel.,Not reviewed in readiness audit,,
PE-BSPI1-0071,Built Spaces and Public Infrastructure 1,Common Celan > LX-BSPI1-0036,Expansion example,rinaen shalkor an eshmekor.,The signal lamp is in the tower.,Not reviewed in readiness audit,,
PE-BSPI1-0072,Built Spaces and Public Infrastructure 1,Common Celan > LX-BSPI1-0036,Expansion example,rinaen eshmekor an morl.,The tower is on the mountain.,Not reviewed in readiness audit,,
PE-BSPI1-0073,Built Spaces and Public Infrastructure 1,Common Celan > LX-BSPI1-0037,Expansion example,rinaen wekxar esh worxaror.,The dome is above the hall.,Not reviewed in readiness audit,,
PE-BSPI1-0074,Built Spaces and Public Infrastructure 1,Common Celan > LX-BSPI1-0037,Expansion example,zhaelpralaen mekral wekxar.,The craftsperson repairs the dome.,Not reviewed in readiness audit,,
PE-BSPI1-0075,Built Spaces and Public Infrastructure 1,Common Celan > LX-BSPI1-0038,Expansion example,var dro thal drojormek.,Water moves from the fountain.,Not reviewed in readiness audit,,
PE-BSPI1-0076,Built Spaces and Public Infrastructure 1,Common Celan > LX-BSPI1-0038,Expansion example,rinaen drojormek an welpralor.,The fountain is in the plaza.,Not reviewed in readiness audit,,
PE-BSPI1-0077,Built Spaces and Public Infrastructure 1,Common Celan > LX-BSPI1-0039,Expansion example,rinaen nethor nethmek.,The chair is furniture.,Not reviewed in readiness audit,,
PE-BSPI1-0078,Built Spaces and Public Infrastructure 1,Common Celan > LX-BSPI1-0039,Expansion example,dor I nethmek an xaror.,I put the furniture in the room.,Not reviewed in readiness audit,,
PE-BSPI1-0079,Built Spaces and Public Infrastructure 1,Common Celan > LX-BSPI1-0040,Expansion example,rinaen eshpralor an ndavi.,The platform is at this vertical level.,Not reviewed in readiness audit,,
PE-BSPI1-0080,Built Spaces and Public Infrastructure 1,Common Celan > LX-BSPI1-0040,Expansion example,var ndavivek thal ndavi.,The elevator moves from the level.,Not reviewed in readiness audit,,
PE-LPC1-0001,Lun Polysemy Correction 1,Common Celan > LX-LPC1-0001,Expansion example,rinaen Lun an esh.,The Moon is in the sky.,Not reviewed in readiness audit,,
PE-LPC1-0002,Lun Polysemy Correction 1,Common Celan > LX-LPC1-0001,Expansion example,kes I Lun an esh.,I notice the Moon in the sky.,Not reviewed in readiness audit,,
PE-GCI1-0001,Government and Civic Institutions 1,Common Celan > LX-GCI1-0001,Expansion example,rinaen velkelor belor.,The library is an institution.,Not reviewed in readiness audit,,
PE-GCI1-0002,Government and Civic Institutions 1,Common Celan > LX-GCI1-0001,Expansion example,rinaen shenpralor belor.,The laboratory is an institution.,Not reviewed in readiness audit,,
PE-GCI1-0003,Government and Civic Institutions 1,Common Celan > LX-GCI1-0002,Expansion example,rinaen lorbel an varthas.,The government is in the city.,Not reviewed in readiness audit,,
PE-GCI1-0004,Government and Civic Institutions 1,Common Celan > LX-GCI1-0002,Expansion example,lorin lorbel drobel.,The government directs the waterworks.,Not reviewed in readiness audit,,
PE-GCI1-0005,Government and Civic Institutions 1,Common Celan > LX-GCI1-0003,Reviewed usage example,lorbelaen khumkel felbelor.,The council governs the district.,Not reviewed in readiness audit,,
PE-GCI1-0006,Government and Civic Institutions 1,Common Celan > LX-GCI1-0003,Expansion example,lorbelaen kalrin varthas.,The sovereign governs the city.,Not reviewed in readiness audit,,
PE-GCI1-0007,Government and Civic Institutions 1,Common Celan > LX-GCI1-0004,Expansion example,rinaen khumkel an worxaror.,The council is in the hall.,Not reviewed in readiness audit,,
PE-GCI1-0008,Government and Civic Institutions 1,Common Celan > LX-GCI1-0004,Expansion example,aen khumkel kelreth.,The council speaks about the dispute.,Not reviewed in readiness audit,,
PE-GCI1-0009,Government and Civic Institutions 1,Common Celan > LX-GCI1-0005,Expansion example,keltharaen khumkelral an khumkel.,The representative votes in the council.,Not reviewed in readiness audit,,
PE-GCI1-0010,Government and Civic Institutions 1,Common Celan > LX-GCI1-0005,Expansion example,rinaen khumkelral an felbelor.,The representative is in the district.,Not reviewed in readiness audit,,
PE-GCI1-0011,Government and Civic Institutions 1,Common Celan > LX-GCI1-0006,Reviewed usage example,aen kalrin kalkel.,The sovereign speaks a decree.,Not reviewed in readiness audit,,
PE-GCI1-0012,Government and Civic Institutions 1,Common Celan > LX-GCI1-0006,Expansion example,lorbelaen kalrin lorbel.,The sovereign governs the government.,Not reviewed in readiness audit,,
PE-GCI1-0013,Government and Civic Institutions 1,Common Celan > LX-GCI1-0007,Expansion example,lorin belvoklor belvok.,The chieftain guides the clan.,Not reviewed in readiness audit,,
PE-GCI1-0014,Government and Civic Institutions 1,Common Celan > LX-GCI1-0007,Expansion example,thalkelrethaen belvoklor kelreth.,The clan leader arbitrates the dispute.,Not reviewed in readiness audit,,
PE-GCI1-0015,Government and Civic Institutions 1,Common Celan > LX-GCI1-0008,Expansion example,rinaen lorbelral an lorbel.,The public official is in the government.,Not reviewed in readiness audit,,
PE-GCI1-0016,Government and Civic Institutions 1,Common Celan > LX-GCI1-0008,Expansion example,tal lorbelral belrinpel.,The public official gives the permit.,Not reviewed in readiness audit,,
PE-GCI1-0017,Government and Civic Institutions 1,Common Celan > LX-GCI1-0009,Expansion example,rinaen welkelthar an welpralor.,The election is in the public square.,Not reviewed in readiness audit,,
PE-GCI1-0018,Government and Civic Institutions 1,Common Celan > LX-GCI1-0009,Expansion example,dar welrin an welkelthar.,The citizens wait at the election.,Not reviewed in readiness audit,,
PE-GCI1-0019,Government and Civic Institutions 1,Common Celan > LX-GCI1-0010,Expansion example,keltharaen welrinin an welkelthar.,The citizens vote in the election.,Not reviewed in readiness audit,,
PE-GCI1-0020,Government and Civic Institutions 1,Common Celan > LX-GCI1-0010,Expansion example,keltharaen I lorshara.,I vote on the policy.,Not reviewed in readiness audit,,
PE-GCI1-0021,Government and Civic Institutions 1,Common Celan > LX-GCI1-0011,Expansion example,rinaen lorshara an lorbel.,The policy is in the government.,Not reviewed in readiness audit,,
PE-GCI1-0022,Government and Civic Institutions 1,Common Celan > LX-GCI1-0011,Expansion example,lorin lorshara shental.,The policy guides the allocation.,Not reviewed in readiness audit,,
PE-GCI1-0023,Government and Civic Institutions 1,Common Celan > LX-GCI1-0012,Expansion example,aen kalrin kalkel.,The ruler issues a decree.,Not reviewed in readiness audit,,
PE-GCI1-0024,Government and Civic Institutions 1,Common Celan > LX-GCI1-0012,Expansion example,kes lorbelral kalkel.,The official notices the decree.,Not reviewed in readiness audit,,
PE-GCI1-0025,Government and Civic Institutions 1,Common Celan > LX-GCI1-0013,Expansion example,tal lorbelral belrinpel an ser.,The official gives the permit to the friend.,Not reviewed in readiness audit,,
PE-GCI1-0026,Government and Civic Institutions 1,Common Celan > LX-GCI1-0013,Expansion example,rinaen belrinpel an rinshen.,The permit is in the official record.,Not reviewed in readiness audit,,
PE-GCI1-0027,Government and Civic Institutions 1,Common Celan > LX-GCI1-0014,Expansion example,rinaen shental dren an felbelor.,The water allocation is in the district.,Not reviewed in readiness audit,,
PE-GCI1-0028,Government and Civic Institutions 1,Common Celan > LX-GCI1-0014,Expansion example,kes khumkel shental.,The council reviews the allocation.,Not reviewed in readiness audit,,
PE-GCI1-0029,Government and Civic Institutions 1,Common Celan > LX-GCI1-0015,Expansion example,shentalaen lorbel dren an felbelor.,The government allocates water to the district.,Not reviewed in readiness audit,,
PE-GCI1-0030,Government and Civic Institutions 1,Common Celan > LX-GCI1-0015,Expansion example,shentalaen khumkel emil an welrin.,The council allocates food to the citizens.,Not reviewed in readiness audit,,
PE-GCI1-0031,Government and Civic Institutions 1,Common Celan > LX-GCI1-0016,Expansion example,rinaen weltal emil an felbelor.,Food distribution is in the district.,Not reviewed in readiness audit,,
PE-GCI1-0032,Government and Civic Institutions 1,Common Celan > LX-GCI1-0016,Expansion example,dar welrin an weltal.,The citizens wait for the distribution.,Not reviewed in readiness audit,,
PE-GCI1-0033,Government and Civic Institutions 1,Common Celan > LX-GCI1-0017,Expansion example,weltalaen lorbelral emil an welrin.,The official distributes food to the citizens.,Not reviewed in readiness audit,,
PE-GCI1-0034,Government and Civic Institutions 1,Common Celan > LX-GCI1-0017,Expansion example,weltalaen mekral zhelkav an felbelor.,The technician distributes power cells to the district.,Not reviewed in readiness audit,,
PE-GCI1-0035,Government and Civic Institutions 1,Common Celan > LX-GCI1-0018,Expansion example,rinaen kelreth an kelvok.,There is a dispute in the contract.,Not reviewed in readiness audit,,
PE-GCI1-0036,Government and Civic Institutions 1,Common Celan > LX-GCI1-0018,Expansion example,aen khumkelral kelreth.,The representative states the dispute.,Not reviewed in readiness audit,,
PE-GCI1-0037,Government and Civic Institutions 1,Common Celan > LX-GCI1-0019,Expansion example,rinaen thalkelreth an khumkel.,The arbitration is in the council.,Not reviewed in readiness audit,,
PE-GCI1-0038,Government and Civic Institutions 1,Common Celan > LX-GCI1-0019,Expansion example,dar belvoklor an thalkelreth.,The clan leader waits at the arbitration.,Not reviewed in readiness audit,,
PE-GCI1-0039,Government and Civic Institutions 1,Common Celan > LX-GCI1-0020,Expansion example,thalkelrethaen liorin kelreth.,The elder arbitrates the dispute.,Not reviewed in readiness audit,,
PE-GCI1-0040,Government and Civic Institutions 1,Common Celan > LX-GCI1-0020,Expansion example,thalkelrethaen khumkel kelreth an lorzhir.,The council arbitrates the border dispute.,Not reviewed in readiness audit,,
PE-GCI1-0041,Government and Civic Institutions 1,Common Celan > LX-GCI1-0021,Expansion example,rinaen welrin an varthas.,The citizen is in the city.,Not reviewed in readiness audit,,
PE-GCI1-0042,Government and Civic Institutions 1,Common Celan > LX-GCI1-0021,Expansion example,keltharaen welrin an welkelthar.,The citizen votes in the election.,Not reviewed in readiness audit,,
PE-GCI1-0043,Government and Civic Institutions 1,Common Celan > LX-GCI1-0022,Expansion example,tal lorbel welrinath an ser.,The government grants citizenship to the friend.,Not reviewed in readiness audit,,
PE-GCI1-0044,Government and Civic Institutions 1,Common Celan > LX-GCI1-0022,Expansion example,rinaen welrinath an rinshen.,Citizenship is recorded in the identifying record.,Not reviewed in readiness audit,,
PE-GCI1-0045,Government and Civic Institutions 1,Common Celan > LX-GCI1-0023,Expansion example,rinaen velkelor an felbelor.,The library is in the district.,Not reviewed in readiness audit,,
PE-GCI1-0046,Government and Civic Institutions 1,Common Celan > LX-GCI1-0023,Expansion example,lorbelaen khumkel felbelor.,The council governs the district.,Not reviewed in readiness audit,,
PE-GCI1-0047,Government and Civic Institutions 1,Common Celan > LX-GCI1-0024,Expansion example,keldoraen lorbelral lorzhir.,The official marks the border.,Not reviewed in readiness audit,,
PE-GCI1-0048,Government and Civic Institutions 1,Common Celan > LX-GCI1-0024,Expansion example,rinaen dro an lorzhir.,The river is at the border.,Not reviewed in readiness audit,,
PE-GCI1-0049,Government and Civic Institutions 1,Common Celan > LX-GCI1-0025,Expansion example,rinaen kelvok an liankavor.,The contract is in the archive.,Not reviewed in readiness audit,,
PE-GCI1-0050,Government and Civic Institutions 1,Common Celan > LX-GCI1-0025,Expansion example,aen lorbelral kelvok.,The official reads the contract aloud.,Not reviewed in readiness audit,,
PE-GCI1-0051,Government and Civic Institutions 1,Common Celan > LX-GCI1-0026,Expansion example,verkalkelaen kalrin kalkel.,The sovereign vetoes the decree.,Not reviewed in readiness audit,,
PE-GCI1-0052,Government and Civic Institutions 1,Common Celan > LX-GCI1-0026,Expansion example,verkalkelaen khumkel belrinpel.,The council vetoes the permit.,Not reviewed in readiness audit,,
PE-GCI1-0053,Government and Civic Institutions 1,Common Celan > LX-GCI1-0027,Expansion example,rinaen welpralor weleth.,The plaza is public.,Not reviewed in readiness audit,,
PE-GCI1-0054,Government and Civic Institutions 1,Common Celan > LX-GCI1-0027,Expansion example,rinaen velkelor weleth.,The library is public.,Not reviewed in readiness audit,,
PE-GCI1-0055,Government and Civic Institutions 1,Common Celan > LX-GCI1-0028,Expansion example,rinaen xaror kaweleth.,The room is private.,Not reviewed in readiness audit,,
PE-GCI1-0056,Government and Civic Institutions 1,Common Celan > LX-GCI1-0028,Expansion example,rinaen kelvok kaweleth.,The contract is private.,Not reviewed in readiness audit,,
PE-WRT1-0001,Work Roles and Trade 1,Common Celan > LX-WRT1-0001,Expansion example,lorin ral teremil.,The steward manages the household.,Not reviewed in readiness audit,,
PE-WRT1-0002,Work Roles and Trade 1,Common Celan > LX-WRT1-0001,Expansion example,kes ral shental.,The steward reviews the allocation.,Not reviewed in readiness audit,,
PE-WRT1-0003,Work Roles and Trade 1,Common Celan > LX-WRT1-0002,Expansion example,pralaen pralilan ser krenral.,The apprentice works with the smith.,Not reviewed in readiness audit,,
PE-WRT1-0004,Work Roles and Trade 1,Common Celan > LX-WRT1-0002,Expansion example,zhaelpralaen pralilan ndara ser mormekral.,The apprentice repairs the wall with the mason.,Not reviewed in readiness audit,,
PE-WRT1-0005,Work Roles and Trade 1,Common Celan > LX-WRT1-0003,Expansion example,pralaen pralral drenvor.,The artisan makes a bowl.,Not reviewed in readiness audit,,
PE-WRT1-0006,Work Roles and Trade 1,Common Celan > LX-WRT1-0003,Expansion example,thalvanesh pralral belrin.,The artisan sells fabric.,Not reviewed in readiness audit,,
PE-WRT1-0007,Work Roles and Trade 1,Common Celan > LX-WRT1-0004,Expansion example,pralaen krenral kareth.,The smith makes a hammer.,Not reviewed in readiness audit,,
PE-WRT1-0008,Work Roles and Trade 1,Common Celan > LX-WRT1-0004,Expansion example,zhaelpralaen krenral krenzhir.,The metalworker repairs the wire.,Not reviewed in readiness audit,,
PE-WRT1-0009,Work Roles and Trade 1,Common Celan > LX-WRT1-0005,Expansion example,pralaen mormekral ndara.,The mason builds the wall.,Not reviewed in readiness audit,,
PE-WRT1-0010,Work Roles and Trade 1,Common Celan > LX-WRT1-0005,Expansion example,zhaelpralaen mormekral droshara.,The mason repairs the canal.,Not reviewed in readiness audit,,
PE-WRT1-0011,Work Roles and Trade 1,Common Celan > LX-WRT1-0006,Expansion example,lorin lormekral ndavivek.,The engineer directs the elevator system.,Not reviewed in readiness audit,,
PE-WRT1-0012,Work Roles and Trade 1,Common Celan > LX-WRT1-0006,Expansion example,kes lormekral zhelbel an lormekor.,The engineer inspects the power grid in the control room.,Not reviewed in readiness audit,,
PE-WRT1-0013,Work Roles and Trade 1,Common Celan > LX-WRT1-0007,Expansion example,pralaen shenral an velkelor.,The scholar works in the library.,Not reviewed in readiness audit,,
PE-WRT1-0014,Work Roles and Trade 1,Common Celan > LX-WRT1-0007,Expansion example,kes shenral rinshen an liankavor.,The researcher examines the record in the archive.,Not reviewed in readiness audit,,
PE-WRT1-0015,Work Roles and Trade 1,Common Celan > LX-WRT1-0008,Expansion example,vekaen kelvekral kalkel an lorbel.,The courier carries the decree to the government.,Not reviewed in readiness audit,,
PE-WRT1-0016,Work Roles and Trade 1,Common Celan > LX-WRT1-0008,Expansion example,var kelvekral shan lorzhir.,The messenger travels across the border.,Not reviewed in readiness audit,,
PE-WRT1-0017,Work Roles and Trade 1,Common Celan > LX-WRT1-0009,Expansion example,lorin sharalorin sharavok shan morl.,The navigator guides the caravan through the mountains.,Not reviewed in readiness audit,,
PE-WRT1-0018,Work Roles and Trade 1,Common Celan > LX-WRT1-0009,Expansion example,kes sharalorin dralshara.,The navigator observes the star route.,Not reviewed in readiness audit,,
PE-WRT1-0019,Work Roles and Trade 1,Common Celan > LX-WRT1-0010,Expansion example,anvanesh I trakor.,I buy boots.,Not reviewed in readiness audit,,
PE-WRT1-0020,Work Roles and Trade 1,Common Celan > LX-WRT1-0010,Expansion example,anvanesh lorbel morlak.,The government buys grain.,Not reviewed in readiness audit,,
PE-WRT1-0021,Work Roles and Trade 1,Common Celan > LX-WRT1-0011,Expansion example,thalvanesh varadan phelvin an welpralor.,The merchant sells a warm drink in the plaza.,Not reviewed in readiness audit,,
PE-WRT1-0022,Work Roles and Trade 1,Common Celan > LX-WRT1-0011,Expansion example,thalvanesh pralral drenvor tirkal.,The artisan sells a bronze bowl.,Not reviewed in readiness audit,,
PE-WRT1-0023,Work Roles and Trade 1,Common Celan > LX-WRT1-0012,Expansion example,lorzhiranshan varthas morlak.,The city imports grain.,Not reviewed in readiness audit,,
PE-WRT1-0024,Work Roles and Trade 1,Common Celan > LX-WRT1-0012,Expansion example,lorzhiranshan lorbel felmek.,The government imports machine components.,Not reviewed in readiness audit,,
PE-WRT1-0025,Work Roles and Trade 1,Common Celan > LX-WRT1-0013,Expansion example,lorzhirthalshan varthas verdbel.,The city exports resin.,Not reviewed in readiness audit,,
PE-WRT1-0026,Work Roles and Trade 1,Common Celan > LX-WRT1-0013,Expansion example,lorzhirthalshan lorbel belkren.,The government exports alloy.,Not reviewed in readiness audit,,
PE-WRT1-0027,Work Roles and Trade 1,Common Celan > LX-WRT1-0014,Expansion example,rinaen ianath an kelvok.,Ownership is established in the contract.,Not reviewed in readiness audit,,
PE-WRT1-0028,Work Roles and Trade 1,Common Celan > LX-WRT1-0014,Expansion example,shan ianath varvek an ser.,Ownership of the vehicle passes to the friend.,Not reviewed in readiness audit,,
PE-DW1-0001,Defense and Weapons 1,Common Celan > LX-DW1-0001,Expansion example,dor seren ngar an vorkor.,The guardian puts a weapon at the gate.,Not reviewed in readiness audit,,
PE-DW1-0002,Defense and Weapons 1,Common Celan > LX-DW1-0001,Expansion example,vekaen welarth ngar an xarvek.,The militia carries a weapon in a storage chest.,Not reviewed in readiness audit,,
PE-DW1-0003,Defense and Weapons 1,Common Celan > LX-DW1-0002,Expansion example,rinaen ngarpel eran.,The sword is iron.,Not reviewed in readiness audit,,
PE-DW1-0004,Defense and Weapons 1,Common Celan > LX-DW1-0002,Expansion example,korinaen seren ngarpel.,The guardian holds a sword.,Not reviewed in readiness audit,,
PE-DW1-0005,Defense and Weapons 1,Common Celan > LX-DW1-0003,Expansion example,vekaen gavral ngarzhir an sov.,The hunter carries a spear in the field.,Not reviewed in readiness audit,,
PE-DW1-0006,Defense and Weapons 1,Common Celan > LX-DW1-0003,Expansion example,dor gavral ngarzhir an mor.,The hunter puts the spear on the ground.,Not reviewed in readiness audit,,
PE-DW1-0007,Defense and Weapons 1,Common Celan > LX-DW1-0004,Expansion example,rinaen ravjor an xarvek.,The bow is in the storage chest.,Not reviewed in readiness audit,,
PE-DW1-0008,Defense and Weapons 1,Common Celan > LX-DW1-0004,Expansion example,korinaen gavral ravjor.,The hunter holds a bow.,Not reviewed in readiness audit,,
PE-DW1-0009,Defense and Weapons 1,Common Celan > LX-DW1-0005,Expansion example,rinaen ravjorvek an xarvek.,The arrow is in the storage chest.,Not reviewed in readiness audit,,
PE-DW1-0010,Defense and Weapons 1,Common Celan > LX-DW1-0005,Reviewed usage example,arth arthkal seren thal ravjorvek.,The shield protects the guardian from the arrow.,Not reviewed in readiness audit,,
PE-DW1-0011,Defense and Weapons 1,Common Celan > LX-DW1-0006,Expansion example,arth arthkal seren thal ravjorvek.,The shield protects the guardian from the arrow.,Not reviewed in readiness audit,,
PE-DW1-0012,Defense and Weapons 1,Common Celan > LX-DW1-0006,Reviewed usage example,arth arthkal varvek thal ngarzhel.,The shield protects the vehicle from the energy weapon.,Not reviewed in readiness audit,,
PE-DW1-0013,Defense and Weapons 1,Common Celan > LX-DW1-0007,Reviewed usage example,rinaen ngarjor ka ngarvek.,The firearm is without ammunition.,Not reviewed in readiness audit,,
PE-DW1-0014,Defense and Weapons 1,Common Celan > LX-DW1-0007,Expansion example,dor seren ngarjor an pralor.,The guardian puts the firearm on the table.,Not reviewed in readiness audit,,
PE-DW1-0015,Defense and Weapons 1,Common Celan > LX-DW1-0008,Expansion example,tal zhelbel kal an ngarzhel.,The power grid gives energy to the energy weapon.,Not reviewed in readiness audit,,
PE-DW1-0016,Defense and Weapons 1,Common Celan > LX-DW1-0008,Expansion example,arth arthkal varvek thal ngarzhel.,The shield protects the vehicle from the energy weapon.,Not reviewed in readiness audit,,
PE-DW1-0017,Defense and Weapons 1,Common Celan > LX-DW1-0009,Expansion example,dor seren ngarvek an xarvek.,The guardian puts the ammunition in the storage chest.,Not reviewed in readiness audit,,
PE-DW1-0018,Defense and Weapons 1,Common Celan > LX-DW1-0009,Expansion example,rinaen ngarjor ka ngarvek.,The firearm is without ammunition.,Not reviewed in readiness audit,,
PE-OC1-0001,Organized Conflict 1,Common Celan > LX-OC1-0001,Expansion example,arth welarth droshara.,The militia protects the canal.,Not reviewed in readiness audit,,
PE-OC1-0002,Organized Conflict 1,Common Celan > LX-OC1-0001,Expansion example,var welarth an sov nor rathnor.,The militia goes to the field during the war.,Not reviewed in readiness audit,,
PE-OC1-0003,Organized Conflict 1,Common Celan > LX-OC1-0002,Expansion example,var ngarwel shan lorzhir.,The army crosses the border.,Not reviewed in readiness audit,,
PE-OC1-0004,Organized Conflict 1,Common Celan > LX-OC1-0002,Expansion example,lorin kalrin ngarwel.,The sovereign guides the army.,Not reviewed in readiness audit,,
PE-OC1-0005,Organized Conflict 1,Common Celan > LX-OC1-0003,Expansion example,kes kesvar rathvethor an vorkor.,The patrol notices a hidden threat at the gate.,Not reviewed in readiness audit,,
PE-OC1-0006,Organized Conflict 1,Common Celan > LX-OC1-0003,Expansion example,var kesvar shan felbelor.,The patrol passes through the district.,Not reviewed in readiness audit,,
PE-OC1-0007,Organized Conflict 1,Common Celan > LX-OC1-0004,Expansion example,rinaen xarkaleth nethnor.,The siege is still continuing.,Not reviewed in readiness audit,,
PE-OC1-0008,Organized Conflict 1,Common Celan > LX-OC1-0004,Expansion example,rinaen felin emil an kaleth nor xarkaleth.,Food is scarce in the fortress during the siege.,Not reviewed in readiness audit,,
PE-OC1-0009,Organized Conflict 1,Common Celan > LX-OC1-0005,Expansion example,rinaen vethbel morl njor.,The trap is beneath the bridge.,Not reviewed in readiness audit,,
PE-OC1-0010,Organized Conflict 1,Common Celan > LX-OC1-0005,Expansion example,keldoraen gavral vethbel.,The hunter marks the trap.,Not reviewed in readiness audit,,
PE-OC1-0011,Organized Conflict 1,Common Celan > LX-OC1-0006,Expansion example,ver rinaen eshmekor lorpel.,The tower is not the target.,Not reviewed in readiness audit,,
PE-OC1-0012,Organized Conflict 1,Common Celan > LX-OC1-0006,Expansion example,drenvaraen shenral lorpel kesmek.,The researcher changes the sensor's target.,Not reviewed in readiness audit,,
PE-OC1-0013,Organized Conflict 1,Common Celan > LX-OC1-0007,Expansion example,lorpelaen seren arthkal.,The guardian aims at the shield.,Not reviewed in readiness audit,,
PE-OC1-0014,Organized Conflict 1,Common Celan > LX-OC1-0007,Expansion example,lorpelaen mekral kesmek an lianrethor.,The technician aims the sensor at the anomaly.,Not reviewed in readiness audit,,
PE-OC1-0015,Organized Conflict 1,Common Celan > LX-OC1-0008,Expansion example,ngarjoraen gavral ravjorvek.,The hunter shoots an arrow.,Not reviewed in readiness audit,,
PE-OC1-0016,Organized Conflict 1,Common Celan > LX-OC1-0008,Expansion example,ngarjoraen seren ngarjor.,The guardian fires the gun.,Not reviewed in readiness audit,,
PE-OC1-0017,Organized Conflict 1,Common Celan > LX-OC1-0009,Expansion example,arthkaraen seren ravjorvek ser arthkal.,The guardian blocks the arrow with a shield.,Not reviewed in readiness audit,,
PE-OC1-0018,Organized Conflict 1,Common Celan > LX-OC1-0009,Expansion example,arthkaraen seren ngarpel ser ngarpel.,The guardian parries a sword with a sword.,Not reviewed in readiness audit,,
PE-OC1-0019,Organized Conflict 1,Common Celan > LX-OC1-0010,Expansion example,vethvaraen ngarwel vethvar ndara.,The army retreats behind the wall.,Not reviewed in readiness audit,,
PE-OC1-0020,Organized Conflict 1,Common Celan > LX-OC1-0010,Expansion example,vethvaraen welarth thal njor.,The militia withdraws from the bridge.,Not reviewed in readiness audit,,
PE-OC1-0021,Organized Conflict 1,Common Celan > LX-OC1-0011,Expansion example,kaarthaen welarth nor xarkaleth.,The militia surrenders during the siege.,Not reviewed in readiness audit,,
PE-OC1-0022,Organized Conflict 1,Common Celan > LX-OC1-0011,Expansion example,ver kaarthaen ngarwel.,The army does not surrender.,Not reviewed in readiness audit,,
PE-OC1-0023,Organized Conflict 1,Common Celan > LX-OC1-0012,Expansion example,kes zhaelral mavmor an drenvor.,The healer detects poison in the cup.,Not reviewed in readiness audit,,
PE-OC1-0024,Organized Conflict 1,Common Celan > LX-OC1-0012,Expansion example,arth remaxar ser thal mavmor.,The mask protects the friend from poison.,Not reviewed in readiness audit,,
PE-OC1-0025,Organized Conflict 1,Common Celan > LX-OC1-0013,Expansion example,rinaen rathnor nethnor.,The war is still continuing.,Not reviewed in readiness audit,,
PE-OC1-0026,Organized Conflict 1,Common Celan > LX-OC1-0013,Expansion example,vanesh varadan nor rathnor.,The merchant trades during the war.,Not reviewed in readiness audit,,
PE-OC1-0027,Organized Conflict 1,Common Celan > LX-OC1-0014,Expansion example,rinaen rathjor an vorkor.,The battle is at the gate.,Not reviewed in readiness audit,,
PE-OC1-0028,Organized Conflict 1,Common Celan > LX-OC1-0014,Expansion example,velzhiraen liorin rathjor.,The elder remembers the battle.,Not reviewed in readiness audit,,
PE-SBD1-0001,"Sex, Birth, and Death 1",Common Celan > LX-SBD1-0001,Expansion example,aen Lako tlamor.,They two speak about sex.,Not reviewed in readiness audit,,
PE-SBD1-0002,"Sex, Birth, and Death 1",Common Celan > LX-SBD1-0001,Expansion example,rinaen tlamor ka ohm.,Sex can exist without love.,Not reviewed in readiness audit,,
PE-SBD1-0003,"Sex, Birth, and Death 1",Common Celan > LX-SBD1-0002,Reviewed usage example,tlamoraen Lako nor veth.,They two have sex at night.,Not reviewed in readiness audit,,
PE-SBD1-0004,"Sex, Birth, and Death 1",Common Celan > LX-SBD1-0002,Expansion example,ver tlamoraen Lako nor.,They two are not having sex now.,Not reviewed in readiness audit,,
PE-SBD1-0005,"Sex, Birth, and Death 1",Common Celan > LX-SBD1-0003,Expansion example,kes zhaelral mav tlamoreth.,The healer identifies a sexual illness.,Not reviewed in readiness audit,,
PE-SBD1-0006,"Sex, Birth, and Death 1",Common Celan > LX-SBD1-0003,Expansion example,rinaen rinshen tlamoreth kaweleth.,The sexual record is private.,Not reviewed in readiness audit,,
PE-SBD1-0007,"Sex, Birth, and Death 1",Common Celan > LX-SBD1-0004,Expansion example,rinaen shalbal nor kinnmor.,The birth occurs in the morning.,Not reviewed in readiness audit,,
PE-SBD1-0008,"Sex, Birth, and Death 1",Common Celan > LX-SBD1-0004,Expansion example,velzhiraen liorin shalbal felka.,The elder remembers the child's birth.,Not reviewed in readiness audit,,
PE-SBD1-0009,"Sex, Birth, and Death 1",Common Celan > LX-SBD1-0005,Expansion example,shalbalaen azron felka.,The woman gives birth to a child.,Not reviewed in readiness audit,,
PE-SBD1-0010,"Sex, Birth, and Death 1",Common Celan > LX-SBD1-0005,Expansion example,shalbalaen felka nor-ka an teremil.,The child is born in the home.,Not reviewed in readiness audit,,
PE-SBD1-0011,"Sex, Birth, and Death 1",Common Celan > LX-SBD1-0006,Expansion example,rinaen felka shalbaleth.,The child is newborn.,Not reviewed in readiness audit,,
PE-SBD1-0012,"Sex, Birth, and Death 1",Common Celan > LX-SBD1-0006,Expansion example,vethoraen felka shalbaleth an nethlor.,The newborn child sleeps on the bed.,Not reviewed in readiness audit,,
PE-SBD1-0013,"Sex, Birth, and Death 1",Common Celan > LX-SBD1-0007,Expansion example,rinaen duma nor rathjor.,There is death during the battle.,Not reviewed in readiness audit,,
PE-SBD1-0014,"Sex, Birth, and Death 1",Common Celan > LX-SBD1-0007,Expansion example,aen liorin duma.,The elder speaks about death.,Not reviewed in readiness audit,,
PE-SBD1-0015,"Sex, Birth, and Death 1",Common Celan > LX-SBD1-0008,Expansion example,dumaen nesh an dren.,The fish dies in the water.,Not reviewed in readiness audit,,
PE-SBD1-0016,"Sex, Birth, and Death 1",Common Celan > LX-SBD1-0008,Expansion example,dumaen liorin ser vaar.,The elder dies in peace.,Not reviewed in readiness audit,,
PE-SBD1-0017,"Sex, Birth, and Death 1",Common Celan > LX-SBD1-0009,Expansion example,rinaen nesh dumeth.,The fish is dead.,Not reviewed in readiness audit,,
PE-SBD1-0018,"Sex, Birth, and Death 1",Common Celan > LX-SBD1-0009,Expansion example,kes neshbrenral nesh dumeth an mahrpralor.,The fisher notices a dead fish at the dock.,Not reviewed in readiness audit,,
PE-SCP1-0001,Semantic Continuity and Polysemy 1,Common Celan > LX-SCP1-0001,Reviewed usage example,rinaen kel an kelpral.,The text is on the writing tablet.,Not reviewed in readiness audit,,
PE-SCP1-0002,Semantic Continuity and Polysemy 1,Common Celan > LX-SCP1-0001,Expansion example,kes shenral kel an velkelor.,The scholar examines the text in the library.,Not reviewed in readiness audit,,
PE-SCP1-0003,Semantic Continuity and Polysemy 1,Common Celan > LX-SCP1-0002,Expansion example,anvekaen lorvekral vekmor an morvek.,The operator loads cargo into the wagon.,Not reviewed in readiness audit,,
PE-SCP1-0004,Semantic Continuity and Polysemy 1,Common Celan > LX-SCP1-0002,Expansion example,anvekaen lorvekral vekmor an mahrvek.,The operator loads cargo into the ship.,Not reviewed in readiness audit,,
PE-SCP1-0005,Semantic Continuity and Polysemy 1,Common Celan > LX-SCP1-0003,Expansion example,thalvekaen lorvekral vekmor thal morvek.,The operator unloads cargo from the wagon.,Not reviewed in readiness audit,,
PE-SCP1-0006,Semantic Continuity and Polysemy 1,Common Celan > LX-SCP1-0003,Expansion example,thalvekaen lorvekral vekmor thal mahrvek an mahrpralor.,The operator unloads cargo from the ship at the dock.,Not reviewed in readiness audit,,
PE-SCP1-0007,Semantic Continuity and Polysemy 1,Common Celan > LX-SCP1-0004,Expansion example,keldoraen shenral kel an kelpral.,The scholar writes the text on the tablet.,Not reviewed in readiness audit,,
PE-SCP1-0008,Semantic Continuity and Polysemy 1,Common Celan > LX-SCP1-0004,Expansion example,keldoraen kavral rinshen an brosmorl.,The record keeper inscribes the identity record on slate.,Not reviewed in readiness audit,,
PE-SCP1-0009,Semantic Continuity and Polysemy 1,Common Celan > LX-SCP1-0005,Expansion example,rinaen khumkel njor serdel belvok ser lorbel.,The council is a bridge between the clan and the government.,Not reviewed in readiness audit,,
PE-SCP1-0010,Semantic Continuity and Polysemy 1,Common Celan > LX-SCP1-0005,Expansion example,rinaen kel njor serdel velrathor ser nor.,The text is a bridge between memory and time.,Not reviewed in readiness audit,,
PE-SCP1-0011,Semantic Continuity and Polysemy 1,Common Celan > LX-SCP1-0006,Expansion example,rinaen sel an lianor-ian.,There is clarity in my thought.,Not reviewed in readiness audit,,
PE-SCP1-0012,Semantic Continuity and Polysemy 1,Common Celan > LX-SCP1-0006,Expansion example,tharsharaen I ser sel.,I decide with mental clarity.,Not reviewed in readiness audit,,
PE-SCP1-0013,Semantic Continuity and Polysemy 1,Common Celan > LX-SCP1-0007,Expansion example,rinaen ruvan an lorbel.,There is corruption in the government.,Not reviewed in readiness audit,,
PE-SCP1-0014,Semantic Continuity and Polysemy 1,Common Celan > LX-SCP1-0007,Expansion example,kes welrin ruvan an belor.,The citizen notices corruption in the institution.,Not reviewed in readiness audit,,
PE-SCP1-0015,Semantic Continuity and Polysemy 1,Common Celan > LX-SCP1-0006,Expansion example,rinaen sel an dren.,The water is clear.,Not reviewed in readiness audit,,
PE-SCP1-0016,Semantic Continuity and Polysemy 1,Common Celan > LX-SCP1-0006,Expansion example,kes I sel an dresh.,I notice the crystal's clarity.,Not reviewed in readiness audit,,
PE-RC1-0001,Recreation and Competition 1,Common Celan > LX-RC1-0001,Expansion example,rinaen dov vaareth.,Play is good.,Not reviewed in readiness audit,,
PE-RC1-0002,Recreation and Competition 1,Common Celan > LX-RC1-0001,Expansion example,rinaen dov an teremil.,There is play at home.,Not reviewed in readiness audit,,
PE-RC1-0003,Recreation and Competition 1,Common Celan > LX-RC1-0002,Expansion example,dovaen felka ser ser.,The child plays with a friend.,Not reviewed in readiness audit,,
PE-RC1-0004,Recreation and Competition 1,Common Celan > LX-RC1-0002,Expansion example,dovaen I nor kilveth.,I play in the evening.,Not reviewed in readiness audit,,
PE-RC1-0005,Recreation and Competition 1,Common Celan > LX-RC1-0003,Expansion example,rinaen dovath an pralor.,The game is on the table.,Not reviewed in readiness audit,,
PE-RC1-0006,Recreation and Competition 1,Common Celan > LX-RC1-0003,Expansion example,sharaen dovin nakshara dovath.,The player follows the rules of the game.,Not reviewed in readiness audit,,
PE-RC1-0007,Recreation and Competition 1,Common Celan > LX-RC1-0004,Expansion example,dovaen dovin dovath.,The player plays the game.,Not reviewed in readiness audit,,
PE-RC1-0008,Recreation and Competition 1,Common Celan > LX-RC1-0004,Expansion example,dar dovin an welpralor.,The player waits in the plaza.,Not reviewed in readiness audit,,
PE-RC1-0009,Recreation and Competition 1,Common Celan > LX-RC1-0005,Expansion example,dovaen I kaldov.,I play a sport.,Not reviewed in readiness audit,,
PE-RC1-0010,Recreation and Competition 1,Common Celan > LX-RC1-0005,Expansion example,rinaen kaldov joreth.,The sport is energetic.,Not reviewed in readiness audit,,
PE-RC1-0011,Recreation and Competition 1,Common Celan > LX-RC1-0006,Expansion example,rinaen nak an welpralor.,The competition is in the plaza.,Not reviewed in readiness audit,,
PE-RC1-0012,Recreation and Competition 1,Common Celan > LX-RC1-0006,Expansion example,rinaen nak serdel sivvok ser sivvok.,The competition is between the teams.,Not reviewed in readiness audit,,
PE-RC1-0013,Recreation and Competition 1,Common Celan > LX-RC1-0007,Reviewed usage example,nakaen del sivvok.,Two teams compete.,Not reviewed in readiness audit,,
PE-RC1-0014,Recreation and Competition 1,Common Celan > LX-RC1-0007,Expansion example,nakaen pralral nor rimor.,Artisans compete during the festival.,Not reviewed in readiness audit,,
PE-RC1-0015,Recreation and Competition 1,Common Celan > LX-RC1-0008,Expansion example,dar nakin an welpralor.,The competitor waits in the plaza.,Not reviewed in readiness audit,,
PE-RC1-0016,Recreation and Competition 1,Common Celan > LX-RC1-0008,Expansion example,kes naklorral nakin.,The referee notices the competitor.,Not reviewed in readiness audit,,
PE-RC1-0017,Recreation and Competition 1,Common Celan > LX-RC1-0009,Expansion example,nakaen sivvok an jornak.,The team competes in the race.,Not reviewed in readiness audit,,
PE-RC1-0018,Recreation and Competition 1,Common Celan > LX-RC1-0009,Expansion example,pralaen sivvok njor.,The team builds the bridge.,Not reviewed in readiness audit,,
PE-RC1-0019,Recreation and Competition 1,Common Celan > LX-RC1-0010,Expansion example,nakaen I ser thalnakin.,I compete with my opponent.,Not reviewed in readiness audit,,
PE-RC1-0020,Recreation and Competition 1,Common Celan > LX-RC1-0010,Expansion example,shalnakaen thalnakin dovath.,The opponent wins the game.,Not reviewed in readiness audit,,
PE-RC1-0021,Recreation and Competition 1,Common Celan > LX-RC1-0011,Expansion example,sharaen dovin nakshara.,The player follows the rule.,Not reviewed in readiness audit,,
PE-RC1-0022,Recreation and Competition 1,Common Celan > LX-RC1-0011,Expansion example,aen naklorral nakshara.,The referee states the rule.,Not reviewed in readiness audit,,
PE-RC1-0023,Recreation and Competition 1,Common Celan > LX-RC1-0012,Expansion example,lorin naklorral dovath.,The referee guides the game.,Not reviewed in readiness audit,,
PE-RC1-0024,Recreation and Competition 1,Common Celan > LX-RC1-0012,Expansion example,kes naklorral rethpral.,The referee notices the mistake.,Not reviewed in readiness audit,,
PE-RC1-0025,Recreation and Competition 1,Common Celan > LX-RC1-0013,Expansion example,tal naklorral naktal an nakin.,The referee gives the prize to the competitor.,Not reviewed in readiness audit,,
PE-RC1-0026,Recreation and Competition 1,Common Celan > LX-RC1-0013,Expansion example,rinaen naktal an pralor.,The prize is on the table.,Not reviewed in readiness audit,,
PE-RC1-0027,Recreation and Competition 1,Common Celan > LX-RC1-0014,Expansion example,vialaen sivvok ser shalnak.,The team rejoices at the victory.,Not reviewed in readiness audit,,
PE-RC1-0028,Recreation and Competition 1,Common Celan > LX-RC1-0014,Expansion example,rinaen shalnak zhirath jornak.,The victory is the result of the race.,Not reviewed in readiness audit,,
PE-RC1-0029,Recreation and Competition 1,Common Celan > LX-RC1-0015,Expansion example,shalnakaen sivvok dovath.,The team wins the game.,Not reviewed in readiness audit,,
PE-RC1-0030,Recreation and Competition 1,Common Celan > LX-RC1-0015,Expansion example,shalnakaen ser jornak.,They win the race.,Confirmed inconsistency,Ser names a friend rather than plural they,Use Lalin if plural actors intended; otherwise correct English to the friend.
PE-RC1-0031,Recreation and Competition 1,Common Celan > LX-RC1-0016,Expansion example,kes nakin vethnak.,The competitor notices the defeat.,Not reviewed in readiness audit,,
PE-RC1-0032,Recreation and Competition 1,Common Celan > LX-RC1-0016,Expansion example,aen liorin vethnak sivvok.,The guide announces the team's defeat.,Not reviewed in readiness audit,,
PE-RC1-0033,Recreation and Competition 1,Common Celan > LX-RC1-0017,Expansion example,vethnakaen sivvok dovath.,The team loses the game.,Not reviewed in readiness audit,,
PE-RC1-0034,Recreation and Competition 1,Common Celan > LX-RC1-0017,Expansion example,vethnakaen ser jornak.,They lose the race.,Confirmed inconsistency,Ser names a friend rather than plural they,Use Lalin if plural actors intended; otherwise correct English to the friend.
PE-RC1-0035,Recreation and Competition 1,Common Celan > LX-RC1-0018,Expansion example,rinaen dovath thalnak.,The game is a tie.,Not reviewed in readiness audit,,
PE-RC1-0036,Recreation and Competition 1,Common Celan > LX-RC1-0018,Expansion example,aen naklorral thalnak.,The referee declares a tie.,Not reviewed in readiness audit,,
PE-RC1-0037,Recreation and Competition 1,Common Celan > LX-RC1-0019,Expansion example,rinaen jornak an shara.,The race is on the road.,Not reviewed in readiness audit,,
PE-RC1-0038,Recreation and Competition 1,Common Celan > LX-RC1-0019,Expansion example,nakaen del sivvok an jornak.,Two teams compete in the race.,Not reviewed in readiness audit,,
PE-RC1-0039,Recreation and Competition 1,Common Celan > LX-RC1-0020,Expansion example,jornakaen Lalin an shara.,They race on the road.,Not reviewed in readiness audit,,
PE-RC1-0040,Recreation and Competition 1,Common Celan > LX-RC1-0020,Expansion example,jornakaen dovin ser shalilvek an mahr.,The player races the glider on the sea.,Not reviewed in readiness audit,,
PE-RC1-0041,Recreation and Competition 1,Common Celan > LX-RC1-0021,Expansion example,trakshalilaen I an velk.,I skate on the ice.,Not reviewed in readiness audit,,
PE-RC1-0042,Recreation and Competition 1,Common Celan > LX-RC1-0021,Expansion example,trakshalilaen felka an welpralor.,The child skates in the plaza.,Not reviewed in readiness audit,,
PE-RC1-0043,Recreation and Competition 1,Common Celan > LX-RC1-0022,Expansion example,mahrshalilaen ser an mahr.,They surf on the sea.,Confirmed inconsistency,Ser names a friend rather than plural they,Use Lalin if plural actors intended; otherwise correct English to the friend.
PE-RC1-0044,Recreation and Competition 1,Common Celan > LX-RC1-0022,Expansion example,mahrshalilaen dovin ser shalilvek.,The player surfs with a glider.,Not reviewed in readiness audit,,
PE-PSAC1-0001,"Performance, Story Arts, and Celebration 1",Common Celan > LX-PSAC1-0001,Expansion example,rinaen aennor an welpralor.,There is music in the plaza.,Not reviewed in readiness audit,,
PE-PSAC1-0002,"Performance, Story Arts, and Celebration 1",Common Celan > LX-PSAC1-0001,Expansion example,aenaen I aennor vethvar teremil.,I hear music behind the house.,Not reviewed in readiness audit,,
PE-PSAC1-0003,"Performance, Story Arts, and Celebration 1",Common Celan > LX-PSAC1-0002,Expansion example,aennoraen aennorral an rimor.,The musician performs music at the festival.,Not reviewed in readiness audit,,
PE-PSAC1-0004,"Performance, Story Arts, and Celebration 1",Common Celan > LX-PSAC1-0002,Expansion example,aennoraen I ser karthael.,I make music with a drum.,Not reviewed in readiness audit,,
PE-PSAC1-0005,"Performance, Story Arts, and Celebration 1",Common Celan > LX-PSAC1-0003,Expansion example,aennoraen aennorral aennor.,The musician performs music.,Not reviewed in readiness audit,,
PE-PSAC1-0006,"Performance, Story Arts, and Celebration 1",Common Celan > LX-PSAC1-0003,Expansion example,dar aennorral an norpralor.,The musician waits on the stage.,Not reviewed in readiness audit,,
PE-PSAC1-0007,"Performance, Story Arts, and Celebration 1",Common Celan > LX-PSAC1-0004,Expansion example,korinaen karthaelral thael.,The drummer holds the rhythm.,Not reviewed in readiness audit,,
PE-PSAC1-0008,"Performance, Story Arts, and Celebration 1",Common Celan > LX-PSAC1-0004,Reviewed usage example,sharaen thaelral thael aennor.,The dancer follows the rhythm of the music.,Not reviewed in readiness audit,,
PE-PSAC1-0009,"Performance, Story Arts, and Celebration 1",Common Celan > LX-PSAC1-0005,Expansion example,aenthaelaen aenthaelral aenthael.,The singer sings the song.,Not reviewed in readiness audit,,
PE-PSAC1-0010,"Performance, Story Arts, and Celebration 1",Common Celan > LX-PSAC1-0005,Expansion example,velzhiraen liorin aenthael.,The guide remembers the song.,Not reviewed in readiness audit,,
PE-PSAC1-0011,"Performance, Story Arts, and Celebration 1",Common Celan > LX-PSAC1-0006,Expansion example,aenthaelaen I an teremil.,I sing at home.,Not reviewed in readiness audit,,
PE-PSAC1-0012,"Performance, Story Arts, and Celebration 1",Common Celan > LX-PSAC1-0006,Reviewed usage example,aenthaelaen welaenthael servok.,The chorus sings together.,Not reviewed in readiness audit,,
PE-PSAC1-0013,"Performance, Story Arts, and Celebration 1",Common Celan > LX-PSAC1-0007,Expansion example,aenthaelaen aenthaelral an norpralor.,The singer sings on the stage.,Not reviewed in readiness audit,,
PE-PSAC1-0014,"Performance, Story Arts, and Celebration 1",Common Celan > LX-PSAC1-0007,Expansion example,lorin aenthaelral welaenthael.,The singer guides the chorus.,Not reviewed in readiness audit,,
PE-PSAC1-0015,"Performance, Story Arts, and Celebration 1",Common Celan > LX-PSAC1-0008,Expansion example,aenthaelaen welaenthael servok.,The chorus sings together.,Not reviewed in readiness audit,,
PE-PSAC1-0016,"Performance, Story Arts, and Celebration 1",Common Celan > LX-PSAC1-0008,Expansion example,dar welaenthael an norpralor.,The chorus waits on the stage.,Not reviewed in readiness audit,,
PE-PSAC1-0017,"Performance, Story Arts, and Celebration 1",Common Celan > LX-PSAC1-0009,Expansion example,rinaen karthael an pralor.,The drum is on the table.,Not reviewed in readiness audit,,
PE-PSAC1-0018,"Performance, Story Arts, and Celebration 1",Common Celan > LX-PSAC1-0009,Expansion example,karthaelaen aennorral karthael.,The musician drums the drum.,Not reviewed in readiness audit,,
PE-PSAC1-0019,"Performance, Story Arts, and Celebration 1",Common Celan > LX-PSAC1-0010,Expansion example,karthaelaen karthaelral nor rimor.,The drummer drums during the festival.,Not reviewed in readiness audit,,
PE-PSAC1-0020,"Performance, Story Arts, and Celebration 1",Common Celan > LX-PSAC1-0010,Expansion example,karthaelaen I ser thael.,I drum with rhythm.,Not reviewed in readiness audit,,
PE-PSAC1-0021,"Performance, Story Arts, and Celebration 1",Common Celan > LX-PSAC1-0011,Expansion example,karthaelaen karthaelral ser thael.,The drummer drums with rhythm.,Not reviewed in readiness audit,,
PE-PSAC1-0022,"Performance, Story Arts, and Celebration 1",Common Celan > LX-PSAC1-0011,Expansion example,dar karthaelral ser aennorral.,The drummer waits with the musician.,Not reviewed in readiness audit,,
PE-PSAC1-0023,"Performance, Story Arts, and Celebration 1",Common Celan > LX-PSAC1-0012,Expansion example,thaelaen felka ser aennor.,The child dances with music.,Not reviewed in readiness audit,,
PE-PSAC1-0024,"Performance, Story Arts, and Celebration 1",Common Celan > LX-PSAC1-0012,Expansion example,thaelaen thaelral an norpralor.,The dancer dances on the stage.,Not reviewed in readiness audit,,
PE-PSAC1-0025,"Performance, Story Arts, and Celebration 1",Common Celan > LX-PSAC1-0013,Expansion example,sharaen thaelral thael aennor.,The dancer follows the rhythm of the music.,Not reviewed in readiness audit,,
PE-PSAC1-0026,"Performance, Story Arts, and Celebration 1",Common Celan > LX-PSAC1-0013,Expansion example,nakaen thaelral nor rimor.,The dancer competes during the festival.,Not reviewed in readiness audit,,
PE-PSAC1-0027,"Performance, Story Arts, and Celebration 1",Common Celan > LX-PSAC1-0014,Expansion example,sharaen aenthaelral aenzhir.,The singer follows the melody.,Not reviewed in readiness audit,,
PE-PSAC1-0028,"Performance, Story Arts, and Celebration 1",Common Celan > LX-PSAC1-0014,Expansion example,aennoraen aennorral aenzhir ser karthael.,The musician performs the melody with a drum.,Not reviewed in readiness audit,,
PE-PSAC1-0029,"Performance, Story Arts, and Celebration 1",Common Celan > LX-PSAC1-0015,Expansion example,aen zhirkelral zhirkel.,The storyteller tells a story.,Not reviewed in readiness audit,,
PE-PSAC1-0030,"Performance, Story Arts, and Celebration 1",Common Celan > LX-PSAC1-0015,Expansion example,velzhiraen felka zhirkel.,The child remembers the story.,Not reviewed in readiness audit,,
PE-PSAC1-0031,"Performance, Story Arts, and Celebration 1",Common Celan > LX-PSAC1-0016,Expansion example,aen zhirkelral zhirkel an khumkes.,The storyteller tells a story to the audience.,Not reviewed in readiness audit,,
PE-PSAC1-0032,"Performance, Story Arts, and Celebration 1",Common Celan > LX-PSAC1-0016,Expansion example,dar zhirkelral ser aennorral an krezor.,The storyteller waits with the musician by the hearth.,Not reviewed in readiness audit,,
PE-PSAC1-0033,"Performance, Story Arts, and Celebration 1",Common Celan > LX-PSAC1-0017,Reviewed usage example,pralaen rinpralral rinpral.,The artist makes art.,Not reviewed in readiness audit,,
PE-PSAC1-0034,"Performance, Story Arts, and Celebration 1",Common Celan > LX-PSAC1-0017,Expansion example,rinaen rinpral an welpralor.,The artwork is in the plaza.,Not reviewed in readiness audit,,
PE-PSAC1-0035,"Performance, Story Arts, and Celebration 1",Common Celan > LX-PSAC1-0018,Expansion example,pralaen rinpralral rinpral.,The artist makes art.,Not reviewed in readiness audit,,
PE-PSAC1-0036,"Performance, Story Arts, and Celebration 1",Common Celan > LX-PSAC1-0018,Expansion example,nakaen rinpralral nor rimor.,The artist competes during the festival.,Not reviewed in readiness audit,,
PE-PSAC1-0037,"Performance, Story Arts, and Celebration 1",Common Celan > LX-PSAC1-0019,Expansion example,rinaen norpral an norpralor.,The live performance is on the stage.,Not reviewed in readiness audit,,
PE-PSAC1-0038,"Performance, Story Arts, and Celebration 1",Common Celan > LX-PSAC1-0019,Expansion example,aenaen khumkes norpral.,The audience hears the live performance.,Not reviewed in readiness audit,,
PE-PSAC1-0039,"Performance, Story Arts, and Celebration 1",Common Celan > LX-PSAC1-0020,Expansion example,norpralaen norpralral rinpral.,The performer presents the artwork live.,Not reviewed in readiness audit,,
PE-PSAC1-0040,"Performance, Story Arts, and Celebration 1",Common Celan > LX-PSAC1-0020,Expansion example,norpralaen welaenthael aenthael.,The chorus performs the song live.,Not reviewed in readiness audit,,
PE-PSAC1-0041,"Performance, Story Arts, and Celebration 1",Common Celan > LX-PSAC1-0021,Expansion example,norpralaen norpralral an norpralor.,The performer performs on the stage.,Not reviewed in readiness audit,,
PE-PSAC1-0042,"Performance, Story Arts, and Celebration 1",Common Celan > LX-PSAC1-0021,Expansion example,dar norpralral shalnor norpral.,The performer waits before the performance.,Not reviewed in readiness audit,,
PE-PSAC1-0043,"Performance, Story Arts, and Celebration 1",Common Celan > LX-PSAC1-0022,Expansion example,kes khumkes thaelral.,The audience notices the dancer.,Not reviewed in readiness audit,,
PE-PSAC1-0044,"Performance, Story Arts, and Celebration 1",Common Celan > LX-PSAC1-0022,Expansion example,aenaen khumkes aenthael.,The audience hears the song.,Not reviewed in readiness audit,,
PE-PSAC1-0045,"Performance, Story Arts, and Celebration 1",Common Celan > LX-PSAC1-0023,Expansion example,rinaen thaelral an norpralor.,The dancer is on the stage.,Not reviewed in readiness audit,,
PE-PSAC1-0046,"Performance, Story Arts, and Celebration 1",Common Celan > LX-PSAC1-0023,Expansion example,pralaen mekral norpralor.,The technician builds the stage.,Not reviewed in readiness audit,,
PE-PSAC1-0047,"Performance, Story Arts, and Celebration 1",Common Celan > LX-PSAC1-0024,Expansion example,rinaen rim an teremil.,There is a celebration at home.,Not reviewed in readiness audit,,
PE-PSAC1-0048,"Performance, Story Arts, and Celebration 1",Common Celan > LX-PSAC1-0024,Expansion example,vialaen Ilin nor rim.,We rejoice during the celebration.,Not reviewed in readiness audit,,
PE-PSAC1-0049,"Performance, Story Arts, and Celebration 1",Common Celan > LX-PSAC1-0025,Expansion example,rimaen Ilin shalbal.,We celebrate the birth.,Not reviewed in readiness audit,,
PE-PSAC1-0050,"Performance, Story Arts, and Celebration 1",Common Celan > LX-PSAC1-0025,Expansion example,rimaen sivvok shalnak.,The team celebrates the victory.,Not reviewed in readiness audit,,
PE-PSAC1-0051,"Performance, Story Arts, and Celebration 1",Common Celan > LX-PSAC1-0026,Expansion example,rinaen rimor an welpralor.,The festival is in the plaza.,Not reviewed in readiness audit,,
PE-PSAC1-0052,"Performance, Story Arts, and Celebration 1",Common Celan > LX-PSAC1-0026,Expansion example,aennoraen aennorral nor rimor.,The musician performs during the festival.,Not reviewed in readiness audit,,
PE-HTS1-0001,"Health, Treatment, and Survival 1",Common Celan > LX-HTS1-0001,Expansion example,rinaen ndem an aivkor.,There is blood at the wound.,Not reviewed in readiness audit,,
PE-HTS1-0002,"Health, Treatment, and Survival 1",Common Celan > LX-HTS1-0001,Expansion example,kes zhaelral ndem an aivkorxar.,The healer notices blood on the bandage.,Not reviewed in readiness audit,,
PE-HTS1-0003,"Health, Treatment, and Survival 1",Common Celan > LX-HTS1-0002,Expansion example,ndemaen aivkor.,The wound bleeds.,Not reviewed in readiness audit,,
PE-HTS1-0004,"Health, Treatment, and Survival 1",Common Celan > LX-HTS1-0002,Expansion example,nethnor ndemaen ser.,The friend is still bleeding.,Not reviewed in readiness audit,,
PE-HTS1-0005,"Health, Treatment, and Survival 1",Common Celan > LX-HTS1-0003,Expansion example,aen savin mavkes.,The patient reports a symptom.,Not reviewed in readiness audit,,
PE-HTS1-0006,"Health, Treatment, and Survival 1",Common Celan > LX-HTS1-0003,Expansion example,kes zhaelral mavkes felka.,The healer notices the child's symptom.,Not reviewed in readiness audit,,
PE-HTS1-0007,"Health, Treatment, and Survival 1",Common Celan > LX-HTS1-0004,Expansion example,pralaen zhaelral keshen.,The healer conducts an examination.,Not reviewed in readiness audit,,
PE-HTS1-0008,"Health, Treatment, and Survival 1",Common Celan > LX-HTS1-0004,Expansion example,rinaen keshen shalnor talzhael.,The examination occurs before the treatment.,Not reviewed in readiness audit,,
PE-HTS1-0009,"Health, Treatment, and Survival 1",Common Celan > LX-HTS1-0005,Expansion example,keshenaen zhaelral savin.,The healer examines the patient.,Not reviewed in readiness audit,,
PE-HTS1-0010,"Health, Treatment, and Survival 1",Common Celan > LX-HTS1-0005,Expansion example,keshenaen zhaelral ser kakesrineth.,The healer examines the unconscious friend.,Not reviewed in readiness audit,,
PE-HTS1-0011,"Health, Treatment, and Survival 1",Common Celan > LX-HTS1-0006,Expansion example,aen zhaelral keshenath mavbal.,The healer states a diagnosis of infection.,Not reviewed in readiness audit,,
PE-HTS1-0012,"Health, Treatment, and Survival 1",Common Celan > LX-HTS1-0006,Expansion example,daraen savin keshenath.,The patient waits for the diagnosis.,Not reviewed in readiness audit,,
PE-HTS1-0013,"Health, Treatment, and Survival 1",Common Celan > LX-HTS1-0007,Expansion example,tal savin sava.,The patient receives care.,Not reviewed in readiness audit,,
PE-HTS1-0014,"Health, Treatment, and Survival 1",Common Celan > LX-HTS1-0007,Expansion example,rinaen sava an teremil.,There is care in the home.,Not reviewed in readiness audit,,
PE-HTS1-0015,"Health, Treatment, and Survival 1",Common Celan > LX-HTS1-0008,Expansion example,savaen zhaelral savin.,The healer cares for the patient.,Not reviewed in readiness audit,,
PE-HTS1-0016,"Health, Treatment, and Survival 1",Common Celan > LX-HTS1-0008,Expansion example,savaen ser felka maveth.,The friend cares for the sick child.,Not reviewed in readiness audit,,
PE-HTS1-0017,"Health, Treatment, and Survival 1",Common Celan > LX-HTS1-0009,Expansion example,rinaen savin an savor.,The patient is in the clinic.,Not reviewed in readiness audit,,
PE-HTS1-0018,"Health, Treatment, and Survival 1",Common Celan > LX-HTS1-0009,Expansion example,daraen savin talzhael.,The patient waits for treatment.,Not reviewed in readiness audit,,
PE-HTS1-0019,"Health, Treatment, and Survival 1",Common Celan > LX-HTS1-0010,Expansion example,var I an savor.,I go to the clinic.,Not reviewed in readiness audit,,
PE-HTS1-0020,"Health, Treatment, and Survival 1",Common Celan > LX-HTS1-0010,Expansion example,rinaen jorzhael an savor.,There is first aid in the infirmary.,Not reviewed in readiness audit,,
PE-HTS1-0021,"Health, Treatment, and Survival 1",Common Celan > LX-HTS1-0011,Expansion example,tharsharaen zhaelral talzhael.,The healer chooses a treatment.,Not reviewed in readiness audit,,
PE-HTS1-0022,"Health, Treatment, and Survival 1",Common Celan > LX-HTS1-0011,Expansion example,rinaen talzhael shalnor morzhael.,The treatment comes before recovery.,Not reviewed in readiness audit,,
PE-HTS1-0023,"Health, Treatment, and Survival 1",Common Celan > LX-HTS1-0012,Expansion example,talzhaelaen zhaelral mavbal ser zhaelphel.,The healer treats the infection with medicine.,Not reviewed in readiness audit,,
PE-HTS1-0024,"Health, Treatment, and Survival 1",Common Celan > LX-HTS1-0012,Expansion example,talzhaelaen savor velmav.,The clinic treats hypothermia.,Not reviewed in readiness audit,,
PE-HTS1-0025,"Health, Treatment, and Survival 1",Common Celan > LX-HTS1-0013,Expansion example,numaen savin zhaelphel.,The patient swallows the medicine.,Not reviewed in readiness audit,,
PE-HTS1-0026,"Health, Treatment, and Survival 1",Common Celan > LX-HTS1-0013,Expansion example,tal zhaelral zhaelphel an felka.,The healer gives medicine to the child.,Not reviewed in readiness audit,,
PE-HTS1-0027,"Health, Treatment, and Survival 1",Common Celan > LX-HTS1-0014,Expansion example,shen zhaelral zhaelshen.,The healer measures the dose.,Not reviewed in readiness audit,,
PE-HTS1-0028,"Health, Treatment, and Survival 1",Common Celan > LX-HTS1-0014,Expansion example,tal zhaelral zhaelshen an savin.,The healer gives the patient a dose.,Not reviewed in readiness audit,,
PE-HTS1-0029,"Health, Treatment, and Survival 1",Common Celan > LX-HTS1-0015,Expansion example,var savin an morzhael.,The patient moves toward recovery.,Not reviewed in readiness audit,,
PE-HTS1-0030,"Health, Treatment, and Survival 1",Common Celan > LX-HTS1-0015,Expansion example,rinaen aivkor an morzhael.,The wound is healing.,Not reviewed in readiness audit,,
PE-HTS1-0031,"Health, Treatment, and Survival 1",Common Celan > LX-HTS1-0016,Expansion example,rinaen mavkrez an felka.,The child has a fever.,Not reviewed in readiness audit,,
PE-HTS1-0032,"Health, Treatment, and Survival 1",Common Celan > LX-HTS1-0016,Expansion example,shen zhaelral mavkrez.,The healer measures the fever.,Not reviewed in readiness audit,,
PE-HTS1-0033,"Health, Treatment, and Survival 1",Common Celan > LX-HTS1-0017,Expansion example,rinaen mavbal an aivkor.,There is an infection in the wound.,Not reviewed in readiness audit,,
PE-HTS1-0034,"Health, Treatment, and Survival 1",Common Celan > LX-HTS1-0017,Expansion example,kes zhaelral mavbal.,The healer notices the infection.,Not reviewed in readiness audit,,
PE-HTS1-0035,"Health, Treatment, and Survival 1",Common Celan > LX-HTS1-0018,Expansion example,rinaen aivkor mavbaleth.,The wound is infected.,Not reviewed in readiness audit,,
PE-HTS1-0036,"Health, Treatment, and Survival 1",Common Celan > LX-HTS1-0018,Expansion example,savaen zhaelral aivkor mavbaleth.,The healer treats the infected wound.,Not reviewed in readiness audit,,
PE-HTS1-0037,"Health, Treatment, and Survival 1",Common Celan > LX-HTS1-0019,Expansion example,rinaen mav savin mavbalshaneth.,The patient's illness is contagious.,Not reviewed in readiness audit,,
PE-HTS1-0038,"Health, Treatment, and Survival 1",Common Celan > LX-HTS1-0019,Expansion example,dor zhaelral savin mavbalshaneth an mavbalxar.,The healer places the contagious patient under quarantine.,Not reviewed in readiness audit,,
PE-HTS1-0039,"Health, Treatment, and Survival 1",Common Celan > LX-HTS1-0020,Expansion example,tal zhaelral zhaelolan an aivkor.,The healer applies salve to the wound.,Not reviewed in readiness audit,,
PE-HTS1-0040,"Health, Treatment, and Survival 1",Common Celan > LX-HTS1-0020,Expansion example,arth zhaelolan rema ser.,The salve protects the friend's face.,Not reviewed in readiness audit,,
PE-HTS1-0041,"Health, Treatment, and Survival 1",Common Celan > LX-HTS1-0021,Expansion example,dor zhaelral aivkorxar an aivkor.,The healer puts a bandage on the wound.,Not reviewed in readiness audit,,
PE-HTS1-0042,"Health, Treatment, and Survival 1",Common Celan > LX-HTS1-0021,Expansion example,ndemaen ndem shan aivkorxar.,Blood seeps through the bandage.,Not reviewed in readiness audit,,
PE-HTS1-0043,"Health, Treatment, and Survival 1",Common Celan > LX-HTS1-0022,Expansion example,savaen kesvar ser ser jorzhael.,The patrol gives the friend first aid.,Not reviewed in readiness audit,,
PE-HTS1-0044,"Health, Treatment, and Survival 1",Common Celan > LX-HTS1-0022,Expansion example,rinaen jorzhael shalnor vaarshan.,First aid occurs before the rescue.,Not reviewed in readiness audit,,
PE-HTS1-0045,"Health, Treatment, and Survival 1",Common Celan > LX-HTS1-0023,Expansion example,tal zhaelral mavmorzhael an savin.,The healer gives the patient an antidote.,Not reviewed in readiness audit,,
PE-HTS1-0046,"Health, Treatment, and Survival 1",Common Celan > LX-HTS1-0023,Expansion example,rinaen mavmorzhael an karvek.,There is an antidote in the toolkit.,Not reviewed in readiness audit,,
PE-HTS1-0047,"Health, Treatment, and Survival 1",Common Celan > LX-HTS1-0024,Expansion example,rinaen rekrathlor an savor.,There is an emergency at the clinic.,Not reviewed in readiness audit,,
PE-HTS1-0048,"Health, Treatment, and Survival 1",Common Celan > LX-HTS1-0024,Expansion example,aen lorbel rekrathlor an welrin.,The government declares an emergency to the citizens.,Not reviewed in readiness audit,,
PE-HTS1-0049,"Health, Treatment, and Survival 1",Common Celan > LX-HTS1-0025,Expansion example,aen kesvar rathlorkel an sharavok.,The patrol gives the caravan a warning.,Not reviewed in readiness audit,,
PE-HTS1-0050,"Health, Treatment, and Survival 1",Common Celan > LX-HTS1-0025,Expansion example,rinaen rathlorkel an shenmek.,The warning is on the gauge.,Not reviewed in readiness audit,,
PE-HTS1-0051,"Health, Treatment, and Survival 1",Common Celan > LX-HTS1-0026,Expansion example,rinaen velmav an varral.,The traveler has hypothermia.,Not reviewed in readiness audit,,
PE-HTS1-0052,"Health, Treatment, and Survival 1",Common Celan > LX-HTS1-0026,Expansion example,keshenaen zhaelral velmav ser riv.,The healer examines hypothermia with shivering.,Not reviewed in readiness audit,,
PE-HTS1-0053,"Health, Treatment, and Survival 1",Common Celan > LX-HTS1-0027,Expansion example,rinaen rekmav an varral.,The traveler has severe heat illness.,Not reviewed in readiness audit,,
PE-HTS1-0054,"Health, Treatment, and Survival 1",Common Celan > LX-HTS1-0027,Expansion example,drenpralaen zhaelral savin ser rekmav.,The restorative healer brews a liquid for the patient with heatstroke.,Not reviewed in readiness audit,,
PE-HTS1-0055,"Health, Treatment, and Survival 1",Common Celan > LX-HTS1-0028,Expansion example,rinaen velaivkor an korin ser.,The friend has frostbite on the hand.,Not reviewed in readiness audit,,
PE-HTS1-0056,"Health, Treatment, and Survival 1",Common Celan > LX-HTS1-0028,Expansion example,savaen zhaelral velaivkor.,The healer treats the frostbite.,Not reviewed in readiness audit,,
PE-HTS1-0057,"Health, Treatment, and Survival 1",Common Celan > LX-HTS1-0029,Expansion example,rinaen kadromav an varral.,The traveler has dehydration.,Not reviewed in readiness audit,,
PE-HTS1-0058,"Health, Treatment, and Survival 1",Common Celan > LX-HTS1-0029,Expansion example,tal zhaelral dren an savin ser kadromav.,The healer gives water to the dehydrated patient.,Not reviewed in readiness audit,,
PE-HTS1-0059,"Health, Treatment, and Survival 1",Common Celan > LX-HTS1-0030,Expansion example,kes zhaelral kesrin savin.,The healer checks the patient's consciousness.,Not reviewed in readiness audit,,
PE-HTS1-0060,"Health, Treatment, and Survival 1",Common Celan > LX-HTS1-0030,Expansion example,rinaen kesrin an savin.,The patient is conscious.,Not reviewed in readiness audit,,
PE-HTS1-0061,"Health, Treatment, and Survival 1",Common Celan > LX-HTS1-0031,Expansion example,rinaen kakesrin thal karjor.,Unconsciousness follows the impact.,Not reviewed in readiness audit,,
PE-HTS1-0062,"Health, Treatment, and Survival 1",Common Celan > LX-HTS1-0031,Expansion example,kes kesvar kakesrin an ser.,The patrol notices the friend's unconsciousness.,Not reviewed in readiness audit,,
PE-HTS1-0063,"Health, Treatment, and Survival 1",Common Celan > LX-HTS1-0032,Expansion example,rinaen ser kakesrineth.,The friend is unconscious.,Not reviewed in readiness audit,,
PE-HTS1-0064,"Health, Treatment, and Survival 1",Common Celan > LX-HTS1-0032,Expansion example,vekaen kesvar savin kakesrineth.,The patrol carries the unconscious patient.,Not reviewed in readiness audit,,
PE-HTS1-0065,"Health, Treatment, and Survival 1",Common Celan > LX-HTS1-0033,Expansion example,kesrinaen savin an savor.,The patient regains consciousness in the clinic.,Not reviewed in readiness audit,,
PE-HTS1-0066,"Health, Treatment, and Survival 1",Common Celan > LX-HTS1-0033,Expansion example,kesrinaen ser nethnor.,The friend is still regaining consciousness.,Not reviewed in readiness audit,,
PE-HTS1-0067,"Health, Treatment, and Survival 1",Common Celan > LX-HTS1-0034,Expansion example,rinaen vaarshan an morl.,There is a rescue on the mountain.,Not reviewed in readiness audit,,
PE-HTS1-0068,"Health, Treatment, and Survival 1",Common Celan > LX-HTS1-0034,Expansion example,tal kesvar vaarshan an ser.,The patrol brings rescue to the friend.,Not reviewed in readiness audit,,
PE-HTS1-0069,"Health, Treatment, and Survival 1",Common Celan > LX-HTS1-0035,Expansion example,vaarshanaen kesvar varral.,The patrol rescues the traveler.,Full row review complete,App senses and VSO agree with translation; direct placements are Kesvar Vaarshanaen and Varral,No change.
PE-HTS1-0070,"Health, Treatment, and Survival 1",Common Celan > LX-HTS1-0035,Expansion example,vaarshanaen Ilin felka thal krezor.,We rescue the child from the fire.,Not reviewed in readiness audit,,
PE-HTS1-0071,"Health, Treatment, and Survival 1",Common Celan > LX-HTS1-0036,Expansion example,rinaen thalwelvar an felbelor.,There is an evacuation in the district.,Not reviewed in readiness audit,,
PE-HTS1-0072,"Health, Treatment, and Survival 1",Common Celan > LX-HTS1-0036,Expansion example,aen lorbel thalwelvar an welrin.,The government announces an evacuation to the citizens.,Not reviewed in readiness audit,,
PE-HTS1-0073,"Health, Treatment, and Survival 1",Common Celan > LX-HTS1-0037,Expansion example,thalwelvaraen lorbel welrin.,The government evacuates the citizens.,Not reviewed in readiness audit,,
PE-HTS1-0074,"Health, Treatment, and Survival 1",Common Celan > LX-HTS1-0037,Expansion example,thalwelvaraen kesvar savor.,The patrol evacuates the clinic.,Not reviewed in readiness audit,,
PE-HTS1-0075,"Health, Treatment, and Survival 1",Common Celan > LX-HTS1-0038,Expansion example,mavbalshanaen mavbal shan welrin.,The infection spreads among the citizens.,Not reviewed in readiness audit,,
PE-HTS1-0076,"Health, Treatment, and Survival 1",Common Celan > LX-HTS1-0038,Expansion example,mavbalshanaen karvek mavbal an savin.,The toolkit transmits infection to the patient.,Not reviewed in readiness audit,,
PE-HTS1-0077,"Health, Treatment, and Survival 1",Common Celan > LX-HTS1-0039,Expansion example,dor zhaelral savin an mavbalxar.,The healer places the patient under quarantine.,Not reviewed in readiness audit,,
PE-HTS1-0078,"Health, Treatment, and Survival 1",Common Celan > LX-HTS1-0039,Expansion example,rinaen mavbalxar an mahrxaror.,There is a quarantine at the harbor.,Not reviewed in readiness audit,,
PE-HTS1-0079,"Health, Treatment, and Survival 1",Common Celan > LX-HTS1-0040,Expansion example,rinaen shalkav thal mahrvek.,There is survival from the ship.,Not reviewed in readiness audit,,
PE-HTS1-0080,"Health, Treatment, and Survival 1",Common Celan > LX-HTS1-0040,Expansion example,arth vaarbelwek shalkav welrin.,The safety protocol protects the citizens' survival.,Not reviewed in readiness audit,,
PE-HTS1-0081,"Health, Treatment, and Survival 1",Common Celan > LX-HTS1-0041,Expansion example,kavaen varral shan velarshor.,The traveler survives through the fog.,Not reviewed in readiness audit,,
PE-HTS1-0082,"Health, Treatment, and Survival 1",Common Celan > LX-HTS1-0041,Expansion example,kavaen njor shan krezrek.,The bridge endures through the heatwave.,Not reviewed in readiness audit,,
PE-HTS1-0083,"Health, Treatment, and Survival 1",Common Celan > LX-HTS1-0042,Expansion example,sharaen kesvar vaarbelwek.,The patrol follows the safety protocol.,Not reviewed in readiness audit,,
PE-HTS1-0084,"Health, Treatment, and Survival 1",Common Celan > LX-HTS1-0042,Expansion example,aen lorbel vaarbelwek an welrin.,The government explains the emergency protocol to the citizens.,Not reviewed in readiness audit,,
PE-HTS1-0085,"Health, Treatment, and Survival 1",Common Celan > LX-HTS1-0043,Expansion example,vekaen kesvar savin an nethvek.,The patrol carries the patient on a stretcher.,Not reviewed in readiness audit,,
PE-HTS1-0086,"Health, Treatment, and Survival 1",Common Celan > LX-HTS1-0043,Expansion example,dor zhaelral nethvek an savor.,The healer puts the stretcher in the clinic.,Not reviewed in readiness audit,,
PE-HTS1-0087,"Health, Treatment, and Survival 1",Common Celan > LX-HTS1-0044,Expansion example,shentalzhael zhaelral savin nor rekrathlor.,The healer triages the patients during the emergency.,Not reviewed in readiness audit,,
PE-HTS1-0088,"Health, Treatment, and Survival 1",Common Celan > LX-HTS1-0044,Expansion example,rinaen shentalzhael shalnor talzhael.,Triage occurs before treatment.,Not reviewed in readiness audit,,
PE-EGE1-0001,"Environment, Geography, and Ecology 1",Common Celan > Environmental scenes,Expansion example,kes varral felmorl esh delmorl.,The traveler notices a hill above the valley.,Not reviewed in readiness audit,,
PE-EGE1-0002,"Environment, Geography, and Ecology 1",Common Celan > Environmental scenes,Expansion example,rinaen delmorl morl pelmorl.,The valley lies beneath the cliff.,Not reviewed in readiness audit,,
PE-EGE1-0003,"Environment, Geography, and Ecology 1",Common Celan > Environmental scenes,Expansion example,rinaen pelmorl an morlshara.,The cliff stands at the mountain pass.,Not reviewed in readiness audit,,
PE-EGE1-0004,"Environment, Geography, and Ecology 1",Common Celan > Environmental scenes,Expansion example,var sharavok shan morlshara var xarmorl.,The caravan travels through the mountain pass toward the cave.,Not reviewed in readiness audit,,
PE-EGE1-0005,"Environment, Geography, and Ecology 1",Common Celan > Environmental scenes,Expansion example,rinaen xarmorl an shanmorl.,The cave is within the canyon.,Not reviewed in readiness audit,,
PE-EGE1-0006,"Environment, Geography, and Ecology 1",Common Celan > Environmental scenes,Reviewed usage example,wel dren shan shanmorl an selmor.,Water flows continuously through the canyon into the plain.,Not reviewed in readiness audit,,
PE-EGE1-0007,"Environment, Geography, and Ecology 1",Common Celan > Environmental scenes,Expansion example,kes I selmor thal ndavimor.,I see the plain from the plateau.,Not reviewed in readiness audit,,
PE-EGE1-0008,"Environment, Geography, and Ecology 1",Common Celan > Environmental scenes,Expansion example,rinaen ndavimor esh kadromor.,The plateau is above the desert.,Not reviewed in readiness audit,,
PE-EGE1-0009,"Environment, Geography, and Ecology 1",Common Celan > Environmental scenes,Expansion example,var sharavok shan kadromor esh brossadar.,The caravan crosses the desert over the dunes.,Not reviewed in readiness audit,,
PE-EGE1-0010,"Environment, Geography, and Ecology 1",Common Celan > Environmental scenes,Expansion example,kes lorin brossadar; kes lorin velkmorl.,The scholar observes the dune and the glacier.,Not reviewed in readiness audit,,
PE-EGE1-0011,"Environment, Geography, and Ecology 1",Common Celan > Environmental scenes,Reviewed usage example,wel dren thal velkmorl var terramahr.,Water flows continuously from the glacier toward the coast.,Not reviewed in readiness audit,,
PE-EGE1-0012,"Environment, Geography, and Ecology 1",Common Celan > Environmental scenes,Reviewed usage example,wel drenfel var terramahr.,The stream flows continuously toward the coast.,Not reviewed in readiness audit,,
PE-EGE1-0013,"Environment, Geography, and Ecology 1",Common Celan > Environmental scenes,Reviewed usage example,wel drenfel an fellun.,The stream flows continuously into the pond.,Not reviewed in readiness audit,,
PE-EGE1-0014,"Environment, Geography, and Ecology 1",Common Celan > Environmental scenes,Expansion example,rinaen fellun ser drenverd.,The pond is connected to the wetland.,Not reviewed in readiness audit,,
PE-EGE1-0015,"Environment, Geography, and Ecology 1",Common Celan > Environmental scenes,Expansion example,wel dren thal drenverd var mahrmorl.,Water moves from the wetland toward the reef.,Not reviewed in readiness audit,,
PE-EGE1-0016,"Environment, Geography, and Ecology 1",Common Celan > Environmental scenes,Expansion example,kar drenjor mahrmorl.,The wave strikes the reef.,Not reviewed in readiness audit,,
PE-EGE1-0017,"Environment, Geography, and Ecology 1",Common Celan > Environmental scenes,Expansion example,vekaen mahrwel drenjor var mahr.,The current carries the wave out to sea.,Not reviewed in readiness audit,,
PE-EGE1-0018,"Environment, Geography, and Ecology 1",Common Celan > Environmental scenes,Reviewed usage example,var Jor an dren.,A surge moves in the water.,Not reviewed in readiness audit,,
PE-EGE1-0019,"Environment, Geography, and Ecology 1",Common Celan > Environmental scenes,Historical example pending correction,jor eshnor; kavel rinaen eshweknor.,"Weather changes, while climate endures.",Not reviewed in readiness audit,,
PE-EGE1-0020,"Environment, Geography, and Ecology 1",Common Celan > Environmental scenes,Expansion example,shen lorin eshweknor ser drenesh.,The scholar measures climate through cloud patterns.,Not reviewed in readiness audit,,
PE-EGE1-0021,"Environment, Geography, and Ecology 1",Common Celan > Environmental scenes,Expansion example,rinaen drenesh esh eshkar.,The cloud hangs above the thunder.,Not reviewed in readiness audit,,
PE-EGE1-0022,"Environment, Geography, and Ecology 1",Common Celan > Environmental scenes,Expansion example,aen eshkar nor eshjor.,Thunder sounds during the gale.,Not reviewed in readiness audit,,
PE-EGE1-0023,"Environment, Geography, and Ecology 1",Common Celan > Environmental scenes,Expansion example,vekaen eshjor eshdren thal mahr.,The gale carries humid air from the sea.,Not reviewed in readiness audit,,
PE-EGE1-0024,"Environment, Geography, and Ecology 1",Common Celan > Environmental scenes,Expansion example,shen kesmek eshdren shalnor kadro.,The instrument measures humidity before the drought.,Not reviewed in readiness audit,,
PE-EGE1-0025,"Environment, Geography, and Ecology 1",Common Celan > Environmental scenes,Expansion example,"jor kadro; nor, jor drenrek.","Drought intensifies; later, a flood rises.",Not reviewed in readiness audit,,
PE-EGE1-0026,"Environment, Geography, and Ecology 1",Common Celan > Environmental scenes,Expansion example,dor lorbel rathlorkel ser drenrek ser morkar.,The government issues warnings for flood and earthquake.,Not reviewed in readiness audit,,
PE-EGE1-0027,"Environment, Geography, and Ecology 1",Common Celan > Environmental scenes,Expansion example,kar morkar morl; jor morljor.,The earthquake strikes the mountain; a landslide follows.,Not reviewed in readiness audit,,
PE-EGE1-0028,"Environment, Geography, and Ecology 1",Common Celan > Environmental scenes,Expansion example,xar kesvar shara thal morljor ser sadarjor.,The patrol closes the route because of landslide and sandstorm.,Not reviewed in readiness audit,,
PE-EGE1-0029,"Environment, Geography, and Ecology 1",Common Celan > Environmental scenes,Expansion example,kes varral sadarjor an selmor; kes la velxar an felmorl.,The traveler sees a sandstorm on the plain and frost on the hill.,Not reviewed in readiness audit,,
PE-EGE1-0030,"Environment, Geography, and Ecology 1",Common Celan > Environmental scenes,Expansion example,rinaen velxar esh verdpel; rinaen felsadar an drenfel.,Frost covers the grass; silt lies in the stream.,Not reviewed in readiness audit,,
PE-EGE1-0031,"Environment, Geography, and Ecology 1",Common Celan > Environmental scenes,Expansion example,shen lorin felsadar ser krezshen.,The scholar measures the silt and temperature.,Not reviewed in readiness audit,,
PE-EGE1-0032,"Environment, Geography, and Ecology 1",Common Celan > Environmental scenes,Expansion example,shen zhaelral krezshen an verdin.,The healer measures the plant's temperature.,Not reviewed in readiness audit,,
PE-EGE1-0033,"Environment, Geography, and Ecology 1",Common Celan > Environmental scenes,Expansion example,rinaen verdin morl verdmarin.,The plant grows beneath the tree.,Confirmed inconsistency,Rinaen supplies a location state rather than growth,Preserve English only if an existing growth verb can be used; otherwise correct English.
PE-EGE1-0034,"Environment, Geography, and Ecology 1",Common Celan > Environmental scenes,Expansion example,rinaen verdmarin ser morlzhir an mor.,The tree holds to the soil through its roots.,Not reviewed in readiness audit,,
PE-EGE1-0035,"Environment, Geography, and Ecology 1",Common Celan > Environmental scenes,Expansion example,arth morlzhir verdmarin; arth verdxar la.,The roots anchor the tree; its bark protects it.,Not reviewed in readiness audit,,
PE-EGE1-0036,"Environment, Geography, and Ecology 1",Common Celan > Environmental scenes,Expansion example,rinaen zhirverd esh verdxar.,The vine climbs across the tree bark.,Confirmed inconsistency,Rinaen supplies a location state rather than climbing,Preserve English only if an existing climbing verb can be used; otherwise correct English.
PE-EGE1-0037,"Environment, Geography, and Ecology 1",Common Celan > Environmental scenes,Reviewed usage example,wel zhirverd shan verdpel.,The vine spreads through the grass.,Not reviewed in readiness audit,,
PE-EGE1-0038,"Environment, Geography, and Ecology 1",Common Celan > Environmental scenes,Expansion example,rinaen verdpel ser balvek.,The grass bears seed.,Not reviewed in readiness audit,,
PE-EGE1-0039,"Environment, Geography, and Ecology 1",Common Celan > Environmental scenes,Expansion example,dor balral balvek an mor shalnor balshan.,The farmer puts seed in the soil before pollination.,Not reviewed in readiness audit,,
PE-EGE1-0040,"Environment, Geography, and Ecology 1",Common Celan > Environmental scenes,Expansion example,rinaen balshan ser zor an verdin; bal mbu morl la.,Pollination occurs through an animal at the plant; fungus grows beneath it.,Not reviewed in readiness audit,,
PE-EGE1-0041,"Environment, Geography, and Ecology 1",Common Celan > Environmental scenes,Expansion example,rinaen mbu shalrin; ka rinaen la verdin.,The fungus is an organism; it is not a plant.,Confirmed inconsistency,Ka is without/no but Ver is the approved clause negator,Use ver rinaen la verdin for the second clause unless a specific clausal Ka rule is approved.
PE-EGE1-0042,"Environment, Geography, and Ecology 1",Common Celan > Environmental scenes,Expansion example,kes lorin shalrin an nali.,The scholar recognizes the organism as part of a species.,Not reviewed in readiness audit,,
PE-EGE1-0043,"Environment, Geography, and Ecology 1",Common Celan > Environmental scenes,Expansion example,rinaen nali an nalior.,The species lives in its habitat.,Not reviewed in readiness audit,,
PE-EGE1-0044,"Environment, Geography, and Ecology 1",Common Celan > Environmental scenes,Expansion example,arth welrin nalior ser ohmshal.,The people protect the habitat as part of the ecosystem.,Not reviewed in readiness audit,,
PE-EGE1-0045,"Environment, Geography, and Ecology 1",Common Celan > Environmental scenes,Reviewed usage example,jor ohmshal nor fel rinaen welnali.,The ecosystem surges when the population is small.,Not reviewed in readiness audit,,
PE-EGE1-0046,"Environment, Geography, and Ecology 1",Common Celan > Environmental scenes,Expansion example,shen lorin welnali ser kornali.,The scholar measures the population of the native species.,Not reviewed in readiness audit,,
PE-EGE1-0047,"Environment, Geography, and Ecology 1",Common Celan > Environmental scenes,Expansion example,rinaen kornali an nalior; shan welrin shannali var la.,The native species lives in the habitat; people introduce another species there.,Not reviewed in readiness audit,,
PE-EGE1-0048,"Environment, Geography, and Ecology 1",Common Celan > Environmental scenes,Expansion example,ka rinaen shannali rathshannali nor ka tal la terramav.,An introduced species is not invasive when it causes no ecological harm.,Not reviewed in readiness audit,,
PE-EGE1-0049,"Environment, Geography, and Ecology 1",Common Celan > Environmental scenes,Reviewed usage example,shalaen I jor.,I see the surge.,Not reviewed in readiness audit,,
PE-EGE1-0050,"Environment, Geography, and Ecology 1",Common Celan > Environmental scenes,Expansion example,kes lorin dumanali an rathor ser rathnali an nor.,The scholar records past extinction and a presently endangered species.,Confirmed inconsistency,Kes means notice rather than write a record,Preserve English only if an existing recordkeeping verb can be used; otherwise correct English.
PE-EGE1-0051,"Environment, Geography, and Ecology 1",Common Celan > Environmental scenes,Expansion example,arth kesvar rathnali thal gavral; var gavin shan drenverd.,The patrol protects the endangered species from hunters; its prey moves through the wetland.,Not reviewed in readiness audit,,
PE-EGE1-0052,"Environment, Geography, and Ecology 1",Common Celan > Environmental scenes,Expansion example,shara rathzor gavin shan verdor.,The predator follows its prey through the forest.,Not reviewed in readiness audit,,
PE-EGE1-0053,"Environment, Geography, and Ecology 1",Common Celan > Environmental scenes,Expansion example,kes lorin rathzor ser welzor an selmor.,The scholar observes a predator and an animal group on the plain.,Not reviewed in readiness audit,,
PE-EGE1-0054,"Environment, Geography, and Ecology 1",Common Celan > Environmental scenes,Expansion example,var welzor thal zornethor.,The animal group moves away from the nesting place.,Not reviewed in readiness audit,,
PE-EGE1-0055,"Environment, Geography, and Ecology 1",Common Celan > Environmental scenes,Expansion example,xar zor zornethor shalnor wekvaraen la.,The animal shelters its nest before it migrates.,Not reviewed in readiness audit,,
PE-EGE1-0056,"Environment, Geography, and Ecology 1",Common Celan > Environmental scenes,Expansion example,wekvaraen welzor an shara ser emilzhir.,The animal group migrates along a route shaped by the food chain.,Not reviewed in readiness audit,,
PE-EGE1-0057,"Environment, Geography, and Ecology 1",Common Celan > Environmental scenes,Expansion example,rinaen gavin an emilzhir ser emilbel.,The prey belongs to both the food chain and the wider food web.,Not reviewed in readiness audit,,
PE-EGE1-0058,"Environment, Geography, and Ecology 1",Common Celan > Environmental scenes,Reviewed usage example,rinaen jor an esh.,There is a surge in the sky,Not reviewed in readiness audit,,
PE-EGE1-0059,"Environment, Geography, and Ecology 1",Common Celan > Environmental scenes,Reviewed usage example,rinaen terramav an verd; jor mavverd an sov.,Environmental degradation affects plant life; plant blight surges through the field.,Not reviewed in readiness audit,,
PE-EGE1-0060,"Environment, Geography, and Ecology 1",Common Celan > Environmental scenes,Expansion example,kes balral mavverd an verdin ser gorm esh korin.,The farmer notices blight on the plant and dirt on the hands.,Not reviewed in readiness audit,,
PE-EGE1-0061,"Environment, Geography, and Ecology 1",Common Celan > Environmental scenes,Expansion example,drenselaen balral gorm thal drenvor; kes la welgorm an dren.,The farmer washes grime from the vessel and notices pollution in the water.,Not reviewed in readiness audit,,
PE-EGE1-0062,"Environment, Geography, and Ecology 1",Common Celan > Environmental scenes,Reviewed usage example,var welgorm shan drenfel; jor pelnor an terramahr.,Pollution moves through the stream; erosion surges along the coast.,Not reviewed in readiness audit,,
PE-EGE1-0063,"Environment, Geography, and Ecology 1",Common Celan > Environmental scenes,Reviewed usage example,pel pelnor nalior; jor xilnalior.,Erosion cuts the habitat; fragmentation surges.,Confirmed inconsistency,Pel is a noun rather than the cutting verb,Use an established cutting verb in the first clause after checking its argument pattern.
PE-EGE1-0064,"Environment, Geography, and Ecology 1",Common Celan > Environmental scenes,Expansion example,tal xilnalior rath an nali; dor welrin terrakav.,Habitat fragmentation endangers the species; the people establish conservation.,Not reviewed in readiness audit,,
PE-EGE1-0065,"Environment, Geography, and Ecology 1",Common Celan > Environmental scenes,Expansion example,arth terrakav nalior; tal terrazhael zhael an terra.,Conservation protects the habitat; restoration gives renewal to the land.,Not reviewed in readiness audit,,
PE-EGE1-0066,"Environment, Geography, and Ecology 1",Common Celan > Environmental scenes,Expansion example,dor terrazhael ohmshal var shal; dor ohmshal sul an welrin.,Restoration returns the ecosystem toward health; the ecosystem provides resources to the people.,Not reviewed in readiness audit,,
PE-EGE1-0067,"Environment, Geography, and Ecology 1",Common Celan > Environmental scenes,Expansion example,shen lorbel sul; rinaen worsul an kavvek.,The government measures the resources; abundance fills the stores.,Not reviewed in readiness audit,,
PE-EGE1-0068,"Environment, Geography, and Ecology 1",Common Celan > Environmental scenes,Expansion example,rinaen worsul an dren; rinaen kasul an saren.,Water is abundant; grain is scarce.,Not reviewed in readiness audit,,
PE-EGE1-0069,"Environment, Geography, and Ecology 1",Common Celan > Environmental scenes,Expansion example,dor lorbel kasul an shental; xar la kavsul.,The government addresses scarcity through allocation and protects the reserve.,Not reviewed in readiness audit,,
PE-EGE1-0070,"Environment, Geography, and Ecology 1",Common Celan > Environmental scenes,Expansion example,rinaen kavsul nor rekrathlor; rinaen weksul an sov.,The reserve is available during the emergency; the renewable resource is in the field.,Not reviewed in readiness audit,,
PE-EGE1-0071,"Environment, Geography, and Ecology 1",Common Celan > Environmental scenes,Expansion example,kavaen welrin weksul; dor la versul kavok.,The people preserve the renewable resource and put waste apart.,Not reviewed in readiness audit,,
PE-EGE1-0072,"Environment, Geography, and Ecology 1",Common Celan > Environmental scenes,Expansion example,vekaen welrin versul thal felmorl.,The people carry waste away from the hill.,Not reviewed in readiness audit,,
PE-ICAES1-0001,"Information, Computation, Automation, and Electrical Systems 1",Common Celan > Information computation and electrical scenes,Expansion example,aen ser dava; shen shenral shendava.,The friend shares information; the researcher measures the data.,Not reviewed in readiness audit,,
PE-ICAES1-0002,"Information, Computation, Automation, and Electrical Systems 1",Common Celan > Information computation and electrical scenes,Expansion example,rinaen shendava an kavdava.,The data is in the record.,Not reviewed in readiness audit,,
PE-ICAES1-0003,"Information, Computation, Automation, and Electrical Systems 1",Common Celan > Information computation and electrical scenes,Expansion example,rinaen kavdava an davaxar.,The record is in the file.,Not reviewed in readiness audit,,
PE-ICAES1-0004,"Information, Computation, Automation, and Electrical Systems 1",Common Celan > Information computation and electrical scenes,Expansion example,dor kavral davaxar an beldava.,The archivist puts the file in the database.,Not reviewed in readiness audit,,
PE-ICAES1-0005,"Information, Computation, Automation, and Electrical Systems 1",Common Celan > Information computation and electrical scenes,Expansion example,kes mekral beldava ser davapral.,The technician examines the database with the display.,Not reviewed in readiness audit,,
PE-ICAES1-0006,"Information, Computation, Automation, and Electrical Systems 1",Common Celan > Information computation and electrical scenes,Expansion example,rinaen zheldava an davapral.,The signal appears on the display.,Not reviewed in readiness audit,,
PE-ICAES1-0007,"Information, Computation, Automation, and Electrical Systems 1",Common Celan > Information computation and electrical scenes,Expansion example,talaen kesmek zheldava shan ohmshan.,The sensor receives the signal through the interface.,Not reviewed in readiness audit,,
PE-ICAES1-0008,"Information, Computation, Automation, and Electrical Systems 1",Common Celan > Information computation and electrical scenes,Expansion example,rinaen anmek an ohmshan.,The input is at the interface.,Not reviewed in readiness audit,,
PE-ICAES1-0009,"Information, Computation, Automation, and Electrical Systems 1",Common Celan > Information computation and electrical scenes,Expansion example,tal kalmek thalmek thal anmek.,The machine produces output from the input.,Not reviewed in readiness audit,,
PE-ICAES1-0010,"Information, Computation, Automation, and Electrical Systems 1",Common Celan > Information computation and electrical scenes,Expansion example,tal raku thalmek.,The computation produces an output.,Not reviewed in readiness audit,,
PE-ICAES1-0011,"Information, Computation, Automation, and Electrical Systems 1",Common Celan > Information computation and electrical scenes,Expansion example,pralaen shenral raku; rakuaen la shendava.,The researcher performs a computation and processes the data.,Not reviewed in readiness audit,,
PE-ICAES1-0012,"Information, Computation, Automation, and Electrical Systems 1",Common Celan > Information computation and electrical scenes,Expansion example,rakuaen rakumek shendava.,The computer processes the data.,Not reviewed in readiness audit,,
PE-ICAES1-0013,"Information, Computation, Automation, and Electrical Systems 1",Common Celan > Information computation and electrical scenes,Expansion example,rinaen rakufelmek an rakumek.,The processor is in the computer.,Not reviewed in readiness audit,,
PE-ICAES1-0014,"Information, Computation, Automation, and Electrical Systems 1",Common Celan > Information computation and electrical scenes,Expansion example,sharaen rakufelmek rakushara.,The processor follows the algorithm.,Not reviewed in readiness audit,,
PE-ICAES1-0015,"Information, Computation, Automation, and Electrical Systems 1",Common Celan > Information computation and electrical scenes,Expansion example,lorin rakushara rakukel.,The algorithm guides the code.,Not reviewed in readiness audit,,
PE-ICAES1-0016,"Information, Computation, Automation, and Electrical Systems 1",Common Celan > Information computation and electrical scenes,Expansion example,rinaen rakukel an belraku.,The code is in the program.,Not reviewed in readiness audit,,
PE-ICAES1-0017,"Information, Computation, Automation, and Electrical Systems 1",Common Celan > Information computation and electrical scenes,Expansion example,lorin belraku varokraku.,The program guides the automation.,Not reviewed in readiness audit,,
PE-ICAES1-0018,"Information, Computation, Automation, and Electrical Systems 1",Common Celan > Information computation and electrical scenes,Expansion example,varokrakuaen mekral drobel ser varokraku.,The technician automates the waterworks through automation.,Not reviewed in readiness audit,,
PE-ICAES1-0019,"Information, Computation, Automation, and Electrical Systems 1",Common Celan > Information computation and electrical scenes,Expansion example,varokrakuaen lormekral belwek; rinaen belwek varokrakueth.,The engineer automates the recurring process; the process is automated.,Not reviewed in readiness audit,,
PE-ICAES1-0020,"Information, Computation, Automation, and Electrical Systems 1",Common Celan > Information computation and electrical scenes,Expansion example,davashanaen varokmek varokrakueth zheldava.,The automated controller transmits a signal.,Not reviewed in readiness audit,,
PE-ICAES1-0021,"Information, Computation, Automation, and Electrical Systems 1",Common Celan > Information computation and electrical scenes,Expansion example,davashanaen kavral davaxar; deldavaen ser la.,The archivist transmits the file; the friend copies it.,Not reviewed in readiness audit,,
PE-ICAES1-0022,"Information, Computation, Automation, and Electrical Systems 1",Common Celan > Information computation and electrical scenes,Expansion example,deldavaen I davaxar; andavaen I la an belzhir.,I copy the file and upload it to the network.,Not reviewed in readiness audit,,
PE-ICAES1-0023,"Information, Computation, Automation, and Electrical Systems 1",Common Celan > Information computation and electrical scenes,Expansion example,andavaen I shendava; thaldavaen ser la.,I upload the data; the friend downloads it.,Not reviewed in readiness audit,,
PE-ICAES1-0024,"Information, Computation, Automation, and Electrical Systems 1",Common Celan > Information computation and electrical scenes,Expansion example,thaldavaen kavral kavdava; kavdavaen la.,The archivist downloads the record and saves it.,Not reviewed in readiness audit,,
PE-ICAES1-0025,"Information, Computation, Automation, and Electrical Systems 1",Common Celan > Information computation and electrical scenes,Expansion example,kavdavaen kavral beldava; rinaen kavdeldava an liankavor.,The archivist saves the database; a backup is in the archive.,Not reviewed in readiness audit,,
PE-ICAES1-0026,"Information, Computation, Automation, and Electrical Systems 1",Common Celan > Information computation and electrical scenes,Expansion example,kesdavaen kavral kavdeldava.,The archivist searches the backup.,Not reviewed in readiness audit,,
PE-ICAES1-0027,"Information, Computation, Automation, and Electrical Systems 1",Common Celan > Information computation and electrical scenes,Expansion example,kesdavaen shenral beldava; belnoraen la kavdava.,The researcher searches the database and synchronizes the records.,Not reviewed in readiness audit,,
PE-ICAES1-0028,"Information, Computation, Automation, and Electrical Systems 1",Common Celan > Information computation and electrical scenes,Expansion example,sivrethaen belnoraen rakumek nor mekreth.,The computers fail to synchronize during the system malfunction.,Not reviewed in readiness audit,,
PE-ICAES1-0029,"Information, Computation, Automation, and Electrical Systems 1",Common Celan > Information computation and electrical scenes,Expansion example,kes mekral felmekreth nor mekreth.,The technician notices the defect during the malfunction.,Not reviewed in readiness audit,,
PE-ICAES1-0030,"Information, Computation, Automation, and Electrical Systems 1",Common Celan > Information computation and electrical scenes,Expansion example,tal felmekreth rekmekreth an rakumek.,The defect causes a crash in the computer.,Not reviewed in readiness audit,,
PE-ICAES1-0031,"Information, Computation, Automation, and Electrical Systems 1",Common Celan > Information computation and electrical scenes,Expansion example,tal rekmekreth rethdava an beldava.,The crash causes data corruption in the database.,Not reviewed in readiness audit,,
PE-ICAES1-0032,"Information, Computation, Automation, and Electrical Systems 1",Common Celan > Information computation and electrical scenes,Expansion example,kes kavral rethdava an xardava.,The archivist notices corruption in the encrypted information.,Not reviewed in readiness audit,,
PE-ICAES1-0033,"Information, Computation, Automation, and Electrical Systems 1",Common Celan > Information computation and electrical scenes,Expansion example,xardavaen kavral kavdava; rinaen la xardava.,The archivist encrypts the record; it is protected information.,Not reviewed in readiness audit,,
PE-ICAES1-0034,"Information, Computation, Automation, and Electrical Systems 1",Common Celan > Information computation and electrical scenes,Expansion example,xardavaen I davaxar; kaxardavaen ser la.,I encrypt the file; the friend decrypts it.,Not reviewed in readiness audit,,
PE-ICAES1-0035,"Information, Computation, Automation, and Electrical Systems 1",Common Celan > Information computation and electrical scenes,Expansion example,kaxardavaen mekral davaxar shalnor shen la zhelwel.,The technician decrypts the file before measuring the current.,Not reviewed in readiness audit,,
PE-ICAES1-0036,"Information, Computation, Automation, and Electrical Systems 1",Common Celan > Information computation and electrical scenes,Expansion example,rinaen zhelwel an zhelshara.,Electrical current is in the circuit.,Not reviewed in readiness audit,,
PE-ICAES1-0037,"Information, Computation, Automation, and Electrical Systems 1",Common Celan > Information computation and electrical scenes,Expansion example,shen mekral ravzhel an zhelshara.,The technician measures voltage in the circuit.,Not reviewed in readiness audit,,
PE-ICAES1-0038,"Information, Computation, Automation, and Electrical Systems 1",Common Celan > Information computation and electrical scenes,Expansion example,rinaen ravzhel an zhelshan.,Electrical potential is present at the conductor.,Not reviewed in readiness audit,,
PE-ICAES1-0039,"Information, Computation, Automation, and Electrical Systems 1",Common Celan > Information computation and electrical scenes,Expansion example,rinaen zhelshan ser zhelxar an karvek.,The conductor and insulator are in the toolkit.,Not reviewed in readiness audit,,
PE-ICAES1-0040,"Information, Computation, Automation, and Electrical Systems 1",Common Celan > Information computation and electrical scenes,Expansion example,arth zhelxar mekral thal jorzhelkav.,The insulator protects the technician from the capacitor.,Not reviewed in readiness audit,,
PE-ICAES1-0041,"Information, Computation, Automation, and Electrical Systems 1",Common Celan > Information computation and electrical scenes,Expansion example,rinaen jorzhelkav ser zhelvorkor an kalmek.,The capacitor and switch are in the machine.,Not reviewed in readiness audit,,
PE-ICAES1-0042,"Information, Computation, Automation, and Electrical Systems 1",Common Celan > Information computation and electrical scenes,Reviewed usage example,bel mekral zhelvorkor ser zhelpel.,The technician connects the switch to the terminal.,Not reviewed in readiness audit,,
PE-ICAES1-0043,"Information, Computation, Automation, and Electrical Systems 1",Common Celan > Information computation and electrical scenes,Expansion example,tal zhelpel jorzhel nor dralorim.,The contact produces a power surge during the storm.,Not reviewed in readiness audit,,
PE-ICAES1-0044,"Information, Computation, Automation, and Electrical Systems 1",Common Celan > Information computation and electrical scenes,Expansion example,tal jorzhel worzhel an zhelshara.,The surge causes an overload in the circuit.,Not reviewed in readiness audit,,
PE-ICAES1-0045,"Information, Computation, Automation, and Electrical Systems 1",Common Celan > Information computation and electrical scenes,Expansion example,tal worzhel kazhel an felbelor.,The overload causes a power outage in the district.,Not reviewed in readiness audit,,
PE-ICAES1-0046,"Information, Computation, Automation, and Electrical Systems 1",Common Celan > Information computation and electrical scenes,Expansion example,kes mekral zhelreth nor kazhel.,The technician detects an electrical fault during the outage.,Not reviewed in readiness audit,,
PE-ICAES1-0047,"Information, Computation, Automation, and Electrical Systems 1",Common Celan > Information computation and electrical scenes,Expansion example,rinaen zhelreth an rethzhelshara.,The electrical fault is a short circuit.,Not reviewed in readiness audit,,
PE-ICAES1-0048,"Information, Computation, Automation, and Electrical Systems 1",Common Celan > Information computation and electrical scenes,Expansion example,Va ver zhelaen Ya zhelshara ser rethzhelshara.,Do not energize the circuit with a short circuit.,Not reviewed in readiness audit,,
PE-ICAES1-0049,"Information, Computation, Automation, and Electrical Systems 1",Common Celan > Information computation and electrical scenes,Expansion example,zhelaen mekral varokmek; kavzhelaen la zhelkav.,The technician powers the controller and charges the battery.,Not reviewed in readiness audit,,
PE-ICAES1-0050,"Information, Computation, Automation, and Electrical Systems 1",Common Celan > Information computation and electrical scenes,Expansion example,kavzhelaen mekral jorzhelkav; thalzhelaen la shalnor pral.,The technician charges the capacitor and discharges it before working.,Not reviewed in readiness audit,,
PE-ICAES1-0051,"Information, Computation, Automation, and Electrical Systems 1",Common Celan > Information computation and electrical scenes,Expansion example,thalzhelaen arthzhelshara zhel nor worzhel.,The circuit protector discharges energy during the overload.,Not reviewed in readiness audit,,
PE-ICAES1-0052,"Information, Computation, Automation, and Electrical Systems 1",Common Celan > Information computation and electrical scenes,Reviewed usage example,bel mekral arthzhelshara ser morzhelshan.,The technician connects the circuit protector to the electrical ground.,Not reviewed in readiness audit,,
PE-ICAES1-0053,"Information, Computation, Automation, and Electrical Systems 1",Common Celan > Information computation and electrical scenes,Expansion example,kes mekkes morzhelshan.,The diagnostic examination checks the grounding path.,Not reviewed in readiness audit,,
PE-ICAES1-0054,"Information, Computation, Automation, and Electrical Systems 1",Common Celan > Information computation and electrical scenes,Expansion example,pralaen mekral mekkes; mekkesaen la zhelbel.,The technician performs diagnostics and troubleshoots the power grid.,Not reviewed in readiness audit,,
PE-ICAES1-0055,"Information, Computation, Automation, and Electrical Systems 1",Common Celan > Information computation and electrical scenes,Expansion example,mekkesaen mekral varokmek.,The technician diagnoses the controller.,Not reviewed in readiness audit,,
PE-ICAES1-0056,"Information, Computation, Automation, and Electrical Systems 1",Common Celan > Information computation and electrical scenes,Expansion example,kes varokmek rethzheldava an belzhir.,The controller detects signal interference in the network.,Not reviewed in readiness audit,,
PE-ICAES1-0057,"Information, Computation, Automation, and Electrical Systems 1",Common Celan > Information computation and electrical scenes,Expansion example,tal rethzheldava reth an dava.,Signal interference causes uncertainty in the information.,Not reviewed in readiness audit,,
PE-SAC1-0001,"Science, Astronomy, and Cosmology 1",Common Celan > Science astronomy and cosmology scenes,Expansion example,rinaen songa wor; rinaen zhirath la songaeth.,The universe is vast; its effects are cosmic.,Not reviewed in readiness audit,,
PE-SAC1-0002,"Science, Astronomy, and Cosmology 1",Common Celan > Science astronomy and cosmology scenes,Expansion example,kes shenral kal songaeth an songazun.,The researcher detects cosmic force in outer space.,Not reviewed in readiness audit,,
PE-SAC1-0003,"Science, Astronomy, and Cosmology 1",Common Celan > Science astronomy and cosmology scenes,Expansion example,rinaen zunesh an songazun.,A vacuum exists in outer space.,Not reviewed in readiness audit,,
PE-SAC1-0004,"Science, Astronomy, and Cosmology 1",Common Celan > Science astronomy and cosmology scenes,Expansion example,shal nyel shan zunesh.,A star shines through the vacuum.,Not reviewed in readiness audit,,
PE-SAC1-0005,"Science, Astronomy, and Cosmology 1",Common Celan > Science astronomy and cosmology scenes,Expansion example,shen shenral shal nyeleth thal nyel.,The researcher measures stellar light from a star.,Not reviewed in readiness audit,,
PE-SAC1-0006,"Science, Astronomy, and Cosmology 1",Common Celan > Science astronomy and cosmology scenes,Expansion example,tal kreznyel shal nyeleth an Vora.,The sun casts stellar light upon the planet.,Not reviewed in readiness audit,,
PE-SAC1-0007,"Science, Astronomy, and Cosmology 1",Common Celan > Science astronomy and cosmology scenes,Expansion example,ravwekaen Vora an kreznyel.,The planet orbits the sun.,Not reviewed in readiness audit,,
PE-SAC1-0008,"Science, Astronomy, and Cosmology 1",Common Celan > Science astronomy and cosmology scenes,Expansion example,kes shenral Vora ser zhel voraeth.,The researcher observes the planet and its planetary energy.,Not reviewed in readiness audit,,
PE-SAC1-0009,"Science, Astronomy, and Cosmology 1",Common Celan > Science astronomy and cosmology scenes,Expansion example,shen shenral kalrav voraeth ser wek luneth.,The researcher measures planetary gravity and the lunar cycle.,Not reviewed in readiness audit,,
PE-SAC1-0010,"Science, Astronomy, and Cosmology 1",Common Celan > Science astronomy and cosmology scenes,Expansion example,rinaen Lun an nyelbel ser wek luneth.,The moon is within the star system and follows a lunar cycle.,Not reviewed in readiness audit,,
PE-SAC1-0011,"Science, Astronomy, and Cosmology 1",Common Celan > Science astronomy and cosmology scenes,Expansion example,rinaen nyelbel an wornyelbel.,The star system lies within the galaxy.,Not reviewed in readiness audit,,
PE-SAC1-0012,"Science, Astronomy, and Cosmology 1",Common Celan > Science astronomy and cosmology scenes,Expansion example,keldoraen shenral wornyelbel an sharashen ser nyelzhir.,The researcher marks the galaxy on the map using a constellation.,Not reviewed in readiness audit,,
PE-SAC1-0013,"Science, Astronomy, and Cosmology 1",Common Celan > Science astronomy and cosmology scenes,Expansion example,rinaen nyelzhir esh ravwek Vora.,The constellation appears beyond the planet's orbit.,Not reviewed in readiness audit,,
PE-SAC1-0014,"Science, Astronomy, and Cosmology 1",Common Celan > Science astronomy and cosmology scenes,Expansion example,shen shenral ravwek; ravwekaen Lun an Vora.,The researcher measures the orbit; the moon orbits the planet.,Not reviewed in readiness audit,,
PE-SAC1-0015,"Science, Astronomy, and Cosmology 1",Common Celan > Science astronomy and cosmology scenes,Expansion example,ravwekaen ravwekin an Vora.,The satellite orbits the planet.,Not reviewed in readiness audit,,
PE-SAC1-0016,"Science, Astronomy, and Cosmology 1",Common Celan > Science astronomy and cosmology scenes,Expansion example,kes ravwekin an dralxar.,The satellite observes the eclipse.,Not reviewed in readiness audit,,
PE-SAC1-0017,"Science, Astronomy, and Cosmology 1",Common Celan > Science astronomy and cosmology scenes,Expansion example,rinaen dralxar; dralxaraen Lun an kreznyel.,An eclipse occurs; the moon eclipses the sun.,Not reviewed in readiness audit,,
PE-SAC1-0018,"Science, Astronomy, and Cosmology 1",Common Celan > Science astronomy and cosmology scenes,Expansion example,dralxaraen Felvora an nyel.,The asteroid eclipses the star.,Not reviewed in readiness audit,,
PE-SAC1-0019,"Science, Astronomy, and Cosmology 1",Common Celan > Science astronomy and cosmology scenes,Expansion example,shen shenral felvora ser zhirnyel.,The researcher measures the asteroid and the comet.,Not reviewed in readiness audit,,
PE-SAC1-0020,"Science, Astronomy, and Cosmology 1",Common Celan > Science astronomy and cosmology scenes,Expansion example,var zhirnyel shan songazun; kes kesmek dralfel.,The comet travels through outer space; the sensor detects a meteoroid.,Not reviewed in readiness audit,,
PE-SAC1-0021,"Science, Astronomy, and Cosmology 1",Common Celan > Science astronomy and cosmology scenes,Expansion example,var dralfel an Arshor; shal krezdralfel.,The meteoroid enters the atmosphere; the meteor shines.,Not reviewed in readiness audit,,
PE-SAC1-0022,"Science, Astronomy, and Cosmology 1",Common Celan > Science astronomy and cosmology scenes,Expansion example,shal krezdralfel an Esh; tal shenral mordralfel.,The meteor shines in the sky; the researcher takes the meteorite.,Not reviewed in readiness audit,,
PE-SAC1-0023,"Science, Astronomy, and Cosmology 1",Common Celan > Science astronomy and cosmology scenes,Expansion example,rinaen felmor esh mordralfel.,Dust rests upon the meteorite.,Not reviewed in readiness audit,,
PE-SAC1-0024,"Science, Astronomy, and Cosmology 1",Common Celan > Science astronomy and cosmology scenes,Expansion example,shen shenral morshen felmor.,The researcher measures the mass of the dust.,Not reviewed in readiness audit,,
PE-SAC1-0025,"Science, Astronomy, and Cosmology 1",Common Celan > Science astronomy and cosmology scenes,Expansion example,shen dralshen morshen Vora.,Astronomy measures the mass of the planet.,Not reviewed in readiness audit,,
PE-SAC1-0026,"Science, Astronomy, and Cosmology 1",Common Celan > Science astronomy and cosmology scenes,Expansion example,pralaen shenral kel an dralshen ser songashen.,The researcher creates a text about astronomy and cosmology.,Not reviewed in readiness audit,,
PE-SAC1-0027,"Science, Astronomy, and Cosmology 1",Common Celan > Science astronomy and cosmology scenes,Expansion example,rinaen songashen an shenbel.,Cosmology belongs within science.,Not reviewed in readiness audit,,
PE-SAC1-0028,"Science, Astronomy, and Cosmology 1",Common Celan > Science astronomy and cosmology scenes,Expansion example,aen shenral an shenbel ser kel shenbeleth.,The researcher discusses science using a scientific text.,Not reviewed in readiness audit,,
PE-SAC1-0029,"Science, Astronomy, and Cosmology 1",Common Celan > Science astronomy and cosmology scenes,Expansion example,rinaen shenkes an kel shenbeleth.,The formal observation appears in the scientific text.,Not reviewed in readiness audit,,
PE-SAC1-0030,"Science, Astronomy, and Cosmology 1",Common Celan > Science astronomy and cosmology scenes,Expansion example,pralaen shenral shenkes; shenkesaen la an nyel.,The researcher makes an observation and scientifically observes the star.,Not reviewed in readiness audit,,
PE-SAC1-0031,"Science, Astronomy, and Cosmology 1",Common Celan > Science astronomy and cosmology scenes,Expansion example,shenkesaen shenral an felshen; kavdavaen la kesdava.,The researcher observes the sample systematically and records the evidence.,Not reviewed in readiness audit,,
PE-SAC1-0032,"Science, Astronomy, and Cosmology 1",Common Celan > Science astronomy and cosmology scenes,Expansion example,rinaen kesdava thal sivshen.,The evidence comes from the experiment.,Not reviewed in readiness audit,,
PE-SAC1-0033,"Science, Astronomy, and Cosmology 1",Common Celan > Science astronomy and cosmology scenes,Expansion example,sivshenaen shenral an sivshen.,The researcher conducts the experiment.,Not reviewed in readiness audit,,
PE-SAC1-0034,"Science, Astronomy, and Cosmology 1",Common Celan > Science astronomy and cosmology scenes,Expansion example,sivshenaen shenral an sivkel.,The researcher experiments upon the hypothesis.,Not reviewed in readiness audit,,
PE-SAC1-0035,"Science, Astronomy, and Cosmology 1",Common Celan > Science astronomy and cosmology scenes,Expansion example,siv shenral sivkel; bel shenral kesdava an belkes.,The researcher tests the hypothesis and binds the evidence into a theory.,Not reviewed in readiness audit,,
PE-SAC1-0036,"Science, Astronomy, and Cosmology 1",Common Celan > Science astronomy and cosmology scenes,Expansion example,rinaen rinmek an belkes.,The model belongs within the theory.,Not reviewed in readiness audit,,
PE-SAC1-0037,"Science, Astronomy, and Cosmology 1",Common Celan > Science astronomy and cosmology scenes,Expansion example,pralaen shenral rinmek; rinmekaen la an ravwek.,The researcher constructs a model and models the orbit.,Not reviewed in readiness audit,,
PE-SAC1-0038,"Science, Astronomy, and Cosmology 1",Common Celan > Science astronomy and cosmology scenes,Expansion example,rinmekaen shenral an Vora ser varrinmek.,The researcher models the planet through a simulation.,Not reviewed in readiness audit,,
PE-SAC1-0039,"Science, Astronomy, and Cosmology 1",Common Celan > Science astronomy and cosmology scenes,Expansion example,rinaen varrinmek an rakumek; varrinmekaen la an ravwek.,The simulation runs in the computer and simulates the orbit.,Not reviewed in readiness audit,,
PE-SAC1-0040,"Science, Astronomy, and Cosmology 1",Common Celan > Science astronomy and cosmology scenes,Expansion example,varrinmekaen shenral an sivshen; rinaen felshen an rinmek.,The researcher simulates the experiment; the sample is represented in the model.,Not reviewed in readiness audit,,
PE-SAC1-0041,"Science, Astronomy, and Cosmology 1",Common Celan > Science astronomy and cosmology scenes,Expansion example,tal shenral felshen; felshenaen la an dren.,The researcher takes the sample and samples the water.,Not reviewed in readiness audit,,
PE-SAC1-0042,"Science, Astronomy, and Cosmology 1",Common Celan > Science astronomy and cosmology scenes,Expansion example,felshenaen shenral an dren; drenvaraen drenvar an krezshen.,The researcher samples the water; the variable changes with temperature.,Not reviewed in readiness audit,,
PE-SAC1-0043,"Science, Astronomy, and Cosmology 1",Common Celan > Science astronomy and cosmology scenes,Expansion example,drenvaraen shenral drenvar; rinaen sivshenlian an shenpralor.,The researcher changes the variable; the control condition remains in the laboratory.,Not reviewed in readiness audit,,
PE-SAC1-0044,"Science, Astronomy, and Cosmology 1",Common Celan > Science astronomy and cosmology scenes,Expansion example,shen shenral sivshenlian ser rethshen.,The researcher measures the control condition and the probability.,Not reviewed in readiness audit,,
PE-SAC1-0045,"Science, Astronomy, and Cosmology 1",Common Celan > Science astronomy and cosmology scenes,Expansion example,rakuaen shenral rethshen ser shenreth.,The researcher computes the probability and the measurement uncertainty.,Not reviewed in readiness audit,,
PE-SAC1-0046,"Science, Astronomy, and Cosmology 1",Common Celan > Science astronomy and cosmology scenes,Expansion example,rinaen shenreth fel; rinaen shenmek shenlianeth.,The uncertainty is small; the meter is accurate.,Not reviewed in readiness audit,,
PE-SAC1-0047,"Science, Astronomy, and Cosmology 1",Common Celan > Science astronomy and cosmology scenes,Expansion example,rinaen shenmek shenlianeth ser pelsheneth.,The meter is accurate and precise.,Not reviewed in readiness audit,,
PE-SAC1-0048,"Science, Astronomy, and Cosmology 1",Common Celan > Science astronomy and cosmology scenes,Expansion example,rinaen kel pelsheneth an shenvarash.,The wording of the prediction is precise.,Not reviewed in readiness audit,,
PE-SAC1-0049,"Science, Astronomy, and Cosmology 1",Common Celan > Science astronomy and cosmology scenes,Expansion example,pralaen shenral shenvarash; shenvarashaen la an dralxar.,The researcher makes a prediction and predicts the eclipse.,Not reviewed in readiness audit,,
PE-SAC1-0050,"Science, Astronomy, and Cosmology 1",Common Celan > Science astronomy and cosmology scenes,Expansion example,shenvarashaen shenral an zhirath; pralaen shenral weksivshen.,The researcher predicts the result and performs a replication.,Not reviewed in readiness audit,,
PE-SAC1-0051,"Science, Astronomy, and Cosmology 1",Common Celan > Science astronomy and cosmology scenes,Expansion example,tal weksivshen kesdava; weksivshenaen shenral an sivshen.,The replication yields evidence; the researcher replicates the experiment.,Not reviewed in readiness audit,,
PE-SAC1-0052,"Science, Astronomy, and Cosmology 1",Common Celan > Science astronomy and cosmology scenes,Expansion example,weksivshenaen shenral an sivshen shan shalpel.,The researcher replicates the experiment through the lens.,Not reviewed in readiness audit,,
PE-SAC1-0053,"Science, Astronomy, and Cosmology 1",Common Celan > Science astronomy and cosmology scenes,Expansion example,rinaen shalpel an Drallor.,The lens is inside the telescope.,Not reviewed in readiness audit,,
PE-SAC1-0054,"Science, Astronomy, and Cosmology 1",Common Celan > Science astronomy and cosmology scenes,Expansion example,kes shenral Lun shan Drallor ser felshen shan Fellor.,The researcher observes the moon through the telescope and the sample through the microscope.,Not reviewed in readiness audit,,
PE-SAC1-0055,"Science, Astronomy, and Cosmology 1",Common Celan > Science astronomy and cosmology scenes,Expansion example,kes shenral felmor shan Fellor ser nyel an songa.,The researcher observes dust through the microscope and a star within the universe.,Not reviewed in readiness audit,,
PE-GMMP1-0001,General Magic and Metaphysical Practice 1,Common Celan > magic and metaphysical-practice scenes,Expansion example,rinaen aru an rinvek; rinaen la arueth.,Magic is in the artifact; it is magical.,Not reviewed in readiness audit,,
PE-GMMP1-0002,General Magic and Metaphysical Practice 1,Common Celan > magic and metaphysical-practice scenes,Expansion example,rinaen rinvek arueth ser kareth kaarueth.,The artifact is magical and the hammer is nonmagical.,Not reviewed in readiness audit,,
PE-GMMP1-0003,General Magic and Metaphysical Practice 1,Common Celan > magic and metaphysical-practice scenes,Expansion example,rinaen vek kaarueth; aruaen seren an shalor.,The carrier is nonmagical; the guardian practices magic in the sanctuary.,Not reviewed in readiness audit,,
PE-GMMP1-0004,General Magic and Metaphysical Practice 1,Common Celan > magic and metaphysical-practice scenes,Expansion example,aruaen arural shan ohmpel.,The magical practitioner works magic through a focus.,Not reviewed in readiness audit,,
PE-GMMP1-0005,General Magic and Metaphysical Practice 1,Common Celan > magic and metaphysical-practice scenes,Expansion example,thaenohmaen arural thaenin shan rinaru.,The magical practitioner contacts the spirit-being through spiritual magic.,Not reviewed in readiness audit,,
PE-GMMP1-0006,General Magic and Metaphysical Practice 1,Common Celan > magic and metaphysical-practice scenes,Expansion example,rinaen rinaru ser kalaru an arural.,The practitioner works with spiritual and physical magic.,Not reviewed in readiness audit,,
PE-GMMP1-0007,General Magic and Metaphysical Practice 1,Common Celan > magic and metaphysical-practice scenes,Expansion example,aruaen ser kalaru ser esharu.,The friend practices physical and mental magic.,Not reviewed in readiness audit,,
PE-GMMP1-0008,General Magic and Metaphysical Practice 1,Common Celan > magic and metaphysical-practice scenes,Expansion example,kes esharu an arukel.,Mental magic is evident in the spell.,Not reviewed in readiness audit,,
PE-GMMP1-0009,General Magic and Metaphysical Practice 1,Common Celan > magic and metaphysical-practice scenes,Expansion example,arukelaen arural arukel.,The practitioner casts the spell.,Not reviewed in readiness audit,,
PE-GMMP1-0010,General Magic and Metaphysical Practice 1,Common Celan > magic and metaphysical-practice scenes,Expansion example,arukelaen arural arukel ser shankalaen kal shan ohmpel.,The practitioner casts the spell and channels power through the focus.,Not reviewed in readiness audit,,
PE-GMMP1-0011,General Magic and Metaphysical Practice 1,Common Celan > magic and metaphysical-practice scenes,Expansion example,shankalaen arural kal shan rinbel.,The practitioner channels power through the enchantment.,Not reviewed in readiness audit,,
PE-GMMP1-0012,General Magic and Metaphysical Practice 1,Common Celan > magic and metaphysical-practice scenes,Expansion example,rinaen rinbel an ngarpel; rinbelaen arural la.,Enchantment is in the sword; the practitioner enchants it.,Not reviewed in readiness audit,,
PE-GMMP1-0013,General Magic and Metaphysical Practice 1,Common Celan > magic and metaphysical-practice scenes,Expansion example,rinbelaen arural xaresh; rinaen la rinbeleth.,The practitioner enchants the cloak; it is enchanted.,Not reviewed in readiness audit,,
PE-GMMP1-0014,General Magic and Metaphysical Practice 1,Common Celan > magic and metaphysical-practice scenes,Expansion example,rinaen vorkor rinbeleth ser arthrin shalvar la.,The gate is enchanted and a ward stands before it.,Not reviewed in readiness audit,,
PE-GMMP1-0015,General Magic and Metaphysical Practice 1,Common Celan > magic and metaphysical-practice scenes,Expansion example,rinaen arthrin shalvar vorkor ser xarrin an lianrethor.,A ward is before the gate and a metaphysical seal is at the anomaly zone.,Not reviewed in readiness audit,,
PE-GMMP1-0016,General Magic and Metaphysical Practice 1,Common Celan > magic and metaphysical-practice scenes,Expansion example,kes arural xarrin; kaaruaen ser rathrin.,The practitioner examines the metaphysical seal; the friend dispels the curse.,Not reviewed in readiness audit,,
PE-GMMP1-0017,General Magic and Metaphysical Practice 1,Common Celan > magic and metaphysical-practice scenes,Expansion example,kaaruaen arural rathrin ser tal vaarrin an seren.,The practitioner dispels the curse and gives the guardian a blessing.,Not reviewed in readiness audit,,
PE-GMMP1-0018,General Magic and Metaphysical Practice 1,Common Celan > magic and metaphysical-practice scenes,Expansion example,rinaen vaarrin an teremil ser rathrin an rethvok.,A blessing rests on the home and a curse on chaos.,Not reviewed in readiness audit,,
PE-GMMP1-0019,General Magic and Metaphysical Practice 1,Common Celan > magic and metaphysical-practice scenes,Expansion example,kes arural rathrin an rinvek.,The practitioner detects a curse on the magical artifact.,Not reviewed in readiness audit,,
PE-GMMP1-0020,General Magic and Metaphysical Practice 1,Common Celan > magic and metaphysical-practice scenes,Expansion example,vekaen I rinvek ser dor I ohmpel an pralor.,I carry the magical artifact and put the focus on the table.,Not reviewed in readiness audit,,
PE-GMMP1-0021,General Magic and Metaphysical Practice 1,Common Celan > magic and metaphysical-practice scenes,Expansion example,rinaen ohmpel an mekaru.,The focus is used in technomancy.,Not reviewed in readiness audit,,
PE-GMMP1-0022,General Magic and Metaphysical Practice 1,Common Celan > magic and metaphysical-practice scenes,Expansion example,aruaen arural mekaru; kes la thaenin an zheldava.,The practitioner uses technomancy and detects a spirit-being in the signal.,Not reviewed in readiness audit,,
PE-GMMP1-0023,General Magic and Metaphysical Practice 1,Common Celan > magic and metaphysical-practice scenes,Expansion example,rinaen thaenin shalvar arural; tal la thaenohm.,A spirit-being is before the practitioner; they establish spirit contact.,Not reviewed in readiness audit,,
PE-GMMP1-0024,General Magic and Metaphysical Practice 1,Common Celan > magic and metaphysical-practice scenes,Expansion example,tal thaenohm vaar; thaenohmaen arural thaenin.,The spirit contact is peaceful; the practitioner communes with the spirit-being.,Not reviewed in readiness audit,,
PE-GMMP1-0025,General Magic and Metaphysical Practice 1,Common Celan > magic and metaphysical-practice scenes,Expansion example,thaenohmaen arural thaenin ser kes rinarshor thal la.,The practitioner contacts the spirit-being and perceives its aura.,Not reviewed in readiness audit,,
PE-GMMP1-0026,General Magic and Metaphysical Practice 1,Common Celan > magic and metaphysical-practice scenes,Expansion example,rinaen rinarshor reth an vorkor; kes arural thaenbel an la.,An unsettled aura surrounds the gate; the practitioner detects a spirit-binding there.,Not reviewed in readiness audit,,
PE-GMMP1-0027,General Magic and Metaphysical Practice 1,Common Celan > magic and metaphysical-practice scenes,Expansion example,rinaen thaenbel an shalor; thaenbelaen arural thaenin an la.,A spirit-binding is in the sanctuary; the practitioner binds the spirit-being there.,Not reviewed in readiness audit,,
PE-GMMP1-0028,General Magic and Metaphysical Practice 1,Common Celan > magic and metaphysical-practice scenes,Expansion example,thaenbelaen arural thaenin an vorkor; kathaenbelaen liorin la.,The practitioner binds the spirit-being to the gate; the elder releases it.,Not reviewed in readiness audit,,
PE-GMMP1-0029,General Magic and Metaphysical Practice 1,Common Celan > magic and metaphysical-practice scenes,Expansion example,kathaenbelaen arural thaenin ser krezpralaen seren krez.,The practitioner releases the spirit-being and the guardian shapes the fire.,Not reviewed in readiness audit,,
PE-GMMP1-0030,General Magic and Metaphysical Practice 1,Common Celan > magic and metaphysical-practice scenes,Expansion example,krezpralaen arural krez ser dropralaen seren dro.,The practitioner shapes fire and the guardian shapes physical water.,Not reviewed in readiness audit,,
PE-GMMP1-0031,General Magic and Metaphysical Practice 1,Common Celan > magic and metaphysical-practice scenes,Expansion example,dropralaen arural dro ser eshpralaen seren esh.,The practitioner shapes water and the guardian shapes wind.,Not reviewed in readiness audit,,
PE-GMMP1-0032,General Magic and Metaphysical Practice 1,Common Celan > magic and metaphysical-practice scenes,Expansion example,eshpralaen arural esh ser morpralaen seren mor.,The practitioner shapes wind and the guardian shapes matter.,Not reviewed in readiness audit,,
PE-GMMP1-0033,General Magic and Metaphysical Practice 1,Common Celan > magic and metaphysical-practice scenes,Expansion example,morpralaen arural mor ser velpralaen seren vel.,The practitioner shapes stone and the guardian shapes ice.,Not reviewed in readiness audit,,
PE-GMMP1-0034,General Magic and Metaphysical Practice 1,Common Celan > magic and metaphysical-practice scenes,Expansion example,velpralaen arural vel ser zhelpralaen seren zhel.,The practitioner shapes ice and the guardian shapes electricity.,Not reviewed in readiness audit,,
PE-GMMP1-0035,General Magic and Metaphysical Practice 1,Common Celan > magic and metaphysical-practice scenes,Expansion example,zhelpralaen arural zhel ser tenarpralaen seren tenar.,The practitioner shapes electricity and the guardian shapes radiance.,Not reviewed in readiness audit,,
PE-GMMP1-0036,General Magic and Metaphysical Practice 1,Common Celan > magic and metaphysical-practice scenes,Expansion example,tenarpralaen arural tenar ser vethpralaen seren veth.,The practitioner shapes radiance and the guardian shapes shadow.,Not reviewed in readiness audit,,
PE-GMMP1-0037,General Magic and Metaphysical Practice 1,Common Celan > magic and metaphysical-practice scenes,Expansion example,vethpralaen arural veth ser shalrinaen zhaelral verdin.,The practitioner shapes shadow and the healer uses biomancy on the plant.,Not reviewed in readiness audit,,
PE-GMMP1-0038,General Magic and Metaphysical Practice 1,Common Celan > magic and metaphysical-practice scenes,Expansion example,shalrinaen zhaelral verdin; kes la vethshal an vorkor.,The healer uses biomancy on the plant and notices an illusion at the gate.,Not reviewed in readiness audit,,
PE-GMMP1-0039,General Magic and Metaphysical Practice 1,Common Celan > magic and metaphysical-practice scenes,Expansion example,rinaen vethshal shalvar vorkor; vethshalaen arural la.,An illusion stands before the gate; the practitioner projects it.,Not reviewed in readiness audit,,
PE-GMMP1-0040,General Magic and Metaphysical Practice 1,Common Celan > magic and metaphysical-practice scenes,Expansion example,vethshalaen arural vorkor; rinaen la vethshaleth.,The practitioner projects a gate; it is illusory.,Not reviewed in readiness audit,,
PE-GMMP1-0041,General Magic and Metaphysical Practice 1,Common Celan > magic and metaphysical-practice scenes,Expansion example,rinaen vorkor vethshaleth ser tharbel an vorkaral.,The gate is illusory and the guard is under compulsion.,Not reviewed in readiness audit,,
PE-GMMP1-0042,General Magic and Metaphysical Practice 1,Common Celan > magic and metaphysical-practice scenes,Expansion example,rinaen tharbel an vorkaral; tharbelaen rath la var vorkor.,The guard is under compulsion; the enemy compels them toward the gate.,Not reviewed in readiness audit,,
PE-GMMP1-0043,General Magic and Metaphysical Practice 1,Common Celan > magic and metaphysical-practice scenes,Expansion example,tharbelaen rath vorkaral; katharbelaen arural la.,The enemy compels the guard; the practitioner releases them from the compulsion.,Not reviewed in readiness audit,,
PE-GMMP1-0044,General Magic and Metaphysical Practice 1,Common Celan > magic and metaphysical-practice scenes,Expansion example,katharbelaen arural vorkaral; kes la kesxar an vorkor.,The practitioner releases the guard from compulsion and detects a perceptual veil at the gate.,Not reviewed in readiness audit,,
PE-GMMP1-0045,General Magic and Metaphysical Practice 1,Common Celan > magic and metaphysical-practice scenes,Expansion example,rinaen kesxar an vorkor; kesxaraen arural la thal vorkaral.,A perceptual veil covers the gate; the practitioner veils it from the guard's notice.,Not reviewed in readiness audit,,
PE-GMMP1-0046,General Magic and Metaphysical Practice 1,Common Celan > magic and metaphysical-practice scenes,Expansion example,kesxaraen arural shara; nor jor worshankal.,The practitioner veils the route from notice; then overchanneling occurs.,Not reviewed in readiness audit,,
PE-GMMP1-0047,General Magic and Metaphysical Practice 1,Common Celan > magic and metaphysical-practice scenes,Expansion example,kes zhaelral worshankal; worshankalaen arural shan ohmpel.,The healer detects overchanneling; the practitioner overchannels through the focus.,Not reviewed in readiness audit,,
PE-GMMP1-0048,General Magic and Metaphysical Practice 1,Common Celan > magic and metaphysical-practice scenes,Expansion example,worshankalaen arural; jor rethkal an rinvek.,The practitioner overchannels; power instability begins in the artifact.,Not reviewed in readiness audit,,
PE-GMMP1-0049,General Magic and Metaphysical Practice 1,Common Celan > magic and metaphysical-practice scenes,Expansion example,rinaen rethkal an rinvek; rinaen la rethkaleth.,Power instability is in the artifact; it is unstable.,Not reviewed in readiness audit,,
PE-GMMP1-0050,General Magic and Metaphysical Practice 1,Common Celan > magic and metaphysical-practice scenes,Expansion example,rinaen rinvek rethkaleth; jor shantham shan ohmpel.,The artifact is unstable; backlash travels through the focus.,Not reviewed in readiness audit,,
PE-GMMP1-0051,General Magic and Metaphysical Practice 1,Common Celan > magic and metaphysical-practice scenes,Expansion example,jor shantham an arural; nor kes la ohmreth.,Backlash strikes the practitioner; then they detect attunement disruption.,Not reviewed in readiness audit,,
PE-GMMP1-0052,General Magic and Metaphysical Practice 1,Common Celan > magic and metaphysical-practice scenes,Expansion example,rinaen ohmreth an thaenohm; kaohmaen arural la.,Attunement disruption affects the spirit contact; the practitioner severs it.,Not reviewed in readiness audit,,
PE-GMMP1-0053,General Magic and Metaphysical Practice 1,Common Celan > magic and metaphysical-practice scenes,Expansion example,kaohmaen arural ohm; nor kes la aru an shalor.,The practitioner severs the attunement; then they detect magic in the sanctuary.,Not reviewed in readiness audit,,
PE-SRD1-0001,Spatial Reference and Deixis 1,Common Celan > Naku,Expansion example,va jekaen Ya naku.,Turn left.,Not reviewed in readiness audit,,
PE-SRD1-0002,Spatial Reference and Deixis 1,Common Celan > Naku,Expansion example,rinaen nethor naku I.,The chair is to my left.,Not reviewed in readiness audit,,
PE-SRD1-0003,Spatial Reference and Deixis 1,Common Celan > Sora,Expansion example,va jekaen Ya sora.,Turn right.,Not reviewed in readiness audit,,
PE-SRD1-0004,Spatial Reference and Deixis 1,Common Celan > Sora,Expansion example,rinaen vorkor sora I.,The door is to my right.,Not reviewed in readiness audit,,
PE-SRD1-0005,Spatial Reference and Deixis 1,Common Celan > Kor,Expansion example,rinaen I an kor.,I am in the middle.,Not reviewed in readiness audit,,
PE-SRD1-0006,Spatial Reference and Deixis 1,Common Celan > Kor,Expansion example,dor I vekmor an kor.,I put the cargo in the center.,Not reviewed in readiness audit,,
PE-SRD1-0007,Spatial Reference and Deixis 1,Common Celan > Deni,Expansion example,dor Ya karvek deni an pralor.,Put this toolkit on the table.,Not reviewed in readiness audit,,
PE-SRD1-0008,Spatial Reference and Deixis 1,Common Celan > Deni,Expansion example,va var Ya an deni.,Come here.,Not reviewed in readiness audit,,
PE-SRD1-0009,Spatial Reference and Deixis 1,Common Celan > Denya,Expansion example,talaen Ya drenvor denya var I.,Give me that bowl beside you.,Not reviewed in readiness audit,,
PE-SRD1-0010,Spatial Reference and Deixis 1,Common Celan > Denya,Expansion example,ra rinaen karvek denya lianeth?,Is that toolkit by you reliable?,Not reviewed in readiness audit,,
PE-SRD1-0011,Spatial Reference and Deixis 1,Common Celan > Denla,Expansion example,kes I mekor denla.,I notice that building over there.,Not reviewed in readiness audit,,
PE-SRD1-0012,Spatial Reference and Deixis 1,Common Celan > Denla,Expansion example,va sharaen Ya sharavok denla.,Follow that caravan over there.,Not reviewed in readiness audit,,
PE-SRD1-0013,Spatial Reference and Deixis 1,Common Celan > Anor,Expansion example,va dar Ya an anor nor eshjor.,Wait inside during the gale.,Not reviewed in readiness audit,,
PE-SRD1-0014,Spatial Reference and Deixis 1,Common Celan > Anor,Expansion example,rinaen dro an anor xarvek.,Water is inside the storage chest.,Not reviewed in readiness audit,,
PE-SRD1-0015,Spatial Reference and Deixis 1,Common Celan > Kaan,Expansion example,dor Ya karvek kaan vorkor.,Put the toolkit outside the door.,Not reviewed in readiness audit,,
PE-SRD1-0016,Spatial Reference and Deixis 1,Common Celan > Kaan,Expansion example,rinaen felka kaan mekor.,The child is outside the building.,Not reviewed in readiness audit,,
PE-SRD1-0017,Spatial Reference and Deixis 1,Common Celan > Anshanaen,Expansion example,va anshanaen Ya xaror.,Come inside the room.,Not reviewed in readiness audit,,
PE-SRD1-0018,Spatial Reference and Deixis 1,Common Celan > Anshanaen,Expansion example,anshanaen zor mekor shan vorkor.,The animal enters the building through the door.,Not reviewed in readiness audit,,
PE-SRD1-0019,Spatial Reference and Deixis 1,Common Celan > Thalshanaen,Expansion example,thalshanaen I mekor shan vorkor.,I exit the building through the door.,Not reviewed in readiness audit,,
PE-SRD1-0020,Spatial Reference and Deixis 1,Common Celan > Thalshanaen,Expansion example,va thalshanaen Yalin xaror.,You all exit the room.,Not reviewed in readiness audit,,
PE-HLPS1-0001,"Humor, Laughter, and Playful Speech 1",Common Celan > Hav,Expansion example,rinaen hav an teremil.,There is laughter at home.,Not reviewed in readiness audit,,
PE-HLPS1-0002,"Humor, Laughter, and Playful Speech 1",Common Celan > Hav,Expansion example,rinaen hav ser reth.,The laughter carries uncertainty.,Not reviewed in readiness audit,,
PE-HLPS1-0003,"Humor, Laughter, and Playful Speech 1",Common Celan > Havaen,Expansion example,havaen felka ser ser.,The child laughs with a friend.,Not reviewed in readiness audit,,
PE-HLPS1-0004,"Humor, Laughter, and Playful Speech 1",Common Celan > Havaen,Expansion example,havaen I ser reth.,I laugh in uncertainty.,Not reviewed in readiness audit,,
PE-HLPS1-0005,"Humor, Laughter, and Playful Speech 1",Common Celan > Haveth,Expansion example,rinaen zhirkel deni haveth.,This story is funny.,Not reviewed in readiness audit,,
PE-HLPS1-0006,"Humor, Laughter, and Playful Speech 1",Common Celan > Haveth,Expansion example,rinaen dovkel denya haveth.,That joke by you is funny.,Not reviewed in readiness audit,,
PE-HLPS1-0007,"Humor, Laughter, and Playful Speech 1",Common Celan > Dovhav,Expansion example,rinaen dovhav an khumlor.,There is humor in the family circle.,Not reviewed in readiness audit,,
PE-HLPS1-0008,"Humor, Laughter, and Playful Speech 1",Common Celan > Dovhav,Expansion example,kes I dovhav an kel.,I notice humor in the words.,Not reviewed in readiness audit,,
PE-HLPS1-0009,"Humor, Laughter, and Playful Speech 1",Common Celan > Dovkel,Expansion example,aen zhirkelral dovkel.,The storyteller tells a joke.,Not reviewed in readiness audit,,
PE-HLPS1-0010,"Humor, Laughter, and Playful Speech 1",Common Celan > Dovkel,Expansion example,rinaen dovkel an zhirkel.,There is a joke in the story.,Not reviewed in readiness audit,,
PE-HLPS1-0011,"Humor, Laughter, and Playful Speech 1",Common Celan > Dovkelaen,Expansion example,dovkelaen I ser Ya.,I joke with you.,Not reviewed in readiness audit,,
PE-HLPS1-0012,"Humor, Laughter, and Playful Speech 1",Common Celan > Dovkelaen,Expansion example,dovkelaen I Ya.,I tease you playfully.,Not reviewed in readiness audit,,
PE-HLPS1-0013,"Humor, Laughter, and Playful Speech 1",Common Celan > Keljek,Expansion example,rinaen keljek an dovkel.,There is wordplay in the joke.,Not reviewed in readiness audit,,
PE-HLPS1-0014,"Humor, Laughter, and Playful Speech 1",Common Celan > Keljek,Expansion example,kes shenral keljek an kel.,The scholar notices a pun in the text.,Not reviewed in readiness audit,,
PE-HLPS1-0015,"Humor, Laughter, and Playful Speech 1",Common Celan > Pralhav,Expansion example,aen zhirkelral ser pralhav.,The storyteller speaks with wit.,Not reviewed in readiness audit,,
PE-HLPS1-0016,"Humor, Laughter, and Playful Speech 1",Common Celan > Pralhav,Expansion example,kes I pralhav an dovkel.,I notice wit in the joke.,Not reviewed in readiness audit,,
PE-HLPS1-0017,"Humor, Laughter, and Playful Speech 1",Common Celan > Dovhavral,Expansion example,rinaen La dovhavral.,They are a comedian.,Not reviewed in readiness audit,,
PE-HLPS1-0018,"Humor, Laughter, and Playful Speech 1",Common Celan > Dovhavral,Expansion example,norpralaen dovhavral an norpralor.,The comedian performs on the stage.,Not reviewed in readiness audit,,
PE-HLPS1-0019,"Humor, Laughter, and Playful Speech 1",Common Celan > Havrath,Expansion example,rinaen havrath an dovkel.,There is mockery in the joke.,Not reviewed in readiness audit,,
PE-HLPS1-0020,"Humor, Laughter, and Playful Speech 1",Common Celan > Havrath,Expansion example,kes liorin havrath an kelreth.,The elder notices ridicule in the dispute.,Not reviewed in readiness audit,,
PE-HLPS1-0021,"Humor, Laughter, and Playful Speech 1",Common Celan > Havrathaen,Expansion example,havrathaen La felka.,They mock the child.,Not reviewed in readiness audit,,
PE-HLPS1-0022,"Humor, Laughter, and Playful Speech 1",Common Celan > Havrathaen,Expansion example,va ver havrathaen Ya ser.,Do not mock the friend.,Not reviewed in readiness audit,,
PE-HLPS1-0023,"Humor, Laughter, and Playful Speech 1",Common Celan > Jekkel,Expansion example,kes I jekkel an dovkel.,I notice the irony in the joke.,Not reviewed in readiness audit,,
PE-HLPS1-0024,"Humor, Laughter, and Playful Speech 1",Common Celan > Jekkel,Expansion example,rinaen jekkel an zhirkel.,There is irony in the story.,Not reviewed in readiness audit,,
PE-HLPS1-0025,"Humor, Laughter, and Playful Speech 1",Common Celan > Peljekkel,Expansion example,aen I peljekkel.,I speak sarcastically.,Not reviewed in readiness audit,,
PE-HLPS1-0026,"Humor, Laughter, and Playful Speech 1",Common Celan > Peljekkel,Expansion example,rinaen peljekkel an kelreth.,There is sarcasm in the dispute.,Not reviewed in readiness audit,,
PE-UHEI1-0001,"Understanding, Helping, and Emotional Interiority 1",Common Celan > Nem,Expansion example,rinaen nem an kel.,There is understanding in the words.,Not reviewed in readiness audit,,
PE-UHEI1-0002,"Understanding, Helping, and Emotional Interiority 1",Common Celan > Nem,Expansion example,rinaen nem an khumkel.,There is understanding in the council.,Not reviewed in readiness audit,,
PE-UHEI1-0003,"Understanding, Helping, and Emotional Interiority 1",Common Celan > Nemaen,Expansion example,ra nemaen Ya?,Do you understand?,Not reviewed in readiness audit,,
PE-UHEI1-0004,"Understanding, Helping, and Emotional Interiority 1",Common Celan > Nemaen,Expansion example,ver nemaen I.,I do not understand.,Not reviewed in readiness audit,,
PE-UHEI1-0005,"Understanding, Helping, and Emotional Interiority 1",Common Celan > Rethnem,Expansion example,rinaen rethnem an kel.,There is a misunderstanding in the words.,Not reviewed in readiness audit,,
PE-UHEI1-0006,"Understanding, Helping, and Emotional Interiority 1",Common Celan > Rethnem,Expansion example,rinaen rethnem ser Ilin.,There is a misunderstanding between us.,Not reviewed in readiness audit,,
PE-UHEI1-0007,"Understanding, Helping, and Emotional Interiority 1",Common Celan > Rethnemaen,Expansion example,rethnemaen Ya I.,You misunderstand me.,Not reviewed in readiness audit,,
PE-UHEI1-0008,"Understanding, Helping, and Emotional Interiority 1",Common Celan > Rethnemaen,Expansion example,rethnemaen lorvekral shara.,The operator misunderstands the route.,Not reviewed in readiness audit,,
PE-UHEI1-0009,"Understanding, Helping, and Emotional Interiority 1",Common Celan > Kelnemaen,Expansion example,va kelnemaen Ya La wek.,Explain it again.,Not reviewed in readiness audit,,
PE-UHEI1-0010,"Understanding, Helping, and Emotional Interiority 1",Common Celan > Kelnemaen,Expansion example,kelnemaen liorin rethpral.,The teacher explains the mistake.,Not reviewed in readiness audit,,
PE-UHEI1-0011,"Understanding, Helping, and Emotional Interiority 1",Common Celan > Selnemaen,Expansion example,va selnemaen Ya kel.,Clarify what was said.,Not reviewed in readiness audit,,
PE-UHEI1-0012,"Understanding, Helping, and Emotional Interiority 1",Common Celan > Selnemaen,Expansion example,selnemaen khumkelral kalkel.,The representative clarifies the official order.,Not reviewed in readiness audit,,
PE-UHEI1-0013,"Understanding, Helping, and Emotional Interiority 1",Common Celan > Mbaen,Expansion example,ra mbaen I Ya?,May I help you?,Not reviewed in readiness audit,,
PE-UHEI1-0014,"Understanding, Helping, and Emotional Interiority 1",Common Celan > Mbaen,Expansion example,va mbaen Ya I.,Help me.,Not reviewed in readiness audit,,
PE-UHEI1-0015,"Understanding, Helping, and Emotional Interiority 1",Common Celan > Mbaen,Expansion example,mbaen an I nor-ka belshara.,I need help; I must be helped.,Not reviewed in readiness audit,,
PE-UHEI1-0016,"Understanding, Helping, and Emotional Interiority 1",Common Celan > Mbaen,Expansion example,lia. va mbaen Ya I.,Yes. Help me.,Not reviewed in readiness audit,,
PE-UHEI1-0017,"Understanding, Helping, and Emotional Interiority 1",Common Celan > Mbaen,Expansion example,ka. ver mbaen Ya I.,No. Do not help me.,Not reviewed in readiness audit,,
PE-UHEI1-0018,"Understanding, Helping, and Emotional Interiority 1",Common Celan > Zev,Expansion example,rinaen zev an I.,I feel envy.,Not reviewed in readiness audit,,
PE-UHEI1-0019,"Understanding, Helping, and Emotional Interiority 1",Common Celan > Zev,Expansion example,rinaen zev an khumlor.,There is envy in the family circle.,Not reviewed in readiness audit,,
PE-UHEI1-0020,"Understanding, Helping, and Emotional Interiority 1",Common Celan > Zevaen,Expansion example,zevaen I karvek denya.,I envy that toolkit beside you.,Not reviewed in readiness audit,,
PE-UHEI1-0021,"Understanding, Helping, and Emotional Interiority 1",Common Celan > Zevaen,Expansion example,zevaen La pralhav.,They envy the wit.,Not reviewed in readiness audit,,
PE-UHEI1-0022,"Understanding, Helping, and Emotional Interiority 1",Common Celan > Fahohm,Expansion example,rinaen fahohm an tharvok.,There is jealousy in the family.,Not reviewed in readiness audit,,
PE-UHEI1-0023,"Understanding, Helping, and Emotional Interiority 1",Common Celan > Fahohm,Expansion example,ver rinaen zev; rinaen fahohm.,It is not envy; it is jealousy.,Not reviewed in readiness audit,,
PE-UHEI1-0024,"Understanding, Helping, and Emotional Interiority 1",Common Celan > Fahohmaen,Expansion example,fahohmaen La.,They feel jealous.,Not reviewed in readiness audit,,
PE-UHEI1-0025,"Understanding, Helping, and Emotional Interiority 1",Common Celan > Fahohmaen,Expansion example,fahohmaen ser nor ohmbaen.,The friend feels jealous concerning the beloved.,Not reviewed in readiness audit,,
PE-UHEI1-0026,"Understanding, Helping, and Emotional Interiority 1",Common Celan > Mira,Expansion example,rinaen mira fel.,There is a little embarrassment.,Not reviewed in readiness audit,,
PE-UHEI1-0027,"Understanding, Helping, and Emotional Interiority 1",Common Celan > Mira,Expansion example,jor mira nor rethpral.,Embarrassment arose after the mistake.,Not reviewed in readiness audit,,
PE-UHEI1-0028,"Understanding, Helping, and Emotional Interiority 1",Common Celan > Miraen,Expansion example,miraen I.,I am embarrassed.,Not reviewed in readiness audit,,
PE-UHEI1-0029,"Understanding, Helping, and Emotional Interiority 1",Common Celan > Miraen,Expansion example,miraen felka nor havrath.,The child feels embarrassed during the mockery.,Not reviewed in readiness audit,,
PE-UHEI1-0030,"Understanding, Helping, and Emotional Interiority 1",Common Celan > Daku,Expansion example,rinaen daku an kel.,There is boredom in the talk.,Not reviewed in readiness audit,,
PE-UHEI1-0031,"Understanding, Helping, and Emotional Interiority 1",Common Celan > Daku,Expansion example,ver rinaen daku an neth.,There is no boredom in the rest.,Not reviewed in readiness audit,,
PE-UHEI1-0032,"Understanding, Helping, and Emotional Interiority 1",Common Celan > Dakuaen,Expansion example,dakuaen felka nor kel.,The child is bored during the talk.,Not reviewed in readiness audit,,
PE-UHEI1-0033,"Understanding, Helping, and Emotional Interiority 1",Common Celan > Dakuaen,Expansion example,dakuaen I nethnor.,I am still bored.,Not reviewed in readiness audit,,
PE-UHEI1-0034,"Understanding, Helping, and Emotional Interiority 1",Common Celan > Ravohm,Expansion example,rinaen ravohm an khumkes.,There is loneliness in the crowd.,Not reviewed in readiness audit,,
PE-UHEI1-0035,"Understanding, Helping, and Emotional Interiority 1",Common Celan > Ravohm,Reviewed usage example,ver rinaen ravohm nor neth.,There is no loneliness during the rest.,Not reviewed in readiness audit,,
PE-UHEI1-0036,"Understanding, Helping, and Emotional Interiority 1",Common Celan > Ravohmaen,Expansion example,ravohmaen I an khumkes.,I feel lonely in the crowd.,Not reviewed in readiness audit,,
PE-UHEI1-0037,"Understanding, Helping, and Emotional Interiority 1",Common Celan > Ravohmaen,Expansion example,ravohmaen varral ka khumlor.,The traveler feels lonely without the family circle.,Not reviewed in readiness audit,,
PE-UHEI1-0038,"Understanding, Helping, and Emotional Interiority 1",Common Celan > Kavkrez,Expansion example,rinaen kavkrez nethnor.,The resentment is still present.,Not reviewed in readiness audit,,
PE-UHEI1-0039,"Understanding, Helping, and Emotional Interiority 1",Common Celan > Kavkrez,Expansion example,aen La kavkrez.,They speak their resentment.,Not reviewed in readiness audit,,
PE-UHEI1-0040,"Understanding, Helping, and Emotional Interiority 1",Common Celan > Kavkrezaen,Expansion example,kavkrezaen La nethnor.,They still feel resentment.,Not reviewed in readiness audit,,
PE-UHEI1-0041,"Understanding, Helping, and Emotional Interiority 1",Common Celan > Kavkrezaen,Expansion example,kavkrezaen ser kalkel.,The friend resents the official order.,Not reviewed in readiness audit,,
PE-UHEI1-0042,"Understanding, Helping, and Emotional Interiority 1",Common Celan > Fahreth,Expansion example,rinaen fahreth ka rathlor.,Anxiety is present without immediate danger.,Not reviewed in readiness audit,,
PE-UHEI1-0043,"Understanding, Helping, and Emotional Interiority 1",Common Celan > Fahreth,Expansion example,rinaen fahreth nor dralorim.,There is anxiety during the storm.,Not reviewed in readiness audit,,
PE-UHEI1-0044,"Understanding, Helping, and Emotional Interiority 1",Common Celan > Fahrethaen,Expansion example,fahrethaen I.,I feel anxious.,Not reviewed in readiness audit,,
PE-UHEI1-0045,"Understanding, Helping, and Emotional Interiority 1",Common Celan > Fahrethaen,Expansion example,fahrethaen felka nor rekrathlor.,The child feels anxious during the emergency.,Not reviewed in readiness audit,,
PE-BIAOBF1-0001,"Body, Internal Anatomy, and Ordinary Bodily Functions 1",Common Celan > Doran,Expansion example,rinaen aiv an doran-ian.,There is pain in my torso.,Not reviewed in readiness audit,,
PE-BIAOBF1-0002,"Body, Internal Anatomy, and Ordinary Bodily Functions 1",Common Celan > Doran,Expansion example,keshenaen zhaelral aivkor an doran.,The healer examines a wound on the torso.,Not reviewed in readiness audit,,
PE-BIAOBF1-0003,"Body, Internal Anatomy, and Ordinary Bodily Functions 1",Common Celan > Breka,Expansion example,rinaen aiv an breka-ian.,There is pain in my chest.,Not reviewed in readiness audit,,
PE-BIAOBF1-0004,"Body, Internal Anatomy, and Ordinary Bodily Functions 1",Common Celan > Breka,Expansion example,khosaen I ser aiv an breka-ian.,I cough with pain in my chest.,Not reviewed in readiness audit,,
PE-BIAOBF1-0005,"Body, Internal Anatomy, and Ordinary Bodily Functions 1",Common Celan > Vesh,Expansion example,rinaen aiv an vesh-ian.,There is pain in my back.,Not reviewed in readiness audit,,
PE-BIAOBF1-0006,"Body, Internal Anatomy, and Ordinary Bodily Functions 1",Common Celan > Vesh,Expansion example,va drenselaen vesh-ya.,Wash your back.,Not reviewed in readiness audit,,
PE-BIAOBF1-0007,"Body, Internal Anatomy, and Ordinary Bodily Functions 1",Common Celan > Davel,Expansion example,rinaen aiv an felka-ka davel.,There is pain in the child's belly.,Not reviewed in readiness audit,,
PE-BIAOBF1-0008,"Body, Internal Anatomy, and Ordinary Bodily Functions 1",Common Celan > Davel,Expansion example,keshenaen zhaelral davel.,The healer examines the abdomen.,Not reviewed in readiness audit,,
PE-BIAOBF1-0009,"Body, Internal Anatomy, and Ordinary Bodily Functions 1",Common Celan > Korkalvar,Expansion example,rinaen aiv an korkalvar-ian.,There is pain in my shoulder.,Not reviewed in readiness audit,,
PE-BIAOBF1-0010,"Body, Internal Anatomy, and Ordinary Bodily Functions 1",Common Celan > Korkalvar,Expansion example,vekaen I kavvek an korkalvar-ian.,I carry the jar on my shoulder.,Not reviewed in readiness audit,,
PE-BIAOBF1-0011,"Body, Internal Anatomy, and Ordinary Bodily Functions 1",Common Celan > Kalvargora,Expansion example,rinaen aivkor an kalvargora.,There is a wound at the elbow.,Not reviewed in readiness audit,,
PE-BIAOBF1-0012,"Body, Internal Anatomy, and Ordinary Bodily Functions 1",Common Celan > Kalvargora,Expansion example,keshenaen zhaelral kalvargora.,The healer examines the elbow.,Not reviewed in readiness audit,,
PE-BIAOBF1-0013,"Body, Internal Anatomy, and Ordinary Bodily Functions 1",Common Celan > Gora,Expansion example,rinaen aiv an gora.,There is pain in the joint.,Not reviewed in readiness audit,,
PE-BIAOBF1-0014,"Body, Internal Anatomy, and Ordinary Bodily Functions 1",Common Celan > Gora,Expansion example,keshenaen zhaelral gora.,The healer examines the joint.,Not reviewed in readiness audit,,
PE-BIAOBF1-0015,"Body, Internal Anatomy, and Ordinary Bodily Functions 1",Common Celan > Koringora,Expansion example,dor zhaelral aivkorxar an koringora.,The healer puts a bandage on the wrist.,Not reviewed in readiness audit,,
PE-BIAOBF1-0016,"Body, Internal Anatomy, and Ordinary Bodily Functions 1",Common Celan > Koringora,Expansion example,rinaen aiv an koringora-ian.,There is pain in my wrist.,Not reviewed in readiness audit,,
PE-BIAOBF1-0017,"Body, Internal Anatomy, and Ordinary Bodily Functions 1",Common Celan > Pir,Expansion example,rinaen aivkor an pir-ian.,There is a wound on my finger.,Not reviewed in readiness audit,,
PE-BIAOBF1-0018,"Body, Internal Anatomy, and Ordinary Bodily Functions 1",Common Celan > Pir,Expansion example,shen I pirin.,I count the fingers.,Not reviewed in readiness audit,,
PE-BIAOBF1-0019,"Body, Internal Anatomy, and Ordinary Bodily Functions 1",Common Celan > Korsharvar,Expansion example,rinaen aiv an korsharvar-ian.,There is pain in my hip.,Not reviewed in readiness audit,,
PE-BIAOBF1-0020,"Body, Internal Anatomy, and Ordinary Bodily Functions 1",Common Celan > Korsharvar,Expansion example,keshenaen zhaelral korsharvar.,The healer examines the hip.,Not reviewed in readiness audit,,
PE-BIAOBF1-0021,"Body, Internal Anatomy, and Ordinary Bodily Functions 1",Common Celan > Sharvargora,Expansion example,rinaen aiv an sharvargora.,There is pain in the knee.,Not reviewed in readiness audit,,
PE-BIAOBF1-0022,"Body, Internal Anatomy, and Ordinary Bodily Functions 1",Common Celan > Sharvargora,Expansion example,dor zhaelral aivkorxar an sharvargora.,The healer puts a bandage on the knee.,Not reviewed in readiness audit,,
PE-BIAOBF1-0023,"Body, Internal Anatomy, and Ordinary Bodily Functions 1",Common Celan > Morlkagora,Expansion example,rinaen aiv an morlkagora nor shara.,There is pain in the ankle during the journey.,Not reviewed in readiness audit,,
PE-BIAOBF1-0024,"Body, Internal Anatomy, and Ordinary Bodily Functions 1",Common Celan > Morlkagora,Expansion example,keshenaen zhaelral morlkagora.,The healer examines the ankle.,Not reviewed in readiness audit,,
PE-BIAOBF1-0025,"Body, Internal Anatomy, and Ordinary Bodily Functions 1",Common Celan > Morlkapir,Expansion example,rinaen aiv an morlkapir-ian.,There is pain in my toe.,Not reviewed in readiness audit,,
PE-BIAOBF1-0026,"Body, Internal Anatomy, and Ordinary Bodily Functions 1",Common Celan > Morlkapir,Expansion example,keshenaen zhaelral aivkor an morlkapir.,The healer examines a wound on the toe.,Not reviewed in readiness audit,,
PE-BIAOBF1-0027,"Body, Internal Anatomy, and Ordinary Bodily Functions 1",Common Celan > Xarmetha,Expansion example,drenselaen I xarmetha-ian.,I wash my skin.,Not reviewed in readiness audit,,
PE-BIAOBF1-0028,"Body, Internal Anatomy, and Ordinary Bodily Functions 1",Common Celan > Xarmetha,Expansion example,keshenaen zhaelral aivkor an xarmetha.,The healer examines a wound in the skin.,Not reviewed in readiness audit,,
PE-BIAOBF1-0029,"Body, Internal Anatomy, and Ordinary Bodily Functions 1",Common Celan > Metha,Expansion example,pelaen peleth metha.,The blade cuts the flesh.,Not reviewed in readiness audit,,
PE-BIAOBF1-0030,"Body, Internal Anatomy, and Ordinary Bodily Functions 1",Common Celan > Metha,Expansion example,rinaen aiv an metha.,There is pain in the flesh.,Not reviewed in readiness audit,,
PE-BIAOBF1-0031,"Body, Internal Anatomy, and Ordinary Bodily Functions 1",Common Celan > Kalmetha,Expansion example,rinaen aiv an kalmetha-ian.,There is pain in my muscle.,Not reviewed in readiness audit,,
PE-BIAOBF1-0032,"Body, Internal Anatomy, and Ordinary Bodily Functions 1",Common Celan > Kalmetha,Expansion example,keshenaen zhaelral kalmetha.,The healer examines the muscle.,Not reviewed in readiness audit,,
PE-BIAOBF1-0033,"Body, Internal Anatomy, and Ordinary Bodily Functions 1",Common Celan > Zek,Expansion example,rinaen aiv an zek-ian.,There is pain in my tooth.,Not reviewed in readiness audit,,
PE-BIAOBF1-0034,"Body, Internal Anatomy, and Ordinary Bodily Functions 1",Common Celan > Zek,Expansion example,kelvorthamaen I emil ser zekin-ian.,I chew food with my teeth.,Not reviewed in readiness audit,,
PE-BIAOBF1-0035,"Body, Internal Anatomy, and Ordinary Bodily Functions 1",Common Celan > Lera,Expansion example,jelaen I emil ser lera-ian.,I taste food with my tongue.,Not reviewed in readiness audit,,
PE-BIAOBF1-0036,"Body, Internal Anatomy, and Ordinary Bodily Functions 1",Common Celan > Lera,Expansion example,rinaen aiv an lera-ian.,There is pain in my tongue.,Not reviewed in readiness audit,,
PE-BIAOBF1-0037,"Body, Internal Anatomy, and Ordinary Bodily Functions 1",Common Celan > Numor,Expansion example,rinaen aiv an numor-ian.,There is pain in my throat.,Not reviewed in readiness audit,,
PE-BIAOBF1-0038,"Body, Internal Anatomy, and Ordinary Bodily Functions 1",Common Celan > Numor,Expansion example,numaen I dren shan numor-ian.,I swallow water through my throat.,Not reviewed in readiness audit,,
PE-BIAOBF1-0039,"Body, Internal Anatomy, and Ordinary Bodily Functions 1",Common Celan > Tash,Expansion example,keshenaen zhaelral tash.,The healer examines the organ.,Not reviewed in readiness audit,,
PE-BIAOBF1-0040,"Body, Internal Anatomy, and Ordinary Bodily Functions 1",Common Celan > Tash,Expansion example,rinaen aiv an tash.,There is pain in the organ.,Not reviewed in readiness audit,,
PE-BIAOBF1-0041,"Body, Internal Anatomy, and Ordinary Bodily Functions 1",Common Celan > Khelu,Expansion example,keshenaen zhaelral khelu thal aivkor an lorinor.,The healer examines the brain because of a head wound.,Not reviewed in readiness audit,,
PE-BIAOBF1-0042,"Body, Internal Anatomy, and Ordinary Bodily Functions 1",Common Celan > Khelu,Expansion example,rinaen aivkor an khelu.,There is an injury in the brain.,Not reviewed in readiness audit,,
PE-BIAOBF1-0043,"Body, Internal Anatomy, and Ordinary Bodily Functions 1",Common Celan > Aentash,Expansion example,aivaen aentash thal mura.,The lung hurts from smoke.,Not reviewed in readiness audit,,
PE-BIAOBF1-0044,"Body, Internal Anatomy, and Ordinary Bodily Functions 1",Common Celan > Aentash,Expansion example,keshenaen zhaelral aentashin.,The healer examines the lungs.,Not reviewed in readiness audit,,
PE-BIAOBF1-0045,"Body, Internal Anatomy, and Ordinary Bodily Functions 1",Common Celan > Lumar,Expansion example,keshenaen zhaelral lumar.,The healer examines the liver.,Not reviewed in readiness audit,,
PE-BIAOBF1-0046,"Body, Internal Anatomy, and Ordinary Bodily Functions 1",Common Celan > Lumar,Expansion example,aivaen lumar thal mavmor.,The liver hurts from poison.,Not reviewed in readiness audit,,
PE-BIAOBF1-0047,"Body, Internal Anatomy, and Ordinary Bodily Functions 1",Common Celan > Kedir,Expansion example,keshenaen zhaelral kedir.,The healer examines the kidney.,Not reviewed in readiness audit,,
PE-BIAOBF1-0048,"Body, Internal Anatomy, and Ordinary Bodily Functions 1",Common Celan > Kedir,Expansion example,rinaen aiv an kedir-ian.,There is pain in my kidney.,Not reviewed in readiness audit,,
PE-BIAOBF1-0049,"Body, Internal Anatomy, and Ordinary Bodily Functions 1",Common Celan > Emiltash,Expansion example,rinaen emil an emiltash.,Food is in the stomach.,Not reviewed in readiness audit,,
PE-BIAOBF1-0050,"Body, Internal Anatomy, and Ordinary Bodily Functions 1",Common Celan > Emiltash,Expansion example,keshenaen zhaelral emiltash.,The healer examines the stomach.,Not reviewed in readiness audit,,
PE-BIAOBF1-0051,"Body, Internal Anatomy, and Ordinary Bodily Functions 1",Common Celan > Emilshan,Expansion example,rinaen aiv an emilshan.,There is pain in the bowel.,Not reviewed in readiness audit,,
PE-BIAOBF1-0052,"Body, Internal Anatomy, and Ordinary Bodily Functions 1",Common Celan > Emilshan,Expansion example,keshenaen zhaelral emilshan.,The healer examines the intestine.,Not reviewed in readiness audit,,
PE-BIAOBF1-0053,"Body, Internal Anatomy, and Ordinary Bodily Functions 1",Common Celan > Urenvek,Expansion example,ver thalshanaen uren thal urenvek.,Urine does not leave the bladder.,Not reviewed in readiness audit,,
PE-BIAOBF1-0054,"Body, Internal Anatomy, and Ordinary Bodily Functions 1",Common Celan > Urenvek,Expansion example,keshenaen zhaelral urenvek.,The healer examines the bladder.,Not reviewed in readiness audit,,
PE-BIAOBF1-0055,"Body, Internal Anatomy, and Ordinary Bodily Functions 1",Common Celan > Lesh,Expansion example,rinaen aivkor an lesh.,There is an injury in the nerve.,Not reviewed in readiness audit,,
PE-BIAOBF1-0056,"Body, Internal Anatomy, and Ordinary Bodily Functions 1",Common Celan > Lesh,Expansion example,keshenaen zhaelral lesh.,The healer examines the nerve.,Not reviewed in readiness audit,,
PE-BIAOBF1-0057,"Body, Internal Anatomy, and Ordinary Bodily Functions 1",Common Celan > Ndemshan,Expansion example,rinaen aivkor an ndemshan.,There is an injury in the blood vessel.,Not reviewed in readiness audit,,
PE-BIAOBF1-0058,"Body, Internal Anatomy, and Ordinary Bodily Functions 1",Common Celan > Ndemshan,Expansion example,keshenaen zhaelral ndemshan.,The healer examines the blood vessel.,Not reviewed in readiness audit,,
PE-BIAOBF1-0059,"Body, Internal Anatomy, and Ordinary Bodily Functions 1",Common Celan > Khos,Expansion example,kes zhaelral khos.,The healer notices the cough.,Not reviewed in readiness audit,,
PE-BIAOBF1-0060,"Body, Internal Anatomy, and Ordinary Bodily Functions 1",Common Celan > Khos,Expansion example,rinaen khos nor mav.,There is a cough during the illness.,Not reviewed in readiness audit,,
PE-BIAOBF1-0061,"Body, Internal Anatomy, and Ordinary Bodily Functions 1",Common Celan > Khosaen,Expansion example,khosaen felka thal mura.,The child coughs from smoke.,Not reviewed in readiness audit,,
PE-BIAOBF1-0062,"Body, Internal Anatomy, and Ordinary Bodily Functions 1",Common Celan > Khosaen,Expansion example,khosaen I nor noral.,I cough at night.,Not reviewed in readiness audit,,
PE-BIAOBF1-0063,"Body, Internal Anatomy, and Ordinary Bodily Functions 1",Common Celan > Zer,Expansion example,kes zhaelral zer.,The healer notices the sneeze.,Not reviewed in readiness audit,,
PE-BIAOBF1-0064,"Body, Internal Anatomy, and Ordinary Bodily Functions 1",Common Celan > Zer,Expansion example,rinaen zer nor emil.,There is a sneeze during the meal.,Not reviewed in readiness audit,,
PE-BIAOBF1-0065,"Body, Internal Anatomy, and Ordinary Bodily Functions 1",Common Celan > Zeraen,Expansion example,zeraen I thal gorm.,I sneeze from dust.,Confirmed inconsistency,Gorm is dirt/grime; English says dust.,Review intended situation and align Celan and English.
PE-BIAOBF1-0066,"Body, Internal Anatomy, and Ordinary Bodily Functions 1",Common Celan > Zeraen,Expansion example,zeraen balral an sov.,The farmer sneezes in the field.,Not reviewed in readiness audit,,
PE-BIAOBF1-0067,"Body, Internal Anatomy, and Ordinary Bodily Functions 1",Common Celan > Suv,Expansion example,rinaen suv an belxar.,There is sweat on the clothing.,Not reviewed in readiness audit,,
PE-BIAOBF1-0068,"Body, Internal Anatomy, and Ordinary Bodily Functions 1",Common Celan > Suv,Expansion example,kes zhaelral suv nor mavkrez.,The healer notices sweat during the fever.,Not reviewed in readiness audit,,
PE-BIAOBF1-0069,"Body, Internal Anatomy, and Ordinary Bodily Functions 1",Common Celan > Suvaen,Expansion example,suvaen I nor krezrek.,I sweat during the extreme heat.,Not reviewed in readiness audit,,
PE-BIAOBF1-0070,"Body, Internal Anatomy, and Ordinary Bodily Functions 1",Common Celan > Suvaen,Expansion example,suvaen balral an sov.,The farmer sweats in the field.,Not reviewed in readiness audit,,
PE-BIAOBF1-0071,"Body, Internal Anatomy, and Ordinary Bodily Functions 1",Common Celan > Nar,Expansion example,rinaen nar nor shara.,There is nausea during the journey.,Not reviewed in readiness audit,,
PE-BIAOBF1-0072,"Body, Internal Anatomy, and Ordinary Bodily Functions 1",Common Celan > Nar,Expansion example,rinaen nar; ver naraen I.,I feel nausea but I do not vomit.,Not reviewed in readiness audit,,
PE-BIAOBF1-0073,"Body, Internal Anatomy, and Ordinary Bodily Functions 1",Common Celan > Naraen,Expansion example,naraen I thal ruvaneth emil.,I vomit from rotten food.,Not reviewed in readiness audit,,
PE-BIAOBF1-0074,"Body, Internal Anatomy, and Ordinary Bodily Functions 1",Common Celan > Naraen,Expansion example,naraen felka nor mav.,The child vomits during the illness.,Not reviewed in readiness audit,,
PE-BIAOBF1-0075,"Body, Internal Anatomy, and Ordinary Bodily Functions 1",Common Celan > Uren,Expansion example,keshenaen zhaelral uren.,The healer examines the urine.,Not reviewed in readiness audit,,
PE-BIAOBF1-0076,"Body, Internal Anatomy, and Ordinary Bodily Functions 1",Common Celan > Uren,Expansion example,rinaen uren an urenvek.,Urine is in the bladder.,Not reviewed in readiness audit,,
PE-BIAOBF1-0077,"Body, Internal Anatomy, and Ordinary Bodily Functions 1",Common Celan > Urenaen,Expansion example,ra rinaen aiv nor urenaen Ya?,Is there pain when you urinate?,Not reviewed in readiness audit,,
PE-BIAOBF1-0078,"Body, Internal Anatomy, and Ordinary Bodily Functions 1",Common Celan > Urenaen,Expansion example,urenaen felka nor noral.,The child urinates at night.,Not reviewed in readiness audit,,
PE-BIAOBF1-0079,"Body, Internal Anatomy, and Ordinary Bodily Functions 1",Common Celan > Fek,Expansion example,keshenaen zhaelral fek.,The healer examines the stool.,Not reviewed in readiness audit,,
PE-BIAOBF1-0080,"Body, Internal Anatomy, and Ordinary Bodily Functions 1",Common Celan > Fek,Expansion example,rinaen fek an kavvek.,The stool is in the container.,Not reviewed in readiness audit,,
PE-BIAOBF1-0081,"Body, Internal Anatomy, and Ordinary Bodily Functions 1",Common Celan > Fekaen,Expansion example,ra rinaen aiv nor fekaen Ya?,Is there pain when you defecate?,Not reviewed in readiness audit,,
PE-BIAOBF1-0082,"Body, Internal Anatomy, and Ordinary Bodily Functions 1",Common Celan > Fekaen,Expansion example,fekaen felka nor noral.,The child defecates at night.,Not reviewed in readiness audit,,
PE-BIAOBF1-0083,"Body, Internal Anatomy, and Ordinary Bodily Functions 1",Common Celan > Ndemwek,Expansion example,rinaen ndemwek-ian nor shara.,My menstrual period is present during the journey.,Not reviewed in readiness audit,,
PE-BIAOBF1-0084,"Body, Internal Anatomy, and Ordinary Bodily Functions 1",Common Celan > Ndemwek,Expansion example,rinaen aiv ser ndemwek.,There is pain with menstruation.,Not reviewed in readiness audit,,
PE-BIAOBF1-0085,"Body, Internal Anatomy, and Ordinary Bodily Functions 1",Common Celan > Ndemwekaen,Expansion example,ndemwekaen I.,I am menstruating.,Not reviewed in readiness audit,,
PE-BIAOBF1-0086,"Body, Internal Anatomy, and Ordinary Bodily Functions 1",Common Celan > Ndemwekaen,Expansion example,nor-ndemwekaen I nor shara.,I will menstruate during the journey.,Not reviewed in readiness audit,,
PE-BIAOBF1-0087,"Body, Internal Anatomy, and Ordinary Bodily Functions 1",Common Celan > Kakesrinaen,Expansion example,kakesrinaen balral thal rekmav.,The worker faints from heat illness.,Not reviewed in readiness audit,,
PE-BIAOBF1-0088,"Body, Internal Anatomy, and Ordinary Bodily Functions 1",Common Celan > Kakesrinaen,Expansion example,tha-kakesrinaen La; tha-kesrinaen La.,They fainted and then regained consciousness.,Not reviewed in readiness audit,,
PE-RABFE2-0001,"Reproductive Anatomy, Bodily Fluids, and Extremities 2",Common Celan > Noka,Expansion example,drenselaen I noka-ian.,I wash my vulva.,Not reviewed in readiness audit,,
PE-RABFE2-0002,"Reproductive Anatomy, Bodily Fluids, and Extremities 2",Common Celan > Noka,Expansion example,rinaen aiv an noka-ya.,There is pain in your vulva.,Not reviewed in readiness audit,,
PE-RABFE2-0003,"Reproductive Anatomy, Bodily Fluids, and Extremities 2",Common Celan > Nokashan,Expansion example,rinaen aiv an nokashan-ian.,There is pain in my vagina.,Not reviewed in readiness audit,,
PE-RABFE2-0004,"Reproductive Anatomy, Bodily Fluids, and Extremities 2",Common Celan > Nokashan,Expansion example,keshenaen zhaelral nokashan.,The healer examines the vagina.,Not reviewed in readiness audit,,
PE-RABFE2-0005,"Reproductive Anatomy, Bodily Fluids, and Extremities 2",Common Celan > Kiri,Expansion example,rinaen aiv an kiri-ian.,There is pain in my clitoris.,Not reviewed in readiness audit,,
PE-RABFE2-0006,"Reproductive Anatomy, Bodily Fluids, and Extremities 2",Common Celan > Kiri,Expansion example,keshenaen zhaelral kiri.,The healer examines the clitoris.,Not reviewed in readiness audit,,
PE-RABFE2-0007,"Reproductive Anatomy, Bodily Fluids, and Extremities 2",Common Celan > Mara,Expansion example,rinaen aiv an mara-ian.,There is pain in my uterus.,Not reviewed in readiness audit,,
PE-RABFE2-0008,"Reproductive Anatomy, Bodily Fluids, and Extremities 2",Common Celan > Mara,Expansion example,keshenaen zhaelral mara.,The healer examines the uterus.,Not reviewed in readiness audit,,
PE-RABFE2-0009,"Reproductive Anatomy, Bodily Fluids, and Extremities 2",Common Celan > Marasorl,Expansion example,rinaen aiv an marasorl.,There is pain in the cervix.,Not reviewed in readiness audit,,
PE-RABFE2-0010,"Reproductive Anatomy, Bodily Fluids, and Extremities 2",Common Celan > Marasorl,Expansion example,keshenaen zhaelral marasorl.,The healer examines the cervix.,Not reviewed in readiness audit,,
PE-RABFE2-0011,"Reproductive Anatomy, Bodily Fluids, and Extremities 2",Common Celan > Seki,Expansion example,rinaen aiv an seki-ian.,There is pain in my ovary.,Not reviewed in readiness audit,,
PE-RABFE2-0012,"Reproductive Anatomy, Bodily Fluids, and Extremities 2",Common Celan > Seki,Expansion example,keshenaen zhaelral seki.,The healer examines the ovary.,Not reviewed in readiness audit,,
PE-RABFE2-0013,"Reproductive Anatomy, Bodily Fluids, and Extremities 2",Common Celan > Tava,Expansion example,drenselaen I tava-ian.,I wash my penis.,Not reviewed in readiness audit,,
PE-RABFE2-0014,"Reproductive Anatomy, Bodily Fluids, and Extremities 2",Common Celan > Tava,Expansion example,rinaen aiv an tava-ya.,There is pain in your penis.,Not reviewed in readiness audit,,
PE-RABFE2-0015,"Reproductive Anatomy, Bodily Fluids, and Extremities 2",Common Celan > Nderu,Expansion example,rinaen aiv an nderu-ian.,There is pain in my testicle.,Not reviewed in readiness audit,,
PE-RABFE2-0016,"Reproductive Anatomy, Bodily Fluids, and Extremities 2",Common Celan > Nderu,Expansion example,keshenaen zhaelral nderun.,The healer examines the testicles.,Not reviewed in readiness audit,,
PE-RABFE2-0017,"Reproductive Anatomy, Bodily Fluids, and Extremities 2",Common Celan > Nderuxar,Expansion example,drenselaen I nderuxar-ian.,I wash my scrotum.,Not reviewed in readiness audit,,
PE-RABFE2-0018,"Reproductive Anatomy, Bodily Fluids, and Extremities 2",Common Celan > Nderuxar,Expansion example,rinaen aivkor an nderuxar.,There is a wound on the scrotum.,Not reviewed in readiness audit,,
PE-RABFE2-0019,"Reproductive Anatomy, Bodily Fluids, and Extremities 2",Common Celan > Urenshan,Expansion example,rinaen aiv an urenshan nor urenaen I.,There is pain in the urethra when I urinate.,Not reviewed in readiness audit,,
PE-RABFE2-0020,"Reproductive Anatomy, Bodily Fluids, and Extremities 2",Common Celan > Urenshan,Expansion example,keshenaen zhaelral urenshan.,The healer examines the urethra.,Not reviewed in readiness audit,,
PE-RABFE2-0021,"Reproductive Anatomy, Bodily Fluids, and Extremities 2",Common Celan > Fena,Expansion example,drenselaen I fena-ian.,I wash my anus.,Not reviewed in readiness audit,,
PE-RABFE2-0022,"Reproductive Anatomy, Bodily Fluids, and Extremities 2",Common Celan > Fena,Expansion example,rinaen aiv an fena nor fekaen I.,There is pain in the anus when I defecate.,Not reviewed in readiness audit,,
PE-RABFE2-0023,"Reproductive Anatomy, Bodily Fluids, and Extremities 2",Common Celan > Leya,Expansion example,rinaen leya ka thera.,Sexual arousal is present without desire.,Not reviewed in readiness audit,,
PE-RABFE2-0024,"Reproductive Anatomy, Bodily Fluids, and Extremities 2",Common Celan > Leya,Expansion example,rinaen leya nor tlamor.,Sexual arousal is present during sex.,Not reviewed in readiness audit,,
PE-RABFE2-0025,"Reproductive Anatomy, Bodily Fluids, and Extremities 2",Common Celan > Leyaen,Expansion example,leyaen I.,I become sexually aroused.,Not reviewed in readiness audit,,
PE-RABFE2-0026,"Reproductive Anatomy, Bodily Fluids, and Extremities 2",Common Celan > Leyaen,Expansion example,leyaen I ka thera.,I become sexually aroused without desire.,Not reviewed in readiness audit,,
PE-RABFE2-0027,"Reproductive Anatomy, Bodily Fluids, and Extremities 2",Common Celan > Leyajor,Expansion example,rinaen leyajor nor tlamor.,Orgasm occurs during sex.,Not reviewed in readiness audit,,
PE-RABFE2-0028,"Reproductive Anatomy, Bodily Fluids, and Extremities 2",Common Celan > Leyajor,Expansion example,ver rinaen leyajor.,There is no orgasm.,Not reviewed in readiness audit,,
PE-RABFE2-0029,"Reproductive Anatomy, Bodily Fluids, and Extremities 2",Common Celan > Leyajoraen,Expansion example,leyajoraen I.,I have an orgasm.,Not reviewed in readiness audit,,
PE-RABFE2-0030,"Reproductive Anatomy, Bodily Fluids, and Extremities 2",Common Celan > Leyajoraen,Expansion example,ver leyajoraen I nor tlamor.,I do not have an orgasm during sex.,Not reviewed in readiness audit,,
PE-RABFE2-0031,"Reproductive Anatomy, Bodily Fluids, and Extremities 2",Common Celan > Kelvordren,Expansion example,rinaen kelvordren an kelvor.,Saliva is in the mouth.,Not reviewed in readiness audit,,
PE-RABFE2-0032,"Reproductive Anatomy, Bodily Fluids, and Extremities 2",Common Celan > Kelvordren,Expansion example,keshenaen zhaelral kelvordren.,The healer examines the saliva.,Not reviewed in readiness audit,,
PE-RABFE2-0033,"Reproductive Anatomy, Bodily Fluids, and Extremities 2",Common Celan > Lorinshaldren,Expansion example,rinaen lorinshaldren thal mura.,Tears are present from the smoke.,Not reviewed in readiness audit,,
PE-RABFE2-0034,"Reproductive Anatomy, Bodily Fluids, and Extremities 2",Common Celan > Lorinshaldren,Expansion example,rinaen lorinshaldren ser hav.,There are tears with the laughter.,Not reviewed in readiness audit,,
PE-RABFE2-0035,"Reproductive Anatomy, Bodily Fluids, and Extremities 2",Common Celan > Korpir,Expansion example,rinaen aivkor an korpir-ian.,There is a wound on my thumb.,Not reviewed in readiness audit,,
PE-RABFE2-0036,"Reproductive Anatomy, Bodily Fluids, and Extremities 2",Common Celan > Korpir,Expansion example,karethaen I mek ser korpir-ian.,I use the tool with my thumb.,Not reviewed in readiness audit,,
PE-RABFE2-0037,"Reproductive Anatomy, Bodily Fluids, and Extremities 2",Common Celan > Morlkavesh,Expansion example,rinaen aiv an morlkavesh-ian.,There is pain in my heel.,Not reviewed in readiness audit,,
PE-RABFE2-0038,"Reproductive Anatomy, Bodily Fluids, and Extremities 2",Common Celan > Morlkavesh,Expansion example,dor zhaelral aivkorxar an morlkavesh.,The healer puts a bandage on the heel.,Not reviewed in readiness audit,,
PE-RABFE2-0039,"Reproductive Anatomy, Bodily Fluids, and Extremities 2",Common Celan > Ruma,Expansion example,hiraen I ruma-ian.,I dye my hair.,Not reviewed in readiness audit,,
PE-RABFE2-0040,"Reproductive Anatomy, Bodily Fluids, and Extremities 2",Common Celan > Ruma,Expansion example,pelaen ser ruma.,The friend cuts the hair.,Not reviewed in readiness audit,,
PE-SIP1-0001,Short Interrogative Particles 1,Common Celan > Mu,Expansion question example,ra kes Ya mu?,What do you notice?,Not reviewed in readiness audit,,
PE-SIP1-0002,Short Interrogative Particles 1,Common Celan > Mu,Expansion question example,ra tal Ya mu?,What do you give?,Not reviewed in readiness audit,,
PE-SIP1-0003,Short Interrogative Particles 1,Common Celan > Nu,Expansion question example,ra var Ya nu?,When do you go?,Not reviewed in readiness audit,,
PE-SIP1-0004,Short Interrogative Particles 1,Common Celan > Nu,Expansion question example,ra tal Ya dren nu?,When do you give the water?,Not reviewed in readiness audit,,
PE-SIP1-0005,Short Interrogative Particles 1,Common Celan > Zhe,Expansion question example,ra var Ya zhe?,Why do you go?,Not reviewed in readiness audit,,
PE-SIP1-0006,Short Interrogative Particles 1,Common Celan > Zhe,Expansion question example,ra mbaen Ya ser zhe?,Why do you help the friend?,Not reviewed in readiness audit,,
PE-SIP1-0007,Short Interrogative Particles 1,Common Celan > Sha,Expansion question example,ra pralaen Ya belkor sha?,How do you make the tunic?,Not reviewed in readiness audit,,
PE-SIP1-0008,Short Interrogative Particles 1,Common Celan > Sha,Expansion question example,ra var Ya an Varthas sha?,How do you go to Varthas?,Not reviewed in readiness audit,,
PE-SIP1-0009,Short Interrogative Particles 1,Common Celan > Lo,Expansion question example,ra var ser lo?,Where does the friend go?,Not reviewed in readiness audit,,
PE-SIP1-0010,Short Interrogative Particles 1,Common Celan > Lo,Expansion question example,ra rinaen karvek lo?,Where is the toolkit?,Not reviewed in readiness audit,,
PE-SIP1-0011,Short Interrogative Particles 1,Common Celan > Ri,Expansion question example,ra var an Varthas ri?,Who goes to Varthas?,Not reviewed in readiness audit,,
PE-SIP1-0012,Short Interrogative Particles 1,Common Celan > Ri,Expansion question example,ra havaen ri?,Who laughs?,Not reviewed in readiness audit,,
PE-DR1-0001,Dictionary Review 2026-09-22,User-approved examples,Reviewed example,"elan, var I an dren.","Well, I am going to the water.",Not reviewed in readiness audit,,
PE-DR1-0002,Dictionary Review 2026-09-22,User-approved examples,Reviewed example,"elan, va aen lian!","Well then, speak the truth!",Not reviewed in readiness audit,,
PE-DR1-0003,Dictionary Review 2026-09-22,User-approved examples,Reviewed example,thaal'ra var ser an Varthas.,I wonder if the friend is going to the city.,Not reviewed in readiness audit,,
PE-DR1-0004,Dictionary Review 2026-09-22,User-approved examples,Reviewed example,thaal'ra rinaen dren an krezor.,I wonder if there is water at the hearth.,Not reviewed in readiness audit,,
PE-DR1-0005,Dictionary Review 2026-09-22,User-approved examples,Reviewed example,var I an dren kora rinaen krezor feneth.,I go to the water because the hearth is hot.,Not reviewed in readiness audit,,
PE-DR1-0006,Dictionary Review 2026-09-22,User-approved examples,Reviewed example,drenaen La dren kora rinaen La-ka kelvor kadreneth.,They drink water because their mouth is dry.,Not reviewed in readiness audit,,
PE-DR2-0001,Dictionary Review 1: Second Examples,Reviewed usage > Velkrel,Reviewed usage example,rinaen velkrel an verdor.,There is a breeze in the forest.,Not reviewed in readiness audit,,
PE-DR2-0002,Dictionary Review 1: Second Examples,Reviewed usage > Varan,Reviewed usage example,varan serilin an teremil.,The sister resides at home.,Not reviewed in readiness audit,,
PE-DR2-0003,Dictionary Review 1: Second Examples,Reviewed usage > Serathrin,Reviewed usage example,aen serathrin lian.,The confidant speaks the truth.,Not reviewed in readiness audit,,
PE-DR2-0004,Dictionary Review 1: Second Examples,Reviewed usage > Zhivor,Reviewed usage example,rinaen zhivor an Varthas.,The ancestral household is in the city.,Not reviewed in readiness audit,,
PE-DR2-0005,Dictionary Review 1: Second Examples,Reviewed usage > Em,Reviewed usage example,"em, dar I.","Um, I wait.",Not reviewed in readiness audit,,
PE-DR2-0006,Dictionary Review 1: Second Examples,Reviewed usage > Varin,Reviewed usage example,varin I aen var Ya an teremil.,I know that you go to the home.,Not reviewed in readiness audit,,
PE-DR2-0007,Dictionary Review 1: Second Examples,Reviewed usage > Nkathal,Reviewed usage example,rinaen nkathal an thar-ian.,There is sadness in my heart.,Not reviewed in readiness audit,,
PE-DR2-0008,Dictionary Review 1: Second Examples,Reviewed usage > Vrak,Reviewed usage example,rinaen shena vrak.,The money is gone.,Not reviewed in readiness audit,,
PE-DR2-0009,Dictionary Review 1: Second Examples,Reviewed usage > Varshel,Reviewed usage example,var I shan varshel.,I go across the road.,Not reviewed in readiness audit,,
PE-DR2-0010,Dictionary Review 1: Second Examples,Reviewed usage > Noraen,Reviewed usage example,noraen liorin aelin.,The teacher instructs the pupil.,Not reviewed in readiness audit,,
PE-DR2-0011,Dictionary Review 1: Second Examples,Reviewed usage > Thalesh,Reviewed usage example,rinaen thalesh an shalor.,The sacred balance ceremony is at the sanctuary.,Not reviewed in readiness audit,,
PE-DR2-0012,Dictionary Review 1: Second Examples,Reviewed usage > Thalor,Reviewed usage example,rinaen mekral thalor.,The mechanic is outside.,Not reviewed in readiness audit,,
PE-DR2-0013,Dictionary Review 1: Second Examples,Reviewed usage > Karjor,Reviewed usage example,rinaen karjor kaleth.,The impact is powerful.,Not reviewed in readiness audit,,
PE-DR2-0014,Dictionary Review 1: Second Examples,Reviewed usage > Kavel,Reviewed usage example,rinaen kavel an lianor-ian.,There is a memory gap in my thought.,Not reviewed in readiness audit,,
PE-DR2-0015,Dictionary Review 1: Second Examples,Reviewed usage > Khumrel,Reviewed usage example,aen serathrin ser khumrel.,The confidant speaks with compassion.,Not reviewed in readiness audit,,
PE-DR2-0016,Dictionary Review 1: Second Examples,Reviewed usage > Terrarav,Reviewed usage example,rinaen terrarav an thar-ian.,There is yearning for home in my heart.,Not reviewed in readiness audit,,
PE-DR2-0017,Dictionary Review 1: Second Examples,Reviewed usage > Zhirrathor,Reviewed usage example,rinaen zhirrathor an zhivor.,There is historical continuity in the family line.,Not reviewed in readiness audit,,
PE-ER2-0001,User-reviewed dictionary examples,"September 24, 2026",Teaching note: Idiomatic Phrase,talaen an thal,find balance,Not reviewed in readiness audit,,
PE-ER2-0002,User-reviewed dictionary examples,"September 24, 2026",Teaching note: Idiomatic Phrase,talaen an ohm,to find connection,Not reviewed in readiness audit,,
PE-ER2-0003,User-reviewed dictionary examples,"September 24, 2026",Teaching note: Idiomatic Phrase,Khumrel an thar,to listen to one's heart,Not reviewed in readiness audit,,
PE-ER2-0004,User-reviewed dictionary examples,"September 24, 2026",Teaching note: Noun Phrase,kelka an Kalrin,a king's decree,Not reviewed in readiness audit,,
PE-ER2-0005,User-reviewed dictionary examples,"September 24, 2026",Reviewed usage example,var tren serin an dren.,Three friends go to the water.,Not reviewed in readiness audit,,
PE-ER2-0006,User-reviewed dictionary examples,"September 24, 2026",Reviewed usage example,rinaen quen serin an teremil.,There are four friends at home.,Not reviewed in readiness audit,,
PE-ER2-0007,User-reviewed dictionary examples,"September 24, 2026",Reviewed usage example,rinaen quen trakor an xaror.,There are four boots in the room.,Not reviewed in readiness audit,,
PE-ER2-0008,User-reviewed dictionary examples,"September 24, 2026",Reviewed usage example,rinaen unar shalkor an xaror.,There is one lamp in the room.,Not reviewed in readiness audit,,
PE-ER2-0009,User-reviewed dictionary examples,"September 24, 2026",Reviewed usage example,dar unar morthera an vorkor.,One pack beast waits at the gate.,Not reviewed in readiness audit,,
PE-ER2-0010,User-reviewed dictionary examples,"September 24, 2026",Reviewed usage example,rinaen vok an belvok.,There is a bond in the family.,Not reviewed in readiness audit,,
PE-ER2-0011,User-reviewed dictionary examples,"September 24, 2026",Reviewed usage example,arth Ilin vok ser vaar.,We protect the bond with peace.,Not reviewed in readiness audit,,
PE-ER2-0012,User-reviewed dictionary examples,"September 24, 2026",Reviewed usage example,lorin belshara Ilin shan vethor.,Duty guides us through the shadow.,Not reviewed in readiness audit,,
PE-ER2-0013,User-reviewed dictionary examples,"September 24, 2026",Reviewed usage example,tal theon thal an Ilin.,The neutral person gives balance to us.,Not reviewed in readiness audit,,
PE-ER2-0014,User-reviewed dictionary examples,"September 24, 2026",Reviewed usage example,ver var I an dren.,I do not go to the water.,Not reviewed in readiness audit,,
PE-ER2-0015,User-reviewed dictionary examples,"September 24, 2026",Reviewed usage example,fahaen ser rethvok.,The friend fears chaos.,Not reviewed in readiness audit,,
PE-ER2-0016,User-reviewed dictionary examples,"September 24, 2026",Reviewed usage example,shalaen I rin an ser.,I see the essence in the friend.,Not reviewed in readiness audit,,
PE-ER2-0017,User-reviewed dictionary examples,"September 24, 2026",Reviewed usage example,rinaen thar-ian vaareth.,My heart is peaceful.,Not reviewed in readiness audit,,
PE-ER2-0018,User-reviewed dictionary examples,"September 24, 2026",Reviewed usage example,var I an shara.,I go on the path.,Not reviewed in readiness audit,,
PE-ER2-0019,User-reviewed dictionary examples,"September 24, 2026",Reviewed usage example,aen liorin lian.,The elder speaks truth.,Not reviewed in readiness audit,,
PE-ER2-0020,User-reviewed dictionary examples,"September 24, 2026",Reviewed usage example,pralaen I shara.,I make a path.,Not reviewed in readiness audit,,
PE-ER2-0021,User-reviewed dictionary examples,"September 24, 2026",Reviewed usage example,pralaen I khumrel an teremil.,I practice compassionate listening at home.,Not reviewed in readiness audit,,
PE-ER2-0022,User-reviewed dictionary examples,"September 24, 2026",Reviewed usage example,shalaen I zhirrathor an liankavor.,I see the thread to the past in the archive.,Not reviewed in readiness audit,,
PE-ER2-0023,User-reviewed dictionary examples,"September 24, 2026",Reviewed usage example,nethaen Azron an nethor.,The woman sits on the chair.,Not reviewed in readiness audit,,
PE-ER2-0024,User-reviewed dictionary examples,"September 24, 2026",Reviewed usage example,nethaen azon an nethor.,The feminine man sits on the chair.,Not reviewed in readiness audit,,
PE-ER2-0025,User-reviewed dictionary examples,"September 24, 2026",Reviewed usage example,"aen ser: ""ka.""",The friend says: 'No.',Not reviewed in readiness audit,,
PE-ER2-0026,User-reviewed dictionary examples,"September 24, 2026",Reviewed usage example,lorin nor shara-ian.,Time guides my path.,Not reviewed in readiness audit,,
PE-ER2-0027,User-reviewed dictionary examples,"September 24, 2026",Reviewed usage example,rinaen dren-ian shaleth thaal.,My water is the brightest.,Not reviewed in readiness audit,,
PE-ER2-0028,User-reviewed dictionary examples,"September 24, 2026",Reviewed usage example,fahaen ser thaal.,The friend fears the unknown.,Not reviewed in readiness audit,,
PE-ER2-0029,User-reviewed dictionary examples,"September 24, 2026",Reviewed usage example,arth Li-Seren kaleth.,The Respected Guardian defends the fortress.,Not reviewed in readiness audit,,
PE-ER2-0030,User-reviewed dictionary examples,"September 24, 2026",Reviewed usage example,var Li-Seren an Varthas.,The Respected Guardian goes to the city.,Not reviewed in readiness audit,,
PE-ER2-0031,User-reviewed dictionary examples,"September 24, 2026",Reviewed usage example,rinaen oven morthera an shara.,There are eight pack beasts on the path.,Not reviewed in readiness audit,,
PE-ER2-0032,User-reviewed dictionary examples,"September 24, 2026",Reviewed usage example,tal I shen an varadan.,I give currency to the merchant.,Not reviewed in readiness audit,,
PE-ER2-0033,User-reviewed dictionary examples,"September 24, 2026",Reviewed usage example,rinaen pral an arthaxar.,There is detail in the armor.,Not reviewed in readiness audit,,
PE-ER2-0034,User-reviewed dictionary examples,"September 24, 2026",Reviewed usage example,kes I pral an kareth.,I notice detail on the hammer.,Not reviewed in readiness audit,,
PE-ER2-0035,User-reviewed dictionary examples,"September 24, 2026",Reviewed usage example,lorin rin thar-ian.,Essence guides my heart.,Not reviewed in readiness audit,,
PE-ER2-0036,User-reviewed dictionary examples,"September 24, 2026",Reviewed usage example,rinaen veth morl verdmarin.,There is shade beneath the tree.,Not reviewed in readiness audit,,
PE-ER2-0037,User-reviewed dictionary examples,"September 24, 2026",Reviewed usage example,rinaen jor an mahrwel.,There is a surge in the current.,Not reviewed in readiness audit,,
PE-ER2-0038,User-reviewed dictionary examples,"September 24, 2026",Reviewed usage example,kes I jor an dralorim.,I notice a burst in the storm.,Not reviewed in readiness audit,,
PE-ER2-0039,User-reviewed dictionary examples,"September 24, 2026",Reviewed usage example,rinaen jek an neshmorl.,There is a spiral in the coral.,Not reviewed in readiness audit,,
PE-ER2-0040,User-reviewed dictionary examples,"September 24, 2026",Reviewed usage example,kes I jek an zhirin.,I notice a twist in the cord.,Not reviewed in readiness audit,,
PE-ER2-0041,User-reviewed dictionary examples,"September 24, 2026",Reviewed usage example,rinaen wek an eshnor.,There is a cycle in the weather.,Not reviewed in readiness audit,,
PE-ER2-0042,User-reviewed dictionary examples,"September 24, 2026",Reviewed usage example,sharaen Ilin wek an lun.,We follow the cycle of the moon.,Not reviewed in readiness audit,,
PE-ER2-0043,User-reviewed dictionary examples,"September 24, 2026",Reviewed usage example,rinaen wor an sov.,There is abundance in the field.,Not reviewed in readiness audit,,
PE-ER2-0044,User-reviewed dictionary examples,"September 24, 2026",Reviewed usage example,tal Terra wor an Ilin.,The Earth gives plenty to us.,Not reviewed in readiness audit,,
PE-ER2-0045,User-reviewed dictionary examples,"September 24, 2026",Reviewed usage example,tal krezor phel an Ilin.,The hearth gives warmth to us.,Not reviewed in readiness audit,,
PE-ER2-0046,User-reviewed dictionary examples,"September 24, 2026",Reviewed usage example,rinaen prak an belrin.,There is softness in the fabric.,Not reviewed in readiness audit,,
PE-ER2-0047,User-reviewed dictionary examples,"September 24, 2026",Reviewed usage example,kes I prak an rask.,I notice softness in the hide.,Not reviewed in readiness audit,,
PE-ER2-0048,User-reviewed dictionary examples,"September 24, 2026",Reviewed usage example,rinaen bros an brosmorl.,There is a layer in the slate.,Not reviewed in readiness audit,,
PE-ER2-0049,User-reviewed dictionary examples,"September 24, 2026",Reviewed usage example,kes I bros an sadar.,I notice a stratum in the sand.,Not reviewed in readiness audit,,
PE-ER2-0050,User-reviewed dictionary examples,"September 24, 2026",Reviewed usage example,rinaen bal an verdsov.,There is growth in the garden.,Not reviewed in readiness audit,,
PE-ER2-0051,User-reviewed dictionary examples,"September 24, 2026",Reviewed usage example,kes balral bal an sov.,The farmer notices growth in the field.,Not reviewed in readiness audit,,
PE-ER2-0052,User-reviewed dictionary examples,"September 24, 2026",Reviewed usage example,rinaen bren an sov.,The harvest is in the field.,Not reviewed in readiness audit,,
PE-ER2-0053,User-reviewed dictionary examples,"September 24, 2026",Reviewed usage example,vekaen morvek bren an varthas.,The wagon carries the harvest to the city.,Not reviewed in readiness audit,,
PE-ER2-0054,User-reviewed dictionary examples,"September 24, 2026",Reviewed usage example,rinaen jel an vilor.,There is flavor in the fruit.,Not reviewed in readiness audit,,
PE-ER2-0055,User-reviewed dictionary examples,"September 24, 2026",Reviewed usage example,dor I jel an venak.,I put zest in the stew.,Not reviewed in readiness audit,,
PE-ER2-0056,User-reviewed dictionary examples,"September 24, 2026",Reviewed usage example,rinaen xar esh mekor.,A cover is over the building.,Not reviewed in readiness audit,,
PE-ER2-0057,User-reviewed dictionary examples,"September 24, 2026",Reviewed usage example,dor seren xar an savin.,The guardian places a cover on the patient.,Not reviewed in readiness audit,,
PE-ER2-0058,User-reviewed dictionary examples,"September 24, 2026",Reviewed usage example,rinaen xil an dresh.,There is a shard in the crystal.,Not reviewed in readiness audit,,
PE-ER2-0059,User-reviewed dictionary examples,"September 24, 2026",Reviewed usage example,kes I xil an morl.,I notice a shard in the stone.,Not reviewed in readiness audit,,
PE-ER2-0060,User-reviewed dictionary examples,"September 24, 2026",Reviewed usage example,nor-var I an dren.,I will go to the water.,Not reviewed in readiness audit,,
PE-ER2-0061,User-reviewed dictionary examples,"September 24, 2026",Reviewed usage example,rinaen pel an peleth.,There is sharpness in the blade.,Not reviewed in readiness audit,,
PE-ER2-0062,User-reviewed dictionary examples,"September 24, 2026",Reviewed usage example,kes I pel an kareth.,I notice the cutting edge on the tool.,Not reviewed in readiness audit,,
PE-ER2-0063,User-reviewed dictionary examples,"September 24, 2026",Reviewed usage example,rinaen dresh jin an morl.,The crystal is rare in the mountain.,Not reviewed in readiness audit,,
PE-ER2-0064,User-reviewed dictionary examples,"September 24, 2026",Reviewed usage example,kes I emil jin an van.,I notice rare food in the market.,Not reviewed in readiness audit,,
PE-ER2-0065,User-reviewed dictionary examples,"September 24, 2026",Reviewed usage example,rinaen rav kaleth an kalravor.,There is a strong pull in the gravity pocket.,Not reviewed in readiness audit,,
PE-ER2-0066,User-reviewed dictionary examples,"September 24, 2026",Reviewed usage example,kes I rav an thar-ian.,I feel the pull in my heart.,Not reviewed in readiness audit,,
PE-ER2-0067,User-reviewed dictionary examples,"September 24, 2026",Reviewed usage example,shalaen I ohm an belvok.,I see the connection in the family.,Not reviewed in readiness audit,,
PE-ER2-0068,User-reviewed dictionary examples,"September 24, 2026",Reviewed usage example,var Ilin an khum.,We go to the listening circle.,Not reviewed in readiness audit,,
PE-ER2-0069,User-reviewed dictionary examples,"September 24, 2026",Reviewed usage example,rinaen khum an teremil.,There is reconciliation at home.,Not reviewed in readiness audit,,
PE-ER2-0070,User-reviewed dictionary examples,"September 24, 2026",Reviewed usage example,aen Li-Seren-en an Ilin.,The Respected Guardian speaks to us.,Not reviewed in readiness audit,,
PE-ER2-0071,User-reviewed dictionary examples,"September 24, 2026",Reviewed usage example,pralaen belkor an Azron nor-ka.,The tunic was made by the woman.,Not reviewed in readiness audit,,
PE-ER2-0072,User-reviewed dictionary examples,"September 24, 2026",Reviewed usage example,drenaen dren an felka nor-ka.,The water was drunk by the child.,Not reviewed in readiness audit,,
PE-ER2-0073,User-reviewed dictionary examples,"September 24, 2026",Reviewed usage example,rinaen morl maganeth.,The mountain is massive/heavy.,Not reviewed in readiness audit,,
PE-ER2-0074,User-reviewed dictionary examples,"September 24, 2026",Reviewed usage example,rinaen kal an kareth.,There is strength in the hammer.,Not reviewed in readiness audit,,
PE-ER2-0075,User-reviewed dictionary examples,"September 24, 2026",Reviewed usage example,tal Terra kal an Ilin.,The Earth gives strength to us.,Not reviewed in readiness audit,,
PE-ER2-0076,User-reviewed dictionary examples,"September 24, 2026",Reviewed usage example,lorin shara sharavok.,The path guides the caravan.,Not reviewed in readiness audit,,
PE-ER2-0077,User-reviewed dictionary examples,"September 24, 2026",Reviewed usage example,aen I kelka an ser.,I speak a word to the friend.,Not reviewed in readiness audit,,
PE-ER2-0078,User-reviewed dictionary examples,"September 24, 2026",Reviewed usage example,var ser an dren.,The friend goes to the water.,Not reviewed in readiness audit,,
PE-ER2-0079,User-reviewed dictionary examples,"September 24, 2026",Reviewed usage example,shalaen I zhir an belvok.,I see the thread [lineage] in the family.,Not reviewed in readiness audit,,
PE-ER2-0080,User-reviewed dictionary examples,"September 24, 2026",Reviewed usage example,rinaen zhir an norzhir.,There is a thread in the timeline.,Not reviewed in readiness audit,,
PE-SP2-0001,Second-pass dictionary review,Reviewed replacement examples,Reviewed usage example,vanesh varadan ser Ya.,The merchant trades with you.,Not reviewed in readiness audit,,
PE-SP2-0002,Second-pass dictionary review,Reviewed replacement examples,Reviewed usage example,nor-var I an Eshvan.,I will go to the shop.,Not reviewed in readiness audit,,
PE-SP2-0003,Second-pass dictionary review,Reviewed replacement examples,Reviewed usage example,nor-var varadan var Ya ser shenakar.,The merchant will come to you with coinage.,Not reviewed in readiness audit,,
PE-SP2-0004,Second-pass dictionary review,Reviewed replacement examples,Reviewed usage example,rinaen theren an kaleth kaveth.,The village is at the old fortress.,Not reviewed in readiness audit,,
PE-SP2-0005,Second-pass dictionary review,Reviewed replacement examples,Reviewed usage example,ra rinaen emil an tera?,Is the meal at home?,Not reviewed in readiness audit,,
PE-SP2-0006,Second-pass dictionary review,Reviewed replacement examples,Reviewed usage example,drenvaraen eshnor. rinaen eshweknor belwek.,Weather changes. Climate is a recurring pattern.,Not reviewed in readiness audit,,
PE-SP2C-0001,Second-pass dictionary review,Lexical coverage batch 1,Reviewed usage example,var kadon an teremil.,The masculine woman goes home.,Not reviewed in readiness audit,,
PE-SP2C-0002,Second-pass dictionary review,Lexical coverage batch 1,Reviewed usage example,Zhilva!,Hello!,Not reviewed in readiness audit,,
PE-SP2C-0003,Second-pass dictionary review,Lexical coverage batch 1,Reviewed usage example,Amthaen!,Hi!,Not reviewed in readiness audit,,
PE-SP2C-0004,Second-pass dictionary review,Lexical coverage batch 1,Reviewed usage example,Nekvar!,Good morning!,Not reviewed in readiness audit,,
PE-SP2C-0005,Second-pass dictionary review,Lexical coverage batch 1,Reviewed usage example,Kelithor!,Good afternoon!,Not reviewed in readiness audit,,
PE-SP2C-0006,Second-pass dictionary review,Lexical coverage batch 1,Reviewed usage example,Tlosen!,Good evening!,Not reviewed in readiness audit,,
PE-SP2C-0007,Second-pass dictionary review,Lexical coverage batch 1,Reviewed usage example,Jexhaer!,Good night!,Not reviewed in readiness audit,,
PE-SP2C-0008,Second-pass dictionary review,Lexical coverage batch 1,Reviewed usage example,Revalen!,Farewell!,Not reviewed in readiness audit,,
PE-SP2C-0009,Second-pass dictionary review,Lexical coverage batch 1,Reviewed usage example,Zharinor!,See you soon!,Not reviewed in readiness audit,,
PE-SP2C-0010,Second-pass dictionary review,Lexical coverage batch 1,Reviewed usage example,Vrekthael!,Greetings!,Not reviewed in readiness audit,,
PE-SP2C-0011,Second-pass dictionary review,Lexical coverage batch 1,Reviewed usage example,rinaen vial an thar-ian.,There is joy in my heart.,Not reviewed in readiness audit,,
PE-SP2C-0012,Second-pass dictionary review,Lexical coverage batch 1,Reviewed usage example,drenselaen I aenvor-ian.,I wash my nose.,Not reviewed in readiness audit,,
PE-SP2C-0013,Second-pass dictionary review,Lexical coverage batch 2,Reviewed usage example,rinaen aiv an sorl-ian.,There is pain in my neck.,Not reviewed in readiness audit,,
PE-SP2C-0014,Second-pass dictionary review,Lexical coverage batch 2,Reviewed usage example,drenselaen I kalvar-ian.,I wash my arm.,Not reviewed in readiness audit,,
PE-SP2C-0015,Second-pass dictionary review,Lexical coverage batch 2,Reviewed usage example,keshenaen zhaelral sharvar-ian.,The healer examines my leg.,Not reviewed in readiness audit,,
PE-SP2C-0016,Second-pass dictionary review,Lexical coverage batch 2,Reviewed usage example,drenselaen I morlka-ian.,I wash my foot.,Not reviewed in readiness audit,,
PE-SP2C-0017,Second-pass dictionary review,Lexical coverage batch 2,Reviewed usage example,nethaen I an terlin.,I rest on the beach.,Not reviewed in readiness audit,,
PE-SP2C-0018,Second-pass dictionary review,Lexical coverage batch 2,Reviewed usage example,var I an lorash.,I go to the shrine.,Not reviewed in readiness audit,,
PE-SP2C-0019,Second-pass dictionary review,Lexical coverage batch 2,Reviewed usage example,moraen I an norvaar.,I stand at the time gateway.,Not reviewed in readiness audit,,
PE-SP2C-0020,Second-pass dictionary review,Lexical coverage batch 2,Reviewed usage example,rinaen terradren an theren.,There is fertile soil in the village.,Not reviewed in readiness audit,,
PE-SP2C-0021,Second-pass dictionary review,Lexical coverage batch 2,Reviewed usage example,shalaen I drenshal an terlin.,I see a reflective pool on the beach.,Not reviewed in readiness audit,,
PE-SP2C-0022,Second-pass dictionary review,Lexical coverage batch 2,Reviewed usage example,shalaen I terraesh thal terlin.,I see the horizon from the beach.,Not reviewed in readiness audit,,
PE-SP2C-0023,Second-pass dictionary review,Lexical coverage batch 2,Reviewed usage example,aen liana var I.,The lady speaks to me.,Not reviewed in readiness audit,,
PE-SP2C-0024,Second-pass dictionary review,Lexical coverage batch 2,Reviewed usage example,aen lorinen var I an lorash.,The honored guide speaks to me at the shrine.,Not reviewed in readiness audit,,
PE-SP2C-0025,Second-pass dictionary review,Lexical coverage batch 2,Reviewed usage example,Mmm.,Hmm (considering).,Not reviewed in readiness audit,,
PE-SP2C-0026,Second-pass dictionary review,Lexical coverage batch 2,Reviewed usage example,var I an evan. vara vanesh I emil.,I go to the market. Then I trade food.,Not reviewed in readiness audit,,
PE-SP2C-0027,Second-pass dictionary review,Lexical coverage batch 2,Reviewed usage example,var I an evan. thalka ver vanesh I emil.,"I go to the market, but I do not trade food.",Not reviewed in readiness audit,,
PE-SP2C-0028,Second-pass dictionary review,Lexical coverage batch 2,Reviewed usage example,var I an evan. var Ya sera an evan.,I go to the market. You also go to the market.,Not reviewed in readiness audit,,
PE-SP2C-0029,Second-pass dictionary review,Lexical coverage batch 2,Reviewed usage example,shalaen I tek unar ser.,I see only one friend.,Not reviewed in readiness audit,,
PE-SP2C-0030,Second-pass dictionary review,Lexical coverage batch 2,Reviewed usage example,rathka rinaen I lorinen!,As if I were an honored guide!,Not reviewed in readiness audit,,
PE-SP2C-0031,Second-pass dictionary review,Lexical coverage batch 2,Reviewed usage example,Lialor'ka?,Really?,Not reviewed in readiness audit,,
PE-SP2C-0032,Second-pass dictionary review,Lexical coverage batch 2,Reviewed usage example,reth‘thal nor-var I an evan.,Perhaps I will go to the market.,Not reviewed in readiness audit,,
PE-SP2C-0033,Second-pass dictionary review,Lexical coverage batch 2,Reviewed usage example,Lia‘ser.,Understood.,Not reviewed in readiness audit,,
PE-SP2C-0034,Second-pass dictionary review,Lexical coverage batch 2,Reviewed usage example,Lian'lia!,Exactly!,Not reviewed in readiness audit,,
PE-SP2C-0035,Second-pass dictionary review,Lexical coverage batch 2,Reviewed usage example,Verka!,Absolutely not!,Not reviewed in readiness audit,,
PE-SP2C-0036,Second-pass dictionary review,Lexical coverage batch 2,Reviewed phrase,anen morlak.,Your bread.,Not reviewed in readiness audit,,
PE-SP2C-0037,Second-pass dictionary review,Lexical coverage batch 2,Reviewed usage example,rinaen kelvor-eshen kadreneth.,Their mouth is dry.,Not reviewed in readiness audit,,
PE-SP2C-0038,Second-pass dictionary review,Lexical coverage batch 2,Reviewed phrase,velian morlak.,Our bread.,Not reviewed in readiness audit,,
PE-SP2C-0039,Second-pass dictionary review,Lexical coverage batch 2,Reviewed usage example,rinaen rathorim an lorash.,There is an act of remembrance at the shrine.,Not reviewed in readiness audit,,
PE-SP2C-0040,Second-pass dictionary review,Lexical coverage batch 2,Reviewed usage example,rinaen fah'thar an thar-ian.,There is grief in my heart.,Not reviewed in readiness audit,,
PE-SP2C-0041,Second-pass dictionary review,Lexical coverage batch 2,Reviewed usage example,rinaen vel'rathor an thar-ian.,There is an enduring memory in my heart.,Not reviewed in readiness audit,,
PE-SP2C-0042,Second-pass dictionary review,Lexical coverage batch 2,Reviewed usage example,rathorimaen I ser.,I remember the friend.,Not reviewed in readiness audit,,
PE-SP2C-0043,Second-pass dictionary review,Lexical coverage batch 2,Reviewed usage example,fah'tharaen I ser.,I mourn the friend.,Not reviewed in readiness audit,,
PE-SP2C-0044,Second-pass dictionary review,Lexical coverage batch 2,Reviewed usage example,rinaen ohm'rin an lorash.,There is attunement at the shrine.,Not reviewed in readiness audit,,
PE-SP2C-0045,Second-pass dictionary review,Lexical coverage batch 2,Reviewed usage example,rinaen thal'vok an lorash.,There is harmonious unity at the shrine.,Not reviewed in readiness audit,,
PE-SP2C-0046,Second-pass dictionary review,Lexical coverage batch 2,Reviewed usage example,ohm'aen I Ya.,I attune to you.,Not reviewed in readiness audit,,
PE-SP2C-0047,Second-pass dictionary review,Lexical coverage batch 2,Reviewed usage example,thal'vokaen lorinen belvok.,The honored guide brings the family into harmony.,Not reviewed in readiness audit,,
PE-SP2C-0048,Second-pass dictionary review,Lexical coverage batch 2,Reviewed usage example,rinaen shal'taleth an lorash.,There is a light-offering ritual at the shrine.,Not reviewed in readiness audit,,
PE-SP2C-0049,Second-pass dictionary review,Lexical coverage batch 2,Reviewed usage example,rinaen bel'rathorimeth an lorash.,There is a memory-weaving ritual at the shrine.,Not reviewed in readiness audit,,
PE-SP2C-0050,Second-pass dictionary review,Lexical coverage batch 2,Reviewed usage example,rinaen aen'moreth an lorash.,There is a breath-into-stone ritual at the shrine.,Not reviewed in readiness audit,,
PE-SP2C-0051,Second-pass dictionary review,Lexical coverage batch 2,Reviewed usage example,rinaen lorin'ohmeth an lorash.,There is a guidance-seeking ritual at the shrine.,Not reviewed in readiness audit,,
PE-SP2C-0052,Second-pass dictionary review,Lexical coverage batch 2,Reviewed usage example,thal'talaen I emil an lorash.,I relinquish food at the shrine.,Not reviewed in readiness audit,,
PE-SP2C-0053,Second-pass dictionary review,Lexical coverage batch 2,Reviewed usage example,rinaen thal'taleth an lorash.,There is a sacrifice ritual at the shrine.,Not reviewed in readiness audit,,
PE-SP2C-0054,Second-pass dictionary review,Lexical coverage batch 2,Reviewed usage example,rinaen thar'taleth an lorash.,There is a heart-sacrifice ritual at the shrine.,Not reviewed in readiness audit,,
PE-SP2C-0055,Second-pass dictionary review,Lexical coverage batch 2,Reviewed usage example,rinaen arthen'taleth an lorash.,There is a sacrifice-for-destiny ritual at the shrine.,Not reviewed in readiness audit,,
PE-SP2C-0056,Second-pass dictionary review,Lexical coverage batch 2,Reviewed usage example,rinaen kor'taleth an lorash.,There is an offering-to-a-power-source ritual at the shrine.,Not reviewed in readiness audit,,
PE-SP2C-0057,Second-pass dictionary review,Lexical coverage batch 2,Reviewed usage example,"aen ser ""varkareth"" var mekral.",The friend says “metal-mover” to the mechanic.,Not reviewed in readiness audit,,
PE-SP2C-0058,Second-pass dictionary review,Lexical coverage batch 2,Reviewed usage example,"aen ser ""drenkaesh"" var varadan.",The friend says “water-waster” to the merchant.,Not reviewed in readiness audit,,
PE-SP2C-0059,Second-pass dictionary review,Lexical coverage batch 2,Reviewed usage example,"aen ser ""tharfah"" var lorinen.",The friend says “weak-hearted” to the honored guide.,Not reviewed in readiness audit,,
PE-SP2C-0060,Second-pass dictionary review,Lexical coverage batch 2,Reviewed usage example,"aen ser ""krez-verin"" var varadan.",The friend says “ash-breather” to the merchant.,Not reviewed in readiness audit,,
PE-SP2C-0061,Second-pass dictionary review,Lexical coverage batch 2,Reviewed usage example,"aen ser ""rathorkinash"" var lorinen.",The friend says “ancient-prattler” to the honored guide.,Not reviewed in readiness audit,,
PE-SP2C-0062,Second-pass dictionary review,Lexical coverage batch 2,Reviewed usage example,"aen ser ""vethordrenka"" var varadan.",The friend says “shadow-water leech” to the merchant.,Not reviewed in readiness audit,,
PE-SP2C-0063,Second-pass dictionary review,Lexical coverage batch 2,Reviewed usage example,"aen ser ""morl-karash"" var mekral.",The friend says “stone-brained” to the mechanic.,Not reviewed in readiness audit,,
PE-SP2C-0064,Second-pass dictionary review,Lexical coverage batch 2,Reviewed usage example,rinaen verin serin an lorash.,There are zero friends at the shrine.,Not reviewed in readiness audit,,
PE-SP2C-0065,Second-pass dictionary review,Lexical coverage batch 2,Reviewed usage example,var senar serin an evan.,Six friends go to the market.,Not reviewed in readiness audit,,
PE-SP2C-0066,Second-pass dictionary review,Lexical coverage batch 2,Reviewed usage example,nethaen sethe serin an lorash.,Seven friends rest at the shrine.,Not reviewed in readiness audit,,
PE-SP2C-0067,Second-pass dictionary review,Lexical coverage batch 2,Reviewed usage example,var nevar serin an terlin.,Nine friends go to the beach.,Not reviewed in readiness audit,,
PE-SP2C-0068,Second-pass dictionary review,Lexical coverage batch 2,Reviewed usage example,var I an evan nor kinn.,I go to the market during the day.,Not reviewed in readiness audit,,
PE-SP2C-0069,Second-pass dictionary review,Lexical coverage batch 2,Reviewed usage example,rinaen dren shaleth.,The water is bright.,Not reviewed in readiness audit,,
PE-SP2C-0070,Second-pass dictionary review,Lexical coverage batch 2,Reviewed usage example,shalaen I shal'taleth an lorash.,I see a light-offering ritual at the shrine.,Not reviewed in readiness audit,,
